:100000006F40D074130000001300000013000000C4
:100010001300000013000000130000001300000094
:100020001300000013000000130000001300000084
:08003000130000007300100032
:1000380000000000000000004A2900004E290000CE
:1000480000000000924E00000000000000000000C8
:10005800944E0000964E00000000000000000000D2
:10006800E08E000000000000000200000000000018
:100078009C4E00009E4E0000A04E0000EA8000004A
:10008800A44E0000A64E0000A84E0000AA4E000094
:10009800AC4E0000AE4E0000B04E0000F67B0000F3
:1000A800C47C0000B64E0000927D0000607E000017
:1000B800BC4E0000BE4E0000BC790000C24E0000DD
:1000C800C44E0000C64E0000C84E0000D4290000EF
:1000D800CC4E0000CE4E0000D04E0000D24E0000A4
:1000E800342B0000D64E000076840000DA4E000063
:1000F800DC4E0000DE4E0000E04E0000E24E000044
:10010800B4820000E64E0000628B0000EA4E000058
:10011800EC4E0000EE4E0000F04E0000F24E0000E3
:1001280044850000F64E0000F84E0000FA4E00002C
:10013800FC4E0000FE4E000012860000024F000038
:10014800308C0000064F0000084F00000A4F0000E6
:100158000C4F00000E4F0000104F0000124F00001F
:10016800144F0000A82A0000184F00001A4F000082
:100178001C4F00001E4F0000204F0000224F0000BF
:10018800244F0000264F0000284F00002A4F00008F
:100198002C4F00002E4F0000304F0000324F00005F
:1001A800344F0000364F0000384F00003A4F00002F
:1001B8003C4F00003E4F0000404F0000424F0000FF
:1001C800444F0000464F0000484F00004A4F0000CF
:1001D8000000000000000000000000000000000017
:1001E8000000000000000000000000000000000007
:0801F8000000000000000000FF
:10020000130181F806C216C41AC61EC822CA26CC1B
:100210002ACE2ED032D236D43AD63ED842DA46DC76
:100220004ADECEC0D2C2D6C4DAC6DEC8E2CAE6CC46
:10023000EACEEED0F2D2F6D4FAD6FED8F3220030CF
:1002400096DA83A281A023A02200F32510342EC0C9
:100250009305000273A0458003A14188EFA0E0252B
:1002600003A381A003210300824273901234D6526B
:10027000739002309240A2423243C2435244E2445D
:10028000724582551256A2563257C2575258E258FA
:1002900072598649164AA64A364BC64B564CE64C0E
:1002A000764D865D165EA65E365FC65F13018107DA
:1002B0007300203013000000130000001300000042
:1002C00013000000130000001300000013000000E2
:1002D00013000000130000001300000013000000D2
:1002E00013000000130000001300000013000000C2
:1002F00013000000130000001300000013000000B2
:1003000083A24188938202E07390023403A181A00A
:10031000024182403243C2435244E2447245825514
:100320001256A2563257C2575258E258725986494D
:10033000164AA64A364BC64B564CE64C764D865D61
:10034000165EA65E365FC65FD652A102739002307B
:10035000A2421301810782801300000013000000F5
:100360001300000013000000130000001300000041
:100370001300000013000000130000001300000031
:100380001300000013000000130000001300000021
:100390001300000013000000130000001300000011
:1003A0001300000013000000130000001300000001
:1003B00013000000130000001300000013000000F1
:1003C00013000000130000001300000013000000E1
:1003D00013000000130000001300000013000000D1
:1003E00013000000130000001300000013000000C1
:1003F00013000000130000001300000013000000B1
:10040000F322003093F272FF130380781203B3E2F9
:100410006200711523205500130585FA10C12115BE
:10042000232005009302000063870200711523203A
:100430000500FD12D5BF71150CC1828000000000BF
:1004400000000000000000000000000000000000AC
:10045000000000000000000000000000000000009C
:10046000000000000000000000000000000000008C
:10047000000000000000000000000000000000007C
:10048000000000000000000000000000000000006C
:10049000000000000000000000000000000000005C
:1004A000000000000000000000000000000000004C
:1004B000000000000000000000000000000000003C
:1004C000000000000000000000000000000000002C
:1004D000000000000000000000000000000000001C
:1004E000000000000000397101436EC619A0397187
:1004F00041536AC866CA62CC5ECE19A039710153F5
:100500005AD056D252D44ED64AD826DA22DC06DE4B
:1005100033016140828241114AC026C222C406C60C
:100520008282B24D4101024D924C224CB24B4101AC
:10053000024B924A224AB249410102499244224462
:10054000B240410182803D432A876373C30293779F
:10055000F700BDEFADE5937606FF3D8ABA960CC372
:100560004CC30CC74CC74107E36BD7FE11E2828036
:10057000B306C3408A069702000096966780A600DD
:100580002307B700A306B7002306B700A305B700EB
:100590002305B700A304B7002304B700A303B700E3
:1005A0002303B700A302B7002302B700A301B700DB
:1005B0002301B700A300B7002300B700828093F5A2
:1005C000F50F93968500D58D93960501D58D61B76E
:1005D000939627009702000096968682E78086FA17
:1005E0009680C1171D8F3E96E374C3F8A5B7EFF24E
:1005F000FFF0329793140701B689AE96C180C20608
:100600002687C1822A8A2E893284EF00C07D01EDBF
:1006100005B7228605040147CE86CA855285420465
:10062000EF00C06A4180E39684FEDDB7EFF2BFEED3
:100630001C418145902B8347850348593306F602B8
:100640000E061137DDBDA1471CA1138501B08280C4
:10065000EFF27FEC3687AE84B286B715000037160E
:100660000000411113060616938545232A84EF00E6
:10067000905C1305F100C13F9087B7160000AA8572
:100680002687938606E12285EF00D012410175B5D9
:10069000AA959C218831A2073E954205418182801E
:1006A00001458280EFF23FE79C21AE842A841CA1A1
:1006B0009C311CB1BC213CA1BC313CB1DC215CA112
:1006C000DC315CB1FC217CA1FC317CB19C251CA5FA
:1006D0009C351CB5BC253CA5BC353CB5DC255CA5D2
:1006E000DC355CB5FC257CA5FC357CB59C29C54575
:1006F0001CA92685713F2AA8CD452685513F4AA8C9
:10070000D545268571376AA80DBD10410348C5003F
:100710001C223307B8001377F70FB3D607419D4764
:1007200063ECE70093F7F60F58A57D553315B50038
:100730001345F5FF7D8D8280930716001CC11C3286
:10074000214633060641B397C700D58F611793F74B
:10075000F70F1377F70FC9BFEFF2FFDB2CD18345FB
:100760008507930405062A84230605062685713F1E
:10077000834594072305A4062685413F8347240922
:10078000A305A4062307F40693B71700A307F406EE
:100790006DB3EFF25FD82E848D3F7D148547B397FC
:1007A00087001D8D6205618549BB8547638CF60016
:1007B00091C68947638AF6000D8D11A032954205D6
:1007C000418182802E95E5BF118DD5BF8547638C11
:1007D000F60091C68947638AF600329511A02E95DE
:1007E000420541818280118DE5BF0D8DD5BFEFF2AD
:1007F0009FCF834485060349950641112A84AE891B
:10080000328B834BA40693FAF90F338A9B40137AF9
:10081000FA0F63743A01937AFA0F03470407939C23
:100820008401131C89010355440693DC8C41135C3D
:100830008C41BA866286E6853AC6493F3247835D77
:1008400064066286BA862A8DE6856E85B93F2A8659
:10085000324763080B028347E4062309F408D6866F
:10086000EA852285A521CE9493F4F40F63E1490330
:10087000B3847441050993F9F40F1379F90F814496
:1008800049B78347D406E5F38347F406F9B7230451
:100890009406A3048407410169B1EFF25FC52A847D
:1008A000130A0506553D8345A40752858309B406FE
:1008B000CD358345B4072A8C5285E13D8345C40775
:1008C0002A8B5285F9358304A406AA8A635D9008B1
:1008D0004E9B834B0407330B604103554406620B68
:1008E000135B8B41DE865A86E285CD352312A40642
:1008F0002A89035564065A86DE86E2857D352313F0
:10090000A40685472A86638CFB0663800B0689470D
:100910006387FB088D47638BFB0A2A87CA86CA85D3
:100920002285D12129C123140406834564075285F9
:10093000E93B834574072A895285C13BAA84014655
:10094000CA8522856D35A685228505464D358545A6
:100950005285653B6DF583079406E3C837FD8347F1
:10096000E4062309F40856857DBECA9493960401D3
:10097000B304350113970401C18241834DB7B30716
:100980003941AA94050993160901139704018507B3
:10099000C1824183139907011359090149B70547DA
:1009A000B3049740B3079900330737419304190004
:1009B00093960401B305E500930415001397040111
:1009C00013960501C18241834182E9B7B304954082
:1009D00013061500B3063901850413170601C20674
:1009E00013960401C1824183418215BF3C4D130718
:1009F000F00FDD076368B70213070006637DB700D9
:100A000003578508BA97983335C39423E39CB6FE01
:100A100013852700828013070004E376B7FE03578F
:100A20006508CDB7EFF23FAF0354A508AE843E94FE
:100A3000228981454A85A9392A9489454A85893977
:100A40001109E36895FE1C301820A207D98F13976F
:100A50008700A183D98FC207C18399CB6395F40026
:100A600013053400D9BC3C203E94F1BF014582807F
:100A70000145CDBFEFF23FAA2A848D3F0DC5AA855F
:100A80002285D9398345A4079304040626851133AA
:100A90008345B4072308A4082685E5398345C407A0
:100AA0002685C53959BC0145F5BFEFF25FA4230582
:100AB0000506AA84AE8AE12BC167130900FC014A2E
:100AC0000144138BF7FF9389E7FF930B00FC83C569
:100AD0000A00DC4026858297AA8563036503850AA0
:100AE000E30735FF26857937131A0501135A0A01E2
:100AF0006314790103890409529442044180C1BFFF
:100B00008387A40691CF03870409BA973E943304E0
:100B1000444142044180635520014A94420441808B
:100B2000228511B4A306B5068280EFF23F9D83476C
:100B3000050705472A842E89B284B689638EE702A9
:100B400095C709476382E7040D476383E704CE85B1
:100B500023122407231394062285493DAA850145C3
:100B600089C522851D3B42054181D9B27C4D8297C2
:100B7000AA94C204C180E1BF7C4D82973309A94089
:100B8000420913590901E1B77C4D8297898CD5B789
:100B90007C4D82972A99EDB7EFF27F954169AA8C37
:100BA0002E84B284B689130AF9FFD521014C791934
:100BB000854A094B8D4B83A74C0083C50900668588
:100BC0008297AA86630345058509E30625FF2686E5
:100BD000A2856685993F83C70C076380570391CB35
:100BE00063816703638177032A9C420C135C0C01C9
:100BF000D9B72A9442044180C5BFAA94C204C180D7
:100C0000E5B7098CC5BF898CD5BF62856FF0BF91F0
:100C1000EFF27F90B7170000938747FF5CC1AD3FAD
:100C20006FF0BF913C4DA9CB03061508830625083C
:100C30008347D5082307C508A307D50895CF0547DF
:100C4000639FE700830735086354F6002307F50820
:100C50008307450863D2D702A307F508828083077C
:100C6000E50703070508BA976354F6002307F5085C
:100C70006354D700A307E5088280B7070000938775
:100C8000076A7CCD8280384D630DB700EFF2BF88D4
:100C90002A842CCC130545073134228561376FF047
:100CA000DF898280EFF23F87B7170000938747FF05
:100CB0005CC1E53B6FF07F88EFF2FF857E3D1D8EC6
:100CC0005C554206418282976FF03F878347C50893
:100CD000C1CBD9C6854763F9D70089476317F706A3
:100CE0008505958DC205C181058B25EF8357C50408
:100CF0006368F6068357E5046374F606AE96C2068B
:100D0000C182835785040358A50463F9B60463F6CA
:100D100005059306F8FFC206C18263F3D704BE88B7
:100D200063F3B700AE8893950801C181C28763F36E
:100D30000601B687B386B740C206C182EFF2AFFDA7
:100D40001C599C4782976FF04FFF8D47E31EF7F8C1
:100D50000506158E4206418241BFBE85E3EF05FBC5
:100D6000828083578504E3EDF5FE8357A504E3F9FC
:100D7000F5FEB296C206C1828357C5040358E50446
:100D800063F9C602637606039306F8FFC206C182C2
:100D9000E3F8D7FCBE8863F3C700B2881396080156
:100DA0004182C28763F30601B687B386C74069B73D
:100DB0003E86E36F06FD6DB7894763E5B7002309FB
:100DC000B508828085472309F50882806379B600DB
:100DD00085476364D500B3B7C6003E858280E36C67
:100DE000D5FE8147DDBFEFF20FF32A84AE84835531
:100DF000E5040355C5043689BA86C93F01C9835540
:100E0000A40403558404CA862686C9376FF0EFF21E
:100E100003432509937876008547339817011378A3
:100E2000F80F014E63E56700428E6309F304032364
:100E30000500619A5C5903430301330666024206CA
:100E40004182B295BE950DCF05479C218508FD16C0
:100E5000B367FE00B347F800C2069CA193F8780080
:100E6000C18263900804323D83472509B2956365CA
:100E7000F700054E638EE70205481DA8014845BFEF
:100E8000AE96C206C1829C218505B367FE00B347BA
:100E9000F800A38FF5FE93970501C183E395D7FE74
:100EA000828093171E00060813FEF70F1378F80FC1
:100EB000C9FE8280834585031441834895031397B7
:100EC00005014183931737005EBD9C2A13980801E2
:100ED000135808018E073EBD931738007EBD903A27
:100EE000C6956356B60033070641420741830E0795
:100EF0002310F504BA972311F504DE2A2312F50412
:100F0000FE2A2313F5048280EFF2EFE065376FF0DD
:100F1000CFE2EFF24FE04D336FF02FE2EFF2AFDFB1
:100F20000357650583562505035645058355050575
:100F30002A84553D09E5230604086FF00FE0854734
:100F40002306F40803578404835704056374F700E9
:100F50002314F404835724050357A40463F4E7001F
:100F60002315F404835744050357C4046374F7003E
:100F70002316F404835764050357E404E3FFE7FAF8
:100F80002317F4045DBFEFF20FD903574504231470
:100F900005042315E504384178C549376FF0EFD9CA
:100FA000EFF26FD71C59417738C9DC4378C9829773
:100FB0006FF0AFD8EFF22FD693071010230CC502B5
:100FC000A30C0502A3060506A3060508A308050849
:100FD0002319F5081C4354D54CD918D9232C0504E2
:100FE0002A84829722856D3F228541392308040691
:100FF0006FF0AFD4D1C9A9476388F50803476502EC
:101000002DE79307B00F63FAB70095472303F50266
:1010100085890EB1C165F915B9A09307700F63F703
:10102000B70091472303F5028D89E5B79307F00ECA
:1010300063F7B7008D472303F5029D89D9BF930756
:10104000F00D63F7B70089472303F502BD89D1B7D7
:101050009307F00B63F7B70085472303F502FD897B
:101060004DBFC205C1812E8582801E3193F5F503E7
:101070007D179A07DD8DC2051377F70FC181230312
:10108000E5020EB16DD379B7C165FD15E9BF230344
:1010900005028280EFF22FC81C492E8681469305F7
:1010A000000282976FF06FC9EFF2EFC61C49B2865B
:1010B0002E86DD4582976FF04FC8EFF2CFC5411104
:1010C000CC871306F1008545C53741016FF0EFC6A7
:1010D000EFF26FC45C452E868146D54582976FF04E
:1010E000CFC5EFF24FC35C45B2862E86DD458297B1
:1010F0006FF0AFC4EFF28FC04111AA842E845D4916
:10110000E549130AE00FD54A0C20638C2503636779
:10111000B90063F0550341016FF08FC163FBB90261
:10112000E39B45FF1030930590022685D087E92484
:1011300039A01030DC448146D08726858297090487
:10114000E1B71C301306F10085452685DC87513F49
:10115000FDB7DC44814601462685050482976DB7BC
:101160009387C5FE93F7F70F15476362F704EFF215
:101170008FBA61678A071307C77CBA979C434111EE
:101180003289AE842A84828781452937CA8522859F
:101190002D37054541016FF04FBA854536C6DD3D17
:1011A000B2461C484A86A68522858297E5B7014546
:1011B0008280EFF2AFB42E84CC212A89B2898E05C9
:1011C00093F5F50393E50504213783C569004A8546
:1011D00093E5850BF53D7C20A1CF542058309387B3
:1011E000860093F7870F958F93F7F70F9375F70F97
:1011F00063F4E70093F5F70FAE960D8F10408E0560
:1012000093F4F50FA68554A058B04A85D93D0C40FB
:101210005C30AE9404C091EB83A709001CC083C767
:1012200049005CB07C20FD177CA05C209D8BC5F73D
:101230006FF00FB0EFF22FAEA94741112A84638CF3
:10124000F50863EAB700A5476381F5088144268560
:1012500041016FF08FAEAD476381F50CBD47E39759
:10126000F5FE9C423689D4323EC4835749005087EC
:1012700013978700A183D98F7C869D4763E1D702AE
:101280005C4581460546E14582974A862C002285C9
:101290000D375C4481460146E545228582971886D4
:1012A000BD478544E3E5E7FA5C4481460946E145EC
:1012B000228582974A862C002285E53D5C44814642
:1012C0000146E5452285829759B7E1659385457EBC
:1012D00065208544ADBF75205C4481460546E145E7
:1012E000228582979385C185228529355C44814674
:1012F0000146E545228582975C44E14581460946E1
:10130000228582979385C1852285ED335C44814691
:101310000146E545228582976DBF5C4581461DE605
:101320000546E1458297938501862285E1335C4439
:1013300081460146E545228582975C44E145814628
:10134000094622858297938501867DBF0546E14542
:101350008297938541862285713B5C448146014694
:10136000E545228582975C44E14581460946228510
:1013700082979385418649BF0CC1BC292301F502A0
:101380008280EFF24F995C498146014693058002C5
:101390002A8482975C4481460146D1452285829702
:1013A000228505469305B00481281C4022859305BB
:1013B0009002D0239120228501469305B0042D2868
:1013C0001C40228593059002D0233D2022850546AE
:1013D0009305B00415201C40930590022285D0335C
:1013E00021286FF08F95EFF20F931C45814601463F
:1013F000A54582976FF06F94EFF2EF915C498146BB
:1014000082976FF08F9301458280B7170000938712
:1014100067401CC55CC51CC95CC9FD57232005007D
:10142000A301050223030502232C05002302F50274
:101430002304F5028280EFF20F8E41112A842EC61A
:1014400032C436C23AC0D137B2452246924602472C
:101450000CC450C414C858C82285713741016FF0BC
:10146000CF8D370500201305855282800545828087
:10147000EFF26F8A854741112A8663F5A7008D47F1
:1014800063E6A702B707002083A5875237950000BF
:1014900074001305253102C6EF90506B01C9B247A5
:1014A00091C7B7E700E0116723A0E7200545410198
:1014B0006FF0AF88EFF22F86B70700202A8403A5CC
:1014C00087527D57814605468D45EF70D03A854756
:1014D000630FF50011C98947630BF5008D47630859
:1014E000F50005456FF06F8523200400DDBF08C0BF
:1014F000CDBFEFF24F82B707002083A5875341117C
:1015000037950000740005461305253102C6EF909B
:10151000F06301C9B24791C7B7E700E0116723A0A4
:10152000E72041016FF06F81EFE2FFFEB705002079
:1015300003C75553B707002093855553238AE752B5
:10154000B707002003A5C752EF70205583A78190ED
:1015500082976FE09FFE3705002013058553828038
:1015600037050020130505538280EFE2DFFA854737
:101570006382F60489476383F60401478146370492
:1015800000201304C452014608C0EF70E042084036
:1015900037160000B7150000014789461306264F8D
:1015A00093858552EF70C0490840EF70E0470545CC
:1015B0006FE0BFF8056793060060D1B70567930633
:1015C000004075BFEFE23FF5B70700202E8483A7E8
:1015D000C75215C9B7050020938555533E85EF7056
:1015E000C04B3715014093050020130505C0EF607F
:1015F0009027B707002003A5875385450DC0EF70DE
:10160000D0446FE09FF33E85EF70E04A371501400C
:1016100093050020130505C0EF60F023D9BFEF70DC
:10162000303BC5B7EFE23FEF2A8437150140930501
:101630000020130505C0EF601022B707002003A5A6
:10164000C7529375F40FEF70A04305456FE0FFEEAE
:10165000B707002083C747531CA105458280EFE2EE
:101660009FEBB704002003A584537D5781460546B0
:101670008545EF7050208547E317F5FE83A7C1909D
:101680008297D5B7EFE23FE908218545EFB0001C0E
:101690007D572386E1806FE05FEAEFE2DFE74111EB
:1016A0008545054502C202C423160100EF40E02B28
:1016B00083A7018237470F0013070724B3D7E70238
:1016C0004C0037050040231501007C84896793870F
:1016D000F7703EC2EF40803C054685453705004027
:1016E000EF40206E854537050040EF40006C854592
:1016F00037050040EF400074B7E700E0056723A21C
:10170000E71041016FE07FE3EFE2FFE037040020E4
:10171000411113050454EF40500D4137B705002027
:1017200093060454138681809385854713854180F1
:10173000EF50805C9567938707E23EC2916793877D
:1017400087A93EC44800A5473EC6EFA02062113BD2
:101750001841B707002023A8E75441016FE0FFDDDF
:10176000EFE2DFD90111C88793F745002E84A9C79E
:101770009379F50F1307C0033387E902B7E7002019
:10178000938707C9BA97D44798473697D44B9C4F4D
:101790003386F6006374C700B307D740B704002050
:1017A0009384C4548E203ECE13076010AE976371AD
:1017B000F7061305F100F935937784009DCB9384E8
:1017C000C18098209307F00F6315F702888785453D
:1017D000EFA0D06C88870566130686B6B305C502F0
:1017E000B7170020938787B7BE95EFA030149C876A
:1017F0009CA09377040181C77D572386E1801374F1
:10180000040401C47D572386E18005616FE05FD247
:1018100037290020130989247008CA954E85EFA046
:1018200010169E2072473E97420741839AA099471F
:10183000E3F4E7F88356490093978600A182D58F99
:10184000C207C18393865700E3D8E6F69907E312EF
:10185000F7F605453139B704002003A504557D5737
:10186000854605468545EF70100137060020B725EF
:1018700000201306C653938505354E85EFA07045AD
:101880009384045501C51305F100ED3B884089455B
:10189000EF70B01B15B7EFE21FC8EFA0B05B9377F6
:1018A00015002A8499C7378501001305C57FEF30DD
:1018B000813A9377240099C7379501001305058174
:1018C000EF3061399377440099CBEFA0905C118998
:1018D00019C53795010013058582EF30C13741885E
:1018E00019CC0145EFA05058AA8519C101458D3D7D
:1018F0000545EFA07057AA8519C1054595356FE0DC
:10190000DFC3EFE25FC139711304601F11C12A8484
:101910001306C00381454800EFE0FFC28D4722D681
:101920004C001384D1801385D1803ED0EFA0405E5F
:10193000814719E90820EFA0B05B854711C5082051
:101940008945EFA0B07081473E8521616FE0FFBE01
:10195000EFE27FBC1385D18035336FE01FBEB72720
:101960000020938787241CC1B70700209387C754A2
:101970009A230545239007009AA18280EFE2BFB920
:10198000B72700202E862E84AA85138507359384D9
:101990000735EF20E13EB707002023AE875237041A
:1019A0000020130404550840B7070020854523A4F0
:1019B0009754EF70900908407D5785460546894544
:1019C000EF70606B05456FE05FB7EFE2DFB483A7B0
:1019D000019182976FE07FB6EFE2FFB3B726000078
:1019E00095652A86954705479386A69C938505E2CB
:1019F0000D45EF60D05B05456FE03FB4EFE2BFB14E
:101A00000D45EF60B0256FE05FB3EFE2DFB00D454D
:101A1000EF60304F6FE07FB2EFE2FFAFDD3501E501
:101A20000D456FE09FB10145EDBF8280EFE2BFAE93
:101A300005376FE09FB0EFE21FAE01112A84AE843C
:101A400068089305A10132C6193F15C972471545AB
:101A50003C333423A207D58F93968700A183D58F7B
:101A6000C207C18391EBBC8532461D0798C0E517BC
:101A70001EA2FD571CA0014505616FE01FAC154576
:101A8000E5BFEFE25FA99307160013D787401D0655
:101A9000238FF5FE2E85A38EE5FE93150601C181E9
:101AA0006515E93D954711C181473E856FE0FFA867
:101AB000AA95C205656665681307F00F9306F00FD7
:101AC000C1811306C6831308C89393170501C18308
:101AD0006396F50013958600598D8280050583472E
:101AE000F5FFB98F3307F6001823C297358F94237B
:101AF000E9BFEFE25FA232842E852146A285EFF096
:101B0000DFA685476310F5029567938707B0130535
:101B1000300263E48700130580027D3D054781475D
:101B20006303E5008D473E856FE03FA1EFE2BF9E76
:101B3000B70700208145054523AA0754EFF09FA869
:101B4000753D6FE09F9FEFE21F9D81450145EFF0DE
:101B50007FA7653D6FE07F9EEFE25F9A370400202C
:101B6000130404561E201307F00F41116371F7028E
:101B7000B79601006566379501009386C6A81306DF
:101B8000C6A39305B009130545ABEF2001171E202E
:101B90000D476366F700154541016FE07F992E8977
:101BA0000E20AA8937250020930485451305854515
:101BB00032C6FD3D6DF19C20324685042380F9003C
:101BC0001E20F5171EA223209900F9B7EFE2BF945B
:101BD000B707002083A447558547639FF406370461
:101BE00000201304245606A0AA87A38FF5FE1E200A
:101BF0001385F5FF370700203E964206418212A06A
:101C00000E20232EA7546D351A209376F50F2181CF
:101C10004207418393071700C207C1831EA0B7275D
:101C20000020938787453E9714A31A201375F50F5C
:101C300085454207418393061700C206C18216A05C
:101C4000BA9788A3B7070020014523AC9754EFF05B
:101C50007F9701456FE07F8E1545EDBFEFE2BF8BAB
:101C6000B707002083A78755411185C3B7960100A8
:101C70006566379501009386C6AC1306C6A4930526
:101C8000400E130545ABEF2041071305F100EFF0BF
:101C90003F9CB70700209387475598438546630FBD
:101CA000D70019C789466304D7048D476314F7002A
:101CB000EFF0DFD4014541016FE03F88B706002017
:101CC00093860656239006009A2213160701418236
:101CD00013071600420741839AA2948737270020F2
:101CE00013078745329714A3094798C3D1B737071D
:101CF00000201307075616231306F00F6363D6025E
:101D00001E2393960701C18293871600C207C183E1
:101D10001EA39887B727002093878745B69798A377
:101D200041BF0D47D9B7EFE20FFFB707002083A7E8
:101D3000475505476381E702B79601006566379509
:101D400001009386C6B4130606A693050012130578
:101D500045ABEF10917AB7040020938484559840E6
:101D600019C7630BF700014422856FE00FFD814521
:101D70000545EFF03F85C5BF370400201304245606
:101D80001E20C207C18385C7B70400209384C455B1
:101D90009C40882362056185EFF0DF889C408507C1
:101DA0009CC01E20FD17C207C1831EA06DBF0D453C
:101DB000EFF00FEC2A848145054523A00400EFF0E5
:101DC0007F805DB7EFE22FF5B707002013874755F7
:101DD00014430946411113844755638FC6028D474A
:101DE0006388F604014595CA1443B9C2144363815C
:101DF000C604184301456304F702B79601006566FF
:101E000037950100938686AE130646A79305801585
:101E1000130545ABEF10716E0545EFF06FE5854793
:101E20002AC61CC0EFF07FBE324541016FE0EFF0E3
:101E30000145F5B7962115476398E60858213031DA
:101E40009306E07C2207518F131687002183598E59
:101E5000420641821307F6FF42074183AA870D45D8
:101E600063E6E606EFE22FEBB823943323900500F8
:101E70002207558F854694A396219354360093F4F8
:101E8000F40F850696A19376760081C6850493F4B7
:101E9000F40F84B396212E8413852700850696A11E
:101EA0009315870021834D8F93051700C205814646
:101EB000C181EF10504801C5192B6FE00FE81E20BB
:101EC0000145BE9406A0D5BF0D45828082809A212F
:101ED00095476311F70658218D4731EF38311306C6
:101EE000D00F9306F7FF93F6F60F6376D604EFE272
:101EF0008FE23C210C314111A207CD8F93958700D1
:101F0000A183CD8F93851700130717F0C2051337F0
:101F1000170085460546C1816800A3060100588662
:101F2000EF107041814719C15D21AA873E854101AB
:101F30006FE0AFE08D473E85828096211547637F35
:101F4000D70658213031AA872207518F13168700F0
:101F50002183598E420641821357360093767600CC
:101F60001377F70F81C605071377F70F9306F6FF70
:101F7000C206C1821308F07A0D456363D804D433D6
:101F80006390E604EFE22FD9B8232E848C33220726
:101F9000138567004D8F931687002183558F0507A2
:101FA000931507018546C181EF10F03801C5052161
:101FB0006FE0AFD895471EA00145DDBF0D4582807B
:101FC0008280962115476397E608582130319306A1
:101FD000E07C2207518F131687002183598E420619
:101FE00041821307F6FF42074183AA870D4563E547
:101FF000E606EFE24FD2B823943323900500220780
:10200000558F894694A396219354360093F4F40F88
:10201000850696A19376760081C6850493F4F40F25
:1020200084B396212E8413852700850696A19315E7
:10203000870021834D8F93051700C205C181EF10E2
:10204000903801C569266FE04FCF1E200145BE9430
:1020500006A0D5BF0D45828082809A219547631CDA
:10206000F702EFE24FCB3C210C318546A207CD8F22
:1020700093958700A183CD8F93851700C2050546F0
:10208000C1810D05EF10F01F814719C18926AA876C
:102090003E856FE08FCA8D473E858280EFE2AFC7F5
:1020A0009A21954463F7E40658213031930670076E
:1020B0002207518F131687002183518F13160701B2
:1020C00041821307F6FF42074183AA870D4563ED5E
:1020D000E602D433131716001377F70F6396E60260
:1020E000B8232E848C332207138567004D8F9316F7
:1020F00087002183558F0507931507018546C18108
:10210000EF10301801C5E1246FE02FC306A0014590
:10211000E5BF0D45D5BF96211547639AE606EFE268
:102120008FBF54211306C007AA8793940601C1806C
:102130001387F4FF420741830D456362E6042E8452
:10214000B8238C332310040088A3122086062207AC
:10215000050612A04D8F94B3931587001620218396
:102160004D8F930517008506C20516A02686814669
:10217000C18113852700EF10D01001C5892C6FE0B5
:10218000CFBB1E2086040145BE9406A0CDBF0D45E1
:1021900082809A21A54763F2E70EEFE22FB65C2119
:1021A00038312A84A207D98F93998700A183B3E796
:1021B000F9009399070193D909019387F9FFC207A1
:1021C000C1831307C0070D456367F70A1C247030ED
:1021D00013078007A207D18F13968700A183D18FA1
:1021E0001396070141829307F6FFC207C183636418
:1021F000F708183493171600639FE70624202E89EA
:102200000C30A2047C20CD8C4C30A2078546CD8FAB
:1022100093958700A183CD8F93851700C205C18157
:102220001305A400EF10F00539E923100900DD477C
:102230001CA083570900139A190093958400850701
:102240002310F900A300440183570900A180CD8C1D
:10225000938514008507C2052310F90081464E8638
:10226000C18113052400EF10D00111E98357090043
:102270003E9A231049016FE0AFAB01458280812A6D
:10228000DDBF962115476390E6085821303193064B
:10229000B0072207518F131687002183518F131621
:1022A000070141821307F6FF42074183AA870D45C4
:1022B00063EDE604EFE22FA62E843E858C331147B2
:1022C000BC232310040018A11A20A207931416009F
:1022D00005071AA004B1CD8F939587001A20A1831A
:1022E000CD8F938517000507C2051AA0C181090586
:1022F000EF10606C01C5E1286FE02FA41E2001459E
:10230000BE9406A0D5BF0D4582808280EFE2AFA0CB
:10231000B707002003D44756AE84B7250020228695
:10232000938585550505EF10B125050482A001456B
:102330006FE0AFA0A14763F3C702EFE2CF9DB7966E
:102340000100656637950100938686B7130686B649
:1023500093058003130585B8EF10311A13D73500A4
:10236000930717003308E5003E958547B397C700EC
:10237000FD17C2070E073387E540C183B397E70017
:1023800018210346080093C7F7FF2207518F9D8944
:10239000F98FB396B600DD8EC206C1862300D80041
:1023A000C206C182A18214A1828093D735003E95D6
:1023B0001C3108219D89A207C98F05453315C50029
:1023C000B3D7B7407D157D8D1375F50F82809D477E
:1023D00063E7A70093878186AA97882382801145A7
:1023E0008280EFE24F939388F5FF93F8F80F9307FD
:1023F000600F63F61701094422856FE00F94238A6A
:10240000B1802E886DF9B687B7260000B285938615
:10241000C6B223A0D190B7260000938666B423A24B
:10242000D190B7260000370600209386C6BC23282B
:10243000D656B726000037060020938686B5232699
:10244000D656B706002023AA0656B7260000938664
:10245000C6C523A4D190B7260000938666D223A6D2
:10246000D190B7260000938646DC23A8D190428500
:10247000BA863E86EFF0EFE72A843DFDEFE01FFFCE
:1024800009C5054723A8E18085BF0D44B5B7EFE234
:102490008F882A8437950100130585BAEF20A17B28
:1024A0002285EFF06FD72A8419C9379501001305EB
:1024B000C5BBEF20417A054723A8E18019A8EFE0CA
:1024C000FFFA19E9379501001305C5BCEF20A17883
:1024D0000D4422856FE06F86B72700009387A7A27F
:1024E00023A0F190B72700009387C7A223A2F19001
:1024F000B727000037070020938767A32326F756E6
:10250000B727000037070020938727A82328F7560E
:10251000B707002023AA07567D57238AE18061BFB1
:10252000EFD27FFF13840181184085471945631856
:10253000F70083A7019082970145232004006FD004
:10254000DFFFEFD25FFD83A7018141111944639B37
:10255000070C6800EFE01FF60547AA876304E50053
:102560000144C9A032476307A7088946E31AD7FE8A
:1025700003A58191B70400200C213707002023A474
:10258000F45613060700238AB19081471384819182
:1025900013894191938484561307070041481422FC
:1025A00091CA6395D5088E07BA97DC439385E1916C
:1025B000829788C083C7C191C5D794409387E19122
:1025C00085C203470900104085458EA3136707F8AD
:1025D00018A292231840930516008EA3329714A3D5
:1025E000922337070020032707570C4003C541817A
:1025F0000297BDB7B707002083A7C7569384C19140
:102600001386E191938581911385C19182972A84E4
:1026100021F99C2003C741816303F700B1F3094509
:10262000EFE01FE5228541016FD03FF185072106CC
:10263000E39707F741B7EFD21FEE0545EF50E036BD
:1026400013846192931505010420C1850545EF505F
:102650006046B7270020860493878757A6978AA3EA
:102660001C209946850793F7F70F1CA013878181DB
:1026700063F4F6040C2337350140854605461305FF
:10268000058023000400EF20D01E03A5819213844F
:10269000419301479387419385460946814523200D
:1026A0000400EF8080791C4091C7B7E700E0116714
:1026B00023A0E7206FD07FE8BA978C2337340140FE
:1026C0001305048085460546EF20B01A854513059D
:1026D0000480EF209018F9BF138581928280EFD299
:1026E0009FE3B727002005479387C75E6307E5048C
:1026F0000947630EE5041385C700EF40B04B13068E
:1027000040069385C19242054181EF40D045EF10CC
:10271000A12FB797010003A607C383A647C3EF0005
:10272000A162B797010003A687C383A6C7C3EF00C2
:10273000A161EF10813E6FD05FE013858701EF400C
:1027400070479385C1921306400689056DBF1385B6
:102750004702EF4030469385C1921306400691052B
:102760005DB7EFD2BFD94111EF401052D1450145BD
:10277000EF40705CD1450545B704002037040020C8
:10278000EF40705B938404081304840A01494D4AA6
:102790008A209319090193D90901EF40104B2AC2ED
:1027A0000A2005098904EF40504A2AC08A200904FA
:1027B000EF40B0492AC60A20EF4030492AC44E866D
:1027C0008A850145EF40106A4E868A850545EF40AF
:1027D0007069E31F49FB41016FD09FD5EFD2BFD392
:1027E000EFF03FF823A60192EF40304DA945014597
:1027F000EF403059656429469305C4BD0145EF405B
:10280000B06CA9450545EF40D05729469305C4BD96
:102810000545EF40706BA9450945EF40905693057B
:10282000C4BD29460945EF40306A37270000130729
:10283000676381460546B7050E000545EF50A02A9F
:1028400083C58181373501409D46054613050580C6
:10285000EF2030020545EF20500DB7270020B726A6
:1028600000209387C75E93868658D4C7B72600207A
:102870009386C65994CF0D47B7260020DAA39386D6
:10288000065BD4D313870192B726002098C39386A2
:10289000465C29479AABDAAF9AB7DABB94DB239050
:1028A000E7042396E704B726002037270020938605
:1028B000865D1307076423940700239A070023907B
:1028C000070223960702239C070223920704D4DF02
:1028D00023980704B8C76FD05FC6EFD23FC241113B
:1028E000EF70007EB73401402AC6014489499384C1
:1028F0000480372A0020B72A002085456800EF7041
:10290000102915CC630434010544C5BF05473400C4
:10291000194681450145EF80A029A247898B85C7CB
:1029200013048A571389CA5E130BE400831504004D
:102930004A850904EF4010263109E31964FF8545F3
:102940002685EF20807109444DBF730020303795F4
:1029500001001971130505C482FE86FC8AFA8EF8FF
:1029600092F696F49AF29EF0A2EEA6ECAAEAAEE8EF
:10297000B2E6B6E4BAE2BEE042FE46FC4AFA4EF8DF
:1029800052F656F45AF25EF062EE66EC6AEA6EE8CF
:1029900072E676E47AE27EE0EF20E12BEF80B0325F
:1029A000AA8537950100130545C5EF20C118EF80B2
:1029B000F031AA8537950100130545C6EF20A11710
:1029C000EF803031AA8537950100130545C7EF2008
:1029D000811601A0317106DF16DD1ADB1ED92AD758
:1029E0002ED532D336D13ACF3ECD42CB46C972C76F
:1029F00076C57AC37EC182FE86FC8AFA8EF892F68C
:102A000096F49AF29EF0A2EEA6ECAAEAAEE8B2E63E
:102A1000B6E4BAE2BEE042FE46FC4AFA4EF852F68E
:102A200056F45AF25EF062EE66EC6AEA6EE872E61E
:102A300076E47AE27EE0EF30503B13050008EF20A9
:102A4000303CFA50EA525A53CA533A55AA551A56CC
:102A50008A567A47EA475A48CA483A4EAA4E1A4F07
:102A60008A4F7670E6705671C6713672A67216730A
:102A700086737664E6645665C6653666A66616672E
:102A800086677278E2785279C279327AA27A127BBA
:102A9000827B726CE26C526DC26D326EA26E126FEE
:102AA000826F296173002030197182FE86FC8AFAD8
:102AB0008EF892F696F49AF29EF0A2EEA6ECAAEAAE
:102AC000AEE8B2E6B6E4BAE2BEE042FE46FC4AFA3E
:102AD0004EF852F656F45AF25EF062EE66EC6AEA8E
:102AE0006EE872E676E47AE27EE0EF40E00F767020
:102AF000E6705671C6713672A67216738673766466
:102B0000E6645665C6653666A66616678667727899
:102B1000E2785279C279327AA27A127B827B726C25
:102B2000E26C526DC26D326EA26E126F826F0961DD
:102B3000730020301971294582FE86FC8AFA8EF8CE
:102B400092F696F49AF29EF0A2EEA6ECAAEAAEE80D
:102B5000B2E6B6E4BAE2BEE042FE46FC4AFA4EF8FD
:102B600052F656F45AF25EF062EE66EC6AEA6EE8ED
:102B700072E676E47AE27EE0EF302049854537055B
:102B80000040EF30202B7670E6705671C6713672B9
:102B9000A672167386737664E6645665C6653666F5
:102BA000A666166786677278E2785279C279327AB9
:102BB000A27A127B827B726CE26C526DC26D326EB5
:102BC000A26E126F826F096173002030EFD2BF9442
:102BD000EF405004EF40B002AA859306400613066A
:102BE000D00B0145EF40A045894763170534EF40FE
:102BF000F0042D4781476301E534EF40B001AD4556
:102C00000145EF40D00285450945EF40500281451E
:102C10000D45EF40D001AD451145EF4050018545D0
:102C20001945EF40D00085451D45EF4050008545D2
:102C30002145EF40C07FB797010083A547C83545C0
:102C4000EF40B002B797010083A587C84545EF4024
:102C5000D001B797010083A5C7C85545EF40F000E4
:102C6000B797010087A707C96545D38507E0EF40FF
:102C7000C07FB797010087A707C97545D38507E0CF
:102C8000EF40A07EB797010083A547C91305100246
:102C9000EF40A07DB797010083A587C913055002B7
:102CA000EF40A07CB797010083A5C7C91305900228
:102CB000EF40A07BB797010083A507CA1305D00298
:102CC000EF40A07AB797010083A547CA1305100308
:102CD000EF40A079B797010083A587CA1305500379
:102CE000EF40A078B797010083A5C7CA13059003EA
:102CF000EF40A077B797010083A507CB1305D0035A
:102D0000EF40A076B797010083A547CB13051004C9
:102D1000EF40A075B797010083A587CB130550043A
:102D2000EF40A074B797010083A5C7CB13059004AB
:102D3000EF40A073B797010083A507CC1305D0041B
:102D4000EF40A072B797010087A747CC1305100585
:102D5000D38507E0EF406071B797010083A587CC6A
:102D600013055005EF406070B797010083A5C7CCED
:102D700013059005EF40606FB797010083A507CD5D
:102D80001305D005EF40606EB797010083A547CDCE
:102D900013051006EF40606DB797010083A587CD3E
:102DA00013055006EF40606CB797010083A5C7CDAF
:102DB00013059006EF40606BB797010083A507CE1F
:102DC0001305D006EF40606AB797010083A547CE90
:102DD00013051007EF406069B797010083A587CE00
:102DE00013055007EF406068B797010083A5C7CE71
:102DF00013059007EF406067B797010083A507CFE1
:102E00001305D007EF406066B797010083A547CF51
:102E100013051008EF406065B797010083A587CFC1
:102E200013055008EF406064B797010083A5C7CF32
:102E300013059008EF406063B797010083A507D0A2
:102E40001305D008EF406062B797010083A547D013
:102E500013051009EF406061B797010083A587D083
:102E600013055009EF406060B797010087A747CC72
:102E700013059009D38507E0EF40205FB797010065
:102E800083A5C7D01305D009EF40205EB797010096
:102E900083A507D11305100AEF40205DB797010005
:102EA00083A547D11305500AEF40205CB797010076
:102EB00083A587D11305900AEF40205BB7970100E7
:102EC00083A5C7D11305D00AEF40205AB797010058
:102ED00083A507D21305100BEF402059B7970100C7
:102EE00083A547D21305500BEF402058B797010038
:102EF00083A587D21305900BEF402057EF40205059
:102F0000AA859306803E1306D00B0145EF40602A48
:102F100019E5379501001305C5D2EF10D153EF40E5
:102F2000604FEF40C04DAA85930640061306D00BB4
:102F30000145EF40C01085473E856FD00FE0EFD2CE
:102F40008FDD2A84EF4060522285EF40E04BAA8556
:102F50000947A94611462285EF40C0376FD0EFDD03
:102F60003E211A21C20733E5E70082808AA1418110
:102F7000AAA18280954763E5A704EFD2CFD9E56780
:102F80009387C7D30A053E951C41828793050004A9
:102F90003725014013050580EF50400B6FD0EFD966
:102FA00093050002F5B7C145E5B7A145D5B79145F1
:102FB000C5B73715014093050010130505C0E9BFDB
:102FC00001458280EFD22FD5011199475C84938708
:102FD00081933EC8938701943EC6B7071464D10716
:102FE0003ECA8947230CF1008567938787BBFC8520
:102FF000B7370000938747F728003ECEEF40F00038
:1030000005616FD08FD3EFD20FD1EFF0BFFBEF4050
:10301000207FEF706044EF405004D5BFEFD20FCE59
:10302000011137140140EF504004F14601461305E9
:103030000480C145EF40507E130504C08D45EF402C
:10304000B07B9305000337150140EF40F07A13057C
:1030500004809305400EEF40307AB7240140138579
:10306000048093050078EF40307813050440B16583
:10307000EF409077856537150140EF40F0761305F6
:1030800004408D45EF405076130504409305000E33
:10309000EF409075130504409145EF40F07413051F
:1030A00004408565EF405074E1460146130504C0B5
:1030B000A965EF40707691677C866C009307800469
:1030C000130504C03ECA2317010023180100231969
:1030D0000100EF208053130504C08565EF40D070D8
:1030E000914537150140EF403070130504409305BA
:1030F0000004EF40706F370613808D65E14641068E
:1031000013050440938505A0EF401071130504C01A
:1031100093058003EF40506D13050440C145EF4017
:10312000B06C0569930509C037150140EF40D06BBD
:10313000138504809305C007EF40106D130504C08C
:1031400093050010EF40506CC16513850480938592
:103150000580EF40706B81450145EF20C0161305D7
:10316000044093050004EF40106F130504C093055D
:103170000020EF407067B70930801386290013855F
:10318000048091468945EF403069138629001385F4
:103190000480E1468545EF403068E146014613056D
:1031A000048093050040EF40306785451165EF20AE
:1031B000C07B11450D2EBD659D46130689BB9385C9
:1031C00005A62145EF5040671306401F9D45214548
:1031D000EF5060742145EF50807C2145EF5000286E
:1031E000680002C602C802CA02CC02CEEF40101824
:1031F00085450145EF20600A9305803E0145EF209B
:10320000800C9D450545EF305044EF50502F05612F
:103210006FD00FB2EFD22FB0B7270020238AA76458
:103220001145EF50A02313064006FD550945EF70E8
:10323000F00C6FD08FB0138581948280EFD2AFAD48
:10324000B737002083A587A9372500201306004043
:1032500013054566EF0071301375F50F6FD0EFADB4
:10326000EFD2EFA837140140130504409145EF4019
:10327000905F1305044093050008EF40D05E85651C
:1032800037150140EF40305E2945EF70E01C856541
:1032900037150140EF40305C2945EF70E01B130506
:1032A000044093050008EF40105B85653715014029
:1032B000EF40705B2945EF70201A85653715014096
:1032C000EF4070592945EF70201993050008130548
:1032D0000440EF4050591305F003EFF0BFF30545EC
:1032E000EF7080179305000813050440EF40B056B7
:1032F0001305F003EFF01FF20545B7390020B7249E
:103300000020EF706015B72A0020938949A61304A6
:10331000044093844465A14B7D5685450145EF707B
:10332000E07D83A549031306004013854A66EF003C
:103330003125138A4A660149930500082285EF402A
:10334000905213050004EFF0FFEC136B890B5A85C4
:10335000EFF05FEC930500082285EF40D04F130596
:103360000004EFF03FEB5A85EFF0DFEA9307000827
:10337000114523A244019CC4238004002396040029
:103380000509EF50A00D13064006FD5509451379B8
:10339000F90FEF70A076130A0A08E31F79F9ADBFA1
:1033A000EFD26F97B71401402A8413850440EF4091
:1033B000104B935524409317E4008D89DD8D916760
:1033C000F1177D8DC98DC205C18113850440EF4081
:1033D000D048B724014013850480EF4050480E04C4
:1033E0001375F58713740478498C93150401C18112
:1033F00013850480EF4070466FD02F94EFD2AF91C9
:1034000083C7C19441113724002002C69384C1941C
:1034100013044465A5EB3719014093050002130519
:103420000940EF4050441C2085651305094085C7BD
:10343000EF4070430820EFF0BFF623140400371567
:103440000140914513050540EF40F04085479CA0A1
:1034500041016FD08F8EEF4010405A249307F00344
:10346000930500081305094063EBE700EF40B03E09
:103470003A245C40BA978823EFF09FF2C9B7EF4037
:10348000903EFDB737150140914513050540EF40CB
:10349000903D5E241307F0078507C207C18363616F
:1034A000F7045EA43E241A248507C207C1833EA404
:1034B00063E5E7021145EF50C02403A581947C0029
:1034C00001478D4605468945EF703017B24791C7D1
:1034D000B7E700E0116723A0E720238004008DBF39
:1034E00023160400C1B7EFD20F83B7360000B7B57B
:1034F0000A00814705479386C63F0546938505E642
:10350000EF50E02A371501409305000213050540EE
:10351000EF40703537340020E165814601461305E0
:1035200044A69385057CEFD0AF92DD659385055465
:10353000130544A6EFD02FF5130544A6EFD00F8F47
:103540006FC0BFFFEFC23FFD0945EF206025EF10C0
:103550004013EF701062EFF07FAC7165130505202A
:10356000EF70506AEFF08FE6EFF04FA7EF100060BA
:10357000EF10C05CEF10A043EFE00F9983A501822C
:1035800037950100130545D5EF10E15AEF609029FA
:1035900001A0EFC25FF81304F5FFB737002093874F
:1035A00087AFAA84131514003E954111EFF05F9B7D
:1035B0009307E00563E49704D30705F06565860487
:1035C0001305C5ED4204269541809307C0050A21E5
:1035D00063E68702E567938787D60A043E941C401A
:1035E0008287B797010007A707FAD387E7A099C793
:1035F000D38507E01375F50FEF10E05E41016FC052
:10360000DFF3B797010007A747FAD38507E0D38711
:10361000E7A0EDD7EFF0BF92EF104061C5B7B797C5
:10362000010007A707FAD387E7A0E9DB65453EE677
:10363000EF30B061530705F0B2675395E7A05DDD49
:10364000D38507E05545F9B7B797010007A707FAF3
:10365000D387E7A0C5D755453EE6EF30105F530747
:1036600005F0B2675315F7A051D9D38507E065453A
:1036700055B7B797010007A707FAD387E7A0BDDFC3
:1036800045453EE6EF30705C530705F0B267539551
:10369000E7A02DD5D38507E03545ADBFB79701002D
:1036A00007A707FAD387E7A0B1DB35453EE6EF3041
:1036B000D059530705F0B2675315F7A021D1D38530
:1036C00007E0454581BFEFC21FE5B7340020014543
:1036D000138484AFEF1080549305040AEFF01F8920
:1036E0000545EF10A0539305440AEFF03F880945C4
:1036F000EF10C0529305840AEFF05F877545EF30F5
:10370000D054938584AFEFF07F8613051002EF301D
:10371000D05393054400EFF07F8513055002EF303E
:10372000D05293058400EFF07F8413059002EF30B0
:10373000D0519305C400EFF07F831305D002EF3022
:10374000D05093050401EFF07F8213051003EF3092
:10375000D04F93054401EFF07F8113055003EF3004
:10376000D04E93058401EFF07F8013059003EF3076
:10377000D04D9305C401EFF06FFF1305D003EF3078
:10378000D04C93050402EFF06FFE13051004EF30E8
:10379000D04B93054402EFF06FFD13055004EF305A
:1037A000D04A93058402EFF06FFC13059004EF30CC
:1037B000D0499305C402EFF06FFB1305D004EF303E
:1037C000D04893050403EFF06FFA13051005EF30AE
:1037D000D04793054403EFF06FF913055005EF3020
:1037E000D04693058403EFF06FF813059005EF3092
:1037F000D0459305C403EFF06FF71305D005EF3004
:10380000D04493050404EFF06FF613051006EF3073
:10381000D04393054404EFF06FF513055006EF30E5
:10382000D04293058404EFF06FF413059006EF3057
:10383000D0419305C404EFF06FF31305D006EF30C9
:10384000D04093050405EFF06FF213051007EF3039
:10385000D03F93054405EFF06FF113055007EF30AB
:10386000D03E93058405EFF06FF013059007EF301D
:10387000D03D9305C405EFF06FEF1305D007EF308F
:10388000D03C93050406EFF06FEE13051008EF30FF
:10389000D03B93054406EFF06FED13055008EF3071
:1038A000D03A93058406EFF06FEC13059008EF30E3
:1038B000D0399305C406EFF06FEB1305D008EF3055
:1038C000D03893050407EFF06FEA13051009EF30C5
:1038D000D03793054407EFF06FE913055009EF3037
:1038E000D03693058407EFF06FE813059009EF30A9
:1038F000D0359305C407EFF06FE71305D009EF301B
:10390000D03493050408EFF06FE61305100AEF308A
:10391000D03393054408EFF06FE51305500AEF30FC
:10392000D03293058408EFF06FE41305900AEF306E
:10393000D0319305C408EFF06FE31305D00AEF30E0
:10394000D03093050409EFF06FE21305100BEF3050
:10395000D02F93054409EFF06FE11305500BEF30C2
:10396000D02E93058409EFF06FE01305900BEF3034
:10397000D02D9305C409EFF06FDF5545EF30F02CE3
:103980009305C40AEFF08FDE6545EF30102C9305E8
:10399000040BEFF0AFDD3545EF30302B9305440BD2
:1039A000EFF0CFDC4545EF30502A9305840BEFF064
:1039B000EFDB6FC09FB83387C500A14763C1E70C39
:1039C000EFC2DFB39387F5FFC207B7390020C18389
:1039D000194741112A89AE84138489BB636AF706AB
:1039E000014532C6EFE0BFCFB797010007A787F9BF
:1039F000D30705F0938589BBD3F7E710539507C02C
:103A0000D37705D0D3F7E718538507E0EFF00FD64B
:103A10000545EFE0DFCCB797010007A787F9D3078B
:103A200005F093054400D3F7E710539507C0D3770B
:103A300005D0D3F7E718538507E0EFF02FD3B797FA
:103A4000010003A5C7F993058400EFF02FD2324699
:103A500093951400A295890509E6014541016FC0BF
:103A60003FAD83D7C5FF7D160909A183230FF9FE5A
:103A700083D7C5FF42064182A30FF9FEE9BF054582
:103A80008280B387C5001307F0056344F70AEFC2CD
:103A9000FFA64111AA84B1CA05470145639AE6060B
:103AA0001397150037340020FD15130484AF1395C8
:103AB0000501139907013A944181135909019309AA
:103AC0001500C20993D909010904638229059C20C4
:103AD0008904A207231EF4FE03C7F4FFD98F231E17
:103AE000F4FEEFF01FAB4E85D9BF1385F5FF4205FD
:103AF000418132C62EC4EFF01FBDA245B73700206A
:103B000032468605938787AFBE95890509E601454C
:103B100041016FC0FFA183D7C5FF7D168904A18332
:103B2000238FF4FE83D7C5FF42064182A38FF4FEA4
:103B3000E9BF05458280EFC27F9C9384F5FFC204F4
:103B4000C1803387C400914763CDE70632892E8454
:103B5000AA899DC6854701456395F6043384C5004F
:103B60004204418013891400420913590901630971
:103B7000890283C509002685CA84EF30703CDDB711
:103B8000373A00204A9413058AAF4204EF30B03C24
:103B900041801389140042091359090163158900F2
:103BA00001456FC0FF98A685054613058AAFEFE073
:103BB000CFFFAA86A68505464E85EFE0AFF7CA84FB
:103BC000C9BF0545F9BFFD15C205C1813387C500D1
:103BD000954763CAE706EFC29F91373B00202A84CE
:103BE000935A360093DB350013058BAFB28493F9FB
:103BF000750013891A00EF303039228A130B8BAF0E
:103C0000B38B8B4033057A01420541812146CE8535
:103C10005A957D19050AEFE04FF94209A30FAAFE54
:103C200013590901E31009FEA1479D88B384974009
:103C3000331595001375F50F56943355954008A02C
:103C400001456FC05F8E05458280EFC2DF8C156431
:103C50008544130404B02145EF30407E6313950280
:103C60001D45EF30A07DAA850547A2860D4601457A
:103C7000EFE02FF76DF1EFE0BF8A71FDEFE07F8C91
:103C8000EDBF0145EFE0BF80F5B703C6419537377B
:103C900000208146130787BC894593F7F60F63FD23
:103CA000C70036888506B308D70083C8F8FFE396B7
:103CB000B8FE4297854614A39306F6FFB735002059
:103CC000014793F6F60F938585BC85486313E6009C
:103CD00082800DE181EFB6873388F5000343080049
:103CE0006311130389472300F8008280FD1793F7BF
:103CF000F70FDDB7850793F7F70FE3EFC7FC8147B1
:103D0000E1BF05071377F70FD1B7EFC2DF80EF30C0
:103D1000D02E184123A0E1966FC03F8283A5419623
:103D200051488147130640063387070393F6F70F80
:103D30002E9718236306A7008507E397C7FE8546DD
:103D40003685828037370020930787BC23A207007F
:103D500023A007002394070083C6E1955146B3864C
:103D6000C60283A7419601460145130787BC8945D2
:103D7000854805432948B697D443814703AE46009A
:103D8000631ABE0005051375F50F19EE3306F7002B
:103D90000CA2054683CE0600850713FEF70F639A33
:103DA0006E00238AC1958280330EF70023001E0126
:103DB000D5B7C106E39407FD8280EFC2CFF583C774
:103DC000E19551477D153387E70283A74196137527
:103DD000F50F9384E195BA9711476360A70665676D
:103DE000130787FA0A053A9518410287A22B05CCDA
:103DF000937704F0C2071967C18313070730638004
:103E0000E7042167639AE700EFF0DFF30947A38E29
:103E1000E1940547A386E1949377F40F89C73E8523
:103E2000EFF0DFEF88A06FC04FF1822BC9B7C22738
:103E30007DBFE2276DBFA2275DBF82274DBFB707B9
:103E4000EFBE37E700E0938707083CC7F1B7B70735
:103E500000209387C71223A2F1968280EFC20FEA57
:103E6000538707F08D474111D30607F0014963E7F7
:103E7000D70013880187369803490800F915994738
:103E800063E1B702E5679387C7FB8A05BE959C414E
:103E900036848287EF30605B23ACA1940504A3894C
:103EA000819441016FC0CFE883A58195EFF02F8900
:103EB000CDBF03C7319536969387319505071377A4
:103EC000F70F6349E60098A39823E31C87FC0504D9
:103ED00080A3C1BF23800700C5BF83C73195369635
:103EE0001387319599C31386F7FF1376F60F630492
:103EF000C40010A37DB77D1400A365B783C43195BA
:103F000063F59600FD1493F4F40F6564130484FEC6
:103F100093972400A297938981959C6307A7090032
:103F2000D377F700D387D7A095C7530507E0CA9486
:103F30008A04EFF0D033A2942AC488402EC6EFF052
:103F400010332246B246EFE08006EFF0103D23A08A
:103F5000A90081BF27A0D900A9B783C4319563F513
:103F60009600FD1493F4F40F6564130484FE939794
:103F7000240093898195A29787A609009C63D3F7B3
:103F8000F6085307F7A005C7538506E0CA948A04CC
:103F9000EFF0F02DA2942A8A8840AE8AEFF0302DFF
:103FA0002A86AE865285D685EFF0802579BF27A078
:103FB000E900C5BDEFC22FD62E8423000400AA87D6
:103FC000B28581C603C6319590A219C3854614A354
:103FD0001307C0020145636AF700B7060020139774
:103FE00017009386060D36970A231307C0026369EC
:103FF000F700154763F8E708A9EB01456FC0EFD359
:104000001307E0026380E70263EDE7021307F002A3
:10401000638BE702130700030545E390E7FEEF001B
:10402000F03F21A00145EFE08FEBEFF05024AE868A
:10403000B79501002A86938545012285EF007142DC
:104040006DBF0545CDB70145D9BF854763FDB700B5
:10405000379701000327C7009307000089461146E0
:10406000EFF0DFDF59BF81EDEF30203EEFF0302081
:10407000AE86B79501002A86938505027DBF03A50C
:104080008195EDB7854763FBB7003797010093072C
:104090000000032707018D460D46D9B781EDEF30AB
:1040A000C03AEFF0D01CAE86B79501002A86938502
:1040B000850261B703A58195EDB73737002003C6A8
:1040C0004195130787BC8147894593F6F70F63E74E
:1040D000C60005470545A386E194828093861700B4
:1040E0003305D7000345F5FF6310B504EFC2AFC237
:1040F0003E978D4614A383C6E1955146B386C6020A
:1041000003A7419692070D4681453697584381464D
:10411000BA97CA270147239BA194EFF0BFE905474F
:10412000A386E1946FC06FC1B68745B737370020CB
:1041300003C64195130787BC81478D4593F6F70F5A
:1041400063E6C6000947A38EE19482809386170038
:104150003308D7000348F8FF631EB802EFC2AFBBB5
:104160003E97894614A383C6E195D145B386B6022E
:1041700003A7419692072A86814536975843814680
:10418000BA97CA270147EFF0FFE20947A38EE194EF
:104190006FC0AFBAB6875DB7EFC2EFB7B2862E86F3
:1041A000AA8537350020130545A6EFC07FA66FC04E
:1041B000CFB8EFC24FB637350020130545A6EFC084
:1041C000EFC66FC08FB7EFC20FB2138901960325F8
:1041D00009001971EF50100A938941961384E195F3
:1041E0005DC903250900938501950146EF502072B2
:1041F0008547938401956310F50A9830371501407F
:104200009307000293050004130505406316F70E9B
:10421000EF3070659830930700046319F70483C684
:10422000D19511471389D1956397E606942003C76A
:10423000C1959387C195E1C6154613671700638240
:10424000C60C98238D476318F704379501001305B2
:104250000503EF00512095472300F9000547A38689
:10426000E194EFF03FAE1945EFF05FEC9830930723
:1042700000086312F7021389D195034709000D4A1C
:104280006309471391476308F70089468820630C48
:10429000D706EFF09FB21820D14683A70900330755
:1042A000D702B7390020938989BCB7340020BA9768
:1042B000C043EFF01FF0130B040A03284400054D20
:1042C0000C3030206306A813630E0810894763077B
:1042D000F8161C2089E741048509E3108BFE13873B
:1042E00021951C23A946850793F7F70F63EBF62862
:1042F0001CA309616FC0EFA2EF30F05521BF136717
:10430000270098A33DBF63004509636BAA00E3142F
:10431000E5F883C7D194C9C70145EFF01F97A5BF42
:10432000630AF5029547E318F5F69387D19498232D
:1043300001C72380070085B71820D14683A709004D
:104340003307D70223000900BA97A82BEFF01F9D6F
:1043500008A091B79384D1949C2091E785479CA0B5
:10436000EFF05F9E0DBFEFF05FD58547631AF50054
:104370001545EFF0BFDB238004002300090021BFB7
:104380002300490109BF83C7D1940545D9F71820F7
:10439000D14683A709003307D702BA97C8277DB74C
:1043A0001820D14683A709003307D702BA97E82718
:1043B00071BF9C206360F7026567130787FD8A075A
:1043C000BA97904303D56195014781468145EFF047
:1043D0007FBED1B5114719456383E7001545EFF05E
:1043E000FFD455BD1444138544A6EFC07F82D5B5D4
:1043F000131906011444135909014A86138544A66A
:10440000034A3400EFC0DF804A249306A10101462D
:104410001307B1016C08EFF0FFB96C08138544A6CF
:10442000EFC05F8893050008B38545411375F50F0C
:10443000898DC20574084A86C18175B713190601B2
:104440001444135909014A86138544A642C6EFC095
:104450002FFC03C609004A241307B1017516930601
:10446000A101133616006C08EFF0DFB46C08138559
:1044700044A6EFC03F8383C7D195834A3400137AA3
:10448000F50FF9C383C709006370FD0C139D0A0182
:1044900093180A01135D0D019305F00793D80801E5
:1044A000B385A5413248B3851541939D050193DD40
:1044B0000D016391070583C7D194D9C703C721951F
:1044C000954763E3E708130669FF4206C6862D4752
:1044D0004182EE85138544A646C6EFC04F918145C3
:1044E000138544A6EFC05F8D8545138544A6EFC0B4
:1044F0006FE3B24803C709008D476317F70403470A
:10450000B101130669FF4206854741826317F7062A
:104510008345A101E9572D478505B385F5029946E5
:104520009385F507B385A541C205C181138544A6CE
:10453000EFC0EF8B8945138544A6EFC0FF87854503
:10454000138544A6EFC00FDE9305F007B3855541F0
:10455000B3854541C20574084A86C181138544A6C6
:10456000EFC00FEB138544A68545EFC0FF8481455E
:10457000138544A6EFC00FDBA9BB2D47C686EE8589
:1045800075B723000700B5B3B71702409843B706C5
:10459000FFF841111367170098C3D843370602008C
:1045A000758FD8C39843B706F7FEFD16758F98C36D
:1045B0009843B706FCFFFD16758F98C3D843B7061E
:1045C00081FFFD16758FD8C39843B70600ECFD1622
:1045D000758F98C33707FF0098C723A6070202C448
:1045E00002C69843C166558F98C3B7160240096743
:1045F0009C42F18F3EC6A24785073EC4B24781E781
:10460000A247E397E7FEB71702409C431397E700E2
:104610006357070685473EC632478547631FF70441
:10462000B7170240D843B706C1FFFD16D8C3D84319
:10463000D8C3D84313670740D8C3D843758FD8C3AE
:10464000D843B7061D00558FD8C39843B70600015D
:10465000558F98C3984393166700E3DD06FED84351
:10466000B7160240719BD8C3D84313672700D8C33D
:104670002147DC42B18BE39EE7FE4101828002C606
:1046800061BF371602405C429146B18B13870182AD
:104690006385D700A1466388D702B7177A0093874E
:1046A00007201CC3B7170240DC43918393F6F70041
:1046B000B70700209387C726B69794231C43B3D728
:1046C000D7001CC3828054425042C167C982BD8A50
:1046D0007D8E9387260085CABD466389D702C14671
:1046E0006389D702C54581466393B700C1470DE68C
:1046F0003746024003260680418A15C637167A00DF
:10470000130606202DA08146C947D5B78546B54773
:10471000F9BF8146BD47E1BF3716024050429315AD
:10472000E600E3DD05FC37163D0013060690B3876F
:10473000C7021CC3A5DA1C438583A5B7197186DEA1
:10474000A2DCA6DACAD8CED6DAD2DED0E6CCD2D473
:10475000E2CEEACAEEC8EFF04FDB7D568545014553
:10476000EF60C039B797010003A8C76583A78765C5
:10477000014981443EC0B797010003AB076683AB94
:104780004766014442C2B79C0100B7390020254565
:10479000EF20D04A630C25032545EF20304A2A89B3
:1047A0001305400633052541EFF0001F02469246EF
:1047B000EFD0F0725A86DE86EFE00059EFF0001875
:1047C00093150501C1810145EF00F02F8947638CE6
:1047D000F4108D476385F40E6391040EEFE0BFA5DE
:1047E000084101478D4605468145EF60804A014AF0
:1047F00093040008094CB79D0100130D803EEF4063
:10480000A0520545EF5050450547631EEA08EFF0FA
:104810005F9A93858C666808EF0001496C081385E0
:1048200049A6EFC02FC81375F50F3385A440334553
:1048300085037008D1451375F50FEFF0FF95EFF084
:104840000FE10945EF20903F2AC60D45EF20103FAC
:104850002AC41145EF20903EA24632462A8793850E
:10486000CD686808EF00E13F6C08138549A6EFC0EA
:104870006FC31375F50F3385A44033458503700866
:10488000930580021375F50FEFF01F91EFE0BF9ACB
:10489000084101478D4605468145EF60803F8926E6
:1048A0000841EF50006E93071A00139A0701135A3C
:1048B0000A01E316AAF58D44D9BD8544C9BD214539
:1048C000EF20D0378547AA846319F500EFC05FC990
:1048D0000841EF50006B2388919603A5C196894447
:1048E000EF50206A6DB505041374F40FEF40C04318
:1048F000EFF07F8D63F08402EFE05F942A8419C9A2
:10490000EFE07F93084101478D4605468145EF6002
:104910004038014413054006EF5010348DBDEFB20E
:104920009FBF03A58196014789460146814523889B
:104930000196EF600036138401971C2081EBEF2075
:10494000E008EF70504D19C1EFC0FFF40545EF507E
:10495000B030E5B7B7770020938747441CC1B777DD
:104960000020938747C49CC1930700101CC282801B
:10497000B7770020938747521CC1B77700209387F1
:1049800047049CC1930700101CC28280EFB2BFB8DD
:1049900003A5C196EF50103BEFC09FBC0841EF50FC
:1049A000703A3D2C0841EF50F0396FB01FB9EFB2AB
:1049B0009FB6EFC0FFBA2A8437580020B7570020AF
:1049C000B795010037150000130848B39387479344
:1049D00021478546130600089385056B1305E56599
:1049E000EF50C04F08C0EFE01F852A8437480020F1
:1049F000B7370020B795010037350000130848D8B5
:104A0000938747291D478546130600209385856BAC
:104A100013050526EF50804C08C0EFD0FFCB2A8449
:104A200037380020B7370020B79501003735000030
:104A3000130848FD938747BD1947854613060010A4
:104A40009385C56B1305A58DEF50404908C03758B5
:104A5000002037940100B747002037450000930538
:104A6000046C1308488D154785461306C02B9387A1
:104A700047DE1305A5C4EF50604623A6A1968D22FC
:104A8000AA8437580020B7570020B7950100375542
:104A9000000013084839938747B921478546130614
:104AA00000209385856C130505C7EF50204388C00F
:104AB00037680020B7570020375500009305046C75
:104AC000130848079387473F21478546130600325E
:104AD0001305E591EF50804037380020B7370020AC
:104AE000B795010037350000130848239387470323
:104AF00011478546130600089385056D130565006B
:104B0000EF50C03D37780020B7670020B79501000F
:104B100037450000130848BC154785461306C02BCF
:104B20009385C56D9387470D1305C573EF50003B03
:104B300023A4A196EFF09FE56FB03FA0EFB2BF9D19
:104B4000EFC03F922A84377500201305454AEF4095
:104B5000804B08C0EFC03FA02A84377500201305A2
:104B6000054CEF40404A08C06FB03F9DEFB2BF9A7E
:104B7000EF20B048B7760020377600202A8401471E
:104B80009386C64D130646C289454145EF405020E5
:104B900008C06FB09F9AEFB21F98B7770020131725
:104BA000250093874758BA978CC32A84EF20102298
:104BB000D30705F08547539617C042064182630D1F
:104BC000F40011C48947630BF4006FB01F9785454B
:104BD0002145EF305054D5BF8945DDBF9145CDBF4C
:104BE000138541988280EFB21F9341112A842E854C
:104BF0002EC6EFE0D067B797010003A6876E83A6A5
:104C0000C76EEFE00009B26763570500D38507E080
:104C10002285EFF05FF841016FB03F92B777002037
:104C20000A0593874758AA9788438280EFB2BF8EC0
:104C3000138441980840EF50F0105545EF20F000E4
:104C400023AEA1966545EF20500023AAA1963545D5
:104C5000EF20A07F23A0A1984545EF20007F23AC43
:104C6000A196EFD01FB00840EF50A0316FB0FF8C7D
:104C7000EFB27F8741115545EF20207D938AC19780
:104C800023A0AA006545EF20407C23AAA1963545C4
:104C9000EF20A07B138A01982320AA004545EF202E
:104CA000C07A87A70A0023ACA196538D07E0872717
:104CB0000A00930500000145D38D07E0EFF0BFED3A
:104CC000930500000545EFF01FEDB797010083A5A0
:104CD000076F09451384C197EFF0FFEBB797010009
:104CE00087A747FAB797010003AA876583AAC76514
:104CF0001389419793840198938981973EE0528B61
:104D0000D68B2945EF5040750145EFD05F9DD30705
:104D100005F007270900D397E7A063820716146000
:104D2000D397F6A0638D07145377D708D3F7D70826
:104D30000145D3F7E7180267D3F7E710D38507E0FB
:104D4000EF20C0788727090018602AC63EE4D3F612
:104D5000E7083AE2538506E0EFE07051B2662A8C2C
:104D6000AE8C538506E0EFE090505286D686EFD0A9
:104D700010172A86AE866285E685EFD0F07C126732
:104D80002A8CAE8C530507E0EFE0704E2A86AE8683
:104D90006285E685EFD0A021EFE03058D30605F01C
:104DA000A267D397D7A0639D070CD387F6A091C7BE
:104DB0001267D307D7A091C32A8DEA850145EFF08A
:104DC0009FE20545EFD0BF91D30705F007A7090083
:104DD000D397E7A0CDCB9460D397F6A0CDC75377F8
:104DE000D708D3F7D708B79701000145D3F7E718DD
:104DF00007A747FAD3F7E710D38507E0EF20006D48
:104E000087A7090098602AC63EE4D3F6E7083AE28D
:104E1000538506E0EFE0B045B2662A8CAE8C538530
:104E200006E0EFE0D0445A86DE86EFD0500B2A86AB
:104E3000AE866285E685EFD0307112672A8CAE8C23
:104E4000530507E0EFE0B0422A86AE866285E6852C
:104E5000EFD0E015EFE0704CD30605F0A267D397D2
:104E6000D7A09DE3D387F6A091C71267D307D7A039
:104E700091C3AA8DEE850545EFF0FFD659B51C60AC
:104E8000538D07E01DBF9C60D38D07E0E5B701A0FF
:104E900001A001A001A001A001A001A001A001A00A
:104EA00001A001A001A001A001A001A001A001A0FA
:104EB00001A001A001A001A001A001A001A001A0EA
:104EC00001A001A001A001A001A001A001A001A0DA
:104ED00001A001A001A001A001A001A001A001A0CA
:104EE00001A001A001A001A001A001A001A001A0BA
:104EF00001A001A001A001A001A001A001A001A0AA
:104F000001A001A001A001A001A001A001A001A099
:104F100001A001A001A001A001A001A001A001A089
:104F200001A001A001A001A001A001A001A001A079
:104F300001A001A001A001A001A001A001A001A069
:104F400001A001A001A001A001A001A097C1FF1F25
:104F50009381C1D2173101201301C10A17550100F5
:104F6000130545EB97B5FF1F9385C5091386018B84
:104F700063FAC5008322050023A0550011059105A1
:104F8000E3EAC5FE17B5FF1F1305455A97A5002094
:104F9000938505D76377B500232005001105E36DE0
:104FA000B5FEFD42739002BCFD4273904280B78211
:104FB00000009382028073A0023097B2FFFF9382B9
:104FC000E20793E2320073905230EFF0EFDB97E2AA
:104FD000FFFF9382625773901234730020305C415C
:104FE0003707F1E01307F7EF944D7D8F9C41D58F84
:104FF000D44DD58FD441A206D58FD98F5CC11C4525
:1050000037F7F1FF1307D77FD4457D8F9C49D58FA4
:1050100094458606D58FD98F1CC55C55370710FF80
:105020007D177D8FDC29FD1793F7F70FD207D98FF6
:105030005CD582805C4193F5F50F01C6DD8D4CC1D6
:10504000828093C5F5FFFD8DDDBF08450D81058983
:10505000828008450981058982801C4591C53707F2
:105060005000D98F1CC582803707B0FF7D17F98F9C
:10507000D5BFA54763F7B7048D47138765FF33078F
:10508000F7020328C5009D47B397E70093C7F7FFD2
:10509000B3F70701B396E600DD8E54C5994763E385
:1050A000C70495477D163306F6025859FD47B39756
:1050B000C70093C7F7FFF98F3396C5005D8E50D9AF
:1050C00082800D473387E502032805019D47B3978A
:1050D000E70093C7F7FFB3F70701B396E600DD8E4D
:1050E00014C96DBFB14763E2C70295476516330621
:1050F000F6021859FD47B397C70093C7F7FFF98F1A
:105100003396C5005D8E10D9828095474D163306C3
:10511000F6025855FD47B397C70093C7F7FFF98FBD
:10512000B395C500DD8D4CD58280B72701409387AC
:105130000740984711C5B7068000558F98C78280F1
:10514000B70680FFFD16758FD5BF5841144193D720
:105150008500F58F99C713F5F50F798D3335A000CC
:10516000828001458280EFB20FBB01112A842304A3
:105170000100A5441C8463F9F40423040100A5463E
:1051800021461C8463FFF606231501002304010059
:1051900095461C8463F1F60E38853C8599460D468C
:1051A000B3F7D702056513050580B3D7C702335798
:1051B000D702BA97C207C1837C853C8505611D8DE6
:1051C000420541856FB06FB71C4493E787001CC44C
:1051D0002285EFF09FE76DFD1C4493E747001CC458
:1051E0002285EFF01FE76DFD78441C8414108607BC
:1051F000B6972396E7FE1C84850793F7F70F5C8428
:1052000095BFA30401009C846378F6001C84850785
:1052100093F7F70F5C84B5B798849C840C1006074D
:10522000850786072E97AE970357C7FE83D7C7FE1D
:1052300063FDE7029C848607AE9783D7C7FE7C8513
:105240009C84988485078607AE9783D5C7FE9317FD
:1052500017001810BA972396B7FE9C8438850C1057
:1052600085078607AE972396E7FE9C84850793F70C
:10527000F70FDC8449BF1C84101038858907860726
:10528000B29783D7C7FEBA97C207C1837C851C84B7
:10529000850793F7F70F5C84EDBD85473395A7002D
:1052A00089C937770040832707405D8D2320A740B9
:1052B0008280B777004003A707401345F5FF798D3B
:1052C00023A0A74082804111B777004002C6938790
:1052D00007403EC6B247A1073E952AC6B2478CC3D7
:1052E00041018280B7F7FF1F03A5477082809317A3
:1052F000350063DA0700B707024083A707407D8DBA
:105300003335A00082809317250063D70700B707C5
:10531000024083A7074DE5B7B70702409C43C5B7D6
:105320009317350063D70700B707024023A2A740B1
:1053300082809317250063D70700B707024023AA8E
:10534000A74C8280B7070240C8C38280EFB2AF9CEF
:10535000EFF0FFF96FB06F9EEFB2EF9BEFF05FFCE5
:105360006FB0AF9DEFB22F9B85451165412D8145F3
:10537000116569256FB06F9C930700043CC19307CA
:1053800000027CC1930700087CD123200500B707E9
:1053900000042322050023240500232605002328DA
:1053A0000500232A0500232C0500232E05002320B9
:1053B00005022322050223240502232605022328B1
:1053C0000502232A0502232C0502232E050223248D
:1053D00005042326050423280504232A0504232C79
:1053E0000504232E05042320050623240506232671
:1053F000050623280506232A0506232C0506232E49
:1054000005062320F508B70700022322F50823220A
:10541000F50AB7070200370720002326F50A93078D
:105420000010232405082326E50823280508232A3D
:105430000508232C0508232E05082320050A23240C
:10544000050A2328F50A232A050A232C050A828047
:10545000411102C6B78602409C4A41672E057D175E
:10546000F18B798D9A055D8D93F5057CC98D93E55A
:105470001500B70750008CCAF917324705073AC61E
:10548000984A058B01C73247E3F9E7FE3247B70771
:105490005000FD1701456307F700B7870240C84B6E
:1054A00042054181410182804111B787024002C615
:1054B000984BC166FD162E05758D718B9A05598D19
:1054C00093F5057CC98DD0CB93E535008CCBB70720
:1054D0000500B7860240F917324705073AC6984AD1
:1054E000058B01C73247E3F9E7FE3245B7070500F0
:1054F000FD173335F5004101828023A6A1982A8744
:105500008147B708104013030060130EF6FF63963F
:10551000C700B797024088CB8280B38667022320FA
:1055200017012A88AE9614C79306070163F3C701D3
:1055300036882326070185073687D1BF916623A4C5
:10554000A1980147AA873703008093860660130E4F
:105550000060930EF6FF6316C700B7970240C8C7F6
:1055600082803308C70323A06700D4C3AA882E987B
:1055700023A40701138807016373D701C28823A6F8
:1055800017010507C287C1BF379702401C4393E745
:1055900017001CC38280B7970240C8CB8280379720
:1055A00002401C4FB7061000D58F1CCF8280EFA29F
:1055B0009FF6378402401C4093E787001CC0EFF041
:1055C0001FFE1C40896693E747001CC0B797024046
:1055D000984F558F98CF984F1367270098CF6FA09B
:1055E000DFF599C5379702405C4F5D8D48CF8280CB
:1055F000B7970240D84F1345F5FF798DC8CF828009
:10560000B707014023AAA74082809C4513F70701F2
:1056100013F8F70001C7D8413368E8008E2113F76B
:10562000F50F39C318418146854E3D4F930F8002D7
:1056300093028004214E3396DE00B3F8C500631157
:1056400016039398260033131F011343F3FF337798
:10565000E300B318180133E7E800639FF70550C96A
:105660008506E39AC6FD18C11307F00F6375B704EA
:1056700054412146854E3D4F930F80029302800492
:10568000414EB398CE0033F715016392E802131729
:10569000260001173313EF001343F3FFB376D30053
:1056A0003317E800D98E639DF701232A15010506FB
:1056B000E319C6FD54C18280E39457FA10C94DB76F
:1056C000E39757FE23281501DDB7B7070140635A5A
:1056D0000504DC4F93560501131805013707300008
:1056E00013F6F60013580801B376E500635005067B
:1056F000639BE602930606010D46B316D60093C6D9
:10570000F6FFF58F99C9135755011377F73F120725
:105710003317E800D98F63570504370701405CCF82
:105720008280DC4345BF1317B500635607008D46E2
:10573000B396C600E9B7135755011377F73F120721
:105740003317E8001347F7FFF98F6DBF6390E60248
:10575000370601405442370700F17D17F98F758FE6
:1057600058C2D5F1370701405CC382801317B500DA
:10577000635C07008D46B396C60093C6F6FFFD8EA8
:10578000B707000FD58FF1BF135755011207331715
:10579000E8001347F7FF7D8FB707000FD98FD1B708
:1057A00023A8A1988280B7160240DC4251777D176A
:1057B000F98F5D8DC8C28280371702405C439146E5
:1057C000B18B6385D700A1466382D706B7177A00ED
:1057D000938707201CC1371602405C423707002020
:1057E0001307C7279183BD8BBA9794231C41B3D766
:1057F000D7005CC15442A1829D8ABA969422B3D646
:10580000D70014C55442AD829D8A36971823B3D76A
:10581000E7005CC55842398393763700138741828D
:1058200036971823B3D7E7021CC982805C435843DC
:10583000C166C983758FB7F6FF1F83A6C670BD8B7F
:1058400089071396160163480600C5460146639210
:10585000D702C94739A88946638FD702BD46638EF0
:10586000D702C146638ED702C54601466393D7006F
:10587000C1471DEF3747024003270780418B05C70B
:1058800037177A0013070720B307F7021CC121D688
:105890001C41858381B701466DBF0546B547D1BF21
:1058A0000146BD47F9B737173D0013070790E9BF19
:1058B000B7150240D8559316F700D85563DF060494
:1058C00011833D8B9306170037177A0013070720C3
:1058D0003357D70218C1D455A182BD8A8DE29546AF
:1058E0003307D702058318C13717024058571441B0
:1058F0003D8B050733D7E60218C1184171B78545BE
:105900006394B600E546E9BFBD456396B600D1464F
:105910003387E602C9BF8906E5BF3D8B93061700B2
:1059200037177A00130707203357D702F1B799C505
:10593000371702405C4B5D8D48CB8280B717024021
:10594000D84B1345F5FF798DC8CB828099C53717A1
:1059500002401C4F5D8D08CF8280B7170240984FE0
:105960001345F5FF798D88CF828099C5371702409E
:105970005C4F5D8D48CF8280B7170240D84F1345EA
:10598000F5FF798DC8CF82809357550005476399FD
:10599000E700B71702409C4333D5A70005898280F2
:1059A00009476396E700B71702409C53F5B7B7174E
:1059B0000240DC53D5B7371702405C5793F7F7F036
:1059C0005D8D48D78280B7160240DC5645777D173B
:1059D000F98F5D8DC8D6828009C9371702401C43F4
:1059E000B7060010D58F1CC38280B71602409C42B8
:1059F000370700F07D17F98F9CC2828099C5371751
:105A000002401C575D8D08D78280B7170240985717
:105A10001345F5FF798D88D782803737004083574B
:105A2000478093F70702E5DF82801E2189C593E74F
:105A300007041EA18280C207C18393F7F7FBC20748
:105A4000C183C5BF85479181B395B7005E21C2056B
:105A5000C18101C6DD8D4EA1828093C5F5FFFD8D0C
:105A6000DDBF4EA582804A2582800A256D8D3335A3
:105A7000A00082805E21162513F7F5000545331737
:105A8000E500C207758FC18301CB91813315B50045
:105A90007D8D3335A0008280014582801E213737FD
:105AA0000140930607C0C207C1836300D504B7064F
:105AB0000040630CD502938606406308D502B716F2
:105AC0000040138606806302C502938606C0630EFB
:105AD000D50013070740630AE500375701409306D6
:105AE00007C06304D5006316E500BA2193F7F7F801
:105AF000D98F37170040630CE50013070740630890
:105B0000E50093F7F7CFFA21C207C183D98F1EA111
:105B1000DE215EB59E211EB5B7370140138707C051
:105B2000630EE50093870740630AF500B75701400D
:105B3000138707C06304E5006314F5009C251EB9B4
:105B400085475EA982801E31922103D82500C207B5
:105B5000C183F99BC207C1831EB11E3156211A2D84
:105B6000C207C183420741831377C7F8518F92253B
:105B7000F59BC20633660601D18F37360140130804
:105B800006C0C182630E050113060640630AC50004
:105B900037560140130806C0630405016310C502AF
:105BA000B225DD9B03D8E500D18FD221ED9B93F682
:105BB000F6CFD18FD22533660601D18E56A11AAD0C
:105BC000FA215AB91EB182801E3165771307F7CFCB
:105BD000C207C183BD9BC207C1831EB11E315621BE
:105BE00003D88500C20713960601162DC18393F7CB
:105BF000F7FD758F96214182A206558FB621420787
:105C00004183B3E606019206D58FB7360140C2073D
:105C1000138806C0C183630E050193860640630A9C
:105C2000D500B7560140138806C063040501631E02
:105C3000D502B62593F7F7F703D8C5009206D58F9E
:105C4000D621C207C183920693F7F7FBD58FFD7665
:105C50009386F63FF18EF225C207C18333660601B3
:105C60000A06D18E13960601418252A11AADFA217D
:105C70001ABD1EB182801E3103D88500C207C183C0
:105C800093F7F7EFC207C1831EB11E3156215A2D7B
:105C9000C207139606014207962141831377C7F87E
:105CA000558FB621C18393F7F7DFB3E60601A2064D
:105CB000D58FB7360140C207138806C04182C18321
:105CC000630E050193860640630AD500B75601406E
:105CD000138806C063040501631FD502FD76938611
:105CE000F67FF58FB62503D8C500A206D58FD6213D
:105CF000C207C183A20693F7F7BFD58FF576FD16CD
:105D0000F18EF225C207C183336606011206D18ED9
:105D100013960601418252A15AADFA215ABD1EB115
:105D200082801A31FD77FD17F98F1EB103580502E5
:105D300056215E2D65771396060196211307F7CF3E
:105D40007D8FF977A206FD17558FB3F70701B621AE
:105D500003D8850042074182B3E60601B206D58F1B
:105D6000B7360140C207138806C04183C183630E62
:105D7000050193860640630AD500B7560140138893
:105D800006C063040501631BD500F176FD16F18E94
:105D9000D2251A06D18E13960601418252A15AAD20
:105DA000FA212310E5041EB182801E2189C593E7E4
:105DB00017001EA18280C207C183F99BC207C1835D
:105DC000CDBF5E2501C6DD8D4EA5828093C5F5FF52
:105DD000FD8DDDBF1E2DC207C183DD9BDD8D0EADA8
:105DE00082801A2DFD779387F77FF98FA205CD8FDB
:105DF000C207C1831EAD82805E2DC207C183DD9BB9
:105E0000DD8D4EAD82805A2DFD779387F77FF98F18
:105E1000A205CD8FC207C1835EAD82801E294A25AF
:105E2000ED8F4205418189C76D8D3335A000828099
:105E30000145828093C5F5FFC205C1810EA982800C
:105E4000EFA26FED1629F577FD17F58FF621DA250C
:105E50007971D58F1EA95625FD779387379FF58FCA
:105E6000D6212A842EC6D58F9625D58FB625D58FD7
:105E70005EA55E29C207C18393F7F7CFD98F5EA9CC
:105E80006808EFF07F93B747014093870780B245DA
:105E9000631AF404A25756246547B387E702C20683
:105EA000C186984163D20604060752244206B3D73E
:105EB000E702130740064186B3D6E702B3F7E702CD
:105EC0009206635506028E0793872703B3D7E7022E
:105ED00013F77700B367D700C207C1831EA44561DB
:105EE0006FA0AFE5925745BF0A07C1B792079387E6
:105EF0002703B3D7E702BD8BD58FF9BF91C55E25C8
:105F00000967D98F5EA582805A25F977FD17F98F29
:105F1000D5BF93F5F51F4EA182800A216D8D3335D3
:105F2000A000828013F7F50F85461583B397B6005E
:105F30006311D7025A25F98F1A210145420741837F
:105F400081CB0545A181B315B5006D8F3335E000D8
:105F5000828089466314D7001A29F1BF5A29E1BF0C
:105F600083A7C1989843634B0702984337060030D4
:105F70004E05518F98C39843370600804D81518F4D
:105F800098C3C8C38CC737970240114650CB232211
:105F90000700DC47054523A6F198828001458280F1
:105FA000EFA26FD785658547938505806318F50057
:105FB00037150140EF20200A6FA02FD83715014078
:105FC000EF20600AD5BFEFA20FD5854793050040AB
:105FD0006318F50037150140EF20E0076FA0EFD5FB
:105FE00037150140EF202008D5BF37F7FF1F814745
:105FF0001307D77E99463306F7400C223306F50087
:1060000085070CA2E399D7FE82809387019A984373
:106010003A9588C3828003A7019A23AEE198B78797
:10602000024003A7471C25EF03A74719894763F8D8
:10603000E706EFA24FCE03D5019BF9451384019BE0
:10604000EFF00FC193572500858BA9C74D99131603
:1060500005010A204182F945EFF00FC5378702405C
:106060008327071093E717002320F71083270710D3
:10607000858BEDFFB787024003A7471C11CB238216
:10608000019AD843B706008093C6E6FF758FD8C340
:106090006FA0AFCA13654500420541814DBFB78768
:1060A000024003A7471C19CB2382019AD843B706A5
:1060B000008093C6E6FF758FD8C382808280EFA2EE
:1060C000EFC39384019B8A2095451384019BEFF0D5
:1060D0002FB82A898A208545EFF08FB79377F90189
:1060E0001389E19A638A071483470900C1E30A20F0
:1060F0008547F9452300F900A386F19AEFF04FB5E3
:106100001376C5FF4206937715004182A9CF136627
:1061100026000A20F945EFF02FB90A208145EFF05B
:106120002FB31376E5FF42060A204182136606204C
:106130008145EFF06FB70A208145EFF06FB113662C
:1061400035200A20420641828145EFF0EFB583A752
:10615000819A13074006B3F7E70293872703238446
:10616000F1826FA0EFBC1366160065B70547639711
:10617000E70089472300F900A386019A9387E19BF2
:106180000387070063460706938491829420214782
:10619000639AE6040A20F945EFF08FAB1376350FCA
:1061A0000A20F94590A0EFF02FB0238004000A20C8
:1061B0008145EFF0EFA91376E5FF42060A20418200
:1061C000136606208145EFF02FAE0A208145EFF0DF
:1061D0002FA8136635200A20420641828145EFF040
:1061E000AFAC21A0130700F898A3238E019A95BFA6
:1061F0009387519C98239306170094A39546E31622
:10620000D7FE1375050275F19384918223800700F0
:106210009C2011490A20F945E38027F9EFF04FA3AC
:106220001376350F0A2013664600F94590A0EFF06B
:10623000AFA723802401A5BF034709008547631248
:10624000F7081387D19A1C23A1468A20850793F764
:10625000F70F1CA3639BD70023000700230009004E
:106260002146F945EFF04FA4EDBDF945EFF04F9E03
:106270001376C5FF4206937715004182A1C31366CA
:1062800026000A20F945EFF02FA20A208145EFF001
:106290002F9C1376E5FF42060A20418213660620F2
:1062A0008145EFF06FA00A208145EFF06F9A1366E9
:1062B00035204206418281450A206DB713661600DB
:1062C000C9B71384C19B834A0400138AE19B8346A8
:1062D0000A0093871A001307000893F7F70F6394D7
:1062E000E6063D476384EA001CA0A5BD8A20230082
:1062F0000400230009001384918221492146F945B5
:10630000A382019C23000A0023002401EFF0CF990F
:10631000230024018A208145EFF08F931376E5FF57
:1063200042068A204182136606208145EFF0CF970E
:106330008A208145EFF0CF911366352042064182D5
:1063400081458A2005B79389918203C709001DE71B
:106350001147E39BEAF88A20F94523000400EFF097
:106360002F8F1376350F8A2013664600F945238058
:10637000C900EFF06F932380590169BF91466318FC
:10638000D7023D47E392EAF68A2023000400214425
:106390002146F945A382019C2300090023000A003D
:1063A00023808900EFF04F9023808900A5B71CA0BF
:1063B00093074006E397FADA8A2021668145EFF0D9
:1063C000AF8E2382019CA382019C2382019AA14764
:1063D000230004002300090023000A002380F900A1
:1063E0002146F945B9BFEFA20F939387D19B98231C
:1063F0001377F70F2DC303A7019A83A6019C158F6E
:106400009306301F63F7E6043747024023800700F6
:10641000832707801384019B0A2093E747002320EA
:10642000F78021668145EFF02F882382019CA382AB
:10643000019C238E019A2387019A0A202382019AC4
:10644000238F019A21472146F945A384E182EFF089
:10645000AF856FA08F8E1389419C834709001384F9
:10646000C19AC1EB83C6E19A05471389E19A9384E7
:106470008182636BD70003D5019B9545EFE05FFDFB
:106480007D8919C1238004009387019A90439386E4
:10649000019C94428C20158E9386019A1387019C4F
:1064A0006361B6040346090085476311F604138649
:1064B000819A1C42B745030093851540B387B70204
:1064C000B7A52600938595ECAE971CC2130640062F
:1064D000B3F7C702938727039CA09C421CC3EFF02D
:1064E0001FBE1C20BDD723000400A5B793072003BF
:1064F000E5B71C209384419AA5C383A7019A03A7FB
:10650000019C998F1307900F6378F7042300040010
:106510001384019B0A208545EFE09FF393774500A4
:1065200085EFEF5020180A2021668145EFE0DFF764
:10653000A382019C238E019A0A202387019A238F2C
:10654000019A21472146F9452300090023800400D0
:10655000A384E182EFE05FF59C20E38C07EE03A7C4
:10656000C19983A7019A998F13073006E373F7EE59
:10657000EFF07FAAF9BDEF921FFA41118545414521
:1065800002C202C402C6EFF06FBC8D477C82C147D5
:106590003EC64C008D47371501403EC4EFF0EF86F4
:1065A00085659385058037150140EF10D02A930546
:1065B000004037150140EF10102A41016F90FFF79E
:1065C000EF927FF50145EFF02FC14145EFF0AFBEEF
:1065D0003565EFF04FBF0545EFF00FC01305D00351
:1065E000EFF08FBA65DD6F905FF5EF92DFF2138405
:1065F000019B0A2095451389019BEFE07FE5AA8462
:106600000A208545EFE0DFE4937745002A8495C3AF
:106610008DE03747024083270780ED9B2320F780DA
:106620000547A38EE19A03A7019A23A0E19C6F90EE
:10663000DFF02285EF5000071374440293074002F5
:10664000631AF40803550900C145EFE07FE01189A2
:10665000B786024019E5FD888547B7860240638505
:10666000F4069C42056713070780D98F9CC2B78741
:1066700002409843D176FD16758F98C391462382C8
:10668000D19CD843B70600808506558FD8C303A791
:1066900007101367170023A0E710378702408327EE
:1066A0000710858BEDFF05472382E19A03A7019A26
:1066B00023AEE198EFE0BFEFB78702409C43AD8384
:1066C000858B238CF198A5B79C427D771307F77FC4
:1066D000F98F69BF3747024083270780ED9B23204E
:1066E000F7800547A38EE19A03A7019A23A0E19CB6
:1066F000E1B7EF92BFE0317137960240B706700004
:10670000370760005C4AF58FE39EE7FE83C7419C34
:106710009384419C95C703D5019BF9451384019B44
:10672000EFE01FD31376C5FF420693771500418231
:10673000638E0722136626000A20F945EFE0DFD6B4
:106740000964EFE07FE413040471379902407D147B
:10675000420429454180EF40304409C483270900A1
:10676000858BF5F73795010013054571EFE0A04ED5
:106770004800EFE07FC085473EC2930700203ED629
:10678000B70700023EC58566930700083ECD370770
:1067900020001389068093070004378402403AC919
:1067A0004AD202CC02D002D802DE82C482C882CA97
:1067B00082CC02C33ECF02D31C48938616A03785F5
:1067C00001808D9B1CC8B245A24710401305150CD3
:1067D000CD8FB78520FF9385F5106D8ED18F424602
:1067E000B7950240D18F5246D18F7246D18F225633
:1067F000D18F5256D18F6256D18FD58F1CC01C407D
:10680000B7061000D58F1CC086479646D58FB64672
:10681000D58F5CC0F6471CC486575CC43656A65755
:10682000144CD18F4656D18F5656D18F6656D18F84
:106830004166130616F4F18ED58F9656C206D58F93
:106840001CCC8A46F657D58F5CCC5A46BA47944D35
:10685000D18F3746DEF8130636F2F18ED58F8A5681
:1068600037060020D58FB70620029386060CD58FF9
:106870009CCD93060654DC32CC22A207CD8F3CC0BF
:1068800083461654834706548545A206DD8E83470A
:106890002654C207DD8E83473654E207D58F7CC06D
:1068A000B70702002328E410938707022326F41079
:1068B000EFE03FD337750020B7A5002093090560AE
:1068C00009469385050213050560EFE01FC3377580
:1068D0000020B7750020130A05591D4693850562EF
:1068E00013050559EFE09FC523AA419B23AC319BBB
:1068F0001C407D771307F77FF98F1CC083C78199F0
:1069000091C71C4033E9270123202401B7860240A8
:106910009C4251777D17F98F9CC2EFE05FC99C20A4
:106920001384019BB9E70A2021668145EFE0DFB7B8
:10693000A382019C238E019A2387019A0A20238235
:10694000019A238F019A21472146F94523800400AB
:10695000A384E182EFE05FB505472386E19A03A7B0
:10696000019A23A0E19C29616F909FBC13661600D9
:10697000E1B30A20F945EFE0BFAD1376C5FF42064B
:1069800093771500418291CB136626000A20F945C2
:10699000EFE09FB19C20E9F379B713661600FDB7CD
:1069A00083A741991307000293F7070F639FE7003E
:1069B000B79702409C533707FE1FF98F99C7EF9294
:1069C0009FB5EFF01FD36F905FB78280EF92BFB497
:1069D000EF40104CEF405030EFF0FFA0EFF05FFCC5
:1069E0006F90BFB5EF923FB3378702401C4B2E84A8
:1069F00081458D9B1CCB50411C411443D18F378660
:106A000020FF1306F610F18ED58F1445D58F54450F
:106A1000D58F1449D58F5449D58F144DD58F544DEA
:106A2000D58F1451D58F5451D58F1455D58F5455BA
:106A3000D58F1459D58F5459D58F1CC31C43B70615
:106A40001000D58F1CC3545D1C5DD58F3441D58F8C
:106A50007441D58F3445D58F7445D58F3449D58F42
:106A60007449D58F5CC33C4D1CC77C4D5CC7305509
:106A70007C51144FD18F4166130616F4F18ED58FD9
:106A8000745537960240D58F3459D58F7459D58FA8
:106A90003451C206D58F1CCF745D3C5DD58F5CCF61
:106AA0008326450883270508184ED58FB746DEF89C
:106AB000938636F2758FD98F03278508D98F0327E0
:106AC000C508D98F03270509D98F03274509D98F11
:106AD00003278509D98F0327C509D98F0327050AFD
:106AE0002285D98F1CCE2166EFE01F9C2146F945F7
:106AF0002285EFE07F9B05456F903FA4EF921FA09A
:106B000031718545AA847165EFE07FE2854723985E
:106B1000F19AEFF0FFAA3747024083270780096404
:106B20001304047193E747002320F780EFE09F836D
:106B30001389019BEFE05FA5B79902407D144204E1
:106B400029454180EF40500509C483A70900858B82
:106B5000F5F74800EFE05F828567938707803ED2B4
:106B600085473EC2930700203ED683550900B707EC
:106B700000023EC593070008370420003ECD4800C0
:106B80009307000422C93ECF02CC02D002D802DE15
:106B900082C882C482CA82CC02C302D3EFF09FE4CF
:106BA000DC30D820B7860240A207D98FBCC298300B
:106BB0009C203785018022075D8FBC208545130509
:106BC000150CC2075D8FBC30E207D98FFCC2B70736
:106BD000020023A886109387070223A6F610EFE091
:106BE0005FA029616F90DF94EF92FF92B797024008
:106BF000C04B13170401635A0702137704081DC31F
:106C000003A74199C1461377070F6319D700F847C7
:106C1000B7060080584714C323A4070013050008D3
:106C2000EFE07F972165EFE01F979317F40063DA99
:106C300007029377040489C713050004EFE0BF95AA
:106C40009377140081C70545EFE0FF946358040073
:106C5000EFF0BF9937050080EFE0FF934165EFE06B
:106C60009F936F909F8DEF921F8B2A841305400690
:106C7000EF40E075EFE00FE723AAA198EFF0BF8F98
:106C80003C3058202285B98F5830B98F37470300E0
:106C900013071740B387E70237A72600130797ECBF
:106CA000BA9723A4F19AEFF07FE537750020B7A5D6
:106CB000002013040560094693850502130505604D
:106CC000EFE0BF8337750020B775002093040559A6
:106CD0001D469385056213050559EFE03F8623AAFB
:106CE000919A23AC819A0967B7E700E023A4E710E3
:106CF000A38607446F907F84EF92FF8139719307D9
:106D000000603ECA9307405B3ECC85679387472768
:106D10003ECE930720033ED0930730103ED2B727D4
:106D2000554089073ED4B7670000938767FC3ED67D
:106D3000B7670000938707FA3ED8B76700009387CC
:106D400007F63EDAB7573412938787672A894808CF
:106D50002EC632C4B68402DC3EDEEF5080022A84A6
:106D600019E92246B245A6864A85EF4070752A8405
:106D70002685EFF05FEF228521616F900FFC828006
:106D8000EF926FF937E40020930484D088444111D6
:106D9000EF100050DC442547FD176365F704656775
:106DA0008A0713074772BA979C431375F50F1304AC
:106DB00084D0828789470E285CC4A1810DA00C284D
:106DC0000844EF10004EA9475CC429A80844814537
:106DD000EF10204D8D47CDBF058905C59545084469
:106DE000EF10204C41016F904FF51E2C5848814503
:106DF0003E97850708A3C2073A2CC1831EACE3E087
:106E0000E7FE0C2048407C0001478D46054602C63F
:106E1000EF40A002B247F9D7B7E700E0116723A01F
:106E2000E720C9B7954741BF0C280844EF106047D9
:106E3000994759BF1A2C3E2CE375F7FC5C48930622
:106E4000170016ACBA978C2359BFEF92CFECC167ED
:106E5000011189073ECA37E40020B707180093875D
:106E60000720AE84130484D06C003ECC2A8908C469
:106E700002C602C802CEEF10803637760000B77522
:106E80000000014789464A851306E6D7938505D851
:106E9000EF10603B3745004005469305000613059B
:106EA0000580EFE03FBA371501408565130505C041
:106EB000EF10601A89652946938505712685EF10C4
:106EC000500B04D005616F904FE7EF92CFE437E4A9
:106ED00000204111A547130484D05CC40CA0B71452
:106EE00001402AC6EF30703248C08565138504C062
:106EF000EF10601708449945EF10A03A3246082079
:106F0000FD55EF30B03F2A840545EF30E05413853E
:106F100004C08565EF102014854711456313F40004
:106F2000014541016F906FE1EF92EFDE37E4002001
:106F30004111A147130484D05CC40CA0B7140140D4
:106F40002AC6EF30902C48C08565138504C0EF1029
:106F5000801108449545EF10C03432460820FD5595
:106F6000EF30D0392A848565138504C0EF10A00E58
:106F7000854711456313F400014541016F90EFDB34
:106F8000EF92CFD737E40020930784D02A8A885322
:106F9000B7440040AE893289130484D0EF104074A6
:106FA000938A048089455685EFE03FAC15C9D285A8
:106FB00013850480EFE0FFAA0850B7440040138A0D
:106FC0000480EF10E07185455285EFE01FAA0DC1E6
:106FD00013850480EFE03FA92380A900014539A073
:106FE0000850EF100071E37FA9FA19456F904FD454
:106FF0000850EF100070E378A9FCC5BFEF92AFD145
:10700000AA843715014041118565130505C0EF10AD
:10701000800526869305F1001545EFF07FF69C87E5
:107020002A84858B91C375D5371501408565130575
:1070300005C0EF104002228541016F900FD0EF9202
:10704000EFCBB7E40020938784D02A89885341117D
:107050003684AE8A328AEF106040374500400146E0
:107060009305000613050580EFE0DF9D2285EFF014
:10707000FFF8371501408565130505C0EF00B07EA8
:1070800022869305F1000D45EFF09FEF22869305D0
:10709000F10013558900EFF0BFEE1375F90F22864A
:1070A0009305F100EFF0DFEDAA890149938484D0C4
:1070B00093170901C18363FB4701B3852A01228627
:1070C0000145EFF0FFEBAA8905097DD13715014095
:1070D0008565130505C0EF0010783745004005466B
:1070E0009305000613050580EFE0DF958850EF104B
:1070F00040614E8541016F90AFC3EF92CFC137140D
:1071000001404111130504C08565EF00D0750546A7
:107110009305F1001945EFF0BFE6AA840545EF405D
:10712000002B130504C08565EF00F0722685410130
:107130006F90AFC0EF928FBC2A8437150140411188
:10714000130505C02E8A8565B684B289EF00B0713B
:1071500026869305F1000945EFF09FE22686930508
:10716000F10013558400EFF0BFE11375F40F26868C
:107170009305F100EFF0DFE02A8901449317040141
:10718000C18363FD3701B3078A00882326869305F0
:10719000F100EFF0FFDE2A8905046DD137150140BB
:1071A0008565130505C0EF00106B4A8541016F909E
:1071B0002FB8EF92CFB32A8C37450040B2842E8B84
:1071C00001469305000613050580368AEFE09F8788
:1071D00033079C00A167114963C9E706BDC4814913
:1071E000930B0004B7EA00205285EFF03FE193775C
:1071F000FC03B387FB40C207C1833E8463F3F40002
:107200002684420441802286B3053B011385CAD2FD
:10721000EFC010375285EFF05FEE2A891DE5D28668
:1072200022869385CAD26285EFF0DFF02A8911EDBC
:10723000818CA299C2046294C209131C0401C1800A
:1072400093D90901135C0C01C5F037450040054690
:107250009305000613050580EFE0CFFE4A856F9089
:107260008FACEF92AFA937E40020130484D0411112
:10727000B6894CC832AC18A03AC60AA8231C040030
:10728000EF30A078324748C04E85BA85EFF0DFC9AD
:10729000AA840DE9371901408565130509C0EF007F
:1072A000905C0844914789455CC4EF00907F0820BA
:1072B000FD554E86EF309004AA848565130509C0FC
:1072C000EF007059854701456383F4001145410182
:1072D0006F900FA6EF92AFA1BA8BA1673307C500DD
:1072E00063C1E7082A893284114535CA2E8B368A54
:1072F0008149130C0004B7EA00209377F903B30720
:10730000FC40C207C183BE846373F400A284C2043C
:10731000C180B3053B0126861385CAD2EFC0502633
:10732000DE855285EFF05FC01DE989455285EFF09B
:10733000DFB915E50947D28626869385CAD24A85E4
:10734000EFF03FF209ED058CA69942042699C20997
:107350004209418093D909011359090159FC6F90E1
:107360008F9C1145EDBF9E2141112AC23EC4224788
:10737000924693070010918FB387D7023306E60237
:10738000B297A1833EC6B24732459EA142054181D4
:10739000410182801A251C410607BA978EA31E253B
:1073A0005A218507C207C1831EA563E4E7002314A1
:1073B0000500828052211A2581469305F6FFC205F9
:1073C000C1818147631CD6000315A5003305C502A2
:1073D000898F33C5C70242054185828011E32E871C
:1073E0007D1742070328050041839318170046982C
:1073F000031808008506C206C297C182E1B737E5C7
:1074000000201305C5D68280B7E700209387C7D632
:107410003E958280EF922F9037E500201306D00B27
:1074200081451305C5D6EF900F926F900F91B7E786
:1074300000209387C7D63E950CA18280B7E7002035
:107440009387C7D63E9508218280B7E700209387AF
:10745000C7D6AA979833A82322074205498F8823C5
:10746000498FA8336205598D8280B7E70020938742
:10747000C7D63E9593D785000CA11CB193D70501C3
:10748000E1813CA12CB18280B7E700209387C7E35C
:1074900023A0070023A2070023940700B7E70020DA
:1074A0009387C7E223A0070023A2070023A40700B5
:1074B000239607002393019C82809387C19C23A07D
:1074C000070023A207002394019C82809147D38761
:1074D00005F063E7A7029317150037E500201305B1
:1074E000C5E33E951C21A9C3143137E700201307DB
:1074F000C72BB697FD17C207C183B14563F5D70007
:10750000D30700F015A06389F6003386B7023A96D8
:1075100018625306F7A001CEB146B387D702BA97D7
:10752000D4639867C3F7D770538507E08280FD174F
:10753000C207C183E1B785476383F50437E70020BD
:1075400006051307C7E32A971C2385E79386619CEA
:107550009E221306400605453388B70063420603A2
:107560001CB3FD171386F5FFAE9710A39EA201452D
:107570008280FD1501456385B700094582800D4570
:10758000828085476382F50406059387C19CAA978C
:1075900098230DE703D7819C9306000505452E9798
:1075A00063C5E6021387F5FF9386619C98A39A2230
:1075B000014598B37D172E979AA28280FD1501454B
:1075C0006305B700094582800D4582808D47D387CA
:1075D00005F063E5A702931715001385C19C3E953E
:1075E0001C21A9C3143137E70020130787E4B6979D
:1075F000FD17C207C183B14563F5D700D30700F07B
:1076000015A06389F6003386B7023A9618625306CE
:10761000F7A001CEB146B387D702BA97D463986773
:10762000C3F7D770538507E08280FD17C207C18377
:10763000E1B7530606F0D30707F0D38607F0538768
:1076400006F0D3F5D708D3F6C6105375E608C7F78A
:10765000E7685377C708D3F5A518D3F7E7180CE107
:107660009CE182809317150037E500201305C5E3E0
:107670003E951C216378F604EF82FFE90031B147A3
:107680002E8922961314060141803304F402032745
:107690000900832789008326C90003264900B7E42F
:1076A00000209384C42B9305840013054400269581
:1076B000A695EFF01FF88727C900269401451CE026
:1076C0006F80BFE709458280931715001385C19C21
:1076D0003E951C21850763C3C702EF825FE137EA4D
:1076E00000200149AE8A9309F6FFAA84B14B130A20
:1076F0008AE46347390101456F80FFE209458280D2
:10770000803093163900338BDA004A9433047403C3
:10771000A106D6969C4203270B00D44203264B00B9
:1077200005091379F90F9305840013054400D295D8
:107730005295EFF01FF087274B0052941CE055BF85
:10774000B1473305F502B7E700209387C77BAA97B7
:107750008CA30145828037E700201307C77B1306FF
:10776000070385470C23142181CDDD8E860714A1E4
:1077700093F7F70F91E385473107E315E6FE828023
:1077800093C5F7FFED8EDDB737E7002013070773CA
:107790001306C70885474C2B142181CDDD8E860743
:1077A00014A193F7F70F91E385477107E315E6FE00
:1077B000828093C5F7FFB3E6B60293F6F60FC5B71E
:1077C000EF827FD5B7E7002083A7477F4111488626
:1077D000CC86AA972380070003A5819D2E8481462D
:1077E0007D566C00EF10B065930700086314F40039
:1077F00023AA019C41016F805FD41385819D828003
:10780000B7E7002003D5877F8280EF82DFD03E2953
:1078100037E400201304C47E3EA85C4903490500F8
:1078200054455CC81C451829AA844A863E85814572
:107830001CC454C418A823002401EF80DFD0D84012
:107840004A86814558C0EF801FD003A5819D8145A0
:10785000EF10D04701456F805FCEEF823FCAB7E49B
:10786000002001449384C47E05498949094A9C202B
:10787000636DF400B62881CA9387419D984305073C
:1078800063E9E60698C36F80BFCADC482285829709
:1078900063112503DC40A297982301CB23800700C6
:1078A000930500042285EFF0BFF105041374F40F73
:1078B0007DBF984422971C23850793F7F70F1CA3DD
:1078C000D8402297142389EA9428E3E0D7FE2300C6
:1078D000270193050008F9B7F03463E4C700638714
:1078E0002601F024E3E3C7FCE39146FD23003701C2
:1078F000CDB793050002014523A00700EFF05FEC30
:1079000059B7EF825FC105E5B7170240984F13677B
:10791000072098CFD84713670720D8C7D8471377D1
:10792000F7DFD8C73165EFD01FE86F801FC18547EB
:10793000E31AF5FEB7170240984F1367074098CF38
:10794000D84713670740D8C7D8471377F7BFD1BFC9
:10795000EF827FBC1317250093874187BA97804336
:10796000370700FC7D171C44AA8493E717001CC44A
:107970005C40F98F5CC01C4493E787001CC42285DF
:10798000EFD0AFEC6DFD1C4493E747001CC422858B
:10799000EFD02FEC6DFD2285EFD0EFFC86049387AE
:1079A000419EA6978AA36F805FB90A059387418796
:1079B000AA979C43E84742054181828031712AD7CA
:1079C000372501402ED506DF16DD1ADB1ED932D34E
:1079D00036D13ACF3ECD42CB46C972C776C57AC3BF
:1079E0007EC182FE86FC8AFA8EF892F696F49AF2AE
:1079F0009EF0A2EEA6ECAAEAAEE8B2E6B6E4BAE2DF
:107A0000BEE0930500221305054042FE46FC4AFAFB
:107A10004EF852F656F45AF25EF062EE66EC6AEAFE
:107A20006EE872E676E47AE27EE0EFD00FF201C50E
:107A300083A7C19D82973735014093050022130526
:107A40000580EFD08FF001C583A7019E8297FA5081
:107A5000EA525A53CA533A55AA551A568A567A4781
:107A6000EA475A48CA483A4EAA4E1A4F8A4F767089
:107A7000E6705671C6713672A67216738673766496
:107A8000E6645665C6653666A666166786677278CA
:107A9000E2785279C279327AA27A127B827B726C56
:107AA000E26C526DC26D326EA26E126F826F2961EE
:107AB0007300203006059387419EAA97839707009D
:107AC0000145AE9763C0070291CD85661387F6FF27
:107AD0003A8563D9D7002E856386E50013950701A3
:107AE000418182808280EF827FA17971AA842E8A6F
:107AF0003289B6893AC6EFF0DFE0324713942400AA
:107B00001386C19D229618C28145130600020808FB
:107B1000EF807FA385472302F10293874187A297D5
:107B2000804352CEB7070E00630CFA021C4437079D
:107B30001000D98F1CC40C082285EFD04FCA4E8686
:107B4000CA8513052002B52B054693050022228520
:107B5000EFD04FCE2685EFF0BFDF45616F805F9D90
:107B60001C443707F0FF7D17F98FE9B7EF82BF9A02
:107B70002A8437050020112B1C40814501451397AD
:107B800027009387C182BA97944318445C40D98FE9
:107B90005844D98F1848D98FB397D700377700400A
:107BA0002320F740032607408547B397D700D18F9E
:107BB0002320F740EFD02FF16F803F98EF82BF95E1
:107BC000131425000945411133158500EFD00FF836
:107BD0008547631FF500B7F7002093874780A2977A
:107BE0009C432AC68297324533158500EFD0CFF6E5
:107BF00041016F809F94317106DF16DD1ADB1ED9BB
:107C00002AD72ED532D336D13ACF3ECD42CB46C934
:107C100072C776C57AC37EC182FE86FC8AFA8EF868
:107C200092F696F49AF29EF0A2EEA6ECAAEAAEE8DC
:107C3000B2E6B6E4BAE2BEE0014542FE46FC4AFACC
:107C40004EF852F656F45AF25EF062EE66EC6AEACC
:107C50006EE872E676E47AE27EE0EFF03FF6FA5004
:107C6000EA525A53CA533A55AA551A568A567A476F
:107C7000EA475A48CA483A4EAA4E1A4F8A4F767077
:107C8000E6705671C6713672A67216738673766484
:107C9000E6645665C6653666A666166786677278B8
:107CA000E2785279C279327AA27A127B827B726C44
:107CB000E26C526DC26D326EA26E126F826F2961DC
:107CC00073002030317106DF16DD1ADB1ED92AD78A
:107CD0002ED532D336D13ACF3ECD42CB46C972C72C
:107CE00076C57AC37EC182FE86FC8AFA8EF892F649
:107CF00096F49AF29EF0A2EEA6ECAAEAAEE8B2E6FC
:107D0000B6E4BAE2BEE0054542FE46FC4AFA4EF849
:107D100052F656F45AF25EF062EE66EC6AEA6EE8EB
:107D200072E676E47AE27EE0EFF05FE9FA50EA523A
:107D30005A53CA533A55AA551A568A567A47EA47A9
:107D40005A48CA483A4EAA4E1A4F8A4F7670E67081
:107D50005671C6713672A672167386737664E664BF
:107D60005665C6653666A666166786677278E278D7
:107D70005279C279327AA27A127B827B726CE26C7F
:107D8000526DC26D326EA26E126F826F29617300E6
:107D90002030317106DF16DD1ADB1ED92AD72ED529
:107DA00032D336D13ACF3ECD42CB46C972C776C523
:107DB0007AC37EC182FE86FC8AFA8EF892F696F429
:107DC0009AF29EF0A2EEA6ECAAEAAEE8B2E6B6E41B
:107DD000BAE2BEE00D4542FE46FC4AFA4EF852F6C3
:107DE00056F45AF25EF062EE66EC6AEA6EE872E60B
:107DF00076E47AE27EE0EFF07FDCFA50EA525A5302
:107E0000CA533A55AA551A568A567A47EA475A48E3
:107E1000CA483A4EAA4E1A4F8A4F7670E67056718B
:107E2000C6713672A672167386737664E6645665FA
:107E3000C6653666A666166786677278E2785279F6
:107E4000C279327AA27A127B827B726CE26C526DBA
:107E5000C26D326EA26E126F826F29617300203084
:107E6000317106DF16DD1ADB1ED92AD72ED532D3A3
:107E700036D13ACF3ECD42CB46C972C776C57AC31A
:107E80007EC182FE86FC8AFA8EF892F696F49AF209
:107E90009EF0A2EEA6ECAAEAAEE8B2E6B6E4BAE23A
:107EA000BEE0114542FE46FC4AFA4EF852F656F440
:107EB0005AF25EF062EE66EC6AEA6EE872E676E42A
:107EC0007AE27EE0EFF09FCFFA50EA525A53CA535B
:107ED0003A55AA551A568A567A47EA475A48CA481E
:107EE0003A4EAA4E1A4F8A4F7670E6705671C67196
:107EF0003672A672167386737664E6645665C66536
:107F00003666A666166786677278E2785279C27915
:107F1000327AA27A127B827B726CE26C526DC26DF5
:107F2000326EA26E126F826F29617300203093F758
:107F3000060113F8F60099C33368C80093F7F50FEC
:107F4000B9C31C410147854E3D4F930F80029302F8
:107F50008004214E3396EE00B3F8C500631116037A
:107F60009318270033131F011343F3FFB377F30074
:107F7000B3181801B3E7F800639FF60550C9050769
:107F8000E31AC7FD1CC19307F00F63F5B70458410E
:107F90002146854E3D4F930F800293028004414E4F
:107FA000B398CE00B3F715016392F8029317260039
:107FB00081173313FF001343F3FF3377E300B31745
:107FC000F8005D8F639DF601232A15010506E3196C
:107FD000C6FD58C18280E39456FA10C94DB7E397A5
:107FE00056FE23281501DDB7EF82EFD2C1460D46BC
:107FF000EFF0FFF36F806FD4EF82EFD181460D4633
:10800000EFF0FFF26F806FD3EF82EFD091460D4615
:10801000EFF0FFF16F806FD2EF82EFCF41112A8432
:10802000AE8409CE371702401C4F36C6854593E70C
:1080300017001CCF3285EFD04FE9B2460D46A6851A
:108040002285EFF0DFEE41016F802FCF08456D8D67
:108050003335A00082800CC982804CC5828048459F
:108060004205418182804CC98280EF82CFCA11458E
:108070001D2821450D2841453D20130500022520DE
:10808000130500040D206F804FCBB7170240D84F67
:10809000498FD8CF984B498F98CB984B1345F5FF14
:1080A000798D88CB8280B7170240984F498F98CF3F
:1080B000D847498FD8C7D8471345F5FF798DC8C72A
:1080C000828037E700E09605B307A70093F5F50F28
:1080D0002380B740935755009387070485468A0746
:1080E000B396A600BA9794C38280557122DF3ED31F
:1080F00086C7B737004096C59AC39EC12ADD2EDBDE
:1081000032D936D73AD542D146CF72CD76CB7AC95D
:108110007EC782FE86FC8AFA8EF892F696F49AF270
:108120009EF0A2EEA6ECAAEAAEE8B2E6B6E4BAE2A7
:10813000BEE01384078083D7078042FE46FC4AFADC
:108140004EF852F656F45AF25EF062EE66EC6AEAC7
:108150006EE872E676E47AE27EE0858B99CB83A7BF
:10816000819E82975E20C207C183F99BC207C183AB
:108170005EA0EFD09F8A7A54BE40AE421E438E432B
:108180006A55DA554A56BA562A579A570A58FA483B
:108190006A4EDA4E4A4FBA4F7670E6705671C67123
:1081A0003672A672167386737664E6645665C66583
:1081B0003666A666166786677278E2785279C27963
:1081C000327AA27A127B827B726CE26C526DC26D43
:1081D000326EA26E126F826F696173002030EF827F
:1081E0008FB3AA842E8429E50565EFF0DFEBB7078E
:1081F00000209387C7288A043624BE941E24984002
:10820000D58F5440D58F5624D58F7624D58F1628F8
:10821000D58F1440D58F93E74710C207C1831EA3A3
:108220005E2F93F747105EAF3E281EAB6F80EFB016
:10823000854711656386F4008947E39AF4FA21655E
:10824000EFF0BFE46DB7EF820FAD85472A84631569
:10825000F5022E89B284B6853A8613054003EFF005
:108260005FE663060900B7F7002023A2278589C4CB
:10827000B7F7002023A49784370500200A041305CC
:10828000C528229508418545EFD02FFA6F80EFAAC7
:10829000B70700200A059387C728AA979C43CA27D7
:1082A0008280B70700200A059387C728AA979C43B6
:1082B000CEA7828031712AD7374500402ED506DF00
:1082C00016DD1ADB1ED932D336D13ACF3ECD42CBA2
:1082D00046C972C776C57AC37EC182FE86FC8AFA19
:1082E0008EF892F696F49AF29EF0A2EEA6ECAAEA26
:1082F000AEE8B2E6B6E4BAE2BEE0930510071305B5
:10830000058042FE46FC4AFA4EF852F656F45AF2FE
:108310005EF062EE66EC6AEA6EE872E676E47AE2B5
:108320007EE0EFD02FF511C5B7F7002083A7878433
:108330008297374500409305000613050580EFD06E
:108340006FF311C5B7F7002083A747848297FA50CF
:10835000EA525A53CA533A55AA551A568A567A4778
:10836000EA475A48CA483A4EAA4E1A4F8A4F767080
:10837000E6705671C6713672A6721673867376648D
:10838000E6645665C6653666A666166786677278C1
:10839000E2785279C279327AA27A127B827B726C4D
:1083A000E26C526DC26D326EA26E126F826F2961E5
:1083B000730020309306F5FF954763FCD702A14771
:1083C0003707100063E9A7009317250065651305BB
:1083D000C5743E951841B7170240D447D98ED4C70B
:1083E000D0479346F7FFF18ED4C7944F558F98CF5F
:1083F0008280130700026386F6009387C187B697D1
:108400009823B7170240944BD98E94CB904B934648
:10841000F7FFF18E94CBD44F558FD8CF8280EF8267
:108420008F8FE5671317250093870777BA978443E3
:108430002A8485452685EFD07F9E8547631EF500FB
:1084400051453304A40237F50020130545852295D4
:108450005C458297F9579EA86F802F8EE5670A05C5
:1084600093870777AA979C43239207029A2313675F
:1084700017009AA38280317106DF16DD1ADB1ED940
:108480002AD72ED532D336D13ACF3ECD42CB46C9AC
:1084900072C776C57AC37EC182FE86FC8AFA8EF8E0
:1084A00092F696F49AF29EF0A2EEA6ECAAEAAEE854
:1084B000B2E6B6E4BAE2BEE00D4542FE46FC4AFA38
:1084C0004EF852F656F45AF25EF062EE66EC6AEA44
:1084D0006EE872E676E47AE27EE0EFF05FF4FA505E
:1084E000EA525A53CA533A55AA551A568A567A47E7
:1084F000EA475A48CA483A4EAA4E1A4F8A4F7670EF
:10850000E6705671C6713672A672167386737664FB
:10851000E6645665C6653666A6661667866772782F
:10852000E2785279C279327AA27A127B827B726CBB
:10853000E26C526DC26D326EA26E126F826F296153
:1085400073002030317106DF16DD1ADB1ED92AD701
:108550002ED532D336D13ACF3ECD42CB46C972C7A3
:1085600076C57AC37EC182FE86FC8AFA8EF892F6C0
:1085700096F49AF29EF0A2EEA6ECAAEAAEE8B2E673
:10858000B6E4BAE2BEE01D4542FE46FC4AFA4EF8A9
:1085900052F656F45AF25EF062EE66EC6AEA6EE863
:1085A00072E676E47AE27EE0EFF07FE7FA50EA5294
:1085B0005A53CA533A55AA551A568A567A47EA4721
:1085C0005A48CA483A4EAA4E1A4F8A4F7670E670F9
:1085D0005671C6713672A672167386737664E66437
:1085E0005665C6653666A666166786677278E2784F
:1085F0005279C279327AA27A127B827B726CE26CF7
:10860000526DC26D326EA26E126F826F296173005D
:108610002030317106DF16DD1ADB1ED92AD72ED5A0
:1086200032D336D13ACF3ECD42CB46C972C776C59A
:108630007AC37EC182FE86FC8AFA8EF892F696F4A0
:108640009AF29EF0A2EEA6ECAAEAAEE8B2E6B6E492
:10865000BAE2BEE0114542FE46FC4AFA4EF852F636
:1086600056F45AF25EF062EE66EC6AEA6EE872E682
:1086700076E47AE27EE0EFF09FDAFA50EA525A535B
:10868000CA533A55AA551A568A567A47EA475A485B
:10869000CA483A4EAA4E1A4F8A4F7670E670567103
:1086A000C6713672A672167386737664E664566572
:1086B000C6653666A666166786677278E27852796E
:1086C000C279327AA27A127B827B726CE26C526D32
:1086D000C26D326EA26E126F826F296173002030FC
:1086E000E5670A0593870777AA979C4323920702B9
:1086F0008280E5670A0593870777AA979C43CA3368
:108700008280E5670A0593870777AA9798431E2317
:10871000C207C183F99BC207C1831EA38280E5679C
:108720001317250093870777BA979C439A27420728
:108730004183619B420741839AA751473306E50273
:10874000962337F7002013074785C206C18293F6A8
:10875000F6C832975223D18E96A316233A23D6B762
:108760009AB709E537370140231807C20547DAAB46
:108770008280EF725FDA41112A842EC632C4EFF094
:108780007FC3B24503A70182D147B306F402224654
:10879000B7F700209387478522853357B702B697EE
:1087A00092A3BAA3EFF0BFF741016F701FD9EF7228
:1087B0009FD601112A843AC83EC62ECE32CC36CA84
:1087C000EFF05FBF5145B308A402624637F50020C1
:1087D00013054585F245D246469512A103A80182AC
:1087E00054C5231205003358B80223110501228510
:1087F000EFF0FFF2E5661316240093860677B29633
:1088000094427956B24792AACA2642471365150088
:10881000CAA68D461305E0026309D40091461305EC
:1088200020046304D4001305C0033E86BA85EFF02C
:108830005F8905616F707FD0EF72FFCD01112A84CF
:10884000B6842EC632C402C802CA02CC02CEEFF0F1
:108850007FB6D1473307F4022246B245B7F700206E
:1088600013190601938747851359090122850A04C4
:108870003306B602BA9783A501822390270123927B
:10888000070033D6C502B2A3EFF07FE9C167656583
:1088900093870707130505773EC82295231B2101FF
:1088A000231C010093F71400004189CB0C0822859A
:1088B000EFD06FA981452285EFD0CFD193F7240067
:1088C00089CB0C082285EFD02FB081452285EFD0CF
:1088D0004FD193F7440089CB0C082285EFD0AFB974
:1088E00081452285EFD04FD1A18889C80C08228507
:1088F000EFD02FC381452285EFD0EFD01E20216716
:1089000093E707081EA083574404D98F2312F40469
:1089100005616F709FC2EF721FC0E5670A059387FC
:108920000777AA978043A167FD17035744044111B5
:1089300002C27D8F2312E4040357440402C402C61A
:10894000F98F2312F404C167938707073EC0894754
:108950007C84708393F71500AE8489C78A8522854D
:10896000EFD06F9E93F7240089C78A852285EFD0C8
:10897000AFA593F7440089C78A852285EFD0AFAFB2
:10898000A18889C48A852285EFD0AFB98357440472
:108990002167D98F2312F40441016F701FBAE56774
:1089A0000A0593870777AA979843A16683574704D8
:1089B000D58F2312F7048280EF725FB4854741118F
:1089C0002A842E8A3289B684BA896304F50415CDC7
:1089D00089476305F5048D476305F504B1477C8538
:1089E000B7070020938787290A043E9408408A85A8
:1089F00052C0231231012313210164842316010084
:108A0000EFD00FC441016F70BFB21165EFF0AFE955
:108A1000F1B737050200EFF04FE7C9B7370504009B
:108A2000DDBF37050800C5BFB70700200A059387DB
:108A30008729AA97984389665E27D58F5EA782808B
:108A4000EF727FAD85472E89B2842A84B6853A8637
:108A50006300F5028D476302F50237F500200E042E
:108A60001305859022952320250144C16F70FFAC2A
:108A700013056003EFF0EFE4CDB713054004DDBF4D
:108A8000B70700200A0593878729AA979C43CEA39E
:108A9000DA2713670704DAA7828023A6B19EB707F7
:108AA00000200A0593878729AA9798435E2793E7B2
:108AB00007025EA78280B70700200A0593878729EF
:108AC000AA9798435E27C207C18393F7F7FDC207B1
:108AD000C1835EA78280EF727FA237040020130952
:108AE0008429931925004E99AA840325090093052A
:108AF000606213048429EFD0EFC28547631BF5023F
:108B00000325090093056062EFD0CFC10327090058
:108B10005E27C207C18393F7F7FBC207C1835EA735
:108B200037F700209397340013078790BA97DC43F8
:108B300082974E94084093055052EFD0AFBE8547C0
:108B4000631FF5001C4037F500208E04DA2383A74D
:108B5000C19E13058590269598A31C4182976F703E
:108B60003F9D317106DF16DD1ADB1ED92AD72ED5BF
:108B700032D336D13ACF3ECD42CB46C972C776C545
:108B80007AC37EC182FE86FC8AFA8EF892F696F44B
:108B90009AF29EF0A2EEA6ECAAEAAEE8B2E6B6E43D
:108BA000BAE2BEE0054542FE46FC4AFA4EF852F6ED
:108BB00056F45AF25EF062EE66EC6AEA6EE872E62D
:108BC00076E47AE27EE0EFF01FF1FA50EA525A536F
:108BD000CA533A55AA551A568A567A47EA475A4806
:108BE000CA483A4EAA4E1A4F8A4F7670E6705671AE
:108BF000C6713672A672167386737664E66456651D
:108C0000C6653666A666166786677278E278527918
:108C1000C279327AA27A127B827B726CE26C526DDC
:108C2000C26D326EA26E126F826F296173002030A6
:108C3000317106DF16DD1ADB1ED92AD72ED532D3C5
:108C400036D13ACF3ECD42CB46C972C776C57AC33C
:108C50007EC182FE86FC8AFA8EF892F696F49AF22B
:108C60009EF0A2EEA6ECAAEAAEE8B2E6B6E4BAE25C
:108C7000BEE00D4542FE46FC4AFA4EF852F656F466
:108C80005AF25EF062EE66EC6AEA6EE872E676E44C
:108C90007AE27EE0EFF03FE4FA50EA525A53CA53C8
:108CA0003A55AA551A568A567A47EA475A48CA4840
:108CB0003A4EAA4E1A4F8A4F7670E6705671C671B8
:108CC0003672A672167386737664E6645665C66558
:108CD0003666A666166786677278E2785279C27938
:108CE000327AA27A127B827B726CE26C526DC26D18
:108CF000326EA26E126F826F296173002030156789
:108D0000B73700401307575598C31147D8C30567B5
:108D1000130707FA98C72D671307A7AA98C33567E3
:108D20001307C7CC98C38280AD673737004093875D
:108D3000A7AA1CC38280938701A09843636DA702F2
:108D4000D043B386C7006316D50054413E85B29622
:108D5000D4C35041B306C500631AD70083A6019F50
:108D60006306D70054431843B29654C118C1630335
:108D7000F50088C38280BA87C9B749CDEF72AFF9D1
:108D8000032745FF83A7419F2A84B376F7009DE21E
:108D9000A167938707807390073037960100379556
:108DA000010013064679930540121305C57BEFB009
:108DB000905801A0832605FF9DC2A1679387078075
:108DC00073900730379601003795010013064679F6
:108DD000930550121305C57BEFB0F05501A093C762
:108DE000F7FFF98F232AF5FEEF10C02C9387819FA0
:108DF0009443032744FF130504FF369798C3EFF00D
:108E00009FF39387C19F9843050798C3EF10A04332
:108E10006F70AFF28280B7E700E041572387E740E9
:108E20002386E740B7F700E023A0070023A207004E
:108E3000814694C70147D8C783A501821307803EA6
:108E4000814633D6E5023D4790CBD4CB98C3828090
:108E5000EF726FEC411102C6F32750303EC6B247A5
:108E60000D478D8B6384E702A1679387078073901A
:108E7000073037960100379501001306067E9305EB
:108E8000600B1305C57BEFB0104B01A0B787012025
:108E900093870700BD8B9DC3A1679387078073905D
:108EA000073037960100379501001306067E9305BB
:108EB000B00B1305C57BEFB0104801A0EFF0BFF574
:108EC000B7E700E0056723A0E710116723A0E710CC
:108ED00023AA0182EF70CFC2014541016F70EFE517
:108EE000197182FE86FC8AFA8EF892F696F49AF24E
:108EF0009EF0A2EEA6ECAAEAAEE8B2E6B6E4BAE2CA
:108F0000BEE042FE46FC4AFA4EF852F656F45AF2D9
:108F10005EF062EE66EC6AEA6EE872E676E47AE2A9
:108F20007EE073110134A167938707807390073047
:108F3000B7F700E023A20700EF10E01811C5B7E76C
:108F400000E0116723A0E720A167938787887390CB
:108F50000730731101347670E6705671C67136723F
:108F6000A672167386737664E6645665C6653666C1
:108F7000A666166786677278E2785279C279327A85
:108F8000A27A127B827B726CE26C526DC26D326E81
:108F9000A26E126F826F096173002030A167938700
:108FA000078073900730938741839843050798C3E0
:108FB0008280138741831C438DE7EF72CFD5A16771
:108FC000938707807390073037960100379501002B
:108FD0001306067E930520101305C57BEFB0B03550
:108FE00001A0FD171CC391E7A16793878788739041
:108FF0000730828021651305058073150530828056
:10900000731005308280EF720FD141111DE1A1670D
:10901000938707807390073037A6010037950100CA
:1090200013068680930550061305C57BEFB0B0305C
:1090300001A0F1473EC632476304F702A167938758
:1090400007807390073037A601003795010013069B
:1090500086809305D0061305C57BEFB0D02D01A007
:109060002A842320050011055D2C85471CAC228530
:1090700041016F708FCCEF726FC81DE1A1679387BC
:1090800007807390073037A601003795010013065B
:1090900086809305A0141305C57BEFB0D02901A0ED
:1090A000B70900FFB3F93501AE8463840902A167F3
:1090B000938707807390073037A60100379501002A
:1090C000130686809305B0141305C57BEFB0B02658
:1090D00001A09DE1A167938707807390073037A6B1
:1090E000010037950100130686809305C01413050F
:1090F000C57BEFB0502401A02A89B28A368B3A8A08
:10910000EF1010110DE563040A02A1679387078031
:109110007390073037A6010037950100130686804B
:109120009305F0141305C57BEFB0F02001A0EF000C
:10913000707803240900B3F7840063170B029DE7DE
:109140008149630C0A02B3355001E20563050B0047
:10915000B7070004DD8D5286C58D13054900EF1059
:109160008050D289014411A8E39CF4FC63870A0073
:1091700093C7F4FFE18F2320F900EF10C00C638C3C
:10918000090211E5B7E700E0116723A0E720EF101F
:109190009015931765002A8463CD0700EFF01FE058
:1091A00003240900B3F78400631A0B0091EBEFF07E
:1091B0005FE02204218022856F708FB7E399F4FE6F
:1091C000E3870AFE93C4F4FFE18C23209900C5B71E
:1091D000EF726FB441111DE1A1679387078073900F
:1091E000073037A6010037950100130686809305E6
:1091F000101E1305C57BEFB0101401A0B70700FFC8
:10920000ED8F9DC3A167938707807390073037A6C2
:10921000010037950100130686809305201E130573
:10922000C57BEFB0501101A02A842EC6EFF01FD7E6
:10923000B245084093C5F5FFE98D0CC02AC6EFF092
:109240005FD7324541016F704FAFEF722FAB4111C5
:109250001DE1A167938707807390073037A601004F
:109260003795010013068680930510221305C57BF0
:10927000EFB0700C01A0370700FF6D8F1DC3A16711
:10928000938707807390073037A601003795010058
:1092900013068680930520221305C57BEFB0B00925
:1092A00001A02A842EC69309C500EF00B0601C40BF
:1092B000B245084837090001CD8F1CC081447D1993
:1092C000370A00020C40639CA90093C4F4FFED8CA4
:1092D00004C0EF005077084041016F706FA518413E
:1092E000832A4500B377270113165700B3F6B7005A
:1092F0006345060089E65685F1B7E39ED7FE9316CF
:10930000770063D30600DD8CB3E54501EF10005410
:10931000DDB7EF724FA0EFF05FF36F700FA293070E
:1093200085007D575CC118C55CC51CC9232005009C
:1093300082802328050082805C419847DCC198C563
:1093400098474CC38CC71C4188C985071CC18280C3
:109350009841FD5693078500631ED7001C49D843EA
:10936000D8C10CC79CC5CCC31C4188C985071CC18A
:109370008280B687D4439042E37DC7FECDB7544187
:1093800018451C4998C654C3D4436393A600D8C358
:109390009843232805007D1798C388438280EF7285
:1093A0008F9741112AC6EFF07FBF3245005DEFF085
:1093B0005FC01335140041016F702F98EF72AF95A5
:1093C00032893041045D2A8409EE1C41014591E750
:1093D0000844EF10206523240400850404DC6F702A
:1093E000CF95631009024841EFA090195C403840C6
:1093F0000145BA9718445CC0E3E1E7FE1C405CC03D
:10940000E9BF4845EFA0D0173C4058441440B3078B
:10941000F0403E9758C46375D7001844BA975CC4AF
:1094200089470145E31BF9FACDD8FD147DB73041DA
:1094300015C2EF724F8E58451445AA87329758C50A
:109440006364D700184158C52E85CC47EFA0501350
:109450006F70AF8E8280EF720F8C2A84EFF01FB492
:109460008344540413094402E204E18463489002F3
:10947000FD57A302F404EFF0DFB3EFF03FB28344F3
:10948000440413090401E204E18463459002FD579A
:109490002302F404EFF0FFB16F702F8A5C50E9DB18
:1094A0004A85EF10E02C19C1EF10A055FD14E2041D
:1094B000E1846DBF1C48E1DF4A85EF10602B19C1C4
:1094C000EF102054FD14E204E184C1B7EF72AF84C1
:1094D00041111DE1A167938707807390073037A67C
:1094E000010037950100130646829305001113050C
:1094F000C57BEFB0406401A05C5D2EC62A84BDC769
:109500003841B3B7E702BDE3EFF05FA93040585CE4
:109510001440232C0402B307E602B24554C033873B
:10952000F600918FB6975CC4FD572302F40418C46B
:10953000A302F4049DE11C4899CB13050401EF102C
:10954000202311C5B7E700E0116723A0E720EFF063
:109550005FA6054541016F605FFE13050401EFF052
:109560001FDC13054402EFF09FDBD5B7A16793879B
:1095700007807390073037A6010037950100130666
:109580004682930550141305C57BEFB0C05A01A065
:10959000EF627FF801119DE2A167938707807390C6
:1095A000073037A601003795010013064682930560
:1095B00090151305C57BEFB0005801A019C105C671
:1095C00085E5A167938707807390073037A6010070
:1095D0003795010013064682930520181305C57BB5
:1095E000EFB0605501A0F1FD930780043ECE7247B5
:1095F0006304F702A167938707807390073037A64B
:10960000010037950100130646829305B016130535
:10961000C57BEFB0405201A0F24785472383F60493
:1096200091E1368690C2C8DEACC23685854536C625
:10963000EFF0DFE9B246056136856F601FF0EF623B
:109640001FEB011132C61DE1A1679387078073905C
:10965000073037A6010037950100130646829305AF
:10966000E0321305C57BEFB0004D01A02A842E899E
:10967000B6848DE53C419DC3A167938707807390B5
:10968000073037A60100379501001306468293057F
:10969000F0321305C57BEFB0004A01A089476398FB
:1096A000F402585C85476304F702A167938707803B
:1096B0007390073037A601003795010013064682E4
:1096C000930500331305C57BEFB0E04601A0EF1012
:1096D000203415E5B247014C85C7A1679387078001
:1096E0007390073037A601003795010013064682B4
:1096F000930530331305C57BEFB0E04301A0014C67
:10970000094BFD59930B040137EA00E0916AA5A8C3
:10971000B24789E7EFF0FF89014555A063150C00BA
:109720002808EF104021EFF0DF88EF00B018EFF0CD
:10973000FF8683474404E207E187639437012302ED
:10974000040483475404E207E18763943701A302CA
:109750000404EFF01F866C002808EF10A01E35ED02
:10976000EFF0DF83185C5C5C631EF704EFF07F842E
:10977000B2455E85EF00F06A2285EFF0DFCDEF00A5
:10978000902C29C9054CEFF07F81185C5C5C636408
:10979000F700E39F64F72686CA852285EFF01FC293
:1097A0005C5089C713054402EF00907C11C5B7E7F0
:1097B00000E0116723A0E720EFF0AFFF054505614A
:1097C0006F607FD6EFF0EFFE2285EFF0DFC8EF008D
:1097D00090274DBF23205A2175B72285EFF0BFC7D0
:1097E000EF00702615BFEF627FD141111DE1A16727
:1097F000938707807390073037A6010037950100E3
:1098000013064682930520401305C57BEFB0A032B6
:1098100001A02A84B2898DE53C419DC3A16793874D
:1098200007807390073037A60100379501001306B3
:109830004682930530401305C57BEFB0C02F01A0D1
:1098400089476398F602585C85476304F702A1676D
:10985000938707807390073037A601003795010082
:1098600013064682930540401305C57BEFB0A02C3C
:1098700001A036C62EC4EFF0EFF7185C5C5C2A8AB4
:10988000A245B2466366F700894781446393F602B6
:10989000834454041C5C3686228513998401EFF0BE
:1098A000FFB113598941FD576317F9025C5089EBE9
:1098B00085445285EFF0CFF4268541016F605FC784
:1098C00013054402EF00D06A65D5E38309FE85479E
:1098D00023A0F900F1BF9307F0076314F902A16711
:1098E000938707807390073037A6010037950100F2
:1098F000130646829305D0481305C57BEFB0A0231D
:1099000001A08504E204E184A302940455B7EF6248
:109910001FBE011132C61DE1A167938707807390B6
:10992000073037A6010037950100130646829305DC
:1099300010551305C57BEFB0002001A02A84AE8925
:109940008DE53C419DC3A1679387078073900730E5
:1099500037A601003795010013064682930550553E
:109960001305C57BEFB0201D01A0EF10600A15E5BF
:10997000B247014985C7A167938707807390073075
:1099800037A6010037950100130646829305A055BE
:109990001305C57BEFB0201A01A001497D5A930A37
:1099A000440237EB00E0916B95A8B24789E7EFF0EE
:1099B0004FE0014569A8631509002808EF00B0775A
:1099C000EFF02FDFEF00006FEFF04FDD834744042F
:1099D000E207E187639447012302040483475404A8
:1099E000E207E18763944701A3020404EFF06FDC10
:1099F0006C002808EF00107525E52285EFF03F9AEE
:109A000031C9B2455685EF00D0412285EFF0BFA4A1
:109A1000EF00700319E123207B210549EFF00FD8F7
:109A2000045CC1D4CE852285FD14EFF05FA004DC78
:109A30001C4899CB13050401EF00905311C5B7E7FB
:109A400000E0116723A0E720EFF0AFD605450561E0
:109A50006F607FAD2285EFF01FA0EF00C07E75BF65
:109A60002285EFF05F9FEF00007E2285EFF03F93AD
:109A70004DD581B7EF623FAA41111DE1A1679387E0
:109A800007807390073037A6010037950100130651
:109A900046829305307E1305C57BEFB0C00901A057
:109AA0002AC6EFF0AFCF3245085D2AC6EFF06FD07F
:109AB000324541016F607FA815E5EF62DFA5A16720
:109AC000938707807390073037A601008565379527
:109AD000010013064682938585AC1305C57BEFB064
:109AE000800501A09DCD37F6002093068691814721
:109AF000014713068691214883A846006398A80071
:109B000093173700B2978CC3C8C321A891E783A8E5
:109B1000060063930800B6870507A106E31E07FD4C
:109B2000FDF38280EF623F9F41112A842EC632C42A
:109B3000EFF0CFC6834744047D572246E207E18712
:109B4000B2456394E70023020404834754047D571D
:109B5000E207E1876394E700A302040432C62EC43F
:109B6000EFF02FC51C5CA245324689E7130544027D
:109B7000EF00F0382285EFF01F8E41016F60FF9BF0
:109B8000EF62DF972A84EFF06FC1938741A198437A
:109B9000B7F90020050798C3138781A01843938461
:109BA00081A01389899561E780C098438547631236
:109BB000F70693898995130AC9124E85D109EFF0EA
:109BC0000FF6E31C3AFF37F50020130A45A81305EA
:109BD00045A8EFF0CFF437F50020930985A91305C8
:109BE00085A9EFF0CFF337F500201305C5AAEFF0F4
:109BF0000FF337F50020130545ADEFF04FF237F5C1
:109C00000020130505ACEFF08FF123A641A123A896
:109C100031A1938701A29843050798C3138741A2F6
:109C20005C54144363F3F6001CC35147B387E70247
:109C3000CA97D843144718C454C410479306440025
:109C400054C214C798435CC8050798C3EFF06FB6B9
:109C500083A741A399CB9C40D8575C546377F70006
:109C6000B7E700E0116723A0E7206F607F8C83A730
:109C700041A3C5F39C40D8575C54E3ECE7F880C09F
:109C800049BF1387C1A01C439443938781A281E6F7
:109C90007D5798C38280184358471843DDBF0DE5B0
:109CA000EF627F87A167938707807390073037A69D
:109CB000010037950100130606869305707213059F
:109CC000C57BEFA0506701A0544937F70020130768
:109CD00007ACAA870145639BE6009857B7F70020B9
:109CE0009387C7AA6304F700133517008280EF62D9
:109CF000FF804111AA89B284428403290803B1C5B7
:109D0000014641483385C50003050500B308C4007A
:109D1000238AA80201C50506E31606FFA301040471
:109D200039466377E602A16793870780739007300F
:109D300037A6010037950100130606869305703992
:109D40001305C57BEFA0305F01A0230A0802C9BF3D
:109D500058D478C013054400232404043EC636C4F6
:109D60003AC2EFF00FDD13058401EFF08FDC1247EC
:109D70003D4681453307E64018CC314600C840D007
:109D80001305C404EF602FFCA2461395240071153F
:109D90004A95230C0404A30C0404230D0404230E8D
:109DA00004043686CE854199EF608FE5B24708C03E
:109DB00091C380C341016F60AFF7EF62CFF5834776
:109DC000B50591EB2A840859EFE03FFB2285EFE0CF
:109DD000DFFA6F608FF60547E38BE7FE0947E38AFA
:109DE000E7FEA167938707807390073037A60100CD
:109DF000856537950100130606869385C5F9130519
:109E0000C57BEFA0505301A0EF624FEF37F4002065
:109E1000130444AD938481A19C40EDDFEFF00F98D3
:109E20005C4403A9C70013054900EFF04FD5138721
:109E300041A11C43FD171CC39C40FD179CC0EFF0C3
:109E40004F974A85EFF07FF7F1B7EF622FEB9384DE
:109E500081A083A981A32A849C4088404111238E3C
:109E6000070411052EC6EFF08FD17D57938781A08F
:109E7000B245631CE40295C9B7F70020938707AC8D
:109E80009440D84398C610479440D0C69440104799
:109E9000910654C29440910614C798405CCB9843F5
:109EA000050798C341016F60AFE898434E9440C3E3
:109EB0006379340103A501A18C439105EFF04FC9EB
:109EC000D5B703A5C1A08C439105EFF06FC8938768
:109ED00081A29843E378E4FC80C3E9B7EF62AFE383
:109EE00041119DE3A167938707807390073037A6E0
:109EF000010037950100130606869305A02413057B
:109F0000C57BEFA0504301A0428463140802A167FF
:109F1000938707807390073037A6010037950100BB
:109F2000130606869305B0241305C57BEFA0B04049
:109F300001A09308000646C6324363041303A167D9
:109F4000938707807390073037A60100379501008B
:109F500013060686930530251305C57BEFA0B03D9B
:109F600001A0B2482328F8028947A30DF8043C0059
:109F7000EFF0FFD72285EFF0BFC0224541016F60AF
:109F8000CFDBEF624FD91DE1A16793870780739004
:109F9000073037A6010037950100130606869305A2
:109FA00010751305C57BEFA0103901A0938781A020
:109FB0009C432A84938481A06384A706EFE01FFE5C
:109FC0002285EFF0DFCD39C9130944004A85EFF04F
:109FD0000FBB938741A25854944363F3E60098C3A0
:109FE000D147B306F702B7F7002093878795B69756
:109FF000D443904614C450C490462322260123A47F
:10A00000260194435CC8850694C39C40DC57636773
:10A01000F700B7E700E0116723A0E720EFE07FF942
:10A020006F60AFD1EF622FCF411170002C0048005C
:10A0300002C202C4EFA01F921248A2473246B7A53F
:10A04000010037A500000147814693854587130528
:10A0500085E0EFF0BFE805C5EF1060288547631580
:10A06000F502A16793870780739007307D5723A47B
:10A07000E1A223AAA1A223AC01A2EFE07FDD83A786
:10A08000818341016F606FCBFD57E31AF5FEA16735
:10A09000938707807390073037A601008565379551
:10A0A000010013060686938505841305C57BEFA082
:10A0B000902801A09387C1A19843050798C3828087
:10A0C00003A581A3828083A7C1A163970716EF62CE
:10A0D0008FC4938781A38043050480C331E49387B1
:10A0E000C1A09843184305C7A16793870780739061
:10A0F000073037A6010085653795010013060686EF
:10A10000938575AC1305C57BEFA0F02201A01387E2
:10A1100001A19443104390C314C39387C1A29843F1
:10A12000050798C3EFF0FFB5938781A29C4337F7EB
:10A130000020138681A213078795938581A001458E
:10A140006373F4029C41D146DC57B387D7023E9734
:10A150001843854763F3E700054583A7C1A391C36F
:10A1600005456F608FBD514F9387C1A094439442C2
:10A1700081E6FD571CC2F9B79C43DC47DC47D4435A
:10A180006374D40014C27DBF83A8870003A8C700EE
:10A19000D44B1383470023A408012322180183A86A
:10A1A00046006394680023A2060103A8060023AAC0
:10A1B00007007D1823A00601945795CA03A8C7017C
:10A1C00083A8070283AF46002324180183A807024F
:10A1D00023A208011388870163940F0123A21601AB
:10A1E00003A8060023A407027D1823A00601938676
:10A1F00041A203A8C70283A8060063F4080123A0B4
:10A200000601B306E803BA9683A8460083AF880028
:10A2100023A4170123A6F70183AF880023A26F00B0
:10A2200023A46800D4CB9C4285079CC29C41DC5788
:10A23000E36CF8F205450DBF938701A398430145F0
:10A24000050798C38280EF626FAB1384C1A11C40E5
:10A25000411185E7A167938707807390073037A680
:10A260000100856537950100130606869385358BB9
:10A270001305C57BEFA0300C01A0EFE03FD21C40DE
:10A28000FD171CC01C4089CB01452AC6EFE07FD2D8
:10A29000324541016F60CFA983A741A1F5D7B7F639
:10A2A000002037F5002081479386C6AA13058595BF
:10A2B000D148854E59A8DC46DC47CC4F905398577F
:10A2C00090C503A807022322B800032847009385FE
:10A2D00087016313B80050C3104323A407027D16FF
:10A2E00010C38C47D047D84B1388470090C54CC249
:10A2F0004C436393050150C3104323AA07007D1606
:10A3000010C3138741A2D0570C4363F3C50010C399
:10A31000330716032A974C4383AF85008CC723A6C7
:10A32000F70183AF850023A20F0123A405010C438D
:10A33000D8CB85050CC3138781A018435857636693
:10A34000E6001387C1A32320D70198422DF799C3B4
:10A35000EFF03F93138701A30443138401A389CC37
:10A360008549EFF05FD609C59387C1A323A03701C4
:10A37000FD14E5F82320040083A7C1A3E38607F0BA
:10A38000B7E700E0116723A0E7200545FDBDEF62B8
:10A390008F9841111DE1A167938707807390073063
:10A3A00037A6010037950100130606869305104F66
:10A3B0001305C57BEFA0207801A09DE1A1679387DD
:10A3C00007807390073037A6010037950100130608
:10A3D00006869305204F1305C57BEFA0C07501A02D
:10A3E00083A7C1A19DC3A16793870780739007309E
:10A3F00037A6010037950100130606869305304FF6
:10A400001305C57BEFA0207301A02A842EC6EFF0B0
:10A410007FCA1840B24503A581A3B307B7001CC08B
:10A420006371E50263E1E7020144EFF0DFE111E56A
:10A43000B7E700E0116723A0E720228541016F60A4
:10A44000CF8F63E4E700E371F5FE81453385A740D4
:10A45000EFF0BF9F0544D1BF19E5B7E700E01167F2
:10A4600023A0E7208280EF620F8B83A7C1A1411157
:10A470009DC3A167938707807390073037A60100BB
:10A480003795010013060686930590541305C57B86
:10A49000EFA0606A01A02AC6EFF0DFC13245814516
:10A4A000EFF0BF9AEFF03FDA11E5B7E700E0116790
:10A4B00023A0E72041016F604F8803A7C1A19387C4
:10A4C000C1A301C7054798C3828023A00700138753
:10A4D00041A21843138641A2B7F7002093878795BE
:10A4E0005148B3060703B385D700884105C5C84165
:10A4F000A106BE964841C8C16314D5005441D4C1D9
:10A50000D146B306D702B697DC43D44723A4D1A0E3
:10A5100018C2828015E7EF620F80A16793870780DA
:10A520007390073037A60100856537950100130643
:10A530000686938525C01305C57BEFA0C05F01A0EB
:10A540007D1745B7EF529FFB2A84EFE03FA5938923
:10A5500081A019E003A40900130944004A85EFE033
:10A560001FE21C5489C713058401EFE05FE1B7F4D3
:10A570000020CA85138504ACEFE01FDC8347840507
:10A58000054726896314F700230C040483479405C8
:10A5900005476314F700A30C04048347A40505478B
:10A5A0006314F700230D0404EFE0BFA0138741A359
:10A5B0001843938441A319C7EFE05F9EEFF06FEC5F
:10A5C000EFE03F9F83A70900639E87029C408DCFE9
:10A5D00083A7C1A19DC3A1679387078073900730AC
:10A5E00037A6010037950100130606869305D06F44
:10A5F0001305C57BEFA0205401A0B7E700E0116769
:10A6000023A0E7206F50DFF2930709AC984383A79C
:10A6100041A16315F70023A00900EDB7EFF0FFE9B2
:10A62000D5B7EF525FEF05E5A16793870780739079
:10A63000073037A6010085653795010013060686A9
:10A640009385C5C11305C57BEFA0E04E01A02E8404
:10A6500083A581A0E105EFE0BFCF85452285EFF01E
:10A66000CFFE6F509FEDEF521FEB05E5A16793877B
:10A6700007807390073037A6010085653795010084
:10A6800013060686938565C31305C57BEFA0A04A14
:10A6900001A083A7C1A185E7A16793870780739075
:10A6A000073037A601008565379501001306068639
:10A6B0009385A5C31305C57BEFA0E04701A0938751
:10A6C00081A094432A8737050080C98D8CCE5443DE
:10A6D0008C438846D4CD8C4388D18C438846E10591
:10A6E0004CC18C439C433285E1058CC698D71C43F2
:10A6F000854585071CC3EFF04FF56F501FE4EF52FF
:10A700009FE12A8705E5A16793870780739007304B
:10A7100037A60100856537950100130606869385E7
:10A7200025C51305C57BEFA0004101A0938781A03B
:10A7300054432E858C4303A88600D4CD8C4323A09C
:10A74000050303A807008C46610823A2050103A89E
:10A7500007009C43610823A4060198D71C43850782
:10A760001CC311C27D55B285EFF02FEE6F50FFDC98
:10A770005C45DC4795E7EF521FDAA16793870780B6
:10A780007390073037A601008565379501001306E1
:10A790000686938525C81305C57BEFA0C03901A0A7
:10A7A000D04F945398579385870114C6D0C2504315
:10A7B0006313B60054C3144323A40702FD1614C345
:10A7C00003A7C1A1D45735E78C47D047D84B90C5D4
:10A7D000D04748434CC2938547006313B50050C32C
:10A7E000104323AA07007D1610C3138741A210430C
:10A7F0006373D60014C351473386E60237F700204F
:10A800001307879532975043084690C7C8C7084634
:10A810004CC10CC6D8CB1C43014585071CC383A77C
:10A8200081A0DC5763F6D700054723AEE1A20545BA
:10A83000828037F700201307C7AA50430846D0CFBD
:10A8400088D308464CC10CC698D7F1B7EF52BFCC9D
:10A8500083A7C1A185E7A16793870780739007301D
:10A8600037A6010085653795010013060686938596
:10A87000A5CB1305C57BEFA0002C01A0B707008076
:10A88000DD8D5C450CC185E7A167938707807390D8
:10A89000073037A601008565379501001306068647
:10A8A000938525CC1305C57BEFA0E02801A050417E
:10A8B0001445184914C61445D0C250436313A6006A
:10A8C00054C31443232805009047FD1614C3D447EE
:10A8D000D84B9385470014C6D447D0C25043631366
:10A8E000B60054C3144323AA0700FD1614C31387EC
:10A8F00041A2D45710436373D60014C35147338623
:10A90000E60237F700201307879532975043084631
:10A9100090C7C8C708464CC10CC6D8CB1C43850796
:10A920001CC383A781A0DC5763F5D700054723AE7E
:10A93000E1A26F509FC083A7C1A21CC183A781A3BE
:10A940005CC18280EF523FBD411105E5A16793874D
:10A9500007807390073037A60100856537950100A1
:10A96000130606869385D5CF1305C57BEFA0A01CE3
:10A9700001A085E5A167938707807390073037A60C
:10A980000100856537950100130606869385E5CF9E
:10A990001305C57BEFA0201A01A02EC62AC4EFE044
:10A9A000EFDF138781A083A681A31C432245B24514
:10A9B00083C7C70599CB1C43238E07040544EFE0EA
:10A9C0004FDF228541016F505FB79C417D570144A5
:10A9D000E387E7FE03A6C1A20328050058416307E9
:10A9E000C80063E5E60023A00500C9BF3386E64042
:10A9F000E37BF6FE958FBA979CC1EFF0DFF301443D
:10AA00007DBF054723AEE1A2828003A581A082809D
:10AA100083A741A3054591C703A5C1A1133515001F
:10AA20000605828011E50145828001456F50FFB027
:10AA3000EF527FAE83A781A02A846385A702A16716
:10AA4000938707807390073037A601008565379597
:10AA50000100130606869385F5041305C57BEFA058
:10AA6000800D01A0BC4785E7A1679387078073909D
:10AA7000073037A601008565379501001306068665
:10AA8000938505051305C57BEFA0E00A01A0545589
:10AA90007841FD173CC5E38AE6F8C1FB9304450005
:10AAA0002685EFE0DF8D7C403D471D8F18CC138756
:10AAB00041A214435CD463F3F6001CC351473387AF
:10AAC000E702B7F70020938787950545BA97D843E3
:10AAD000144718C454C41447C4C204C798435CC87C
:10AAE000050798C3A1B7938781A098439443084F63
:10AAF000D4569843BD47958F1CCF8280EF521FA03C
:10AB00008947411163F5A702A16793870780739076
:10AB1000073037A6010085653795010013060686C4
:10AB2000938565261305C57BEFA0E00001A02A8967
:10AB3000AE8932C6EFE08FC6938781A09C43930411
:10AB4000090113972400BA97DC47138481A08DE391
:10AB50001C4032460547CA97238CE70411CA854535
:10AB60003285EFF08FAEB7E700E0116723A0E72052
:10AB7000EFE02FC4EFE08FC21840939724003E9778
:10AB8000484719C5184063800902BA9723A60700F1
:10AB90001C402AC63E99230C0904EFE08FC13245C0
:10ABA00041016F50FF989306F5FFBA97D4C7CDB710
:10ABB000EF52DF94094A41116375AA02A167938796
:10ABC00007807390073037A601008565379501002F
:10ABD000130606869385052B1305C57BEF90B0758C
:10ABE00001A0AA843289B6893AC62EC4EFE00FBB11
:10ABF000938781A09C43138481A0A69783C7870570
:10AC0000630CFA021C4093962400A245B697F447C1
:10AC100093C5F5FF3247F58DECC71C408546A697D6
:10AC2000238CD70411CB3A858545EFF00FA2B7E707
:10AC300000E0116723A0E720EFE0AFB7EFE00FB629
:10AC4000638A09001C40138704010A07BA97DC478E
:10AC500023A0F9001C4009470145A69783C7870533
:10AC6000631EF7001C40139724001349F9FFBA979D
:10AC7000F84705453379E90023A627051C402AC477
:10AC8000BE94238C0404EFE0CFB2224541016F5003
:10AC90003F8AEF525F888947011163F5B702A167C8
:10ACA000938707807390073037A601008565379535
:10ACB000010013060686938585301305C57BEF904A
:10ACC000906701A005E5A16793870780739007301F
:10ACD00037A6010085653795010013060686938522
:10ACE00095301305C57BEF90106501A03ACE36CCA8
:10ACF00032CA2EC82AC6EFE06FAA72473245C24553
:10AD00005246E24619C7938705018A07AA97DC478E
:10AD10001CC33307B500834787050948230C070583
:10AD2000114793F7F70F6367D704696713078783A2
:10AD30008A06BA96984202878A05AA95F845598EDE
:10AD4000F0C50547638EE70405452AC6EFE06FA608
:10AD5000324505616F506FFE8A05AA95F8450507D3
:10AD6000F8C5C5B709476388E70CC1058A05AA95E8
:10AD7000D0C5C1BF03A781A369D7A1679387078007
:10AD80007390073037A601008565379501001306DB
:10AD900006869385E5331305C57BEF90D05901A056
:10ADA000144558455C491306450098C6584554C398
:10ADB000D4436393C600D8C39843232A05007D1764
:10ADC00098C3938741A25855944363F3E60098C310
:10ADD000D147B306F702B7F7002093878795B69758
:10ADE000D4438C4614C54CC58C46D0C190C6944300
:10ADF0005CC9850694C31C5585C7A16793870780E6
:10AE00007390073037A6010085653795010013065A
:10AE100006869385D5341305C57BEF90D05101A0EC
:10AE200083A781A0DC57E3F1E7F2B7E700E0116701
:10AE300023A0E72011BF014509BFEF52CFED01115B
:10AE400005E5A167938707807390073037A6010057
:10AE500085653795010013060686938555381305D9
:10AE6000C57BEF90504D01A02A8409456375B5025A
:10AE7000A167938707807390073037A60100856527
:10AE80003795010013060686938565381305C57B43
:10AE9000EF90704A01A03ECE3ACC36CA32C82EC6D8
:10AEA000EFE04F956247B2454246D246F24709CBA2
:10AEB000138805010A0822980328C80023200701E7
:10AEC0003308B400034788058948230C1805114846
:10AED0001377F70F6366D80469688A061308C88475
:10AEE000C296944282868A05A295F445558EF0C595
:10AEF0008546630DD7040544EFE08F9022850561F8
:10AF00006F50AFE38A05A295F4458506F4C5CDB729
:10AF100089466302D710C1058A05A295D0C5C9BF6D
:10AF200083A681A3F1D6A16793870780739007302A
:10AF300037A60100856537950100130606869385BF
:10AF4000D53C1305C57BEF90103F01A0185405C7F1
:10AF5000A167938707807390073037A60100856546
:10AF600037950100130606869385853D1305C57B3D
:10AF7000EF90703C01A003A7C1A1505425EF0C44F1
:10AF80005444584894C5544403284700CCC2930500
:10AF900044006313B80054C31443232A0400FD166D
:10AFA00014C3138741A2144363F3C60010C351476F
:10AFB000B306E60237F70020130787953697544308
:10AFC00003A8860014C42326040103A886002322B4
:10AFD000B8008CC658C81443850614C303A781A0C3
:10AFE0005857E37AC7F099C3054798C3054723AE7E
:10AFF000E1A211B737F700201307C7AA54438C46C4
:10B0000054CC0CD003A88600930584012322B800F9
:10B010008CC618D4C9B70144C5B5EF52CFCFEFD015
:10B02000FFF71384C1A41C40B1EB37F500201309CE
:10B0300085B2130585B2EFE08FAE37F5002093049B
:10B04000C5B31305C5B3EFE08FADB7F6002037F6F3
:10B05000002023A021A50147938606B5130686AEDE
:10B06000C145114523A291A4EFE08FD208C019C5B4
:10B07000B7A501009385058AEFE01FA4EFD07FF309
:10B080006F50AFCBEF522FC94CC108C9AA8763607C
:10B09000B602184D158E05456379E6009385470085
:10B0A00003A541A4EFE0CFAA01456F500FC9637516
:10B0B000D6000545E3FBD5FE9385470003A501A413
:10B0C000D5B7EF524FC52A84AE8432890C4CA68680
:10B0D0004A86A6952285EFF0FFFA19E16F50EFC579
:10B0E0001C4C2285BE941C508297CDB7EF52AFC244
:10B0F00083A701A44111AA84DC472EC6C0471305CB
:10B100004400EFE0CFA783474402324613F74700DD
:10B1100019CBA6852285EFF0DFFA1C502285829795
:10B1200041016F508FC1F99B2302F402FDB7EF522A
:10B130008FBE938601A498421C4381EB938741A460
:10B14000904398C390C26F504FBF5C47FD558843F2
:10B15000EFF0DFF9F9BFEF528FB9696941111309B7
:10B16000C98783A701A4984329CBDC47814C03AC52
:10B170000700EFE03FF4EFE0BFF483A781A42A8447
:10B18000938481A4138AC1A4636CF50288C0638090
:10B190000C0483A741A490431336160003250A002C
:10B1A000B3058C40EFE01F98EFF0EF8919EDB7E79A
:10B1B00000E0116723A0E72009A8854C014C55BF8A
:10B1C000EFF0FFF680C0EFF00F88214C0DA0014694
:10B1D000E36685FDEFF02F87A2856285EFF01FF112
:10B1E000EDB79247B2458297824763DD070003259A
:10B1F0000A0001468A85EFE08FF125D58247224576
:10B20000E3C107FE22445C489DE3EFE07FEB9C40F6
:10B21000AA8C6374F500EFF09FF1824723A094019C
:10B22000FD17E366FCFC8A07CA979C4382871305D7
:10B230004400EFE0CF94D1BF834744020C4C9246C8
:10B2400093E717002302F4026686B6952285EFF095
:10B250007FE351DD8347440213F7470001CF1C4CC5
:10B26000924566862285BE95EFF0BFE51C5022858B
:10B270008297B5BFF99B2302F402CDBF83474402F6
:10B28000F99B2302F402A5B783474402924593E752
:10B2900017002302F4020CCC9DE1A167938707807D
:10B2A0007390073037A60100379501001306868A90
:10B2B000930590351305C57BEF90F00701A0E68656
:10B2C0006686E6952285EFF0FFDB15B783474402DB
:10B2D00013F7270055F72285EFD03FAA09BFEF5299
:10B2E0008FA34111EFF07FD383A7C1A495CB70004A
:10B2F0002C00480002C202C4EF908FE7A247124818
:10B300003246B7A5010037B500003947814693851D
:10B31000058C13056515EFE07FBC23A8A1A41DE1F2
:10B32000A167938707807390073037A60100379590
:10B3300001001306868A930590111305C57BEF90D3
:10B34000807F01A0054541016F502F9FEF52AF9CB8
:10B350004111B68732C63E862AC203A5C1A47957D9
:10B360002EC481468A853AC0EFE0EFC741016F5095
:10B37000CF9C83A7018237177A0013070720B3D722
:10B38000E70293F7F70F238BF1A41307803EB387EF
:10B39000E702239AF1A48280B7F700E0D843814600
:10B3A000799BD8C303C761A53306A70290CBD4CB42
:10B3B00098431367070198C398431367170298C30C
:10B3C000D843058B75DF9843799B98C38280B7F784
:10B3D00000E0D8438146799BD8C303D741A5330603
:10B3E000A70290CBD4CB98431367070198C3984327
:10B3F0001367170298C3D843058B75DF9843799B71
:10B4000098C38280EF522F912A84116501118545DE
:10B410001105EFA0AFD3930700207C8237150140C0
:10B420008D473EC44C00E147130505803EC6EFA0A2
:10B43000CF9D22C837440140B70708000C08130508
:10B4400004803ECC02CA231E0100EFA07F9F8545E9
:10B4500013050480EFA09FAA05616F500F8EEF5275
:10B46000EF89B7440140AE89328901449384048056
:10B47000634524014A856F50AF8B930500042685F0
:10B48000EFA0BFA97DD9B3878900838507002685F2
:10B490000504C205C181EFA0DFA7D9BF1387C1830F
:10B4A0001C43B7F600209386C6CF3E95636BD5004C
:10B4B000B78601209386068063E5A60008C33E8513
:10B4C0008280FD57EDBF73251034828073252034B0
:10B4D0008280732530348280EF52EF8383A7019AF4
:10B4E00041113EC6EF10E01A1189630005149387DD
:10B4F00001A79843B246998E37F70020032787C3E8
:10B5000005836376D700324798C3EF305054EF304D
:10B51000B07F83A701A891C7EF30905519E123A010
:10B5200001A89384C1A69840B247998F1307703E33
:10B530006376F700EF20E01FB2479CC0938781A598
:10B540009843B246998E0567130777386376D7001C
:10B55000324798C3EF10C05BB7F700209387C7BF8F
:10B56000D84711CF138781A61043B246918E130698
:10B57000703E6376D600B246DC4314C38297B7F4BC
:10B58000002083A744BAA9CB138741A61C43B24627
:10B590001306A00F9D8EB7F7002083A747C7ED8342
:10B5A000B387C70263E9F600B2471CC3938744BA66
:10B5B0009C4B91C38297938701A69843B246998E7C
:10B5C0003D671307F7A56379D7003247938444BAE0
:10B5D00098C3DC4891C3829732459384C1A5412C1E
:10B5E0009C4032471D8FBD679387F7A563F5E70041
:10B5F0009924B2479CC003C7D1A7BE841377F70F25
:10B600000DC703C7D1A71377070C1DE3B7F70020B9
:10B6100083A7C7C799C30545829703A7019A23AC9F
:10B62000E1A693070004A38EF1A641016F40FFF04D
:10B6300003C7D1A71377070415CB83A681A703A758
:10B64000019A138981A7158F93064006E3FFE6FC54
:10B65000B7F7002083A7C7C799C30145829783A77F
:10B66000019A2320F900930700F875BF03C7D1A7FB
:10B6700062076187E35B07FA83A681A703A7019AA4
:10B68000158F93064006E3F2E6FAA38E01A671BF7A
:10B69000EF427FE837F500201305C5C8EF10502AA8
:10B6A0006F40BFE9EF423FE7B7F700209387C7C17C
:10B6B000D85737F4002088D313674700D8D71189AB
:10B6C000930704C69C4F130404C601CD99C30145DA
:10B6D00082975C4C99C3014582970545352A6F4096
:10B6E000DFE599C3054582975C4CF5DB05458297FC
:10B6F000FDB783A7419B232005009DCB944363DBCB
:10B700000600D4479042634506029C4363D4070079
:10B7100023AAD19A83A7419B91650146FD1535481F
:10B72000B7080080944363D7060019C223AAF19A90
:10B7300001458280944313930601634203049443BA
:10B7400093F606108DCE944393F606208DCA94434B
:10B75000C182ED8EF11614C16371D802944393F641
:10B76000060281EA19C223AAF19A9C475CC10545E9
:10B770008280944393F61608F5D62320050023A073
:10B7800017010546DC4779BF03A7419BB706008038
:10B7900014C3584723AAE19A8280EF42DFD783C7B8
:10B7A000D1A793F7F70F81E78547A38EF1A603A7EB
:10B7B000019A938741A709CB98C3B7F7002083A7C5
:10B7C00007C882976F407FD70547FDB7B7F70020BE
:10B7D00083A707C8014585CF03A7C1980DCB1443A4
:10B7E0000847938741A763D206028C43A166890666
:10B7F0009308300603A6019A0D8E63E4C800FD1677
:10B8000081EA14438606858214C323A00700828040
:10B810001043E34106FED5BF03A7019AB7F7002006
:10B82000938787B988A3239107002392070098C7BD
:10B83000A38007008280EF421FCEB7F4002013845C
:10B84000C4C85C4041116C001385C4C83EC62322A5
:10B850000400EF10E04CB2476C001385C4C85CC014
:10B860005C443EC6EF10C04B41016F401FCDB7F79F
:10B870000020938787B9982319E388C78280984767
:10B880009306703E3307E54063F3E602EF42BFC81C
:10B89000BA2388C7914663F7E6000145EFF0DFF76A
:10B8A0006F40BFC90507BAA3EFF0FFF8D5BF82808C
:10B8B000EF427FC62A840145EFF01FF6B7F700205C
:10B8C000938787B911C8054798B3B7F70020094790
:10B8D00023A4E7C46F407FC6A3800700E5BF828032
:10B8E00003288503630B0802EF42FFC2FC5D01479A
:10B8F00091C70507420741839C43DDBF83A7050825
:10B9000091C70507420741839C43DDBF814601463D
:10B910008145029801456F405FC201458280014523
:10B920008280EF42DFBC5C42032A85000329C50008
:10B930000049AA8488239C33B289A2075D8DEF1049
:10B94000700F9355650093F5C503B305B0404E8560
:10B95000EF20504449E5DC44984C03DB8900998F83
:10B9600063F867014E85EF20D04905456F40BFBBA6
:10B970004A9A4E890356A900B30A8A40832B49008C
:10B9800063F4CA045686DE852285EF80603F8357C4
:10B99000A9009844330444413E942286B3855B0158
:10B9A0003A85EF80E03D2A9403290900E31409FC5D
:10B9B0004E85EF2010459C4C80C8DA979CCC9C406B
:10B9C00093E747009CC055B72285DE85EF80403B5A
:10B9D0008357A9003E94E39957FD8044F1B7014590
:10B9E00071B771CAEF42BFB0832BC5001C4D035B1A
:10B9F0008600BA8AB387FB40368A32892A8463F785
:10BA000067013285EF20F03F6F40FFB11C450449CC
:10BA1000B289BE9B03D6A900338C9B4083AC4900FE
:10BA20006377CC066286E6852685EF80603583D70E
:10BA3000A9001844B3847441BE942686B3858C0152
:10BA40003A85EF80E033AA9483A90900E39409FCC6
:10BA50004A85EF20103B03288403630508048345CF
:10BA60001A0083470A001448A205DD8D83472A0087
:10BA70005A875686C207CD8F83453A002285E20554
:10BA8000DD8D02981C44232C04001CC8B5BF2685FC
:10BA9000E685EF80E02E83D7A900BE94E39687FB6E
:10BAA00004445DB7184C1C4004C85A9793E74700FC
:10BAB00018CC1CC091BF828018519547631AF70CAF
:10BAC000EF42FFA21C492A847D55D9CF328AAE8429
:10BAD00055CA832A84005844835B86003289BA9A07
:10BAE000C20A93DA0A019399070193D90901338BAA
:10BAF0003A410356A900420B135B0B01032C49008A
:10BB00006376CB065A86E2853E85EF806027035731
:10BB1000A9001C44B3056C0133075741BA99C20907
:10BB200093D909013E854E86EF808025B307350104
:10BB300003290900E31909FA184C1CC852855E97BD
:10BB400018CC18401367470018C0EF20902BFE3820
:10BB5000184C2685B38B77415C44239B7403998FE3
:10BB6000DEB4EF30601101456F40FF9B3E85E285FA
:10BB7000EF8000210357A900B307E500E31A67FB34
:10BB80001C447DB70145EDF22E85EF300058E9BF2A
:10BB900065558280EF429F96B7E9002003C6C1A792
:10BBA000138709C98147938909C993F6F70F63E59C
:10BBB000C6006D556F40DF97032807029386170074
:10BBC0001307C70363040800B687C5B71309C0038A
:10BBD000338927032E842A8A1306C0038145B38440
:10BBE00029012685EF403F961305C90211469305AA
:10BBF00044004E95EF80C0185E3080D8A685DCD01A
:10BC000083278A0222859CD4EF304016B7C50000F6
:10BC10009385E58D2285EF306016B7C500009385CA
:10BC200085AB2285EF30C014B7C500009385058E23
:10BC30002285EF304014B7C5000022850546938564
:10BC4000E591EF3040148D47DCCC95479CD09C208B
:10BC5000014593E787009CC0B1BF19C93305A040D7
:10BC6000E9679387878C1375F50F3E9508218280CD
:10BC700001458280EF423F8A9307C003B387F502F4
:10BC800037E40020130704C92A89AE841306C003D1
:10BC90008145130404C9BA973E85EF40DF8A6307E4
:10BCA00009001306C003CA85EF80800D9305C00309
:10BCB000B385B402A2959C459CC9DCC96F40FF873F
:10BCC000EF42DF832A8A37F500204111AE89B28422
:10BCD00081456146130545BA36C6EF40DF86B24658
:10BCE00037F400201309C4C1B68519461305C900ED
:10BCF000EF8000091146D2851305C4C1EF804008CA
:10BD00001146CE8513054900EF8080071304C4C196
:10BD1000A1E0B7070001FD171CC4814483C7C1A778
:10BD200063CFF402EF10C04885475CD01567B7F7C2
:10BD30000020938707C1130707E298C31167130711
:10BD400087A9D8C3254798C7014541016F404FFED9
:10BD50001146A68513058400EF8080027DBF93F510
:10BD6000F40F0145EFF01FF185044DBF1841B7F7FF
:10BD70000020938707C198C35841D8C3184598C776
:10BD800082801855B7573412938787676310F7126C
:10BD9000EF42CFF61C512A8425456381071037F9FD
:10BDA00000201306400481451305C9C1EF40AFF9D7
:10BDB000B7F400201306C0028145138504C6EF4086
:10BDC0008FF81306C002A285138504C6EF70507B5E
:10BDD000938904C603A749014A86938704C625EBC5
:10BDE000E56603D7466F9386466FAE222E97CE2226
:10BDF000F6222E9736979316270163D3060AD8CBDF
:10BE0000D84B9356E700FD8A89EAB746F8FFFD163E
:10BE1000758FB7060500558FD8CBD84B9356370191
:10BE2000FD8A89EAB746F8FFFD16758FB706500000
:10BE3000558FD8CBD84B9316670063CA0600B70658
:10BE400000FEFD16758FB7060014558FD8CBD84B62
:10BE50009356B70189E6B7060040558FD8CBD85323
:10BE600011E737B700001307276FD8D3D44B01452C
:10BE700013D7E6007D8B238ED1A69307C6C198CF3A
:10BE800013D736017D8B130620033307C702D8CFA3
:10BE900013976600635407000947B8C36F404FE922
:10BEA000F976FD16758F8966558F91BF1305F00FD2
:10BEB000828003C6C1A7B7E70020938607C9014760
:10BEC000938707C96317E60081476313F7020145AB
:10BED000828003A807036317A80009C50545EDD9AB
:10BEE00098A1828005071377F70F9387C703D9BFFF
:10BEF000D05A6319A60019C50545F9D993E707F883
:10BF00009CA18280850793F7F70F9386C60375BFC0
:10BF1000EF42CFDE37E900202300050003C7C1A7A9
:10BF20004111930709C98144130909C9631797008F
:10BF30001305000241016F40AFDF9387C70383A65B
:10BF400047FE63810618850493F4F40FC5B7B7F76D
:10BF5000002083A7C7C16C003EC6EF20F01D11462C
:10BF60009305C4026800EF70B0616C004E85EF204D
:10BF7000901E1306C0033386C402B7C50000938524
:10BF800025924E854A96EF20F01E954737F5002002
:10BF90006C00232834031CD01305C5C8EF0050588B
:10BFA000A6852285EFF01FCD014569B7094763904B
:10BFB000E70AEF50502EAA8963030512930AC402C0
:10BFC0001146D6856800EF70B05B324A370500F045
:10BFD000EF106029337AAA00370500E0EF10A0289F
:10BFE0006300AA04B7F500209385C5C86800EF1068
:10BFF000A06F1DE5B7F7002083A7C7C112346C00FE
:10C000004E853EC6EF50F0021DE1D6851146680010
:10C01000EF70105752306C004E85EF50901C39A0D5
:10C020001234938581894E85EF50B00001C5EFF041
:10C03000DFC209B71306C0033386C402B7C50000C8
:10C040009385259E4E854A96EF5090213DBF0D4722
:10C0500013051002E390E7EEEF3020475C44123402
:10C060006C005EB9B7F7002083A7C7C1AA893EC696
:10C07000EF2090252A8A11C54E85EF3000095285A0
:10C080007DB79305C003B385B4024E85CA95EF20F2
:10C09000F04DB7C500004E859385E58DEF20104E1D
:10C0A0009547A685228523283403232A34031CD0F0
:10C0B000EFF05FBC37F500206C001305C5C8EF003A
:10C0C0003046DDB504A1DC4DC4C12E84E39007EEFB
:10C0D00003458402EF205016AA89E31A05E6454578
:10C0E00091BDEF424FC34EB52A84EF20F03809CD01
:10C0F00083476402228593E727002303F402EF407D
:10C10000906405456F406FC3B7F7002083A707C74A
:10C11000A183858BFDD783476402858BFDD3894737
:10C12000A303F402054723A0E1A8E1BF83C7C1A789
:10C130006376F5041307C0033305E502B7E7002073
:10C14000938707C93E95584D232C050050C50CC553
:10C150000CC94CC98D476313F702085905C15A39F8
:10C1600093371600631CF700EF42EFBA93150601F0
:10C17000C1814EB9EFF0FFF66F402FBC8280EF42D5
:10C18000EFB714426944CDCE23200600328A13064D
:10C19000C0033306C502B7E40020138704C9AA8987
:10C1A000AE87938404C93297032B87005047032935
:10C1B0008701404B329B63F326013689B30A8B40DB
:10C1C00063F32A0981CB3E855686A285EF70503BEA
:10C1D000B30755011307C0033387E9024A943304B8
:10C1E00064412697832A870091C72286D6853E859B
:10C1F000EF70103956949307C003B387F9022320D8
:10C200002A01A697984FC0CB3309274123AC2701B9
:10C21000631809009847D8CB98CB98436D9B98C377
:10C220009307C003B389F9028D470144CE94D84CDB
:10C230006318F70063160900CE248858EFF07FEAF0
:10C2400022856F40EFAE91C74A86A2853E85EF708A
:10C2500030334A94E3912AFB9307C003B387F90272
:10C26000A697804749BFEF428FA8004223200600CF
:10C2700055C4AA876945D9C51305C003B387A7026A
:10C2800037E50020130505C9B7FA00208144AA97B5
:10C2900003AB07039387CAC1BC43938ACAC1898B86
:10C2A00099E39304700C9307805C63F48700130494
:10C2B000805C931C0401328A2E8993DC0C01130CE0
:10C2C000800C0146E6850145EF208038AA8929C9FE
:10C2D00048412286CA8523AE0A02EF70702ACE85B5
:10C2E0005A85EF206071AA8B4E85EF20803183A79D
:10C2F000CA0399CB8504C204C180EFF06FB9E39201
:10C3000084FD4D456F402FA263D60B005E85EFF094
:10C31000DF94CDBF23208A000145EDB76945DDB725
:10C320004545CDB7EF42AF9C00422320060055C4DF
:10C33000AA876945D9C51305C003B387A70237E5A6
:10C340000020130505C9B7FA00208144AA9703AB62
:10C3500007039387CAC1BC43938ACAC1898B99E3F7
:10C360009304700C9307005C63F487001304005C73
:10C37000931C0401328A2E8993DC0C01130C800C6F
:10C380000146E6850145EF20A02CAA8929C948412C
:10C390002286CA8523AE0A02EF70901ECE855A858A
:10C3A000EF500063AA8B4E85EF20A02583A7CA0318
:10C3B00099CB8504C204C180EFF08FADE39284FD78
:10C3C0004D456F404F9663D60B005E85EFF0FF88BA
:10C3D000CDBF23208A000145EDB76945DDB745454E
:10C3E000CDB7EF42CF908329060023200600638E4D
:10C3F000090CAA872E8B6945A1C11305C003B38719
:10C40000A70237E50020130505C937FA0020B28BD3
:10C41000930A900C8144114C130A0AC6FD5CAA973A
:10C4200003A90703FD1AC20A93DA0A0163980A00F6
:10C4300083A70B00C9CB01456F40EF8E832709010D
:10C4400063978709EFF0CFA40357690719E34545C0
:10C45000E5B783270A01858B99E3E36A37FF032455
:10C460004A00637387003A8463F389004E8413168D
:10C4700004014182854691E38146DA854A85EF4091
:10C480009022AA844A858DE4EF40F02B83A70B000D
:10C49000B3898940AA84A29723A0FB00229BE38C46
:10C4A00009F883270A01858BB5FFEFF00FFB69B709
:10C4B00063999401EF40302983270A01858BBDF3EE
:10C4C00079B7EF4050282685CDB76945B5B75D45AA
:10C4D000A5B79307C003B307F50237E7002013079A
:10C4E00007C9BA9703A8070215476307E800DD47A5
:10C4F000232006003E858280EF42EF81D84F8D4792
:10C500006318F700EFF0FFEDAA873E856F40EF82DA
:10C5100001E7EFF05FD5CDBF89469307A00FE31683
:10C52000D7FEEFF03FE0CDB7EF32FFFEA147AA8480
:10C530000021638AF50263ECB70085476381F50249
:10C54000894713642400638EF5006F301FFFC147D5
:10C55000638EF5009307000413640404EDB71364BD
:10C56000140080C0DDB713648400E5BF485913642C
:10C57000040165D9EF207039EDB7EF32DFF94111D1
:10C580009305F1002A89A3070100EFF09F9215C5DA
:10C59000808793178401E18763D407021374F4073B
:10C5A0001307C0033304E402B7E70020938707C9E9
:10C5B0003E94232A04022320040241016F30FFF736
:10C5C00083C7C1A7E37BF4FE1307C0033307E4026C
:10C5D000B7E70020138507C9938407C93A95544DDE
:10C5E0000D47E39CE6FC832709010547DD1793F718
:10C5F000F70F636DF700C145EFF01FF39307C0031A
:10C600003304F40226942328040275B71C2193E70F
:10C6100007041CC1E5B737E7002083C6C1A713078D
:10C6200007C98147638FF6001307C703032647FC3A
:10C6300011CEB7F700209387C7C1D85713670701FA
:10C64000D8D7B7F7002003C587C48280850793F742
:10C65000F70FC9BFEF323FECEFF0FFFBB7F7002059
:10C6600023A407C46F307FED83C7C1A76371F502B0
:10C670009307C0033305F502B7E70020938707C986
:10C68000AA9798431375F70F118B98C382800145C1
:10C690008280B7F7002003C5C7C382809307C00319
:10C6A0003305F502B7E70020938707C93E951C596B
:10C6B00095CF145115475D45639BE60285899A27FE
:10C6C0009DC1136787009AA737F70020130707C19A
:10C6D000144323A0D70A5443184723A2D70A23A4FC
:10C6E000E70A014582805D9B9AA7E5BF5D45828090
:10C6F0001307C0033307E502B7E70020938607C995
:10C700003697105395466319D604EF32DFE0045B89
:10C71000585B938707C9630497005D479DE813043E
:10C72000C0033304850226853E94A2852328040293
:10C73000EF20C0639305F00F2685EF20404A454760
:10C7400009C9B7C5000048D8938545B9EF20606393
:10C7500001473A856F307FDE5D473A858280EF3250
:10C760009FDB1304C0033304850237E50020130563
:10C7700005C9DD442A94085801CD185095478144D5
:10C780006318F700EF50202E232804022320040210
:10C7900026856F309FDAEF321FD81304C0033304AD
:10C7A000850237E50020130505C9DD442A940858A1
:10C7B00001CD1850954781446318F700EF20C0243D
:10C7C000232804022320040226856F301FD7EF326E
:10C7D000FFD29307C003B307F50237E400209309A3
:10C7E00004C92A894111130404C98144BE9903A5CF
:10C7F000490301C92EC6EF205011B245AA8423A0D7
:10C8000009029307C003B307F902A297885B09CD19
:10C8100085E1EF20900FAA8481E81305C00333055A
:10C82000A9022A9423200402268541016F305FD09B
:10C8300085476396F5008545EF20502BF1BF89476A
:10C840006394F5008145CDBFD954F9BF03C7C1A793
:10C85000637BE5041307C003B307E50237E7002055
:10C86000130707C99546BA9790535D47631ED602D2
:10C87000EF327FCADC4F09476397E700EFF03FEEE6
:10C880006205618531A00D47639AE700EFF03FF440
:10C89000EFF0AFBC2A873A856F303FCA6547E5FFA6
:10C8A000EFF07FEFF1BF69473A858280B7F700204C
:10C8B00003A547C7358105898280B7F70020938794
:10C8C000C7C105474111C8CB94DBD0DB8CDFD8D77B
:10C8D00041018280B7F70020054723ACE7C482807E
:10C8E000EF327FC3B7F7002003A6C7C683A6018433
:10C8F000131786016187630B051483C741A861483C
:10C9000089483388070336980323C800631013153A
:10C9100003431500834805000328080022033363FE
:10C92000130183482500C20833E3680083483500BB
:10C93000E208B3E86800639B0811E207E1873E85DF
:10C940006F30BFBFB3885702B69803AEC8006319F3
:10C95000060763170E061398870113588841850749
:10C9600093F7F70FE3E0C7FE6317060193F815008E
:10C97000FD57E38608FC8989FD57F1F19377F80F9D
:10C98000636BC8009377F30F6367C300FD57E378C9
:10C99000C7FA9377F70F61473387E702BA9623A662
:10C9A000060001CD103118212206598E3821420788
:10C9B000598E38316207518F98C2238806000DA81E
:10C9C00063147E040DC9834E1500034E0500A20EAC
:10C9D000B3EECE01034E2500420EB36EDE01034ED0
:10C9E0003500620E336EDE0183AE08006315DE0192
:10C9F0002382F1A899B783C80801E3E2E8F7139707
:10CA000087016187468FA1BFE31B8EF415C5834E56
:10CA10001500034E0500A20EB3EECE01034E250015
:10CA2000420EB36EDE01034E3500620E336EDE0140
:10CA300083AE0800E30EDEFB83C80801E3E1F8F3F0
:10CA40001393870113538341C68F11BF3A883A83EA
:10CA5000814F014F8147E1428543094421B7EF32BD
:10CA6000FFA998319C21368A22075D8FBC21544151
:10CA7000C2075D8FBC31E207D98F639BF60089E660
:10CA8000D9573E856F30DFAA0545EFE07FE2CDBF85
:10CA9000E5DB2E842A89AA852285B289EF00D0445D
:10CAA00065F11C300420370500F0A207C58F242053
:10CAB000C204C58F2430E204DD8CEF00C07AE98C1B
:10CAC000370500E0EF00207AE38CA4FAD2852285B6
:10CAD000EFF01FE1AA87E34605FAE147B307F50245
:10CAE00003A501843E9589475CC5232A25019387C8
:10CAF00059001307950094237D1714B39386F7FF0D
:10CB00006396F900230805008147A5BFB687E5B7FE
:10CB1000B7F7002003A5C7C603A801840147E14871
:10CB200009430546130EF00E6363A7008280B30627
:10CB30001703C2969C2ACC46850793F7F70F9CAA49
:10CB400063986500636AFE0005071377F70FE9BF76
:10CB5000E39CC5FEE37AF6FE23A60600F5B721CDD9
:10CB6000EF327F9BC4412A84DC34C824A2075D8D48
:10CB7000EF00606BA167938707109385240163041E
:10CB8000F5009385E400D835DC2522075D8FFC2570
:10CB9000C2075D8FFC35E207D98F5840B98F184422
:10CBA000F98F81EB814613866400B1052285EFF091
:10CBB0001FEB6F309F98828063030516EF321F943E
:10CBC0003A26930790024111B2892E8AAA8463E81B
:10CBD000E7004E85EF10F02241016F307F95032969
:10CBE00046008347D9000345C90013042901A20761
:10CBF0005D8D152DA167938707106304F50013045D
:10CC0000E900834A14001C200545A20AB3EAFA0091
:10CC1000192DE390AAFC834A54005C201305406060
:10CC2000A20AB3EAFA000125E395AAFA834A34007E
:10CC30003C200565A20A13050580B3EAFA00E52346
:10CC4000E399AAF8930AE4001146D6856800EF70CC
:10CC50002013D44013068400ADC2183C1C2C2207BC
:10CC60005D8F3C2CC2075D8F3C3CE207D98F6396F9
:10CC7000F60485466C002685EFF07FDE054B7C30A0
:10CC80006820A2075D8D45238547630FF50289471C
:10CC9000E311F5F46C002685EF102033B7F7002080
:10CCA00003A747BAE30707F2938747BADC47E38253
:10CCB00007F26C002685829729BF81466C00268585
:10CCC000EFF0FFD9014B65BFE3050BF00945A12B40
:10CCD00068A0218168B01146D68513058401EF70E4
:10CCE000200A1146938544005685EF70600935048B
:10CCF00015099547FD5618207D197D1438B4A300F9
:10CD0000E9003307FA001823FD1718B0A303E90060
:10CD1000E393D7FE9C4CCE85268582975DBD8280AD
:10CD2000EF32CFFD2A89AE8901469305A0020D4559
:10CD3000EF1010127D544DC94041AA840545E521EC
:10CD400048A8218148B89306E90293075400154783
:10CD500093850189138681887D5503C80600FD17D8
:10CD6000FD16A38B07013388E50003480800A38064
:10CD700007033308E600034808007D17A380070176
:10CD800003C81600A3830701E319A7FC1146930506
:10CD900049001305C401EF60B07ECE85114613052E
:10CDA0006402EF60F07D0545BD2968A48569218195
:10CDB00068B413850980852908A8218108B813055E
:10CDC0004060952128A8218128B813856980A12970
:10CDD0008327890148A4218148B4A6854A85829782
:10CDE0002A842685EF10F00122856F306FF4EF3230
:10CDF000EFF02E842A89AA852285B289EF00D00E11
:10CE000001C559556F30CFF21C300420370500F0B2
:10CE1000A207C58F2420C204C58F2430E204DD8C14
:10CE20009921E98C370500E03D29E38CA4FC1830FA
:10CE30001C2022075D8F3C20C2075D8F3C30E2073B
:10CE4000D98FE1D385452285EFF09FA9E34C05FA00
:10CE5000E147B304F50203A70184138A01848547DF
:10CE60002697544799EA5CC7EFF0DFA6A2854A856A
:10CE7000EFF01FEBE38809F831A0E387F6FE7D555C
:10CE8000E38409FE83270A000947A697D447E39B5A
:10CE9000E6F603A44900138797001306E9029306F8
:10CEA00054008D070C237D17FD168CB20C227D16C5
:10CEB000ECB2E319F7FE056513050580AD2683275F
:10CEC000890148A4218148B4CE854A8582971DBF37
:10CED000EF32CFE2AE8441112A89B94526853284EA
:10CEE000EF10406B631E0510CA852285EF00C07FDE
:10CEF000631505101C3083490400370500F0A207B4
:10CF0000B3E7370183492400C209B3E7F900834935
:10CF10003400E209B3E9F900B926B3F9A9003705ED
:10CF200000E091261020143038203C30639CA90882
:10CF300013958600518D4207598DE20785456C8413
:10CF40005D8D9305E0054C85392E41811375F507FC
:10CF5000C88508301C2022055D8D3C20C207C98F82
:10CF6000283062055D8D01262181488608301C200D
:10CF700022055D8D3C20C207C98F283062055D8D7A
:10CF8000DD24C8863400C04095477D561307540001
:10CF9000B385F6008C217D170CB3B305F90083C56A
:10CFA0009502FD176CB3E395C7FE05651305058073
:10CFB0009D2C8327890148A4218148B4A6854A85F0
:10CFC00082970DA8A206D18E4207558FE207D98F0E
:10CFD00003274900B98F03278900F98F99C7832751
:10CFE000C900715581CB1304C9002686A2854A85E4
:10CFF000EFF0FFDF41016F30AFD39386818861B7D7
:10D000007955CDBFEF322FD144412A842E89DC34AB
:10D01000C824A2075D8D012CA167938707106317B1
:10D02000F5009C388828A2075D8DF52A93070580B6
:10D0300091CB8567938767806302F5042285EF10A3
:10D04000405C15A8A2854A85EFF07FB1DC34C82486
:10D05000A2075D8DC92AA16793870710B94563139D
:10D06000F500C945B305B0402285EF10A05279F50F
:10D07000CA852285A92401456F302FCC22869305CD
:10D0800099024A85EFF05FB3FDB7EF32CFC8B7F72B
:10D0900000209387C7BB5CD193075006A309F50214
:10D0A0009307E006230AF502B7D70000938707ED40
:10D0B0005CC9B7D700009387E70E1CCDB7F50020F9
:10D0C00099472A842304F502232E050019469385E7
:10D0D00055CB13059502EF60B04A9307C05D1EB8AB
:10D0E000930730032309F40201456F300FC5EF3277
:10D0F0008FC2B1642E8493841435EFF08FD91189D7
:10D1000015CDFD1485CCEFE06FEC2A897DD5AA877B
:10D11000814401E8CA852685EFE02FE801456F309C
:10D12000CFC132244C403E85EF6090453A24004008
:10D13000BA94C204B307E500C180E1BF5155C5B739
:10D14000EF32CFBBB7F7002083A747C8AA89138562
:10D1500081A8938481A882978C40A9C983C7D1A74D
:10D16000138481A893F7F70F81E78547A38EF1A673
:10D17000C2050D46C1810D454440EF10604D2A891E
:10D1800015C52A8432244840A685EF60703F3E24AE
:10D190000040BE9465F8EFE02FDF83A70901CE853C
:10D1A0004A85829701C54A85EF10A0456F304FB878
:10D1B000EF326FB6411137F4002002C202C402C63A
:10D1C000EF00D0781305C4C8B7F500201946938541
:10D1D00085C213059502EF60B03AB7F7002003A7A8
:10D1E000C7C19387C7C11305C4C83AC29847DC4377
:10D1F0003AC43EC623A401AA23A201AAEF10A03874
:10D2000037D80000B7D70000740030004C00130876
:10D2100048009387A70801471305C4C8EF100031E1
:10D2200041016F308FB19317850021815D8D4205DB
:10D23000418182809317850021815D8D4205418166
:10D2400082801357850193178501D98FB706FF0098
:10D2500013178500758FD98F4167130707F0218158
:10D26000798D5D8D8280EF320FABEFF09FFD6F30D7
:10D27000CFACEF324FAA03A481AAAA8401EC03A584
:10D2800041AA11C5EF10803019C103A441AA22851B
:10D290006F30AFAA2285EF10602F05C198309C2017
:10D2A00022075D8FBC20C2075D8FBC30E207D98F9B
:10D2B0005840B98F1844F98FF9DB0040C1B7EF32FD
:10D2C0000FA34041AA84AE891C300820A2075D8DBF
:10D2D000EFF05FF631814205418191476306F50029
:10D2E0002685EF10003231A41C300820A2075D8D86
:10D2F000EFF05FF419813C30137AC5032820A207B0
:10D300005D8DEFF03FF3BE242A89E3EB47FD9E24B9
:10D31000E3E8A7FCD2852285EF40904171F1CA85F0
:10D320002685EF10E046370500F0EFF0DFF3370514
:10D3300000E0EFF05FF34E89054B930B04014A8543
:10D34000EF10C02411E563130B12032909000DA28D
:10D3500093074900EDDB83264900F5D618381C28D1
:10D3600022075D8F3C28C2075D8F3C38E207D98FCA
:10D370006382F604CA855E85852E0DED1C38834ACE
:10D380000401370500F0A207B3E75701834A2401DF
:10D39000C20AB3E7FA00834A3401E20AB3EAFA00A8
:10D3A000EFF07FECB3FAAA00370500E0EFF0BFEB37
:10D3B000E39BAAF858345C2422075D8F7C24C207C3
:10D3C0005D8F7C34E207D98FB9C3CE851305C400C5
:10D3D000212EE31705F05C34034AC400370500F042
:10D3E000A207B3E74701034AE400420AB367FA0021
:10D3F000034AF400620A336AFA00EFF0DFE6337A98
:10D40000AA00370500E0EFF01FE6E30BAAECE30902
:10D4100009EC03497400682022093369A9001165E9
:10D420007D15EFF05FE03375A90011C52685ED2667
:10D43000AA8461C14041CE852685EF10604955E937
:10D440001C340824A2075D8DEFF0DFDE1375F50FA5
:10D4500099476303F50AC5476309F50885476312D1
:10D46000F50ACE852685EF40A06C61A003A981AAAC
:10D470006314390103290900014BE31209EC1C3440
:10D480000824A2075D8DEFF0FFDA1375F50FC5478D
:10D49000631EF500B3074401A823BC33A2075D8DCA
:10D4A000EFF05FD993074004630DF502854A1C3401
:10D4B0000824A2075D8DEFF0FFD71375F50FC54760
:10D4C0006319F508229A83473A0003452A00A20708
:10D4D0005D8DEFF03FD69307C076631CF5064E894D
:10D4E0003DB7E39809F2814AD9B7CE852685EF404A
:10D4F000C01001456F302F83CE852685EF20302A5E
:10D50000CDBFCE8513050401C522E31B05DC1C3805
:10D5100003490401370500F0A207B3E727010349D7
:10D5200024014209B367F9000349340162093369F0
:10D53000F900EFF05FD33379A900370500E0EFF091
:10D540009FD2E30FA9D8C0C089452685EF4050037C
:10D5500041BBE3910AE669B3EF227FF9AA894289C8
:10D56000630F0612AE8AD1453A8AB284B68B3E8BDF
:10D57000EF10400279576311051203A44900A20B72
:10D580001C340824A2075D8DEFF0DFCA1375F50F78
:10D5900033657501EFF03FC91357850018B408A42F
:10D5A000EFF05FC9218142054181220533656501A4
:10D5B00042054181EFF03FC798309C2008A4220724
:10D5C0005D8FBC20218108B4C2075D8FBC3011651E
:10D5D00013050550E207D98F13D787001CA818B888
:10D5E00013D70701E1833CB838A83365AA00EFF0F0
:10D5F0009FC308A0218108B003D58900138A01A91F
:10D60000EFF07FC228A0218128B003550A00230330
:10D610000400A3030400EFF01FC183570A0048A0D1
:10D620002181850748B02310FA0063810A0203C7ED
:10D630001A0083C70A0022075D8F83C72A00C2072A
:10D640005D8F83C73A00E207D98F99E71307490036
:10D65000814719C38327490013D787005CA458B4B6
:10D6600013D70701E18378A47CB423050400A30544
:10D670000400D1452285EF40B00B28A4218128B4B5
:10D680008357090385C303D7890063FDE700268616
:10D69000CA854E8585232A873A856F20DFE8444175
:10D6A000C104F9BF832749012686CE854A85829722
:10D6B000DDB7EF225FE601112A8432852ECE36CC0B
:10D6C0003ACA3EC832C6EFF0DFBA09CDC247524768
:10D6D000E2463246F2452A882285EFF0FFE70561EF
:10D6E0006F20BFE57155E5BF18311C2122075D8F02
:10D6F0003C21C2075D8F3C31E207D98F9386F7FF4B
:10D7000075576366D70203C725030145098B0DC30F
:10D71000D841630FF70094453D8F758F11EB13C50A
:10D72000F6FFE98F3385A740133515008280054544
:10D730008280EF22DFDB03A441A9C544014B13899A
:10D7400041A919E06F203FDEFD1493F4F40FFDD8DA
:10D750007C3C032C040091C7FD177CBC228B6284A7
:10D76000CDB783294400814A03A549005C31582183
:10D77000A207D98F85EF18311C21514622075D8FF2
:10D780003C2193058400C2075D8F3C31E207D98FAD
:10D790005CC0EF60E05E85454E85EF40A05F4E8542
:10D7A000EF108004AA8A4E85EF00B06583294400FB
:10D7B00063960902032709001C40631CE40423202C
:10D7C000F900A2851545EF00B046138721A91E2355
:10D7D0005A84B38A57412310570149B703A7490018
:10D7E0004E851C33034A0700A207B3E74701034AEB
:10D7F0002700420AB367FA00034A3700620A336A15
:10D80000FA00EF00707EAA9A4E85EF00905FD289F1
:10D8100045B72320FB0075B7EF227FCD44412A890D
:10D820009C308820A2075D8DEFF0DFA01981137571
:10D83000C503D1476312F526FC30E820A2075D8DB1
:10D84000EFF05F9FBC302A8BA820A2075D8DEFF020
:10D850007F9E9C30AA8C8820A2075D8DEFF09F9D53
:10D860002A8C4A85EF005078B7F7002083A707C7B6
:10D8700003D721A92A8D8D832A97FD8B938921A90E
:10D8800063ECE72003A441A9814A138A41A91DE85A
:10D890001545EF00F0372A84630005207146814565
:10D8A00013054400EF203FCA8D477CBC83270A0044
:10D8B00023208A001CC05146A68513058400EF6012
:10D8C000204C95ACD834DC2422075D8FFC24C207A1
:10D8D0005D8FFC34E207D98F58486316F7029838F9
:10D8E0009C2822075D8FBC28C2075D8FBC38E207E9
:10D8F000D98F184C6319F700DC30D4205A24A207C2
:10D90000D58F6306F720A28A004051B7CC4203C8E6
:10D91000550003C34500220833686800637C060D88
:10D9200093D5860094A38CB393D50601E182ACA372
:10D93000B4B3630E072A74336C23A206CD8E6364DE
:10D94000D6146362A814935689002300270114B3E8
:10D95000935609011359890134A3A3012701782C97
:10D96000014B058B630F0718638D0818584044431B
:10D97000D830D4202207558F631507189433982385
:10D98000A206D98EB8234207D98EB8336207558FC5
:10D9900061E75E2C03C904005146D1075EAC9C30A0
:10D9A000930584002685A207B3E7270103C9240055
:10D9B0004209B367F90003C9340062093369F90009
:10D9C000EF60003C4A2CEFF01F86A8A02181A8B090
:10D9D00023830400A383040023850400A38504009B
:10D9E000D1452685EF40C054A8A42181A8B4032BBB
:10D9F0004400D5A063090609F43103C36500A206FB
:10DA0000B3E666006361D60801CB7423783322073E
:10DA1000558F6303E8008148983194212207558F80
:10DA2000B421C206558FB431E206D98E2E8765AA7D
:10DA3000935689002300270114B393560901135903
:10DA4000890134A3A3012701742378332207558F5A
:10DA5000E307E6F0814821B75443EC23F833DC3286
:10DA6000D0222207A2074D8FD18F631AF7029C3272
:10DA70009822A207D98FB8224207D98FB8326207FD
:10DA80005D8FB68731B74A85EF00105683D70900FE
:10DA90003385A7402390A9004A85EF009036014BBB
:10DAA0008DA0B1554A8583244900EF00B02ECA8568
:10DAB0005A85EF0030559C3003C90400A207B3E734
:10DAC000270103C924004209B367F90003C93400E0
:10DAD00062093369F900E31609FC03270A001C40B8
:10DAE0006314E4022320FA00A2851545EF005014C8
:10DAF0005A85EF00704F83D709003385A7402390E4
:10DB0000A9005A856F203FA223A0FA00F1BFFC3084
:10DB1000E820896BA2075D8DEFF0CFF1FD1B337517
:10DB200075014205418101E96A24EFF0AFF03375D8
:10DB30007501E31205D883D709003E9D2390A90102
:10DB4000FC30E820A2075D8DEFF0CFEE93172501A2
:10DB500063C2070213153B017C2C4D810E05135C3B
:10DB60006C006695137CCC0393E717003305854161
:10DB70007CAC4AAC83244900BC30A820A2075D8D50
:10DB8000EFF04FEB9C302A8B8820A2075D8DEFF0E1
:10DB90006FEAFC30AA8BE820A20793DB6B005D8D57
:10DBA000EFF04FE94E054D81131635003305CB00DC
:10DBB00013FBCB0383274900330565414205135707
:10DBC000860041815440D8B313578500F8B32380B1
:10DBD0000700A380070023810700A3810700D0A3CB
:10DBE000E8A385480147E39306D2E31307E4232221
:10DBF0002401B5B3EF223F8F032C4500011132CA37
:10DC000003477C00AA8D03456C00220783DB0503D4
:10DC1000598DAE8CEFF00FE28966B377D500138A89
:10DC2000CBFEA146334ADA0283D48D0009677D1703
:10DC30003EC63379E500B1144209C2041359090103
:10DC4000C1800144514D3ACC420A135A0A0193163D
:10DC50003A0093970601C1833EC89387DBFE3ECE10
:10DC600089E4014505616F20DF8BE247A68A337B9B
:10DC7000F900B24733EB6701F24763C6F400C24ACA
:10DC80008967336BFB000146D1450945EF00501C05
:10DC9000AA8939C948415146E285EF60600E03A662
:10DCA0004D0083AB49006A9623A2CD0003D6AD0098
:10DCB000B306A6412395DD00568D63090D0403D4F8
:10DCC000AD0063738D006A844204418001E483AD3A
:10DCD0000D00E5B7814509460D45EF007017AA858F
:10DCE00011E54E85EF00F0117D55ADBF03A64D0047
:10DCF00002A522A550C14E85EF00D030B3068D405D
:10DD0000139D0601135D0D01E3130DFC5A85EFF021
:10DD10008FD12383AB002181A383AB0013854A01FC
:10DD200042054181EFF02FD02381AB002181A381F7
:10DD3000AB00D14523850B00A3850B005E85EF402A
:10DD4000201F03A74C0152462385AB002181A385E8
:10DD5000AB00CE8566850297B384544152994E85B7
:10DD6000C2044209EF00F009C18013590901228D54
:10DD7000C5BD3C296385B7002CA9A3090500828095
:10DD80005E2D184DB306F7002388B60E9386270044
:10DD90008507C207C18356ADBA972388C70E828014
:10DDA0005A2D1C4D9306170056ADBA972388B70E0F
:10DDB00082805E2D184D13D68501B306F7002388A7
:10DDC000C60E93861700C206C182BA9613D6050105
:10DDD0002388C60E93862700C206C182BA9613D640
:10DDE00085002388C60E938647008D07C207C1832E
:10DDF00056ADBA972388B70E828015C15E2D184D97
:10DE0000130630049386170056ADBA97FD56238843
:10DE1000D70E5E2D6376F60093F6370091E282808E
:10DE20009386170056ADBA972388070EDDB7630CAB
:10DE30000516EF224FEE03290502DD57630209168E
:10DE4000AA840146930540130145EF007000232A80
:10DE5000A9002A87FD576305051483463901938776
:10DE6000418481E69443850694C3404388438547B3
:10DE7000232C89002320A9001CA01CB099473CA09A
:10DE8000A3010400EFF0EFBB9357850048A05CB0FE
:10DE90009357050161817CA068B00324890129475B
:10DEA00023040400A304040023050400A3050400C4
:10DEB00023060400A306040023070400A3070400AC
:10DEC000834729016388E700F11793F7F70F0547A8
:10DED000636AF700DC205CA4DC305CB4FC207CA42A
:10DEE000FC307CB423080400A308040023090400C8
:10DEF000A3090400230A0400A30A0400230B04005E
:10DF0000A30B0400230C0400A30C0400230D040045
:10DF1000A30D040083C5840281474146139707017E
:10DF2000418381466376B7003387F40083469702C6
:10DF30003307F40054AF8507E392C7FE1307C4020A
:10DF40009307C406230007000507E39DE7FE1307B8
:10DF5000C40E238007008507E39DE7FE37558263E3
:10DF600013053536EFF0EFAD935785002306A40E69
:10DF7000A306F40E03268901935705016181230747
:10DF8000F40EA307A40E231E0900814713074004C3
:10DF9000B306F6002388F60E8507E39BE7FE81476C
:10DFA0003E856F208FD9D9573E85828011CDEF22D3
:10DFB0008FD6005101C8484811C1A125232A040069
:10DFC000232C04006F206FD7828063000518EF2296
:10DFD0008FD40051630904163828A1476315F7163A
:10DFE00098319C2122075D8FBC21C2075D8FBC3117
:10DFF000E207D98F18546398E714AA84B1452285A3
:10E00000EFF03FD72685EFF09FE263190512054632
:10E01000930550032285EFF0BFD691452285EFF09E
:10E020003FD81146930520032285EFF07FD5085491
:10E03000EFF06FA3AA852285EFF0BFD711469305B5
:10E0400060032285EFF0DFD34850EFF0CFA1AA851F
:10E050002285EFF01FD61D469305D0032285EFF0F1
:10E060003FD25E2C184C05462285B306F700238864
:10E07000C60E138627004206418252AC93861700D3
:10E0800083C59402C206C182BA962388B60E9386CF
:10E090003700C206C18256AC83C5A4023A96BA962E
:10E0A0002308B60E138647004206418252AC83C550
:10E0B000B4023A962388B60E93865700C206C182F0
:10E0C00056AC83C5C402BA962308B60E1386670001
:10E0D0004206418252AC83C5D4029D073297238801
:10E0E000B60E5EAC83C7E4022308F70EEFF0FFD054
:10E0F0004E2C48489385050FC205C181512D034719
:10E1000084021C4C4C484840D8A70347940203A9FA
:10E110004400D8B70347A402930630041386C1898C
:10E12000F8A70347B402F8B723A204002687EF300C
:10E13000E079268523A22401EFF05FE73C388507CC
:10E140003CB885477EAC6F204FBF8280EF22AFBCCA
:10E150001128BD24B7F7002083A747C091C3829739
:10E160006F20AFBD37B700201307370D719B23AE6B
:10E17000E1A8B7F7002083A787C6231107008D0702
:10E18000F19B93960701C182BA9716A32302070059
:10E1900023A0F1AA0546D0A396A3B6A323ACE1A879
:10E1A000828049C183A7C1A9636EF50683A501AA30
:10E1B000637AB50683A681A9130685FF230E05FEA3
:10E1C000138781A96373D60010C3835685FFBE965B
:10E1D0006304D60203C8460063100802638ED500AC
:10E1E0000C436393B60010C38E22231CB5FE962207
:10E1F000B305F640BE96AEA28355A5FFB386B70021
:10E200006302D60203C84600631E08000328070005
:10E210006313060114C3035785FF9AA2035785FFB2
:10E22000BA97AEA382808D05C205C181F199C2055E
:10E23000C1813147AE8763F3E500B14737F700206E
:10E24000032687C6C207C1830D06719A6360F60A6A
:10E2500003A7C1A9636DE50883A601AA6379D50860
:10E26000930685FF835885FF998EC206C1829385E8
:10E2700088FF958DC205C18163EAF5066389F506BD
:10E280003303170103484300631408029385860093
:10E29000138881A9AE97032E0800C207C183835853
:10E2A0000300B305F70063166E022320B80015A023
:10E2B0001388470163ED050393858600AE971388A5
:10E2C00081A9C20703230800C183B305F700E3EE69
:10E2D00065FC23901501B6A123820500231CF5FEE1
:10E2E00096216306D60036973EA382800145828040
:10E2F00039C51307350042074183719B42074183AB
:10E30000B146BA876373D700B14737F700200326B9
:10E3100087C6C207C1830D06719A01456362F60282
:10E3200003A781A983AEC1A9938581A93303F640D0
:10E33000B306D741C206C182615E63E4660001454F
:10E3400082803385DE00034845008358050063174B
:10E3500008063308DE4046986362F80613834701D7
:10E3600063626804A107B697C207C1833388FE00C1
:10E37000231018012311D8002302080085461EA18E
:10E3800054A1835608006304D600F696BEA2631912
:10E39000A70083A601AA8147502301EE91C398C12B
:10E3A0002105828085475CA1DDB71A2385477697D2
:10E3B000E5B7E39CE6FEEDD794C1DDB7C686B5BFF1
:10E3C00083A5818483A6C184B7C700209387F734CF
:10E3D00037F70020F19B130747CC1385060103D8BC
:10E3E00005002320070001466318C80089061107AD
:10E3F0008905E396A6FE828083280700050642066B
:10E4000023A0170183D806001CC34182C697E9BF29
:10E410009D4763EDA700B7F700200A05938747CC17
:10E42000AA97884309C5184198C382800145828014
:10E4300099C99317250037F50020130545CC3E9563
:10E440001C419CC10CC18280EF224F8B98319C21D2
:10E45000AA8422075D8FBC212E84C2075D8FBC3148
:10E46000E207D98F5841639FE70018301C2022072C
:10E470005D8F3C20C2075D8F3C30E207D98FDCC046
:10E480006F200F8B03A541AB01499309400605C1DD
:10E490001841DC40032AC5006311F7048545EF00ED
:10E4A000F0649307190093F7F70F63F7290383A725
:10E4B000C1ABC5DF984319CFD440631DD7001430DA
:10E4C0001820A206D98E38204207D98E383062072C
:10E4D000558F98C3DC47F1BF3E8952854DBFEF226F
:10E4E0008F83411132C636C42A84EFF0FFF53246DD
:10E4F000A246814719CA18321C2222075D8F3C228E
:10E50000C2075D8F3C32E207D98F1CC4814799CA8C
:10E5100098329C2222075D8FBC22C2075D8FBC32DD
:10E52000E207D98F5CC441016F202F81EF12BFFE3B
:10E5300058CD1387C1AA8348070041112322050043
:10E5400023240500232605002309050223200502B4
:10E5500013831800A30A1503232805012A843EC645
:10E5600023006700EFF0BFF7B2472285829711E9D9
:10E57000938781AA984318C080C3228541016F10F8
:10E58000DFFB0144DDBF23A2A1AA8280034525034E
:10E5900005898280AA870145A5C5BDC313960501DB
:10E5A0004182328863DB05003308C040BA27420845
:10E5B00013580801054563650705D427D84381C66C
:10E5C0000D456391A6020D8F93860701054563698A
:10E5D000D702D8C3BA2701453297BAA79A273A96E5
:10E5E00092A78280FD16C206C1828548054563E96F
:10E5F000D80063D70500B62763E406010D8FD1BFAD
:10E600008280EF12BFEF01440DCDAA8501440D4970
:10E610008549FE25FD17C207C183FEA59DE3DC25C4
:10E6200084411D4563882701FD17C207C18363ED3F
:10E63000F9001945EFF0DFDF05041374F40FA68528
:10E64000E9F822856F10DFEE2E85EFF09FB5EDB76C
:10E65000EF12DFEA8547630DF50031C58947630690
:10E66000F5048D476305F504014422856F105FECC6
:10E670008144D104B904C204C1808947B2892E897A
:10E6800063E9C70279CA1945EFF09FD82A8469DD8A
:10E69000232205002314250123152501232005002D
:10E6A00023063501B5A0D144E9B78144E1B78144DF
:10E6B000E9B78D470144E31AF6FA1D45EFF05FD53F
:10E6C0002A845DD1B3079500CD07F19B37F7002071
:10E6D0005CC1930707C6DC438D04F19893879703C9
:10E6E000F19B230635012320050023142501B38463
:10E6F0009740930907C663739900CA84854726A487
:10E700007EA4B30499400D4A2289854A634790004C
:10E7100085477EA4A306040089BF1D45EFF05FCFA7
:10E7200009E52285EFF0FFED81B783A749002316A5
:10E730004501232005002320A9009387970306A500
:10E74000F19B63F3F400A687130705013EA558C1AA
:10E75000231755019D8C2A8955BF93873500138552
:10E760003401F19B71993E9542054181EFF05FB80C
:10E770002A84E30B05EEAA94CD04F19844C1231436
:10E78000250123152501232005002306050049B78F
:10E790001E2563FAF504EF121FD82A84AE84B387CE
:10E7A000F5402E2463E995025C2481EF638B95008C
:10E7B0004C402285818DA695C205C181EFF0BFA690
:10E7C0002A84084026A406A419C1EFF09FE3232061
:10E7D00004006F109FD61A248D8CC2043E971AA491
:10E7E000C18000407DBF8280814719E13E858280E3
:10E7F000850793F7F70F0841CDBF01C57E25850733
:10E800007EA5828009CD99E182803A859E251625D4
:10E810001841B697C207C1831EA565FB0CC1828053
:10E82000EF127FCF2E84EFF0FFFD2285EFF0FFFC8B
:10E830006F10BFD03DCDEF127FCC2A84AE845955E6
:10E84000ADC51A249E256362F7060149014A835922
:10E85000A400BE24B3894941B387274163C9F904A1
:10E86000939907014840CC4093D909015295CA9524
:10E870004E86EF50E0504E9A3E24420A4E9942098D
:10E88000135A0A0113590901639447010040014AD0
:10E89000BE246365F900844099CC0149BA249E24C2
:10E8A0006316F7029C409DC35D556F107FC8C20977
:10E8B00055BF5955828009C801493A241E24631462
:10E8C000F7001C40F5F3C1F40145C5B77DF441B72D
:10E8D000EF12DFC203294500AA8983479900034547
:10E8E0008900014AA2075D8DEFE0DF94937AF50F6E
:10E8F00003A401AB3109938401AB01E401456F101E
:10E900003FC31C280145639457035C488DC3084CE2
:10E91000CA864E86A285829719C963080A005C449C
:10E920002326FA009C4080C05CC4054581495C44B4
:10E93000228A71F53E84D1B7814799C998319C21CB
:10E9400022075D8FBC21C2075D8FBC31E207D98FE2
:10E950001CC101458280814799C998319C212207B9
:10E960005D8FBC21C2075D8FBC31E207D98F5CC1CE
:10E97000014582804CC910CD8280EF123FB8AE8431
:10E980002A89D1452685B289EFF0DFC015C9014635
:10E9900081450545EFF0DFCB2A8409E57D594A859D
:10E9A0006F101FB9A685EFF0BFE74E85EFE07F8CB3
:10E9B00019ED7159E30594FE2285EFF09FC4C5B7A8
:10E9C000B1552685EFF01FBD71F92684F9BFCA85C0
:10E9D000630509008327090099E3930545008347F0
:10E9E00009010347A9008346B9002A884E8622857B
:10E9F000EFE09FB62A897DBFEF12FFB113064500F5
:10EA0000EFF0BFF76F107FB3EF12FFB0138701ABCA
:10EA10001C43AA856390A7025C451CC30145EFF027
:10EA20003FA16F109FB1D84709C76314B700D845FD
:10EA3000D8C7DC47EDFBDDB7EF12FFADAA84014577
:10EA4000EFF01F9D2A8411CD71468145EF10BFAFB5
:10EA5000930700F83CB4938701AB984304A880C3A4
:10EA600058C422856F107FAD6D55828083A641AB5F
:10EA700003A6C1AC83A5C1AB03D54185938741856E
:10EA8000130715001315070113180701418163537C
:10EA900008000565368719E7328719EB2E8719EFCD
:10EAA0008AA382800358C701E30CA8FC5847E5B746
:10EAB0000358C701E306A8FC5847C5B70358C70168
:10EAC000E300A8FC5847E1BF1C4963960710EF120A
:10EAD000FFA24111AA84328411E62EC6EFF01FF97D
:10EAE000B2452A8403A7C1AB31E703A741AB25EBAD
:10EAF00083A981AB138981AB4E8759E783A7C1AC4A
:10EB0000CDEB85C198319C2122075D8FBC21C207C6
:10EB10005D8FBC31E207D98F89C711462685EF503A
:10EB20002026C2AC23A634012320990001454101CF
:10EB30006F101FA05E2F63928702104359CED1CD74
:10EB400094319C21A206DD8EBC21C207DD8EBC3132
:10EB5000E207D58FD9C36302F608584771B75E2F15
:10EB600063928702104335CAADC994319C21A20635
:10EB7000DD8EBC21C207DD8EBC31E207D58FB1CF5F
:10EB8000630DF6045847A5B75E2F639287021043C2
:10EB900029C6A1C594319C21A206DD8EBC21C207E5
:10EBA000DD8EBC31E207D58F8DCB6308F602584766
:10EBB000A9B7DA2F631F870094319821A206D98E56
:10EBC000B8214207D98EB8316207558F94436386C6
:10EBD000E600DC4735B74D558280555589BFEF12A9
:10EBE0009F931C49411191C70144228541016F1037
:10EBF000DF942AC60D45EFF0BF812A8475D5B24552
:10EC0000138781AB9C4D1CCDDE2D5EAD85471CC9A5
:10EC10009E2593E727001EA5BC353CB5BC253CA529
:10EC20009C411CC11C436394B702DC451CC323A652
:10EC300005000945EFF0CFFFB7F70000938787A6DF
:10EC40001CD09387C1AB984380C358C479BF23A419
:10EC5000F1AC8146138781AC89E7F1DA2320070004
:10EC6000F9B7D0476317B60091C21CC3D845D8C7BF
:10EC70007DBF8546B287CDB7AA870358C502145910
:10EC8000D23B0C5583D807043305D84005822E9516
:10EC9000328763F3C8004687420741833307E54064
:10ECA000634507002397070382803387D540635667
:10ECB000E00023970702014582808D8EF6B7E5BFFD
:10ECC000EF127F855E352A84BE95C2055E39C1810B
:10ECD0004EB563F3B7005EB52285EFF0FFF95E38FD
:10ECE0008983634BF50083476402228593E72700FD
:10ECF0002303F402EF2020256F103F84EF12BF8121
:10ED00004111014409CDAA854841014411C52EC6CF
:10ED1000EFF03F8FB2452A841145EFF06FF1228565
:10ED200041016F109F81EF120FFF014401E5228521
:10ED30006F10BF800441EFF07FFC2A941374F40F2E
:10ED40002685EDB7EF122FFD41112AC61145EFF0D0
:10ED50002FEC2A8401C9B2455146EF506002484069
:10ED6000EFF0BFA9228541016F102FFD0CCD8280ED
:10ED70002328B50882802326B5088280232EB50873
:10ED800082800CD18280232CB508A30EC50282801C
:10ED90001C4905476374F70429476381E704EF12B0
:10EDA0008FF72A840325850809C5EFF09F85232462
:10EDB000040803254408FD577EBCEFF0DFF6685CCD
:10EDC00023220408EFF03FF603250408EFF0BFF517
:10EDD000232E0406232004086F102FF68280EF12E2
:10EDE0008FF0B7F400209387C4C1138701AC03CC24
:10EDF00087011C43E96A850703AD41AB1CC31309B6
:10EE00006006014A9384C4C1138401AC938941AB69
:10EE10008D4C938A8A8F138B018A631A0D0003A489
:10EE2000C1AC9384C1AC631904246F108FEF7D19BA
:10EE30001379F90FE30B09FE03462D0583260D0117
:10EE4000854D6302CC02834D0D0B63840D100327A7
:10EE5000CD0AB306BB0183C6F6FF05072326ED0ADC
:10EE6000637CD70C814D03270D019946631DD700A4
:10EE700003268D031440918E904C6376D6009387C1
:10EE80001D0093FDF70F83568D00814BA18A95CE0F
:10EE900091466305D7009D466319D70283284D0A22
:10EEA00083268D0A03250D0ACC4CB386D802104068
:10EEB00003278D03198EAA96B3D6B60263FCC6103B
:10EEC00093871D0093FDF70F854B03254D0805C162
:10EED00003278D0314401946998E03170D05330738
:10EEE000C70263E6E600EFF01FE423220D080327C4
:10EEF0000D016314971183268D031840158F944CD0
:10EF000063E8E61063960D108347CD030347DD03E6
:10EF1000850793F7F70F230EFD0263EBE7008327C6
:10EF20008D09230E0D02639207146A85EF20A0015C
:10EF30006A8A032DCD00D5B523260D0A19476366CD
:10EF4000B70193871D002308FD0A6A85EF20C05D85
:10EF500011BF0317ED03634507000507231FED02EB
:10EF600003270D08E30007F08315ED0303170D05D4
:10EF7000E35AB7EE63F4DC020317CD048316ED0405
:10EF8000B1470D8736979376F60F63F3C700B14606
:10EF9000D69694223317D7002318ED048356AD0577
:10EFA00003574D06231F0D0263F3E6003687420721
:10EFB000418383560D040583231EED046376D70039
:10EFC00013971600231EED04231DDD046A85EF2030
:10EFD000803E51BD03471D0B814B330717032A9712
:10EFE0003357B702E373C7EE6A85EF20004E03473D
:10EFF0001D0B0507A308ED0AC9BDA546E314D7F00C
:10F0000003278D031440998E984C0607E37CD7EEB6
:10F010006A85EFD08FD66A85EFF09FD78327CD0022
:10F0200063020A042326FA008327CD0989C7032532
:10F030008D01ED558297638F0B0083574D02035767
:10F04000CD0183258D0203250D0693064D006A86AA
:10F05000EF20E025832BCD00EA850945EFF04FBD79
:10F060005E8D65BB23A0F900C1B703258D01EA853C
:10F070008297E30C05EA6DBD2285EFD00FD0228583
:10F08000EFF01FD10329C400A285094523A0240164
:10F090004A84EFF0EFB941BBEF12EFC71C412E8459
:10F0A0006390B704DC451CC1232604002285EFF0E1
:10F0B0003FCE1C4829476381E7020547638EE7007E
:10F0C0008347640213F7170001CB93E7270023035C
:10F0D000F4022285EF103067232804006F10EFC57B
:10F0E00023A4F1AC8146138781AC89E7D5DE2320C8
:10F0F00007005DBFD0476317860091C21CC3584408
:10F10000D8C75DB78546B287CDB71C491D47636533
:10F11000F70AEF124FC069678A071307878DBA97FE
:10F120009C432A848287EFD04FC5138781AB1C4351
:10F13000639987005C441CC323260400A28509450B
:10F140003DA823A4F1AC8146138781AC89E7EDD6B5
:10F1500023200700D5B7D0476317860091C21CC390
:10F160005844D8C7D1BF8546B287CDB7EFD0EFC0DE
:10F17000A2851385C1ABEFF03FF2A2850D45EFF0FC
:10F180002FAB014531A8EFD04FBFA285138541AB0E
:10F19000EFF09FF065B78545EF10904F954701C997
:10F1A0006F10AFB98545EF10B04E7DF9A5471CC86B
:10F1B0002285EF105059F1B701458280EF12AFB5AB
:10F1C00041112E8511CE0E2632C6EFF07FAF3246AA
:10F1D0003285EFF00FC381473E8541016F10EFB5D7
:10F1E0008147FDFAEFF07FF2AA87FDB7EF12AFB2C9
:10F1F00003A441AB9304500619E06F100FB403262B
:10F20000840819CA832704098146A2858DCF084C3A
:10F21000829719E123240408FD1493F4F40FF1DC20
:10F220008347640213F7170009CF93E727002303EE
:10F23000F4022285EF10305183476402F19B2303CF
:10F24000F402404455BF0145EFF05FF7D9B7EF1224
:10F250008FACEFF0BFF9138741AC1C23850793F700
:10F26000F70F1CA3858B99C3EFF07FB76F10EFAC3E
:10F27000EF126FAA03A441AB93045006014901E4C5
:10F280004A856F108FAB0326840819CA83270409A7
:10F290008146A285B1C7084C829719E1232404084E
:10F2A000FD1493F4F40FE9DC8347740285CB034724
:10F2B0006402937617009DC2FD1793F7F70FA3031F
:10F2C000F4029DE3136727002303E4022285EF1075
:10F2D000904783476402F19B2303F402404445B7FF
:10F2E0000145EFF0BFED55BF0509CDBFEF122FA0CF
:10F2F0001849A94741112A84631EF700AA8513857E
:10F30000C1ACEFF07FD9A2850945EFF06F924101C2
:10F310006F106FA11C412E8B032905063EC65C4170
:10F3200083298502035AC5013EC4835A45028324BA
:10F33000C509832B8501EFD04FA4138541ABA2856E
:10F34000EFF09FD50325040819C1EFF0DF9D685C3D
:10F3500019C1EFF05F9D0325440819C1EFF0BF9C70
:10F36000A2850945EFF0CF8C81C4ED555E8582946E
:10F37000E30F0BF8D687528734007000CE854A859C
:10F38000EF10F07269B793870185884303A701AC3A
:10F390003A9588C38280EF126F962A890945EFF06B
:10F3A0002F87B7F40020938404C62A8425E19C4863
:10F3B0008983858B89E7014422856F106F9783A726
:10F3C000C1AC03A601AC01458146938901ACF1E7CC
:10F3D00001C58545EFF09FF10945EFF06F832A8461
:10F3E00015E583A741AB03A509007D191379F90F32
:10F3F0001306F0078145DDEB09C485452285EFF052
:10F40000FFEE0945EFF0CF802A8455D51306400B57
:10F4100081452285EF102F93930700045CA89C443C
:10F42000231C040613078021231BF4065E385EB4F8
:10F430007EB4E1773EA4DC406374F700930780213B
:10F440002310F404C1677D577CC485472318F40456
:10F450007ABC231DF404EFF01FF383A701AC68D43A
:10F4600028D01CDCB7F700009387C71B2328F408BB
:10F47000B7F7002003A707C1938707C168C82320F7
:10F48000E40AD8439C4728D8230E04022322E40A26
:10F490002324F40AA308040A05B7985F3307E6405B
:10F4A0006364D700BA863E85DC4715B7D42B636CFE
:10F4B000D900636AD600985F3307E5406365B700FB
:10F4C0003686BA853E84DC473DB7EF12CF841305FC
:10F4D0000004EFF05FEC6F104F86EF12CF832A84A9
:10F4E0002E85EFD01FD911CD1E3981CF938787FD8F
:10F4F0003E87C207C1836373F40022871314070198
:10F50000418022856F106F83EF12EF8003A4C1AC9E
:10F510009384C1AC19E06F104F822285EFD0EF8544
:10F520002285EFF0FF860329C400A285094523A0A8
:10F5300024014A84EFE0DFEFF1BFEF023FFC1C49FA
:10F54000AA842E8AC827DC37A2075D8DEFD09FCE14
:10F55000058929E94169130909FC03270A0103A662
:10F5600041AEDE2454334C23B297A206D58D7423CA
:10F57000C206CD8E6C33E205D58D8356CA00AE9699
:10F58000B386D74063D506028D8F6359F000918D05
:10F59000C205C840C181CEA4EFF08F9F23A04401D3
:10F5A0006F001FF95285EFF00FF8014AC5BF5C37B5
:10F5B0004827A2075D8DEFD0FFC7058915CD9C4870
:10F5C000C037C8272204498C4A85EFD0DFC59C4844
:10F5D000698CC827DC37A2075D8DEFD0BFC51375D6
:10F5E000E50313651500EFD01FC49C48418D42050B
:10F5F0004181C8A72181C8B703240A005285EFF0D2
:10F60000EFEF45D4228A91BFEF027FEE83C741AD71
:10F610002A84C18B138941AEF1C78325090038556F
:10F620008356450670553305B74083A701AD9384D3
:10F6300001AD634405026316B7003307F640634E1D
:10F640000700631EF60203A5C1AE78350348E50046
:10F6500022073367070163F4E60203A5C1AE7835DC
:10F660000348E5002CD42207336707012312E40680
:10F670007CD411C70347040B19C32308040A6C4840
:10F680003387B7406342E02A03D701AF231A040649
:10F6900063190728035744066854B2962A976312E1
:10F6A000D7280317E403634E0726639CF526834798
:10F6B00084050D47850793F7F70F230CF404637C4B
:10F6C000F7240357A40583570404BA97C207C183DC
:10F6D0006374F700231DF4047C5C639F073670405D
:10F6E000631A064003D601AF832709001454138A16
:10F6F00001AF6306067EB385F6401387F5FF634BC3
:10F70000074605471D8F118F36976345E046B7F9C9
:10F710000020938749CEC443139705014183BE243B
:10F72000938949CE63D3B7449E24998FC207C1837E
:10F73000BA246346B742B305B040C205C1852685E9
:10F74000EFE05FE5DC4083D6C9000327090023A46E
:10F75000F9001C5436971D8F2396E90003A7090171
:10F7600093D687002320F9005CA354B393D60701F6
:10F77000E18374A37CB3832609001854B387E64061
:10F7800063CB0774523493871600998F918F63442B
:10F79000F0746390E65CB7F40020938744CE83D97D
:10F7A000C7009C4B938444CEC827DC37A2075D8DED
:10F7B000EFD05FA80D893335A0004E9542055E3429
:10F7C00041812310AA0063FDA7089C48C827DC37A5
:10F7D000A2075D8DEFD01FA6058931C19C4883C962
:10F7E000D700C827A209B3E9A9004165130505FCA4
:10F7F000EFD07FA39C48B3F9A900C827DC37A20744
:10F800005D8DEFD03FA31375E503EFD0DFA19C48DA
:10F8100033E5A90042054181C8A72181C8B75E34FC
:10F82000DEA49C48C827DC37A2075D8DEFD09FA0DF
:10F83000098901C5DE24FD17DEA4CE24C840EFE00F
:10F840003FF59C4883D9C400C827DC37A2075D8DEB
:10F85000EFD05F9E0D893335A000AA9923103A019D
:10F8600083274408638D07329C48C827DC37A207EA
:10F870005D8DEFD03F9C058963100532832A4408D3
:10F88000416B130B0BFC0325090003570A002A9751
:10F8900063800A0803A60A014C325422A205D58DC2
:10F8A0007422C206D58D7432E206CD8E83D5CA008D
:10F8B000B695B305B74063D90532158F635AE00496
:10F8C00083274408984B5C335423A207D58F898F34
:10F8D000DEA49C48C827DC37A2075D8DEFD09F953A
:10F8E000098901C5DE24FD17DEA4CE24C840EFE05F
:10F8F0003FEA9C4883D9C400C827DC37A2075D8D46
:10F90000EFD05F930D893335A000AA9923103A01F7
:10F910002322540969A4E391E7DC2285EF10D03457
:10F9200065BB230C04044DBB3450B386D7406342FF
:10F93000D0128346640213F6460001CAED9A2303EF
:10F94000D4028356C405231DD4048316C40403566D
:10F95000E40442078D86B2962318D40483566407C4
:10F960004183231AE4063697231BE40618487CC813
:10F9700023090404230C04048D4763F1E7020357B1
:10F98000A4058356C405835704046376D702BA9747
:10F99000C207C1836374F700231DF404832704089E
:10F9A00085E383270408230E040293B71700B307E7
:10F9B000F0407EBC15B3B387F702B3C7E702C1BFFF
:10F9C000984B48335C2322055D8D7C23C207C98F89
:10F9D000683362055D8DEFD01F8983270408AA89EB
:10F9E00003DAC7009C4BC827DC37A2075D8DEFD038
:10F9F0007F849C400D893335A0005295B389F9402E
:10FA00004E95E340A0FA8329040883A70900232028
:10FA1000F4088357440785C383A70901C827DC3747
:10FA2000A2075D8DEFD01F81058911C5835744075B
:10FA3000FD17231AF40603A54900EFE0FFDA835708
:10FA400084073385A740231CA4064E85EFF00FAB37
:10FA5000B1B7231A040649B1984B83A9040048336F
:10FA60005C2322055D8D7C23C207C98F6833620544
:10FA70005D8DEFD04FFF7C5CAA8AB389594103DAD0
:10FA8000C7009C4BC827DC37A2075D8DEFD08FFAEB
:10FA90000D893335A0005295B389A940E3C109C44B
:10FAA0009C403850998FE34CF0C28329C40783A748
:10FAB00009007CDC8357440785C383A70901C82755
:10FAC000DC37A2075D8DEFD0EFF6058911C58357AE
:10FAD0004407FD17231AF40603A54900EFE0DFD021
:10FAE000835784073385A740231CA4064E85EFF077
:10FAF000EFA0DDB63C449840998FE3D507BE83164E
:10FB0000C40403D701AC420693D536404182C205F6
:10FB1000C181B307C7408D8FC207C1831395070109
:10FB2000B697C207C18741852316F40463570500C1
:10FB3000198E2E961315060141858316E4048D87D0
:10FB40002322040413D726403387E6402A9742072E
:10FB50004183BA972317E4042318F40461B69EA4E2
:10FB600023950400998D8440E1B63307E040931556
:10FB70000701E9B6958FE3D007C083476402228569
:10FB800093E727002303F402EF10E03BEDB61C419E
:10FB90002322F408EFF08F96032544086DF983566D
:10FBA0000A005E34032709002285958F369718D402
:10FBB0005EB4EFF06F8CDC409A2709C723AEF1AC3E
:10FBC00023A204009C48C827DC37A2075D8DEFD034
:10FBD0006FE6058919C5938701AE9823136707025D
:10FBE00098A3914A1D4B39AA5C364826A2075D8D21
:10FBF000EFD04FE4058935C59C48C827DC37A207FC
:10FC00005D8DEFD02FE3098929ED9C4883C9D7008A
:10FC1000C827A209B3E9A9005A85EFD0CFE09C48D4
:10FC2000B3F9A900C827DC37A2075D8DEFD08FE0BC
:10FC30001375E50313651500EFD0EFDE33E5A9007A
:10FC40009C484205418113578500C8A7D8B783D97E
:10FC5000C400EFD02FDE0D893335A000AA99231000
:10FC60003A0183A90A005685EFF04F89CE8A21B95F
:10FC70002320F9005C37482783DBC400A2075D8D91
:10FC8000EFD04FDB1C540D893335A0005E953E95B7
:10FC90009C4808D483DBC400C827DC37A2075D8DED
:10FCA000EFD04FD95E340D893335A0005E95338592
:10FCB000A7404AB42285EFE03FFCCC409E2589CB8B
:10FCC0009387C1AD884335CDEFE0DFB323A20400B5
:10FCD0009C48C827DC37A2075D8DEFD0AFD50589DA
:10FCE00001CD138701AE1C2393E707021CA31C4818
:10FCF00063945701232864019C4026852322F4083D
:10FD0000EFE0DFFF8324440899CC984854335C2308
:10FD1000A206DD8E7C23C207DD8E7C33E207D58F01
:10FD20001454E387D7F48347640213F7170001CF15
:10FD3000F99B93E727002303F4022285EF10A0200C
:10FD400039A08CC361B793E717002303F4026F0057
:10FD50008FFD2285EF1020188324440891E837F5A1
:10FD60000020130545CEEFE0FFFD2322A408C5B710
:10FD70000327090081491308F7FF1305170090486E
:10FD800054325C22A206DD8E7C22C207DD8E7C32DC
:10FD9000E207D58F639CE70237F50020930745CE35
:10FDA000DA27DE24E3F5E7FA130545CEEFE09FF905
:10FDB00059DD638A090023A0A900A685EFF0EFF7BB
:10FDC00079B7B6846DBF2322A408C5BF639009022A
:10FDD000B306F74063DE060837F50020130545CE6D
:10FDE000EFE05FF62DD52322A408C1BF83A8090147
:10FDF00083C5580083C64800A205D58D83C6680018
:10FE0000C206D58D83C67800E206CD8EB306D840F3
:10FE100063C00606B306F540634CD00437F50020F6
:10FE2000130545CEEFE01FF22A8415D103A709017F
:10FE30005C334C23A207DD8D7C23C207CD8F6C334E
:10FE400003D7C900E205CD8F832509003E970D8FAA
:10FE5000635BE0009D8DC20503A54900C181239627
:10FE6000B900EFE0FF9223A08900A6852285B9B7EB
:10FE70009440A689B9F6B307F740E35AF0EC5C3634
:10FE80004826A2075D8DEFD0EFBA0589E31105EC96
:10FE900037F50020130545CEEFE0DFEA88C0E30820
:10FEA00005EA98485C334C23A207DD8D7C23C2070A
:10FEB000CD8F6C33DA24E205CD8F832509003E9780
:10FEC0000D8FE356E0E89D8DC205C840C181CEA4E8
:10FED000EFE01F8CADBD2285EF00F07F8DBD338735
:10FEE000D740634807005A348507958F998FE350B0
:10FEF000F0E68347640235BDEF02EFE19384C1AEC3
:10FF000003A904002A848347D9000345C900A20736
:10FF10005D8DEFD02FB2318142054181954763FC61
:10FF2000A7029C405109C827DC37A2075D8DEFD09E
:10FF30006FB0B7F7002003A647C631816D150A05DB
:10FF40004205931506014181C181814705488948D1
:10FF5000114363E4A7006F004FDEB306F900982257
:10FF6000630907016DDB630A170198326DD7BA97F1
:10FF700011A08507C207C183E9BF9832E31D67FC62
:10FF800013873700E359A7FCB822B4322207558FF4
:10FF90006363E60011E32E871AA09107E1BFEF0229
:10FFA0008FD44041AA8B1C3008204111A20713892D
:10FFB00081AD5D8DAE8923208900EFD0AFA7832767
:10FFC000090019811375C5032A9488239C3323A63D
:10FFD00081AEA2075D8DEFD0EFA59355650093F537
:10FFE000C503B305B0405E85EFE0CFDA11E503D776
:10FFF0008B00CD4763E8E7005E85EFE08FE04101CD
:020000021000EC
:100000006F002FD2138B81AD03250B00CE854105E8
:10001000EFD08FED75F103270B00370500F01C3B87
:10002000002BA207C18F202B4204C18F203B62040A
:100030005D8CEFD04FA3698C370500E0EFD0AFA205
:10004000E30CA4FA83250B0003D78B009946138693
:1000500005015E85B105EF10105D59FD9384C1AEB9
:100060009C40C827DC37A2075D8DEFD0AF9C318163
:10007000F155B305B5025E85C205C185EFE08FD1AC
:1000800025FD80401C300820A2075D8DEFD08F9A9F
:1000900008A0218108B080403C302820A2075D8D57
:1000A000EFD04F9928A0218128B0804048305C20B3
:1000B00022055D8D7C20C207C98F683062055D8D89
:1000C000EFD06F9A935785005CB0935705017CA0E1
:1000D0009357850148A07CB0804023A2A1AE938AAB
:1000E00041AE08341C2422055D8D3C24C207C98F13
:1000F000283462055D8DEFD00F97935785001CB4AF
:10010000935705013CA49357850108A43CB4804053
:1001100023A8A1AC138901AD7C346824A2075D8DAE
:10012000EFD04F919C4068A4218168B4C827DC3788
:10013000A2075D8DEFD00F901378F50F83D88B0059
:1001400093753800B335B000C69503A341ABC20523
:10015000944003260B009377F803C181238AF1AC06
:100160002398B1AE1A840145938C41AD138C01AF35
:1001700001E403A5C1ACE9A29C3203CE06005A30CB
:10018000A207B3E7C7016312F70EBC3203CE260005
:100190005A2CA207B3E7C7016319F70C58365C263F
:1001A00022075D8F7C26C2075D8F7C36E207D98FE0
:1001B0005840631CF70A183A1C2A22075D8F3C2A14
:1001C000C2075D8F3C3AE207D98F1840631FF708DA
:1001D00019C55C4423AA81AA5CC52326640003A731
:1001E0004B00B7FD00200326840893874DCE23AE35
:1001F00001AC238001AE23A007002396170198C706
:1002000023A2770194CB138A01AE138DC1AD938DD8
:100210004DCE09CE832704098146A285638A072C27
:10022000084C8297E31A05DC2324040883C70C00DA
:1002300023A481AE13F74700938B81AE630D073083
:1002400018488947631AF72A385083270900631F23
:10025000F72A83470A0093E787002300FA008347C1
:100260006402F99B2303F40255A42285404409B794
:1002700098329C2222075D8F5E316392E70C83C81F
:100280003600B822A208B3E8E8005A2D6319170B0C
:100290000343D6008348C600220333631301834817
:1002A000E600C20833E368008348F600E208B3E8DA
:1002B00068000323450063141309034316018348B0
:1002C000060122033363130183482601C20833E386
:1002D000680083483601E208B3E86800032305009C
:1002E000631F130593764800E39806D093762800A1
:1002F0008DC603A80A001455B306D84063C606028B
:100300008358C502B38616416340D0029306C600E7
:10031000C295410603250900F1A81378180063056A
:10032000080083A701AC1CDDE38805CC8347650288
:1003300093E727002303F502EF00F04075B9484525
:1003400005F903A3C1AB3E8E1A8A63130A04DC3697
:10035000C826A2075D8DEFC0FFED1189E31E05C819
:10036000944003260B0003550C009C32B83283C81E
:10037000060003C8260083A50A00A20722079306E9
:10038000C600B3E71701336707014106AA9559B7BD
:1003900083280A00638E0800183A1C2A22075D8F02
:1003A0003C2AC2075D8F3C3AE207D98F639EF81260
:1003B000B832BC2222075D8F8357CA016396E712C9
:1003C00001C98327CA0023AE41AB5CC523266A005E
:1003D000937708019DC39C3283C8060003A80A00D6
:1003E00003250900A2079306C600B3E717014106DB
:1003F000C2950505EF00B06B01B113782800E30D3D
:1004000008BE03454A01EFE01FF92A84E30605BE52
:1004100083270B0001479386070199CA943B982BC9
:10042000A206D98EB82B4207D98EB83B6207558FEA
:1004300018C00357CA019386C7005AAC014799CA2E
:10044000D437D827A206D98EF8274207D98EF83795
:100450006207558F944058C0130504049C329822BB
:10046000A207D98F03A70A005EB08D471CC8930767
:1004700017001CD41CD8FC36F0267D17A207D18F9C
:100480002312F406231EF40483278A0138D41CCCDB
:10049000B7F7002083D747C65EB47EB483270A022D
:1004A0001CD083578A0093F797191EA483A741ABEA
:1004B00023AA81AA5CC4EFF03FA40355040493056A
:1004C0004400EFF08F812310A40485470147C946FB
:1004D0000146814522858D2B11C581452285EFE09E
:1004E000FFE019BE228589BD5285032ACA00B1BD2D
:1004F0000145EFE0BFCC3DB383A70A001854998FA4
:1005000063C607005A34998FE355F0D483470A0035
:1005100013F787006300073E9305F1002285EFB0D3
:100520005F9985476316F500184889476301F71CF2
:100530002285EFC08F848327C40981C7084CE95501
:100540008297A285138541ABEFE01FB5A2850945CF
:10055000EFD01FEE69AA898B85C31C480547F917A0
:10056000637CF70083476402228593E72700230317
:10057000F402EF00501D59BF83A701ACA308040A81
:10058000130504041CDCEFF03F971C481D47F917C6
:10059000E36EF7F669678A0713078790BA979C435B
:1005A000828783C70C004947C98B6392E70C832776
:1005B0000408984B48335C2322055D8D7C23C207D9
:1005C000C98F683362055D8DEFC0FFC983270900BD
:1005D0000505631EF5088357640703A70A009440C6
:1005E0008507231BF4069307170068C81CD41CD882
:1005F000FC36F02603550404A207D18F7D17231281
:10060000F406914738D41CC893054400EFE0FFEC92
:10061000A947B307F5020357A4052310A404231E1A
:10062000F40485476315F7000605420541818357A9
:100630008407231DA40403250408FD17231CF406C6
:100640001C4123090404232204042320F40893B743
:100650001700B307F0407EBCEFE04FEA8327440960
:10066000E38207F0084C0146A2858297E5BD83C767
:100670000C00C18BE38C07E8944003550C0083A564
:100680000A009C32B83203260B0083C8060003C858
:100690002600AA9503250900A20722079306C60093
:1006A000B3E71701336707014106EF005040B9BDBA
:1006B00083C70C0013F7070169C7032509007848B1
:1006C0009307F5FF998F63C607083C50B307F540C1
:1006D0006341F00891471CC81C508DC7084C014667
:1006E000A285829705C185452285EFE03FC003A51D
:1006F0004D0023A00B00E3040590EFD09FF023A250
:100700000D00F5B822858354A405EFE0FFEF835771
:10071000440781C7FD17231AF406054783570404CD
:100720006395E4008607C207C183231DF404834751
:100730000A0093F70702E38B07DC834764022285F4
:1007400093E727002303F402EF00E07F9D471CC8D6
:1007500075BB944003260B0003580C009C32B83242
:1007600003C3060083C8260083A50A00A207220748
:100770009306C600B3E76700336717014106C295C9
:100780002DB7898BE38407D81C5403A70A00FD17F3
:10079000E39EE7D62285EF0070458DBB2285EFE012
:1007A000BFE671B72285EFE03FE683470A0093F783
:1007B0000702C1C303C70C0083476402418B93E760
:1007C00027002DC3345003270900639DE60423034B
:1007D000F4022285EF0020772285EFE06FDB83A70C
:1007E00041AB631DF4005C4423AAF1AAA9471CC8CD
:1007F00003A7C1AC23A681AC58C409BB23A4F1ACA8
:10080000814689E7E5D623A401ACCDB7D04763186C
:10081000C40099C223A4F1AC5844D8C7C1BF8546CF
:10082000B287C5B72303F4022285EF00C071A14748
:1008300039BF83C70C00C18BE38A07CC38508327AC
:100840000900E315F7CC994719B72285EFE0DFDB04
:1008500083470A0093F70702E38A07CA83476402C3
:10086000228593E727002303F402EF00C06D228561
:10087000EFE00FD283A741ABE307F4F623A4F1AC7A
:100880008146C9D3D047E306C4F88546B287D5BFB1
:100890002285EFE07FD783C70C00C18BE38807C6B2
:1008A000385083270900E313F7C62285EFE04FCEC7
:1008B00083A741ABE309F4F223A4F1AC8146B9D399
:1008C000D047E308C4F48546B287D5BF2285EFE060
:1008D000BFD383C70C00C18BE38A07C2385083277C
:1008E0000900E315F7C283470A0093E707012300D5
:1008F000FA0029B9C18B89C72285EFB01FC891B111
:100900000356440719C68327C40881C7084CA2852B
:10091000829703260D000DC683C70C00A18B89C7E3
:100920005C3693E717005CB6832704098146A285ED
:1009300095CB084C829709C583270D002324F40822
:1009400083470A0093F7070289CB8327040981466E
:100950000146A28581CF084C8297228523A00B00F7
:10096000DD2371B30145EFE07F85F1B70145EFE08D
:10097000FF84E5B7EFF23EBA2A894A2D41112E8451
:1009800032C6EFC05F8A08A0218108B00355490232
:10099000EFC07F89324628A0218128B09357860076
:1009A0000325890250A05CB093570601618270B0A4
:1009B0007CA0EFC01F899357850008A41CB4443461
:1009C00093570501618128B44824A2043CA4C98C32
:1009D0004165130505FCEFC01F85E98C4145EFC05B
:1009E0009F84458D4205418148A4218148B4035527
:1009F000E902EFC05F838357E90268A4218168B4EC
:100A0000231BF9025C34482423090400A207A3092C
:100A100004005D8DEFC01F8295671375F5035D8D32
:100A2000EFC07F800357E9028327890248A4218110
:100A300048B423080400A3080400BA972328F90245
:100A4000228541016FF07EAFEFF2FEA979712EC6CB
:100A50003ACA2A89B28A368BBE8D01EE93F73600E8
:100A6000B3E7FD00595A91C38DC1528545616FF0BE
:100A70005EAB8357650763FAC700834769027D5AF7
:100A800093E707F82303F902CDB793972D0013F7E7
:100A90002D00918BB14611E38146B6973EC2832764
:100AA000090737FD002013070DC63EC41C475843F5
:100AB000835489078A07B3D7E702130D0DC6E3FEF7
:100AC000F4FA41679306C7FFE3E996FA924730824A
:100AD000130707FC898393F7F70F950732C852462F
:100AE000B207C2073AD2B24C13170B01C183058A71
:100AF00041833ECCD68B8149814732CE36D03AD421
:100B0000035A09041247330AEA4063D34B015E8A51
:100B100011453ED6131C0A01EFD09F8F135C0C01C8
:100B20002A84630605182320050023220500638418
:100B30000914B25788C3F24763810714C2470146BC
:100B40000145B305FC00C205C181EFD07FB048C0AC
:100B5000630F0514EFD05FC9B247AA94C204C180E5
:100B600081CF5C40E685C843C167FD173376FA0044
:100B700092473E95EF30C0205C40DC431CC4832785
:100B80008D0003274D008A07B3D7E70263E1971270
:100B9000825763EE9710484023168401D145EFD069
:100BA0007F9F631605105C400355C901B38B8B41D1
:100BB000DC43C20B93DB0B011CC83ED6EFC0AFE693
:100BC000B25788A3218188B31C48035549023ED6F9
:100BD000EFC06FE5B257A8A32181A8B31C482245F6
:100BE0003ED6EFC00FE6B25713578500D8B3135760
:100BF0000501F8A31848C8A36181E8B35C3748270A
:100C000023090700A207C98F1255A30907003ED682
:100C1000EFC06FE1B257E98F22553ED6EFC0AFE08B
:100C2000B2575D8D42051C48418113578500D8B7E6
:100C3000C8A72307B401EFC0EFDF1C481375F50305
:100C40003ED6E2475D8DEFC00FDEB257C8A72181C7
:100C5000C8B7C167FD17337AFA00A247D29CD29772
:100C60003EC4A287E39E0BE8032AC90763190A065C
:100C7000232E390751A2AA897DBDC24501460145EF
:100C8000EFD01F9D48C005C5EFD01FB6AA94C2047F
:100C9000C180E3860BEEE28505460D45EFD05F9BF4
:100CA000AA85484095E1EFD0DF95232204008347D1
:100CB00069027D5A93E707F82303F902E38709DA0B
:100CC0004E85EFE04F8655B323A295018504C204FB
:100CD00023249401C180EFD0FFB255B53E8A83270B
:100CE0000A00EDFF83270A01835BCA00C827DC37AF
:100CF000A2075D8DEFC00FD40D893335A0005E953E
:100D00006305051883270A01C827DC37A2075D8D14
:100D1000EFC04FD20D89631A051693773B0081C748
:100D200085476314FB1603D7C9008357CA00BA97D7
:100D300003570904634BF7140347EA0083C7E9002C
:100D40006315F71403270A0148335C2322055D8DE0
:100D50007C23C207C98F683362055D8DEFC0AFD0B9
:100D600003A70901835BCA005C23AA9B48332205C1
:100D70005D8D7C23C207C98F683362055D8DEFC02E
:100D80008FCE6394AB10C247B15503A549009D8D2A
:100D9000C205C185EFD01F80E31B05F003A5490004
:100DA0003E2599EB1C41FD14C20423A2F900232027
:100DB0000500C180EFD0FF8493771B00CDC7832748
:100DC0000A0183CBD700C827A20BB3EBAB000545C4
:100DD000EFC06FC583270A0133E5AB0042054181AF
:100DE000C8A72181C8B763958900035CCA005284F3
:100DF000CE851145EFD0CFE393773B0089C7850AB5
:100E0000C20A93DA0A01137B1B0063080B008347B5
:100E1000690293E707022303F90283270907231CCA
:100E20009906014AD6972328F90683576907B38A9A
:100E30005741231B5907E30A0CC21C48E38707C22A
:100E40005247098BE31307C2C437C827A204C98CD1
:100E50002145EFC04FBD1C48458D42054181C8A7C3
:100E60002181C8B719B183A5490003254A00EFD0F5
:100E70007F9903D7C9008357CA00BA972316FA008F
:100E800083A709002320FA00B9BF23203A01ADB798
:100E9000EFF26EE8AE868147054701468145EFF0E7
:100EA000BFBA6FF08EE9AA8708491D476308E500BD
:100EB0001308E5FF09476155636E0701014519CA2B
:100EC000EFF26EE536873E8581468147EFF0DFB76A
:100ED0006FF0AEE68280EFF26EE22A840146D145E1
:100EE0000545EFD0EFF631CD83476402AA84285040
:100EF000F19B2303F402EFC0CFB4CC402A862285B5
:100F0000EFF05FA79A2413094400AA8999464A86FC
:100F1000A2852685EF0030712388A9002181A3884E
:100F2000A9003824343499474A86A2852685EFC023
:100F30004FF82685EFD0EFEC0145A30304026FF0D4
:100F40002EDF7955EDBF83A781AE6380A736EFF220
:100F50008ED983574506035AA50563F347013E8A98
:100F600083476502420A2A84898B135A0A01645D09
:100F700095CB91E42285EFF01FF66FF08EDA98485A
:100F800048335C2322055D8D7C23C207C98F6833FB
:100F900062055D8DEFC02FADDE247848998F3E95B8
:100FA000E36AAAFC8329040863960908B7FA0020BB
:100FB000894B938A0AC6370C0402130B4400FD5C6C
:100FC000ADC0984848335C2322055D8D7C23C20761
:100FD000C98F683362055D8DEFC0EFA8DE247848C5
:100FE000998F3E95637CAA048347040B9DEB984838
:100FF00048335C2322055D8D7C23C207C98F68338B
:1010000062055D8DEFC02FA6DE247848998F3E954E
:101010008357440663F7A70085472326040A23085D
:10102000F40A83476402014593F7F7072303F402A8
:10103000A9B7BE8983A70900EDFF8DBF83270408E8
:1010400095C38347640213F7470409EF785C01CB2B
:10105000144389EA56270357040463F5E60093F71F
:10106000070AD9D39C407CDC1C48638977039C48E1
:1010700003C9D700C82722093369A9004145EFC039
:101080008F9A9C483365A90042054181C8A72181F8
:10109000C8B783476402F19B2303F402085403A9F1
:1010A0000401EFC00F9A935785002304A900A304FD
:1010B000F900935705016181A305A9006A3423054E
:1010C000F90003A90401EFC00F967A341C542307DA
:1010D000A9002181A307A900BA977AB81CD8FC24DB
:1010E000858B99CB03A54A0003A904013365AC00A5
:1010F000EFC02F95232AA9001C4099E75A85EFC01D
:101100004F9759C55C411CC08317E4036394970152
:10111000231F04027C4095E383A701AC98487CC060
:1011200048335C2322055D8D7C23C207C98F683359
:1011300062055D8DEFC02F9328C4C84003A9040148
:1011400099465841232225015A863307E9409317CF
:1011500007013A25C183A2851D8F3AA51A251D8F47
:10116000420741831AA523080900A3080900EF00DC
:10117000904B2308A9002181A308A9003824343406
:10118000C84099475A86A285EFC0AFD2A303040294
:10119000984848335C2322055D8D7C23C207C98FA4
:1011A000683362055D8DEFC00F8C9C482A8983DD12
:1011B000C400C827DC37A2075D8DEFC0AF870D895B
:1011C0003335A0003C506E954A95898F63D3070054
:1011D00028D09C4803D9C400C827DC37A2075D8DFE
:1011E000EFC04F850D893335A0004A955DC983272F
:1011F000040823A0040089E723209408A68999A85D
:10120000984848335C2322055D8D7C23C207C98F33
:10121000683362055D8DEFC00F8503A709012A8938
:1012200048335C2322055D8D7C23C207C98F683358
:1012300062055D8DEFC02F833305A940635005061D
:10124000130904088327090081EB832709009CC048
:1012500023209900645CADB3984B48335C2322058E
:101260005D8D7C23C207C98F683362055D8DEFB049
:101270009FFF9848AA8D48335C2322055D8D7C230F
:10128000C207C98F683362055D8DEFB0DFFD33851E
:10129000AD40E35C05FA032909006DB723A099006E
:1012A000B1BF2685EFD09FA575B701458280EFF2CB
:1012B000EEA44111AA8AAE84B289D1450146054502
:1012C000368A3AC63E8BEFD0AFB86303050E32477D
:1012D00040412A893A85EFB01FF508A0218108B066
:1012E0005A85EFB05FF428A0218128B05685EFB071
:1012F0005FF59357850048A05CB093570501618165
:101300007CA068B02685EFB0DFF39357850008A472
:101310001CB4443493570501618128B44824A204C5
:101320003CA4C98C4165130505FCEFB0DFEFE98CE7
:101330005145EFB05FEF458D42054181B7F7002081
:1013400048A4218148B403D547C6EFB0DFED68A4B7
:101350005C34218168B44824A207230904005D8D10
:10136000A3090400EFB01FED95671375F5035D8DBC
:10137000EFB07FEB0357890048A4218148B4994618
:101380005286CE8523080400A30804004A85EF0096
:10139000902908A8218108B89947014793060008B9
:1013A0005286CE854A85EFC0CFB04A85EFD06FA573
:1013B00041016FF0EE978327050885CBEFF2AE95DC
:1013C0003E8714438DE2745D14C37CDD834725059D
:1013D000232005082322050485072309F504EFF0DF
:1013E0009FB66FF08E953687E9BF8280EFF20E913F
:1013F0008324050895C49C402A841309C50723202B
:10140000F5088327090099EF832709009CC0232052
:101410009900834724052322040485072309F40443
:101420006FF00E91984B48335C2322055D8D7C2331
:10143000C207C98F683362055D8DEFB0DFE298485F
:10144000AA8948335C2322055D8D7C23C207C98F9E
:10145000683362055D8DEFB01FE13385A940E35528
:1014600005FA0329090071BF83270508B1CFEFF200
:101470008E8A834765022A84918BA9E7EFF01FF7D4
:101480008356A4058357440613D7160063F4D70088
:1014900013D7170083570404231EE4049396170000
:1014A0006354D700231ED4040D47B387E7020357C4
:1014B000C405BA97231DF4048347640293E74700E9
:1014C0002303F4026FF06E878280EFF22E83AA84EA
:1014D0000146D1450545EFD0AF9729C52A84A850CC
:1014E000138944007D15EFB0DFD54C402A86268550
:1014F000EFF04FC81A24AA8999464A86A685228504
:10150000EF0070122388A9002181A388A900B434B8
:10151000994701474A86A6852285EFC08F99228583
:10152000EFD02F8E6FF0CE80EFE25EFD0324050832
:1015300019E0605D5DC41C48AA84C827DC37A20797
:101540005D8DEFB03FCF058959CD5E24C9EF054AC7
:10155000D14501460545EFD0AF8F2A8959C11848BA
:101560004C41268550335C2322065D8E7C23C207C6
:10157000D18F703362065D8EEFF0CFBFAA8963070B
:101580000A0640355C2541652204130505FC5D8C87
:10159000EFB07FC9698C4545EFB0FFC8498C931700
:1015A0000401C1832386F900A183A386F9000357B0
:1015B00089001384440099462286A6854A85EF0057
:1015C00090062388A9002181A388A900B4349947F3
:1015D00001472286A6854A85EFC0AF8D4A85EFD0A8
:1015E0004F826FE0FEF4014AD545A5B71844832722
:1015F000490003070700D8AB5DBFEFE2DEEE4041D4
:1016000006252A891C3008204111A2075D8D2E8AEB
:10161000EFB05FC221813D8909050A0563C2A402BA
:101620001C300820A2075D8DEFB0DFC09355650028
:1016300093F5C503B305B0404A85EFC0BFF519C5A2
:101640004A85EFC01FFC41016FE0BEED832A4900CF
:10165000130C0401D2856285EFC00F8983C71A007D
:101660002A8B03C50A00A2075D8DEFB0BFBC83C7FC
:101670003A00AA8B03C52A00A2075D8DEFB09FBB7D
:1016800093074004AA86631DF50693073004639907
:10169000FB1283270A0263850712C4436382041284
:1016A000D44089CE58345C2422075D8F7C24C20745
:1016B0005D8F7C34E207D98F6394F61083C77A007C
:1016C00003C76A00A207D98F99CB03578900C54683
:1016D00062869305C4004A85EF00E07435F1E15558
:1016E0004A85EFC03FEB29FD638C040E9C4CA9DBBF
:1016F000C84C5E879306C4004A86A6858297A1B728
:1017000083A441AF014D814D938C41AF1306C07648
:1017100089E463070D0AEA8455B7BE28639CD7089D
:10172000984063150B0439E363160D009C28918BD8
:1017300091E3268DDE2863927709CC4089CD583419
:101740005C2422075D8F7C24C2075D8F7C34E20716
:10175000D98F6394F506E3830DF6DC4423A6FD00E0
:1017600083A70C0023A09C00DCC489BF1C388349DC
:101770000401A207B3E7370183492401C209B3E793
:10178000F90083493401E209B3E9F900E38EE9F88D
:10179000370500F036C6EFB01FADB3F9A900370525
:1017A00000E0EFB05FACB2461306C076E38EA9F658
:1017B000E31C0BF6A68DC444A1BFE39DC6FEFDBD90
:1017C00018381C2822075D8F3C28C2075D8F3C38E3
:1017D000E207D98F03274A00E314F7E68144F9BDF5
:1017E000E3100BE61C380428370500F0A207C58F6C
:1017F0002428C204C58F2438E204DD8CEFB0BFA6D4
:10180000E98C370500E0EFB01FA6E38BA4E21C30A3
:101810000820A2075D8DEFB0FFA193558500BD891B
:1018200089058A054A85EFC0FFD68D454A85892BF3
:1018300001BD83A841AFAA860143C687138841AF83
:101840009DE799C998319C2122075D8FBC21C20771
:101850005D8FBC31E207D98F9CC225C6B2AA014573
:101860006316030023A616012320D8008280638B11
:10187000D702BA2B6316C70203AE070063140E002B
:1018800055558280F5DD883198212205598DB82182
:101890004207598DB8316207498F7DD3E302EEFECE
:1018A000DC4779BF0543EDBFAE2B639AC500050643
:1018B00042064182C687DDD3E318E6FED1B7DC4796
:1018C000DDBF2167C68705667D17F5B7EFE21EC34A
:1018D0003E292A89AE89B28A368B3A8AADC7A1459C
:1018E0004E85EFC03FCBCE8401CD0146A1450545D5
:1018F000EFC01FD6AA847D5429CDCE85EFC05FF2FC
:1019000003552901C040EFB01F9208A0218108B003
:101910005A85EFB05F918327090028A0218128B064
:1019200023030400A3030400130B4A0095C70327F5
:101930004A004A8B6382E7025D54638C340126853A
:10194000EFC03FCC39A00146AA85EFF09FEE2A8474
:1019500059D522856FE0DEBD8A24EFB0DF8C48A028
:10196000218148B083470901858B99EB9A24C546AC
:101970005686DA85268545290DC168A0218168B083
:101980000347A9008346B9005288C5475686DA85C1
:101990002685EFB07FBC2A844DB7FD577CA07CB074
:1019A000C5B7EFE25EB741112A8432852EC636C430
:1019B00032C2EFB01F8C19C9A2461246B2452A871F
:1019C0002285EFF0BFF041016FE03EB77155E5BFF2
:1019D000EFE27EB4562913064500EFF09FFC6FE05E
:1019E000DEB5EFE25EB33E292A84AE843289B1CB04
:1019F000814799C898309C2022075D8FBC20C20780
:101A00005D8FBC30E207D98F18285CC0231A2401EF
:101A10001367470018A8184005EF85CF1305440049
:101A2000EFB03F85AA87715595C3DC431CC083A6E0
:101A300041AF938741AF368705E354C480C3014566
:101A400031A00146AA85EFF0DFDE5DD16FE0FEAE8A
:101A5000F9FF23200400E1BFE30387FE5847E9BFF5
:101A60000CCD50CD8280EFE21EAB138741AF1C43FB
:101A7000AA856390A7025C451CC30545EFC05F9B28
:101A80006FE0BEABD84709C76314B700D845D8C7C5
:101A9000DC47EDFBDDB7EFE21EA80545EFC05F9721
:101AA0002A8409C9130600028145EFE0DEA99307E5
:101AB00000F83CB422856FE05EA8EFE23EA42A84E1
:101AC0002E8AB2899305400201460545EFC05FB8F2
:101AD00031CD032904004041AA847146CA85230000
:101AE0004401A300340123020400A30204002303E1
:101AF0000400A303040013058400EF206028AE2433
:101B000023010400A301040022851D2128A02181B6
:101B100028B085470147930600081306C900814590
:101B20002685EFB01FB92685EFC0BFAD6FE05EA080
:101B3000EFE2FE9B4041AA8441111C300820AE898F
:101B4000A2075D8DEFB00FEF135965001379C9033C
:101B5000B30A2041C20A93DA0A41D6852685EFC02E
:101B60007FA339E19E248D4663F0F604DC40982380
:101B70006312D704982793868700883F3D8B0A0716
:101B800036972C2303483700982F22059433598D1C
:101B9000B82F903BA2054207498FA83FB3E5050146
:101BA0006205598DEFA07FD12685EFC09FA5410129
:101BB0006FE07E97A147E319F7FE1C38034A040142
:101BC000370500F0A207B3E74701034A2401014BA0
:101BD000420AB367FA00034A3401620A336AFA0020
:101BE000EFB06FE82A8C370500E0EFB0CFE7AA8BA3
:101BF000CE8513050401EFB03FAF19E533758A01B7
:101C000033057541333BA000EFA05FCA51DDE30D02
:101C10000BF89A249D47E3F9E7F82685252649F530
:101C2000420993052002268513590941EFC09F966A
:101C300063040512CA852685EFC0DF9535F58E242D
:101C400001460945EFC0DFA02A8A39DDA685EFC02D
:101C50007FBE39F9D685528503244A00EFC09F9391
:101C600021F52685EFC0FF99D28458345C241438BE
:101C700022075D8F7C24A20603AA4400C2075D8F61
:101C80007C343D651305F57FE207D98F18281CA821
:101C9000D98E38284207D98E38386207558F935627
:101CA000870058A454B493560701618378B413D7BE
:101CB000870018B813D70701E18374A438A83CB88B
:101CC000834A3A0083472A0023000A00A20AB3EAA3
:101CD000FA00EFB04FD563E9AA0805651305058042
:101CE000EFB06FD483473A0003472A00A207D98F89
:101CF00085073E95420541812301AA002181A30168
:101D0000AA001C340824A2075D8DEFB0AFD2A167F2
:101D10001375F50F5D8DEFB00FD108A4218108B4C4
:101D2000D14523050400A30504002285112428A41D
:101D3000218128B4CA852685EFC0DF85E31605E634
:101D40004E88854701479306000801469305C40065
:101D50002685EFB07F8089BD9305E0FD2685EFC025
:101D60007F83E30405F089B5056513050580EFB0B1
:101D70008FCB83473A0003472A00A207D98F95BF2C
:101D8000EFE26EF913F6F50F11058D45EFF0FFD276
:101D90006FE0AEFAEFE22EF813F6F50F1105AD4540
:101DA000EFF0BFD16FE06EF9EFE2EEF63308B50069
:101DB0004208AA860147135808018548B307D8404E
:101DC000C207C18363E4F80493D715009396170004
:101DD0003695F956B387D702BE95C205C18181C534
:101DE0001C21A2073E9741659306F5FF9357070113
:101DF000758F3385E700C177E98F99C3758D050528
:101E000042054181EFB02FC26FE02EF39C32902249
:101E10008906A207D18F13968700A183D18FC207AD
:101E2000C1833E9761BFEFE28EECB7F7002083A736
:101E300047C7BA844111139757006349070E416B96
:101E40002A89AE8A328A814901447D1B854B631EF3
:101E50000908638B09004167931784007D1721806F
:101E6000F98F1374F40F5D8C03C51A0083C70A0041
:101E700003470A0022055D8D83C72A0003463A0006
:101E80004169C2075D8D83C73A0062067D19E2078A
:101E9000C98F03451A002205498F03452A004205D0
:101EA000598D498E33752601418233F727013295CA
:101EB0003A95C1833E952A943685EFB0CFB62A94E1
:101EC0002685EFB04FB622951354050133752501D1
:101ED0002A94135504013374240122951345F5FF08
:101EE0004205418141016FE00EE48355A9000325BD
:101EF000490036C6EFF05FEB2A9493570401337420
:101F000064013E948357A900B246858B89CF93170D
:101F100084002180B3893B41B3F767011374F40F48
:101F200093F9F90F5D8C0329090015B701455DBFD1
:101F3000EFE26EDEEFF05FE71345F5FF420541810A
:101F40006FE0AEDFEFE28EDBC169AA840149014494
:101F5000FD19054A95E0630B09004167931784005A
:101F60007D172180F98F1374F40F5D8C1345F4FFF6
:101F7000420541816FE0CEDBAE24C840EFF0DFE2E6
:101F80002A9493570401337434013E94BE24858B04
:101F900089CF93178400218033092A41B3F7370191
:101FA0001374F40F1379F90F5D8C844065B737080B
:101FB000100001117D183377B80026CA3378D80095
:101FC00093D4450113D34601131E37004EC6135751
:101FD000D5010E089357D60193F4F47F1373F37F62
:101FE00006CE22CC4AC893D9F50193DEF6013367B9
:101FF000C701131F350033E80701931F3600338EE6
:1020000064406380D9196356C0136304031CB70688
:1020100080009307F07F3368D800638FF43693070E
:10202000800363C0C735FD4763CDC7471305000272
:102030003305C541B3D7CF01B316A8003399AF001C
:10204000DD8E33392001B357C80133E926011D8FD6
:1020500033092F41B3372F013306F740931786001A
:1020600063D40724370780007D173374E600630CC0
:10207000042C2285EF101041130785FF93070002FF
:10208000998FB357F9003316E400D18F3319E90063
:102090006341972A33059740130615007D47634D2A
:1020A000C73813070002118FB356C9003319E9006E
:1020B0003397E700558F333920013369270133D631
:1020C000C70081449377790081CF1377F900914756
:1020D0006308F70013074900333927014A963A8904
:1020E0009317860063D6071C138514009307F07FAF
:1020F000CE856304F520B70780FFFD17F18F939815
:10210000D70113593900A607B3E82801B183137525
:10211000F57F9396C7005205F2406244B182FE05F6
:10212000C98ECD8ED2444249B2494685B6850561F5
:102130008280631E0E0A138314001373E37F6317F8
:102140000322B367E701B368F801639D041A63874C
:102150000740638608443309FF41B307074133361C
:102160002F013386C7409317860063D6074C338907
:10217000EF41B307E84033B62F013386C740F689F5
:1021800091B76350C00F6300030CB706800093073C
:10219000F07F3368D800638AF43A9307800363CBF7
:1021A000C713FD4763DFC73513090EFE930700020F
:1021B000B3562801630AFE00130900043309C9411C
:1021C00033192801B3EF2F013339F0013369D900F6
:1021D00031A2B367F801638A071C9307FEFF638C83
:1021E00007389306F07F6309DE1A3E8E0DBDB305F6
:1021F000934063910422B367E701638707329387B3
:10220000F5FF638107449306F07F638CD520BE857C
:102210009307800363CCB72AFD4763CFB73C93078E
:1022200000028D8F3319F700B356BF00B317FF00BC
:102230003369D900B337F0003357B7003369F90079
:102240003308E84041ACB367F80163800734930773
:10225000FEFF638A07209306F07F6308DE2E3E8E22
:102260002DBF631E0E149386140093F7E67F6391CF
:102270000734B367E7016395042C6380073EB367B7
:10228000F801638E07303309FF01B3070701333FBD
:10229000E9013386E7019317860063D70700B70784
:1022A00080FFFD177D8E854493777900E39F07E0DB
:1022B0009317D60193583900B3E8F80093573600C6
:1022C0001307F07F638DE404B207B18313F5F47F45
:1022D000CE8581B53369F801333920017A99B33756
:1022E000E9013386E70093178600E3DF07FA8504E8
:1022F0009307F07F6396F418CE851305F07F81472E
:10230000814801BDC1EB6384083A931636009317E8
:10231000D8018D82B3E8D700F68993573800B3E728
:10232000F800F9DB81451305F07FB7070800814805
:10233000CDB3370680FF7D167D8E93777900998C1B
:10234000E39507D8B5B74A85EF10D0131307850179
:10235000FD47E3D5E7D2130685FFB317C90001494E
:1023600005BB3369F80133392001DDB13309FF4181
:102370003306074133342F0133048640931784001A
:1023800063CD0724B3688900E39308CE8147814970
:1023900081441DBFE39808F80E059317D7010D81FE
:1023A000B3E8A700935737009DBF0E059317D701D9
:1023B0000D81B3E8A700F2849357370011B73305B6
:1023C000934063820412B70680009307F07F558F15
:1023D000630DF32E9307800363CBA720FD4763C3F0
:1023E000A72A93070002898F3319F700B356AF006D
:1023F000B317FF003369D900B337F0003357A70094
:102400003369F9003A987E99B337F90133860701A9
:102410009A84D1BDB70680009307F07F558FE319EA
:10242000F3DE931736008D839318D801B3E81701B4
:10243000F68993573800E5B5130715FE9306000299
:1024400033D7E700630AD600930600043386C640FC
:102450003396C7003369C900333920013369E90075
:102460000146814491B53309FF01B30707013336B3
:10247000E9013E96931786008544E3D707E2894435
:10248000B70780FFFD17F18F135719001379190053
:10249000336927019398F70133E9280113D6170010
:1024A00015B113090EFE93070002B3562801630A03
:1024B000FE00130900043309C94133192801B3EFA1
:1024C0002F013339F0013369D90059B63369E70177
:1024D0003339200133892F41B3B72F013306F84038
:1024E0009A84F689A5BEB367E7016382071893074C
:1024F000F5FF6384071C9306F07F6304D5123E85C5
:10250000D1BD93070002B387C741B316F8003399D2
:10251000FF0033D6CF01D18E33392001B357C80124
:1025200033E926013E975DBB931736008D839318E0
:10253000D801B3E81701AE8493573800F68949B340
:10254000EDC33369F801E31F09DC0E059317D701CA
:102550000D81B368F50093573700D1B36381080E3E
:10256000931636009317D8018D82B3E8D700F68909
:102570009357380091BB3309FF41B3070741333FFD
:102580002F013386E7418544D1BC0E059317D7014F
:102590000D81B368F500F2849357370015B30E052B
:1025A0009317D7010D81B3E8A7009357370029BBD4
:1025B0009307F07FE382F6D43309FF013336E90154
:1025C000B3070701B2979398F7011359190033E93C
:1025D000280113D61700B684C1B93389EF413307F8
:1025E000E84033B62F013304C740F68949B4336954
:1025F000E7013339200101BD938705FE93060002F0
:10260000B357F700638AD50093060004B385B6403C
:102610003317B700336FEF003339E0013369F90046
:1026200055BD931736008D839318D801B3E8170171
:1026300093573800EDB1B368C900E39708C68147E6
:10264000814959B13389EF41B307E84033B62F01CF
:102650003386C740F689854411B493163600931724
:10266000D8018D82B3E8D70093573800B1B99316DB
:1026700036009317D8018D82B3E8D700AA84935708
:1026800038003DB9930705FE93060002B357F700E3
:10269000630AD500930600043385A6403317A700CC
:1026A000336FEF003339E0013369F900A9BB81458D
:1026B0001305F07FB7070800A9BC3309FF01B30772
:1026C00007013336F9013E9675B39316360093171A
:1026D000D8018D82B3E8D7009357380089B139719A
:1026E00093D7450122DC4AD856D22A891394C500D3
:1026F00006DE26DA4ED652D45AD05ECE13F5F77FD8
:10270000318093DAF501630B05109307F07F630BBB
:10271000F514135AD9010E0433648A00370A800075
:10272000336A4401131B3900930415C00144814BE3
:1027300013D846011399C6001378F87FB28813594D
:10274000C90093D9F601630E08089307F07F630070
:10275000F8041357D6010E0933692701130818C06E
:10276000B70780003367F90093183600B38404413B
:102770008145BD4733C83A0163E4871A9777000063
:102780009387C71A0A043E9410403E960286336728
:10279000C9009384148063120710136424008148D5
:1027A0008945C1BF1306F07F81470147B207F25048
:1027B00062545206B1837E08D18FB3E70701D25429
:1027C0004259B259225A925A025BF24B3A85BE855F
:1027D0002161828001481306F07FB7070800014796
:1027E000F1B73367C9004DC7630809304A8532C461
:1027F000EF1040492246130755FFF547930685FF22
:10280000998F3319D900B357F60033E72701B3186E
:10281000D60026959304353F8145A1BF336A240134
:1028200063030A0636C632C46306042A2285EF1003
:1028300060452246B246AA84130755FF754A138B9A
:1028400084FF330AEA4033146401335A4901336A7E
:102850008A00331B69011305D0C0B30495400144BD
:10286000814BF9B5336A240163180A002144014BF6
:102870009304F07F894B6DBD228A4A8B31449304C7
:10288000F07F8D4B75B51144014B8144854B4DB59F
:102890001364140081488545E9BD136434004A87F8
:1028A0008D45C1BD630A052E8547898F9306800338
:1028B00063DDF632014681470147CDBDCE868947AB
:1028C000638DF53A8D47E387F5F085473688E383D6
:1028D000F5FE1385F43FE357A0FC93F77800639669
:1028E000072893D638009317770063D80700B707F7
:1028F00000FFFD177D8F138504409307E07FE3C33E
:10290000A7EA1316D70193179700B1833367D60050
:102910001376F57F61BDD6865287DA88DE8545B7A6
:1029200063614723630DEA20DA86FD145284014B6C
:102930009317870013D388013363F300935E030179
:10294000B357D403131F0301135F0F0193D506017F
:10295000139E88003374D4033307FF024204C18DF1
:1029600063FBE5009A951386F7FF63EE652663FC2B
:10297000E526F9179A95998D33D7D503C206C182FA
:10298000B3F5D5033306EF02C205D58D63FBC50051
:102990009A959306F7FF63E6652463F4C5247917D7
:1029A0009A95C20741645D8F9307F4FF3375F70072
:1029B00093580701935F0E01B377FE00B302F5024F
:1029C000B386C540B383F80293D502013386AF02C4
:1029D0001E962E963385F803637376002295C168A0
:1029E000FD1893550601337616014206B3F812011D
:1029F000AA95469663E6B6126382B6123306CB40BA
:102A00008D8E333BCB00338B66411385F43F630CD3
:102A10006317B358DB0393550601337BDB03B3061F
:102A20001F03420B33EB6501637BDB001A9B93852D
:102A3000F8FF636D6B20637BDB20F9181A9B330B67
:102A4000DB40B356DB0342064182337BDB03330FAB
:102A5000DF02420B33666601637BE6011A969385BB
:102A6000F6FF6367661E6375E61FF9161A96C208BD
:102A7000B3E8D8009395080193D20801C181B38EC1
:102A8000F5023306E641B385BF0293D60E01B38744
:102A9000F202BE95AE96B38F5F0263F4F600C16793
:102AA000BE9FC165FD1593D70601ED8EC206B3FE2C
:102AB000BE00BE9FF696637FF6091A969387F8FFCD
:102AC0006369661A6368F619630FF61BBE8893E89C
:102AD000180011B54A85EF10E01A13075501F145AA
:102AE000930405022246B246E3DAE5D4130485FFD7
:102AF000331A8900014B85B3328532C4EF10801838
:102B000013075501F146AA87224613050502E3D6AD
:102B1000E6CEE1173317F6008148E5B9E370CBEE56
:102B2000729B3335CB011A95AA961305F7FF63788C
:102B3000D30263E6B6106382D5102A87C1B5E36578
:102B40001BDF93551B009316FA0113541A00CD8E08
:102B50007E0BF9BBE31DF6F7E38F06D6B9BFE31E84
:102B6000D3FCE378CBFD2A8751BD93F7F80091465B
:102B7000E389D7D693B7C8FF9386480093C7170059
:102B80008D823E978DB381468547E34CA0FEFD586C
:102B9000E31C05D0930410C085471385E441B316A8
:102BA000A70033D6F8003395A800D18E3335A000A6
:102BB000C98E13F676003357F70001CE93F7F6006F
:102BC00011466388C70093874600B3B6D70036978F
:102BD000BE869317870063D80704054681470147DF
:102BE000F1B636877DBBB28779B3FD46E3D7F6FAF7
:102BF0000556098E930600023356C7006388D70036
:102C00009387E443B317F700B3E8F800B336100135
:102C1000D18E13F67600814701CE93F7F600114668
:102C20000147E392C7FA931797001316D701B183B0
:102C300013D73600518F014695BEE370CBF0729BDF
:102C40003335CB011A957917AA964DBBAE88C5BB13
:102C5000AE8631BD93171E0033BEC70172931A961C
:102C6000F9183E8EE315F6E7E307DEC693E8180091
:102C70009DB1BE88E30AF6FF99BD36881306F07F42
:102C80008147014725B6E367DEFCBE88E310DEFE20
:102C900099B113D74501B7071000FD1713D84601A6
:102CA0001377F77F9308F07F33FEB700AA8EF58F76
:102CB000FD81328F1378F87FFD82630E1703630D59
:102CC000180129E3B368AE00631F08005D8E01EEB2
:102CD0000143638C080421A8B3E8C7000943639645
:102CE00008046DD305A0638408046385D5020543F9
:102CF0008DCD7D531DA8B368AE00094363970802CC
:102D0000630AE802631408005D8E75D2E391D5FE74
:102D1000E34FE8FC63490701E3EBC7FD630FFE00E7
:102D200001436374FE00F1D505431A858280EDFEF0
:102D30007D53E5BF5D8E79DACDBFE36ADFFB0143EA
:102D4000E3F5EEFFF5F175B739714AD813D94501AE
:102D50004ED652D456D29399C50006DE22DC26DA2E
:102D60005AD05ECE1379F97F2A8A93D9C90093DAB3
:102D7000F501630D090E9307F07F6306F9181354EC
:102D8000D5018E09B36934013704800033E489002A
:102D900093143500130919C08149814B13D746019B
:102DA000139AC6001377F77FB285135ACA0013DB54
:102DB000F601630B07109307F07F6303F704935743
:102DC000D6010E0A33EA4701130717C0B707800080
:102DD000B367FA00931536003A99814833C76A0100
:102DE000BD463A851308190063E8361717760000C8
:102DF0001306C6B78A09B29983A60900B2968286DD
:102E0000B367CA001309F97F6399071293E9290090
:102E100081458948E1B701479307F07F37040800EF
:102E200081443204D20731807E075D8C598CA285A3
:102E3000F250625426854259D254B259225A925ABB
:102E4000025BF24B216182805A853E84AE84C68B40
:102E50008947638DFB0E8D47E38FFBFA85472A87F1
:102E6000639EFB3881470144814465BF33E4A90078
:102E700061C036C632C4638C092A4E85EF0090606B
:102E80002246B246AA87130755FF7544938487FFED
:102E9000198CB399990033548A0033643401B31404
:102EA0009A0013D746011309D0C0139AC6001377AE
:102EB000F77F3309F9408149814BB285135ACA0023
:102EC00013DBF601E31907EEB367CA00B1C7630F5E
:102ED0000A22528532C4EF00F05A22462A8793060E
:102EE00055FFF547930587FF958F331ABA00B357FF
:102EF000F600B3E74701B315B6003309E9401309FB
:102F0000D9C08148E1BD33E4A90001ECA149814465
:102F10001309F07F894B59B593E91900814585481C
:102F200075BD4E84AA84B1491309F07F8D4BBDB5A0
:102F3000914981440149854B95B593E93900D28780
:102F40008D4869BD89475685E397FBF02A8793072B
:102F5000F07F01448144F1B5C16E1386FEFF93D624
:102F6000040113DE0501F18CF18D33869502338364
:102F7000B6029358060133059E021A95AA98B382A9
:102F8000C60363F36800F692C16F1383FFFF33F546
:102F9000670093D30701B3F76800C2073373660075
:102FA0003E933306950293D80801B387A602135FB8
:102FB0000601B3849302BE94FA94B38E760263F34F
:102FC000F400FE9E416A9307FAFF935F0401B37613
:102FD000F400B3F9F4007D8EC1803384D502C209B8
:102FE000338FD401B299CE98B307DE02935E040109
:102FF000B385BF02AE97BE9E330EFE0363F3BE00E1
:10300000529EC1679385F7FF33F6BE006D8C420672
:10301000229693DE0E01B305D502769E3385AF026C
:1030200013D40501B386D302AA96A296B38FF303F5
:1030300063F3A600BE9F41657D15B3F7A600C207E6
:103040006D8DAA97B3855800B3B93501FA97B2953B
:103050003384370133B6C500B30EC4013385CE00C7
:1030600033343401B3B7E701C18F33BECE0113D47B
:1030700006013336C5003E943366CE009394950026
:1030800032947E94B3E46400260493567501B334FD
:103090009000DD8193179500CD8C558CDD8C9317B6
:1030A000740063DB070093D7140085889316F4013E
:1030B000DD8CD58C058042899307F93F6359F00870
:1030C00093F6740081CE93F6F40011466388C6002F
:1030D00093864400B3B496002694B6849316740085
:1030E00063D80600B70700FFFD177D8C93070940E2
:1030F0009306E07F63CFF60E93D634009314D40189
:103100002604D58C318093F7F77F21BB328532C4FA
:10311000EF00503793065501F14713070502224689
:10312000E3D1D7DC6115B317A6008145F9B3EF00F1
:10313000703513075501F145930705022246B24643
:10314000E3D5E5D461153314AA00814499BB8546C3
:103150009D8EB1E71309E941B3972401B3D4D4009C
:1031600033192401B337F000B3649900DD8C93F771
:103170007400B356D40081CF93F7F40011466388EE
:10318000C70093874400B3B49700A696BE84939774
:10319000860063D8070485470144814459B113066A
:1031A0008003E341D6CC7D46E356D6FA0556B307F5
:1031B000F640930500023356F4006387B600130906
:1031C000E943B3172401DD8CB3349000D18C93F61E
:1031D0007400014499CA93F7F40011468146E392C2
:1031E000C7FA139496003180F6068D80D58C8147FE
:1031F0000DB99307F07F0144814425B142896DBD2B
:10320000370710007D1701113373B70093D84601BB
:10321000758F935ED60122CC26CA0E0393D4450146
:103220009357D5010E0706CE4AC84EC693F8F87FCD
:10323000130EF07F33E7EE0093F4F47F13D4F5011F
:1032400033E36700131F3500FD82931E3600638051
:10325000C81993C61600B38514416305D41263518F
:10326000B018638B081AB70780005D8F6380C4595C
:103270009307800363C3B734FD4763C4B74893071C
:1032800000028D8FB3D9BE003318F700B39EFE0045
:10329000336838013357B700B339D0013368380188
:1032A0003303E340B3090F41B3373F013306F34023
:1032B0009317860063D30724370980007D1933797B
:1032C0002601630F092C4A85EF00D01B130785FFE9
:1032D00093070002998FB3D7F9003316E900D18F15
:1032E000B399E9006344972A058F13061700FD463A
:1032F00063C4C63A13070002118FB3D6C9003398CE
:10330000E9003397E700558F33380001B3690701AF
:1033100033D6C700814493F7790081CF93F6F90043
:1033200091476388F6009386490033B83601429688
:10333000B6899317860063D6071C1387140093077A
:10334000F07F05886306F720B70780FFFD17F18F30
:103350001398D70193D93900A60733683801B18390
:103360001377F77F9396C7005207B1827E04D98EF8
:10337000C18EF2406244D2444249B2494285B68588
:10338000056182806356B00A638A0812B70780001D
:103390005D8F6386C42D9307800363C7B718FD470D
:1033A00063D1B73C138805FE93070002B3590701A8
:1033B000638AF50093070004B385B7403317B7005D
:1033C000B3EEEE003338D0013368380195A2B3670D
:1033D000D7019385148099E393C61600630AD40439
:1033E000D1E19387140093F7E77F6398071EB367D3
:1033F000E3013368D701639204166381073C6315C8
:103400000842131835009316D3011358380033E8D7
:1034100006019357330019A2B367D7016384071AD3
:103420009387F5FF638A073A638BC523BE8589B509
:103430006398051C9386140093F7E67FC1EFB3678A
:10344000E301639F0434638C0744B367D70163933C
:1034500007460E051318D3010D813368A800935752
:1034600033006DA8B385984063960420B367E301E9
:10347000638C07309387F5FF638807401305F07F5F
:103480006382A520BE859307800363C1B72AFD47E9
:1034900063C7B73C930700028D8F3318F300335690
:1034A000BF00B317FF003368C800B339F0003353CF
:1034B000B3003368380133076740ADACB367D70159
:1034C000638207109387F5FF638E071E638FC52DF8
:1034D000BE85D1B59307F07F638BF606FA9E33B6AF
:1034E000EE01B307E300B2971398F70193DE1E00D5
:1034F000B369D80113D61700B68493F77900E39F18
:1035000007E09317D60113D839003368F800A68571
:10351000935736001307F07F6380E506B207B18347
:1035200013F7F57F05883DBD3367D7013338E000D9
:10353000B309E801B3B7E901338667009317860042
:10354000E3DD07FA85049307F07F639BF418058891
:103550001307F07F8147014831B56390071063007E
:10356000083C131836009317D701135838003368F6
:10357000F800368493573700B367F800E9DB01445D
:103580001307F07FB70708000148E9BB370680FF43
:103590007D167D8E93F77900998CE39107D895B7C6
:1035A0004E85CD2513078501FD47E3D3E7D21306EA
:1035B00085FFB397C900814935B33368D7013338E4
:1035C0000001CDB1131835009317D30113583800FB
:1035D0003368F8009357330035BFB309DF4133092F
:1035E000E34033363F013309C9409317890063CA6A
:1035F000072033E82901E31608CC8147014439BF8D
:10360000B385984063810414B70680009307F07F68
:103610003363D3006381F8209307800363CCB72220
:10362000FD4763C9B72C930700028D8F3318F30051
:10363000B356BF00B317FF003368D800B339F000AA
:103640003353B300336838011A97B309D801B3B7BD
:10365000D9013386E700C684D5B5E31208F2131802
:1036600035009317D301135838003368F800935787
:10367000330019B7370580009307F07F3363A30049
:10368000E393F8E00E061318D7010D823368C800E3
:10369000935737003684CDB505179306000233D70C
:1036A000E700630AD600930600043386C6403396CB
:1036B000C700B3E9C90033383001B369E8000146F7
:1036C000814425BDB309DF01B307E30033BFE9013E
:1036D0003386E701931786008544E3D007E28944E7
:1036E000B70780FFFD17F18F13D7190013F81900E2
:1036F000336807019399F701B3E9090113D617005D
:1037000019B9138805FE93070002B3590701638AAC
:10371000F50093070004B385B7403317B700B3EE45
:10372000EE003338D00133683801ADBE3363E301B6
:1037300033386000B3890E41B3B73E013306F7401A
:10374000C6843684B5B6B367E301638707189387E9
:10375000F5FF638C071C9306F07F638ED50ABE8548
:1037600065BD930700028D8FB3D9BE003318F700F3
:10377000B39EFE00336838013357B700B339D00128
:10378000336838013A936DB3131836009317D70195
:103790001358380033E807013684935737009DBB30
:1037A000BDCB3367D701E31C07DC0E051318D3012B
:1037B0000D813368A800935733007DBBE30F08E207
:1037C000131836009317D701135838003368F800E0
:1037D00036849357370099B3B309DF41B307E34009
:1037E000333F3F013386E7418544D9B41318350090
:1037F0009316D3011358380033E80601935733006A
:10380000A5BBB389EE413306674033B93E013309A6
:10381000264136847DB40E061318D7010D82336815
:10382000C8009357370089BBB309DF41B307E340B2
:1038300033363F013386C7409317860063D7070AA4
:10384000B389EE41B3076740B3BE3E013386D7412B
:103850003684D1B43363E30133386000FDB3138899
:1038600005FE93070002B3590301638AF50093072D
:103870000004B385B7403313B300336F6F003338A0
:10388000E001336838017DB5B389EE41B307674085
:10389000B3BE3E013386D7413684854411BC13182C
:1038A00036009317D701135838003368F800935740
:1038B0003700ADB1B309DF01B307E30033BFE9015E
:1038C0003386E70193178600E3D907C2B70780FF65
:1038D000FD177D8E854415B10E061318D7010D8294
:1038E0003368C8009357370035B133E8C900E306A1
:1038F00008D021B1138805FE93070002B3590301D4
:10390000638AF50093070004B385B7403313B3000F
:10391000336F6F003338E001336838013DB3014441
:103920001307F07FB707080035BCB309DF01B30701
:10393000E300B3BED9013386D70169BB93D74501F4
:10394000B70610001387F6FF93F7F77F1306E03FE3
:103950002A886D8F0145FD816354F60099C18280EC
:1039600082801306E0417D55E34BF6FE130530439C
:103970001D8D7D46558F634AA6009387D7BE3317AA
:10398000F7003355A800598D828013053041B307E5
:10399000F5403355F7008280411106C622C426C285
:1039A00005CD9357F541B3C4A7009D8C2A84268585
:1039B000D12C9306E041898EA9477D8093F6F67F4E
:1039C00063CDA7022D47098FB3D7E4005505B20791
:1039D000B394A400B18329A0014481468147814466
:1039E000B207D206B1837E04D58FC18FB240224484
:1039F0002685BE859244410182805515B397A40067
:103A0000B207B1838144E9BF15CD411122C406C676
:103A10002A848D2C9306E041898EA94793F6F67F80
:103A200063DCA7025515B317A400B207B1830147A1
:103A3000B2402244B207D206B183D58F3A85BE8503
:103A40004101828081478146B207D206B183014796
:103A5000D58F3A85BE8582802D47098FB357E40004
:103A6000B207130755013317E400B183D1B71357D9
:103A700075011377F70F41119307170022C426C26F
:103A80001314950006C693F7E70F25809354F501AC
:103A900085C793573400130707387604B2075207D7
:103AA000B1831395F401D98FC98FB2402285224486
:103AB0009244BE854101828005EB39C42285D9221A
:103AC000A94763C6A7042D47098F930755013357AC
:103AD000E4003314F4009317C70013079038098FDC
:103AE000B1831377F77F5DBF01CC13573400B7075D
:103AF0000800D98FB2077604B1831307F07F79BF2E
:103B00001307F07F814759BF0147814741BF130722
:103B100055FF3317E40001447DBF93D645019397C9
:103B2000C50093F6F67FB183138616008E071357F0
:103B3000D5011376E67FFD815D8F9318350035CE74
:103B4000138806C89307E00F63DD070181471395CB
:103B500097009306F00FDE062581FE05558D4D8DED
:103B600082806355000B931765000E07B337F00092
:103B7000D98F93D8D801B3E7170113F77700630102
:103B8000071013F7F70091466303D7009107370733
:103B900000047D8F75C7130718001306F00F937686
:103BA000F70FE305C7FA9A07A58313959700DE067A
:103BB0002581FE05558D4D8D8280B367170199EEE5
:103BC00085CF95479A07A5831395970093F6F60F2F
:103BD000DE062581FE05558D4D8D8280A5DBB7075C
:103BE0004000139597009306F00FDE06814525816E
:103BF000FE05558D4D8D8280814713959700814636
:103C0000DE062581FE05558D4D8D8280A5576348C2
:103C1000F804F94737068000B38707417D45598E80
:103C20006351F504795733070741130500023357F1
:103C3000E6006388A700938626CAB316D600B3E8C9
:103C4000D800B3371001D98F13F77700014815FB5F
:103C5000139757008546E34807F48146A5B7814688
:103C60008DB7938626C83397D8003337E000B31654
:103C7000D600B3D8F800B367D700B3E7F800E9B7C8
:103C8000C28689B7C167637EF5029307F00F1307F9
:103C9000000263ECA70097670000938727D1AA97DB
:103CA00003C507003305A740828021819767000084
:103CB0009387C7CFAA9703C5070061473305A7407D
:103CC0008280B7070001636EF5006181976700008D
:103CD0009387C7CDAA9703C5070021473305A7409F
:103CE0008280418197670000938747CCAA9703C5DC
:103CF000070041473305A7408280938781859C4315
:103D00004111328806C6AA882E87C847368697672B
:103D100000009387A7D9631708009757000093877F
:103D200067F63E88C68697650000938525D91920D9
:103D3000EF104017397132D436D63EDA3AD842DC29
:103D400046DE938781852E86AA858843341006CE69
:103D500036C6892AF2402161828001476314E60059
:103D600001458280B307E5000507B386E50083C7F8
:103D7000070083C6F6FFE383D7FE3385D7408280F2
:103D8000B3C7A5008D8B3307C50081E78D4763EE70
:103D9000C700AA876370E50A83C605008507850505
:103DA000A38FD7FEE3EAE7FE828093763500AA87E9
:103DB00091CA83C6050085078505A38FD7FE93F6B4
:103DC0003700FDB79376C7FF138606FE63F0C7067C
:103DD00083A3050083A2450083AF850003AFC50020
:103DE00083AE050103AE450103A3850183A8C50188
:103DF0009385450223A0770003A8C5FF23A257009F
:103E000023A4F70123A6E70123A8D70123AAC7010A
:103E100023AC670023AE17019387470223AE07FF49
:103E200075B790419107910523AEC7FEE3EBD7FE2E
:103E3000E3E4E7F682801C46FD171CC663DA070040
:103E4000184E63C5E700A9476394F5006F0010683A
:103E50001C422E851387170018C22380B70082806A
:103E6000011122CC26CA4AC84EC652C406CE2A899F
:103E7000AE893284B304D6007D5A631494000145A0
:103E800011A8834504004E864A85EFF0DFFA050449
:103E9000E31545FFF2406244D2444249B249224A06
:103EA00005618280357122CD26CB4AC94EC706CF27
:103EB00052C556C35AC1DEDEE2DCE6DAAA89AE8418
:103EC0003289368409C51C4D99E3EF10507A976703
:103ED0000000938727CF639DF40C83A4490083D708
:103EE000C400A18BE5CB9C48F5C793070002A3044F
:103EF000F1029307000302D22305F10222C6930BBD
:103F00005002976A0000938A6ABE054C294B4A8486
:103F10008347040099C36392770FB30C2441638EE7
:103F20000C00E6864A86A6854E85EFF07FF3FD57A6
:103F30006306F51E9256E69636D283470400638FD9
:103F4000071CFD571309140002C802CE3ECA02CC5A
:103F5000A309010482D48345090015465685EF2044
:103F6000801A13041900C24759E913F7070109C75A
:103F700013070002A309E10413F7870009C7130719
:103F8000B002A309E104834609001307A00263807D
:103F9000E608F2474A848146254603470400930514
:103FA0001400130707FD6379E60AB5CA3ECE85A85B
:103FB00097670000938707C36395F40083A4890083
:103FC00039BF976700009387E7BDE39AF4F083A4B5
:103FD000C90031B7A6854E85EF00B05B19D57D5578
:103FE000FA406A44DA444A49BA492A4A9A4A0A4B88
:103FF000F65B665CD65C0D618280050411BF3305FB
:1040000055413315AC00C98F3EC82289A9B7324744
:1040100093064700184336C6634907023ACE034762
:1040200004009307E002631FF7040347140093079B
:10403000A002631BF702B2470904138747009C43A1
:104040003AC663C107023ECA35A83307E04093E78A
:1040500027003ACE3EC8E1B7B387670385462E8472
:10406000BA9725BFFD57C5B7050402CA81468147E7
:1040700025460347040093051400130707FD6378E2
:10408000E606F1F2834504000D46176500001305AE
:1040900065A6EF20400711CD97670000938787A59D
:1040A0001D8D93070004B397A700424505045D8D5D
:1040B0002AC8834504001946176500001305C5A3E7
:1040C000130914002304B102EF20E00325C1970770
:1040D00000009387C71E95E74247B2471377071042
:1040E00009CF91073EC69257D2973ED20DB5B387FE
:1040F000670385462E84BA97ADBF9D07E19BA10754
:10410000D5B77800970600009386C6D526860C089A
:104110004E856522FD572A8AE317F5FC83D7C40034
:1041200093F70704E39D07EA12555DBD78009706F3
:104130000000938626D326860C084E85B927D9BF62
:10414000797122D44AD052CC56CA5AC806D626D241
:104150004ECE3A8AAE8A32843689428B0147635802
:104160000600370700803344C7001307D0022380BE
:10417000E70093F4F8FD930760048D466388F4002C
:104180009307500489466393F4000509DA8793087E
:10419000C100130881004A87D6852286EF0030656A
:1041A00093077004AA896396F400137A1A00630ACD
:1041B0000A0493076004338A29016397F40203C752
:1041C000090093070003631EF700014681465685E8
:1041D000A285EF20307211C58547338927412320FE
:1041E0002B0183270B003E9A014681465685A28506
:1041F000EF20507011E152C613070003B24763E28B
:104200004703B2474257B2502254B38737411CC3C9
:104210004E8592540259F249624AD24A424B456154
:1042200082809386170036C62380E700C1BF230033
:10423000C500130725009307B00263D60500B30538
:10424000B0409307D002A300F500A54763DAB70496
:1042500041119307F100BE88294813033006B3E6E5
:1042600005031386F7FF93860603A38FD7FEB3C615
:104270000503634DB30093860603F917A30FD6FE1B
:1042800063E917013305A74041018280B287B685F3
:10429000F9B7850783C6F7FF0507A30FD7FECDB78C
:1042A0009307000313074500938505032301F500D9
:1042B000A301B5003305A740828019713ACE86DE8E
:1042C000A2DCA6DA2E84CAD8CED6D2D4B689DAD069
:1042D000DECEE2CC3289D6D2E6CAEAC8EEC6AA84DD
:1042E000EF107050832B05005E85EF00101D032B2F
:1042F0000400724702DC93760B102A8C034A840177
:104300001C43F1CA9386470014C39C43081098438A
:104310003AD0D8433AD298473AD4DC473ED6EF2039
:10432000307928C46CC4832CC404175700001307C9
:10433000677D832A8404032D0700832D470093970C
:104340001C0085836A86EE865685BE853ECEEF20AC
:10435000F06B41EDF2476A86EE865685BE85EFE04A
:104360005F936354A008014681465685E685EFE0D9
:104370005F92635605009307D002A301F4049307EC
:104380007004975A0000938A6A7863F64701975A37
:104390000000938AEA77137BBBFF8D4723206401DB
:1043A0001CC8014B4E87CA867018A2852685C12E6F
:1043B000FD5C631E95157D55F6506654D6544659DE
:1043C000B659265A965A065BF64B664CD64C464D65
:1043D000B64D096182809D07E19B9386870014C3D7
:1043E0009843DC4338C47CC43DBF5686E686568578
:1043F000E685EF20B06111CD93077004975A000055
:10440000938A4A71E3F947F9975A0000938ACA7070
:1044100059B75C407D57137DFA0D6395E7089947BE
:104420005CC0544013670B403C18D6853EC018C092
:104430009307310302C2D28813084103668626859A
:10444000EFF01FD093077004AA8AD255631BFD00BA
:10445000F55763C5F5005C4063D8B708791A137A3D
:10446000FA0F9307500663E64705FD1552861305BC
:1044700004052EDAEFF0BFDB625785462A8BB307BF
:10448000A7001CC863C5E6001840058B19C3850743
:104490001CC883473103E38707F09307D002A301C9
:1044A000F40409B713077004E31DEDF6BDFB85475F
:1044B00085BF93076006631BFA025C40635BB00034
:1044C0000CC881E71840058B09CF8507AE971CC83B
:1044D00009A889E718408546058B19C393862700EC
:1044E00014C82CCC014B75B7130A7006E25763C988
:1044F000F5001C400CC8858BEDD793871500C1BF14
:1045000005476344B00009470D8FBA97C9B71C40EF
:1045100013F7074015E314485686CA852685829905
:10452000E30B95E91C40898B63960724F2574844B6
:10453000E354F5E83E8549B513075006637B4719F8
:1045400028446C4401468146EF20D03A39E985463B
:10455000175600001306865CCA8526858299E30CEF
:1045600095E55257E2576345F7001C40858BDDDB2C
:10457000E2865E86CA8526858299FD57E30DF5E2BF
:10458000014A930AA4017D5BE257FD17E35CFAF848
:1045900085465686CA8526858299E30E65E1050A19
:1045A000E5B7D2576346F006854617560000130656
:1045B000E656CA8526858299E30F95DFD257625762
:1045C000D98F81E71C40858BB1DFE2865E86CA8584
:1045D00026858299FD57E300F5DE014A130BA401FD
:1045E000FD5BD257B307F040634BFA00E2565686A4
:1045F000CA8526858299FD57E316F5F26DBB85467F
:104600005A86CA8526858299E30775DB050AD1BFDC
:104610003C4C625A63D347013E8A635A4001D286BA
:104620005686CA8526858299FD57E306F5D8814CC2
:10463000130DA401FD5D09A885466A86CA852685F5
:104640008299E30AB5D7850C032B8405D28763537F
:104650000A008147B307FB40E3C0FCFE5257E25714
:10466000634DF7021C40858B8DEBE2575257338A1E
:10467000E7406344EB00338A6741635B4001D286C5
:1046800033866A01CA8526858299FD57E305F5D2EE
:10469000814A130BA401FD5B15A0E2865E86CA85E4
:1046A00026858299FD57E312F5FC31B385465A867B
:1046B000CA8526858299E30075D1850A5257E2574B
:1046C000998F528763530A000147998FE3C0FAFE1E
:1046D00091BDE25605476344D700858BB5C7854633
:1046E0005686CA85268582997D5AE30645CDE2869F
:1046F0005E86CA8526858299E30F45CB28446C44A3
:1047000001468146EF20101F1DC9E25613861A008C
:10471000CA85FD1626858299E30F45C9DA861306F8
:104720000405F9B585465686CA8526858299E3042F
:1047300075C9050AE257FD17E346FAFEC5B7014AF7
:10474000930AA401FD5BFDB785465686CA8526857A
:104750008299E31595FD85B185465686CA852685DD
:104760008299E30A65C5050A5C447257998FE3454F
:10477000FAFE6DBB014A930A94017D5BF5B779712E
:1047800056CA9C49BA8A984522D426D24ECE52CCDB
:1047900006D64AD05AC85EC6AA892E84B284368A02
:1047A00063D3E700BA879CC00347340419C3850765
:1047B0009CC01C4093F7070281C79C4089079CC09E
:1047C0000329040013796900631A0900130B94018B
:1047D000FD5B5C449840998F634CF9041C40834610
:1047E000340493F70702B336D000A5EB1306340464
:1047F000D2854E85829AFD576303F5041C4011460D
:104800009840998B544481446397C700B384E64031
:1048100063D3040081441C4418486354F700998F03
:10482000BE94014969047D5B63982405014509A88C
:1048300085465A86D2854E85829A631E75017D55BE
:10484000B250225492540259F249624AD24A424B1F
:10485000B24B456182800509ADBF3307D400130612
:104860000003A301C7040347540493871600A297CB
:104870008906A381E7049DBF85462286D2854E85A1
:10488000829AE30E65FB050945B7797122D426D2D9
:104890004AD04ECE06D652CC56CA5AC8B68983C61E
:1048A0008501930790063289AA842E8413863504E5
:1048B000638DF60263E2D706930780056389F618D5
:1048C00063EDD7006382062293073004638FF60AF4
:1048D000930A24042301D404D1A0930730066386ED
:1048E000F60A93074006E395F6FE1C40084393F64C
:1048F000070893054500CDC61C410CC363D80700CB
:104900001307D002B307F040A301E4049756000058
:1049100093860621294775A8930700076385F61635
:1049200063E5D7029307E006638CF6189307F00659
:10493000E390F6FA0C401C4313F805081385470072
:104940006308080608C39C4395A893075007E383B0
:10495000F6FE93078007638CF61293073007E399FE
:10496000F6F61C43D04181459386470014C383AAC1
:1049700007005685EF10207901C53305554148C021
:104980005C401CC8A301040471A81C43930A2404BE
:10499000938647009C4314C32301F4048547D5B78D
:1049A00093F607041C410CC3B1DAC207C187B9B73B
:1049B00093F5050408C3C1D983D707001307F00690
:1049C0006388E60E97560000938686152947A30153
:1049D00004044C400CC463C5050008406D9908C030
:1049E00099E3B28A91CDB28AB3F5E702FD1AB69582
:1049F00083C505002380BA00B3D5E70263F0E70C56
:104A0000A147631EF7001C40858B91CB58401C4882
:104A100063C7E70093070003A38FFAFEFD1A33066E
:104A2000564110C84E87CA867000A2852685EFF0D1
:104A30001FD57D5A631E450B7D55B25022549254AA
:104A40000259F249624AD24A424B45618280A382AE
:104A5000D504975600009386A60C0C40084313F823
:104A600005081C411105630D080208C313F7150062
:104A700001C793E505020CC04147B1FB0C4093F51B
:104A8000F5FD0CC0A9B79C4193E707029CC19307B1
:104A90008007A302F404975600009386A60975BF09
:104AA00013F8050408C3E30308FCC207C1837DBFF4
:104AB000975600009386C606214711BFAE872DB7D3
:104AC00094411C43CC4913F806081385470063063C
:104AD000080008C39C438CC301A808C393F60604CE
:104AE0009C43F5DA2390B70023280400B28A1DBF47
:104AF00014485686CA8526858299E30F45F31C40E3
:104B0000898B8DE7B2474844E359F5F23E8535B7C6
:104B100085465686CA8526858299E30F65F1050A82
:104B20005C443247998FE345FAFEE9BF014A930A94
:104B300094017D5BF5B739713EDA2ED232D436D688
:104B40003AD842DC46DE9387818522CC804326CA50
:104B500006CEAA8411C41C4C81E72285EF102031B7
:104B60000C4454102686228536C6EFF0AFB3F240CF
:104B70006244D24421618280011126CA4AC806CE0D
:104B800022CC4EC652C4AA842E8909C51C4D99E375
:104B9000EF10E02D9C4C804481E72685EF10202DFE
:104BA0009757000093870702631CF402C0408357A5
:104BB000C400A18BB1C71C48A1C7FD59294A1C4498
:104BC00083450900FD17B1E91CC463DE0706228690
:104BD000A9452685E528FD576308F502294535A036
:104BE00097570000938707006314F4008044C1B70F
:104BF00097570000938707FBE31BF4FAC04445BFB7
:104C0000A2852685792255D97D55F2406244D24449
:104C10004249B249224A056182801CC4050963D712
:104C20000700184C63CBE700638945011C401387DC
:104C3000170018C02380B70059B72286268579202F
:104C4000E31F35F7D1B71C401387170018C0294759
:104C50002380E70061B793878185AA8588436FF039
:104C6000BFF135713ECBB707008093C7F7FF3ECE4B
:104C70003EC8C1779387872032C536C73AC942CD2F
:104C800046CF3ECA938781852AC42ACC8843340103
:104C90002E862C0086DE36C2EF10F06AA2472380F3
:104CA0000700F6500D618280AA8703C705008507BB
:104CB0008505A38FE7FE75FB8280AA87850703C75A
:104CC000F7FF6DFF3385A7407D158280011122CC4F
:104CD00026CA4AC806CE4EC6AA842E89328409C581
:104CE0001C4D99E3EF10A01897570000938787EDAC
:104CF000631BF406C0401C4C1CC48357C400A18B2A
:104D0000D9C31C48C9C31C4808409379F90F1379CB
:104D1000F90F1D8D5C486347F500A2852685EF10CD
:104D2000E00235E51C440505FD171CC41C40138733
:104D3000170018C0238037015C486389A700835798
:104D4000C400858B89CBA9476317F900A285268506
:104D5000EF00D07F0DEDF24062444A85D2444249D3
:104D6000B24905618280975700009387A7E76314D3
:104D7000F400804449B7975700009387A7E2E31CEB
:104D8000F4F6C0448DBFA285268521202DDD7D59F6
:104D9000D9B741119387818526C2844322C44AC072
:104DA00006C62A892E8491C49C4C81E72685EF1083
:104DB000000C975700009387E7E0631CF402C040A3
:104DC0000317C40093170701C18393F68700BDEE54
:104DD00093F607019DEEA5472320F900136707040A
:104DE0002316E4007D55B240224492440249410119
:104DF0008280975700009387E7DE6314F4008044B5
:104E0000C1B7975700009387E7D9E31BF4FAC04472
:104E100045BF918B95C74C5891C99307440463854E
:104E2000F5004A85EF105026232A04028357C40058
:104E30002322040093F7B7FD2316F4001C481CC07E
:104E40008357C40093E787002316F4001C4889EFBA
:104E50008357C4001307002093F707286386E700F1
:104E6000A2854A85EF10401F8357C40013F717002F
:104E700005C75C4823240400B307F0401CCC1C4841
:104E80000145B5F38317C40013F7070829DF93E73B
:104E900007042316F400B9B7898B014791E35848FA
:104EA00018C4F1BF4111194506C6EF10F07A054547
:104EB000EF20E068011122CC1C49804906CE26CAA9
:104EC0004AC84EC652C456C263C187127D14131815
:104ED000240093894501338A0901130945014A9841
:104EE00083270A00032708008507B354F702636687
:104EF000F706C1684E834A8E814E014FFD1811039B
:104F00000326C3FF110E3377160141823307970240
:104F100033069602769793560701B3771701B307C6
:104F2000FF4036968326CEFF935E06013376160148
:104F300033F71601BA97C18213D70741918EBA96FB
:104F400013DF0641B3F71701C206D58F232EFEFEED
:104F5000E3776AFA83270800BDCBAA8AEF10E070D6
:104F60006349050441668504CA8501457D1691099A
:104F700003A8C9FF98419105B376C800158DB37693
:104F8000C700AA96935707011358080113D7064183
:104F9000B3870741BA9713D50741F18EC207D58F62
:104FA00023AEF5FEE3753AFD93172400CA979843A4
:104FB0001DC72685F2406244D2444249B249224A82
:104FC000924A056182808327080089E77D14711861
:104FD000E36B09FF00C951B7984309E77D14F11746
:104FE000E36CF9FE23A88A00E9B70145E1B77571C2
:104FF0003ED85C5122C526C34AC1CEDED2DCE2D403
:1050000006C7D6DADAD8DED6E6D2EAD0EECE36C297
:105010003AC646CAAA842E843289C2892E8A328C24
:1050200089EF4145EF10600DC8D0232205002324ED
:1050300005002320050023260500DC508C4389CD84
:10504000D84385472685B397E7009CC5D8C1EF10A4
:10505000401ADC5023A00700635309048547131C42
:10506000190023A0F900135C1C00B707F07F337709
:10507000FC006314F70642578967320C9387F77078
:10508000135CCC001CC3336C8C00E3050C32D2479C
:1050900091EB975700009387A7B03EC039A823A093
:1050A0000900E1B797570000938787AF3EC0975735
:1050B0000000938717AF52471CC3BA402A440245E9
:1050C0009A440A49F659665AD65A465BB65B265C3C
:1050D000965C065DF64D49618280014681462285D7
:1050E000E28522CE62D4EF20E00005E142578547F9
:1050F0001CC397570000938767A23EC0D247D5DFF5
:1051000097570000938797A17DB7B800F400628697
:10511000A285268513594C01EF1060671379F97F3A
:10512000AA89A64A630D0910A2577245130919C02E
:105130009395C700B181B707F03FDD8D02DC97572B
:1051400000009387A7A09043D443EFE06F8B97575D
:105150000000938727A09043D443EFD0FFBE97571A
:1051600000009387A79F9043D443EFC05FE42A8B4E
:105170004A85AE8BEFE05F82975700009387879E4A
:105180009043D443EFD05FBC2A86AE865A85DE8535
:10519000EFC0FFE12A8BAE8BEF20000B2A84014683
:1051A00081465A85DE85EFD0DFAE635B0500228540
:1051B000EFE08FFE5A86DE86EF10D07311C17D14AA
:1051C0000547D9473AD663E3870213173400975748
:1051D00000009387A7A5BA979043D4437245A25580
:1051E000EFD03FAB635305007D1402D633892A41CB
:1051F000930BF9FF014B63D60B00054B330B2B418F
:10520000814B634E0406A29B22CC814A1247A547DC
:1052100063E5E7149547854C63D6E7009307C7FF1E
:105220003EC2814C12478D47630EF71063CFE704EF
:10523000894702C8630DF70685473EC88DA03649E9
:105240009307000256991307294363D5E702130514
:105250000004198D930729413315AC003354F40031
:10526000418DEFE06FFAB70710FEBE9585477D19B7
:105270003EDCF1B53385E7403315A400DDB7330BD1
:105280008B40B30A804002CC51B712479147630E5E
:10529000F70005473AC8124795476306F70AFD57D6
:1052A0003EC4FD5DC94702C619A885473EC8B2473E
:1052B0006348F00A854705473EC4854D3AC603A9B1
:1052C0004402114723220900930647018325490020
:1052D00063FCD7082685EF005069DC502320A90025
:1052E0009C433EC0B94763E6B71D63840C1C635EF4
:1052F000800A9377F40013973700935C44409757E4
:1053000000009387A792BA9793F60C019843094936
:10531000DC4385C6975600009386C68E9052724530
:10532000D452A2553AD03ED2EFD06FBB025792571B
:1053300093FCFC002A8A2E8C0D49175D0000130D8A
:105340006D8C89A802C8B247A2973EC4938D1700FE
:10535000EE87E346B0F785479DB7854C02C2E9BDAD
:10536000B2473EC4BE8DA1BF85052322B900060702
:10537000A1BF93F61C0081CE03260D0083264D00AD
:105380003A85BE85EFD05F9C05092A87AE8793DCFE
:105390001C40210DE39F0CFC3A86BE865285E285B7
:1053A000EFD0EFB32A8A2E8C81A0094915CCB30C1B
:1053B000804093F7FC0013973700975700009387BE
:1053C000E786BA979043D4437245A25593DC4C408C
:1053D000175D0000130D0D83EFD01F972A8A2E8CC6
:1053E0008147639C0C12DDFFB25763870714174790
:1053F00000001307A777104354435285E28552D02B
:10540000EFD03F89635A0512638B0D12A247635098
:10541000F00A174700001307E775825710435443FB
:105420003E85E285EFD05F92A247130DF4FF2A8AF2
:105430002E8C050962874A853EDE52DABA8C3AD054
:10544000EFE08FD5525802573709C0FC4286BA8622
:10545000EFD09F8F97460000938646729042D442C9
:10546000528CEFC0DFB4F2572A8A2E99E1EF9747AA
:10547000000093872771525802579043D4434285C6
:10548000BA85EFD0FFD75286CA862A8CAE8CEF1031
:10549000104D634AA054B7070080B3C72701528656
:1054A000BE866285E685EFD0CFFE634B0552724A19
:1054B000225CB64763C70730394763448730131708
:1054C00034009747000093876776BA9703AB0700CD
:1054D00083AB4700B24763D207206340B02163919A
:1054E0000D50974700009387E7699043D4435A854E
:1054F000DE85EFD07F855286E286EF105046814AE6
:1055000001496357054A824702470504138A170079
:10551000930710032300F70045A113F71C0009CBE4
:1055200003260D0083264D000509EFD0FF81854736
:1055300093DC1C40210D75B5228DEE87E5BD228DD3
:105540008147CDBD9386F7FF13963600974600003E
:105550009386C66DB2968842CC428246B6973EDAB2
:10556000C247E9C397470000938747622A86AE8601
:105570008843CC434ADE52D0EFD06F960258725720
:10558000174900001309095F4286BA86EFD05FC74A
:10559000024A2AD02ED2E6856285EF10F04A2ADE32
:1055A000EFE08FBF2A86AE866285E685EFD05FC5C5
:1055B000F2572A8CAE8C2A86AE8602559255050A81
:1055C00093870703A30FFAFEEF1070396348A00E0C
:1055D00097470000938787598843CC436286E686C5
:1055E000EFD01FC22A86AE8602559255EF10303793
:1055F0006342A018D257E30CFAEA03260900832677
:10560000490002559255EFD02FF403260900832656
:1056100049002AD02ED26285E685EFD0EFF22A8C9F
:10562000AE8C95BF5286CA86EFD00FF2525A02490D
:105630002AD02ED2E6856285EF1010412ADEEFE0F7
:10564000AFB52A86AE866285E685EFD07FBB7257FE
:10565000D257050913070703A30FE9FE2A8CAE8C66
:105660006312F9061749000013094952032609007D
:105670008326490002559255EFC07F932A86AE8655
:105680006285E685EF10B02D6346A00E0256925655
:105690000325090083254900EFD09FB62A86AE86F0
:1056A0006285E685EFD0EFDE93070003E35105E066
:1056B0000347FAFF9306FAFF6304F7006A8459A8C8
:1056C000368AFDB7974700009387C74A9043D44373
:1056D000EFD08FE72A8CAE8CB1BFE287BE8C8247B9
:1056E000528C974A0000938AEA4813891700BE9D9E
:1056F0005A86DE866285E685EFC07FFEEF10D034E5
:105700002A8DEFE06FA95A86DE86EFD0EFE32A8676
:10571000AE866285E685EFD0BFAE93070D03A30F7B
:10572000F9FE2A86AE864A8A639E2D07EFC03F881F
:105730005A86DE862A8CAE8CEF107022634BA00254
:105740005A86DE866285E685EF10D01A01E59377EA
:105750001D0085E3CE852685EF00B029C2572300C2
:105760000A00050480C3D247E389079423A04701B8
:10577000A9B2228D130790038346FAFF9307FAFF1D
:10578000639AE6008246639DF60013070003050D49
:105790002380E60003C7070005072380E70039BF21
:1057A0003E8AD9BF03A60A0083A64A000509EFD0A6
:1057B000AFD9014681462A8CAE8CEF10B0130DF99B
:1057C00051BF424763000710924605476345D70C17
:1057D00062579387374309E7264793076003998FFA
:1057E000568DDA8C854526853E9BBE9BEF00303971
:1057F0002A89635E9001635C7001E68763D39B0135
:10580000DE87330BFB40B38CFC40B38BFB406380E3
:105810000A04C247C5CF6354A003CA856A86268599
:10582000EF00F04B4E86AA852A892685EF00F036D8
:105830002ACECE852685EF00D01BF247BE8933865F
:10584000AA4111C6CE852685EF007049AA898545F3
:105850002685EF00D032E247AA8A635BF0063E86D7
:10586000AA852685EF00B04712478547AA8A014DD1
:1058700063C8E706014D63120A069317CC00528DE8
:10588000A9EFB705F07F337CBC0063080C04050B5F
:10589000850B054D99A0138DFDFF63CAAA01338DB9
:1058A000AA4163DE0D00B30CBB41814725BFE2472F
:1058B000B30A5D41D6973ECCEA8A014DDDB7DA8C5A
:1058C000EE870DB7568DDA8C014925B756869DBFF8
:1058D00012478547014DE3DFE7F8E247054589CFE9
:1058E00083A70A018D078A07D697C843EF00301EA9
:1058F000930700023385A7405E957D8951C19307C8
:105900000002898F1147635AF706F1473385A74094
:105910002A9BAA9CAA9B63586001CE855A8626853D
:10592000EF00D047AA8963587001D6855E86268528
:10593000EF00D046AA8AB257B1C7D6854E85EF0090
:10594000D05263510504CE85814629462685EF0055
:10595000900EC2477D14AA89638C0726CA858146AA
:1059600029462685EF00300DA2472A896345F008B5
:105970001247894763D1E70829A8E38EE7F83E85F7
:10598000710579B76345B0071247894763D1E706C8
:105990006EC4A24791EFD685814615462685EF0055
:1059A0009009AA8AAA854E85EF00304CE34DA0B439
:1059B000B247024A13C4F7FF014BD6852685EF0094
:1059C0005003E30909D863080B0063062B01DA854D
:1059D0002685EF001002CA852685EF0090019DBB49
:1059E000814A0149F1B76A84814A014929BEC24707
:1059F0006EC46386071E63589001CA856686268535
:105A0000EF00D0392A894A8563060D0283254900B3
:105A10002685EF008075032609012A8B9305C900AE
:105A200009060A063105EFE0AFB50546DA85268599
:105A3000EF00D036824722474A8B138C1700BA9763
:105A40003EC693771A002A893EC4D6854E85EFF06C
:105A50006FC6DA852A8D930D05034E85EF00F04061
:105A60004A86AA8BD6852685EF0050435045930C75
:105A7000FCFF2A8A054711E6AA854E85EF00F03E15
:105A80002A87D28526853AC8EF00A07692474247FA
:105A9000628AB3E6E700A247DD8E81EE130790032A
:105AA0006388ED0463547001930D1D032380BC01D2
:105AB00029B763CA0B009247B3EB7701A247B3EB58
:105AC000FB0063950B04E353E0FECE850546268577
:105AD000EF00D02CD685AA89EF0030396346A000AC
:105AE00071F513F71D0079D313079003E39EEDFAC8
:105AF000930790032380FC00930690038347FAFFEB
:105B00001307FAFF638CD708850745A0635BE000A5
:105B100013079003E38EEDFC93871D002380FC00A8
:105B200069BDB247A30FBCFF63818705CE8581465F
:105B300029462685EF002070AA8981462946DA8504
:105B4000268563182B01EF00006F2A8B2A89050C2C
:105B5000EDBDEF00406ECA852A8B81462946268519
:105B6000EF00606D2A89E5B7014BCE850546268595
:105B7000EF00D022D685AA89EF00302FE34EA0F6A1
:105B800001E593F71D00ADFB930700030347FAFF00
:105B90009306FAFFE313F7E2368ACDBF8247639993
:105BA000E70002470504930710032300F70031B50F
:105BB0003A8AA9B75247974700009387A7FD3EC08E
:105BC00097470000938787FD631707CE6FF0EFCEEE
:105BD000A2476346F00012478947E3CCE7DA024A5E
:105BE000D6854E85EFF00FAD8247050A930D05036C
:105BF0003307FA40A247A30FBAFFE357F7F6CE8563
:105C0000814629462685EF000063AA89D1BF83D744
:105C1000C500011122CC26CA06CE4AC84EC613F7CB
:105C20008700AA842E8479EFD841634DE000B84103
:105C3000634AE0000145F2406244D2444249B2491D
:105C40000561828058547DD703A9040093963701DB
:105C500023A0040063DE060670488357C400918BBE
:105C600099C75C401D8E5C5899C33C401D8E5C54A6
:105C70000C50814626858297FD570357C400631D4B
:105C8000F5009440F54763E9D706B707402085073C
:105C9000B3D7D700858BADC31C48232204001CC09A
:105CA0009317370163D80700FD576314F5009C4034
:105CB00091E368C84C5823A02401ADDD9307440448
:105CC0006385F5002685EF00303C232A04029DB74A
:105CD0000C500146854626850297FD572A86E31E0D
:105CE000F5F69C40BDDB75476385E7005947639433
:105CF000E70423A024013DBF136707042316E40033
:105D00007D5515BF83A90501E38609F203A90500A6
:105D10008D8B23A0350133093941014791E3D849DF
:105D200018C4E35920F11C540C50CA864E862685AF
:105D300082976349A0008357C40093E707042316A2
:105D4000F4007DBFAA993309A940E1BF9C49A5C3CE
:105D5000011122CC06CE2A8411C51C4D81E72EC626
:105D60003922B245974700009387C7E5639CF50049
:105D70004C408397C5009DC722856244F24005616F
:105D80006FF0FFE8974700009387C7E56394F5003D
:105D90000C44C5B7974700009387C7E0E39BF5FC29
:105DA0004C44C1BFF2406244014505618280014517
:105DB0008280411122C406C62A842316B500231707
:105DC000C5002320050023220500232405002322EB
:105DD000050623280500232A0500232C050021465B
:105DE00081451305C505EFA00EF6971700009387B0
:105DF000E70A5CD0971700009387470D1CD49717CC
:105E00000000938787115CD497170000938747148D
:105E100000D01CD8B2402244410182809705000086
:105E2000938505F399AA411126C21306800693842F
:105E3000F5FFB384C4024AC02E8922C406C69385E6
:105E40004407EF00F02E2A8401CD232005002322F1
:105E50002501310508C4138684068145EFA0AEEE06
:105E60002285B240224492440249410182801C4D65
:105E7000A5E7411106C622C497070000938747FA99
:105E80001CD59387818A9C4323240504232605047B
:105E9000232805046314F50085471CCD2A84352882
:105EA00048C022851D2808C42285052848C44840CA
:105EB00001469145EFF0FFEF08440546A545EFF098
:105EC0005FEF48440946C945EFF0BFEE85471CCC5B
:105ED000B240224441018280828041119387818AAD
:105EE00026C284434AC006C69C4C22C42A8981E744
:105EF0002685EFF0DFF7938484048044DC40FD17AF
:105F000063D607009C40B9CF8440C5BF0317C400C7
:105F100039E7C177850723220406232004002322C2
:105F20000400232404005CC423280400232A040062
:105F3000232C0400214681451305C405EFA0AEE0E3
:105F4000232A0402232C0402232404042326040409
:105F50002285B240224492440249410182801304C6
:105F6000840671BF91454A85EFF0FFEB88C049FD7B
:105F7000B1472320F9000144E1BF797122D44AD00E
:105F800052CC56CA5AC85EC606D626D24ECE2A8AE9
:105F9000AE8A130485040149054BFD5B09ECB25040
:105FA00022544A8592540259F249624AD24A424BDB
:105FB000B24B45618280044483294400FD1963D4B7
:105FC00009000040E1BF83D7C400637BFB008397D7
:105FD000E40063877701A6855285829A3369A90018
:105FE00093848406E1BF938781859C43885309E5A8
:105FF00017A5FE1F130585311305050F8280197142
:10600000A6DAAE848395E500A2DC86DE328463DC0A
:10601000050083D7C40023A0060093F7070885E78F
:10602000930700401DA0300836C6EF00F078B24656
:10603000E34105FE7247BD67F98F7977BA9793B749
:1060400017009CC2F1BF930700041CC0F6506654B1
:10605000D65401450961828083D7C500011122CC45
:1060600006CE26CA4AC8898B2E8489CF930774042A
:106070001CC01CC885475CC8F2406244D2444249F7
:106080000561828074003000AA84EFF05FF7A245BA
:106090002A892685EF00D00901ED8317C40013F784
:1060A000072079FBF19B93E727002316F4007DBFBF
:1060B000970700009387C7D69CD48357C40008C0B5
:1060C00008C893E707082316F400A2475CC8B24744
:1060D00091CF8315E4002685EF00307101C9835705
:1060E000C400F19B93E717002316F4008357C40004
:1060F0003369F9002316240141B793878185AA8566
:1061000088436F00F00293F5F50F2A966314C500DB
:106110000145828083470500E38DB7FE0505FDB785
:1061200063F3A504B386C500637FD5029345F6FFEC
:106130008147FD176393F50082803387F60003489B
:1061400007003387C7002A9723000701DDB733878D
:10615000F500834607003307F50085072300D700C5
:10616000E317F6FE82808147E5BF5C51411122C4EE
:106170004AC006C626C22A842E8989EF4145EFF01F
:10618000DFF748D023220500232405002320050043
:10619000232605004450DC4495C758509317290026
:1061A0005847BA9788431DED8544B394240113865C
:1061B00054000A06854522856D2511CD232225012F
:1061C00004C51DA01306100291452285592D5C506F
:1061D000C8C4DC47F9F30145B24022449244024965
:1061E00041018280184198C3232805002326050019
:1061F000E5B75C51011122CC06CE2A8499EF4145C6
:106200002EC6EFF09FEFB24548D02322050023248D
:106210000500232005002326050091C95450DC41C8
:1062200013972700DC46BA97984398C18CC3F24075
:1062300062440561828079714ECEAA89416522D47B
:1062400026D22E84844906D64AD0D10501487D1530
:106250009C419105050833F7A7003307C702C183A6
:10626000B387C702369793560701698FB69793D6BF
:106270000701C207BA9723AEF5FEE34B98FCA1C213
:106280001C4463C7F4024C404E8536C68505EFF0CA
:10629000DFED10489305C4002A8909060A06310576
:1062A000EFD01FAEA2854E85EFF0BFF4B2464A8410
:1062B000938744008A07A297D4C3850404C8228523
:1062C000B250225492540259F2494561828041777A
:1062D000698FAA87014519E3C2074145370700FFC7
:1062E0007D8F19E32105A207370700F07D8F19E3A1
:1062F00011059207370700C07D8F19E309058A074A
:1063000063C90700139717000505634407001305C9
:10631000000282801C4113F777000DC393F617002B
:10632000014799E613F7270011C785831CC105476C
:106330003A85828089831CC10947DDBF9396070196
:10634000C182014799E2C183414793F6F70F99E271
:106350002107A18393F6F70099E21107918393F641
:10636000370099E20907898393F6170081E6858350
:10637000050799C31CC16DBF1307000255BF41112A
:1063800022C42E84854506C6EFF03FDE40C9B240E8
:106390002244054718C94101828098491C4A7971F5
:1063A00026D206D622D44AD04ECEAE846354F7000D
:1063B000B2842E8683A90401032906019C44CC40A3
:1063C0003384290163D38700850532C6EFF0FFD9F6
:1063D000324613084501131324004293C28763ED2C
:1063E000670293854401939829005106131E2900E2
:1063F000C166AE98329EFD166364C6036356800084
:10640000711383270300F1CB00C9B2502254925478
:106410000259F2494561828023A007009107C1B764
:10642000832F0600B3FFDF00638A0F04428FAE8222
:10643000814403A7020083230F00110FB37ED7000E
:10644000B38EFE03B3F7D30093D303019102BE9E34
:1064500093570701B387F703A69E13D70E01B3FE28
:10646000DE009E97BA9793D40701C207B3E7D7011E
:10647000232EFFFEE3EF12FB23209F008352260012
:10648000638A020483270800C28E2E8F814F032760
:106490000F0083D32E00F58F758F33075702910EAF
:1064A000110F1E977E97931F0701B3E7FF0023AEDE
:1064B000FEFE8357EFFF83AF0E004183B387570281
:1064C000B3FFDF00FE97BA9793DF0701E3611FFD7B
:1064D00023A0FE001106110805B77D1405B70111B0
:1064E00026CA4AC84EC606CE22CC52C4937736007E
:1064F0002A89B284AE8989CFFD17173700001307A8
:10650000677F8A07BA9790438146EFF0DFD2AA8966
:106510008984A5CC8327490291EF4145EFF0FFBD67
:106520002322A9022322050023240500232005009D
:1065300023260500032A490203248A0019E893054B
:1065400010274A85EFF0BFE32324AA002A842320E2
:10655000050093F7140081CFCE8522864A85EFF09F
:10656000DFE32A8ACE854A85EFF0BFC8D2898584C9
:1065700089CC084009E92286A2854A85EFF0FFE12F
:1065800008C0232005002A84E9B7F24062444E8502
:10659000D2444249B249224A05618280797126D2A9
:1065A000AE844ECE83A9040122D4CC41135456406C
:1065B0009C44A2994AD056CA06D652CCAA8A1389BC
:1065C000190063C42709568532C6EFF01FBA324658
:1065D000930745012A8ABE8601479106634A8706CA
:1065E00063530400014494480A04338787008A06F1
:1065F000938744017D8ABE9625C2130800023308A2
:10660000C84081458843110791073315C500C98DDE
:10661000232EB7FE83A5C7FFB3D50501E3E4D7FE5C
:106620000CC399C1138929007D1923282A01568595
:10663000A685EFF01FBCB2502254528592540259E5
:10664000F249624AD24A456182808505860795BF34
:1066500023AE06FE050751B7910703A6C7FF110732
:10666000232EC7FEE3EAD7FEC1B71C499849998F8C
:106670008DE30A075105D105B306E500BA95F11679
:10668000F115904298416308E600FD576363E60008
:1066900085473E858280E364D5FEE5BF011126CAA9
:1066A000AE844EC6B285AA89268522CC06CE4AC8BB
:1066B0003284EFF09FFB05E181454E85EFF0FFAAA4
:1066C00085471CC9232A0500F2406244D24442494E
:1066D000B24905618280054963460500A2870149E8
:1066E0002684BE844C404E85EFF03FA8032304016E
:1066F00083A8040113064401131E230013884401D8
:106700008A08C16E23262501329EC2989306450150
:10671000014FFD1E1842832F08009106B375D70163
:10672000B3F7DF01FA959D8D93DF0F0193570701B2
:10673000B387F74113D70541BA9713DF0741B3F584
:10674000D501C207CD8F110823AEF6FE1106E36313
:1067500018FDC165FD156368C601F1169C4295C719
:106760002328650095B71C429106110633F7B70040
:106770007A9713580741C183C29713DF07416D8F82
:10678000C207D98F23AEF6FEF9B77D13F9B7797139
:1067900022D42E84854526D24AD0B2844ECE52CC05
:1067A0003A8906D6368AEFF05F9C370710009307C8
:1067B000F7FFE58FD18093F4F47FAA89B5E03EC658
:1067C0002DC4280022C4EFF0FFB4A24621CD3247E9
:1067D00093070002898FB317F700D58F3357A700AF
:1067E00023AAF9003AC6324423AC8900333480002E
:1067F000050423A88900B9C49384D4BCAA94930740
:10680000500323209A003385A7402320A900B250CB
:1068100022544E8592540259F249624A456182805F
:10682000D98F71BF23AAD9007DBF6800EFF09FAE5A
:10683000B24713050502054423AAF900854723A89A
:10684000F90055BF931724001305E5BCCE9723200C
:10685000AA00884B1604EFF09FA7098C232089001B
:106860007DB73386C502011122CC06CEB28532C671
:10687000C1202A8409C532468145EF90DECC2285AD
:10688000F240624405618280DDC183A7C5FF4111EA
:1068900022C406C626C21384C5FF63D307003E94F4
:1068A000AA84EF00607E938781AF9C4381EF23220F
:1068B000040023AC81AE2244B240268592444101BB
:1068C0006F00A07C637EF40014403307D40063960D
:1068D000E7009843DC43369718C05CC0D9BFBA873D
:1068E000D84319C3E37DE4FE94433386D700631F86
:1068F00086001040B29694C33386D700E31DC7FAD2
:1069000010435843B29694C3D8C375B76375C40097
:10691000B1479CC04DB71040B306C4006316D70002
:1069200014435843B29614C058C0C0C369B782809C
:10693000011126CA93843500F19806CE22CC4AC8AC
:106940004EC6A104B14763F2F404B14463E1B40458
:106950002A89EF006073938781AF98433A8431E0CE
:106960009387C1AF9C4391E781454A85A12923AE16
:10697000A1AEA6854A85B921FD5963173507B147F0
:106980002320F9004A85112729A0E3D104FCB1474F
:106990001CC10145F2406244D2444249B2490561FA
:1069A00082801C40858F63CE0702AD4663F6F600F9
:1069B0001CC03E9404C031A05C406312870223AC2B
:1069C000F1AE4A85D9251305B400930744006199B7
:1069D0003307F54061D33A94898F1CC065BF5CC30F
:1069E000CDB722874040A5BF130435007198E3035B
:1069F00085FCB305A4404A85F126E31D35FB41B76C
:106A000081E5B2856FF0DFF2011122CC06CE26CAF5
:106A10004AC84EC6328401EEEFF01FE70149F2404A
:106A200062444A85D2444249B24905618280AE84BB
:106A3000AA89A92D2689E37485FEA2854E85EFF0EB
:106A40003FEF2A8969DDA6852286EFD06FB3A68540
:106A50004E85EFF07FE3E1B701114AC803A9850035
:106A600022CC52C45AC006CE26CA4EC656C22E8466
:106A7000328B368A63EE260983D7C50013F70748A1
:106A800051C704408C495848AA8AB389B4408D4400
:106A9000B384E4020947B3C4E402138716004E9797
:106AA00063F3E400BA8493F70740D9C3A6855685FB
:106AB000EFF01FE82A890DE5B14723A0FA008357BC
:106AC000C4007D5593E707042316F400F2406244A6
:106AD000D2444249B249224A924A024B056182801D
:106AE0000C484E86EFD0CFA98357C40093F7F7B771
:106AF00093E707082316F4002328240144C84E997D
:106B0000B38434412320240104C4528963732A01CD
:106B1000528908404A86DA85EFF08FE01C4401452F
:106B2000B38727411CC41C403E992320240179BF10
:106B300026865685EFF0DFEC2A895DFD0C485685E8
:106B4000EFF09FD495BF83D7C500717126D34AD18A
:106B50004ECF06D722D552CD56CB5AC95EC762C595
:106B600066C393F70708AA892E89B284B9C39C49E2
:106B7000A9E39305000436C6EFF09FDB2320A900AC
:106B80002328A900B24615E1B14723A0F9007D559D
:106B9000BA502A549A540A59FA496A4ADA4A4A4B6C
:106BA000BA4B2A4C9A4C4D61828093070004232AE9
:106BB000F90093070002A30CF1029307000302DA25
:106BC000230DF10236CE930B5002973A0000938AC0
:106BD000EAF1054C294B26848347040099C3639D41
:106BE0007709B30C9440638E0C00E6862686CA852E
:106BF0004E85EFF07FE6FD576302F51AD256E69612
:106C000036DA83470400638B0718FD57930414009A
:106C100002D002D63ED202D4A301010682DC83C593
:106C2000040015465685EFF00FCE138414008257EA
:106C300031E513F7070109C713070002A301E106B5
:106C400013F7870009C71307B002A301E10683C643
:106C500004001307A002638BE602B2572684814624
:106C600025460347040093051400130707FD6374CA
:106C7000E6068DC63ED61DA00504B9BF33055541B5
:106C80003315AC00C98F3ED0A28451BF7247930622
:106C90004700184336CE634907023AD6034704003B
:106CA0009307E002631FF704034714009307A00251
:106CB000631BF702F2470904138747009C433ACE4F
:106CC00063C107023ED235A83307E04093E72700AF
:106CD0003AD63ED0E1B7B387670385462E84BA978C
:106CE00049B7FD57C5B7050402D2814681472546FD
:106CF0000347040093051400130707FD6378E606B5
:106D0000F1F2834504000D4617350000130585DEBA
:106D1000EFF06FBF11CD973700009387A7DD1D8D72
:106D200093070004B397A700025505045D8D2AD090
:106D3000834504001946173500001305E5DB93046D
:106D40001400230CB102EFF00FBC35C197D7FFFF41
:106D50009387E75695E70257F2471377071009CF55
:106D600091073ECED257D2973EDAB5B5B3876703C7
:106D700085462E84BA97ADBF9D07E19BA107D5B785
:106D8000780897060000938666CD4A860C104E85DB
:106D9000EFD0AFD2FD572A8AE316F5FC8357C9001E
:106DA0007D5593F70704E39507DE5255D5B3780870
:106DB00097060000938686CA4A860C104E85EFD04F
:106DC000DFACC9BF411122C42A842E859787FF1FDB
:106DD00023A607F206C6EF406FECFD576319F500D6
:106DE0009787FF1F938787F19C4391C31CC0B240D4
:106DF000224441018280FD4763F6B700D9471CC198
:106E00007D5582807C41011122CC06CE2E862A84BB
:106E100091C713972500BA97984319EB228532C67C
:106E20009D28AA85228562443246F24005611DA84C
:106E3000854601456308D700FD566319D700D94739
:106E40001CC00545F2406244056182802E8523A066
:106E5000070002970145FDB793878185AA8588437E
:106E60006FF07FF9411122C42A842E85B28597875D
:106E7000FF1F23A507E806C6592DFD576319F50026
:106E80009787FF1F938787E79C4391C31CC0B2403D
:106E9000224441018280A1AD411122C42E848395F8
:106EA000E50006C6F52A634905007C48AA977CC818
:106EB000B2402244410182808357C4007D777D1710
:106EC000F98F2316F400EDB783D7C500011122CC4A
:106ED00026CA4AC84EC606CE93F70710AA842E8447
:106EE0003289B68991C78395E500894601463522E6
:106EF0008357C4007D777D17F98F2316F40083151F
:106F0000E4006244F240CE864A86B2494249268570
:106F1000D24405613DA8411122C42E848395E50029
:106F200006C6E528FD570357C400631BF500FD772F
:106F3000FD17F98F2316F400B240224441018280EC
:106F40008567D98F2316F40068C8FDB78395E500DF
:106F500025A8411122C42A842E85B28536869787BA
:106F6000FF1F23AD07D806C6EF406FCFFD5763194B
:106F7000F5009787FF1F938767D89C4391C31CC078
:106F8000B240224441018280411122C42A842E85CC
:106F90009787FF1F23A407D606C6152BFD57631935
:106FA000F5009787FF1F938767D59C4391C31CC04B
:106FB000B240224441018280411122C42A842E859C
:106FC000B2859787FF1F23AB07D206C6092BFD5753
:106FD0006319F5009787FF1F938747D29C4391C39E
:106FE0001CC0B240224441018280411122C42A8443
:106FF0002E859787FF1F23A307D006C60923FD57B9
:107000006319F5009787FF1F938747CF9C4391C370
:107010001CC0B240224441018280411122C42A8412
:107020002E85B28536869787FF1F23A907CC06C613
:10703000FD21FD576319F5009787FF1F938707CC44
:107040009C4391C31CC0B24022444101828085E12F
:1070500041116C00014511CA795581CA8347060068
:107060009CC1034506003335A000410182800145E3
:1070700019CA795589CA834706009CC10345060091
:107080003335A000828082808280828083A7C5FF02
:107090001385C7FF63D50700AA959C413E95828062
:1070A000411122C42A842E85B28536869787FF1F18
:1070B00023A607C406C6A529FD576319F5009787BF
:1070C000FF1F9387A7C39C4391C31CC0B2402244B7
:1070D0004101828091CD9307F00F63F7C7009307BA
:1070E000A0081CC17D5582802380C5000545828093
:1070F0000145828013D74501B7071000FD1713D84B
:1071000046011377F77F9308F07F33FEB700AA8E0E
:10711000F58FFD81328F1378F87FFD82630B1701A5
:1071200005436306180163140701630DFE001A8509
:107130008280B368AE000543E39B08FEE319E8FED6
:10714000D18FF5F70543E394EEFF0143E381D5FECC
:10715000054371FF3365AE003333A000C9BF13D7B9
:107160004501B7071000FD1713D846011377F77FC5
:107170009308F07F33F3B7002A8EF58FFD81B28E2E
:107180001378F87FFD8263081703630018030DEB83
:10719000B368A300631408005D8E29CA63850804E0
:1071A0006388D502054595ED8280B3E8C700E3808A
:1071B00008FE795582803365A30065FD630CE80203
:1071C000631408005D8E79DEE39ED5FCE34CE8FC99
:1071D00063480701E3E867FC6303F302637FF3009E
:1071E00081E57D558280F5DE054582800145E39B82
:1071F00008FA82805D8E69DA6DBF01458280E3E323
:10720000CEFB0145E372DEFBE5F1E1BF13D745019B
:10721000B7071000FD171347F7FF13D84601FD8D80
:10722000F58F931657011378F87F99CA1307F07FEB
:1072300001456303E8008280D18F3335F0008280FE
:10724000C98D0545E5D5828093D74501B706100065
:107250001387F6FF93F7F77F1306E03F6D8FFD81ED
:10726000635CF6001306D041635AF60037050080D0
:107270001345F5FF2E958280014582801306304329
:107280001D8E7D48558F635DC80093063041B387DE
:10729000F640B357F7003305F040E5F13E858280B4
:1072A0009387D7BEB317F7003355C500C98FE5B72D
:1072B0000328C500184154410C4521659307F5FF8B
:1072C00013560801139E35007D8E9358D70193D72E
:1072D000D601131308018E064111B3E7C701B3E6C7
:1072E000160113530301131E370093081600791576
:1072F000F5810E033EC436C272C033F5A8001358A0
:10730000F801B3E5650005C97177130707403A96A0
:107310001307E07F635DC7041306F07F01478147D1
:107320003207520631837E08518F336707013E854D
:10733000BA8541018280D58FCD8FB3E7C70105E2C1
:10734000F1CB8147954693D53600139797009396D6
:10735000D701B3E7B60031831376F67FD1B7CDDF1F
:1073600001481306F07F37070800814755BF634681
:10737000C00A9307C0FC634FF60E9307D003338611
:10738000C7409357564037070800D98D13952700FB
:107390000A8781462EC6B308A10011077D8AB3E68D
:1073A000C60163091701032E07001107B3E6C601E2
:1073B000E31B17FF0D471D8F79CA93080101AA9897
:1073C00083A808FF130E0002330ECE40B398C80105
:1073D000B3E6160175CB0A070A95B30EE1008A8859
:1073E0000C41032345009108B3D5C5003313C301F5
:1073F000B3E5650023AEB8FE1105E3931EFF91458A
:10740000B387F540B24508082A97B3D5C5002328AD
:10741000B7FE61A80146014721B7139746001395AF
:1074200047003367C701F182F18392053337E000EB
:10743000C98ECD8FD98E13F7760011C713F7F600DA
:107440009145631CB702370780007D8FE30D07EE7F
:1074500005061307F07FE301E6EC370780FF7D1791
:107460007D8F9317D7018D8226071376F67FD58FF0
:1074700031837DB585468147014613B7C6FF134763
:107480001700BA973707800091067D8FC1B78A85AC
:10749000B388A50083A808009105050623AE15FF53
:1074A000E358C7FE1147B307F7408A078A971808C1
:1074B00023A007009107E39DE7FE0247B336D00003
:1074C0009247D98E014685BF854701472DBF930757
:1074D00080051787FF1F2323F7827D55828093073E
:1074E00080051787FF1F232BF7807D558280930728
:1074F00080051787FF1F2323F7807D558280930720
:1075000080051777FF1F232BF77E014582809307A5
:1075100080051777FF1F2323F77E7D558280930711
:1075200080051777FF1F232BF77C7D5582809307FB
:1075300080051777FF1F2323F77C7D55828001A0EC
:10754000650003020304030504060D00FE09FE0A9C
:10755000FF015F02C404032005006E0721074943B1
:10756000C7210922079B5A476209230E3D464F292E
:107570004906A53228A52401240F4D42573628512B
:10758000926D49940C5A04250D4D424FA474CC8A37
:10759000498B9400260E45424F9644495689A229AC
:1075A00052022706195BC700280BDB3E57122551F4
:1075B000B7280B290CDB3E47166551972889002A0E
:1075C0000A2D5257A5B23445002B0A2D4A57180DE3
:1075D0005218012C079B3E8F52022D060D52C720D8
:1075E0002E089B3E4FB224002F0B4D42672DCC8AB4
:1075F000591802300B4D425796D4BC25B508310BB3
:107600004D42572625614F8300320B4D42CF926980
:1076100061D67110330C4D42C72066B535D4920542
:10762000340F4D425F984949949492410B130035B1
:107630000C4D42C7B1620A432D5900360D4D42CF61
:107640009289E19064B66401370C4D42C7206661AF
:107650001666610D380D4D42CF92D99225B3250B98
:1076600000390D4D42CF92D992210CB564013A0BED
:10767000C33E4FB2E448B224003B0AC33E4FB2E4DB
:107680008852023C084D4267D6B5033D09254AC7DA
:10769000A06383003E094D4247DAAD23003F0C4D05
:1076A00042CF92696156CCA108400D4D42CF9299CC
:1076B0009644492CE910410C4D425796D46CC39026
:1076C000D90242104D42C71055A2244AA64A9444FA
:1076D0008302430B4D42CF9289BD250B0044124DCE
:1076E00042C71055A2244AA2244AA2241A140045D3
:1076F0000B4D42C7B13824617110460B4D42C7B1E2
:107700003824612300470C4D42CF92894D9B962C23
:1077100000480B4D4247E6360C995B004908CB42C6
:10772000C712F5654A0B4D42D716F6124512004BAB
:107730000D4D4247664A4A5A1255322D4C094D4268
:1077400047D88F83004D0D4D4247A62D4BA2249A5A
:107750005B004E0D4D4247364D4AA224D24D0B4F91
:107760000A4D42CF92F92D5900500C4D42C79064FA
:10777000B641091B01510A553ECF92F9A5B20652F6
:107780000D4D42C79064B6412955322D530C4D42E0
:10779000CF9289E91A6AC90254094D42C72085FD72
:1077A0000455094D4247E66FC902560D4D4247E662
:1077B00096949228C9C208570D4D4247E6255112AA
:1077C0002551BA00580E4D4247A625A524AB444981
:1077D0004D0B590C4D4247A625A5240B3B015A0CD5
:1077E0004D42C720666156CCC2415B09DB3EC710E3
:1077F000F5A7015C0B4D4247988669310D035D0981
:10780000DB3EC7D49F86005E081D5A5796D4025FA0
:10781000060D3EC720600612634714610B3542CF48
:107820009A0C9AA42801620C4D4247581C92CC6DC8
:107830005000630A3542CF9289B56401640B4D4212
:1078400067CBA0B9254300650C3542CF920D439814
:10785000250B00660C4D42975409B3210ADB0067E3
:107860000C453ACF92D99221D49205680A4D4247ED
:10787000D862D2DC026908C3424F2875196A0B54DA
:107880003A5FACB54952A2006B0D4D4247D8949473
:10789000B424AA64016C08CB4287D42F036D0D3544
:1078A0004287D2A2244AA2245A006E093542476276
:1078B000D2DC026F0A3542CF92B9250B00700C451D
:1078C0003AC79064B641098B00710A453ACFA0D9F6
:1078D00092216C720935424762121B01730C3542CA
:1078E000CF92256A92250B00740C45424F980D519A
:1078F000D81429007509354247E6495102760B35FF
:107900004247664B4A491601770B35424766499410
:1079100044E902780B35424796D4C22CA905790C6C
:10792000453A47E6A428A1962C007A093542C7A01B
:10793000751C047B0B5D3E9F1436A961AB007C0671
:107940004943C7037D0B5D3E871AB64A6193067EA5
:10795000091D5A4FA4245202000000080464055B6C
:10796000FFFF04000E55424F9A0F63382461380818
:1079700004010F55424F298987311C92301C0404A1
:1079800002135D3AC72085A19644499444499484E2
:10799000590204030C5542579623C3267604040467
:1079A0000D4D42D79285E19084693A04050D4D4210
:1079B000CF9289E91A6AC902040609CB42C712F5B7
:1079C0006504070D55424F29890729EC340804083E
:1079D0000C4D42D716F6124512000409124D428F83
:1079E00094444994448952511225B100040A134D1C
:1079F00042471225511225D190549444492C000439
:107A00000B114D42C72085A19644499444499404E2
:107A1000040C0F5D425F293325252D892A99160410
:107A20000D0D55424F9A67D22599262D040E0E55FD
:107A3000424796CC992D19C2CA02040F0C5D3A47F1
:107A4000E66FC314460004100D4D425796D46CC324
:107A500090D90204110E4D42C79084C521C96C8390
:107A60000204120E4D42C79064B641C96C830204F1
:107A7000130A4D42C74DEC2300041413553E97944E
:107A800044499444499444499424C31604150C4D24
:107A900042C7B138246171100416114D4247922833
:107AA0008952D9B2A5A2244A0104170D4D42CF92A2
:107AB000852535D4920504180E4D424766BA244AEE
:107AC000324D5A0004190E55424796CC997449A676
:107AD000490B041A0E4D4247664A4A5A1255322D36
:107AE000041B114D42D7122551122551122591A682
:107AF00005041C0E4D4247B60CC9922889E61604AF
:107B00001D0C4D4247E6360C995B00041E0B4D429E
:107B1000CF92F92D5900041F094D42C7CDDF020451
:107B2000200D4D42C790646E8312160104210C4D46
:107B300042CF9289BD250B0004220A4D42C7208501
:107B4000FD0404230D4D4247E62D19422D59000432
:107B500024104D4257B65494444994CA1646000422
:107B6000250F4D4247A625A524AB44494D0B0426BD
:107B7000145D3A479444499444499444499444C90F
:107B8000201604270B4D4247E6960C610704281384
:107B90004D42479228899228899228899228C93093
:107BA0000429145D3A47922889922889922889925B
:107BB00028C93016042A0E4D4287D83855A2244AC7
:107BC0001600042B0C4D4247661B12E98312042C4D
:107BD0000D4D4247D83824996D5000042D0D4D426B
:107BE000C75A4C86B0964C00042E134D424794540D
:107BF000944449864449944449A404042F0E4D42B8
:107C0000CFA0D992214A4A9A1604300C3542CF9A15
:107C10000C9AA4280104310E4D4267B2844392B9F4
:107C2000250B0004320D3542C790648392698302AC
:107C30000433093542C74D6C0404340F3D3E97941C
:107C40004449944449326C0104350D3542CF920DBC
:107C50004398250B0004360D35424792289569A9B3
:107C6000280504370C3542CF9245AA962C000438DB
:107C70000B354247665A92490B04390D4D424796DF
:107C8000CC996949262D043A0C35424726255325BF
:107C9000D302043B0D3542D712255112259116040B
:107CA0003C0D354247B62C8992685A00043D0B358D
:107CB0004247A60D43660B043E0B3542CF92B925D1
:107CC0000B00043F093542C7CD5B0004400D453A27
:107CD000C79064B641098B0004410B3542CF9289AD
:107CE000B5640104420A3542C7A514360104430DA8
:107CF000453A47E6A428A1962C00044411553A576A
:107D0000982D15255112A5B285110004450B354259
:107D10004796D42A352D044610453A479444499451
:107D20004449940C620104470B354247664B86B0C8
:107D30000004480F354247922889922889920C0303
:107D4000044910453A47922889922889920C630188
:107D5000044A0C354287184E95285900044B0C35BF
:107D60004247A60D89745002044C0D354247180E47
:107D700049A60D0A00044D0C3542C79046633828C9
:107D800000044E0F354247945494644894444A008A
:107D9000044F0D3542CFA069C990445A0004500FDA
:107DA0004D424F9A234B360C61962C0004510F4DD7
:107DB000424F29C9976C18C22C59000452135D3ADE
:107DC0004FB68549A4949228899228CC1200045376
:107DD0000C4D42579623C326360204540B3542CF2E
:107DE000204E613A0404550D3542CF92256A922502
:107DF0000B00045609C3424F28751904570C4D4215
:107E00004F29C9C54E830004580C543A5FACB5499C
:107E100052A20004590E35428F9444895251120BDC
:107E200000045A0E3542471225D1905494C40204DE
:107E30005B104D424FB68549A4949228899228043C
:107E40005C0E4D4257962399944C954C0B045D0D56
:107E50004D424F9A67A62599B400045E0F5D3A47DC
:107E600096CC9993A2845AB200045F0B453A47E638
:107E70006D98C20804600E4D424F9B4BA2244AA24B
:107E8000740104610C35424F9B922889D20504622B
:107E9000104D424F3644613855A2244A16000463FF
:107EA0000D45424F986DE1548992050464124D428C
:107EB00047B444499444C312255112450204650D48
:107EC000354247B444C3122551240466114D42572C
:107ED000982551122535255112A50004670D35420C
:107EE000579644494D4994020468124D42479444C0
:107EF000499424C365488664480604690E354247A0
:107F00009444C9B00CC9900C046A104D42C72D2985
:107F100025D152511225510A046B0D3542C7A09448
:107F20009268A92805046C114E4247B2F42F43947D
:107F30002C4AB2244B01046D0E35424732248994F9
:107F40000CCB900C046E10653A4F14E94B16466A40
:107F5000982CE902046F105D3A4F14E94B16A961A1
:107F6000B2A40B000470114D4247922889922889CF
:107F700052D9C21200047110453A479228899228BA
:107F80008952D9C20804720E4D42CF92D98621B3CC
:107F9000250B0004730CB4428F120D939428000437
:107FA00074114D42473425511255A2244AB2300271
:107FB00004750D354247342551254AB2080476111F
:107FC00056424794457934446D499684690604774E
:107FD0000F4D4247D41A4D495489922C020478150A
:107FE0005D3A4F964449940CC9900CC9902C8998DD
:107FF0002500047910453A4F72488664489644CC6F
:108000001200047A0D5D3E57B654345F2A5B0404B7
:108010007B0D453E57B654344B658B00047C125D96
:10802000428F14293AD2A6244AA2244A1700047D7A
:108030001055428F14293AD2A6244AA27401047E14
:10804000105542C7A59CD49444499444E902047F46
:108050000F4D42C7A59CD4944449942E0004800C33
:108060005D3ACF9219BB8E150004810B3D3ECF9235
:1080700089E9580104820D354A5792258954C992DD
:10808000080483091E62EF30A8000484081662CF3A
:1080900094090485081562CF22050486081562CF6D
:1080A00012090488106E3A4F98E46192730B933C66
:1080B0004C0204890E6E3A4F184EA9CE2D0CA754CF
:1080C000048A10653A4796CC997449A6492B260034
:1080D000048B0F5D3A4796CC99694926AD98000408
:1080E0008C0F4D424F986DE1548992285900048DB0
:1080F0000D3D424FB68553254A1600048E0E4D4263
:10810000C790642EC9A0646208048F0E453AC790D8
:108110006496645032310404900A5542E73084FD7D
:108120000804910A3D42E730841D0104920E4D423D
:10813000CF904449986D611B0004930C3542CF9059
:10814000444316D60004940C553EC7B13824995BBD
:108150000504950B3D3EC77148325B0504960E5EE3
:108160003A47D29FC6704AFA452D04970D463A47C2
:10817000D2D336255DD40204980E5D3ACF92852580
:1081800035D492AD0604990D453ACF9245AA966C26
:108190003500049A125D3A479444492989B424AAC7
:1081A00044492416049B0E453A479494B424AA44A7
:1081B0006201049C104D4247A62496D294448952F1
:1081C000D102049D0D3542479258A644A968010486
:1081D0009E0F4D424F34244D9A2D892A5100049F01
:1081E0000F4D424F986D5152D292A8120504A00F24
:1081F0004D428794444949B32551250A04A10D35C0
:1082000042879494B424AA440104A2145D3A47948A
:1082100044499444C9904449944449241604A31001
:10822000453A479444C99044499444620104A413D4
:108230004D42473224511225D19444499444490473
:1082400004A50F3542473224D19444499444000494
:10825000A6145D3AC7944449944489525112255159
:108260008A590204A710453AC7944489525112A56D
:1082700098250004A810553ECF928951525112A55D
:10828000B2A50204A90C3D3ECF124649CB960A0482
:10829000AA0D5D3ACF9289BD255B9A0004AB0D45CE
:1082A0003ACF9289B5644B130004AC0C5D3AC720F9
:1082B000857D142B0004AD0C453AC7A51416C50ADC
:1082C0000004AE0D4D4247A625A5240B3B0104AF8B
:1082D0000D453A47A625A5240B9B0004B00F4D423F
:1082E00047A625A5248B06292C0104B10F453A4742
:1082F000A625A5248B06298C0004B2135E3A479666
:108300006451922561254BA22CC9D40204B30E46B8
:108310003A4716256125CA924C2D04B4145D3AC71C
:10832000524AA2244AA2244AA2244A86B00004B592
:108330000F453AC7524AA2244AA264080B04B61158
:108340005D3A47944449944449148D45B10004B7BB
:108350000D453A47944449148DA15804B80F4D4235
:1083600047E6922895214AA2240C04B90C354247CD
:1083700066A90C51120604BA0C4D4247581C92CC07
:108380005B0004BB0B4C4247D6B6444E0104BC0F05
:108390004D42975489926858C252A40004BD0D35CD
:1083A0004297140D4B18450A0004BE115D3A9754CC
:1083B00089926858C252A4A5090004BF0E453A9795
:1083C000140D4B18455A9A0004C009CB42C712F548
:1083D0006504C1125D424796CC49A2244A655A2AD7
:1083E0004AA21404C20F4D424796CC49A254A6A5F6
:1083F000A21404C3115D3A47664A4A5A1255322DF7
:108400008C140004C40E453A4726255325D3C24890
:108410000104C5135D3AD712255112255112259139
:10842000A615130004C60F453AD7122551122591FF
:10843000564C0004C70E5D3A47E6360C995B182986
:108440000004C80D453A47A60D43660B230504C931
:108450000D5D3A47E6360C995B310104CA0D453A89
:1084600047A60D43662B260004CB0E5D3A47E62D4A
:1084700019C29A16260004CC0D453A47664B863041
:10848000D3C20404CD105D3A47B60CC9922889E6E0
:10849000564C0004CE0E453A47B62C8992685A31A4
:1084A0000104D01055424796EC4896D4B461C8B444
:1084B0000004D10E4D424796EC6B326892A2040440
:1084C000D21055424F29C9912CA969C39069010462
:1084D000D30E4D424F29C9D764D024450904D41284
:1084E0004D424FB244499444893225511225030428
:1084F000D50C3542CF96244B29E90204D60F5542BC
:108500004796CCC3180E49180E0204D70F4D4247A8
:1085100096EC4B360C61962C0004D80E4D42CF924F
:1085200085E13064B6640104D90D3542CF9285C32C
:1085300090250B0004DA1055424F29C9972C1C8650
:108540004C4B160004DB0F4D424F29C9972C1C865B
:108550002C590004DC1055424F29899344A96CD949
:1085600052510A04DD0F4D424F29899344A94C4BC7
:10857000452904DE0F55424F29C9972C8C542D599B
:108580000004DF0E4D424F29C9972C52B5640104F7
:10859000E00D4D42C72066B535D4920504E10D4586
:1085A0003AC7A0D5D6504B160004E20D4D42C7A0E5
:1085B00066D22599262D04E30D4542C7A066A6255F
:1085C00099B40004E40E55424F298933E9924C9343
:1085D0001604E50E4D424F298933D3924C5A0004BC
:1085E000E60D55424F29C997CC5BB20004E70D4D0B
:1085F000424F29C997CC2D590004E80F4D42CF9224
:108600006943A20C992D590004E90D3542CF920D12
:10861000893264C90204EA1055424F29C9976C484F
:108620009421D3920504EB104D424F29C9976C4811
:1086300094214B160004EC0E55424F2989D7CA10DD
:1086400066C90404ED0E4D424F298987341AC3418F
:108650000104EE0E4D42C7A066264509B56401042B
:10866000EF0E553AC7A0664E8A126AC90204F00F8F
:1086700055424F29893393A2845AB20004F10F5D09
:108680003A4F298933274509B5640104F20F554251
:108690004F24C5994951422D590004F30F5D3A4FBB
:1086A00024C59993A2845AB20004F40D55424F296F
:1086B00089335B32840D04F50D4D424F2989335BBC
:1086C00032840504F80E55424F2989336D48A407BA
:1086D0002504F90E4D424F2989336D48A4831205B4
:1086E000000C4D4267CBA0B925430005010BCC42DD
:1086F0005FCB103925030502104D4257589392283D
:10870000499444A92C0005030E4D4257D826255103
:108710009228950505040E4D424F96846D51254AC9
:10872000B20405050C3542871A6651254B00050633
:108730000C5D3A8F546C52C36A1805070C453AC752
:108740001A466A9886010508134D428F944449944D
:10875000444994244AA224520205090F35428F94B9
:10876000444994244A222500050A134D4247122504
:10877000511225D194244AA2245202050B0F3542EE
:10878000471225D194244A222500050C0D4D42CFD5
:1087900092894D9B962C00050D0C3542CF9289D1C4
:1087A000962C00050E0E4D42C720855DA2244AB2CC
:1087B00004050F0D3542C720859528C91200000019
:1087C000080F0000860F0000120F0000A211000029
:1087D00088110000881100009A110000A211000009
:1087E000A21100000001641401060C4B00093D00B9
:1087F0000004C8FA100800008000400047494E54A9
:108800005F535441545F554E52454143480D00005B
:1088100047494E545F535441545F49505F434F4E54
:10882000464C490D00000000504859204C696E6BC1
:1088300020537563636573730D00000000C18140B0
:1088400001C0804101C0804100C1814001C0804120
:1088500000C1814000C1814001C0804101C0804110
:1088600000C1814000C1814001C0804100C1814000
:1088700001C0804101C0804100C1814001C08041F0
:1088800000C1814000C1814001C0804100C18140E0
:1088900001C0804101C0804100C1814000C18140D0
:1088A00001C0804101C0804100C1814001C08041C0
:1088B00000C1814000C1814001C0804101C08041B0
:1088C00000C1814000C1814001C0804100C18140A0
:1088D00001C0804101C0804100C1814000C1814090
:1088E00001C0804101C0804100C1814001C0804180
:1088F00000C1814000C1814001C0804100C1814070
:1089000001C0804101C0804100C1814001C080415F
:1089100000C1814000C1814001C0804101C080414F
:1089200000C1814000C1814001C0804100C181403F
:1089300001C0804101C0804100C1814000C0C1012F
:10894000C30302C2C60607C705C5C404CC0C0DCDBF
:108950000FCFCE0E0ACACB0BC90908C8D81819D92F
:108960001BDBDA1A1EDEDF1FDD1D1CDC14D4D5155F
:10897000D71716D6D21213D311D1D010F03031F14F
:1089800033F3F23236F6F737F53534F43CFCFD3D7F
:10899000FF3F3EFEFA3A3BFB39F9F83828E8E9296F
:1089A000EB2B2AEAEE2E2FEF2DEDEC2CE42425E51F
:1089B00027E7E62622E2E323E12120E0A06061A18F
:1089C00063A3A26266A6A767A56564A46CACAD6D3F
:1089D000AF6F6EAEAA6A6BAB69A9A86878B8B979AF
:1089E000BB7B7ABABE7E7FBF7DBDBC7CB47475B5DF
:1089F00077B7B67672B2B373B17170B050909151CF
:108A00009353529296565797559594549C5C5D9DFE
:108A10005F9F9E5E5A9A9B5B9959589888484989EE
:108A20004B8B8A4A4E8E8F4F8D4D4C8C448485459E
:108A3000874746868242438341818040654D42524A
:108A4000545552656365697665000000784D425261
:108A500054555265636569766546534D00000000C4
:108A6000784D425254555472616E736D6974465319
:108A70004D000000784D4252545554696D65725452
:108A80003335457870697265640000007573526310
:108A900076427566666572506F73203C204D425F6A
:108AA0005345525F5044555F53495A455F4D4158B5
:108AB000000000002E2E2F6D6F646275732F72748C
:108AC000752F6D627274752E6300000065536E64BD
:108AD0005374617465203D3D2053544154455F54A7
:108AE000585F49444C450000282065526376537412
:108AF000617465203D3D2053544154455F52585F99
:108B0000494E49542029207C7C20282065526376D8
:108B10005374617465203D3D2053544154455F5268
:108B2000585F5243562029207C7C202820655263C0
:108B3000765374617465203D3D2053544154455F24
:108B400052585F4552524F522029000065526376B9
:108B50005374617465203D3D2053544154455F5228
:108B6000585F49444C450000784D425574696C5338
:108B7000657442697473000075634E4269747320B2
:108B80003C3D2038000000002E2E2F6D6F64627572
:108B9000732F66756E6374696F6E732F6D62757473
:108BA000696C732E63000000504F5254207374613F
:108BB000727420696E69740D00000000504F5254A9
:108BC0002044495341424C450D000000504F52543F
:108BD000206E6F7420697469740D0000000000003D
:108BE0000000000000009643C520903F000016449E
:108BF000D57811400000614448E15A400000964495
:108C0000DD2492400080BB4417D9B6400000E14407
:108C10003333DB40004003450000004100001645AF
:108C2000713D124100C02845D7A324410000000037
:108C3000B4D934E70C684A3F6666666666661A40D1
:108C4000486172644661756C745F48616E646C65FE
:108C5000720D00006D65706320203A253038780D64
:108C60000A0000006D63617573653A253038780D30
:108C70000A00000020202020203A253038780D0AF4
:108C800000000000CDCC8C3F00000040CDCCCC3D9E
:108C90000000803F68916D3D0000C04023DBF93E3D
:108CA000000030410681B53F00008041A2453640BA
:108CB0000000A8414C3799400000D041F0A7E640A1
:108CC0000000F8413F35224100001042871659410B
:108CD00000002442E7FB8B41000038428B6CAF411F
:108CE00000004C422FDDD64100006042E9260142DF
:108CF000000074423BDF1842000084428D973242EC
:108D000000008E42DF4F4E42000098420000A24217
:108D100042E085420000AC426ABC96420000B64286
:108D20009398A8420000C042BC74BB4245455052D3
:108D30004F4D77746979650D000000008C2F00009D
:108D4000A02F0000A62F0000AA2F0000AE2F0000C9
:108D5000B22F000053797374656D2073746172745F
:108D60002025690D0A00000002360000FC350000D5
:108D700002360000FC35000002360000FC35000021
:108D800002360000FC35000002360000FC35000011
:108D900002360000FC35000002360000FC35000001
:108DA00002360000FC35000002360000FC350000F1
:108DB00002360000FC35000002360000FC350000E1
:108DC00002360000FC35000002360000FC350000D1
:108DD00002360000FC35000002360000FC350000C1
:108DE00002360000FC35000002360000FC350000B1
:108DF00002360000FC35000002360000FC350000A1
:108E000002360000FC35000002360000FC35000090
:108E100002360000FC35000002360000FC35000080
:108E200002360000FC35000002360000FC35000070
:108E300002360000FC35000002360000FC35000060
:108E400002360000FC35000002360000FC35000050
:108E500002360000FC35000002360000FC35000040
:108E600002360000FC35000002360000FC35000030
:108E700002360000FC35000002360000FC35000020
:108E800002360000FC35000002360000FC35000010
:108E900002360000FC35000002360000FC35000000
:108EA00002360000FC350000E2350000FC35000011
:108EB000E2350000FC350000E2350000FC35000022
:108EC0001E360000FC35000048360000FC3500006E
:108ED00072360000FC3500009C3600001D001D00AD
:108EE0002100210025002500290029002D002D004A
:108EF0003100310035003500390039003D003D00BA
:108F00004100410045004500490049004D004D0029
:108F10005100510055005500590059005D005D0099
:108F20006100610065006500690069006D006D0009
:108F30007100710075007500790079007D007D0079
:108F40008100810085008500890089008D008D00E9
:108F50009100910095009500990099009D009D0059
:108F6000A100A100A500A500A900A900AD00AD00C9
:108F7000B100B100B500B500B900B90000000000B3
:108F8000010001000200020015001500190019007F
:108F90000D000D001100110000007A443333C74169
:108FA0000000A0400000C842363E0000323E0000F3
:108FB0002E3E00002A3E0000EC3D00005A3F00001B
:108FC000943E0000B23E0000A23E0000A83E000019
:108FD000DA3E0000FC3E0000040000000700000034
:108FE000080000000200000017B7D1386F12833A62
:108FF0000AD7233CCDCCCC3D0000803F000020416F
:109000000000C84200007A4400401C460AD71F41B5
:109010007DFFC7422530322E326620D092000000FC
:109020002530322E326600002530372E33660000A0
:10903000206B657920646F776E0D000000000C00D6
:1090400001000000F89501002E000000000019004A
:1090500001000000149601002D0000000000250012
:1090600001000000309601002F00000001003200D6
:1090700001000000449601003000000000020C00D6
:1090800002000000BC930100210000000002190052
:1090900002000000CC930100220000000002320018
:1090A00002000000DC9301002300000001023E00EA
:1090B00002000000EC9301002400000000020C00FC
:1090C000020000007C93010025000000000219004E
:1090D000020000008C930100260000000002320014
:1090E000020000009C9301002700000001023E00E6
:1090F00002000000AC9301002800000000020C00F8
:10910000020000003C930100290000000002190049
:10911000020000004C9301002A000000000232000F
:10912000020000005C9301002B00000001023E00E1
:10913000020000006C9301002C00000000020C00F3
:1091400002000000BC9501000200000000021900AE
:1091500002000000CC950100030000000002320074
:1091600002000000DC9501000100000001023E0049
:1091700002000000EC9501000400000000020C0059
:10918000020000007C9501000500000000021900AB
:10919000020000008C950100060000000002320071
:1091A000020000009C9501000700000001023E0043
:1091B00002000000AC9501000800000000020C0055
:1091C000020000003C9501000900000000021900A7
:1091D000020000004C9501000A000000000232006D
:1091E000020000005C9501000B00000001023E003F
:1091F000020000006C9501000C00000000020C0051
:1092000002000000FC9401000D00000000021900A3
:10921000020000000C9501000E0000000002320068
:10922000020000001C9501000F00000001023E003A
:10923000020000002C9501001000000000020C004C
:1092400002000000BC94010011000000000219009F
:1092500002000000CC940100120000000002320065
:1092600002000000DC9401001300000001023E0037
:1092700002000000EC9401001400000000020C0049
:10928000020000007C94010015000000000219009B
:10929000020000008C940100160000000002320061
:1092A000020000009C9401001700000001023E0033
:1092B00002000000AC9401001800000000020C0045
:1092C000020000003C940100190000000002190097
:1092D000020000004C9401001A000000000232005D
:1092E000020000005C9401001B00000001023E002F
:1092F000020000006C9401001C00000000020C0041
:1093000002000000FC9301001D0000000002190093
:10931000020000000C9401001E0000000002320058
:10932000020000001C9401001F00000001023E002A
:10933000020000002C94010020000000D0A2D0BE4A
:10934000D187D0BAD0B0203139207800D0A2D0BE99
:10935000D187D0BAD0B0203139207900D0A2D0BE88
:10936000D187D0BAD0B0203230207800D0A2D0BE81
:10937000D187D0BAD0B0203230207900D0A2D0BE70
:10938000D187D0BAD0B0203137207800D0A2D0BE5B
:10939000D187D0BAD0B0203137207900D0A2D0BE4A
:1093A000D187D0BAD0B0203138207800D0A2D0BE3A
:1093B000D187D0BAD0B0203138207900D0A2D0BE29
:1093C000D187D0BAD0B0203135207800D0A2D0BE1D
:1093D000D187D0BAD0B0203135207900D0A2D0BE0C
:1093E000D187D0BAD0B0203136207800D0A2D0BEFC
:1093F000D187D0BAD0B0203136207900D0A2D0BEEB
:10940000D187D0BAD0B0203133207800D0A2D0BEDE
:10941000D187D0BAD0B0203133207900D0A2D0BECD
:10942000D187D0BAD0B0203134207800D0A2D0BEBD
:10943000D187D0BAD0B0203134207900D0A2D0BEAC
:10944000D187D0BAD0B0203131207800D0A2D0BEA0
:10945000D187D0BAD0B0203131207900D0A2D0BE8F
:10946000D187D0BAD0B0203132207800D0A2D0BE7F
:10947000D187D0BAD0B0203132207900D0A2D0BE6E
:10948000D187D0BAD0B0203920780000D0A2D0BE89
:10949000D187D0BAD0B0203920790000D0A2D0BE78
:1094A000D187D0BAD0B0203130207800D0A2D0BE41
:1094B000D187D0BAD0B0203130207900D0A2D0BE30
:1094C000D187D0BAD0B0203720780000D0A2D0BE4B
:1094D000D187D0BAD0B0203720790000D0A2D0BE3A
:1094E000D187D0BAD0B0203820780000D0A2D0BE2A
:1094F000D187D0BAD0B0203820790000D0A2D0BE19
:10950000D187D0BAD0B0203520780000D0A2D0BE0C
:10951000D187D0BAD0B0203520790000D0A2D0BEFB
:10952000D187D0BAD0B0203620780000D0A2D0BEEB
:10953000D187D0BAD0B0203620790000D0A2D0BEDA
:10954000D187D0BAD0B0203320780000D0A2D0BECE
:10955000D187D0BAD0B0203320790000D0A2D0BEBD
:10956000D187D0BAD0B0203420780000D0A2D0BEAD
:10957000D187D0BAD0B0203420790000D0A2D0BE9C
:10958000D187D0BAD0B0203120780000D0A2D0BE90
:10959000D187D0BAD0B0203120790000D0A2D0BE7F
:1095A000D187D0BAD0B0203220780000D0A2D0BE6F
:1095B000D187D0BAD0B0203220790000D092D0B577
:1095C000D180D18520D092D0A5310000D09DD0B8D7
:1095D000D0B720D092D0A53100000000D092D0B5F5
:1095E000D180D18520D0925832000000D09DD0B8D3
:1095F000D0B720D092583200D09FD0B5D0B4D0B0E0
:10960000D0BBD18C20D0BAD0B0D0BDD0B0D0BB2090
:1096100031000000D09FD0B5D0B4D0B0D0BBD18C39
:1096200020D0BAD0B0D0BDD0B0D0BB203200000026
:1096300045425520D0BAD0B0D0BDD0B0D0BB20313B
:109640000000000045425520D0BAD0B0D0BDD0B007
:10965000D0BB203200000000000000000000594094
:109660000000000000FEAF40D0A1D0B0D0B9D0B40F
:10967000D0B5D1802045D091D0A320D0BAD180D10F
:1096800083D182D0B8D182D18C000000D092D0B5E5
:10969000D180D181D0B8D18F20D09FD09E202530CD
:1096A00032692E253032692E2530326900000000E3
:1096B00053657269616C00004C43440041444300AF
:1096C0004D50544350000000757365720000000057
:1096D0004B4559424F4152440000000044656654D6
:1096E00061736B0000000000666666666666144083
:1096F0006666064000000000010001000200000054
:10970000040004001C002000B40024001400200009
:1097100010000006737461727420776963683132D7
:109720000D000000B46D0000BE6D0000EA6D000089
:10973000246E0000286E0000346E0000E46D00000E
:10974000D86D0000026E0000CC6D00000008000023
:1097500000001000000010000000100000001000C9
:1097600000001000000010000020000000000800B1
:10977000002C0140000000400004004000080040B0
:10978000000C004000100040001400400034014074
:10979000004C01402E2E2F4672656552544F532FB8
:1097A000706F727461626C652F4D656D4D616E678F
:1097B0002F686561705F342E63000000657272204F
:1097C0006174206C696E65202564206F662066696F
:1097D0006C6520222573222E200D0A200000000037
:1097E0002E2E2F4672656552544F532F706F727430
:1097F00061626C652F4743432F524953432D562FC7
:10980000706F72742E6300002E2E2F4672656552A3
:10981000544F532F6576656E745F67726F75707302
:109820002E6300002E2E2F4672656552544F532F23
:1098300071756575652E630042AD000038AD00009E
:1098400058AD00006AAD000064AD0000F0AE00004D
:10985000E6AE000004AF000016AF000010AF00003D
:109860002E2E2F4672656552544F532F7461736BC1
:10987000732E630049444C450000000038B20000DC
:1098800038B200007CB2000088B20000CCB2000008
:1098900038B2000038B200007CB2000088B200008C
:1098A000546D7251000000002E2E2F4672656552D5
:1098B000544F532F74696D6572732E63000000005E
:1098C000546D72205376630000111213141516178D
:1098D00018191A1B1C1D1E1F26F100006CF1000038
:1098E00086F1000096F1000096F1000082F1000080
:1098F00082F10000A4F1000001020304050607073D
:109900000707070707000000A2050100B0060100D5
:109910009C070100A40701004A0801009C07010000
:1099200090080100CC080100F88FFFFF7C8EFFFF3C
:109930008C8FFFFF948FFFFF8C8FFFFFAC8EFFFF9C
:109940008C8FFFFF948FFFFF7C8EFFFF7C8EFFFFCD
:10995000AC8EFFFF948FFFFFEE8FFFFFEE8FFFFFB8
:10996000EE8FFFFFAC8EFFFFF095FFFFE294FFFF4D
:10997000E294FFFFE094FFFFE894FFFFE894FFFF0D
:10998000AE94FFFFE094FFFFE894FFFFAE94FFFF6B
:10999000E894FFFFE094FFFFDC95FFFFDC95FFFFFD
:1099A000DC95FFFFAE94FFFF0001020203030303F7
:1099B000040404040404040405050505050505055F
:1099C000050505050505050506060606060606063F
:1099D0000606060606060606060606060606060627
:1099E000060606060606060607070707070707070F
:1099F00007070707070707070707070707070707F7
:109A000007070707070707070707070707070707E6
:109A100007070707070707070707070707070707D6
:109A200007070707070707070808080808080808BE
:109A300008080808080808080808080808080808A6
:109A40000808080808080808080808080808080896
:109A50000808080808080808080808080808080886
:109A60000808080808080808080808080808080876
:109A70000808080808080808080808080808080866
:109A80000808080808080808080808080808080856
:109A90000808080808080808080808080808080846
:109AA00008080808080808082C2066756E637469A1
:109AB0006F6E3A2000000000617373657274696F05
:109AC0006E2022257322206661696C65643A2066E7
:109AD000696C6520222573222C206C696E65202517
:109AE00064257325730A0000232D302B200000000D
:109AF000686C4C0065666745464700000000000042
:109B0000FFFFFFFFFFFFEF7F494E4600696E6600D3
:109B10004E414E006E616E00300000003031323335
:109B20003435363738394142434445460000000059
:109B300030313233343536373839616263646566C3
:109B40000000000000000000000000000000F83FDE
:109B500061436F63A787D23FB3C8608B288AC63F33
:109B6000FB799F501344D33F000000000000F03FFA
:109B700000000000000024400000000000001C4025
:109B80000000000000001440000000000000E03F62
:109B9000496E66696E697479000000004E614E007E
:109BA00000000000000000000000000000000000B5
:109BB00000000000000000000000000000000000A5
:109BC0000000000000000000000000000000000095
:109BD0000000000000000000000000000000000085
:109BE0000000000000000000000000000000000075
:109BF0000000000000000000000000000000000065
:109C00000080E03779C34143176E05B5B5B8934678
:109C1000F5F93FE9034F384D321D30F94877825A44
:109C20003CBF737FDD4F1575000000000000F03F62
:109C30000000000000002440000000000000594027
:109C40000000000000408F40000000000088C3407A
:109C500000000000006AF8400000000080842E41EF
:109C600000000000D01263410000000084D797413B
:109C70000000000065CDCD41000000205FA0024241
:109C8000000000E876483742000000A2941A6D42B6
:109C9000000040E59C30A2420000901EC4BCD642A9
:109CA00000003426F56B0C430080E03779C3414354
:109CB00000A0D8855734764300C84E676DC1AB43CA
:109CC000003D9160E458E143408CB5781DAF1544E8
:109CD00050EFE2D6E41A4B4492D54D06CFF08044C3
:109CE000F64AE1C7022DB544B49DD9794378EA44D8
:109CF00005000000190000007D0000004300000086
:109D0000504F5349580000002E0000000020202032
:109D1000202020202020282828282820202020201B
:109D200020202020202020202020202020881010EB
:109D30001010101010101010101010101004040447
:109D40000404040404040410101010101010414105
:109D500041414141010101010101010101010101F3
:109D60000101010101010101101010101010424207
:109D700042424242020202020202020202020202C3
:109D80000202020202020202101010102000000063
:109D900000000000000000000000000000000000C3
:109DA00000000000000000000000000000000000B3
:109DB00000000000000000000000000000000000A3
:109DC0000000000000000000000000000000000093
:109DD0000000000000000000000000000000000083
:109DE0000000000000000000000000000000000073
:109DF0000000000000000000000000000000000063
:109E00000000000000000000000000000000000052
:109E1000110000000C23000004000000822200005A
:109E20000300000016210000100000009C2000002C
:109E3000060000005A2000001700000092210000D8
:109E400001000000341E000005000000CE1E0000CE
:109E50000F0000003A1F000002000000C21F0000B7
:109E600000000000000000000000000000000000F2
:109E700000000000000000000000000000000000E2
:109E800000000000000000000000000000000000D2
:109E90001D0025002D0035003D0045004D005500FA
:109EA0005D0065006D0075007D0085008D009500EA
:109EB0009D00A500AD00B50021002900310039004A
:109EC00041004900510059006100690071007900AA
:109ED0008100890091009900A100A900B100B9009A
:109EE00000001100190015000D001D0021002500C3
:109EF00029002D003100350039003D0041004500AA
:109F000049004D005100550059005D006100650099
:109F100069006D007100750079007D008100850089
:109F200089008D009100950099009D00A100A50079
:109F3000A900AD00B100B500B900000001000000AB
:109F40003C900100000000000C0002000000000036
:109F5000020000003C91010000000000010003002D
:109F600000800100030000007C910100000000005F
:109F7000020004000080010004000000BC91010008
:109F80000000000003000500008001000500000043
:109F9000FC910100000000000400060000800100A8
:109FA000060000003C9201000000000005000700D0
:109FB00000800100070000007C920100000000000A
:109FC000060008000080010008000000BC920100AB
:109FD00000000000070009000080010009000000E7
:109FE000FC9201000000000008000A00008001004F
:109FF0000A0000007C9001000000000009000B0036
:10A00000008001000B000000BC9001000000000077
:10A010000A000C00008001000C000000FC90010010
:10A02000000000000B0001000080010000000000A3
:10A030000000000000000000000000000000000020
:10A040000000000000000000000000000000000010
:10A050000000000000000000000000000000000000
:10A0600000000000000000000000000000000000F0
:10A0700000000000000000000000000000000000E0
:10A0800000000000010203040607080900000000A8
:10A09000010203040102030406070809003001401D
:10A0A00000380040003C00400038014000440040BF
:10A0B00000480040004C004000000000C09B010030
:10A0C000E09B0100A09B01000000000000000000D8
:10A0D0000000000000000000000000000000000080
:10A0E0000000000000000000000000000000000070
:10A0F0000000000000000000000000000000000060
:10A10000000000000000000000000000000000004F
:10A1100000000000000000004300000000000000FC
:10A12000000000000000000000000000000000002F
:10A1300000000000000000004300000000000000DC
:10A14000000000000000000000000000000000000F
:10A1500000000000000000004300000000000000BC
:10A1600000000000000000000000000000000000EF
:10A17000000000000000000043000000000000009C
:10A1800000000000000000000000000000000000CF
:10A19000000000000000000043000000000000007C
:10A1A00000000000000000000000000000000000AF
:10A1B000000000000000000043000000000000005C
:10A1C000000000000000000000000000000000008F
:10A1D000000000000000000043000000000000003C
:10A1E000000000000000000000000000000000006F
:10A1F0000000000000000000D47001004E7001005B
:10A20000000000000C9D0100089D0100808C0100F1
:10A21000808C0100808C0100808C0100808C01000A
:10A22000808C0100808C0100808C0100808C0100FA
:10A23000FFFFFFFFFFFFFFFFFFFFFFFFFFFF00002C
:10A2400001004153434949000000000000000000A4
:10A2500000000000000000000000000000000000FE
:10A260000000415343494900000000000000000085
:10A2700000000000000000000000000000000000DE
:10A280000000000000000000C0A80101C0A8010AF1
:10A29000FFFFFF00FFFF00000200000001000000C0
:10A2A000020506070E0F080000A24A040204060871
:10A2B000320800000000000010000000AAAAAAAAAC
:10A2C0000E000000FCEC002020AC00200000CDAB14
:10A2D000F4960100049701006E19000000100000C0
:10A2E000A802002015C0FF00153FFF00153EFF002B
:10A2F00000020404040404060403020100240140D3
:10A300000028014001020408100000000080012024
:10A31000FFFFFFFFFFFF0000000000000000000043
:10A3200000000000FFFFFFFF03060C1830607800FC
:08A33000A8020020000000005B
:00000001FF
