
CH32V3_CAN_HACKER.elf:     file format elf32-littleriscv
CH32V3_CAN_HACKER.elf
architecture: riscv:rv32, flags 0x00000112:
EXEC_P, HAS_SYMS, D_PAGED
start address 0x00000000

Program Header:
    LOAD off    0x00001000 vaddr 0x00000000 paddr 0x00000000 align 2**12
         filesz 0x00004b5c memsz 0x00004b5c flags r-x
    LOAD off    0x00006000 vaddr 0x20000000 paddr 0x00004b5c align 2**12
         filesz 0x000000b8 memsz 0x00001134 flags rw-
    LOAD off    0x00006800 vaddr 0x20007800 paddr 0x20007800 align 2**12
         filesz 0x00000000 memsz 0x00000800 flags rw-

Sections:
Idx Name          Size      VMA       LMA       File off  Algn
  0 .init         00000004  00000000  00000000  00001000  2**1
                  CONTENTS, ALLOC, LOAD, READONLY, CODE
  1 .vector       000001bc  00000004  00000004  00001004  2**1
                  CONTENTS, ALLOC, LOAD, READONLY, CODE
  2 .text         0000495c  00000200  00000200  00001200  2**8
                  CONTENTS, ALLOC, LOAD, READONLY, CODE
  3 .fini         00000000  00004b5c  00004b5c  000060b8  2**0
                  CONTENTS, ALLOC, LOAD, CODE
  4 .dalign       00000000  20000000  20000000  000060b8  2**0
                  CONTENTS
  5 .dlalign      00000000  00004b5c  00004b5c  000060b8  2**0
                  CONTENTS
  6 .data         000000b8  20000000  00004b5c  00006000  2**2
                  CONTENTS, ALLOC, LOAD, DATA
  7 .bss          0000107c  200000b8  00004c14  000060b8  2**2
                  ALLOC
  8 .stack        00000800  20007800  20007800  00006800  2**0
                  ALLOC
  9 .debug_info   0001ba09  00000000  00000000  000060b8  2**0
                  CONTENTS, READONLY, DEBUGGING
 10 .debug_abbrev 000043ff  00000000  00000000  00021ac1  2**0
                  CONTENTS, READONLY, DEBUGGING
 11 .debug_loc    00008d6f  00000000  00000000  00025ec0  2**0
                  CONTENTS, READONLY, DEBUGGING
 12 .debug_aranges 00000b18  00000000  00000000  0002ec30  2**3
                  CONTENTS, READONLY, DEBUGGING
 13 .debug_ranges 00001040  00000000  00000000  0002f748  2**3
                  CONTENTS, READONLY, DEBUGGING
 14 .debug_line   00014be8  00000000  00000000  00030788  2**0
                  CONTENTS, READONLY, DEBUGGING
 15 .debug_str    000047a3  00000000  00000000  00045370  2**0
                  CONTENTS, READONLY, DEBUGGING
 16 .comment      00000033  00000000  00000000  00049b13  2**0
                  CONTENTS, READONLY
 17 .debug_frame  000027c4  00000000  00000000  00049b48  2**2
                  CONTENTS, READONLY, DEBUGGING
 18 .stab         00000084  00000000  00000000  0004c30c  2**2
                  CONTENTS, READONLY, DEBUGGING
 19 .stabstr      00000117  00000000  00000000  0004c390  2**0
                  CONTENTS, READONLY, DEBUGGING
SYMBOL TABLE:
00000000 l    d  .init	00000000 .init
00000004 l    d  .vector	00000000 .vector
00000200 l    d  .text	00000000 .text
00004b5c l    d  .fini	00000000 .fini
20000000 l    d  .dalign	00000000 .dalign
00004b5c l    d  .dlalign	00000000 .dlalign
20000000 l    d  .data	00000000 .data
200000b8 l    d  .bss	00000000 .bss
20007800 l    d  .stack	00000000 .stack
00000000 l    d  .debug_info	00000000 .debug_info
00000000 l    d  .debug_abbrev	00000000 .debug_abbrev
00000000 l    d  .debug_loc	00000000 .debug_loc
00000000 l    d  .debug_aranges	00000000 .debug_aranges
00000000 l    d  .debug_ranges	00000000 .debug_ranges
00000000 l    d  .debug_line	00000000 .debug_line
00000000 l    d  .debug_str	00000000 .debug_str
00000000 l    d  .comment	00000000 .comment
00000000 l    d  .debug_frame	00000000 .debug_frame
00000000 l    d  .stab	00000000 .stab
00000000 l    d  .stabstr	00000000 .stabstr
00000000 l    df *ABS*	00000000 ./Startup/startup_ch32v30x_D8C.o
00000004 l       .vector	00000000 _vector_base
00000000 l    df *ABS*	00000000 ./FreeRTOS/portable/GCC/RISC-V/portASM.o
00000264 l       .text	00000000 processed_source
00000428 l       .text	00000000 chip_specific_stack_frame
00000000 l    df *ABS*	00000000 app_task.c
20000148 l     O .bss	00000028 RX_DATA_BUFFER
20000170 l     O .bss	00000028 TX_DATA_BUFFER
200000b8 l     O .bss	00000004 AppTaskHandle
200000bc l     O .bss	00000001 RX_SIZE
200000bd l     O .bss	00000001 TX_SIZE
200000be l     O .bss	00000001 data_byte
200000c0 l     O .bss	00000004 pCANRXQueue
200000c4 l     O .bss	00000004 pRXQueue
200000c8 l     O .bss	00000004 pTXQueue
00000000 l    df *ABS*	00000000 ch32v30x_it.c
00000000 l    df *ABS*	00000000 init.c
00000000 l    df *ABS*	00000000 main.c
00000000 l    df *ABS*	00000000 system_ch32v30x.c
00000000 l    df *ABS*	00000000 system_init.c
20000198 l     O .bss	00000400 AppTaskBuffer
20000598 l     O .bss	00000400 uxIdleTaskStack
20000998 l     O .bss	00000400 uxTimerTaskStack
20000d98 l     O .bss	00000054 xAPPTaskTCB
20000dec l     O .bss	00000054 xIdleTaskTCB
20000e40 l     O .bss	00000054 xTimerTaskTCB
00000000 l    df *ABS*	00000000 ch32v30x_gpio.c
00000000 l    df *ABS*	00000000 ch32v30x_misc.c
00000000 l    df *ABS*	00000000 ch32v30x_rcc.c
20000010 l     O .data	00000010 APBAHBPrescTable
20000094 l     O .data	00000004 ADCPrescTable
00000000 l    df *ABS*	00000000 ch32v30x_usart.c
00000000 l    df *ABS*	00000000 lawicel.c
00000e2a l     F .text	00000062 GetVersionInfo
00000e8c l     F .text	0000003a ascii2hex
000049ac l     O .text	00000024 bitrate_table
200000d0 l     O .bss	00000004 CanBusMode
200000d4 l     O .bss	00000001 CanChnOpen
200000d5 l     O .bss	00000001 CanInitialized
200000d6 l     O .bss	00000001 SerRxOverrunOccurred
200000d7 l     O .bss	00000001 SerTxCongestionOccurred
20000098 l     O .data	00000001 AutoPollAutoSend
2000009c l     O .data	00000004 RetValue.6298
00000000 l    df *ABS*	00000000 hal_can_ch32.c
20000e94 l     O .bss	0000000c CAN
00000000 l    df *ABS*	00000000 hal_irq.c
00000000 l    df *ABS*	00000000 hal_usart.c
200000d8 l     O .bss	00000004 recive_byte
00000000 l    df *ABS*	00000000 heap_4.c
00001ae6 l     F .text	0000004c prvInsertBlockIntoFreeList
200000dc l     O .bss	00000004 pxEnd
200000e0 l     O .bss	00000004 xBlockAllocatedBit
200000e4 l     O .bss	00000004 xFreeBytesRemaining
200000e8 l     O .bss	00000004 xNumberOfSuccessfulFrees
200000ec l     O .bss	00000008 xStart
00000000 l    df *ABS*	00000000 port.c
200000a0 l     O .data	00000004 uxCriticalNesting
00000000 l    df *ABS*	00000000 list.c
00000000 l    df *ABS*	00000000 queue.c
00001dae l     F .text	0000001a prvIsQueueEmpty
00001dc8 l     F .text	00000072 prvCopyDataToQueue
00001e3a l     F .text	00000028 prvCopyDataFromQueue
00001e62 l     F .text	0000006e prvUnlockQueue
00000000 l    df *ABS*	00000000 tasks.c
0000265a l     F .text	0000011e prvAddNewTaskToReadyList
00002778 l     F .text	00000024 prvResetNextTaskUnblockTime
0000279c l     F .text	000000c8 prvInitialiseNewTask.isra.2
00002864 l     F .text	0000004e prvDeleteTCB
000028b2 l     F .text	00000048 prvIdleTask
000028fa l     F .text	000000a6 prvAddCurrentTaskToDelayedList
20000ef0 l     O .bss	0000012c pxReadyTasksLists
2000101c l     O .bss	00000014 xDelayedTaskList1
20001030 l     O .bss	00000014 xDelayedTaskList2
20001044 l     O .bss	00000014 xPendingReadyList
20001058 l     O .bss	00000014 xSuspendedTaskList
2000106c l     O .bss	00000014 xTasksWaitingTermination
200000f8 l     O .bss	00000004 pxDelayedTaskList
200000fc l     O .bss	00000004 pxOverflowDelayedTaskList
20000100 l     O .bss	00000004 uxCurrentNumberOfTasks
20000104 l     O .bss	00000004 uxDeletedTasksWaitingCleanUp
20000108 l     O .bss	00000004 uxSchedulerSuspended
2000010c l     O .bss	00000004 uxTaskNumber
20000110 l     O .bss	00000004 uxTopReadyPriority
20000114 l     O .bss	00000004 xNextTaskUnblockTime
20000118 l     O .bss	00000004 xNumOfOverflows
2000011c l     O .bss	00000004 xPendedTicks
20000120 l     O .bss	00000004 xSchedulerRunning
20000124 l     O .bss	00000004 xTickCount
20000128 l     O .bss	00000004 xYieldPending
00000000 l    df *ABS*	00000000 timers.c
00003206 l     F .text	00000076 prvCheckForValidListAndQueue
0000327c l     F .text	00000046 prvInsertTimerInActiveList
000032c2 l     F .text	00000028 prvReloadTimer
000032ea l     F .text	00000044 prvProcessExpiredTimer
0000332e l     F .text	0000002e prvSwitchTimerLists
0000335c l     F .text	00000190 prvTimerTask
20001080 l     O .bss	00000040 ucStaticTimerQueueStorage.6416
200010c0 l     O .bss	00000014 xActiveTimerList1
200010d4 l     O .bss	00000014 xActiveTimerList2
200010e8 l     O .bss	00000048 xStaticTimerQueue.6415
2000012c l     O .bss	00000004 pxCurrentTimerList
20000130 l     O .bss	00000004 pxOverflowTimerList
20000134 l     O .bss	00000004 xLastTime.6372
20000138 l     O .bss	00000004 xTimerQueue
2000013c l     O .bss	00000004 xTimerTaskHandle
00000000 l    df *ABS*	00000000 debug.c
200000a8 l     O .data	00000004 curbrk.5276
00000000 l    df *ABS*	00000000 memcpy.c
00000000 l    df *ABS*	00000000 printf.c
00000000 l    df *ABS*	00000000 puts.c
00000000 l    df *ABS*	00000000 wbuf.c
00000000 l    df *ABS*	00000000 wsetup.c
00000000 l    df *ABS*	00000000 fflush.c
00000000 l    df *ABS*	00000000 findfp.c
00003ae8 l     F .text	00000066 std
00000000 l    df *ABS*	00000000 fwalk.c
00000000 l    df *ABS*	00000000 makebuf.c
00000000 l    df *ABS*	00000000 nano-mallocr.c
00000000 l    df *ABS*	00000000 nano-mallocr.c
00000000 l    df *ABS*	00000000 nano-vfprintf.c
00003f92 l     F .text	00000028 __sfputc_r
00000000 l    df *ABS*	00000000 nano-vfprintf_i.c
00000000 l    df *ABS*	00000000 sbrkr.c
00000000 l    df *ABS*	00000000 stdio.c
00000000 l    df *ABS*	00000000 writer.c
00000000 l    df *ABS*	00000000 closer.c
00000000 l    df *ABS*	00000000 fstatr.c
00000000 l    df *ABS*	00000000 isattyr.c
00000000 l    df *ABS*	00000000 lseekr.c
00000000 l    df *ABS*	00000000 memchr.c
00000000 l    df *ABS*	00000000 mlock.c
00000000 l    df *ABS*	00000000 readr.c
00000000 l    df *ABS*	00000000 close.c
00000000 l    df *ABS*	00000000 fstat.c
00000000 l    df *ABS*	00000000 isatty.c
00000000 l    df *ABS*	00000000 lseek.c
00000000 l    df *ABS*	00000000 read.c
00000000 l    df *ABS*	00000000 impure.c
20000030 l     O .data	00000060 impure_data
00000000 l    df *ABS*	00000000 reent.c
00000a5c  w      .text	00000000 EXTI2_IRQHandler
00000a5c  w      .text	00000000 TIM8_TRG_COM_IRQHandler
00000a5c  w      .text	00000000 TIM8_CC_IRQHandler
000047a6 g     F .text	00000030 _isatty_r
000036ba g     F .text	000000d4 _puts_r
000047d6 g     F .text	00000034 _lseek_r
00000a2c g     F .text	00000030 vSYStaskInit
00000a5c  w      .text	00000000 UART8_IRQHandler
00001cf2 g     F .text	00000042 vPortExitCritical
0000367a g     F .text	00000040 printf
20000890 g       .data	00000000 __global_pointer$
000004ee g     F .text	00000028 .hidden __riscv_save_8
00000a5c  w      .text	00000000 TIM1_CC_IRQHandler
000046d8 g     F .text	00000030 __sseek
00003b9e g     F .text	0000006c __sinit
0000379a g     F .text	000000bc __swbuf_r
00000782 g     F .text	00000002 HardFault_Handler
000025fe g     F .text	0000005c vQueueWaitForMessageRestricted
00003b58 g     F .text	00000046 __sfmoreglue
00004824 g     F .text	00000002 __malloc_unlock
0000053a g     F .text	0000000c .hidden __riscv_restore_3
00000a5c  w      .text	00000000 TIM6_IRQHandler
00001ca4 g     F .text	00000038 SysTick_Handler
00001a12 g     F .text	00000088 HAL_UASRT_IRQ
00000a5c  w      .text	00000000 PVD_IRQHandler
00000a5c  w      .text	00000000 SDIO_IRQHandler
00000a5c  w      .text	00000000 TIM9_BRK_IRQHandler
00000526 g     F .text	00000020 .hidden __riscv_restore_10
000021d4 g     F .text	00000128 xQueueGenericSendFromISR
00000a5c  w      .text	00000000 DMA2_Channel8_IRQHandler
00000780 g     F .text	00000002 NMI_Handler
00000a5c  w      .text	00000000 CAN2_RX1_IRQHandler
00000a5c  w      .text	00000000 EXTI3_IRQHandler
00000674 g     F .text	00000046 vAppInit
000004ee g     F .text	00000028 .hidden __riscv_save_11
200000f4 g     O .bss	00000004 pxCurrentTCB
00000a5c  w      .text	00000000 USBHS_IRQHandler
00000de4 g     F .text	0000000a USART_GetFlagStatus
00000a5c  w      .text	00000000 DMA2_Channel9_IRQHandler
00004774 g     F .text	00000032 _fstat_r
00000a5c  w      .text	00000000 TIM10_CC_IRQHandler
20001130 g     O .bss	00000004 errno
200000b8 g       .bss	00000000 _sbss
00000800 g       *ABS*	00000000 __stack_size
000015d4 g     F .text	000000de HAL_CAN_MSG_SEND
20000ea0 g     O .bss	00000010 CallBackFunction
00000a5c  w      .text	00000000 USBFS_IRQHandler
00003042 g     F .text	00000016 vTaskInternalSetTimeOutState
000018c8 g     F .text	0000001c HAL_InitAPB1
0000053a g     F .text	0000000c .hidden __riscv_restore_2
00001c16 g     F .text	0000008e xPortStartScheduler
000035c8 g     F .text	000000b2 memcpy
00002e9c g     F .text	00000048 vTaskPlaceOnEventList
00003b4e g     F .text	0000000a _cleanup_r
000019ac g     F .text	0000002c HALUSARTInitIT
00001bd8  w    F .text	0000003e vPortSetupTimerInterrupt
00000a5c  w      .text	00000000 EXTI0_IRQHandler
00000a5c  w      .text	00000000 I2C2_EV_IRQHandler
00000a5c  w      .text	00000000 TIM10_TRG_COM_IRQHandler
0000378e g     F .text	0000000c puts
000019d8 g     F .text	0000001a HAL_SendByte_IT
00001b32 g     F .text	000000a6 vPortFree
20000090 g     O .data	00000004 SystemCoreClock
20008000 g       .stack	00000000 __freertos_irq_stack_top
0000486a g     F .text	00000010 _fstat
00000004 g       .init	00000000 _einit
00000d30 g     F .text	0000001e RCC_APB2PeriphClockCmd
000004e6 g     F .text	00000030 .hidden __riscv_save_12
00000a5c  w      .text	00000000 CAN2_SCE_IRQHandler
00000a5c  w      .text	00000000 ADC1_2_IRQHandler
00000af0 g     F .text	000000c0 GPIO_Init
00000a5c  w      .text	00000000 Break_Point_Handler
00000526 g     F .text	00000020 .hidden __riscv_restore_11
200000cc g     O .bss	00000004 NVIC_Priority_Group
00000a5c  w      .text	00000000 SPI1_IRQHandler
00004632 g     F .text	00000032 _sbrk_r
00001900 g     F .text	00000028 PFIC_IRQ_ENABLE_PG2
00000a5c  w      .text	00000000 TAMPER_IRQHandler
00000516 g     F .text	0000000c .hidden __riscv_save_1
0000053a g     F .text	0000000c .hidden __riscv_restore_0
0000157e g     F .text	00000030 HAL_CANToInitMode
00004826 g     F .text	00000034 _read_r
00001d5a g     F .text	00000006 vListInitialiseItem
000004fc g     F .text	0000001a .hidden __riscv_save_7
00000a5c  w      .text	00000000 CAN2_RX0_IRQHandler
000022fc g     F .text	00000166 xQueueReceive
20000eb0 g     O .bss	00000040 xQueueRegistry
00001d40 g     F .text	00000006 vPortClearInterruptMask
00000a5c  w      .text	00000000 TIM8_UP_IRQHandler
00000a18 g     F .text	00000014 vApplicationGetTimerTaskMemory
00000a5c  w      .text	00000000 Ecall_M_Mode_Handler
20007800 g       .stack	00000000 _heap_end
00000ec6 g     F .text	00000584 DataParser
0000487a g     F .text	00000010 _isatty
200000b4 g     O .data	00000004 _global_impure_ptr
00000530 g     F .text	00000016 .hidden __riscv_restore_5
00000a5c  w      .text	00000000 DMA2_Channel2_IRQHandler
00000a5c  w      .text	00000000 DMA1_Channel4_IRQHandler
0000359e g     F .text	0000002a _sbrk
00001d46 g     F .text	00000014 vListInitialise
00000a5c  w      .text	00000000 TIM9_UP_IRQHandler
00000530 g     F .text	00000016 .hidden __riscv_restore_6
00001a9a g     F .text	0000004c USART3_IRQHandler
00002af0 g     F .text	0000000a xTaskGetTickCount
00002038 g     F .text	0000019c xQueueGenericSend
00000a5c  w      .text	00000000 RTC_IRQHandler
20001134 g       .bss	00000000 _ebss
00000dee g     F .text	0000003c USART_GetITStatus
00000a5c  w      .text	00000000 DMA1_Channel7_IRQHandler
00001994 g     F .text	00000018 HALUSARTEnable
00001816 g     F .text	0000005a CAN1_RX1_IRQHandler
00003144 g     F .text	000000c2 xTaskPriorityDisinherit
00000a5c  w      .text	00000000 DVP_IRQHandler
00000a5c  w      .text	00000000 UART5_IRQHandler
00000628 g     F .text	00000042 RX_Callback
00002f5a g     F .text	000000e8 xTaskRemoveFromEventList
00000a5c  w      .text	00000000 TIM4_IRQHandler
000004ee g     F .text	00000028 .hidden __riscv_save_9
00000a5c  w      .text	00000000 DMA2_Channel1_IRQHandler
00004ac0 g     O .text	00000020 __sf_fake_stderr
000004fc g     F .text	0000001a .hidden __riscv_save_4
00000a5c  w      .text	00000000 I2C1_EV_IRQHandler
200000b0 g     O .data	00000004 xISRStackTop
0000078c g     F .text	0000002e GPIO_Toggle_INIT
0000144a g     F .text	00000134 HAL_CANIntIT
00000bba g     F .text	00000176 RCC_GetClocksFreq
00000a5c  w      .text	00000000 DMA1_Channel6_IRQHandler
00003fba g     F .text	00000042 __sfputs_r
00000a5c  w      .text	00000000 UART4_IRQHandler
00000a5c  w      .text	00000000 DMA2_Channel4_IRQHandler
0000480a g     F .text	00000018 memchr
20000020 g     O .data	00000010 USART
00000d4e g     F .text	0000008e USART_Init
00003058 g     F .text	000000c4 xTaskCheckForTimeOut
00003dfe g     F .text	000000b0 _free_r
00000a5c  w      .text	00000000 TIM3_IRQHandler
00000a5c  w      .text	00000000 RCC_IRQHandler
00000516 g     F .text	0000000c .hidden __riscv_save_3
00000a5c  w      .text	00000000 TIM1_TRG_COM_IRQHandler
00000a5c  w      .text	00000000 DMA1_Channel1_IRQHandler
00000000 g       .init	00000000 _start
00000a5c  w      .text	00000000 DMA2_Channel7_IRQHandler
00002ae0 g     F .text	00000010 vTaskSuspendAll
20000000 g     O .data	00000010 AHBPrescTable
000018e4 g     F .text	0000001c HAL_InitAPB2
0000488a g     F .text	00000010 _lseek
00001d8e g     F .text	00000020 uxListRemove
00000a5c  w      .text	00000000 EXTI15_10_IRQHandler
000029a0 g     F .text	000000a6 xTaskCreateStatic
00002e06 g     F .text	00000096 vTaskSwitchContext
00001f8c g     F .text	000000ac xQueueGenericCreateStatic
00002ee4 g     F .text	00000076 vTaskPlaceOnEventListRestricted
00000a5c  w      .text	00000000 TIM7_IRQHandler
00004744 g     F .text	00000030 _close_r
00000a5c  w      .text	00000000 CAN2_TX_IRQHandler
20000000 g       .dalign	00000000 _data_vma
00000a5c  w      .text	00000000 TIM5_IRQHandler
00000a04 g     F .text	00000014 vApplicationGetIdleTaskMemory
00003856 g     F .text	000000fc __swsetup_r
00000a5c  w      .text	00000000 EXTI9_5_IRQHandler
00003c0a g     F .text	000000a0 __sfp
000004ee g     F .text	00000028 .hidden __riscv_save_10
00004664 g     F .text	0000002c __sread
00000a5c  w      .text	00000000 ETH_WKUP_IRQHandler
00004822 g     F .text	00000002 __malloc_lock
00000530 g     F .text	00000016 .hidden __riscv_restore_4
00000526 g     F .text	00000020 .hidden __riscv_restore_8
00003a82 g     F .text	00000066 _fflush_r
000004fc g     F .text	0000001a .hidden __riscv_save_6
00000a5c  w      .text	00000000 SPI2_IRQHandler
00004ae0 g     O .text	00000020 __sf_fake_stdin
00000546 g     F .text	000000a8 memset
00000526 g     F .text	00000020 .hidden __riscv_restore_9
00000530 g     F .text	00000016 .hidden __riscv_restore_7
000007ba g     F .text	00000022 main
00000a5c  w      .text	00000000 TIM10_BRK_IRQHandler
00000a5c  w      .text	00000000 TIM9_CC_IRQHandler
00001d60 g     F .text	0000002e vListInsert
00004708 g     F .text	00000006 __sclose
00000a5c  w      .text	00000000 DMA2_Channel5_IRQHandler
000034ec g     F .text	00000074 xTimerCreateTimerTask
000019f2 g     F .text	00000020 HAL_RecieveByte_IT
00003eae g     F .text	000000e4 _malloc_r
00000a5c  w      .text	00000000 DMA1_Channel5_IRQHandler
00002462 g     F .text	000000f0 xQueueReceiveFromISR
00000a5c  w      .text	00000000 EXTI4_IRQHandler
00001928 g     F .text	0000006c HALUSARTInit
000017bc g     F .text	0000005a USB_LP_CAN1_RX0_IRQHandler
000006ba g     F .text	000000c6 vAppTask
000007dc g     F .text	000000fa SystemInit
00000a5c  w      .text	00000000 RNG_IRQHandler
0000367a g     F .text	00000040 iprintf
00002ca2 g     F .text	00000164 xTaskResumeAll
200000a4 g     O .data	00000004 uxTopUsedPriority
00001760 g     F .text	0000005c USB_HP_CAN1_TX_IRQHandler
00001d34 g     F .text	0000000c xPortSetInterruptMask
00002a46 g     F .text	0000009a vTaskStartScheduler
00000000 g       .init	00000000 _sinit
0000470e g     F .text	00000036 _write_r
00000300 g       .text	00000000 xPortStartFirstTask
00000a5c  w      .text	00000000 DMA1_Channel3_IRQHandler
00000a5c  w      .text	00000000 ETH_IRQHandler
00004284 g     F .text	0000010c _printf_common
200000ac g     O .data	00000004 _impure_ptr
00000a5c  w      .text	00000000 TIM1_UP_IRQHandler
00003952 g     F .text	00000130 __sflush_r
00000784 g     F .text	00000008 InitDevice
00000a5c  w      .text	00000000 WWDG_IRQHandler
00000a5c  w      .text	00000000 USBHSWakeup_IRQHandler
00000a5c  w      .text	00000000 DMA2_Channel11_IRQHandler
00000a5c  w      .text	00000000 Ecall_U_Mode_Handler
0000311c g     F .text	0000000c vTaskMissedYield
00000a5c  w      .text	00000000 DMA2_Channel6_IRQHandler
00000a5c  w      .text	00000000 TIM2_IRQHandler
20008000 g       .stack	00000000 _eusrstack
00000516 g     F .text	0000000c .hidden __riscv_save_2
00000200 g       .text	00000000 SW_Handler
00002552 g     F .text	00000044 uxQueueMessagesWaiting
00002596 g     F .text	00000068 vQueueAddToRegistry
00002afa g     F .text	000001a8 xTaskIncrementTick
00000a5c  w      .text	00000000 TIM1_BRK_IRQHandler
00003d14 g     F .text	00000058 __swhatbuf_r
00000ddc g     F .text	00000008 USART_SendData
00000a5c  w      .text	00000000 DMA2_Channel10_IRQHandler
00000a5c  w      .text	00000000 EXTI1_IRQHandler
000004fc g     F .text	0000001a .hidden __riscv_save_5
00001ed0 g     F .text	000000bc xQueueGenericReset
00003560 g     F .text	0000003e _write
200000b8 g       .data	00000000 _edata
20001134 g       .bss	00000000 _end
000016b2 g     F .text	000000ae HAL_CANSend
00000a5c  w      .text	00000000 RTCAlarm_IRQHandler
00004b5c g       .dlalign	00000000 _data_lma
00000a5c  w      .text	00000000 TIM10_UP_IRQHandler
00000a5c  w      .text	00000000 TIM9_TRG_COM_IRQHandler
00000a5c  w      .text	00000000 UART7_IRQHandler
00000a5c  w      .text	00000000 USART2_IRQHandler
00000a5c  w      .text	00000000 UART6_IRQHandler
00004690 g     F .text	00000048 __swrite
00003ffc g     F .text	00000288 _vfiprintf_r
00003caa g     F .text	0000006a _fwalk_reent
000008d6 g     F .text	0000012e SystemCoreClockUpdate
00000a5c  w      .text	00000000 I2C2_ER_IRQHandler
00000a5c  w      .text	00000000 DMA1_Channel2_IRQHandler
00004b00 g     O .text	00000020 __sf_fake_stdout
00000522 g     F .text	00000024 .hidden __riscv_restore_12
00000a5c  w      .text	00000000 TIM8_BRK_IRQHandler
00003128 g     F .text	0000001c xTaskGetSchedulerState
0000489a g     F .text	00000010 _read
00000a5e  w      .text	00000000 handle_reset
00001870 g     F .text	00000058 CAN1_SCE_IRQHandler
00000a5c  w      .text	00000000 FLASH_IRQHandler
00000516 g     F .text	0000000c .hidden __riscv_save_0
00000a5c  w      .text	00000000 USART1_IRQHandler
00003d6c g     F .text	00000092 __smakebuf_r
00000400 g       .text	00000000 pxPortInitialiseStack
00004390 g     F .text	000002a2 _printf_i
00000a5c  w      .text	00000000 SPI3_IRQHandler
20000144 g     O .bss	00000004 __malloc_sbrk_start
00000a5c  w      .text	00000000 I2C1_ER_IRQHandler
00000bb0 g     F .text	0000000a NVIC_PriorityGroupConfig
00001cdc g     F .text	00000016 vPortEnterCritical
20000140 g     O .bss	00000004 __malloc_free_list
0000053a g     F .text	0000000c .hidden __riscv_restore_1
00003ffc g     F .text	00000288 _vfprintf_r
000015ae g     F .text	00000026 HAL_CANToOperatingMode
0000066a g     F .text	0000000a xGetAppTaskHandle
00000a5c  w      .text	00000000 USBWakeUp_IRQHandler
0000485a g     F .text	00000010 _close
00000a5c  w      .text	00000000 DMA2_Channel3_IRQHandler
000005ee g     F .text	0000003a TX_Callback



Disassembly of section .init:

00000000 <_sinit>:
   0:	25f0006f          	j	a5e <handle_reset>

Disassembly of section .vector:

00000004 <_vector_base>:
	...
   c:	0780                	addi	s0,sp,960
   e:	0000                	unimp
  10:	0782                	c.slli64	a5
  12:	0000                	unimp
  14:	0000                	unimp
  16:	0000                	unimp
  18:	0a5c                	addi	a5,sp,276
	...
  22:	0000                	unimp
  24:	0a5c                	addi	a5,sp,276
  26:	0000                	unimp
  28:	0a5c                	addi	a5,sp,276
	...
  32:	0000                	unimp
  34:	1ca4                	addi	s1,sp,632
  36:	0000                	unimp
  38:	0000                	unimp
  3a:	0000                	unimp
  3c:	0200                	addi	s0,sp,256
  3e:	0000                	unimp
  40:	0000                	unimp
  42:	0000                	unimp
  44:	0a5c                	addi	a5,sp,276
  46:	0000                	unimp
  48:	0a5c                	addi	a5,sp,276
  4a:	0000                	unimp
  4c:	0a5c                	addi	a5,sp,276
  4e:	0000                	unimp
  50:	0a5c                	addi	a5,sp,276
  52:	0000                	unimp
  54:	0a5c                	addi	a5,sp,276
  56:	0000                	unimp
  58:	0a5c                	addi	a5,sp,276
  5a:	0000                	unimp
  5c:	0a5c                	addi	a5,sp,276
  5e:	0000                	unimp
  60:	0a5c                	addi	a5,sp,276
  62:	0000                	unimp
  64:	0a5c                	addi	a5,sp,276
  66:	0000                	unimp
  68:	0a5c                	addi	a5,sp,276
  6a:	0000                	unimp
  6c:	0a5c                	addi	a5,sp,276
  6e:	0000                	unimp
  70:	0a5c                	addi	a5,sp,276
  72:	0000                	unimp
  74:	0a5c                	addi	a5,sp,276
  76:	0000                	unimp
  78:	0a5c                	addi	a5,sp,276
  7a:	0000                	unimp
  7c:	0a5c                	addi	a5,sp,276
  7e:	0000                	unimp
  80:	0a5c                	addi	a5,sp,276
  82:	0000                	unimp
  84:	0a5c                	addi	a5,sp,276
  86:	0000                	unimp
  88:	0a5c                	addi	a5,sp,276
  8a:	0000                	unimp
  8c:	0a5c                	addi	a5,sp,276
  8e:	0000                	unimp
  90:	1760                	addi	s0,sp,940
  92:	0000                	unimp
  94:	17bc                	addi	a5,sp,1000
  96:	0000                	unimp
  98:	1816                	slli	a6,a6,0x25
  9a:	0000                	unimp
  9c:	1870                	addi	a2,sp,60
  9e:	0000                	unimp
  a0:	0a5c                	addi	a5,sp,276
  a2:	0000                	unimp
  a4:	0a5c                	addi	a5,sp,276
  a6:	0000                	unimp
  a8:	0a5c                	addi	a5,sp,276
  aa:	0000                	unimp
  ac:	0a5c                	addi	a5,sp,276
  ae:	0000                	unimp
  b0:	0a5c                	addi	a5,sp,276
  b2:	0000                	unimp
  b4:	0a5c                	addi	a5,sp,276
  b6:	0000                	unimp
  b8:	0a5c                	addi	a5,sp,276
  ba:	0000                	unimp
  bc:	0a5c                	addi	a5,sp,276
  be:	0000                	unimp
  c0:	0a5c                	addi	a5,sp,276
  c2:	0000                	unimp
  c4:	0a5c                	addi	a5,sp,276
  c6:	0000                	unimp
  c8:	0a5c                	addi	a5,sp,276
  ca:	0000                	unimp
  cc:	0a5c                	addi	a5,sp,276
  ce:	0000                	unimp
  d0:	0a5c                	addi	a5,sp,276
  d2:	0000                	unimp
  d4:	0a5c                	addi	a5,sp,276
  d6:	0000                	unimp
  d8:	0a5c                	addi	a5,sp,276
  da:	0000                	unimp
  dc:	0a5c                	addi	a5,sp,276
  de:	0000                	unimp
  e0:	1a9a                	slli	s5,s5,0x26
  e2:	0000                	unimp
  e4:	0a5c                	addi	a5,sp,276
  e6:	0000                	unimp
  e8:	0a5c                	addi	a5,sp,276
  ea:	0000                	unimp
  ec:	0a5c                	addi	a5,sp,276
  ee:	0000                	unimp
  f0:	0a5c                	addi	a5,sp,276
  f2:	0000                	unimp
  f4:	0a5c                	addi	a5,sp,276
  f6:	0000                	unimp
  f8:	0a5c                	addi	a5,sp,276
  fa:	0000                	unimp
  fc:	0a5c                	addi	a5,sp,276
  fe:	0000                	unimp
 100:	0a5c                	addi	a5,sp,276
 102:	0000                	unimp
 104:	0000                	unimp
 106:	0000                	unimp
 108:	0a5c                	addi	a5,sp,276
 10a:	0000                	unimp
 10c:	0a5c                	addi	a5,sp,276
 10e:	0000                	unimp
 110:	0a5c                	addi	a5,sp,276
 112:	0000                	unimp
 114:	0a5c                	addi	a5,sp,276
 116:	0000                	unimp
 118:	0a5c                	addi	a5,sp,276
 11a:	0000                	unimp
 11c:	0a5c                	addi	a5,sp,276
 11e:	0000                	unimp
 120:	0a5c                	addi	a5,sp,276
 122:	0000                	unimp
 124:	0a5c                	addi	a5,sp,276
 126:	0000                	unimp
 128:	0a5c                	addi	a5,sp,276
 12a:	0000                	unimp
 12c:	0a5c                	addi	a5,sp,276
 12e:	0000                	unimp
 130:	0a5c                	addi	a5,sp,276
 132:	0000                	unimp
 134:	0a5c                	addi	a5,sp,276
 136:	0000                	unimp
 138:	0a5c                	addi	a5,sp,276
 13a:	0000                	unimp
 13c:	0a5c                	addi	a5,sp,276
 13e:	0000                	unimp
 140:	0a5c                	addi	a5,sp,276
 142:	0000                	unimp
 144:	0a5c                	addi	a5,sp,276
 146:	0000                	unimp
 148:	0a5c                	addi	a5,sp,276
 14a:	0000                	unimp
 14c:	0a5c                	addi	a5,sp,276
 14e:	0000                	unimp
 150:	0a5c                	addi	a5,sp,276
 152:	0000                	unimp
 154:	0a5c                	addi	a5,sp,276
 156:	0000                	unimp
 158:	0a5c                	addi	a5,sp,276
 15a:	0000                	unimp
 15c:	0a5c                	addi	a5,sp,276
 15e:	0000                	unimp
 160:	0a5c                	addi	a5,sp,276
 162:	0000                	unimp
 164:	0a5c                	addi	a5,sp,276
 166:	0000                	unimp
 168:	0a5c                	addi	a5,sp,276
 16a:	0000                	unimp
 16c:	0a5c                	addi	a5,sp,276
 16e:	0000                	unimp
 170:	0a5c                	addi	a5,sp,276
 172:	0000                	unimp
 174:	0a5c                	addi	a5,sp,276
 176:	0000                	unimp
 178:	0a5c                	addi	a5,sp,276
 17a:	0000                	unimp
 17c:	0a5c                	addi	a5,sp,276
 17e:	0000                	unimp
 180:	0a5c                	addi	a5,sp,276
 182:	0000                	unimp
 184:	0a5c                	addi	a5,sp,276
 186:	0000                	unimp
 188:	0a5c                	addi	a5,sp,276
 18a:	0000                	unimp
 18c:	0a5c                	addi	a5,sp,276
 18e:	0000                	unimp
 190:	0a5c                	addi	a5,sp,276
 192:	0000                	unimp
 194:	0a5c                	addi	a5,sp,276
 196:	0000                	unimp
 198:	0a5c                	addi	a5,sp,276
 19a:	0000                	unimp
 19c:	0a5c                	addi	a5,sp,276
 19e:	0000                	unimp
 1a0:	0a5c                	addi	a5,sp,276
	...

Disassembly of section .text:

00000200 <SW_Handler>:
     200:	f8810113          	addi	sp,sp,-120
     204:	c206                	sw	ra,4(sp)
     206:	c416                	sw	t0,8(sp)
     208:	c61a                	sw	t1,12(sp)
     20a:	c81e                	sw	t2,16(sp)
     20c:	ca22                	sw	s0,20(sp)
     20e:	cc26                	sw	s1,24(sp)
     210:	ce2a                	sw	a0,28(sp)
     212:	d02e                	sw	a1,32(sp)
     214:	d232                	sw	a2,36(sp)
     216:	d436                	sw	a3,40(sp)
     218:	d63a                	sw	a4,44(sp)
     21a:	d83e                	sw	a5,48(sp)
     21c:	da42                	sw	a6,52(sp)
     21e:	dc46                	sw	a7,56(sp)
     220:	de4a                	sw	s2,60(sp)
     222:	c0ce                	sw	s3,64(sp)
     224:	c2d2                	sw	s4,68(sp)
     226:	c4d6                	sw	s5,72(sp)
     228:	c6da                	sw	s6,76(sp)
     22a:	c8de                	sw	s7,80(sp)
     22c:	cae2                	sw	s8,84(sp)
     22e:	cce6                	sw	s9,88(sp)
     230:	ceea                	sw	s10,92(sp)
     232:	d0ee                	sw	s11,96(sp)
     234:	d2f2                	sw	t3,100(sp)
     236:	d4f6                	sw	t4,104(sp)
     238:	d6fa                	sw	t5,108(sp)
     23a:	d8fe                	sw	t6,112(sp)
     23c:	300022f3          	csrr	t0,mstatus
     240:	da96                	sw	t0,116(sp)
     242:	20000297          	auipc	t0,0x20000
     246:	eb22a283          	lw	t0,-334(t0) # 200000f4 <pxCurrentTCB>
     24a:	0022a023          	sw	sp,0(t0)
     24e:	341025f3          	csrr	a1,mepc
     252:	c02e                	sw	a1,0(sp)
     254:	02000593          	li	a1,32
     258:	8045a073          	csrs	0x804,a1
     25c:	8201a103          	lw	sp,-2016(gp) # 200000b0 <xISRStackTop>
     260:	3a7020ef          	jal	ra,2e06 <vTaskSwitchContext>

00000264 <processed_source>:
     264:	20000317          	auipc	t1,0x20000
     268:	e9032303          	lw	t1,-368(t1) # 200000f4 <pxCurrentTCB>
     26c:	00032103          	lw	sp,0(t1)
     270:	4282                	lw	t0,0(sp)
     272:	34129073          	csrw	mepc,t0
     276:	52d6                	lw	t0,116(sp)
     278:	30029073          	csrw	mstatus,t0
     27c:	4092                	lw	ra,4(sp)
     27e:	42a2                	lw	t0,8(sp)
     280:	4332                	lw	t1,12(sp)
     282:	43c2                	lw	t2,16(sp)
     284:	4452                	lw	s0,20(sp)
     286:	44e2                	lw	s1,24(sp)
     288:	4572                	lw	a0,28(sp)
     28a:	5582                	lw	a1,32(sp)
     28c:	5612                	lw	a2,36(sp)
     28e:	56a2                	lw	a3,40(sp)
     290:	5732                	lw	a4,44(sp)
     292:	57c2                	lw	a5,48(sp)
     294:	5852                	lw	a6,52(sp)
     296:	58e2                	lw	a7,56(sp)
     298:	5972                	lw	s2,60(sp)
     29a:	4986                	lw	s3,64(sp)
     29c:	4a16                	lw	s4,68(sp)
     29e:	4aa6                	lw	s5,72(sp)
     2a0:	4b36                	lw	s6,76(sp)
     2a2:	4bc6                	lw	s7,80(sp)
     2a4:	4c56                	lw	s8,84(sp)
     2a6:	4ce6                	lw	s9,88(sp)
     2a8:	4d76                	lw	s10,92(sp)
     2aa:	5d86                	lw	s11,96(sp)
     2ac:	5e16                	lw	t3,100(sp)
     2ae:	5ea6                	lw	t4,104(sp)
     2b0:	5f36                	lw	t5,108(sp)
     2b2:	5fc6                	lw	t6,112(sp)
     2b4:	07810113          	addi	sp,sp,120
     2b8:	30200073          	mret
     2bc:	00000013          	nop
     2c0:	00000013          	nop
     2c4:	00000013          	nop
     2c8:	00000013          	nop
     2cc:	00000013          	nop
     2d0:	00000013          	nop
     2d4:	00000013          	nop
     2d8:	00000013          	nop
     2dc:	00000013          	nop
     2e0:	00000013          	nop
     2e4:	00000013          	nop
     2e8:	00000013          	nop
     2ec:	00000013          	nop
     2f0:	00000013          	nop
     2f4:	00000013          	nop
     2f8:	00000013          	nop
     2fc:	00000013          	nop

00000300 <xPortStartFirstTask>:
     300:	8201a283          	lw	t0,-2016(gp) # 200000b0 <xISRStackTop>
     304:	e0028293          	addi	t0,t0,-512
     308:	34029073          	csrw	mscratch,t0
     30c:	20000117          	auipc	sp,0x20000
     310:	de812103          	lw	sp,-536(sp) # 200000f4 <pxCurrentTCB>
     314:	4102                	lw	sp,0(sp)
     316:	4082                	lw	ra,0(sp)
     318:	4332                	lw	t1,12(sp)
     31a:	43c2                	lw	t2,16(sp)
     31c:	4452                	lw	s0,20(sp)
     31e:	44e2                	lw	s1,24(sp)
     320:	4572                	lw	a0,28(sp)
     322:	5582                	lw	a1,32(sp)
     324:	5612                	lw	a2,36(sp)
     326:	56a2                	lw	a3,40(sp)
     328:	5732                	lw	a4,44(sp)
     32a:	57c2                	lw	a5,48(sp)
     32c:	5852                	lw	a6,52(sp)
     32e:	58e2                	lw	a7,56(sp)
     330:	5972                	lw	s2,60(sp)
     332:	4986                	lw	s3,64(sp)
     334:	4a16                	lw	s4,68(sp)
     336:	4aa6                	lw	s5,72(sp)
     338:	4b36                	lw	s6,76(sp)
     33a:	4bc6                	lw	s7,80(sp)
     33c:	4c56                	lw	s8,84(sp)
     33e:	4ce6                	lw	s9,88(sp)
     340:	4d76                	lw	s10,92(sp)
     342:	5d86                	lw	s11,96(sp)
     344:	5e16                	lw	t3,100(sp)
     346:	5ea6                	lw	t4,104(sp)
     348:	5f36                	lw	t5,108(sp)
     34a:	5fc6                	lw	t6,112(sp)
     34c:	52d6                	lw	t0,116(sp)
     34e:	02a1                	addi	t0,t0,8
     350:	30029073          	csrw	mstatus,t0
     354:	42a2                	lw	t0,8(sp)
     356:	07810113          	addi	sp,sp,120
     35a:	8082                	ret
     35c:	00000013          	nop
     360:	00000013          	nop
     364:	00000013          	nop
     368:	00000013          	nop
     36c:	00000013          	nop
     370:	00000013          	nop
     374:	00000013          	nop
     378:	00000013          	nop
     37c:	00000013          	nop
     380:	00000013          	nop
     384:	00000013          	nop
     388:	00000013          	nop
     38c:	00000013          	nop
     390:	00000013          	nop
     394:	00000013          	nop
     398:	00000013          	nop
     39c:	00000013          	nop
     3a0:	00000013          	nop
     3a4:	00000013          	nop
     3a8:	00000013          	nop
     3ac:	00000013          	nop
     3b0:	00000013          	nop
     3b4:	00000013          	nop
     3b8:	00000013          	nop
     3bc:	00000013          	nop
     3c0:	00000013          	nop
     3c4:	00000013          	nop
     3c8:	00000013          	nop
     3cc:	00000013          	nop
     3d0:	00000013          	nop
     3d4:	00000013          	nop
     3d8:	00000013          	nop
     3dc:	00000013          	nop
     3e0:	00000013          	nop
     3e4:	00000013          	nop
     3e8:	00000013          	nop
     3ec:	00000013          	nop
     3f0:	00000013          	nop
     3f4:	00000013          	nop
     3f8:	00000013          	nop
     3fc:	00000013          	nop

00000400 <pxPortInitialiseStack>:
     400:	300022f3          	csrr	t0,mstatus
     404:	ff72f293          	andi	t0,t0,-9
     408:	78800313          	li	t1,1928
     40c:	0312                	slli	t1,t1,0x4
     40e:	0062e2b3          	or	t0,t0,t1
     412:	1571                	addi	a0,a0,-4
     414:	00552023          	sw	t0,0(a0)
     418:	fa850513          	addi	a0,a0,-88
     41c:	c110                	sw	a2,0(a0)
     41e:	1521                	addi	a0,a0,-24
     420:	00052023          	sw	zero,0(a0)
     424:	00000293          	li	t0,0

00000428 <chip_specific_stack_frame>:
     428:	00028763          	beqz	t0,436 <chip_specific_stack_frame+0xe>
     42c:	1571                	addi	a0,a0,-4
     42e:	00052023          	sw	zero,0(a0)
     432:	12fd                	addi	t0,t0,-1
     434:	bfd5                	j	428 <chip_specific_stack_frame>
     436:	1571                	addi	a0,a0,-4
     438:	c10c                	sw	a1,0(a0)
     43a:	8082                	ret
	...

000004e6 <__riscv_save_12>:
     4e6:	7139                	addi	sp,sp,-64
     4e8:	4301                	li	t1,0
     4ea:	c66e                	sw	s11,12(sp)
     4ec:	a019                	j	4f2 <__riscv_save_10+0x4>

000004ee <__riscv_save_10>:
     4ee:	7139                	addi	sp,sp,-64
     4f0:	5341                	li	t1,-16
     4f2:	c86a                	sw	s10,16(sp)
     4f4:	ca66                	sw	s9,20(sp)
     4f6:	cc62                	sw	s8,24(sp)
     4f8:	ce5e                	sw	s7,28(sp)
     4fa:	a019                	j	500 <__riscv_save_4+0x4>

000004fc <__riscv_save_4>:
     4fc:	7139                	addi	sp,sp,-64
     4fe:	5301                	li	t1,-32
     500:	d05a                	sw	s6,32(sp)
     502:	d256                	sw	s5,36(sp)
     504:	d452                	sw	s4,40(sp)
     506:	d64e                	sw	s3,44(sp)
     508:	d84a                	sw	s2,48(sp)
     50a:	da26                	sw	s1,52(sp)
     50c:	dc22                	sw	s0,56(sp)
     50e:	de06                	sw	ra,60(sp)
     510:	40610133          	sub	sp,sp,t1
     514:	8282                	jr	t0

00000516 <__riscv_save_0>:
     516:	1141                	addi	sp,sp,-16
     518:	c04a                	sw	s2,0(sp)
     51a:	c226                	sw	s1,4(sp)
     51c:	c422                	sw	s0,8(sp)
     51e:	c606                	sw	ra,12(sp)
     520:	8282                	jr	t0

00000522 <__riscv_restore_12>:
     522:	4db2                	lw	s11,12(sp)
     524:	0141                	addi	sp,sp,16

00000526 <__riscv_restore_10>:
     526:	4d02                	lw	s10,0(sp)
     528:	4c92                	lw	s9,4(sp)
     52a:	4c22                	lw	s8,8(sp)
     52c:	4bb2                	lw	s7,12(sp)
     52e:	0141                	addi	sp,sp,16

00000530 <__riscv_restore_4>:
     530:	4b02                	lw	s6,0(sp)
     532:	4a92                	lw	s5,4(sp)
     534:	4a22                	lw	s4,8(sp)
     536:	49b2                	lw	s3,12(sp)
     538:	0141                	addi	sp,sp,16

0000053a <__riscv_restore_0>:
     53a:	4902                	lw	s2,0(sp)
     53c:	4492                	lw	s1,4(sp)
     53e:	4422                	lw	s0,8(sp)
     540:	40b2                	lw	ra,12(sp)
     542:	0141                	addi	sp,sp,16
     544:	8082                	ret

00000546 <memset>:
     546:	433d                	li	t1,15
     548:	872a                	mv	a4,a0
     54a:	02c37363          	bgeu	t1,a2,570 <memset+0x2a>
     54e:	00f77793          	andi	a5,a4,15
     552:	efbd                	bnez	a5,5d0 <memset+0x8a>
     554:	e5ad                	bnez	a1,5be <memset+0x78>
     556:	ff067693          	andi	a3,a2,-16
     55a:	8a3d                	andi	a2,a2,15
     55c:	96ba                	add	a3,a3,a4
     55e:	c30c                	sw	a1,0(a4)
     560:	c34c                	sw	a1,4(a4)
     562:	c70c                	sw	a1,8(a4)
     564:	c74c                	sw	a1,12(a4)
     566:	0741                	addi	a4,a4,16
     568:	fed76be3          	bltu	a4,a3,55e <memset+0x18>
     56c:	e211                	bnez	a2,570 <memset+0x2a>
     56e:	8082                	ret
     570:	40c306b3          	sub	a3,t1,a2
     574:	068a                	slli	a3,a3,0x2
     576:	00000297          	auipc	t0,0x0
     57a:	9696                	add	a3,a3,t0
     57c:	00a68067          	jr	10(a3)
     580:	00b70723          	sb	a1,14(a4)
     584:	00b706a3          	sb	a1,13(a4)
     588:	00b70623          	sb	a1,12(a4)
     58c:	00b705a3          	sb	a1,11(a4)
     590:	00b70523          	sb	a1,10(a4)
     594:	00b704a3          	sb	a1,9(a4)
     598:	00b70423          	sb	a1,8(a4)
     59c:	00b703a3          	sb	a1,7(a4)
     5a0:	00b70323          	sb	a1,6(a4)
     5a4:	00b702a3          	sb	a1,5(a4)
     5a8:	00b70223          	sb	a1,4(a4)
     5ac:	00b701a3          	sb	a1,3(a4)
     5b0:	00b70123          	sb	a1,2(a4)
     5b4:	00b700a3          	sb	a1,1(a4)
     5b8:	00b70023          	sb	a1,0(a4)
     5bc:	8082                	ret
     5be:	0ff5f593          	andi	a1,a1,255
     5c2:	00859693          	slli	a3,a1,0x8
     5c6:	8dd5                	or	a1,a1,a3
     5c8:	01059693          	slli	a3,a1,0x10
     5cc:	8dd5                	or	a1,a1,a3
     5ce:	b761                	j	556 <memset+0x10>
     5d0:	00279693          	slli	a3,a5,0x2
     5d4:	00000297          	auipc	t0,0x0
     5d8:	9696                	add	a3,a3,t0
     5da:	8286                	mv	t0,ra
     5dc:	fa8680e7          	jalr	-88(a3)
     5e0:	8096                	mv	ra,t0
     5e2:	17c1                	addi	a5,a5,-16
     5e4:	8f1d                	sub	a4,a4,a5
     5e6:	963e                	add	a2,a2,a5
     5e8:	f8c374e3          	bgeu	t1,a2,570 <memset+0x2a>
     5ec:	b7a5                	j	554 <memset+0xe>

000005ee <TX_Callback>:
     5ee:	f29ff2ef          	jal	t0,516 <__riscv_save_0>
     5f2:	200007b7          	lui	a5,0x20000
     5f6:	0c87a503          	lw	a0,200(a5) # 200000c8 <pTXQueue>
     5fa:	1141                	addi	sp,sp,-16
     5fc:	0070                	addi	a2,sp,12
     5fe:	00b10593          	addi	a1,sp,11
     602:	c602                	sw	zero,12(sp)
     604:	65f010ef          	jal	ra,2462 <xQueueReceiveFromISR>
     608:	4785                	li	a5,1
     60a:	00f51663          	bne	a0,a5,616 <TX_Callback+0x28>
     60e:	858c                	lbu	a1,11(sp)
     610:	4509                	li	a0,2
     612:	3c6010ef          	jal	ra,19d8 <HAL_SendByte_IT>
     616:	47b2                	lw	a5,12(sp)
     618:	c791                	beqz	a5,624 <TX_Callback+0x36>
     61a:	e000e7b7          	lui	a5,0xe000e
     61e:	6711                	lui	a4,0x4
     620:	20e7a023          	sw	a4,512(a5) # e000e200 <__freertos_irq_stack_top+0xc0006200>
     624:	0141                	addi	sp,sp,16
     626:	bf11                	j	53a <__riscv_restore_0>

00000628 <RX_Callback>:
     628:	eefff2ef          	jal	t0,516 <__riscv_save_0>
     62c:	200005b7          	lui	a1,0x20000
     630:	0be5c783          	lbu	a5,190(a1) # 200000be <data_byte>
     634:	1141                	addi	sp,sp,-16
     636:	0be58593          	addi	a1,a1,190
     63a:	4509                	li	a0,2
     63c:	85dc                	sb	a5,11(sp)
     63e:	c602                	sw	zero,12(sp)
     640:	3b2010ef          	jal	ra,19f2 <HAL_RecieveByte_IT>
     644:	200007b7          	lui	a5,0x20000
     648:	0c47a503          	lw	a0,196(a5) # 200000c4 <pRXQueue>
     64c:	4681                	li	a3,0
     64e:	0070                	addi	a2,sp,12
     650:	00b10593          	addi	a1,sp,11
     654:	381010ef          	jal	ra,21d4 <xQueueGenericSendFromISR>
     658:	47b2                	lw	a5,12(sp)
     65a:	c791                	beqz	a5,666 <RX_Callback+0x3e>
     65c:	e000e7b7          	lui	a5,0xe000e
     660:	6711                	lui	a4,0x4
     662:	20e7a023          	sw	a4,512(a5) # e000e200 <__freertos_irq_stack_top+0xc0006200>
     666:	0141                	addi	sp,sp,16
     668:	bdc9                	j	53a <__riscv_restore_0>

0000066a <xGetAppTaskHandle>:
     66a:	20000537          	lui	a0,0x20000
     66e:	0b850513          	addi	a0,a0,184 # 200000b8 <_edata>
     672:	8082                	ret

00000674 <vAppInit>:
     674:	ea3ff2ef          	jal	t0,516 <__riscv_save_0>
     678:	65f1                	lui	a1,0x1c
     67a:	4701                	li	a4,0
     67c:	4681                	li	a3,0
     67e:	4601                	li	a2,0
     680:	20058593          	addi	a1,a1,512 # 1c200 <_data_lma+0x176a4>
     684:	4509                	li	a0,2
     686:	2a2010ef          	jal	ra,1928 <HALUSARTInit>
     68a:	00000637          	lui	a2,0x0
     68e:	000005b7          	lui	a1,0x0
     692:	4705                	li	a4,1
     694:	4685                	li	a3,1
     696:	5ee60613          	addi	a2,a2,1518 # 5ee <TX_Callback>
     69a:	62858593          	addi	a1,a1,1576 # 628 <RX_Callback>
     69e:	4509                	li	a0,2
     6a0:	30c010ef          	jal	ra,19ac <HALUSARTInitIT>
     6a4:	4509                	li	a0,2
     6a6:	2ee010ef          	jal	ra,1994 <HALUSARTEnable>
     6aa:	200005b7          	lui	a1,0x20000
     6ae:	0be58593          	addi	a1,a1,190 # 200000be <data_byte>
     6b2:	4509                	li	a0,2
     6b4:	33e010ef          	jal	ra,19f2 <HAL_RecieveByte_IT>
     6b8:	b549                	j	53a <__riscv_restore_0>

000006ba <vAppTask>:
     6ba:	e35ff2ef          	jal	t0,4ee <__riscv_save_10>
     6be:	1141                	addi	sp,sp,-16
     6c0:	20000b37          	lui	s6,0x20000
     6c4:	20000937          	lui	s2,0x20000
     6c8:	20000bb7          	lui	s7,0x20000
     6cc:	200004b7          	lui	s1,0x20000
     6d0:	200009b7          	lui	s3,0x20000
     6d4:	20000c37          	lui	s8,0x20000
     6d8:	20000ab7          	lui	s5,0x20000
     6dc:	0c4b0413          	addi	s0,s6,196 # 200000c4 <pRXQueue>
     6e0:	4008                	lw	a0,0(s0)
     6e2:	671010ef          	jal	ra,2552 <uxQueueMessagesWaiting>
     6e6:	cd21                	beqz	a0,73e <vAppTask+0x84>
     6e8:	4008                	lw	a0,0(s0)
     6ea:	4601                	li	a2,0
     6ec:	00f10593          	addi	a1,sp,15
     6f0:	40d010ef          	jal	ra,22fc <xQueueReceive>
     6f4:	4785                	li	a5,1
     6f6:	04f51463          	bne	a0,a5,73e <vAppTask+0x84>
     6fa:	8798                	lbu	a4,15(sp)
     6fc:	0bcb8693          	addi	a3,s7,188 # 200000bc <RX_SIZE>
     700:	229c                	lbu	a5,0(a3)
     702:	14e90423          	sb	a4,328(s2) # 20000148 <RX_DATA_BUFFER>
     706:	02800613          	li	a2,40
     70a:	00f66463          	bltu	a2,a5,712 <vAppTask+0x58>
     70e:	0785                	addi	a5,a5,1
     710:	a29c                	sb	a5,0(a3)
     712:	47b5                	li	a5,13
     714:	02f71563          	bne	a4,a5,73e <vAppTask+0x84>
     718:	0bd48693          	addi	a3,s1,189 # 200000bd <TX_SIZE>
     71c:	17098613          	addi	a2,s3,368 # 20000170 <TX_DATA_BUFFER>
     720:	0ff00593          	li	a1,255
     724:	14890513          	addi	a0,s2,328
     728:	0bd48413          	addi	s0,s1,189
     72c:	79a000ef          	jal	ra,ec6 <DataParser>
     730:	201c                	lbu	a5,0(s0)
     732:	0bd48d13          	addi	s10,s1,189
     736:	4405                	li	s0,1
     738:	17098c93          	addi	s9,s3,368
     73c:	e38d                	bnez	a5,75e <vAppTask+0xa4>
     73e:	0c0aa503          	lw	a0,192(s5) # 200000c0 <pCANRXQueue>
     742:	611010ef          	jal	ra,2552 <uxQueueMessagesWaiting>
     746:	bf59                	j	6dc <vAppTask+0x22>
     748:	000a2503          	lw	a0,0(s4)
     74c:	008c85b3          	add	a1,s9,s0
     750:	4681                	li	a3,0
     752:	4605                	li	a2,1
     754:	0405                	addi	s0,s0,1
     756:	0e3010ef          	jal	ra,2038 <xQueueGenericSend>
     75a:	0ff47413          	andi	s0,s0,255
     75e:	000d4783          	lbu	a5,0(s10)
     762:	0c8c0a13          	addi	s4,s8,200 # 200000c8 <pTXQueue>
     766:	fef461e3          	bltu	s0,a5,748 <vAppTask+0x8e>
     76a:	000cc583          	lbu	a1,0(s9)
     76e:	4509                	li	a0,2
     770:	268010ef          	jal	ra,19d8 <HAL_SendByte_IT>
     774:	000a2503          	lw	a0,0(s4)
     778:	5db010ef          	jal	ra,2552 <uxQueueMessagesWaiting>
     77c:	fd65                	bnez	a0,774 <vAppTask+0xba>
     77e:	b7c1                	j	73e <vAppTask+0x84>

00000780 <NMI_Handler>:
     780:	a001                	j	780 <NMI_Handler>

00000782 <HardFault_Handler>:
     782:	a001                	j	782 <HardFault_Handler>

00000784 <InitDevice>:
     784:	d93ff2ef          	jal	t0,516 <__riscv_save_0>
     788:	35f5                	jal	674 <vAppInit>
     78a:	bb45                	j	53a <__riscv_restore_0>

0000078c <GPIO_Toggle_INIT>:
     78c:	d8bff2ef          	jal	t0,516 <__riscv_save_0>
     790:	1141                	addi	sp,sp,-16
     792:	4585                	li	a1,1
     794:	4511                	li	a0,4
     796:	c202                	sw	zero,4(sp)
     798:	c402                	sw	zero,8(sp)
     79a:	c602                	sw	zero,12(sp)
     79c:	2b51                	jal	d30 <RCC_APB2PeriphClockCmd>
     79e:	478d                	li	a5,3
     7a0:	827c                	sh	a5,4(sp)
     7a2:	40011537          	lui	a0,0x40011
     7a6:	47c1                	li	a5,16
     7a8:	c63e                	sw	a5,12(sp)
     7aa:	004c                	addi	a1,sp,4
     7ac:	478d                	li	a5,3
     7ae:	80050513          	addi	a0,a0,-2048 # 40010800 <__freertos_irq_stack_top+0x20008800>
     7b2:	c43e                	sw	a5,8(sp)
     7b4:	2e35                	jal	af0 <GPIO_Init>
     7b6:	0141                	addi	sp,sp,16
     7b8:	b349                	j	53a <__riscv_restore_0>

000007ba <main>:
     7ba:	d5dff2ef          	jal	t0,516 <__riscv_save_0>
     7be:	4509                	li	a0,2
     7c0:	2ec5                	jal	bb0 <NVIC_PriorityGroupConfig>
     7c2:	2a11                	jal	8d6 <SystemCoreClockUpdate>
     7c4:	37c1                	jal	784 <InitDevice>
     7c6:	37d9                	jal	78c <GPIO_Toggle_INIT>
     7c8:	00005437          	lui	s0,0x5
     7cc:	2485                	jal	a2c <vSYStaskInit>
     7ce:	278020ef          	jal	ra,2a46 <vTaskStartScheduler>
     7d2:	8ac40513          	addi	a0,s0,-1876 # 48ac <_read+0x12>
     7d6:	7b9020ef          	jal	ra,378e <puts>
     7da:	bfe5                	j	7d2 <main+0x18>

000007dc <SystemInit>:
     7dc:	400217b7          	lui	a5,0x40021
     7e0:	4398                	lw	a4,0(a5)
     7e2:	f0ff06b7          	lui	a3,0xf0ff0
     7e6:	1141                	addi	sp,sp,-16
     7e8:	00176713          	ori	a4,a4,1
     7ec:	c398                	sw	a4,0(a5)
     7ee:	43d8                	lw	a4,4(a5)
     7f0:	00020637          	lui	a2,0x20
     7f4:	8f75                	and	a4,a4,a3
     7f6:	c3d8                	sw	a4,4(a5)
     7f8:	4398                	lw	a4,0(a5)
     7fa:	fef706b7          	lui	a3,0xfef70
     7fe:	16fd                	addi	a3,a3,-1
     800:	8f75                	and	a4,a4,a3
     802:	c398                	sw	a4,0(a5)
     804:	4398                	lw	a4,0(a5)
     806:	fffc06b7          	lui	a3,0xfffc0
     80a:	16fd                	addi	a3,a3,-1
     80c:	8f75                	and	a4,a4,a3
     80e:	c398                	sw	a4,0(a5)
     810:	43d8                	lw	a4,4(a5)
     812:	ff0106b7          	lui	a3,0xff010
     816:	16fd                	addi	a3,a3,-1
     818:	8f75                	and	a4,a4,a3
     81a:	c3d8                	sw	a4,4(a5)
     81c:	4398                	lw	a4,0(a5)
     81e:	ec0006b7          	lui	a3,0xec000
     822:	16fd                	addi	a3,a3,-1
     824:	8f75                	and	a4,a4,a3
     826:	c398                	sw	a4,0(a5)
     828:	00ff0737          	lui	a4,0xff0
     82c:	c798                	sw	a4,8(a5)
     82e:	0207a623          	sw	zero,44(a5) # 4002102c <__freertos_irq_stack_top+0x2001902c>
     832:	c402                	sw	zero,8(sp)
     834:	c602                	sw	zero,12(sp)
     836:	4398                	lw	a4,0(a5)
     838:	66c1                	lui	a3,0x10
     83a:	8f55                	or	a4,a4,a3
     83c:	c398                	sw	a4,0(a5)
     83e:	400216b7          	lui	a3,0x40021
     842:	6705                	lui	a4,0x1
     844:	429c                	lw	a5,0(a3)
     846:	8ff1                	and	a5,a5,a2
     848:	c63e                	sw	a5,12(sp)
     84a:	47a2                	lw	a5,8(sp)
     84c:	0785                	addi	a5,a5,1
     84e:	c43e                	sw	a5,8(sp)
     850:	47b2                	lw	a5,12(sp)
     852:	e781                	bnez	a5,85a <__stack_size+0x5a>
     854:	47a2                	lw	a5,8(sp)
     856:	fee797e3          	bne	a5,a4,844 <__stack_size+0x44>
     85a:	400217b7          	lui	a5,0x40021
     85e:	439c                	lw	a5,0(a5)
     860:	00e79713          	slli	a4,a5,0xe
     864:	06075763          	bgez	a4,8d2 <__stack_size+0xd2>
     868:	4785                	li	a5,1
     86a:	c63e                	sw	a5,12(sp)
     86c:	4732                	lw	a4,12(sp)
     86e:	4785                	li	a5,1
     870:	04f71f63          	bne	a4,a5,8ce <__stack_size+0xce>
     874:	400217b7          	lui	a5,0x40021
     878:	43d8                	lw	a4,4(a5)
     87a:	ffc106b7          	lui	a3,0xffc10
     87e:	16fd                	addi	a3,a3,-1
     880:	c3d8                	sw	a4,4(a5)
     882:	43d8                	lw	a4,4(a5)
     884:	c3d8                	sw	a4,4(a5)
     886:	43d8                	lw	a4,4(a5)
     888:	40076713          	ori	a4,a4,1024
     88c:	c3d8                	sw	a4,4(a5)
     88e:	43d8                	lw	a4,4(a5)
     890:	8f75                	and	a4,a4,a3
     892:	c3d8                	sw	a4,4(a5)
     894:	43d8                	lw	a4,4(a5)
     896:	002906b7          	lui	a3,0x290
     89a:	8f55                	or	a4,a4,a3
     89c:	c3d8                	sw	a4,4(a5)
     89e:	4398                	lw	a4,0(a5)
     8a0:	010006b7          	lui	a3,0x1000
     8a4:	8f55                	or	a4,a4,a3
     8a6:	c398                	sw	a4,0(a5)
     8a8:	4398                	lw	a4,0(a5)
     8aa:	00671693          	slli	a3,a4,0x6
     8ae:	fe06dde3          	bgez	a3,8a8 <__stack_size+0xa8>
     8b2:	43d8                	lw	a4,4(a5)
     8b4:	400216b7          	lui	a3,0x40021
     8b8:	9b71                	andi	a4,a4,-4
     8ba:	c3d8                	sw	a4,4(a5)
     8bc:	43d8                	lw	a4,4(a5)
     8be:	00276713          	ori	a4,a4,2
     8c2:	c3d8                	sw	a4,4(a5)
     8c4:	4721                	li	a4,8
     8c6:	42dc                	lw	a5,4(a3)
     8c8:	8bb1                	andi	a5,a5,12
     8ca:	fee79ee3          	bne	a5,a4,8c6 <__stack_size+0xc6>
     8ce:	0141                	addi	sp,sp,16
     8d0:	8082                	ret
     8d2:	c602                	sw	zero,12(sp)
     8d4:	bf61                	j	86c <__stack_size+0x6c>

000008d6 <SystemCoreClockUpdate>:
     8d6:	400216b7          	lui	a3,0x40021
     8da:	42d8                	lw	a4,4(a3)
     8dc:	200007b7          	lui	a5,0x20000
     8e0:	4611                	li	a2,4
     8e2:	8b31                	andi	a4,a4,12
     8e4:	09078793          	addi	a5,a5,144 # 20000090 <SystemCoreClock>
     8e8:	00c70563          	beq	a4,a2,8f2 <SystemCoreClockUpdate+0x1c>
     8ec:	4621                	li	a2,8
     8ee:	02c70863          	beq	a4,a2,91e <SystemCoreClockUpdate+0x48>
     8f2:	007a1737          	lui	a4,0x7a1
     8f6:	20070713          	addi	a4,a4,512 # 7a1200 <_data_lma+0x79c6a4>
     8fa:	c398                	sw	a4,0(a5)
     8fc:	40021737          	lui	a4,0x40021
     900:	4358                	lw	a4,4(a4)
     902:	8311                	srli	a4,a4,0x4
     904:	00f77693          	andi	a3,a4,15
     908:	20000737          	lui	a4,0x20000
     90c:	00070713          	mv	a4,a4
     910:	9736                	add	a4,a4,a3
     912:	2314                	lbu	a3,0(a4)
     914:	4398                	lw	a4,0(a5)
     916:	00d75733          	srl	a4,a4,a3
     91a:	c398                	sw	a4,0(a5)
     91c:	8082                	ret
     91e:	42d8                	lw	a4,4(a3)
     920:	42d4                	lw	a3,4(a3)
     922:	6641                	lui	a2,0x10
     924:	8349                	srli	a4,a4,0x12
     926:	8b3d                	andi	a4,a4,15
     928:	8ef1                	and	a3,a3,a2
     92a:	00270613          	addi	a2,a4,2 # 20000002 <_data_vma+0x2>
     92e:	cf15                	beqz	a4,96a <SystemCoreClockUpdate+0x94>
     930:	473d                	li	a4,15
     932:	02e60f63          	beq	a2,a4,970 <SystemCoreClockUpdate+0x9a>
     936:	4741                	li	a4,16
     938:	02e60f63          	beq	a2,a4,976 <SystemCoreClockUpdate+0xa0>
     93c:	4745                	li	a4,17
     93e:	4581                	li	a1,0
     940:	00e61363          	bne	a2,a4,946 <SystemCoreClockUpdate+0x70>
     944:	4641                	li	a2,16
     946:	e2a1                	bnez	a3,986 <SystemCoreClockUpdate+0xb0>
     948:	40024737          	lui	a4,0x40024
     94c:	80072703          	lw	a4,-2048(a4) # 40023800 <__freertos_irq_stack_top+0x2001b800>
     950:	8b41                	andi	a4,a4,16
     952:	c70d                	beqz	a4,97c <SystemCoreClockUpdate+0xa6>
     954:	007a1737          	lui	a4,0x7a1
     958:	20070713          	addi	a4,a4,512 # 7a1200 <_data_lma+0x79c6a4>
     95c:	02c70633          	mul	a2,a4,a2
     960:	c390                	sw	a2,0(a5)
     962:	ddc9                	beqz	a1,8fc <SystemCoreClockUpdate+0x26>
     964:	4398                	lw	a4,0(a5)
     966:	8305                	srli	a4,a4,0x1
     968:	bf49                	j	8fa <SystemCoreClockUpdate+0x24>
     96a:	4581                	li	a1,0
     96c:	4649                	li	a2,18
     96e:	bfe1                	j	946 <SystemCoreClockUpdate+0x70>
     970:	4585                	li	a1,1
     972:	4635                	li	a2,13
     974:	bfc9                	j	946 <SystemCoreClockUpdate+0x70>
     976:	4581                	li	a1,0
     978:	463d                	li	a2,15
     97a:	b7f1                	j	946 <SystemCoreClockUpdate+0x70>
     97c:	003d1737          	lui	a4,0x3d1
     980:	90070713          	addi	a4,a4,-1792 # 3d0900 <_data_lma+0x3cbda4>
     984:	bfe1                	j	95c <SystemCoreClockUpdate+0x86>
     986:	40021537          	lui	a0,0x40021
     98a:	5558                	lw	a4,44(a0)
     98c:	00f71693          	slli	a3,a4,0xf
     990:	5558                	lw	a4,44(a0)
     992:	0406df63          	bgez	a3,9f0 <SystemCoreClockUpdate+0x11a>
     996:	8311                	srli	a4,a4,0x4
     998:	8b3d                	andi	a4,a4,15
     99a:	00170693          	addi	a3,a4,1
     99e:	007a1737          	lui	a4,0x7a1
     9a2:	20070713          	addi	a4,a4,512 # 7a1200 <_data_lma+0x79c6a4>
     9a6:	02d75733          	divu	a4,a4,a3
     9aa:	c398                	sw	a4,0(a5)
     9ac:	5554                	lw	a3,44(a0)
     9ae:	82a1                	srli	a3,a3,0x8
     9b0:	8abd                	andi	a3,a3,15
     9b2:	e28d                	bnez	a3,9d4 <SystemCoreClockUpdate+0xfe>
     9b4:	4695                	li	a3,5
     9b6:	02d70733          	mul	a4,a4,a3
     9ba:	8305                	srli	a4,a4,0x1
     9bc:	c398                	sw	a4,0(a5)
     9be:	40021737          	lui	a4,0x40021
     9c2:	5758                	lw	a4,44(a4)
     9c4:	4394                	lw	a3,0(a5)
     9c6:	8b3d                	andi	a4,a4,15
     9c8:	0705                	addi	a4,a4,1
     9ca:	02e6d733          	divu	a4,a3,a4
     9ce:	c398                	sw	a4,0(a5)
     9d0:	4398                	lw	a4,0(a5)
     9d2:	b769                	j	95c <SystemCoreClockUpdate+0x86>
     9d4:	4505                	li	a0,1
     9d6:	00a69463          	bne	a3,a0,9de <SystemCoreClockUpdate+0x108>
     9da:	46e5                	li	a3,25
     9dc:	bfe9                	j	9b6 <SystemCoreClockUpdate+0xe0>
     9de:	453d                	li	a0,15
     9e0:	00a69663          	bne	a3,a0,9ec <SystemCoreClockUpdate+0x116>
     9e4:	46d1                	li	a3,20
     9e6:	02e68733          	mul	a4,a3,a4
     9ea:	bfc9                	j	9bc <SystemCoreClockUpdate+0xe6>
     9ec:	0689                	addi	a3,a3,2
     9ee:	bfe5                	j	9e6 <SystemCoreClockUpdate+0x110>
     9f0:	8b3d                	andi	a4,a4,15
     9f2:	00170693          	addi	a3,a4,1 # 40021001 <__freertos_irq_stack_top+0x20019001>
     9f6:	007a1737          	lui	a4,0x7a1
     9fa:	20070713          	addi	a4,a4,512 # 7a1200 <_data_lma+0x79c6a4>
     9fe:	02d75733          	divu	a4,a4,a3
     a02:	b7f1                	j	9ce <SystemCoreClockUpdate+0xf8>

00000a04 <vApplicationGetIdleTaskMemory>:
     a04:	55c18793          	addi	a5,gp,1372 # 20000dec <xIdleTaskTCB>
     a08:	c11c                	sw	a5,0(a0)
     a0a:	d0818793          	addi	a5,gp,-760 # 20000598 <uxIdleTaskStack>
     a0e:	c19c                	sw	a5,0(a1)
     a10:	10000793          	li	a5,256
     a14:	c21c                	sw	a5,0(a2)
     a16:	8082                	ret

00000a18 <vApplicationGetTimerTaskMemory>:
     a18:	5b018793          	addi	a5,gp,1456 # 20000e40 <xTimerTaskTCB>
     a1c:	c11c                	sw	a5,0(a0)
     a1e:	10818793          	addi	a5,gp,264 # 20000998 <uxTimerTaskStack>
     a22:	c19c                	sw	a5,0(a1)
     a24:	10000793          	li	a5,256
     a28:	c21c                	sw	a5,0(a2)
     a2a:	8082                	ret

00000a2c <vSYStaskInit>:
     a2c:	aebff2ef          	jal	t0,516 <__riscv_save_0>
     a30:	392d                	jal	66a <xGetAppTaskHandle>
     a32:	842a                	mv	s0,a0
     a34:	000055b7          	lui	a1,0x5
     a38:	00000537          	lui	a0,0x0
     a3c:	50818813          	addi	a6,gp,1288 # 20000d98 <xAPPTaskTCB>
     a40:	90818793          	addi	a5,gp,-1784 # 20000198 <AppTaskBuffer>
     a44:	4719                	li	a4,6
     a46:	4685                	li	a3,1
     a48:	10000613          	li	a2,256
     a4c:	8c458593          	addi	a1,a1,-1852 # 48c4 <_read+0x2a>
     a50:	6ba50513          	addi	a0,a0,1722 # 6ba <vAppTask>
     a54:	74d010ef          	jal	ra,29a0 <xTaskCreateStatic>
     a58:	c008                	sw	a0,0(s0)
     a5a:	b4c5                	j	53a <__riscv_restore_0>

00000a5c <ADC1_2_IRQHandler>:
     a5c:	a001                	j	a5c <ADC1_2_IRQHandler>

00000a5e <handle_reset>:
     a5e:	20000197          	auipc	gp,0x20000
     a62:	e3218193          	addi	gp,gp,-462 # 20000890 <__global_pointer$>
     a66:	20007117          	auipc	sp,0x20007
     a6a:	59a10113          	addi	sp,sp,1434 # 20008000 <__freertos_irq_stack_top>
     a6e:	00004517          	auipc	a0,0x4
     a72:	0ee50513          	addi	a0,a0,238 # 4b5c <_data_lma>
     a76:	1ffff597          	auipc	a1,0x1ffff
     a7a:	58a58593          	addi	a1,a1,1418 # 20000000 <_data_vma>
     a7e:	82818613          	addi	a2,gp,-2008 # 200000b8 <_edata>
     a82:	00c5fa63          	bgeu	a1,a2,a96 <handle_reset+0x38>
     a86:	00052283          	lw	t0,0(a0)
     a8a:	0055a023          	sw	t0,0(a1)
     a8e:	0511                	addi	a0,a0,4
     a90:	0591                	addi	a1,a1,4
     a92:	fec5eae3          	bltu	a1,a2,a86 <handle_reset+0x28>
     a96:	1ffff517          	auipc	a0,0x1ffff
     a9a:	62250513          	addi	a0,a0,1570 # 200000b8 <_edata>
     a9e:	20000597          	auipc	a1,0x20000
     aa2:	69658593          	addi	a1,a1,1686 # 20001134 <_ebss>
     aa6:	00b57763          	bgeu	a0,a1,ab4 <handle_reset+0x56>
     aaa:	00052023          	sw	zero,0(a0)
     aae:	0511                	addi	a0,a0,4
     ab0:	feb56de3          	bltu	a0,a1,aaa <handle_reset+0x4c>
     ab4:	42fd                	li	t0,31
     ab6:	bc029073          	csrw	0xbc0,t0
     aba:	42fd                	li	t0,31
     abc:	80429073          	csrw	0x804,t0
     ac0:	000082b7          	lui	t0,0x8
     ac4:	80028293          	addi	t0,t0,-2048 # 7800 <_data_lma+0x2ca4>
     ac8:	30029073          	csrw	mstatus,t0
     acc:	fffff297          	auipc	t0,0xfffff
     ad0:	53828293          	addi	t0,t0,1336 # 4 <_einit>
     ad4:	0032e293          	ori	t0,t0,3
     ad8:	30529073          	csrw	mtvec,t0
     adc:	d01ff0ef          	jal	ra,7dc <SystemInit>
     ae0:	00000297          	auipc	t0,0x0
     ae4:	cda28293          	addi	t0,t0,-806 # 7ba <main>
     ae8:	34129073          	csrw	mepc,t0
     aec:	30200073          	mret

00000af0 <GPIO_Init>:
     af0:	459c                	lw	a5,8(a1)
     af2:	0107f713          	andi	a4,a5,16
     af6:	00f7f813          	andi	a6,a5,15
     afa:	c701                	beqz	a4,b02 <GPIO_Init+0x12>
     afc:	41d8                	lw	a4,4(a1)
     afe:	00e86833          	or	a6,a6,a4
     b02:	218e                	lhu	a1,0(a1)
     b04:	0ff5f713          	andi	a4,a1,255
     b08:	c339                	beqz	a4,b4e <GPIO_Init+0x5e>
     b0a:	4118                	lw	a4,0(a0)
     b0c:	4681                	li	a3,0
     b0e:	4e85                	li	t4,1
     b10:	4f3d                	li	t5,15
     b12:	02800f93          	li	t6,40
     b16:	04800293          	li	t0,72
     b1a:	4e21                	li	t3,8
     b1c:	00de9633          	sll	a2,t4,a3
     b20:	00c5f8b3          	and	a7,a1,a2
     b24:	03161163          	bne	a2,a7,b46 <GPIO_Init+0x56>
     b28:	00269893          	slli	a7,a3,0x2
     b2c:	011f1333          	sll	t1,t5,a7
     b30:	fff34313          	not	t1,t1
     b34:	00e37733          	and	a4,t1,a4
     b38:	011818b3          	sll	a7,a6,a7
     b3c:	00e8e733          	or	a4,a7,a4
     b40:	05f79f63          	bne	a5,t6,b9e <GPIO_Init+0xae>
     b44:	c950                	sw	a2,20(a0)
     b46:	0685                	addi	a3,a3,1
     b48:	fdc69ae3          	bne	a3,t3,b1c <GPIO_Init+0x2c>
     b4c:	c118                	sw	a4,0(a0)
     b4e:	0ff00713          	li	a4,255
     b52:	04b77563          	bgeu	a4,a1,b9c <GPIO_Init+0xac>
     b56:	4154                	lw	a3,4(a0)
     b58:	4621                	li	a2,8
     b5a:	4e85                	li	t4,1
     b5c:	4f3d                	li	t5,15
     b5e:	02800f93          	li	t6,40
     b62:	04800293          	li	t0,72
     b66:	4e41                	li	t3,16
     b68:	00ce98b3          	sll	a7,t4,a2
     b6c:	0115f733          	and	a4,a1,a7
     b70:	02e89263          	bne	a7,a4,b94 <GPIO_Init+0xa4>
     b74:	00261713          	slli	a4,a2,0x2
     b78:	1701                	addi	a4,a4,-32
     b7a:	00ef1333          	sll	t1,t5,a4
     b7e:	fff34313          	not	t1,t1
     b82:	00d376b3          	and	a3,t1,a3
     b86:	00e81733          	sll	a4,a6,a4
     b8a:	8ed9                	or	a3,a3,a4
     b8c:	01f79d63          	bne	a5,t6,ba6 <GPIO_Init+0xb6>
     b90:	01152a23          	sw	a7,20(a0)
     b94:	0605                	addi	a2,a2,1
     b96:	fdc619e3          	bne	a2,t3,b68 <GPIO_Init+0x78>
     b9a:	c154                	sw	a3,4(a0)
     b9c:	8082                	ret
     b9e:	fa5794e3          	bne	a5,t0,b46 <GPIO_Init+0x56>
     ba2:	c910                	sw	a2,16(a0)
     ba4:	b74d                	j	b46 <GPIO_Init+0x56>
     ba6:	fe5797e3          	bne	a5,t0,b94 <GPIO_Init+0xa4>
     baa:	01152823          	sw	a7,16(a0)
     bae:	b7dd                	j	b94 <GPIO_Init+0xa4>

00000bb0 <NVIC_PriorityGroupConfig>:
     bb0:	200007b7          	lui	a5,0x20000
     bb4:	0ca7a623          	sw	a0,204(a5) # 200000cc <NVIC_Priority_Group>
     bb8:	8082                	ret

00000bba <RCC_GetClocksFreq>:
     bba:	40021737          	lui	a4,0x40021
     bbe:	435c                	lw	a5,4(a4)
     bc0:	4691                	li	a3,4
     bc2:	8bb1                	andi	a5,a5,12
     bc4:	00d78563          	beq	a5,a3,bce <RCC_GetClocksFreq+0x14>
     bc8:	46a1                	li	a3,8
     bca:	06d78263          	beq	a5,a3,c2e <RCC_GetClocksFreq+0x74>
     bce:	007a17b7          	lui	a5,0x7a1
     bd2:	20078793          	addi	a5,a5,512 # 7a1200 <_data_lma+0x79c6a4>
     bd6:	c11c                	sw	a5,0(a0)
     bd8:	40021637          	lui	a2,0x40021
     bdc:	425c                	lw	a5,4(a2)
     bde:	20000737          	lui	a4,0x20000
     be2:	01070713          	addi	a4,a4,16 # 20000010 <APBAHBPrescTable>
     be6:	8391                	srli	a5,a5,0x4
     be8:	8bbd                	andi	a5,a5,15
     bea:	97ba                	add	a5,a5,a4
     bec:	2394                	lbu	a3,0(a5)
     bee:	411c                	lw	a5,0(a0)
     bf0:	00d7d7b3          	srl	a5,a5,a3
     bf4:	c15c                	sw	a5,4(a0)
     bf6:	4254                	lw	a3,4(a2)
     bf8:	82a1                	srli	a3,a3,0x8
     bfa:	8a9d                	andi	a3,a3,7
     bfc:	96ba                	add	a3,a3,a4
     bfe:	2294                	lbu	a3,0(a3)
     c00:	00d7d6b3          	srl	a3,a5,a3
     c04:	c514                	sw	a3,8(a0)
     c06:	4254                	lw	a3,4(a2)
     c08:	82ad                	srli	a3,a3,0xb
     c0a:	8a9d                	andi	a3,a3,7
     c0c:	9736                	add	a4,a4,a3
     c0e:	2318                	lbu	a4,0(a4)
     c10:	00e7d7b3          	srl	a5,a5,a4
     c14:	c55c                	sw	a5,12(a0)
     c16:	4258                	lw	a4,4(a2)
     c18:	8339                	srli	a4,a4,0xe
     c1a:	00377693          	andi	a3,a4,3
     c1e:	80418713          	addi	a4,gp,-2044 # 20000094 <ADCPrescTable>
     c22:	9736                	add	a4,a4,a3
     c24:	2318                	lbu	a4,0(a4)
     c26:	02e7d7b3          	divu	a5,a5,a4
     c2a:	c91c                	sw	a5,16(a0)
     c2c:	8082                	ret
     c2e:	435c                	lw	a5,4(a4)
     c30:	4358                	lw	a4,4(a4)
     c32:	66c1                	lui	a3,0x10
     c34:	83c9                	srli	a5,a5,0x12
     c36:	8f75                	and	a4,a4,a3
     c38:	1ffff6b7          	lui	a3,0x1ffff
     c3c:	70c6a683          	lw	a3,1804(a3) # 1ffff70c <_data_lma+0x1fffabb0>
     c40:	8bbd                	andi	a5,a5,15
     c42:	0789                	addi	a5,a5,2
     c44:	01169613          	slli	a2,a3,0x11
     c48:	00064863          	bltz	a2,c58 <RCC_GetClocksFreq+0x9e>
     c4c:	46c5                	li	a3,17
     c4e:	4601                	li	a2,0
     c50:	02d79263          	bne	a5,a3,c74 <RCC_GetClocksFreq+0xba>
     c54:	47c9                	li	a5,18
     c56:	a839                	j	c74 <RCC_GetClocksFreq+0xba>
     c58:	4689                	li	a3,2
     c5a:	02d78f63          	beq	a5,a3,c98 <RCC_GetClocksFreq+0xde>
     c5e:	46bd                	li	a3,15
     c60:	02d78e63          	beq	a5,a3,c9c <RCC_GetClocksFreq+0xe2>
     c64:	46c1                	li	a3,16
     c66:	02d78e63          	beq	a5,a3,ca2 <RCC_GetClocksFreq+0xe8>
     c6a:	46c5                	li	a3,17
     c6c:	4601                	li	a2,0
     c6e:	00d79363          	bne	a5,a3,c74 <RCC_GetClocksFreq+0xba>
     c72:	47c1                	li	a5,16
     c74:	ef1d                	bnez	a4,cb2 <RCC_GetClocksFreq+0xf8>
     c76:	40024737          	lui	a4,0x40024
     c7a:	80072703          	lw	a4,-2048(a4) # 40023800 <__freertos_irq_stack_top+0x2001b800>
     c7e:	8b41                	andi	a4,a4,16
     c80:	c705                	beqz	a4,ca8 <RCC_GetClocksFreq+0xee>
     c82:	007a1737          	lui	a4,0x7a1
     c86:	20070713          	addi	a4,a4,512 # 7a1200 <_data_lma+0x79c6a4>
     c8a:	02f707b3          	mul	a5,a4,a5
     c8e:	c11c                	sw	a5,0(a0)
     c90:	d621                	beqz	a2,bd8 <RCC_GetClocksFreq+0x1e>
     c92:	411c                	lw	a5,0(a0)
     c94:	8385                	srli	a5,a5,0x1
     c96:	b781                	j	bd6 <RCC_GetClocksFreq+0x1c>
     c98:	4601                	li	a2,0
     c9a:	bf6d                	j	c54 <RCC_GetClocksFreq+0x9a>
     c9c:	4605                	li	a2,1
     c9e:	47b5                	li	a5,13
     ca0:	bfd1                	j	c74 <RCC_GetClocksFreq+0xba>
     ca2:	4601                	li	a2,0
     ca4:	47bd                	li	a5,15
     ca6:	b7f9                	j	c74 <RCC_GetClocksFreq+0xba>
     ca8:	003d1737          	lui	a4,0x3d1
     cac:	90070713          	addi	a4,a4,-1792 # 3d0900 <_data_lma+0x3cbda4>
     cb0:	bfe9                	j	c8a <RCC_GetClocksFreq+0xd0>
     cb2:	400215b7          	lui	a1,0x40021
     cb6:	55d8                	lw	a4,44(a1)
     cb8:	00f71693          	slli	a3,a4,0xf
     cbc:	55d8                	lw	a4,44(a1)
     cbe:	0406df63          	bgez	a3,d1c <RCC_GetClocksFreq+0x162>
     cc2:	8311                	srli	a4,a4,0x4
     cc4:	8b3d                	andi	a4,a4,15
     cc6:	00170693          	addi	a3,a4,1
     cca:	007a1737          	lui	a4,0x7a1
     cce:	20070713          	addi	a4,a4,512 # 7a1200 <_data_lma+0x79c6a4>
     cd2:	02d75733          	divu	a4,a4,a3
     cd6:	c118                	sw	a4,0(a0)
     cd8:	55d4                	lw	a3,44(a1)
     cda:	82a1                	srli	a3,a3,0x8
     cdc:	8abd                	andi	a3,a3,15
     cde:	e28d                	bnez	a3,d00 <RCC_GetClocksFreq+0x146>
     ce0:	4695                	li	a3,5
     ce2:	02d70733          	mul	a4,a4,a3
     ce6:	8305                	srli	a4,a4,0x1
     ce8:	c118                	sw	a4,0(a0)
     cea:	40021737          	lui	a4,0x40021
     cee:	5758                	lw	a4,44(a4)
     cf0:	4114                	lw	a3,0(a0)
     cf2:	8b3d                	andi	a4,a4,15
     cf4:	0705                	addi	a4,a4,1
     cf6:	02e6d733          	divu	a4,a3,a4
     cfa:	c118                	sw	a4,0(a0)
     cfc:	4118                	lw	a4,0(a0)
     cfe:	b771                	j	c8a <RCC_GetClocksFreq+0xd0>
     d00:	4585                	li	a1,1
     d02:	00b69463          	bne	a3,a1,d0a <RCC_GetClocksFreq+0x150>
     d06:	46e5                	li	a3,25
     d08:	bfe9                	j	ce2 <RCC_GetClocksFreq+0x128>
     d0a:	45bd                	li	a1,15
     d0c:	00b69663          	bne	a3,a1,d18 <RCC_GetClocksFreq+0x15e>
     d10:	46d1                	li	a3,20
     d12:	02e68733          	mul	a4,a3,a4
     d16:	bfc9                	j	ce8 <RCC_GetClocksFreq+0x12e>
     d18:	0689                	addi	a3,a3,2
     d1a:	bfe5                	j	d12 <RCC_GetClocksFreq+0x158>
     d1c:	8b3d                	andi	a4,a4,15
     d1e:	00170693          	addi	a3,a4,1 # 40021001 <__freertos_irq_stack_top+0x20019001>
     d22:	007a1737          	lui	a4,0x7a1
     d26:	20070713          	addi	a4,a4,512 # 7a1200 <_data_lma+0x79c6a4>
     d2a:	02d75733          	divu	a4,a4,a3
     d2e:	b7f1                	j	cfa <RCC_GetClocksFreq+0x140>

00000d30 <RCC_APB2PeriphClockCmd>:
     d30:	c599                	beqz	a1,d3e <RCC_APB2PeriphClockCmd+0xe>
     d32:	40021737          	lui	a4,0x40021
     d36:	4f1c                	lw	a5,24(a4)
     d38:	8d5d                	or	a0,a0,a5
     d3a:	cf08                	sw	a0,24(a4)
     d3c:	8082                	ret
     d3e:	400217b7          	lui	a5,0x40021
     d42:	4f98                	lw	a4,24(a5)
     d44:	fff54513          	not	a0,a0
     d48:	8d79                	and	a0,a0,a4
     d4a:	cf88                	sw	a0,24(a5)
     d4c:	8082                	ret

00000d4e <USART_Init>:
     d4e:	fc8ff2ef          	jal	t0,516 <__riscv_save_0>
     d52:	2916                	lhu	a3,16(a0)
     d54:	77f5                	lui	a5,0xffffd
     d56:	17fd                	addi	a5,a5,-1
     d58:	8ff5                	and	a5,a5,a3
     d5a:	21f6                	lhu	a3,6(a1)
     d5c:	25da                	lhu	a4,12(a1)
     d5e:	7179                	addi	sp,sp,-48
     d60:	8fd5                	or	a5,a5,a3
     d62:	a91e                	sh	a5,16(a0)
     d64:	2556                	lhu	a3,12(a0)
     d66:	77fd                	lui	a5,0xfffff
     d68:	9f378793          	addi	a5,a5,-1549 # ffffe9f3 <__freertos_irq_stack_top+0xdfff69f3>
     d6c:	8ff5                	and	a5,a5,a3
     d6e:	21d6                	lhu	a3,4(a1)
     d70:	842a                	mv	s0,a0
     d72:	c62e                	sw	a1,12(sp)
     d74:	8fd5                	or	a5,a5,a3
     d76:	2596                	lhu	a3,8(a1)
     d78:	8fd5                	or	a5,a5,a3
     d7a:	25b6                	lhu	a3,10(a1)
     d7c:	8fd5                	or	a5,a5,a3
     d7e:	a55e                	sh	a5,12(a0)
     d80:	295e                	lhu	a5,20(a0)
     d82:	07c2                	slli	a5,a5,0x10
     d84:	83c1                	srli	a5,a5,0x10
     d86:	cff7f793          	andi	a5,a5,-769
     d8a:	8fd9                	or	a5,a5,a4
     d8c:	a95e                	sh	a5,20(a0)
     d8e:	0868                	addi	a0,sp,28
     d90:	352d                	jal	bba <RCC_GetClocksFreq>
     d92:	400147b7          	lui	a5,0x40014
     d96:	80078793          	addi	a5,a5,-2048 # 40013800 <__freertos_irq_stack_top+0x2000b800>
     d9a:	45b2                	lw	a1,12(sp)
     d9c:	02f41e63          	bne	s0,a5,dd8 <USART_Init+0x8a>
     da0:	57a2                	lw	a5,40(sp)
     da2:	4765                	li	a4,25
     da4:	02e787b3          	mul	a5,a5,a4
     da8:	4198                	lw	a4,0(a1)
     daa:	06400693          	li	a3,100
     dae:	070a                	slli	a4,a4,0x2
     db0:	02e7d7b3          	divu	a5,a5,a4
     db4:	02d7d733          	divu	a4,a5,a3
     db8:	02d7f7b3          	remu	a5,a5,a3
     dbc:	0712                	slli	a4,a4,0x4
     dbe:	0792                	slli	a5,a5,0x4
     dc0:	03278793          	addi	a5,a5,50
     dc4:	02d7d7b3          	divu	a5,a5,a3
     dc8:	8bbd                	andi	a5,a5,15
     dca:	8fd9                	or	a5,a5,a4
     dcc:	07c2                	slli	a5,a5,0x10
     dce:	83c1                	srli	a5,a5,0x10
     dd0:	a41e                	sh	a5,8(s0)
     dd2:	6145                	addi	sp,sp,48
     dd4:	f66ff06f          	j	53a <__riscv_restore_0>
     dd8:	5792                	lw	a5,36(sp)
     dda:	b7e1                	j	da2 <USART_Init+0x54>

00000ddc <USART_SendData>:
     ddc:	1ff5f593          	andi	a1,a1,511
     de0:	a14e                	sh	a1,4(a0)
     de2:	8082                	ret

00000de4 <USART_GetFlagStatus>:
     de4:	210a                	lhu	a0,0(a0)
     de6:	8d6d                	and	a0,a0,a1
     de8:	00a03533          	snez	a0,a0
     dec:	8082                	ret

00000dee <USART_GetITStatus>:
     dee:	0ff5f713          	andi	a4,a1,255
     df2:	4685                	li	a3,1
     df4:	8315                	srli	a4,a4,0x5
     df6:	00b697b3          	sll	a5,a3,a1
     dfa:	02d71163          	bne	a4,a3,e1c <USART_GetITStatus+0x2e>
     dfe:	255a                	lhu	a4,12(a0)
     e00:	8ff9                	and	a5,a5,a4
     e02:	211a                	lhu	a4,0(a0)
     e04:	4501                	li	a0,0
     e06:	0742                	slli	a4,a4,0x10
     e08:	8341                	srli	a4,a4,0x10
     e0a:	cb81                	beqz	a5,e1a <USART_GetITStatus+0x2c>
     e0c:	4505                	li	a0,1
     e0e:	81a1                	srli	a1,a1,0x8
     e10:	00b515b3          	sll	a1,a0,a1
     e14:	8f6d                	and	a4,a4,a1
     e16:	00e03533          	snez	a0,a4
     e1a:	8082                	ret
     e1c:	4689                	li	a3,2
     e1e:	00d71463          	bne	a4,a3,e26 <USART_GetITStatus+0x38>
     e22:	291a                	lhu	a4,16(a0)
     e24:	bff1                	j	e00 <USART_GetITStatus+0x12>
     e26:	295a                	lhu	a4,20(a0)
     e28:	bfe1                	j	e00 <USART_GetITStatus+0x12>

00000e2a <GetVersionInfo>:
     e2a:	00058023          	sb	zero,0(a1) # 40021000 <__freertos_irq_stack_top+0x20019000>
     e2e:	05600793          	li	a5,86
     e32:	a11c                	sb	a5,0(a0)
     e34:	219c                	lbu	a5,0(a1)
     e36:	03000713          	li	a4,48
     e3a:	0785                	addi	a5,a5,1
     e3c:	0ff7f793          	andi	a5,a5,255
     e40:	a19c                	sb	a5,0(a1)
     e42:	97aa                	add	a5,a5,a0
     e44:	a398                	sb	a4,0(a5)
     e46:	219c                	lbu	a5,0(a1)
     e48:	0785                	addi	a5,a5,1
     e4a:	0ff7f793          	andi	a5,a5,255
     e4e:	a19c                	sb	a5,0(a1)
     e50:	97aa                	add	a5,a5,a0
     e52:	a398                	sb	a4,0(a5)
     e54:	219c                	lbu	a5,0(a1)
     e56:	0785                	addi	a5,a5,1
     e58:	0ff7f793          	andi	a5,a5,255
     e5c:	a19c                	sb	a5,0(a1)
     e5e:	97aa                	add	a5,a5,a0
     e60:	a398                	sb	a4,0(a5)
     e62:	219c                	lbu	a5,0(a1)
     e64:	03100713          	li	a4,49
     e68:	0785                	addi	a5,a5,1
     e6a:	0ff7f793          	andi	a5,a5,255
     e6e:	a19c                	sb	a5,0(a1)
     e70:	97aa                	add	a5,a5,a0
     e72:	a398                	sb	a4,0(a5)
     e74:	219c                	lbu	a5,0(a1)
     e76:	0785                	addi	a5,a5,1
     e78:	0ff7f793          	andi	a5,a5,255
     e7c:	a19c                	sb	a5,0(a1)
     e7e:	953e                	add	a0,a0,a5
     e80:	47b5                	li	a5,13
     e82:	a11c                	sb	a5,0(a0)
     e84:	219c                	lbu	a5,0(a1)
     e86:	0785                	addi	a5,a5,1
     e88:	a19c                	sb	a5,0(a1)
     e8a:	8082                	ret

00000e8c <ascii2hex>:
     e8c:	fbf50793          	addi	a5,a0,-65
     e90:	0ff7f793          	andi	a5,a5,255
     e94:	4765                	li	a4,25
     e96:	00f76663          	bltu	a4,a5,ea2 <ascii2hex+0x16>
     e9a:	fc950513          	addi	a0,a0,-55
     e9e:	893d                	andi	a0,a0,15
     ea0:	8082                	ret
     ea2:	f9f50793          	addi	a5,a0,-97
     ea6:	0ff7f793          	andi	a5,a5,255
     eaa:	00f76563          	bltu	a4,a5,eb4 <ascii2hex+0x28>
     eae:	fa950513          	addi	a0,a0,-87
     eb2:	b7f5                	j	e9e <ascii2hex+0x12>
     eb4:	fd050793          	addi	a5,a0,-48
     eb8:	0ff7f793          	andi	a5,a5,255
     ebc:	4725                	li	a4,9
     ebe:	fef760e3          	bltu	a4,a5,e9e <ascii2hex+0x12>
     ec2:	853e                	mv	a0,a5
     ec4:	bfe9                	j	e9e <ascii2hex+0x12>

00000ec6 <DataParser>:
     ec6:	e28ff2ef          	jal	t0,4ee <__riscv_save_10>
     eca:	211c                	lbu	a5,0(a0)
     ecc:	03500713          	li	a4,53
     ed0:	1101                	addi	sp,sp,-32
     ed2:	fbf78793          	addi	a5,a5,-65
     ed6:	0ff7f793          	andi	a5,a5,255
     eda:	89b2                	mv	s3,a2
     edc:	8436                	mv	s0,a3
     ede:	04f76d63          	bltu	a4,a5,f38 <DataParser+0x72>
     ee2:	6715                	lui	a4,0x5
     ee4:	078a                	slli	a5,a5,0x2
     ee6:	8cc70713          	addi	a4,a4,-1844 # 48cc <_read+0x32>
     eea:	97ba                	add	a5,a5,a4
     eec:	439c                	lw	a5,0(a5)
     eee:	84aa                	mv	s1,a0
     ef0:	892e                	mv	s2,a1
     ef2:	8782                	jr	a5
     ef4:	4789                	li	a5,2
     ef6:	44f59063          	bne	a1,a5,1336 <DataParser+0x470>
     efa:	3108                	lbu	a0,1(a0)
     efc:	3f41                	jal	e8c <ascii2hex>
     efe:	47a1                	li	a5,8
     f00:	42a7eb63          	bltu	a5,a0,1336 <DataParser+0x470>
     f04:	200007b7          	lui	a5,0x20000
     f08:	0d47c783          	lbu	a5,212(a5) # 200000d4 <CanChnOpen>
     f0c:	42079563          	bnez	a5,1336 <DataParser+0x470>
     f10:	00251793          	slli	a5,a0,0x2
     f14:	6515                	lui	a0,0x5
     f16:	9ac50513          	addi	a0,a0,-1620 # 49ac <bitrate_table>
     f1a:	953e                	add	a0,a0,a5
     f1c:	210a                	lhu	a0,0(a0)
     f1e:	4601                	li	a2,0
     f20:	4585                	li	a1,1
     f22:	2325                	jal	144a <HAL_CANIntIT>
     f24:	4785                	li	a5,1
     f26:	20000737          	lui	a4,0x20000
     f2a:	0cf70aa3          	sb	a5,213(a4) # 200000d5 <CanInitialized>
     f2e:	a01c                	sb	a5,0(s0)
     f30:	a8a1                	j	f88 <DataParser+0xc2>
     f32:	4795                	li	a5,5
     f34:	40f59163          	bne	a1,a5,1336 <DataParser+0x470>
     f38:	80c18793          	addi	a5,gp,-2036 # 2000009c <RetValue.6298>
     f3c:	4394                	lw	a3,0(a5)
     f3e:	471d                	li	a4,7
     f40:	00e69763          	bne	a3,a4,f4e <DataParser+0x88>
     f44:	4705                	li	a4,1
     f46:	a018                	sb	a4,0(s0)
     f48:	0009c703          	lbu	a4,0(s3)
     f4c:	a398                	sb	a4,0(a5)
     f4e:	6105                	addi	sp,sp,32
     f50:	dd6ff06f          	j	526 <__riscv_restore_10>
     f54:	4785                	li	a5,1
     f56:	3ef59063          	bne	a1,a5,1336 <DataParser+0x470>
     f5a:	200004b7          	lui	s1,0x20000
     f5e:	0d448493          	addi	s1,s1,212 # 200000d4 <CanChnOpen>
     f62:	209c                	lbu	a5,0(s1)
     f64:	3c079963          	bnez	a5,1336 <DataParser+0x470>
     f68:	200007b7          	lui	a5,0x20000
     f6c:	0d57c783          	lbu	a5,213(a5) # 200000d5 <CanInitialized>
     f70:	3cb79363          	bne	a5,a1,1336 <DataParser+0x470>
     f74:	2529                	jal	157e <HAL_CANToInitMode>
     f76:	2d25                	jal	15ae <HAL_CANToOperatingMode>
     f78:	200007b7          	lui	a5,0x20000
     f7c:	01248023          	sb	s2,0(s1)
     f80:	0d27a823          	sw	s2,208(a5) # 200000d0 <CanBusMode>
     f84:	01240023          	sb	s2,0(s0)
     f88:	0009c703          	lbu	a4,0(s3)
     f8c:	80e18623          	sb	a4,-2036(gp) # 2000009c <RetValue.6298>
     f90:	b765                	j	f38 <DataParser+0x72>
     f92:	4785                	li	a5,1
     f94:	3af59163          	bne	a1,a5,1336 <DataParser+0x470>
     f98:	200004b7          	lui	s1,0x20000
     f9c:	0d448493          	addi	s1,s1,212 # 200000d4 <CanChnOpen>
     fa0:	209c                	lbu	a5,0(s1)
     fa2:	38079a63          	bnez	a5,1336 <DataParser+0x470>
     fa6:	200007b7          	lui	a5,0x20000
     faa:	0d57c783          	lbu	a5,213(a5) # 200000d5 <CanInitialized>
     fae:	38b79463          	bne	a5,a1,1336 <DataParser+0x470>
     fb2:	80b18423          	sb	a1,-2040(gp) # 20000098 <AutoPollAutoSend>
     fb6:	bf7d                	j	f74 <DataParser+0xae>
     fb8:	4785                	li	a5,1
     fba:	36f59e63          	bne	a1,a5,1336 <DataParser+0x470>
     fbe:	200004b7          	lui	s1,0x20000
     fc2:	0d448493          	addi	s1,s1,212 # 200000d4 <CanChnOpen>
     fc6:	209c                	lbu	a5,0(s1)
     fc8:	36079763          	bnez	a5,1336 <DataParser+0x470>
     fcc:	200007b7          	lui	a5,0x20000
     fd0:	0d57c783          	lbu	a5,213(a5) # 200000d5 <CanInitialized>
     fd4:	36b79163          	bne	a5,a1,1336 <DataParser+0x470>
     fd8:	235d                	jal	157e <HAL_CANToInitMode>
     fda:	2bd1                	jal	15ae <HAL_CANToOperatingMode>
     fdc:	200007b7          	lui	a5,0x20000
     fe0:	4709                	li	a4,2
     fe2:	01248023          	sb	s2,0(s1)
     fe6:	0ce7a823          	sw	a4,208(a5) # 200000d0 <CanBusMode>
     fea:	bf69                	j	f84 <DataParser+0xbe>
     fec:	4785                	li	a5,1
     fee:	34f59463          	bne	a1,a5,1336 <DataParser+0x470>
     ff2:	2b75                	jal	15ae <HAL_CANToOperatingMode>
     ff4:	200007b7          	lui	a5,0x20000
     ff8:	0c078a23          	sb	zero,212(a5) # 200000d4 <CanChnOpen>
     ffc:	200007b7          	lui	a5,0x20000
    1000:	0c07a823          	sw	zero,208(a5) # 200000d0 <CanBusMode>
    1004:	b741                	j	f84 <DataParser+0xbe>
    1006:	2148                	lbu	a0,4(a0)
    1008:	3551                	jal	e8c <ascii2hex>
    100a:	00151793          	slli	a5,a0,0x1
    100e:	0795                	addi	a5,a5,5
    1010:	8a2a                	mv	s4,a0
    1012:	32f91263          	bne	s2,a5,1336 <DataParser+0x470>
    1016:	200007b7          	lui	a5,0x20000
    101a:	0d47c783          	lbu	a5,212(a5) # 200000d4 <CanChnOpen>
    101e:	4705                	li	a4,1
    1020:	30e79b63          	bne	a5,a4,1336 <DataParser+0x470>
    1024:	20000737          	lui	a4,0x20000
    1028:	0d072703          	lw	a4,208(a4) # 200000d0 <CanBusMode>
    102c:	30f71563          	bne	a4,a5,1336 <DataParser+0x470>
    1030:	4621                	li	a2,8
    1032:	4581                	li	a1,0
    1034:	01110513          	addi	a0,sp,17
    1038:	d0eff0ef          	jal	ra,546 <memset>
    103c:	3088                	lbu	a0,1(s1)
    103e:	00fa7a13          	andi	s4,s4,15
    1042:	0495                	addi	s1,s1,5
    1044:	35a1                	jal	e8c <ascii2hex>
    1046:	892a                	mv	s2,a0
    1048:	ffd4c503          	lbu	a0,-3(s1)
    104c:	0922                	slli	s2,s2,0x8
    104e:	00c10b13          	addi	s6,sp,12
    1052:	3d2d                	jal	e8c <ascii2hex>
    1054:	6785                	lui	a5,0x1
    1056:	f0078793          	addi	a5,a5,-256 # f00 <DataParser+0x3a>
    105a:	0512                	slli	a0,a0,0x4
    105c:	00f97933          	and	s2,s2,a5
    1060:	0ff57513          	andi	a0,a0,255
    1064:	00a96933          	or	s2,s2,a0
    1068:	ffe4c503          	lbu	a0,-2(s1)
    106c:	3505                	jal	e8c <ascii2hex>
    106e:	893d                	andi	a0,a0,15
    1070:	01256933          	or	s2,a0,s2
    1074:	c64a                	sw	s2,12(sp)
    1076:	01410823          	sb	s4,16(sp)
    107a:	4901                	li	s2,0
    107c:	0b05                	addi	s6,s6,1
    107e:	032a1363          	bne	s4,s2,10a4 <DataParser+0x1de>
    1082:	0068                	addi	a0,sp,12
    1084:	253d                	jal	16b2 <HAL_CANSend>
    1086:	8081c703          	lbu	a4,-2040(gp) # 20000098 <AutoPollAutoSend>
    108a:	00040023          	sb	zero,0(s0)
    108e:	4785                	li	a5,1
    1090:	28f71b63          	bne	a4,a5,1326 <DataParser+0x460>
    1094:	05a00793          	li	a5,90
    1098:	00f98023          	sb	a5,0(s3)
    109c:	201c                	lbu	a5,0(s0)
    109e:	0785                	addi	a5,a5,1
    10a0:	a01c                	sb	a5,0(s0)
    10a2:	a451                	j	1326 <DataParser+0x460>
    10a4:	2088                	lbu	a0,0(s1)
    10a6:	0905                	addi	s2,s2,1
    10a8:	0ff97913          	andi	s2,s2,255
    10ac:	33c5                	jal	e8c <ascii2hex>
    10ae:	8aaa                	mv	s5,a0
    10b0:	3088                	lbu	a0,1(s1)
    10b2:	0a92                	slli	s5,s5,0x4
    10b4:	0489                	addi	s1,s1,2
    10b6:	3bd9                	jal	e8c <ascii2hex>
    10b8:	893d                	andi	a0,a0,15
    10ba:	00aaeab3          	or	s5,s5,a0
    10be:	015b0223          	sb	s5,4(s6)
    10c2:	bf6d                	j	107c <DataParser+0x1b6>
    10c4:	3508                	lbu	a0,9(a0)
    10c6:	33d9                	jal	e8c <ascii2hex>
    10c8:	00550793          	addi	a5,a0,5
    10cc:	0786                	slli	a5,a5,0x1
    10ce:	8a2a                	mv	s4,a0
    10d0:	26f91363          	bne	s2,a5,1336 <DataParser+0x470>
    10d4:	200007b7          	lui	a5,0x20000
    10d8:	0d47c783          	lbu	a5,212(a5) # 200000d4 <CanChnOpen>
    10dc:	4705                	li	a4,1
    10de:	24e79c63          	bne	a5,a4,1336 <DataParser+0x470>
    10e2:	20000737          	lui	a4,0x20000
    10e6:	0d072b83          	lw	s7,208(a4) # 200000d0 <CanBusMode>
    10ea:	24fb9663          	bne	s7,a5,1336 <DataParser+0x470>
    10ee:	4621                	li	a2,8
    10f0:	4581                	li	a1,0
    10f2:	01110513          	addi	a0,sp,17
    10f6:	c50ff0ef          	jal	ra,546 <memset>
    10fa:	3088                	lbu	a0,1(s1)
    10fc:	00fa7a13          	andi	s4,s4,15
    1100:	04a9                	addi	s1,s1,10
    1102:	3369                	jal	e8c <ascii2hex>
    1104:	842a                	mv	s0,a0
    1106:	ff84c503          	lbu	a0,-8(s1)
    110a:	0472                	slli	s0,s0,0x1c
    110c:	3341                	jal	e8c <ascii2hex>
    110e:	8caa                	mv	s9,a0
    1110:	ff94c503          	lbu	a0,-7(s1)
    1114:	3ba5                	jal	e8c <ascii2hex>
    1116:	8c2a                	mv	s8,a0
    1118:	ffa4c503          	lbu	a0,-6(s1)
    111c:	0c52                	slli	s8,s8,0x14
    111e:	33bd                	jal	e8c <ascii2hex>
    1120:	8b2a                	mv	s6,a0
    1122:	ffb4c503          	lbu	a0,-5(s1)
    1126:	0b42                	slli	s6,s6,0x10
    1128:	3395                	jal	e8c <ascii2hex>
    112a:	8aaa                	mv	s5,a0
    112c:	ffc4c503          	lbu	a0,-4(s1)
    1130:	0ab2                	slli	s5,s5,0xc
    1132:	3ba9                	jal	e8c <ascii2hex>
    1134:	89aa                	mv	s3,a0
    1136:	ffd4c503          	lbu	a0,-3(s1)
    113a:	09a2                	slli	s3,s3,0x8
    113c:	3b81                	jal	e8c <ascii2hex>
    113e:	892a                	mv	s2,a0
    1140:	ffe4c503          	lbu	a0,-2(s1)
    1144:	0912                	slli	s2,s2,0x4
    1146:	0ff97913          	andi	s2,s2,255
    114a:	3389                	jal	e8c <ascii2hex>
    114c:	893d                	andi	a0,a0,15
    114e:	8c49                	or	s0,s0,a0
    1150:	018c9513          	slli	a0,s9,0x18
    1154:	0f000cb7          	lui	s9,0xf000
    1158:	01957533          	and	a0,a0,s9
    115c:	8d41                	or	a0,a0,s0
    115e:	000f07b7          	lui	a5,0xf0
    1162:	00f00437          	lui	s0,0xf00
    1166:	008c7c33          	and	s8,s8,s0
    116a:	00fb7b33          	and	s6,s6,a5
    116e:	67bd                	lui	a5,0xf
    1170:	00fafab3          	and	s5,s5,a5
    1174:	01856533          	or	a0,a0,s8
    1178:	6785                	lui	a5,0x1
    117a:	01656533          	or	a0,a0,s6
    117e:	f0078793          	addi	a5,a5,-256 # f00 <DataParser+0x3a>
    1182:	00f9f9b3          	and	s3,s3,a5
    1186:	01556533          	or	a0,a0,s5
    118a:	01356533          	or	a0,a0,s3
    118e:	01256533          	or	a0,a0,s2
    1192:	c62a                	sw	a0,12(sp)
    1194:	ce5e                	sw	s7,28(sp)
    1196:	01410823          	sb	s4,16(sp)
    119a:	00c10993          	addi	s3,sp,12
    119e:	4401                	li	s0,0
    11a0:	0985                	addi	s3,s3,1
    11a2:	008a1763          	bne	s4,s0,11b0 <DataParser+0x2ea>
    11a6:	0068                	addi	a0,sp,12
    11a8:	2135                	jal	15d4 <HAL_CAN_MSG_SEND>
    11aa:	00004783          	lbu	a5,0(zero) # 0 <_sinit>
    11ae:	9002                	ebreak
    11b0:	2088                	lbu	a0,0(s1)
    11b2:	0405                	addi	s0,s0,1
    11b4:	0ff47413          	andi	s0,s0,255
    11b8:	39d1                	jal	e8c <ascii2hex>
    11ba:	892a                	mv	s2,a0
    11bc:	3088                	lbu	a0,1(s1)
    11be:	0912                	slli	s2,s2,0x4
    11c0:	0489                	addi	s1,s1,2
    11c2:	31e9                	jal	e8c <ascii2hex>
    11c4:	893d                	andi	a0,a0,15
    11c6:	00a96933          	or	s2,s2,a0
    11ca:	01298223          	sb	s2,4(s3)
    11ce:	bfc9                	j	11a0 <DataParser+0x2da>
    11d0:	4795                	li	a5,5
    11d2:	16f59263          	bne	a1,a5,1336 <DataParser+0x470>
    11d6:	200007b7          	lui	a5,0x20000
    11da:	0d47c783          	lbu	a5,212(a5) # 200000d4 <CanChnOpen>
    11de:	4705                	li	a4,1
    11e0:	14e79b63          	bne	a5,a4,1336 <DataParser+0x470>
    11e4:	20000737          	lui	a4,0x20000
    11e8:	0d072a03          	lw	s4,208(a4) # 200000d0 <CanBusMode>
    11ec:	14fa1563          	bne	s4,a5,1336 <DataParser+0x470>
    11f0:	4621                	li	a2,8
    11f2:	4581                	li	a1,0
    11f4:	01110513          	addi	a0,sp,17
    11f8:	b4eff0ef          	jal	ra,546 <memset>
    11fc:	3088                	lbu	a0,1(s1)
    11fe:	3179                	jal	e8c <ascii2hex>
    1200:	892a                	mv	s2,a0
    1202:	20a8                	lbu	a0,2(s1)
    1204:	0922                	slli	s2,s2,0x8
    1206:	3159                	jal	e8c <ascii2hex>
    1208:	6785                	lui	a5,0x1
    120a:	f0078793          	addi	a5,a5,-256 # f00 <DataParser+0x3a>
    120e:	0512                	slli	a0,a0,0x4
    1210:	00f97933          	and	s2,s2,a5
    1214:	0ff57513          	andi	a0,a0,255
    1218:	00a96933          	or	s2,s2,a0
    121c:	30a8                	lbu	a0,3(s1)
    121e:	31bd                	jal	e8c <ascii2hex>
    1220:	893d                	andi	a0,a0,15
    1222:	01256933          	or	s2,a0,s2
    1226:	6521                	lui	a0,0x8
    1228:	00a96933          	or	s2,s2,a0
    122c:	20c8                	lbu	a0,4(s1)
    122e:	c64a                	sw	s2,12(sp)
    1230:	ce02                	sw	zero,28(sp)
    1232:	39a9                	jal	e8c <ascii2hex>
    1234:	893d                	andi	a0,a0,15
    1236:	00a10823          	sb	a0,16(sp)
    123a:	0068                	addi	a0,sp,12
    123c:	2e61                	jal	15d4 <HAL_CAN_MSG_SEND>
    123e:	8081c783          	lbu	a5,-2040(gp) # 20000098 <AutoPollAutoSend>
    1242:	00040023          	sb	zero,0(s0) # f00000 <_data_lma+0xefb4a4>
    1246:	0f479063          	bne	a5,s4,1326 <DataParser+0x460>
    124a:	07a00793          	li	a5,122
    124e:	b5a9                	j	1098 <DataParser+0x1d2>
    1250:	47a9                	li	a5,10
    1252:	0ef59263          	bne	a1,a5,1336 <DataParser+0x470>
    1256:	200007b7          	lui	a5,0x20000
    125a:	0d47c783          	lbu	a5,212(a5) # 200000d4 <CanChnOpen>
    125e:	4705                	li	a4,1
    1260:	0ce79b63          	bne	a5,a4,1336 <DataParser+0x470>
    1264:	20000737          	lui	a4,0x20000
    1268:	0d072b83          	lw	s7,208(a4) # 200000d0 <CanBusMode>
    126c:	0cfb9563          	bne	s7,a5,1336 <DataParser+0x470>
    1270:	4621                	li	a2,8
    1272:	4581                	li	a1,0
    1274:	01110513          	addi	a0,sp,17
    1278:	aceff0ef          	jal	ra,546 <memset>
    127c:	3088                	lbu	a0,1(s1)
    127e:	3139                	jal	e8c <ascii2hex>
    1280:	8d2a                	mv	s10,a0
    1282:	20a8                	lbu	a0,2(s1)
    1284:	3121                	jal	e8c <ascii2hex>
    1286:	8caa                	mv	s9,a0
    1288:	30a8                	lbu	a0,3(s1)
    128a:	0ce2                	slli	s9,s9,0x18
    128c:	3101                	jal	e8c <ascii2hex>
    128e:	8c2a                	mv	s8,a0
    1290:	20c8                	lbu	a0,4(s1)
    1292:	0c52                	slli	s8,s8,0x14
    1294:	3ee5                	jal	e8c <ascii2hex>
    1296:	8b2a                	mv	s6,a0
    1298:	30c8                	lbu	a0,5(s1)
    129a:	0b42                	slli	s6,s6,0x10
    129c:	3ec5                	jal	e8c <ascii2hex>
    129e:	8aaa                	mv	s5,a0
    12a0:	20e8                	lbu	a0,6(s1)
    12a2:	0ab2                	slli	s5,s5,0xc
    12a4:	36e5                	jal	e8c <ascii2hex>
    12a6:	8a2a                	mv	s4,a0
    12a8:	30e8                	lbu	a0,7(s1)
    12aa:	0a22                	slli	s4,s4,0x8
    12ac:	36c5                	jal	e8c <ascii2hex>
    12ae:	892a                	mv	s2,a0
    12b0:	2488                	lbu	a0,8(s1)
    12b2:	0912                	slli	s2,s2,0x4
    12b4:	0ff97913          	andi	s2,s2,255
    12b8:	3ed1                	jal	e8c <ascii2hex>
    12ba:	893d                	andi	a0,a0,15
    12bc:	00a96933          	or	s2,s2,a0
    12c0:	01cd1793          	slli	a5,s10,0x1c
    12c4:	00f967b3          	or	a5,s2,a5
    12c8:	00f00737          	lui	a4,0xf00
    12cc:	0f000937          	lui	s2,0xf000
    12d0:	00ec7c33          	and	s8,s8,a4
    12d4:	012cfcb3          	and	s9,s9,s2
    12d8:	000f0737          	lui	a4,0xf0
    12dc:	00eb7b33          	and	s6,s6,a4
    12e0:	0197e7b3          	or	a5,a5,s9
    12e4:	673d                	lui	a4,0xf
    12e6:	00eafab3          	and	s5,s5,a4
    12ea:	0187e7b3          	or	a5,a5,s8
    12ee:	6705                	lui	a4,0x1
    12f0:	f0070713          	addi	a4,a4,-256 # f00 <DataParser+0x3a>
    12f4:	0167e7b3          	or	a5,a5,s6
    12f8:	00ea7a33          	and	s4,s4,a4
    12fc:	3488                	lbu	a0,9(s1)
    12fe:	0157e7b3          	or	a5,a5,s5
    1302:	6721                	lui	a4,0x8
    1304:	0147e7b3          	or	a5,a5,s4
    1308:	8fd9                	or	a5,a5,a4
    130a:	c63e                	sw	a5,12(sp)
    130c:	ce5e                	sw	s7,28(sp)
    130e:	3ebd                	jal	e8c <ascii2hex>
    1310:	893d                	andi	a0,a0,15
    1312:	00a10823          	sb	a0,16(sp)
    1316:	0068                	addi	a0,sp,12
    1318:	2c75                	jal	15d4 <HAL_CAN_MSG_SEND>
    131a:	8081c783          	lbu	a5,-2040(gp) # 20000098 <AutoPollAutoSend>
    131e:	00040023          	sb	zero,0(s0)
    1322:	f37784e3          	beq	a5,s7,124a <DataParser+0x384>
    1326:	201c                	lbu	a5,0(s0)
    1328:	97ce                	add	a5,a5,s3
    132a:	4735                	li	a4,13
    132c:	a398                	sb	a4,0(a5)
    132e:	201c                	lbu	a5,0(s0)
    1330:	0785                	addi	a5,a5,1
    1332:	a01c                	sb	a5,0(s0)
    1334:	b111                	j	f38 <DataParser+0x72>
    1336:	471d                	li	a4,7
    1338:	80e1a623          	sw	a4,-2036(gp) # 2000009c <RetValue.6298>
    133c:	bef5                	j	f38 <DataParser+0x72>
    133e:	4785                	li	a5,1
    1340:	fef59be3          	bne	a1,a5,1336 <DataParser+0x470>
    1344:	200007b7          	lui	a5,0x20000
    1348:	0d47c783          	lbu	a5,212(a5) # 200000d4 <CanChnOpen>
    134c:	00068023          	sb	zero,0(a3)
    1350:	06b79063          	bne	a5,a1,13b0 <DataParser+0x4ea>
    1354:	20000737          	lui	a4,0x20000
    1358:	0d770713          	addi	a4,a4,215 # 200000d7 <SerTxCongestionOccurred>
    135c:	231c                	lbu	a5,0(a4)
    135e:	00070023          	sb	zero,0(a4)
    1362:	04600713          	li	a4,70
    1366:	00e98023          	sb	a4,0(s3)
    136a:	2018                	lbu	a4,0(s0)
    136c:	200006b7          	lui	a3,0x20000
    1370:	0d668693          	addi	a3,a3,214 # 200000d6 <SerRxOverrunOccurred>
    1374:	0705                	addi	a4,a4,1
    1376:	0ff77713          	andi	a4,a4,255
    137a:	a018                	sb	a4,0(s0)
    137c:	2290                	lbu	a2,0(a3)
    137e:	974e                	add	a4,a4,s3
    1380:	00068023          	sb	zero,0(a3)
    1384:	03000693          	li	a3,48
    1388:	a314                	sb	a3,0(a4)
    138a:	2018                	lbu	a4,0(s0)
    138c:	8b85                	andi	a5,a5,1
    138e:	0786                	slli	a5,a5,0x1
    1390:	8a05                	andi	a2,a2,1
    1392:	0705                	addi	a4,a4,1
    1394:	0ff77713          	andi	a4,a4,255
    1398:	8fd1                	or	a5,a5,a2
    139a:	a018                	sb	a4,0(s0)
    139c:	03078793          	addi	a5,a5,48
    13a0:	974e                	add	a4,a4,s3
    13a2:	a31c                	sb	a5,0(a4)
    13a4:	201c                	lbu	a5,0(s0)
    13a6:	0785                	addi	a5,a5,1
    13a8:	0ff7f793          	andi	a5,a5,255
    13ac:	a01c                	sb	a5,0(s0)
    13ae:	bfad                	j	1328 <DataParser+0x462>
    13b0:	479d                	li	a5,7
    13b2:	00f98023          	sb	a5,0(s3)
    13b6:	bfa5                	j	132e <DataParser+0x468>
    13b8:	4789                	li	a5,2
    13ba:	f6f59ee3          	bne	a1,a5,1336 <DataParser+0x470>
    13be:	3108                	lbu	a0,1(a0)
    13c0:	34f1                	jal	e8c <ascii2hex>
    13c2:	4785                	li	a5,1
    13c4:	f6a7e9e3          	bltu	a5,a0,1336 <DataParser+0x470>
    13c8:	200007b7          	lui	a5,0x20000
    13cc:	0d47c703          	lbu	a4,212(a5) # 200000d4 <CanChnOpen>
    13d0:	479d                	li	a5,7
    13d2:	eb2d                	bnez	a4,1444 <DataParser+0x57e>
    13d4:	80a18423          	sb	a0,-2040(gp) # 20000098 <AutoPollAutoSend>
    13d8:	47b5                	li	a5,13
    13da:	a0ad                	j	1444 <DataParser+0x57e>
    13dc:	4789                	li	a5,2
    13de:	f4f91ce3          	bne	s2,a5,1336 <DataParser+0x470>
    13e2:	4785                	li	a5,1
    13e4:	b6a9                	j	f2e <DataParser+0x68>
    13e6:	47a5                	li	a5,9
    13e8:	bfdd                	j	13de <DataParser+0x518>
    13ea:	4785                	li	a5,1
    13ec:	f4f595e3          	bne	a1,a5,1336 <DataParser+0x470>
    13f0:	85b6                	mv	a1,a3
    13f2:	8532                	mv	a0,a2
    13f4:	3c1d                	jal	e2a <GetVersionInfo>
    13f6:	b689                	j	f38 <DataParser+0x72>
    13f8:	4785                	li	a5,1
    13fa:	f2f59ee3          	bne	a1,a5,1336 <DataParser+0x470>
    13fe:	00068023          	sb	zero,0(a3)
    1402:	04e00793          	li	a5,78
    1406:	a21c                	sb	a5,0(a2)
    1408:	2288                	lbu	a0,0(a3)
    140a:	000055b7          	lui	a1,0x5
    140e:	4611                	li	a2,4
    1410:	0505                	addi	a0,a0,1
    1412:	0ff57513          	andi	a0,a0,255
    1416:	a288                	sb	a0,0(a3)
    1418:	9a458593          	addi	a1,a1,-1628 # 49a4 <_read+0x10a>
    141c:	954e                	add	a0,a0,s3
    141e:	1aa020ef          	jal	ra,35c8 <memcpy>
    1422:	201c                	lbu	a5,0(s0)
    1424:	0791                	addi	a5,a5,4
    1426:	b749                	j	13a8 <DataParser+0x4e2>
    1428:	4789                	li	a5,2
    142a:	f0f596e3          	bne	a1,a5,1336 <DataParser+0x470>
    142e:	3108                	lbu	a0,1(a0)
    1430:	3cb1                	jal	e8c <ascii2hex>
    1432:	4785                	li	a5,1
    1434:	f0a7e1e3          	bltu	a5,a0,1336 <DataParser+0x470>
    1438:	200007b7          	lui	a5,0x20000
    143c:	0d47c703          	lbu	a4,212(a5) # 200000d4 <CanChnOpen>
    1440:	479d                	li	a5,7
    1442:	db59                	beqz	a4,13d8 <DataParser+0x512>
    1444:	00040023          	sb	zero,0(s0)
    1448:	b7ad                	j	13b2 <DataParser+0x4ec>

0000144a <HAL_CANIntIT>:
    144a:	400217b7          	lui	a5,0x40021
    144e:	4b94                	lw	a3,16(a5)
    1450:	020008b7          	lui	a7,0x2000
    1454:	fe000837          	lui	a6,0xfe000
    1458:	0116e6b3          	or	a3,a3,a7
    145c:	cb94                	sw	a3,16(a5)
    145e:	4b94                	lw	a3,16(a5)
    1460:	187d                	addi	a6,a6,-1
    1462:	0106f6b3          	and	a3,a3,a6
    1466:	cb94                	sw	a3,16(a5)
    1468:	4fd8                	lw	a4,28(a5)
    146a:	01176733          	or	a4,a4,a7
    146e:	cfd8                	sw	a4,28(a5)
    1470:	06400793          	li	a5,100
    1474:	4751                	li	a4,20
    1476:	02f50563          	beq	a0,a5,14a0 <HAL_CANIntIT+0x56>
    147a:	0ea7e363          	bltu	a5,a0,1560 <HAL_CANIntIT+0x116>
    147e:	47d1                	li	a5,20
    1480:	12c00713          	li	a4,300
    1484:	00f50e63          	beq	a0,a5,14a0 <HAL_CANIntIT+0x56>
    1488:	03200793          	li	a5,50
    148c:	07800713          	li	a4,120
    1490:	00f50863          	beq	a0,a5,14a0 <HAL_CANIntIT+0x56>
    1494:	47a9                	li	a5,10
    1496:	25800713          	li	a4,600
    149a:	00f50363          	beq	a0,a5,14a0 <HAL_CANIntIT+0x56>
    149e:	4741                	li	a4,16
    14a0:	400067b7          	lui	a5,0x40006
    14a4:	4007a683          	lw	a3,1024(a5) # 40006400 <__freertos_irq_stack_top+0x1fffe400>
    14a8:	6541                	lui	a0,0x10
    14aa:	9af5                	andi	a3,a3,-3
    14ac:	40d7a023          	sw	a3,1024(a5)
    14b0:	4007a683          	lw	a3,1024(a5)
    14b4:	0016e693          	ori	a3,a3,1
    14b8:	40d7a023          	sw	a3,1024(a5)
    14bc:	40078693          	addi	a3,a5,1024
    14c0:	42dc                	lw	a5,4(a3)
    14c2:	8b85                	andi	a5,a5,1
    14c4:	e399                	bnez	a5,14ca <HAL_CANIntIT+0x80>
    14c6:	157d                	addi	a0,a0,-1
    14c8:	fd65                	bnez	a0,14c0 <HAL_CANIntIT+0x76>
    14ca:	42c8                	lw	a0,4(a3)
    14cc:	400067b7          	lui	a5,0x40006
    14d0:	8905                	andi	a0,a0,1
    14d2:	c54d                	beqz	a0,157c <HAL_CANIntIT+0x132>
    14d4:	4007a503          	lw	a0,1024(a5) # 40006400 <__freertos_irq_stack_top+0x1fffe400>
    14d8:	177d                	addi	a4,a4,-1
    14da:	40078793          	addi	a5,a5,1024
    14de:	f7f57513          	andi	a0,a0,-129
    14e2:	c388                	sw	a0,0(a5)
    14e4:	4388                	lw	a0,0(a5)
    14e6:	04056513          	ori	a0,a0,64
    14ea:	c388                	sw	a0,0(a5)
    14ec:	4388                	lw	a0,0(a5)
    14ee:	fdf57513          	andi	a0,a0,-33
    14f2:	c388                	sw	a0,0(a5)
    14f4:	4388                	lw	a0,0(a5)
    14f6:	01056513          	ori	a0,a0,16
    14fa:	c388                	sw	a0,0(a5)
    14fc:	4388                	lw	a0,0(a5)
    14fe:	995d                	andi	a0,a0,-9
    1500:	c388                	sw	a0,0(a5)
    1502:	4388                	lw	a0,0(a5)
    1504:	996d                	andi	a0,a0,-5
    1506:	c388                	sw	a0,0(a5)
    1508:	034b0537          	lui	a0,0x34b0
    150c:	8f49                	or	a4,a4,a0
    150e:	ced8                	sw	a4,28(a3)
    1510:	4398                	lw	a4,0(a5)
    1512:	9b79                	andi	a4,a4,-2
    1514:	c398                	sw	a4,0(a5)
    1516:	6741                	lui	a4,0x10
    1518:	43d4                	lw	a3,4(a5)
    151a:	8a85                	andi	a3,a3,1
    151c:	c299                	beqz	a3,1522 <HAL_CANIntIT+0xd8>
    151e:	177d                	addi	a4,a4,-1
    1520:	ff65                	bnez	a4,1518 <HAL_CANIntIT+0xce>
    1522:	43d8                	lw	a4,4(a5)
    1524:	8b05                	andi	a4,a4,1
    1526:	eb39                	bnez	a4,157c <HAL_CANIntIT+0x132>
    1528:	feffe2ef          	jal	t0,516 <__riscv_save_0>
    152c:	4bd8                	lw	a4,20(a5)
    152e:	02400513          	li	a0,36
    1532:	842e                	mv	s0,a1
    1534:	41376713          	ori	a4,a4,1043
    1538:	cbd8                	sw	a4,20(a5)
    153a:	84b2                	mv	s1,a2
    153c:	26d1                	jal	1900 <PFIC_IRQ_ENABLE_PG2>
    153e:	8626                	mv	a2,s1
    1540:	85a2                	mv	a1,s0
    1542:	02500513          	li	a0,37
    1546:	2e6d                	jal	1900 <PFIC_IRQ_ENABLE_PG2>
    1548:	8626                	mv	a2,s1
    154a:	85a2                	mv	a1,s0
    154c:	02300513          	li	a0,35
    1550:	2e45                	jal	1900 <PFIC_IRQ_ENABLE_PG2>
    1552:	8626                	mv	a2,s1
    1554:	85a2                	mv	a1,s0
    1556:	02600513          	li	a0,38
    155a:	265d                	jal	1900 <PFIC_IRQ_ENABLE_PG2>
    155c:	fdffe06f          	j	53a <__riscv_restore_0>
    1560:	1f400793          	li	a5,500
    1564:	4711                	li	a4,4
    1566:	f2f50de3          	beq	a0,a5,14a0 <HAL_CANIntIT+0x56>
    156a:	3e800793          	li	a5,1000
    156e:	4709                	li	a4,2
    1570:	f2f508e3          	beq	a0,a5,14a0 <HAL_CANIntIT+0x56>
    1574:	0fa00793          	li	a5,250
    1578:	4721                	li	a4,8
    157a:	b705                	j	149a <HAL_CANIntIT+0x50>
    157c:	8082                	ret

0000157e <HAL_CANToInitMode>:
    157e:	400067b7          	lui	a5,0x40006
    1582:	4007a703          	lw	a4,1024(a5) # 40006400 <__freertos_irq_stack_top+0x1fffe400>
    1586:	4605                	li	a2,1
    1588:	40078793          	addi	a5,a5,1024
    158c:	9b71                	andi	a4,a4,-4
    158e:	00176713          	ori	a4,a4,1
    1592:	c398                	sw	a4,0(a5)
    1594:	6741                	lui	a4,0x10
    1596:	43d4                	lw	a3,4(a5)
    1598:	8a8d                	andi	a3,a3,3
    159a:	00c68463          	beq	a3,a2,15a2 <HAL_CANToInitMode+0x24>
    159e:	177d                	addi	a4,a4,-1
    15a0:	fb7d                	bnez	a4,1596 <HAL_CANToInitMode+0x18>
    15a2:	43c8                	lw	a0,4(a5)
    15a4:	890d                	andi	a0,a0,3
    15a6:	157d                	addi	a0,a0,-1
    15a8:	00153513          	seqz	a0,a0
    15ac:	8082                	ret

000015ae <HAL_CANToOperatingMode>:
    15ae:	400067b7          	lui	a5,0x40006
    15b2:	4007a703          	lw	a4,1024(a5) # 40006400 <__freertos_irq_stack_top+0x1fffe400>
    15b6:	40078793          	addi	a5,a5,1024
    15ba:	9b71                	andi	a4,a4,-4
    15bc:	c398                	sw	a4,0(a5)
    15be:	6741                	lui	a4,0x10
    15c0:	43d4                	lw	a3,4(a5)
    15c2:	8a8d                	andi	a3,a3,3
    15c4:	c299                	beqz	a3,15ca <HAL_CANToOperatingMode+0x1c>
    15c6:	177d                	addi	a4,a4,-1
    15c8:	ff65                	bnez	a4,15c0 <HAL_CANToOperatingMode+0x12>
    15ca:	43c8                	lw	a0,4(a5)
    15cc:	890d                	andi	a0,a0,3
    15ce:	00153513          	seqz	a0,a0
    15d2:	8082                	ret

000015d4 <HAL_CAN_MSG_SEND>:
    15d4:	f29fe2ef          	jal	t0,4fc <__riscv_save_4>
    15d8:	2144                	lbu	s1,4(a0)
    15da:	1141                	addi	sp,sp,-16
    15dc:	4100                	lw	s0,0(a0)
    15de:	00550593          	addi	a1,a0,5 # 34b0005 <_data_lma+0x34ab4a9>
    15e2:	89aa                	mv	s3,a0
    15e4:	8626                	mv	a2,s1
    15e6:	0028                	addi	a0,sp,8
    15e8:	7e1010ef          	jal	ra,35c8 <memcpy>
    15ec:	400067b7          	lui	a5,0x40006
    15f0:	4087a703          	lw	a4,1032(a5) # 40006408 <__freertos_irq_stack_top+0x1fffe408>
    15f4:	00e45913          	srli	s2,s0,0xe
    15f8:	00297913          	andi	s2,s2,2
    15fc:	00571693          	slli	a3,a4,0x5
    1600:	7ff47413          	andi	s0,s0,2047
    1604:	0806c863          	bltz	a3,1694 <HAL_CAN_MSG_SEND+0xc0>
    1608:	40078793          	addi	a5,a5,1024
    160c:	4798                	lw	a4,8(a5)
    160e:	00471693          	slli	a3,a4,0x4
    1612:	0806c363          	bltz	a3,1698 <HAL_CAN_MSG_SEND+0xc4>
    1616:	479c                	lw	a5,8(a5)
    1618:	4511                	li	a0,4
    161a:	00379713          	slli	a4,a5,0x3
    161e:	06075863          	bgez	a4,168e <HAL_CAN_MSG_SEND+0xba>
    1622:	4509                	li	a0,2
    1624:	40006737          	lui	a4,0x40006
    1628:	40070713          	addi	a4,a4,1024 # 40006400 <__freertos_irq_stack_top+0x1fffe400>
    162c:	00451793          	slli	a5,a0,0x4
    1630:	97ba                	add	a5,a5,a4
    1632:	1807a703          	lw	a4,384(a5)
    1636:	0109a683          	lw	a3,16(s3)
    163a:	8b05                	andi	a4,a4,1
    163c:	18e7a023          	sw	a4,384(a5)
    1640:	8a85                	andi	a3,a3,1
    1642:	01541713          	slli	a4,s0,0x15
    1646:	01276733          	or	a4,a4,s2
    164a:	eaa9                	bnez	a3,169c <HAL_CAN_MSG_SEND+0xc8>
    164c:	1807a683          	lw	a3,384(a5)
    1650:	8ed9                	or	a3,a3,a4
    1652:	18d7a023          	sw	a3,384(a5)
    1656:	1807a683          	lw	a3,384(a5)
    165a:	88bd                	andi	s1,s1,15
    165c:	8f55                	or	a4,a4,a3
    165e:	18e7a023          	sw	a4,384(a5)
    1662:	1847a703          	lw	a4,388(a5)
    1666:	9b41                	andi	a4,a4,-16
    1668:	18e7a223          	sw	a4,388(a5)
    166c:	1847a703          	lw	a4,388(a5)
    1670:	8cd9                	or	s1,s1,a4
    1672:	4722                	lw	a4,8(sp)
    1674:	1897a223          	sw	s1,388(a5)
    1678:	18e7a423          	sw	a4,392(a5)
    167c:	4732                	lw	a4,12(sp)
    167e:	18e7a623          	sw	a4,396(a5)
    1682:	1807a703          	lw	a4,384(a5)
    1686:	00176713          	ori	a4,a4,1
    168a:	18e7a023          	sw	a4,384(a5)
    168e:	0141                	addi	sp,sp,16
    1690:	ea1fe06f          	j	530 <__riscv_restore_4>
    1694:	4501                	li	a0,0
    1696:	b779                	j	1624 <HAL_CAN_MSG_SEND+0x50>
    1698:	4505                	li	a0,1
    169a:	b769                	j	1624 <HAL_CAN_MSG_SEND+0x50>
    169c:	1807a683          	lw	a3,384(a5)
    16a0:	040e                	slli	s0,s0,0x3
    16a2:	8c55                	or	s0,s0,a3
    16a4:	01246433          	or	s0,s0,s2
    16a8:	00446413          	ori	s0,s0,4
    16ac:	1887a023          	sw	s0,384(a5)
    16b0:	b75d                	j	1656 <HAL_CAN_MSG_SEND+0x82>

000016b2 <HAL_CANSend>:
    16b2:	e65fe2ef          	jal	t0,516 <__riscv_save_0>
    16b6:	2144                	lbu	s1,4(a0)
    16b8:	1141                	addi	sp,sp,-16
    16ba:	4100                	lw	s0,0(a0)
    16bc:	00550593          	addi	a1,a0,5
    16c0:	8626                	mv	a2,s1
    16c2:	0028                	addi	a0,sp,8
    16c4:	705010ef          	jal	ra,35c8 <memcpy>
    16c8:	400067b7          	lui	a5,0x40006
    16cc:	4087a703          	lw	a4,1032(a5) # 40006408 <__freertos_irq_stack_top+0x1fffe408>
    16d0:	00e45913          	srli	s2,s0,0xe
    16d4:	00297913          	andi	s2,s2,2
    16d8:	00571693          	slli	a3,a4,0x5
    16dc:	0606ce63          	bltz	a3,1758 <HAL_CANSend+0xa6>
    16e0:	40078793          	addi	a5,a5,1024
    16e4:	4798                	lw	a4,8(a5)
    16e6:	00471693          	slli	a3,a4,0x4
    16ea:	0606c963          	bltz	a3,175c <HAL_CANSend+0xaa>
    16ee:	479c                	lw	a5,8(a5)
    16f0:	4511                	li	a0,4
    16f2:	00379713          	slli	a4,a5,0x3
    16f6:	04075e63          	bgez	a4,1752 <HAL_CANSend+0xa0>
    16fa:	4509                	li	a0,2
    16fc:	40006737          	lui	a4,0x40006
    1700:	40070713          	addi	a4,a4,1024 # 40006400 <__freertos_irq_stack_top+0x1fffe400>
    1704:	00451793          	slli	a5,a0,0x4
    1708:	97ba                	add	a5,a5,a4
    170a:	1807a703          	lw	a4,384(a5)
    170e:	0456                	slli	s0,s0,0x15
    1710:	01246433          	or	s0,s0,s2
    1714:	8b05                	andi	a4,a4,1
    1716:	18e7a023          	sw	a4,384(a5)
    171a:	1807a703          	lw	a4,384(a5)
    171e:	88bd                	andi	s1,s1,15
    1720:	8c59                	or	s0,s0,a4
    1722:	1887a023          	sw	s0,384(a5)
    1726:	1847a703          	lw	a4,388(a5)
    172a:	9b41                	andi	a4,a4,-16
    172c:	18e7a223          	sw	a4,388(a5)
    1730:	1847a703          	lw	a4,388(a5)
    1734:	8cd9                	or	s1,s1,a4
    1736:	4722                	lw	a4,8(sp)
    1738:	1897a223          	sw	s1,388(a5)
    173c:	18e7a423          	sw	a4,392(a5)
    1740:	4732                	lw	a4,12(sp)
    1742:	18e7a623          	sw	a4,396(a5)
    1746:	1807a703          	lw	a4,384(a5)
    174a:	00176713          	ori	a4,a4,1
    174e:	18e7a023          	sw	a4,384(a5)
    1752:	0141                	addi	sp,sp,16
    1754:	de7fe06f          	j	53a <__riscv_restore_0>
    1758:	4501                	li	a0,0
    175a:	b74d                	j	16fc <HAL_CANSend+0x4a>
    175c:	4505                	li	a0,1
    175e:	bf79                	j	16fc <HAL_CANSend+0x4a>

00001760 <USB_HP_CAN1_TX_IRQHandler>:
    1760:	7139                	addi	sp,sp,-64
    1762:	ce3a                	sw	a4,28(sp)
    1764:	6741                	lui	a4,0x10
    1766:	cc3e                	sw	a5,24(sp)
    1768:	de06                	sw	ra,60(sp)
    176a:	dc16                	sw	t0,56(sp)
    176c:	da1a                	sw	t1,52(sp)
    176e:	d81e                	sw	t2,48(sp)
    1770:	d62a                	sw	a0,44(sp)
    1772:	d42e                	sw	a1,40(sp)
    1774:	d232                	sw	a2,36(sp)
    1776:	d036                	sw	a3,32(sp)
    1778:	ca42                	sw	a6,20(sp)
    177a:	c846                	sw	a7,16(sp)
    177c:	c672                	sw	t3,12(sp)
    177e:	c476                	sw	t4,8(sp)
    1780:	c27a                	sw	t5,4(sp)
    1782:	c07e                	sw	t6,0(sp)
    1784:	10170713          	addi	a4,a4,257 # 10101 <_data_lma+0xb5a5>
    1788:	400067b7          	lui	a5,0x40006
    178c:	40e7a423          	sw	a4,1032(a5) # 40006408 <__freertos_irq_stack_top+0x1fffe408>
    1790:	6081a783          	lw	a5,1544(gp) # 20000e98 <CAN+0x4>
    1794:	9782                	jalr	a5
    1796:	50f2                	lw	ra,60(sp)
    1798:	52e2                	lw	t0,56(sp)
    179a:	5352                	lw	t1,52(sp)
    179c:	53c2                	lw	t2,48(sp)
    179e:	5532                	lw	a0,44(sp)
    17a0:	55a2                	lw	a1,40(sp)
    17a2:	5612                	lw	a2,36(sp)
    17a4:	5682                	lw	a3,32(sp)
    17a6:	4772                	lw	a4,28(sp)
    17a8:	47e2                	lw	a5,24(sp)
    17aa:	4852                	lw	a6,20(sp)
    17ac:	48c2                	lw	a7,16(sp)
    17ae:	4e32                	lw	t3,12(sp)
    17b0:	4ea2                	lw	t4,8(sp)
    17b2:	4f12                	lw	t5,4(sp)
    17b4:	4f82                	lw	t6,0(sp)
    17b6:	6121                	addi	sp,sp,64
    17b8:	30200073          	mret

000017bc <USB_LP_CAN1_RX0_IRQHandler>:
    17bc:	7139                	addi	sp,sp,-64
    17be:	cc3e                	sw	a5,24(sp)
    17c0:	6041a783          	lw	a5,1540(gp) # 20000e94 <CAN>
    17c4:	d62a                	sw	a0,44(sp)
    17c6:	ce3a                	sw	a4,28(sp)
    17c8:	de06                	sw	ra,60(sp)
    17ca:	dc16                	sw	t0,56(sp)
    17cc:	da1a                	sw	t1,52(sp)
    17ce:	d81e                	sw	t2,48(sp)
    17d0:	d42e                	sw	a1,40(sp)
    17d2:	d232                	sw	a2,36(sp)
    17d4:	d036                	sw	a3,32(sp)
    17d6:	ca42                	sw	a6,20(sp)
    17d8:	c846                	sw	a7,16(sp)
    17da:	c672                	sw	t3,12(sp)
    17dc:	c476                	sw	t4,8(sp)
    17de:	c27a                	sw	t5,4(sp)
    17e0:	c07e                	sw	t6,0(sp)
    17e2:	4501                	li	a0,0
    17e4:	9782                	jalr	a5
    17e6:	400067b7          	lui	a5,0x40006
    17ea:	4721                	li	a4,8
    17ec:	40e7a623          	sw	a4,1036(a5) # 4000640c <__freertos_irq_stack_top+0x1fffe40c>
    17f0:	50f2                	lw	ra,60(sp)
    17f2:	52e2                	lw	t0,56(sp)
    17f4:	5352                	lw	t1,52(sp)
    17f6:	53c2                	lw	t2,48(sp)
    17f8:	5532                	lw	a0,44(sp)
    17fa:	55a2                	lw	a1,40(sp)
    17fc:	5612                	lw	a2,36(sp)
    17fe:	5682                	lw	a3,32(sp)
    1800:	4772                	lw	a4,28(sp)
    1802:	47e2                	lw	a5,24(sp)
    1804:	4852                	lw	a6,20(sp)
    1806:	48c2                	lw	a7,16(sp)
    1808:	4e32                	lw	t3,12(sp)
    180a:	4ea2                	lw	t4,8(sp)
    180c:	4f12                	lw	t5,4(sp)
    180e:	4f82                	lw	t6,0(sp)
    1810:	6121                	addi	sp,sp,64
    1812:	30200073          	mret

00001816 <CAN1_RX1_IRQHandler>:
    1816:	7139                	addi	sp,sp,-64
    1818:	cc3e                	sw	a5,24(sp)
    181a:	6041a783          	lw	a5,1540(gp) # 20000e94 <CAN>
    181e:	d62a                	sw	a0,44(sp)
    1820:	ce3a                	sw	a4,28(sp)
    1822:	de06                	sw	ra,60(sp)
    1824:	dc16                	sw	t0,56(sp)
    1826:	da1a                	sw	t1,52(sp)
    1828:	d81e                	sw	t2,48(sp)
    182a:	d42e                	sw	a1,40(sp)
    182c:	d232                	sw	a2,36(sp)
    182e:	d036                	sw	a3,32(sp)
    1830:	ca42                	sw	a6,20(sp)
    1832:	c846                	sw	a7,16(sp)
    1834:	c672                	sw	t3,12(sp)
    1836:	c476                	sw	t4,8(sp)
    1838:	c27a                	sw	t5,4(sp)
    183a:	c07e                	sw	t6,0(sp)
    183c:	4505                	li	a0,1
    183e:	9782                	jalr	a5
    1840:	400067b7          	lui	a5,0x40006
    1844:	4721                	li	a4,8
    1846:	40e7a823          	sw	a4,1040(a5) # 40006410 <__freertos_irq_stack_top+0x1fffe410>
    184a:	50f2                	lw	ra,60(sp)
    184c:	52e2                	lw	t0,56(sp)
    184e:	5352                	lw	t1,52(sp)
    1850:	53c2                	lw	t2,48(sp)
    1852:	5532                	lw	a0,44(sp)
    1854:	55a2                	lw	a1,40(sp)
    1856:	5612                	lw	a2,36(sp)
    1858:	5682                	lw	a3,32(sp)
    185a:	4772                	lw	a4,28(sp)
    185c:	47e2                	lw	a5,24(sp)
    185e:	4852                	lw	a6,20(sp)
    1860:	48c2                	lw	a7,16(sp)
    1862:	4e32                	lw	t3,12(sp)
    1864:	4ea2                	lw	t4,8(sp)
    1866:	4f12                	lw	t5,4(sp)
    1868:	4f82                	lw	t6,0(sp)
    186a:	6121                	addi	sp,sp,64
    186c:	30200073          	mret

00001870 <CAN1_SCE_IRQHandler>:
    1870:	7139                	addi	sp,sp,-64
    1872:	ce3a                	sw	a4,28(sp)
    1874:	cc3e                	sw	a5,24(sp)
    1876:	de06                	sw	ra,60(sp)
    1878:	dc16                	sw	t0,56(sp)
    187a:	da1a                	sw	t1,52(sp)
    187c:	d81e                	sw	t2,48(sp)
    187e:	d62a                	sw	a0,44(sp)
    1880:	d42e                	sw	a1,40(sp)
    1882:	d232                	sw	a2,36(sp)
    1884:	d036                	sw	a3,32(sp)
    1886:	ca42                	sw	a6,20(sp)
    1888:	c846                	sw	a7,16(sp)
    188a:	c672                	sw	t3,12(sp)
    188c:	c476                	sw	t4,8(sp)
    188e:	c27a                	sw	t5,4(sp)
    1890:	c07e                	sw	t6,0(sp)
    1892:	4711                	li	a4,4
    1894:	400067b7          	lui	a5,0x40006
    1898:	40e7a223          	sw	a4,1028(a5) # 40006404 <__freertos_irq_stack_top+0x1fffe404>
    189c:	60c1a783          	lw	a5,1548(gp) # 20000e9c <CAN+0x8>
    18a0:	9782                	jalr	a5
    18a2:	50f2                	lw	ra,60(sp)
    18a4:	52e2                	lw	t0,56(sp)
    18a6:	5352                	lw	t1,52(sp)
    18a8:	53c2                	lw	t2,48(sp)
    18aa:	5532                	lw	a0,44(sp)
    18ac:	55a2                	lw	a1,40(sp)
    18ae:	5612                	lw	a2,36(sp)
    18b0:	5682                	lw	a3,32(sp)
    18b2:	4772                	lw	a4,28(sp)
    18b4:	47e2                	lw	a5,24(sp)
    18b6:	4852                	lw	a6,20(sp)
    18b8:	48c2                	lw	a7,16(sp)
    18ba:	4e32                	lw	t3,12(sp)
    18bc:	4ea2                	lw	t4,8(sp)
    18be:	4f12                	lw	t5,4(sp)
    18c0:	4f82                	lw	t6,0(sp)
    18c2:	6121                	addi	sp,sp,64
    18c4:	30200073          	mret

000018c8 <HAL_InitAPB1>:
    18c8:	400217b7          	lui	a5,0x40021
    18cc:	4fd8                	lw	a4,28(a5)
    18ce:	8f49                	or	a4,a4,a0
    18d0:	cfd8                	sw	a4,28(a5)
    18d2:	4b98                	lw	a4,16(a5)
    18d4:	8f49                	or	a4,a4,a0
    18d6:	cb98                	sw	a4,16(a5)
    18d8:	4b98                	lw	a4,16(a5)
    18da:	fff54513          	not	a0,a0
    18de:	8d79                	and	a0,a0,a4
    18e0:	cb88                	sw	a0,16(a5)
    18e2:	8082                	ret

000018e4 <HAL_InitAPB2>:
    18e4:	400217b7          	lui	a5,0x40021
    18e8:	4f98                	lw	a4,24(a5)
    18ea:	8f49                	or	a4,a4,a0
    18ec:	cf98                	sw	a4,24(a5)
    18ee:	47d8                	lw	a4,12(a5)
    18f0:	8f49                	or	a4,a4,a0
    18f2:	c7d8                	sw	a4,12(a5)
    18f4:	47d8                	lw	a4,12(a5)
    18f6:	fff54513          	not	a0,a0
    18fa:	8d79                	and	a0,a0,a4
    18fc:	c7c8                	sw	a0,12(a5)
    18fe:	8082                	ret

00001900 <PFIC_IRQ_ENABLE_PG2>:
    1900:	e000e737          	lui	a4,0xe000e
    1904:	0596                	slli	a1,a1,0x5
    1906:	00a707b3          	add	a5,a4,a0
    190a:	0ff5f593          	andi	a1,a1,255
    190e:	40b78023          	sb	a1,1024(a5) # 40021400 <__freertos_irq_stack_top+0x20019400>
    1912:	00555793          	srli	a5,a0,0x5
    1916:	04078793          	addi	a5,a5,64
    191a:	4685                	li	a3,1
    191c:	078a                	slli	a5,a5,0x2
    191e:	00a696b3          	sll	a3,a3,a0
    1922:	97ba                	add	a5,a5,a4
    1924:	c394                	sw	a3,0(a5)
    1926:	8082                	ret

00001928 <HALUSARTInit>:
    1928:	bd5fe2ef          	jal	t0,4fc <__riscv_save_4>
    192c:	4785                	li	a5,1
    192e:	1141                	addi	sp,sp,-16
    1930:	842a                	mv	s0,a0
    1932:	8a2e                	mv	s4,a1
    1934:	8932                	mv	s2,a2
    1936:	84b6                	mv	s1,a3
    1938:	89ba                	mv	s3,a4
    193a:	04f50363          	beq	a0,a5,1980 <HALUSARTInit+0x58>
    193e:	cd15                	beqz	a0,197a <HALUSARTInit+0x52>
    1940:	4789                	li	a5,2
    1942:	04f50363          	beq	a0,a5,1988 <HALUSARTInit+0x60>
    1946:	478d                	li	a5,3
    1948:	04f50363          	beq	a0,a5,198e <HALUSARTInit+0x66>
    194c:	47b1                	li	a5,12
    194e:	857c                	sh	a5,10(sp)
    1950:	200007b7          	lui	a5,0x20000
    1954:	02078793          	addi	a5,a5,32 # 20000020 <USART>
    1958:	040a                	slli	s0,s0,0x2
    195a:	943e                	add	s0,s0,a5
    195c:	4008                	lw	a0,0(s0)
    195e:	858a                	mv	a1,sp
    1960:	c052                	sw	s4,0(sp)
    1962:	01311223          	sh	s3,4(sp)
    1966:	01211323          	sh	s2,6(sp)
    196a:	8464                	sh	s1,8(sp)
    196c:	00011623          	sh	zero,12(sp)
    1970:	bdeff0ef          	jal	ra,d4e <USART_Init>
    1974:	0141                	addi	sp,sp,16
    1976:	bbbfe06f          	j	530 <__riscv_restore_4>
    197a:	6511                	lui	a0,0x4
    197c:	37a5                	jal	18e4 <HAL_InitAPB2>
    197e:	b7f9                	j	194c <HALUSARTInit+0x24>
    1980:	00020537          	lui	a0,0x20
    1984:	3791                	jal	18c8 <HAL_InitAPB1>
    1986:	b7d9                	j	194c <HALUSARTInit+0x24>
    1988:	00040537          	lui	a0,0x40
    198c:	bfe5                	j	1984 <HALUSARTInit+0x5c>
    198e:	00080537          	lui	a0,0x80
    1992:	bfcd                	j	1984 <HALUSARTInit+0x5c>

00001994 <HALUSARTEnable>:
    1994:	200007b7          	lui	a5,0x20000
    1998:	050a                	slli	a0,a0,0x2
    199a:	02078793          	addi	a5,a5,32 # 20000020 <USART>
    199e:	97aa                	add	a5,a5,a0
    19a0:	4398                	lw	a4,0(a5)
    19a2:	6689                	lui	a3,0x2
    19a4:	275e                	lhu	a5,12(a4)
    19a6:	8fd5                	or	a5,a5,a3
    19a8:	a75e                	sh	a5,12(a4)
    19aa:	8082                	ret

000019ac <HALUSARTInitIT>:
    19ac:	b6bfe2ef          	jal	t0,516 <__riscv_save_0>
    19b0:	4789                	li	a5,2
    19b2:	842a                	mv	s0,a0
    19b4:	892e                	mv	s2,a1
    19b6:	84b2                	mv	s1,a2
    19b8:	00f51763          	bne	a0,a5,19c6 <HALUSARTInitIT+0x1a>
    19bc:	863a                	mv	a2,a4
    19be:	85b6                	mv	a1,a3
    19c0:	03700513          	li	a0,55
    19c4:	3f35                	jal	1900 <PFIC_IRQ_ENABLE_PG2>
    19c6:	040e                	slli	s0,s0,0x3
    19c8:	61018513          	addi	a0,gp,1552 # 20000ea0 <CallBackFunction>
    19cc:	9522                	add	a0,a0,s0
    19ce:	01252023          	sw	s2,0(a0) # 80000 <_data_lma+0x7b4a4>
    19d2:	c144                	sw	s1,4(a0)
    19d4:	b67fe06f          	j	53a <__riscv_restore_0>

000019d8 <HAL_SendByte_IT>:
    19d8:	200007b7          	lui	a5,0x20000
    19dc:	050a                	slli	a0,a0,0x2
    19de:	02078793          	addi	a5,a5,32 # 20000020 <USART>
    19e2:	97aa                	add	a5,a5,a0
    19e4:	439c                	lw	a5,0(a5)
    19e6:	a3ce                	sh	a1,4(a5)
    19e8:	27da                	lhu	a4,12(a5)
    19ea:	04076713          	ori	a4,a4,64
    19ee:	a7da                	sh	a4,12(a5)
    19f0:	8082                	ret

000019f2 <HAL_RecieveByte_IT>:
    19f2:	200007b7          	lui	a5,0x20000
    19f6:	0cb7ac23          	sw	a1,216(a5) # 200000d8 <recive_byte>
    19fa:	200007b7          	lui	a5,0x20000
    19fe:	050a                	slli	a0,a0,0x2
    1a00:	02078793          	addi	a5,a5,32 # 20000020 <USART>
    1a04:	97aa                	add	a5,a5,a0
    1a06:	4398                	lw	a4,0(a5)
    1a08:	275e                	lhu	a5,12(a4)
    1a0a:	0207e793          	ori	a5,a5,32
    1a0e:	a75e                	sh	a5,12(a4)
    1a10:	8082                	ret

00001a12 <HAL_UASRT_IRQ>:
    1a12:	aebfe2ef          	jal	t0,4fc <__riscv_save_4>
    1a16:	20000437          	lui	s0,0x20000
    1a1a:	02040913          	addi	s2,s0,32 # 20000020 <USART>
    1a1e:	00251993          	slli	s3,a0,0x2
    1a22:	994e                	add	s2,s2,s3
    1a24:	84aa                	mv	s1,a0
    1a26:	00092503          	lw	a0,0(s2) # f000000 <_data_lma+0xeffb4a4>
    1a2a:	62600593          	li	a1,1574
    1a2e:	02040413          	addi	s0,s0,32
    1a32:	bbcff0ef          	jal	ra,dee <USART_GetITStatus>
    1a36:	4785                	li	a5,1
    1a38:	02f51963          	bne	a0,a5,1a6a <HAL_UASRT_IRQ+0x58>
    1a3c:	00092503          	lw	a0,0(s2)
    1a40:	62600593          	li	a1,1574
    1a44:	baaff0ef          	jal	ra,dee <USART_GetITStatus>
    1a48:	00092703          	lw	a4,0(s2)
    1a4c:	275e                	lhu	a5,12(a4)
    1a4e:	07c2                	slli	a5,a5,0x10
    1a50:	83c1                	srli	a5,a5,0x10
    1a52:	fbf7f793          	andi	a5,a5,-65
    1a56:	07c2                	slli	a5,a5,0x10
    1a58:	83c1                	srli	a5,a5,0x10
    1a5a:	a75e                	sh	a5,12(a4)
    1a5c:	00349793          	slli	a5,s1,0x3
    1a60:	61018713          	addi	a4,gp,1552 # 20000ea0 <CallBackFunction>
    1a64:	97ba                	add	a5,a5,a4
    1a66:	43dc                	lw	a5,4(a5)
    1a68:	9782                	jalr	a5
    1a6a:	944e                	add	s0,s0,s3
    1a6c:	4008                	lw	a0,0(s0)
    1a6e:	52500593          	li	a1,1317
    1a72:	b7cff0ef          	jal	ra,dee <USART_GetITStatus>
    1a76:	4785                	li	a5,1
    1a78:	00f51f63          	bne	a0,a5,1a96 <HAL_UASRT_IRQ+0x84>
    1a7c:	401c                	lw	a5,0(s0)
    1a7e:	048e                	slli	s1,s1,0x3
    1a80:	23da                	lhu	a4,4(a5)
    1a82:	200007b7          	lui	a5,0x20000
    1a86:	0d87a783          	lw	a5,216(a5) # 200000d8 <recive_byte>
    1a8a:	61018513          	addi	a0,gp,1552 # 20000ea0 <CallBackFunction>
    1a8e:	9526                	add	a0,a0,s1
    1a90:	a398                	sb	a4,0(a5)
    1a92:	411c                	lw	a5,0(a0)
    1a94:	9782                	jalr	a5
    1a96:	a9bfe06f          	j	530 <__riscv_restore_4>

00001a9a <USART3_IRQHandler>:
    1a9a:	7139                	addi	sp,sp,-64
    1a9c:	d62a                	sw	a0,44(sp)
    1a9e:	4509                	li	a0,2
    1aa0:	de06                	sw	ra,60(sp)
    1aa2:	dc16                	sw	t0,56(sp)
    1aa4:	da1a                	sw	t1,52(sp)
    1aa6:	d81e                	sw	t2,48(sp)
    1aa8:	d42e                	sw	a1,40(sp)
    1aaa:	d232                	sw	a2,36(sp)
    1aac:	d036                	sw	a3,32(sp)
    1aae:	ce3a                	sw	a4,28(sp)
    1ab0:	cc3e                	sw	a5,24(sp)
    1ab2:	ca42                	sw	a6,20(sp)
    1ab4:	c846                	sw	a7,16(sp)
    1ab6:	c672                	sw	t3,12(sp)
    1ab8:	c476                	sw	t4,8(sp)
    1aba:	c27a                	sw	t5,4(sp)
    1abc:	c07e                	sw	t6,0(sp)
    1abe:	3f91                	jal	1a12 <HAL_UASRT_IRQ>
    1ac0:	50f2                	lw	ra,60(sp)
    1ac2:	52e2                	lw	t0,56(sp)
    1ac4:	5352                	lw	t1,52(sp)
    1ac6:	53c2                	lw	t2,48(sp)
    1ac8:	5532                	lw	a0,44(sp)
    1aca:	55a2                	lw	a1,40(sp)
    1acc:	5612                	lw	a2,36(sp)
    1ace:	5682                	lw	a3,32(sp)
    1ad0:	4772                	lw	a4,28(sp)
    1ad2:	47e2                	lw	a5,24(sp)
    1ad4:	4852                	lw	a6,20(sp)
    1ad6:	48c2                	lw	a7,16(sp)
    1ad8:	4e32                	lw	t3,12(sp)
    1ada:	4ea2                	lw	t4,8(sp)
    1adc:	4f12                	lw	t5,4(sp)
    1ade:	4f82                	lw	t6,0(sp)
    1ae0:	6121                	addi	sp,sp,64
    1ae2:	30200073          	mret

00001ae6 <prvInsertBlockIntoFreeList>:
    1ae6:	200007b7          	lui	a5,0x20000
    1aea:	0ec78793          	addi	a5,a5,236 # 200000ec <xStart>
    1aee:	4398                	lw	a4,0(a5)
    1af0:	02a76f63          	bltu	a4,a0,1b2e <prvInsertBlockIntoFreeList+0x48>
    1af4:	43d0                	lw	a2,4(a5)
    1af6:	00c786b3          	add	a3,a5,a2
    1afa:	00d51663          	bne	a0,a3,1b06 <prvInsertBlockIntoFreeList+0x20>
    1afe:	4154                	lw	a3,4(a0)
    1b00:	853e                	mv	a0,a5
    1b02:	96b2                	add	a3,a3,a2
    1b04:	c3d4                	sw	a3,4(a5)
    1b06:	4150                	lw	a2,4(a0)
    1b08:	00c506b3          	add	a3,a0,a2
    1b0c:	00d71c63          	bne	a4,a3,1b24 <prvInsertBlockIntoFreeList+0x3e>
    1b10:	200006b7          	lui	a3,0x20000
    1b14:	0dc6a683          	lw	a3,220(a3) # 200000dc <pxEnd>
    1b18:	00d70663          	beq	a4,a3,1b24 <prvInsertBlockIntoFreeList+0x3e>
    1b1c:	4354                	lw	a3,4(a4)
    1b1e:	4318                	lw	a4,0(a4)
    1b20:	96b2                	add	a3,a3,a2
    1b22:	c154                	sw	a3,4(a0)
    1b24:	c118                	sw	a4,0(a0)
    1b26:	00f50363          	beq	a0,a5,1b2c <prvInsertBlockIntoFreeList+0x46>
    1b2a:	c388                	sw	a0,0(a5)
    1b2c:	8082                	ret
    1b2e:	87ba                	mv	a5,a4
    1b30:	bf7d                	j	1aee <prvInsertBlockIntoFreeList+0x8>

00001b32 <vPortFree>:
    1b32:	c155                	beqz	a0,1bd6 <vPortFree+0xa4>
    1b34:	9e3fe2ef          	jal	t0,516 <__riscv_save_0>
    1b38:	200007b7          	lui	a5,0x20000
    1b3c:	ff452703          	lw	a4,-12(a0)
    1b40:	0e07a783          	lw	a5,224(a5) # 200000e0 <xBlockAllocatedBit>
    1b44:	842a                	mv	s0,a0
    1b46:	00f776b3          	and	a3,a4,a5
    1b4a:	e29d                	bnez	a3,1b70 <vPortFree+0x3e>
    1b4c:	67a1                	lui	a5,0x8
    1b4e:	80078793          	addi	a5,a5,-2048 # 7800 <_data_lma+0x2ca4>
    1b52:	30079073          	csrw	mstatus,a5
    1b56:	00005637          	lui	a2,0x5
    1b5a:	00005537          	lui	a0,0x5
    1b5e:	9d060613          	addi	a2,a2,-1584 # 49d0 <bitrate_table+0x24>
    1b62:	12400593          	li	a1,292
    1b66:	9f850513          	addi	a0,a0,-1544 # 49f8 <bitrate_table+0x4c>
    1b6a:	311010ef          	jal	ra,367a <iprintf>
    1b6e:	a001                	j	1b6e <vPortFree+0x3c>
    1b70:	ff052683          	lw	a3,-16(a0)
    1b74:	c29d                	beqz	a3,1b9a <vPortFree+0x68>
    1b76:	67a1                	lui	a5,0x8
    1b78:	80078793          	addi	a5,a5,-2048 # 7800 <_data_lma+0x2ca4>
    1b7c:	30079073          	csrw	mstatus,a5
    1b80:	00005637          	lui	a2,0x5
    1b84:	00005537          	lui	a0,0x5
    1b88:	9d060613          	addi	a2,a2,-1584 # 49d0 <bitrate_table+0x24>
    1b8c:	12500593          	li	a1,293
    1b90:	9f850513          	addi	a0,a0,-1544 # 49f8 <bitrate_table+0x4c>
    1b94:	2e7010ef          	jal	ra,367a <iprintf>
    1b98:	a001                	j	1b98 <vPortFree+0x66>
    1b9a:	fff7c793          	not	a5,a5
    1b9e:	8ff9                	and	a5,a5,a4
    1ba0:	fef52a23          	sw	a5,-12(a0)
    1ba4:	73d000ef          	jal	ra,2ae0 <vTaskSuspendAll>
    1ba8:	200007b7          	lui	a5,0x20000
    1bac:	0e478793          	addi	a5,a5,228 # 200000e4 <xFreeBytesRemaining>
    1bb0:	4394                	lw	a3,0(a5)
    1bb2:	ff442703          	lw	a4,-12(s0)
    1bb6:	ff040513          	addi	a0,s0,-16
    1bba:	9736                	add	a4,a4,a3
    1bbc:	c398                	sw	a4,0(a5)
    1bbe:	3725                	jal	1ae6 <prvInsertBlockIntoFreeList>
    1bc0:	200007b7          	lui	a5,0x20000
    1bc4:	0e878793          	addi	a5,a5,232 # 200000e8 <xNumberOfSuccessfulFrees>
    1bc8:	4398                	lw	a4,0(a5)
    1bca:	0705                	addi	a4,a4,1
    1bcc:	c398                	sw	a4,0(a5)
    1bce:	0d4010ef          	jal	ra,2ca2 <xTaskResumeAll>
    1bd2:	969fe06f          	j	53a <__riscv_restore_0>
    1bd6:	8082                	ret

00001bd8 <vPortSetupTimerInterrupt>:
    1bd8:	e000e7b7          	lui	a5,0xe000e
    1bdc:	5741                	li	a4,-16
    1bde:	40e78723          	sb	a4,1038(a5) # e000e40e <__freertos_irq_stack_top+0xc000640e>
    1be2:	40e78623          	sb	a4,1036(a5)
    1be6:	e000f7b7          	lui	a5,0xe000f
    1bea:	0007a023          	sw	zero,0(a5) # e000f000 <__freertos_irq_stack_top+0xc0007000>
    1bee:	0007a223          	sw	zero,4(a5)
    1bf2:	4681                	li	a3,0
    1bf4:	c794                	sw	a3,8(a5)
    1bf6:	4701                	li	a4,0
    1bf8:	c7d8                	sw	a4,12(a5)
    1bfa:	20000737          	lui	a4,0x20000
    1bfe:	09072583          	lw	a1,144(a4) # 20000090 <SystemCoreClock>
    1c02:	3e800713          	li	a4,1000
    1c06:	4681                	li	a3,0
    1c08:	02e5d633          	divu	a2,a1,a4
    1c0c:	473d                	li	a4,15
    1c0e:	cb90                	sw	a2,16(a5)
    1c10:	cbd4                	sw	a3,20(a5)
    1c12:	c398                	sw	a4,0(a5)
    1c14:	8082                	ret

00001c16 <xPortStartScheduler>:
    1c16:	901fe2ef          	jal	t0,516 <__riscv_save_0>
    1c1a:	1141                	addi	sp,sp,-16
    1c1c:	c602                	sw	zero,12(sp)
    1c1e:	305027f3          	csrr	a5,mtvec
    1c22:	c63e                	sw	a5,12(sp)
    1c24:	47b2                	lw	a5,12(sp)
    1c26:	470d                	li	a4,3
    1c28:	8b8d                	andi	a5,a5,3
    1c2a:	02e78463          	beq	a5,a4,1c52 <xPortStartScheduler+0x3c>
    1c2e:	67a1                	lui	a5,0x8
    1c30:	80078793          	addi	a5,a5,-2048 # 7800 <_data_lma+0x2ca4>
    1c34:	30079073          	csrw	mstatus,a5
    1c38:	00005637          	lui	a2,0x5
    1c3c:	00005537          	lui	a0,0x5
    1c40:	a1c60613          	addi	a2,a2,-1508 # 4a1c <bitrate_table+0x70>
    1c44:	0b600593          	li	a1,182
    1c48:	9f850513          	addi	a0,a0,-1544 # 49f8 <bitrate_table+0x4c>
    1c4c:	22f010ef          	jal	ra,367a <iprintf>
    1c50:	a001                	j	1c50 <xPortStartScheduler+0x3a>
    1c52:	200087b7          	lui	a5,0x20008
    1c56:	00078793          	mv	a5,a5
    1c5a:	8bbd                	andi	a5,a5,15
    1c5c:	c39d                	beqz	a5,1c82 <xPortStartScheduler+0x6c>
    1c5e:	67a1                	lui	a5,0x8
    1c60:	80078793          	addi	a5,a5,-2048 # 7800 <_data_lma+0x2ca4>
    1c64:	30079073          	csrw	mstatus,a5
    1c68:	00005637          	lui	a2,0x5
    1c6c:	00005537          	lui	a0,0x5
    1c70:	a1c60613          	addi	a2,a2,-1508 # 4a1c <bitrate_table+0x70>
    1c74:	0bb00593          	li	a1,187
    1c78:	9f850513          	addi	a0,a0,-1544 # 49f8 <bitrate_table+0x4c>
    1c7c:	1ff010ef          	jal	ra,367a <iprintf>
    1c80:	a001                	j	1c80 <xPortStartScheduler+0x6a>
    1c82:	3f99                	jal	1bd8 <vPortSetupTimerInterrupt>
    1c84:	e000e7b7          	lui	a5,0xe000e
    1c88:	6705                	lui	a4,0x1
    1c8a:	10e7a023          	sw	a4,256(a5) # e000e100 <__freertos_irq_stack_top+0xc0006100>
    1c8e:	6711                	lui	a4,0x4
    1c90:	10e7a023          	sw	a4,256(a5)
    1c94:	8001a823          	sw	zero,-2032(gp) # 200000a0 <uxCriticalNesting>
    1c98:	e68fe0ef          	jal	ra,300 <xPortStartFirstTask>
    1c9c:	4501                	li	a0,0
    1c9e:	0141                	addi	sp,sp,16
    1ca0:	89bfe06f          	j	53a <__riscv_restore_0>

00001ca4 <SysTick_Handler>:
    1ca4:	34011173          	csrrw	sp,mscratch,sp
    1ca8:	67a1                	lui	a5,0x8
    1caa:	80078793          	addi	a5,a5,-2048 # 7800 <_data_lma+0x2ca4>
    1cae:	30079073          	csrw	mstatus,a5
    1cb2:	e000f7b7          	lui	a5,0xe000f
    1cb6:	0007a223          	sw	zero,4(a5) # e000f004 <__freertos_irq_stack_top+0xc0007004>
    1cba:	641000ef          	jal	ra,2afa <xTaskIncrementTick>
    1cbe:	c511                	beqz	a0,1cca <SysTick_Handler+0x26>
    1cc0:	e000e7b7          	lui	a5,0xe000e
    1cc4:	6711                	lui	a4,0x4
    1cc6:	20e7a023          	sw	a4,512(a5) # e000e200 <__freertos_irq_stack_top+0xc0006200>
    1cca:	67a1                	lui	a5,0x8
    1ccc:	88878793          	addi	a5,a5,-1912 # 7888 <_data_lma+0x2d2c>
    1cd0:	30079073          	csrw	mstatus,a5
    1cd4:	34011173          	csrrw	sp,mscratch,sp
    1cd8:	30200073          	mret

00001cdc <vPortEnterCritical>:
    1cdc:	67a1                	lui	a5,0x8
    1cde:	80078793          	addi	a5,a5,-2048 # 7800 <_data_lma+0x2ca4>
    1ce2:	30079073          	csrw	mstatus,a5
    1ce6:	81018793          	addi	a5,gp,-2032 # 200000a0 <uxCriticalNesting>
    1cea:	4398                	lw	a4,0(a5)
    1cec:	0705                	addi	a4,a4,1
    1cee:	c398                	sw	a4,0(a5)
    1cf0:	8082                	ret

00001cf2 <vPortExitCritical>:
    1cf2:	81018713          	addi	a4,gp,-2032 # 200000a0 <uxCriticalNesting>
    1cf6:	431c                	lw	a5,0(a4)
    1cf8:	e78d                	bnez	a5,1d22 <vPortExitCritical+0x30>
    1cfa:	81dfe2ef          	jal	t0,516 <__riscv_save_0>
    1cfe:	67a1                	lui	a5,0x8
    1d00:	80078793          	addi	a5,a5,-2048 # 7800 <_data_lma+0x2ca4>
    1d04:	30079073          	csrw	mstatus,a5
    1d08:	00005637          	lui	a2,0x5
    1d0c:	00005537          	lui	a0,0x5
    1d10:	a1c60613          	addi	a2,a2,-1508 # 4a1c <bitrate_table+0x70>
    1d14:	10200593          	li	a1,258
    1d18:	9f850513          	addi	a0,a0,-1544 # 49f8 <bitrate_table+0x4c>
    1d1c:	15f010ef          	jal	ra,367a <iprintf>
    1d20:	a001                	j	1d20 <vPortExitCritical+0x2e>
    1d22:	17fd                	addi	a5,a5,-1
    1d24:	c31c                	sw	a5,0(a4)
    1d26:	e791                	bnez	a5,1d32 <vPortExitCritical+0x40>
    1d28:	67a1                	lui	a5,0x8
    1d2a:	88878793          	addi	a5,a5,-1912 # 7888 <_data_lma+0x2d2c>
    1d2e:	30079073          	csrw	mstatus,a5
    1d32:	8082                	ret

00001d34 <xPortSetInterruptMask>:
    1d34:	6521                	lui	a0,0x8
    1d36:	80050513          	addi	a0,a0,-2048 # 7800 <_data_lma+0x2ca4>
    1d3a:	30051573          	csrrw	a0,mstatus,a0
    1d3e:	8082                	ret

00001d40 <vPortClearInterruptMask>:
    1d40:	30051073          	csrw	mstatus,a0
    1d44:	8082                	ret

00001d46 <vListInitialise>:
    1d46:	00850793          	addi	a5,a0,8
    1d4a:	577d                	li	a4,-1
    1d4c:	c15c                	sw	a5,4(a0)
    1d4e:	c518                	sw	a4,8(a0)
    1d50:	c55c                	sw	a5,12(a0)
    1d52:	c91c                	sw	a5,16(a0)
    1d54:	00052023          	sw	zero,0(a0)
    1d58:	8082                	ret

00001d5a <vListInitialiseItem>:
    1d5a:	00052823          	sw	zero,16(a0)
    1d5e:	8082                	ret

00001d60 <vListInsert>:
    1d60:	4198                	lw	a4,0(a1)
    1d62:	56fd                	li	a3,-1
    1d64:	00850793          	addi	a5,a0,8
    1d68:	00d71e63          	bne	a4,a3,1d84 <vListInsert+0x24>
    1d6c:	491c                	lw	a5,16(a0)
    1d6e:	43d8                	lw	a4,4(a5)
    1d70:	c1d8                	sw	a4,4(a1)
    1d72:	c70c                	sw	a1,8(a4)
    1d74:	c59c                	sw	a5,8(a1)
    1d76:	c3cc                	sw	a1,4(a5)
    1d78:	411c                	lw	a5,0(a0)
    1d7a:	c988                	sw	a0,16(a1)
    1d7c:	0785                	addi	a5,a5,1
    1d7e:	c11c                	sw	a5,0(a0)
    1d80:	8082                	ret
    1d82:	87b6                	mv	a5,a3
    1d84:	43d4                	lw	a3,4(a5)
    1d86:	4290                	lw	a2,0(a3)
    1d88:	fec77de3          	bgeu	a4,a2,1d82 <vListInsert+0x22>
    1d8c:	b7cd                	j	1d6e <vListInsert+0xe>

00001d8e <uxListRemove>:
    1d8e:	4154                	lw	a3,4(a0)
    1d90:	4518                	lw	a4,8(a0)
    1d92:	491c                	lw	a5,16(a0)
    1d94:	c698                	sw	a4,8(a3)
    1d96:	c354                	sw	a3,4(a4)
    1d98:	43d4                	lw	a3,4(a5)
    1d9a:	00a69363          	bne	a3,a0,1da0 <uxListRemove+0x12>
    1d9e:	c3d8                	sw	a4,4(a5)
    1da0:	4398                	lw	a4,0(a5)
    1da2:	00052823          	sw	zero,16(a0)
    1da6:	177d                	addi	a4,a4,-1
    1da8:	c398                	sw	a4,0(a5)
    1daa:	4388                	lw	a0,0(a5)
    1dac:	8082                	ret

00001dae <prvIsQueueEmpty>:
    1dae:	f68fe2ef          	jal	t0,516 <__riscv_save_0>
    1db2:	1141                	addi	sp,sp,-16
    1db4:	c62a                	sw	a0,12(sp)
    1db6:	371d                	jal	1cdc <vPortEnterCritical>
    1db8:	4532                	lw	a0,12(sp)
    1dba:	5d00                	lw	s0,56(a0)
    1dbc:	3f1d                	jal	1cf2 <vPortExitCritical>
    1dbe:	00143513          	seqz	a0,s0
    1dc2:	0141                	addi	sp,sp,16
    1dc4:	f76fe06f          	j	53a <__riscv_restore_0>

00001dc8 <prvCopyDataToQueue>:
    1dc8:	f4efe2ef          	jal	t0,516 <__riscv_save_0>
    1dcc:	8932                	mv	s2,a2
    1dce:	4130                	lw	a2,64(a0)
    1dd0:	5d04                	lw	s1,56(a0)
    1dd2:	842a                	mv	s0,a0
    1dd4:	ee09                	bnez	a2,1dee <prvCopyDataToQueue+0x26>
    1dd6:	411c                	lw	a5,0(a0)
    1dd8:	4501                	li	a0,0
    1dda:	e791                	bnez	a5,1de6 <prvCopyDataToQueue+0x1e>
    1ddc:	4408                	lw	a0,8(s0)
    1dde:	366010ef          	jal	ra,3144 <xTaskPriorityDisinherit>
    1de2:	00042423          	sw	zero,8(s0)
    1de6:	0485                	addi	s1,s1,1
    1de8:	dc04                	sw	s1,56(s0)
    1dea:	f50fe06f          	j	53a <__riscv_restore_0>
    1dee:	02091063          	bnez	s2,1e0e <prvCopyDataToQueue+0x46>
    1df2:	4148                	lw	a0,4(a0)
    1df4:	7d4010ef          	jal	ra,35c8 <memcpy>
    1df8:	405c                	lw	a5,4(s0)
    1dfa:	4038                	lw	a4,64(s0)
    1dfc:	4501                	li	a0,0
    1dfe:	97ba                	add	a5,a5,a4
    1e00:	4418                	lw	a4,8(s0)
    1e02:	c05c                	sw	a5,4(s0)
    1e04:	fee7e1e3          	bltu	a5,a4,1de6 <prvCopyDataToQueue+0x1e>
    1e08:	401c                	lw	a5,0(s0)
    1e0a:	c05c                	sw	a5,4(s0)
    1e0c:	bfe9                	j	1de6 <prvCopyDataToQueue+0x1e>
    1e0e:	4548                	lw	a0,12(a0)
    1e10:	7b8010ef          	jal	ra,35c8 <memcpy>
    1e14:	403c                	lw	a5,64(s0)
    1e16:	4458                	lw	a4,12(s0)
    1e18:	4014                	lw	a3,0(s0)
    1e1a:	40f007b3          	neg	a5,a5
    1e1e:	973e                	add	a4,a4,a5
    1e20:	c458                	sw	a4,12(s0)
    1e22:	00d77563          	bgeu	a4,a3,1e2c <prvCopyDataToQueue+0x64>
    1e26:	4418                	lw	a4,8(s0)
    1e28:	97ba                	add	a5,a5,a4
    1e2a:	c45c                	sw	a5,12(s0)
    1e2c:	4789                	li	a5,2
    1e2e:	4501                	li	a0,0
    1e30:	faf91be3          	bne	s2,a5,1de6 <prvCopyDataToQueue+0x1e>
    1e34:	d8cd                	beqz	s1,1de6 <prvCopyDataToQueue+0x1e>
    1e36:	14fd                	addi	s1,s1,-1
    1e38:	b77d                	j	1de6 <prvCopyDataToQueue+0x1e>

00001e3a <prvCopyDataFromQueue>:
    1e3a:	4130                	lw	a2,64(a0)
    1e3c:	c215                	beqz	a2,1e60 <prvCopyDataFromQueue+0x26>
    1e3e:	ed8fe2ef          	jal	t0,516 <__riscv_save_0>
    1e42:	4558                	lw	a4,12(a0)
    1e44:	4514                	lw	a3,8(a0)
    1e46:	87aa                	mv	a5,a0
    1e48:	9732                	add	a4,a4,a2
    1e4a:	c558                	sw	a4,12(a0)
    1e4c:	00d76463          	bltu	a4,a3,1e54 <prvCopyDataFromQueue+0x1a>
    1e50:	4118                	lw	a4,0(a0)
    1e52:	c558                	sw	a4,12(a0)
    1e54:	852e                	mv	a0,a1
    1e56:	47cc                	lw	a1,12(a5)
    1e58:	770010ef          	jal	ra,35c8 <memcpy>
    1e5c:	edefe06f          	j	53a <__riscv_restore_0>
    1e60:	8082                	ret

00001e62 <prvUnlockQueue>:
    1e62:	eb4fe2ef          	jal	t0,516 <__riscv_save_0>
    1e66:	842a                	mv	s0,a0
    1e68:	3d95                	jal	1cdc <vPortEnterCritical>
    1e6a:	04544483          	lbu	s1,69(s0)
    1e6e:	02440913          	addi	s2,s0,36
    1e72:	04e2                	slli	s1,s1,0x18
    1e74:	84e1                	srai	s1,s1,0x18
    1e76:	02904563          	bgtz	s1,1ea0 <prvUnlockQueue+0x3e>
    1e7a:	57fd                	li	a5,-1
    1e7c:	04f402a3          	sb	a5,69(s0)
    1e80:	3d8d                	jal	1cf2 <vPortExitCritical>
    1e82:	3da9                	jal	1cdc <vPortEnterCritical>
    1e84:	04444483          	lbu	s1,68(s0)
    1e88:	01040913          	addi	s2,s0,16
    1e8c:	04e2                	slli	s1,s1,0x18
    1e8e:	84e1                	srai	s1,s1,0x18
    1e90:	02904463          	bgtz	s1,1eb8 <prvUnlockQueue+0x56>
    1e94:	57fd                	li	a5,-1
    1e96:	04f40223          	sb	a5,68(s0)
    1e9a:	3da1                	jal	1cf2 <vPortExitCritical>
    1e9c:	e9efe06f          	j	53a <__riscv_restore_0>
    1ea0:	505c                	lw	a5,36(s0)
    1ea2:	dfe1                	beqz	a5,1e7a <prvUnlockQueue+0x18>
    1ea4:	854a                	mv	a0,s2
    1ea6:	0b4010ef          	jal	ra,2f5a <xTaskRemoveFromEventList>
    1eaa:	c119                	beqz	a0,1eb0 <prvUnlockQueue+0x4e>
    1eac:	270010ef          	jal	ra,311c <vTaskMissedYield>
    1eb0:	14fd                	addi	s1,s1,-1
    1eb2:	04e2                	slli	s1,s1,0x18
    1eb4:	84e1                	srai	s1,s1,0x18
    1eb6:	b7c1                	j	1e76 <prvUnlockQueue+0x14>
    1eb8:	481c                	lw	a5,16(s0)
    1eba:	dfe9                	beqz	a5,1e94 <prvUnlockQueue+0x32>
    1ebc:	854a                	mv	a0,s2
    1ebe:	09c010ef          	jal	ra,2f5a <xTaskRemoveFromEventList>
    1ec2:	c119                	beqz	a0,1ec8 <prvUnlockQueue+0x66>
    1ec4:	258010ef          	jal	ra,311c <vTaskMissedYield>
    1ec8:	14fd                	addi	s1,s1,-1
    1eca:	04e2                	slli	s1,s1,0x18
    1ecc:	84e1                	srai	s1,s1,0x18
    1ece:	b7c9                	j	1e90 <prvUnlockQueue+0x2e>

00001ed0 <xQueueGenericReset>:
    1ed0:	e46fe2ef          	jal	t0,516 <__riscv_save_0>
    1ed4:	1141                	addi	sp,sp,-16
    1ed6:	e11d                	bnez	a0,1efc <xQueueGenericReset+0x2c>
    1ed8:	67a1                	lui	a5,0x8
    1eda:	80078793          	addi	a5,a5,-2048 # 7800 <_data_lma+0x2ca4>
    1ede:	30079073          	csrw	mstatus,a5
    1ee2:	00005637          	lui	a2,0x5
    1ee6:	00005537          	lui	a0,0x5
    1eea:	a4460613          	addi	a2,a2,-1468 # 4a44 <bitrate_table+0x98>
    1eee:	11000593          	li	a1,272
    1ef2:	9f850513          	addi	a0,a0,-1544 # 49f8 <bitrate_table+0x4c>
    1ef6:	784010ef          	jal	ra,367a <iprintf>
    1efa:	a001                	j	1efa <xQueueGenericReset+0x2a>
    1efc:	5d5c                	lw	a5,60(a0)
    1efe:	c62e                	sw	a1,12(sp)
    1f00:	842a                	mv	s0,a0
    1f02:	c3bd                	beqz	a5,1f68 <xQueueGenericReset+0x98>
    1f04:	4138                	lw	a4,64(a0)
    1f06:	02e7b7b3          	mulhu	a5,a5,a4
    1f0a:	efb9                	bnez	a5,1f68 <xQueueGenericReset+0x98>
    1f0c:	3bc1                	jal	1cdc <vPortEnterCritical>
    1f0e:	4030                	lw	a2,64(s0)
    1f10:	5c58                	lw	a4,60(s0)
    1f12:	4014                	lw	a3,0(s0)
    1f14:	02042c23          	sw	zero,56(s0)
    1f18:	02e607b3          	mul	a5,a2,a4
    1f1c:	45b2                	lw	a1,12(sp)
    1f1e:	c054                	sw	a3,4(s0)
    1f20:	00f68733          	add	a4,a3,a5
    1f24:	8f91                	sub	a5,a5,a2
    1f26:	97b6                	add	a5,a5,a3
    1f28:	c45c                	sw	a5,12(s0)
    1f2a:	57fd                	li	a5,-1
    1f2c:	04f40223          	sb	a5,68(s0)
    1f30:	c418                	sw	a4,8(s0)
    1f32:	04f402a3          	sb	a5,69(s0)
    1f36:	e195                	bnez	a1,1f5a <xQueueGenericReset+0x8a>
    1f38:	481c                	lw	a5,16(s0)
    1f3a:	cb99                	beqz	a5,1f50 <xQueueGenericReset+0x80>
    1f3c:	01040513          	addi	a0,s0,16
    1f40:	01a010ef          	jal	ra,2f5a <xTaskRemoveFromEventList>
    1f44:	c511                	beqz	a0,1f50 <xQueueGenericReset+0x80>
    1f46:	e000e7b7          	lui	a5,0xe000e
    1f4a:	6711                	lui	a4,0x4
    1f4c:	20e7a023          	sw	a4,512(a5) # e000e200 <__freertos_irq_stack_top+0xc0006200>
    1f50:	334d                	jal	1cf2 <vPortExitCritical>
    1f52:	4505                	li	a0,1
    1f54:	0141                	addi	sp,sp,16
    1f56:	de4fe06f          	j	53a <__riscv_restore_0>
    1f5a:	01040513          	addi	a0,s0,16
    1f5e:	33e5                	jal	1d46 <vListInitialise>
    1f60:	02440513          	addi	a0,s0,36
    1f64:	33cd                	jal	1d46 <vListInitialise>
    1f66:	b7ed                	j	1f50 <xQueueGenericReset+0x80>
    1f68:	67a1                	lui	a5,0x8
    1f6a:	80078793          	addi	a5,a5,-2048 # 7800 <_data_lma+0x2ca4>
    1f6e:	30079073          	csrw	mstatus,a5
    1f72:	00005637          	lui	a2,0x5
    1f76:	00005537          	lui	a0,0x5
    1f7a:	a4460613          	addi	a2,a2,-1468 # 4a44 <bitrate_table+0x98>
    1f7e:	14500593          	li	a1,325
    1f82:	9f850513          	addi	a0,a0,-1544 # 49f8 <bitrate_table+0x4c>
    1f86:	6f4010ef          	jal	ra,367a <iprintf>
    1f8a:	a001                	j	1f8a <xQueueGenericReset+0xba>

00001f8c <xQueueGenericCreateStatic>:
    1f8c:	d8afe2ef          	jal	t0,516 <__riscv_save_0>
    1f90:	1101                	addi	sp,sp,-32
    1f92:	e29d                	bnez	a3,1fb8 <xQueueGenericCreateStatic+0x2c>
    1f94:	67a1                	lui	a5,0x8
    1f96:	80078793          	addi	a5,a5,-2048 # 7800 <_data_lma+0x2ca4>
    1f9a:	30079073          	csrw	mstatus,a5
    1f9e:	00005637          	lui	a2,0x5
    1fa2:	00005537          	lui	a0,0x5
    1fa6:	a4460613          	addi	a2,a2,-1468 # 4a44 <bitrate_table+0x98>
    1faa:	15900593          	li	a1,345
    1fae:	9f850513          	addi	a0,a0,-1544 # 49f8 <bitrate_table+0x4c>
    1fb2:	6c8010ef          	jal	ra,367a <iprintf>
    1fb6:	a001                	j	1fb6 <xQueueGenericCreateStatic+0x2a>
    1fb8:	c119                	beqz	a0,1fbe <xQueueGenericCreateStatic+0x32>
    1fba:	c605                	beqz	a2,1fe2 <xQueueGenericCreateStatic+0x56>
    1fbc:	e585                	bnez	a1,1fe4 <xQueueGenericCreateStatic+0x58>
    1fbe:	67a1                	lui	a5,0x8
    1fc0:	80078793          	addi	a5,a5,-2048 # 7800 <_data_lma+0x2ca4>
    1fc4:	30079073          	csrw	mstatus,a5
    1fc8:	00005637          	lui	a2,0x5
    1fcc:	00005537          	lui	a0,0x5
    1fd0:	a4460613          	addi	a2,a2,-1468 # 4a44 <bitrate_table+0x98>
    1fd4:	18200593          	li	a1,386
    1fd8:	9f850513          	addi	a0,a0,-1544 # 49f8 <bitrate_table+0x4c>
    1fdc:	69e010ef          	jal	ra,367a <iprintf>
    1fe0:	a001                	j	1fe0 <xQueueGenericCreateStatic+0x54>
    1fe2:	fdf1                	bnez	a1,1fbe <xQueueGenericCreateStatic+0x32>
    1fe4:	04800793          	li	a5,72
    1fe8:	ce3e                	sw	a5,28(sp)
    1fea:	4772                	lw	a4,28(sp)
    1fec:	02f70463          	beq	a4,a5,2014 <xQueueGenericCreateStatic+0x88>
    1ff0:	67a1                	lui	a5,0x8
    1ff2:	80078793          	addi	a5,a5,-2048 # 7800 <_data_lma+0x2ca4>
    1ff6:	30079073          	csrw	mstatus,a5
    1ffa:	00005637          	lui	a2,0x5
    1ffe:	00005537          	lui	a0,0x5
    2002:	a4460613          	addi	a2,a2,-1468 # 4a44 <bitrate_table+0x98>
    2006:	16b00593          	li	a1,363
    200a:	9f850513          	addi	a0,a0,-1544 # 49f8 <bitrate_table+0x4c>
    200e:	66c010ef          	jal	ra,367a <iprintf>
    2012:	a001                	j	2012 <xQueueGenericCreateStatic+0x86>
    2014:	47f2                	lw	a5,28(sp)
    2016:	4785                	li	a5,1
    2018:	04f68323          	sb	a5,70(a3)
    201c:	e191                	bnez	a1,2020 <xQueueGenericCreateStatic+0x94>
    201e:	8636                	mv	a2,a3
    2020:	c290                	sw	a2,0(a3)
    2022:	dec8                	sw	a0,60(a3)
    2024:	c2ac                	sw	a1,64(a3)
    2026:	8536                	mv	a0,a3
    2028:	4585                	li	a1,1
    202a:	c636                	sw	a3,12(sp)
    202c:	3555                	jal	1ed0 <xQueueGenericReset>
    202e:	46b2                	lw	a3,12(sp)
    2030:	6105                	addi	sp,sp,32
    2032:	8536                	mv	a0,a3
    2034:	d06fe06f          	j	53a <__riscv_restore_0>

00002038 <xQueueGenericSend>:
    2038:	cb6fe2ef          	jal	t0,4ee <__riscv_save_10>
    203c:	1101                	addi	sp,sp,-32
    203e:	c632                	sw	a2,12(sp)
    2040:	e11d                	bnez	a0,2066 <xQueueGenericSend+0x2e>
    2042:	67a1                	lui	a5,0x8
    2044:	80078793          	addi	a5,a5,-2048 # 7800 <_data_lma+0x2ca4>
    2048:	30079073          	csrw	mstatus,a5
    204c:	00005637          	lui	a2,0x5
    2050:	00005537          	lui	a0,0x5
    2054:	a4460613          	addi	a2,a2,-1468 # 4a44 <bitrate_table+0x98>
    2058:	32e00593          	li	a1,814
    205c:	9f850513          	addi	a0,a0,-1544 # 49f8 <bitrate_table+0x4c>
    2060:	61a010ef          	jal	ra,367a <iprintf>
    2064:	a001                	j	2064 <xQueueGenericSend+0x2c>
    2066:	842a                	mv	s0,a0
    2068:	892e                	mv	s2,a1
    206a:	84b6                	mv	s1,a3
    206c:	e58d                	bnez	a1,2096 <xQueueGenericSend+0x5e>
    206e:	413c                	lw	a5,64(a0)
    2070:	c39d                	beqz	a5,2096 <xQueueGenericSend+0x5e>
    2072:	67a1                	lui	a5,0x8
    2074:	80078793          	addi	a5,a5,-2048 # 7800 <_data_lma+0x2ca4>
    2078:	30079073          	csrw	mstatus,a5
    207c:	00005637          	lui	a2,0x5
    2080:	00005537          	lui	a0,0x5
    2084:	a4460613          	addi	a2,a2,-1468 # 4a44 <bitrate_table+0x98>
    2088:	32f00593          	li	a1,815
    208c:	9f850513          	addi	a0,a0,-1544 # 49f8 <bitrate_table+0x4c>
    2090:	5ea010ef          	jal	ra,367a <iprintf>
    2094:	a001                	j	2094 <xQueueGenericSend+0x5c>
    2096:	4789                	li	a5,2
    2098:	02f49863          	bne	s1,a5,20c8 <xQueueGenericSend+0x90>
    209c:	5c58                	lw	a4,60(s0)
    209e:	4785                	li	a5,1
    20a0:	02f70463          	beq	a4,a5,20c8 <xQueueGenericSend+0x90>
    20a4:	67a1                	lui	a5,0x8
    20a6:	80078793          	addi	a5,a5,-2048 # 7800 <_data_lma+0x2ca4>
    20aa:	30079073          	csrw	mstatus,a5
    20ae:	00005637          	lui	a2,0x5
    20b2:	00005537          	lui	a0,0x5
    20b6:	a4460613          	addi	a2,a2,-1468 # 4a44 <bitrate_table+0x98>
    20ba:	33000593          	li	a1,816
    20be:	9f850513          	addi	a0,a0,-1544 # 49f8 <bitrate_table+0x4c>
    20c2:	5b8010ef          	jal	ra,367a <iprintf>
    20c6:	a001                	j	20c6 <xQueueGenericSend+0x8e>
    20c8:	060010ef          	jal	ra,3128 <xTaskGetSchedulerState>
    20cc:	e515                	bnez	a0,20f8 <xQueueGenericSend+0xc0>
    20ce:	47b2                	lw	a5,12(sp)
    20d0:	4c01                	li	s8,0
    20d2:	c785                	beqz	a5,20fa <xQueueGenericSend+0xc2>
    20d4:	67a1                	lui	a5,0x8
    20d6:	80078793          	addi	a5,a5,-2048 # 7800 <_data_lma+0x2ca4>
    20da:	30079073          	csrw	mstatus,a5
    20de:	00005637          	lui	a2,0x5
    20e2:	00005537          	lui	a0,0x5
    20e6:	a4460613          	addi	a2,a2,-1468 # 4a44 <bitrate_table+0x98>
    20ea:	33300593          	li	a1,819
    20ee:	9f850513          	addi	a0,a0,-1544 # 49f8 <bitrate_table+0x4c>
    20f2:	588010ef          	jal	ra,367a <iprintf>
    20f6:	a001                	j	20f6 <xQueueGenericSend+0xbe>
    20f8:	4c01                	li	s8,0
    20fa:	4b09                	li	s6,2
    20fc:	59fd                	li	s3,-1
    20fe:	01040b93          	addi	s7,s0,16
    2102:	e000ea37          	lui	s4,0xe000e
    2106:	6a91                	lui	s5,0x4
    2108:	a88d                	j	217a <xQueueGenericSend+0x142>
    210a:	47b2                	lw	a5,12(sp)
    210c:	e781                	bnez	a5,2114 <xQueueGenericSend+0xdc>
    210e:	36d5                	jal	1cf2 <vPortExitCritical>
    2110:	4501                	li	a0,0
    2112:	a879                	j	21b0 <xQueueGenericSend+0x178>
    2114:	000c1563          	bnez	s8,211e <xQueueGenericSend+0xe6>
    2118:	0828                	addi	a0,sp,24
    211a:	729000ef          	jal	ra,3042 <vTaskInternalSetTimeOutState>
    211e:	3ed1                	jal	1cf2 <vPortExitCritical>
    2120:	1c1000ef          	jal	ra,2ae0 <vTaskSuspendAll>
    2124:	bb9ff0ef          	jal	ra,1cdc <vPortEnterCritical>
    2128:	04444783          	lbu	a5,68(s0)
    212c:	07e2                	slli	a5,a5,0x18
    212e:	87e1                	srai	a5,a5,0x18
    2130:	01379463          	bne	a5,s3,2138 <xQueueGenericSend+0x100>
    2134:	04040223          	sb	zero,68(s0)
    2138:	04544783          	lbu	a5,69(s0)
    213c:	07e2                	slli	a5,a5,0x18
    213e:	87e1                	srai	a5,a5,0x18
    2140:	01379463          	bne	a5,s3,2148 <xQueueGenericSend+0x110>
    2144:	040402a3          	sb	zero,69(s0)
    2148:	babff0ef          	jal	ra,1cf2 <vPortExitCritical>
    214c:	006c                	addi	a1,sp,12
    214e:	0828                	addi	a0,sp,24
    2150:	709000ef          	jal	ra,3058 <xTaskCheckForTimeOut>
    2154:	e93d                	bnez	a0,21ca <xQueueGenericSend+0x192>
    2156:	b87ff0ef          	jal	ra,1cdc <vPortEnterCritical>
    215a:	5c18                	lw	a4,56(s0)
    215c:	5c5c                	lw	a5,60(s0)
    215e:	04f71c63          	bne	a4,a5,21b6 <xQueueGenericSend+0x17e>
    2162:	b91ff0ef          	jal	ra,1cf2 <vPortExitCritical>
    2166:	45b2                	lw	a1,12(sp)
    2168:	855e                	mv	a0,s7
    216a:	533000ef          	jal	ra,2e9c <vTaskPlaceOnEventList>
    216e:	8522                	mv	a0,s0
    2170:	39cd                	jal	1e62 <prvUnlockQueue>
    2172:	331000ef          	jal	ra,2ca2 <xTaskResumeAll>
    2176:	c539                	beqz	a0,21c4 <xQueueGenericSend+0x18c>
    2178:	4c05                	li	s8,1
    217a:	b63ff0ef          	jal	ra,1cdc <vPortEnterCritical>
    217e:	5c18                	lw	a4,56(s0)
    2180:	5c5c                	lw	a5,60(s0)
    2182:	00f76463          	bltu	a4,a5,218a <xQueueGenericSend+0x152>
    2186:	f96492e3          	bne	s1,s6,210a <xQueueGenericSend+0xd2>
    218a:	8626                	mv	a2,s1
    218c:	85ca                	mv	a1,s2
    218e:	8522                	mv	a0,s0
    2190:	3925                	jal	1dc8 <prvCopyDataToQueue>
    2192:	505c                	lw	a5,36(s0)
    2194:	c789                	beqz	a5,219e <xQueueGenericSend+0x166>
    2196:	02440513          	addi	a0,s0,36
    219a:	5c1000ef          	jal	ra,2f5a <xTaskRemoveFromEventList>
    219e:	c511                	beqz	a0,21aa <xQueueGenericSend+0x172>
    21a0:	e000e7b7          	lui	a5,0xe000e
    21a4:	6711                	lui	a4,0x4
    21a6:	20e7a023          	sw	a4,512(a5) # e000e200 <__freertos_irq_stack_top+0xc0006200>
    21aa:	b49ff0ef          	jal	ra,1cf2 <vPortExitCritical>
    21ae:	4505                	li	a0,1
    21b0:	6105                	addi	sp,sp,32
    21b2:	b74fe06f          	j	526 <__riscv_restore_10>
    21b6:	b3dff0ef          	jal	ra,1cf2 <vPortExitCritical>
    21ba:	8522                	mv	a0,s0
    21bc:	315d                	jal	1e62 <prvUnlockQueue>
    21be:	2e5000ef          	jal	ra,2ca2 <xTaskResumeAll>
    21c2:	bf5d                	j	2178 <xQueueGenericSend+0x140>
    21c4:	215a2023          	sw	s5,512(s4) # e000e200 <__freertos_irq_stack_top+0xc0006200>
    21c8:	bf45                	j	2178 <xQueueGenericSend+0x140>
    21ca:	8522                	mv	a0,s0
    21cc:	3959                	jal	1e62 <prvUnlockQueue>
    21ce:	2d5000ef          	jal	ra,2ca2 <xTaskResumeAll>
    21d2:	bf3d                	j	2110 <xQueueGenericSend+0xd8>

000021d4 <xQueueGenericSendFromISR>:
    21d4:	b28fe2ef          	jal	t0,4fc <__riscv_save_4>
    21d8:	1141                	addi	sp,sp,-16
    21da:	e11d                	bnez	a0,2200 <xQueueGenericSendFromISR+0x2c>
    21dc:	67a1                	lui	a5,0x8
    21de:	80078793          	addi	a5,a5,-2048 # 7800 <_data_lma+0x2ca4>
    21e2:	30079073          	csrw	mstatus,a5
    21e6:	00005637          	lui	a2,0x5
    21ea:	00005537          	lui	a0,0x5
    21ee:	a4460613          	addi	a2,a2,-1468 # 4a44 <bitrate_table+0x98>
    21f2:	40200593          	li	a1,1026
    21f6:	9f850513          	addi	a0,a0,-1544 # 49f8 <bitrate_table+0x4c>
    21fa:	480010ef          	jal	ra,367a <iprintf>
    21fe:	a001                	j	21fe <xQueueGenericSendFromISR+0x2a>
    2200:	842a                	mv	s0,a0
    2202:	89b2                	mv	s3,a2
    2204:	e58d                	bnez	a1,222e <xQueueGenericSendFromISR+0x5a>
    2206:	413c                	lw	a5,64(a0)
    2208:	c39d                	beqz	a5,222e <xQueueGenericSendFromISR+0x5a>
    220a:	67a1                	lui	a5,0x8
    220c:	80078793          	addi	a5,a5,-2048 # 7800 <_data_lma+0x2ca4>
    2210:	30079073          	csrw	mstatus,a5
    2214:	00005637          	lui	a2,0x5
    2218:	00005537          	lui	a0,0x5
    221c:	a4460613          	addi	a2,a2,-1468 # 4a44 <bitrate_table+0x98>
    2220:	40300593          	li	a1,1027
    2224:	9f850513          	addi	a0,a0,-1544 # 49f8 <bitrate_table+0x4c>
    2228:	452010ef          	jal	ra,367a <iprintf>
    222c:	a001                	j	222c <xQueueGenericSendFromISR+0x58>
    222e:	4789                	li	a5,2
    2230:	02f69863          	bne	a3,a5,2260 <xQueueGenericSendFromISR+0x8c>
    2234:	5c58                	lw	a4,60(s0)
    2236:	4785                	li	a5,1
    2238:	02f70463          	beq	a4,a5,2260 <xQueueGenericSendFromISR+0x8c>
    223c:	67a1                	lui	a5,0x8
    223e:	80078793          	addi	a5,a5,-2048 # 7800 <_data_lma+0x2ca4>
    2242:	30079073          	csrw	mstatus,a5
    2246:	00005637          	lui	a2,0x5
    224a:	00005537          	lui	a0,0x5
    224e:	a4460613          	addi	a2,a2,-1468 # 4a44 <bitrate_table+0x98>
    2252:	40400593          	li	a1,1028
    2256:	9f850513          	addi	a0,a0,-1544 # 49f8 <bitrate_table+0x4c>
    225a:	420010ef          	jal	ra,367a <iprintf>
    225e:	a001                	j	225e <xQueueGenericSendFromISR+0x8a>
    2260:	c636                	sw	a3,12(sp)
    2262:	c42e                	sw	a1,8(sp)
    2264:	ad1ff0ef          	jal	ra,1d34 <xPortSetInterruptMask>
    2268:	5c18                	lw	a4,56(s0)
    226a:	5c5c                	lw	a5,60(s0)
    226c:	8a2a                	mv	s4,a0
    226e:	45a2                	lw	a1,8(sp)
    2270:	46b2                	lw	a3,12(sp)
    2272:	00f76663          	bltu	a4,a5,227e <xQueueGenericSendFromISR+0xaa>
    2276:	4789                	li	a5,2
    2278:	4481                	li	s1,0
    227a:	02f69363          	bne	a3,a5,22a0 <xQueueGenericSendFromISR+0xcc>
    227e:	04544483          	lbu	s1,69(s0)
    2282:	5c1c                	lw	a5,56(s0)
    2284:	8636                	mv	a2,a3
    2286:	8522                	mv	a0,s0
    2288:	01849913          	slli	s2,s1,0x18
    228c:	b3dff0ef          	jal	ra,1dc8 <prvCopyDataToQueue>
    2290:	41895913          	srai	s2,s2,0x18
    2294:	57fd                	li	a5,-1
    2296:	02f91763          	bne	s2,a5,22c4 <xQueueGenericSendFromISR+0xf0>
    229a:	505c                	lw	a5,36(s0)
    229c:	eb89                	bnez	a5,22ae <xQueueGenericSendFromISR+0xda>
    229e:	4485                	li	s1,1
    22a0:	8552                	mv	a0,s4
    22a2:	a9fff0ef          	jal	ra,1d40 <vPortClearInterruptMask>
    22a6:	8526                	mv	a0,s1
    22a8:	0141                	addi	sp,sp,16
    22aa:	a86fe06f          	j	530 <__riscv_restore_4>
    22ae:	02440513          	addi	a0,s0,36
    22b2:	4a9000ef          	jal	ra,2f5a <xTaskRemoveFromEventList>
    22b6:	d565                	beqz	a0,229e <xQueueGenericSendFromISR+0xca>
    22b8:	fe0983e3          	beqz	s3,229e <xQueueGenericSendFromISR+0xca>
    22bc:	4785                	li	a5,1
    22be:	00f9a023          	sw	a5,0(s3)
    22c2:	bff1                	j	229e <xQueueGenericSendFromISR+0xca>
    22c4:	07f00793          	li	a5,127
    22c8:	02f91463          	bne	s2,a5,22f0 <xQueueGenericSendFromISR+0x11c>
    22cc:	67a1                	lui	a5,0x8
    22ce:	80078793          	addi	a5,a5,-2048 # 7800 <_data_lma+0x2ca4>
    22d2:	30079073          	csrw	mstatus,a5
    22d6:	00005637          	lui	a2,0x5
    22da:	00005537          	lui	a0,0x5
    22de:	a4460613          	addi	a2,a2,-1468 # 4a44 <bitrate_table+0x98>
    22e2:	48d00593          	li	a1,1165
    22e6:	9f850513          	addi	a0,a0,-1544 # 49f8 <bitrate_table+0x4c>
    22ea:	390010ef          	jal	ra,367a <iprintf>
    22ee:	a001                	j	22ee <xQueueGenericSendFromISR+0x11a>
    22f0:	0485                	addi	s1,s1,1
    22f2:	04e2                	slli	s1,s1,0x18
    22f4:	84e1                	srai	s1,s1,0x18
    22f6:	049402a3          	sb	s1,69(s0)
    22fa:	b755                	j	229e <xQueueGenericSendFromISR+0xca>

000022fc <xQueueReceive>:
    22fc:	9f2fe2ef          	jal	t0,4ee <__riscv_save_10>
    2300:	1101                	addi	sp,sp,-32
    2302:	c632                	sw	a2,12(sp)
    2304:	e11d                	bnez	a0,232a <xQueueReceive+0x2e>
    2306:	67a1                	lui	a5,0x8
    2308:	80078793          	addi	a5,a5,-2048 # 7800 <_data_lma+0x2ca4>
    230c:	30079073          	csrw	mstatus,a5
    2310:	00005637          	lui	a2,0x5
    2314:	00005537          	lui	a0,0x5
    2318:	a4460613          	addi	a2,a2,-1468 # 4a44 <bitrate_table+0x98>
    231c:	55100593          	li	a1,1361
    2320:	9f850513          	addi	a0,a0,-1544 # 49f8 <bitrate_table+0x4c>
    2324:	356010ef          	jal	ra,367a <iprintf>
    2328:	a001                	j	2328 <xQueueReceive+0x2c>
    232a:	842a                	mv	s0,a0
    232c:	89ae                	mv	s3,a1
    232e:	e58d                	bnez	a1,2358 <xQueueReceive+0x5c>
    2330:	413c                	lw	a5,64(a0)
    2332:	c39d                	beqz	a5,2358 <xQueueReceive+0x5c>
    2334:	67a1                	lui	a5,0x8
    2336:	80078793          	addi	a5,a5,-2048 # 7800 <_data_lma+0x2ca4>
    233a:	30079073          	csrw	mstatus,a5
    233e:	00005637          	lui	a2,0x5
    2342:	00005537          	lui	a0,0x5
    2346:	a4460613          	addi	a2,a2,-1468 # 4a44 <bitrate_table+0x98>
    234a:	55500593          	li	a1,1365
    234e:	9f850513          	addi	a0,a0,-1544 # 49f8 <bitrate_table+0x4c>
    2352:	328010ef          	jal	ra,367a <iprintf>
    2356:	a001                	j	2356 <xQueueReceive+0x5a>
    2358:	5d1000ef          	jal	ra,3128 <xTaskGetSchedulerState>
    235c:	e515                	bnez	a0,2388 <xQueueReceive+0x8c>
    235e:	47b2                	lw	a5,12(sp)
    2360:	4901                	li	s2,0
    2362:	c785                	beqz	a5,238a <xQueueReceive+0x8e>
    2364:	67a1                	lui	a5,0x8
    2366:	80078793          	addi	a5,a5,-2048 # 7800 <_data_lma+0x2ca4>
    236a:	30079073          	csrw	mstatus,a5
    236e:	00005637          	lui	a2,0x5
    2372:	00005537          	lui	a0,0x5
    2376:	a4460613          	addi	a2,a2,-1468 # 4a44 <bitrate_table+0x98>
    237a:	55a00593          	li	a1,1370
    237e:	9f850513          	addi	a0,a0,-1544 # 49f8 <bitrate_table+0x4c>
    2382:	2f8010ef          	jal	ra,367a <iprintf>
    2386:	a001                	j	2386 <xQueueReceive+0x8a>
    2388:	4901                	li	s2,0
    238a:	5a7d                	li	s4,-1
    238c:	02440a93          	addi	s5,s0,36
    2390:	e000eb37          	lui	s6,0xe000e
    2394:	6b91                	lui	s7,0x4
    2396:	a895                	j	240a <xQueueReceive+0x10e>
    2398:	47b2                	lw	a5,12(sp)
    239a:	e789                	bnez	a5,23a4 <xQueueReceive+0xa8>
    239c:	957ff0ef          	jal	ra,1cf2 <vPortExitCritical>
    23a0:	4501                	li	a0,0
    23a2:	a869                	j	243c <xQueueReceive+0x140>
    23a4:	00091563          	bnez	s2,23ae <xQueueReceive+0xb2>
    23a8:	0828                	addi	a0,sp,24
    23aa:	499000ef          	jal	ra,3042 <vTaskInternalSetTimeOutState>
    23ae:	945ff0ef          	jal	ra,1cf2 <vPortExitCritical>
    23b2:	72e000ef          	jal	ra,2ae0 <vTaskSuspendAll>
    23b6:	927ff0ef          	jal	ra,1cdc <vPortEnterCritical>
    23ba:	04444783          	lbu	a5,68(s0)
    23be:	07e2                	slli	a5,a5,0x18
    23c0:	87e1                	srai	a5,a5,0x18
    23c2:	01479463          	bne	a5,s4,23ca <xQueueReceive+0xce>
    23c6:	04040223          	sb	zero,68(s0)
    23ca:	04544783          	lbu	a5,69(s0)
    23ce:	07e2                	slli	a5,a5,0x18
    23d0:	87e1                	srai	a5,a5,0x18
    23d2:	01479463          	bne	a5,s4,23da <xQueueReceive+0xde>
    23d6:	040402a3          	sb	zero,69(s0)
    23da:	919ff0ef          	jal	ra,1cf2 <vPortExitCritical>
    23de:	006c                	addi	a1,sp,12
    23e0:	0828                	addi	a0,sp,24
    23e2:	477000ef          	jal	ra,3058 <xTaskCheckForTimeOut>
    23e6:	e525                	bnez	a0,244e <xQueueReceive+0x152>
    23e8:	8522                	mv	a0,s0
    23ea:	9c5ff0ef          	jal	ra,1dae <prvIsQueueEmpty>
    23ee:	c931                	beqz	a0,2442 <xQueueReceive+0x146>
    23f0:	45b2                	lw	a1,12(sp)
    23f2:	8556                	mv	a0,s5
    23f4:	2a9000ef          	jal	ra,2e9c <vTaskPlaceOnEventList>
    23f8:	8522                	mv	a0,s0
    23fa:	a69ff0ef          	jal	ra,1e62 <prvUnlockQueue>
    23fe:	0a5000ef          	jal	ra,2ca2 <xTaskResumeAll>
    2402:	e119                	bnez	a0,2408 <xQueueReceive+0x10c>
    2404:	217b2023          	sw	s7,512(s6) # e000e200 <__freertos_irq_stack_top+0xc0006200>
    2408:	4905                	li	s2,1
    240a:	8d3ff0ef          	jal	ra,1cdc <vPortEnterCritical>
    240e:	5c04                	lw	s1,56(s0)
    2410:	d4c1                	beqz	s1,2398 <xQueueReceive+0x9c>
    2412:	85ce                	mv	a1,s3
    2414:	8522                	mv	a0,s0
    2416:	14fd                	addi	s1,s1,-1
    2418:	a23ff0ef          	jal	ra,1e3a <prvCopyDataFromQueue>
    241c:	dc04                	sw	s1,56(s0)
    241e:	481c                	lw	a5,16(s0)
    2420:	cb99                	beqz	a5,2436 <xQueueReceive+0x13a>
    2422:	01040513          	addi	a0,s0,16
    2426:	335000ef          	jal	ra,2f5a <xTaskRemoveFromEventList>
    242a:	c511                	beqz	a0,2436 <xQueueReceive+0x13a>
    242c:	e000e7b7          	lui	a5,0xe000e
    2430:	6711                	lui	a4,0x4
    2432:	20e7a023          	sw	a4,512(a5) # e000e200 <__freertos_irq_stack_top+0xc0006200>
    2436:	8bdff0ef          	jal	ra,1cf2 <vPortExitCritical>
    243a:	4505                	li	a0,1
    243c:	6105                	addi	sp,sp,32
    243e:	8e8fe06f          	j	526 <__riscv_restore_10>
    2442:	8522                	mv	a0,s0
    2444:	a1fff0ef          	jal	ra,1e62 <prvUnlockQueue>
    2448:	05b000ef          	jal	ra,2ca2 <xTaskResumeAll>
    244c:	bf75                	j	2408 <xQueueReceive+0x10c>
    244e:	8522                	mv	a0,s0
    2450:	a13ff0ef          	jal	ra,1e62 <prvUnlockQueue>
    2454:	04f000ef          	jal	ra,2ca2 <xTaskResumeAll>
    2458:	8522                	mv	a0,s0
    245a:	955ff0ef          	jal	ra,1dae <prvIsQueueEmpty>
    245e:	d54d                	beqz	a0,2408 <xQueueReceive+0x10c>
    2460:	b781                	j	23a0 <xQueueReceive+0xa4>

00002462 <xQueueReceiveFromISR>:
    2462:	89afe2ef          	jal	t0,4fc <__riscv_save_4>
    2466:	1141                	addi	sp,sp,-16
    2468:	e11d                	bnez	a0,248e <xQueueReceiveFromISR+0x2c>
    246a:	67a1                	lui	a5,0x8
    246c:	80078793          	addi	a5,a5,-2048 # 7800 <_data_lma+0x2ca4>
    2470:	30079073          	csrw	mstatus,a5
    2474:	00005637          	lui	a2,0x5
    2478:	00005537          	lui	a0,0x5
    247c:	a4460613          	addi	a2,a2,-1468 # 4a44 <bitrate_table+0x98>
    2480:	75100593          	li	a1,1873
    2484:	9f850513          	addi	a0,a0,-1544 # 49f8 <bitrate_table+0x4c>
    2488:	1f2010ef          	jal	ra,367a <iprintf>
    248c:	a001                	j	248c <xQueueReceiveFromISR+0x2a>
    248e:	842a                	mv	s0,a0
    2490:	8a32                	mv	s4,a2
    2492:	e58d                	bnez	a1,24bc <xQueueReceiveFromISR+0x5a>
    2494:	413c                	lw	a5,64(a0)
    2496:	c39d                	beqz	a5,24bc <xQueueReceiveFromISR+0x5a>
    2498:	67a1                	lui	a5,0x8
    249a:	80078793          	addi	a5,a5,-2048 # 7800 <_data_lma+0x2ca4>
    249e:	30079073          	csrw	mstatus,a5
    24a2:	00005637          	lui	a2,0x5
    24a6:	00005537          	lui	a0,0x5
    24aa:	a4460613          	addi	a2,a2,-1468 # 4a44 <bitrate_table+0x98>
    24ae:	75200593          	li	a1,1874
    24b2:	9f850513          	addi	a0,a0,-1544 # 49f8 <bitrate_table+0x4c>
    24b6:	1c4010ef          	jal	ra,367a <iprintf>
    24ba:	a001                	j	24ba <xQueueReceiveFromISR+0x58>
    24bc:	c62e                	sw	a1,12(sp)
    24be:	877ff0ef          	jal	ra,1d34 <xPortSetInterruptMask>
    24c2:	03842903          	lw	s2,56(s0)
    24c6:	8aaa                	mv	s5,a0
    24c8:	08090363          	beqz	s2,254e <xQueueReceiveFromISR+0xec>
    24cc:	04444483          	lbu	s1,68(s0)
    24d0:	45b2                	lw	a1,12(sp)
    24d2:	8522                	mv	a0,s0
    24d4:	01849993          	slli	s3,s1,0x18
    24d8:	963ff0ef          	jal	ra,1e3a <prvCopyDataFromQueue>
    24dc:	197d                	addi	s2,s2,-1
    24de:	4189d993          	srai	s3,s3,0x18
    24e2:	03242c23          	sw	s2,56(s0)
    24e6:	57fd                	li	a5,-1
    24e8:	02f99763          	bne	s3,a5,2516 <xQueueReceiveFromISR+0xb4>
    24ec:	481c                	lw	a5,16(s0)
    24ee:	eb89                	bnez	a5,2500 <xQueueReceiveFromISR+0x9e>
    24f0:	4405                	li	s0,1
    24f2:	8556                	mv	a0,s5
    24f4:	84dff0ef          	jal	ra,1d40 <vPortClearInterruptMask>
    24f8:	8522                	mv	a0,s0
    24fa:	0141                	addi	sp,sp,16
    24fc:	834fe06f          	j	530 <__riscv_restore_4>
    2500:	01040513          	addi	a0,s0,16
    2504:	257000ef          	jal	ra,2f5a <xTaskRemoveFromEventList>
    2508:	d565                	beqz	a0,24f0 <xQueueReceiveFromISR+0x8e>
    250a:	fe0a03e3          	beqz	s4,24f0 <xQueueReceiveFromISR+0x8e>
    250e:	4785                	li	a5,1
    2510:	00fa2023          	sw	a5,0(s4)
    2514:	bff1                	j	24f0 <xQueueReceiveFromISR+0x8e>
    2516:	07f00793          	li	a5,127
    251a:	02f99463          	bne	s3,a5,2542 <xQueueReceiveFromISR+0xe0>
    251e:	67a1                	lui	a5,0x8
    2520:	80078793          	addi	a5,a5,-2048 # 7800 <_data_lma+0x2ca4>
    2524:	30079073          	csrw	mstatus,a5
    2528:	00005637          	lui	a2,0x5
    252c:	00005537          	lui	a0,0x5
    2530:	a4460613          	addi	a2,a2,-1468 # 4a44 <bitrate_table+0x98>
    2534:	79500593          	li	a1,1941
    2538:	9f850513          	addi	a0,a0,-1544 # 49f8 <bitrate_table+0x4c>
    253c:	13e010ef          	jal	ra,367a <iprintf>
    2540:	a001                	j	2540 <xQueueReceiveFromISR+0xde>
    2542:	0485                	addi	s1,s1,1
    2544:	04e2                	slli	s1,s1,0x18
    2546:	84e1                	srai	s1,s1,0x18
    2548:	04940223          	sb	s1,68(s0)
    254c:	b755                	j	24f0 <xQueueReceiveFromISR+0x8e>
    254e:	4401                	li	s0,0
    2550:	b74d                	j	24f2 <xQueueReceiveFromISR+0x90>

00002552 <uxQueueMessagesWaiting>:
    2552:	fc5fd2ef          	jal	t0,516 <__riscv_save_0>
    2556:	1141                	addi	sp,sp,-16
    2558:	e11d                	bnez	a0,257e <uxQueueMessagesWaiting+0x2c>
    255a:	67a1                	lui	a5,0x8
    255c:	80078793          	addi	a5,a5,-2048 # 7800 <_data_lma+0x2ca4>
    2560:	30079073          	csrw	mstatus,a5
    2564:	00005637          	lui	a2,0x5
    2568:	00005537          	lui	a0,0x5
    256c:	a4460613          	addi	a2,a2,-1468 # 4a44 <bitrate_table+0x98>
    2570:	7e300593          	li	a1,2019
    2574:	9f850513          	addi	a0,a0,-1544 # 49f8 <bitrate_table+0x4c>
    2578:	102010ef          	jal	ra,367a <iprintf>
    257c:	a001                	j	257c <uxQueueMessagesWaiting+0x2a>
    257e:	c62a                	sw	a0,12(sp)
    2580:	f5cff0ef          	jal	ra,1cdc <vPortEnterCritical>
    2584:	4532                	lw	a0,12(sp)
    2586:	5d08                	lw	a0,56(a0)
    2588:	c62a                	sw	a0,12(sp)
    258a:	f68ff0ef          	jal	ra,1cf2 <vPortExitCritical>
    258e:	4532                	lw	a0,12(sp)
    2590:	0141                	addi	sp,sp,16
    2592:	fa9fd06f          	j	53a <__riscv_restore_0>

00002596 <vQueueAddToRegistry>:
    2596:	e515                	bnez	a0,25c2 <vQueueAddToRegistry+0x2c>
    2598:	f7ffd2ef          	jal	t0,516 <__riscv_save_0>
    259c:	67a1                	lui	a5,0x8
    259e:	80078793          	addi	a5,a5,-2048 # 7800 <_data_lma+0x2ca4>
    25a2:	30079073          	csrw	mstatus,a5
    25a6:	00005637          	lui	a2,0x5
    25aa:	6585                	lui	a1,0x1
    25ac:	00005537          	lui	a0,0x5
    25b0:	a4460613          	addi	a2,a2,-1468 # 4a44 <bitrate_table+0x98>
    25b4:	ac858593          	addi	a1,a1,-1336 # ac8 <handle_reset+0x6a>
    25b8:	9f850513          	addi	a0,a0,-1544 # 49f8 <bitrate_table+0x4c>
    25bc:	0be010ef          	jal	ra,367a <iprintf>
    25c0:	a001                	j	25c0 <vQueueAddToRegistry+0x2a>
    25c2:	cd8d                	beqz	a1,25fc <vQueueAddToRegistry+0x66>
    25c4:	62018693          	addi	a3,gp,1568 # 20000eb0 <xQueueRegistry>
    25c8:	4781                	li	a5,0
    25ca:	4701                	li	a4,0
    25cc:	62018613          	addi	a2,gp,1568 # 20000eb0 <xQueueRegistry>
    25d0:	4821                	li	a6,8
    25d2:	0046a883          	lw	a7,4(a3)
    25d6:	00a89863          	bne	a7,a0,25e6 <vQueueAddToRegistry+0x50>
    25da:	00371793          	slli	a5,a4,0x3
    25de:	97b2                	add	a5,a5,a2
    25e0:	c38c                	sw	a1,0(a5)
    25e2:	c3c8                	sw	a0,4(a5)
    25e4:	a821                	j	25fc <vQueueAddToRegistry+0x66>
    25e6:	e791                	bnez	a5,25f2 <vQueueAddToRegistry+0x5c>
    25e8:	0006a883          	lw	a7,0(a3)
    25ec:	00089363          	bnez	a7,25f2 <vQueueAddToRegistry+0x5c>
    25f0:	87b6                	mv	a5,a3
    25f2:	0705                	addi	a4,a4,1
    25f4:	06a1                	addi	a3,a3,8
    25f6:	fd071ee3          	bne	a4,a6,25d2 <vQueueAddToRegistry+0x3c>
    25fa:	f3fd                	bnez	a5,25e0 <vQueueAddToRegistry+0x4a>
    25fc:	8082                	ret

000025fe <vQueueWaitForMessageRestricted>:
    25fe:	f19fd2ef          	jal	t0,516 <__riscv_save_0>
    2602:	1141                	addi	sp,sp,-16
    2604:	842a                	mv	s0,a0
    2606:	c62e                	sw	a1,12(sp)
    2608:	c432                	sw	a2,8(sp)
    260a:	ed2ff0ef          	jal	ra,1cdc <vPortEnterCritical>
    260e:	04444783          	lbu	a5,68(s0)
    2612:	577d                	li	a4,-1
    2614:	4622                	lw	a2,8(sp)
    2616:	07e2                	slli	a5,a5,0x18
    2618:	87e1                	srai	a5,a5,0x18
    261a:	45b2                	lw	a1,12(sp)
    261c:	00e79463          	bne	a5,a4,2624 <vQueueWaitForMessageRestricted+0x26>
    2620:	04040223          	sb	zero,68(s0)
    2624:	04544783          	lbu	a5,69(s0)
    2628:	577d                	li	a4,-1
    262a:	07e2                	slli	a5,a5,0x18
    262c:	87e1                	srai	a5,a5,0x18
    262e:	00e79463          	bne	a5,a4,2636 <vQueueWaitForMessageRestricted+0x38>
    2632:	040402a3          	sb	zero,69(s0)
    2636:	c632                	sw	a2,12(sp)
    2638:	c42e                	sw	a1,8(sp)
    263a:	eb8ff0ef          	jal	ra,1cf2 <vPortExitCritical>
    263e:	5c1c                	lw	a5,56(s0)
    2640:	45a2                	lw	a1,8(sp)
    2642:	4632                	lw	a2,12(sp)
    2644:	e789                	bnez	a5,264e <vQueueWaitForMessageRestricted+0x50>
    2646:	02440513          	addi	a0,s0,36
    264a:	09b000ef          	jal	ra,2ee4 <vTaskPlaceOnEventListRestricted>
    264e:	8522                	mv	a0,s0
    2650:	813ff0ef          	jal	ra,1e62 <prvUnlockQueue>
    2654:	0141                	addi	sp,sp,16
    2656:	ee5fd06f          	j	53a <__riscv_restore_0>

0000265a <prvAddNewTaskToReadyList>:
    265a:	ea3fd2ef          	jal	t0,4fc <__riscv_save_4>
    265e:	842a                	mv	s0,a0
    2660:	e7cff0ef          	jal	ra,1cdc <vPortEnterCritical>
    2664:	200007b7          	lui	a5,0x20000
    2668:	10078793          	addi	a5,a5,256 # 20000100 <uxCurrentNumberOfTasks>
    266c:	4398                	lw	a4,0(a5)
    266e:	200004b7          	lui	s1,0x20000
    2672:	0705                	addi	a4,a4,1
    2674:	c398                	sw	a4,0(a5)
    2676:	0f448713          	addi	a4,s1,244 # 200000f4 <pxCurrentTCB>
    267a:	4318                	lw	a4,0(a4)
    267c:	0f448493          	addi	s1,s1,244
    2680:	66018913          	addi	s2,gp,1632 # 20000ef0 <pxReadyTasksLists>
    2684:	ef71                	bnez	a4,2760 <prvAddNewTaskToReadyList+0x106>
    2686:	c080                	sw	s0,0(s1)
    2688:	4398                	lw	a4,0(a5)
    268a:	4785                	li	a5,1
    268c:	06f71663          	bne	a4,a5,26f8 <prvAddNewTaskToReadyList+0x9e>
    2690:	66018993          	addi	s3,gp,1632 # 20000ef0 <pxReadyTasksLists>
    2694:	12c90a13          	addi	s4,s2,300
    2698:	854e                	mv	a0,s3
    269a:	09d1                	addi	s3,s3,20
    269c:	eaaff0ef          	jal	ra,1d46 <vListInitialise>
    26a0:	ff3a1ce3          	bne	s4,s3,2698 <prvAddNewTaskToReadyList+0x3e>
    26a4:	20001537          	lui	a0,0x20001
    26a8:	01c50a13          	addi	s4,a0,28 # 2000101c <xDelayedTaskList1>
    26ac:	01c50513          	addi	a0,a0,28
    26b0:	e96ff0ef          	jal	ra,1d46 <vListInitialise>
    26b4:	20001537          	lui	a0,0x20001
    26b8:	03050993          	addi	s3,a0,48 # 20001030 <xDelayedTaskList2>
    26bc:	03050513          	addi	a0,a0,48
    26c0:	e86ff0ef          	jal	ra,1d46 <vListInitialise>
    26c4:	20001537          	lui	a0,0x20001
    26c8:	04450513          	addi	a0,a0,68 # 20001044 <xPendingReadyList>
    26cc:	e7aff0ef          	jal	ra,1d46 <vListInitialise>
    26d0:	20001537          	lui	a0,0x20001
    26d4:	06c50513          	addi	a0,a0,108 # 2000106c <xTasksWaitingTermination>
    26d8:	e6eff0ef          	jal	ra,1d46 <vListInitialise>
    26dc:	20001537          	lui	a0,0x20001
    26e0:	05850513          	addi	a0,a0,88 # 20001058 <xSuspendedTaskList>
    26e4:	e62ff0ef          	jal	ra,1d46 <vListInitialise>
    26e8:	200007b7          	lui	a5,0x20000
    26ec:	0f47ac23          	sw	s4,248(a5) # 200000f8 <pxDelayedTaskList>
    26f0:	200007b7          	lui	a5,0x20000
    26f4:	0f37ae23          	sw	s3,252(a5) # 200000fc <pxOverflowDelayedTaskList>
    26f8:	200007b7          	lui	a5,0x20000
    26fc:	10c78793          	addi	a5,a5,268 # 2000010c <uxTaskNumber>
    2700:	4398                	lw	a4,0(a5)
    2702:	0705                	addi	a4,a4,1
    2704:	c398                	sw	a4,0(a5)
    2706:	20000737          	lui	a4,0x20000
    270a:	11070713          	addi	a4,a4,272 # 20000110 <uxTopReadyPriority>
    270e:	545c                	lw	a5,44(s0)
    2710:	4314                	lw	a3,0(a4)
    2712:	00f6f363          	bgeu	a3,a5,2718 <prvAddNewTaskToReadyList+0xbe>
    2716:	c31c                	sw	a5,0(a4)
    2718:	4751                	li	a4,20
    271a:	02e787b3          	mul	a5,a5,a4
    271e:	97ca                	add	a5,a5,s2
    2720:	43d8                	lw	a4,4(a5)
    2722:	4714                	lw	a3,8(a4)
    2724:	c418                	sw	a4,8(s0)
    2726:	c454                	sw	a3,12(s0)
    2728:	4710                	lw	a2,8(a4)
    272a:	00440693          	addi	a3,s0,4
    272e:	c254                	sw	a3,4(a2)
    2730:	c714                	sw	a3,8(a4)
    2732:	4398                	lw	a4,0(a5)
    2734:	c85c                	sw	a5,20(s0)
    2736:	0705                	addi	a4,a4,1
    2738:	c398                	sw	a4,0(a5)
    273a:	db8ff0ef          	jal	ra,1cf2 <vPortExitCritical>
    273e:	200007b7          	lui	a5,0x20000
    2742:	1207a783          	lw	a5,288(a5) # 20000120 <xSchedulerRunning>
    2746:	cb99                	beqz	a5,275c <prvAddNewTaskToReadyList+0x102>
    2748:	409c                	lw	a5,0(s1)
    274a:	57d8                	lw	a4,44(a5)
    274c:	545c                	lw	a5,44(s0)
    274e:	00f77763          	bgeu	a4,a5,275c <prvAddNewTaskToReadyList+0x102>
    2752:	e000e7b7          	lui	a5,0xe000e
    2756:	6711                	lui	a4,0x4
    2758:	20e7a023          	sw	a4,512(a5) # e000e200 <__freertos_irq_stack_top+0xc0006200>
    275c:	dd5fd06f          	j	530 <__riscv_restore_4>
    2760:	200007b7          	lui	a5,0x20000
    2764:	1207a783          	lw	a5,288(a5) # 20000120 <xSchedulerRunning>
    2768:	fbc1                	bnez	a5,26f8 <prvAddNewTaskToReadyList+0x9e>
    276a:	409c                	lw	a5,0(s1)
    276c:	57d8                	lw	a4,44(a5)
    276e:	545c                	lw	a5,44(s0)
    2770:	f8e7e4e3          	bltu	a5,a4,26f8 <prvAddNewTaskToReadyList+0x9e>
    2774:	c080                	sw	s0,0(s1)
    2776:	b749                	j	26f8 <prvAddNewTaskToReadyList+0x9e>

00002778 <prvResetNextTaskUnblockTime>:
    2778:	20000737          	lui	a4,0x20000
    277c:	0f870713          	addi	a4,a4,248 # 200000f8 <pxDelayedTaskList>
    2780:	431c                	lw	a5,0(a4)
    2782:	4394                	lw	a3,0(a5)
    2784:	200007b7          	lui	a5,0x20000
    2788:	11478793          	addi	a5,a5,276 # 20000114 <xNextTaskUnblockTime>
    278c:	e681                	bnez	a3,2794 <prvResetNextTaskUnblockTime+0x1c>
    278e:	577d                	li	a4,-1
    2790:	c398                	sw	a4,0(a5)
    2792:	8082                	ret
    2794:	4318                	lw	a4,0(a4)
    2796:	4758                	lw	a4,12(a4)
    2798:	4318                	lw	a4,0(a4)
    279a:	bfdd                	j	2790 <prvResetNextTaskUnblockTime+0x18>

0000279c <prvInitialiseNewTask.isra.2>:
    279c:	d61fd2ef          	jal	t0,4fc <__riscv_save_4>
    27a0:	1141                	addi	sp,sp,-16
    27a2:	89aa                	mv	s3,a0
    27a4:	84b2                	mv	s1,a2
    27a6:	8442                	mv	s0,a6
    27a8:	03082903          	lw	s2,48(a6) # fe000030 <__freertos_irq_stack_top+0xddff8030>
    27ac:	c5b1                	beqz	a1,27f8 <prvInitialiseNewTask.isra.2+0x5c>
    27ae:	4801                	li	a6,0
    27b0:	4641                	li	a2,16
    27b2:	01058533          	add	a0,a1,a6
    27b6:	00050503          	lb	a0,0(a0)
    27ba:	010408b3          	add	a7,s0,a6
    27be:	02a88a23          	sb	a0,52(a7) # 2000034 <_data_lma+0x1ffb4d8>
    27c2:	c501                	beqz	a0,27ca <prvInitialiseNewTask.isra.2+0x2e>
    27c4:	0805                	addi	a6,a6,1
    27c6:	fec816e3          	bne	a6,a2,27b2 <prvInitialiseNewTask.isra.2+0x16>
    27ca:	040401a3          	sb	zero,67(s0)
    27ce:	4639                	li	a2,14
    27d0:	02e67763          	bgeu	a2,a4,27fe <prvInitialiseNewTask.isra.2+0x62>
    27d4:	67a1                	lui	a5,0x8
    27d6:	80078793          	addi	a5,a5,-2048 # 7800 <_data_lma+0x2ca4>
    27da:	30079073          	csrw	mstatus,a5
    27de:	00005637          	lui	a2,0x5
    27e2:	00005537          	lui	a0,0x5
    27e6:	a5860613          	addi	a2,a2,-1448 # 4a58 <bitrate_table+0xac>
    27ea:	39700593          	li	a1,919
    27ee:	9f850513          	addi	a0,a0,-1544 # 49f8 <bitrate_table+0x4c>
    27f2:	689000ef          	jal	ra,367a <iprintf>
    27f6:	a001                	j	27f6 <prvInitialiseNewTask.isra.2+0x5a>
    27f8:	02080a23          	sb	zero,52(a6)
    27fc:	bfc9                	j	27ce <prvInitialiseNewTask.isra.2+0x32>
    27fe:	d458                	sw	a4,44(s0)
    2800:	c078                	sw	a4,68(s0)
    2802:	00440513          	addi	a0,s0,4
    2806:	04042423          	sw	zero,72(s0)
    280a:	c63e                	sw	a5,12(sp)
    280c:	c436                	sw	a3,8(sp)
    280e:	c23a                	sw	a4,4(sp)
    2810:	d4aff0ef          	jal	ra,1d5a <vListInitialiseItem>
    2814:	01840513          	addi	a0,s0,24
    2818:	d42ff0ef          	jal	ra,1d5a <vListInitialiseItem>
    281c:	4712                	lw	a4,4(sp)
    281e:	46a2                	lw	a3,8(sp)
    2820:	00249513          	slli	a0,s1,0x2
    2824:	45bd                	li	a1,15
    2826:	1571                	addi	a0,a0,-4
    2828:	40e58733          	sub	a4,a1,a4
    282c:	954a                	add	a0,a0,s2
    282e:	c800                	sw	s0,16(s0)
    2830:	cc18                	sw	a4,24(s0)
    2832:	d040                	sw	s0,36(s0)
    2834:	04040623          	sb	zero,76(s0)
    2838:	040406a3          	sb	zero,77(s0)
    283c:	04040723          	sb	zero,78(s0)
    2840:	040407a3          	sb	zero,79(s0)
    2844:	04040823          	sb	zero,80(s0)
    2848:	04040923          	sb	zero,82(s0)
    284c:	8636                	mv	a2,a3
    284e:	85ce                	mv	a1,s3
    2850:	9941                	andi	a0,a0,-16
    2852:	baffd0ef          	jal	ra,400 <pxPortInitialiseStack>
    2856:	47b2                	lw	a5,12(sp)
    2858:	c008                	sw	a0,0(s0)
    285a:	c391                	beqz	a5,285e <prvInitialiseNewTask.isra.2+0xc2>
    285c:	c380                	sw	s0,0(a5)
    285e:	0141                	addi	sp,sp,16
    2860:	cd1fd06f          	j	530 <__riscv_restore_4>

00002864 <prvDeleteTCB>:
    2864:	cb3fd2ef          	jal	t0,516 <__riscv_save_0>
    2868:	05154783          	lbu	a5,81(a0)
    286c:	eb91                	bnez	a5,2880 <prvDeleteTCB+0x1c>
    286e:	842a                	mv	s0,a0
    2870:	5908                	lw	a0,48(a0)
    2872:	ac0ff0ef          	jal	ra,1b32 <vPortFree>
    2876:	8522                	mv	a0,s0
    2878:	abaff0ef          	jal	ra,1b32 <vPortFree>
    287c:	cbffd06f          	j	53a <__riscv_restore_0>
    2880:	4705                	li	a4,1
    2882:	fee78be3          	beq	a5,a4,2878 <prvDeleteTCB+0x14>
    2886:	4709                	li	a4,2
    2888:	fee78ae3          	beq	a5,a4,287c <prvDeleteTCB+0x18>
    288c:	67a1                	lui	a5,0x8
    288e:	80078793          	addi	a5,a5,-2048 # 7800 <_data_lma+0x2ca4>
    2892:	30079073          	csrw	mstatus,a5
    2896:	00005637          	lui	a2,0x5
    289a:	6585                	lui	a1,0x1
    289c:	00005537          	lui	a0,0x5
    28a0:	a5860613          	addi	a2,a2,-1448 # 4a58 <bitrate_table+0xac>
    28a4:	f9c58593          	addi	a1,a1,-100 # f9c <DataParser+0xd6>
    28a8:	9f850513          	addi	a0,a0,-1544 # 49f8 <bitrate_table+0x4c>
    28ac:	5cf000ef          	jal	ra,367a <iprintf>
    28b0:	a001                	j	28b0 <prvDeleteTCB+0x4c>

000028b2 <prvIdleTask>:
    28b2:	c4bfd2ef          	jal	t0,4fc <__riscv_save_4>
    28b6:	20001437          	lui	s0,0x20001
    28ba:	200009b7          	lui	s3,0x20000
    28be:	06c40413          	addi	s0,s0,108 # 2000106c <xTasksWaitingTermination>
    28c2:	20000a37          	lui	s4,0x20000
    28c6:	10498493          	addi	s1,s3,260 # 20000104 <uxDeletedTasksWaitingCleanUp>
    28ca:	409c                	lw	a5,0(s1)
    28cc:	dfed                	beqz	a5,28c6 <prvIdleTask+0x14>
    28ce:	c0eff0ef          	jal	ra,1cdc <vPortEnterCritical>
    28d2:	445c                	lw	a5,12(s0)
    28d4:	00c7a903          	lw	s2,12(a5)
    28d8:	00490513          	addi	a0,s2,4
    28dc:	cb2ff0ef          	jal	ra,1d8e <uxListRemove>
    28e0:	100a0713          	addi	a4,s4,256 # 20000100 <uxCurrentNumberOfTasks>
    28e4:	431c                	lw	a5,0(a4)
    28e6:	17fd                	addi	a5,a5,-1
    28e8:	c31c                	sw	a5,0(a4)
    28ea:	409c                	lw	a5,0(s1)
    28ec:	17fd                	addi	a5,a5,-1
    28ee:	c09c                	sw	a5,0(s1)
    28f0:	c02ff0ef          	jal	ra,1cf2 <vPortExitCritical>
    28f4:	854a                	mv	a0,s2
    28f6:	37bd                	jal	2864 <prvDeleteTCB>
    28f8:	b7f9                	j	28c6 <prvIdleTask+0x14>

000028fa <prvAddCurrentTaskToDelayedList>:
    28fa:	c03fd2ef          	jal	t0,4fc <__riscv_save_4>
    28fe:	20000937          	lui	s2,0x20000
    2902:	200007b7          	lui	a5,0x20000
    2906:	0f490493          	addi	s1,s2,244 # 200000f4 <pxCurrentTCB>
    290a:	1247a983          	lw	s3,292(a5) # 20000124 <xTickCount>
    290e:	842a                	mv	s0,a0
    2910:	409c                	lw	a5,0(s1)
    2912:	4088                	lw	a0,0(s1)
    2914:	1141                	addi	sp,sp,-16
    2916:	04078923          	sb	zero,82(a5)
    291a:	0511                	addi	a0,a0,4
    291c:	c62e                	sw	a1,12(sp)
    291e:	c70ff0ef          	jal	ra,1d8e <uxListRemove>
    2922:	577d                	li	a4,-1
    2924:	0f490793          	addi	a5,s2,244
    2928:	45b2                	lw	a1,12(sp)
    292a:	02e41c63          	bne	s0,a4,2962 <prvAddCurrentTaskToDelayedList+0x68>
    292e:	c995                	beqz	a1,2962 <prvAddCurrentTaskToDelayedList+0x68>
    2930:	200017b7          	lui	a5,0x20001
    2934:	05878793          	addi	a5,a5,88 # 20001058 <xSuspendedTaskList>
    2938:	4094                	lw	a3,0(s1)
    293a:	43d8                	lw	a4,4(a5)
    293c:	c698                	sw	a4,8(a3)
    293e:	4710                	lw	a2,8(a4)
    2940:	4094                	lw	a3,0(s1)
    2942:	c6d0                	sw	a2,12(a3)
    2944:	4094                	lw	a3,0(s1)
    2946:	4710                	lw	a2,8(a4)
    2948:	0691                	addi	a3,a3,4
    294a:	c254                	sw	a3,4(a2)
    294c:	4094                	lw	a3,0(s1)
    294e:	0691                	addi	a3,a3,4
    2950:	c714                	sw	a3,8(a4)
    2952:	4098                	lw	a4,0(s1)
    2954:	cb5c                	sw	a5,20(a4)
    2956:	4398                	lw	a4,0(a5)
    2958:	0705                	addi	a4,a4,1
    295a:	c398                	sw	a4,0(a5)
    295c:	0141                	addi	sp,sp,16
    295e:	bd3fd06f          	j	530 <__riscv_restore_4>
    2962:	4398                	lw	a4,0(a5)
    2964:	944e                	add	s0,s0,s3
    2966:	c340                	sw	s0,4(a4)
    2968:	01347b63          	bgeu	s0,s3,297e <prvAddCurrentTaskToDelayedList+0x84>
    296c:	20000737          	lui	a4,0x20000
    2970:	0fc72503          	lw	a0,252(a4) # 200000fc <pxOverflowDelayedTaskList>
    2974:	438c                	lw	a1,0(a5)
    2976:	0591                	addi	a1,a1,4
    2978:	be8ff0ef          	jal	ra,1d60 <vListInsert>
    297c:	b7c5                	j	295c <prvAddCurrentTaskToDelayedList+0x62>
    297e:	20000737          	lui	a4,0x20000
    2982:	0f872503          	lw	a0,248(a4) # 200000f8 <pxDelayedTaskList>
    2986:	438c                	lw	a1,0(a5)
    2988:	0591                	addi	a1,a1,4
    298a:	bd6ff0ef          	jal	ra,1d60 <vListInsert>
    298e:	200007b7          	lui	a5,0x20000
    2992:	11478793          	addi	a5,a5,276 # 20000114 <xNextTaskUnblockTime>
    2996:	4398                	lw	a4,0(a5)
    2998:	fce472e3          	bgeu	s0,a4,295c <prvAddCurrentTaskToDelayedList+0x62>
    299c:	c380                	sw	s0,0(a5)
    299e:	bf7d                	j	295c <prvAddCurrentTaskToDelayedList+0x62>

000029a0 <xTaskCreateStatic>:
    29a0:	b77fd2ef          	jal	t0,516 <__riscv_save_0>
    29a4:	1141                	addi	sp,sp,-16
    29a6:	e39d                	bnez	a5,29cc <xTaskCreateStatic+0x2c>
    29a8:	67a1                	lui	a5,0x8
    29aa:	80078793          	addi	a5,a5,-2048 # 7800 <_data_lma+0x2ca4>
    29ae:	30079073          	csrw	mstatus,a5
    29b2:	00005637          	lui	a2,0x5
    29b6:	00005537          	lui	a0,0x5
    29ba:	a5860613          	addi	a2,a2,-1448 # 4a58 <bitrate_table+0xac>
    29be:	24a00593          	li	a1,586
    29c2:	9f850513          	addi	a0,a0,-1544 # 49f8 <bitrate_table+0x4c>
    29c6:	4b5000ef          	jal	ra,367a <iprintf>
    29ca:	a001                	j	29ca <xTaskCreateStatic+0x2a>
    29cc:	8442                	mv	s0,a6
    29ce:	02081463          	bnez	a6,29f6 <xTaskCreateStatic+0x56>
    29d2:	67a1                	lui	a5,0x8
    29d4:	80078793          	addi	a5,a5,-2048 # 7800 <_data_lma+0x2ca4>
    29d8:	30079073          	csrw	mstatus,a5
    29dc:	00005637          	lui	a2,0x5
    29e0:	00005537          	lui	a0,0x5
    29e4:	a5860613          	addi	a2,a2,-1448 # 4a58 <bitrate_table+0xac>
    29e8:	24b00593          	li	a1,587
    29ec:	9f850513          	addi	a0,a0,-1544 # 49f8 <bitrate_table+0x4c>
    29f0:	48b000ef          	jal	ra,367a <iprintf>
    29f4:	a001                	j	29f4 <xTaskCreateStatic+0x54>
    29f6:	05400893          	li	a7,84
    29fa:	c646                	sw	a7,12(sp)
    29fc:	4332                	lw	t1,12(sp)
    29fe:	03130463          	beq	t1,a7,2a26 <xTaskCreateStatic+0x86>
    2a02:	67a1                	lui	a5,0x8
    2a04:	80078793          	addi	a5,a5,-2048 # 7800 <_data_lma+0x2ca4>
    2a08:	30079073          	csrw	mstatus,a5
    2a0c:	00005637          	lui	a2,0x5
    2a10:	00005537          	lui	a0,0x5
    2a14:	a5860613          	addi	a2,a2,-1448 # 4a58 <bitrate_table+0xac>
    2a18:	25300593          	li	a1,595
    2a1c:	9f850513          	addi	a0,a0,-1544 # 49f8 <bitrate_table+0x4c>
    2a20:	45b000ef          	jal	ra,367a <iprintf>
    2a24:	a001                	j	2a24 <xTaskCreateStatic+0x84>
    2a26:	48b2                	lw	a7,12(sp)
    2a28:	02f82823          	sw	a5,48(a6)
    2a2c:	4789                	li	a5,2
    2a2e:	04f808a3          	sb	a5,81(a6)
    2a32:	003c                	addi	a5,sp,8
    2a34:	d69ff0ef          	jal	ra,279c <prvInitialiseNewTask.isra.2>
    2a38:	8522                	mv	a0,s0
    2a3a:	c21ff0ef          	jal	ra,265a <prvAddNewTaskToReadyList>
    2a3e:	4522                	lw	a0,8(sp)
    2a40:	0141                	addi	sp,sp,16
    2a42:	af9fd06f          	j	53a <__riscv_restore_0>

00002a46 <vTaskStartScheduler>:
    2a46:	ad1fd2ef          	jal	t0,516 <__riscv_save_0>
    2a4a:	1141                	addi	sp,sp,-16
    2a4c:	0070                	addi	a2,sp,12
    2a4e:	002c                	addi	a1,sp,8
    2a50:	0048                	addi	a0,sp,4
    2a52:	c202                	sw	zero,4(sp)
    2a54:	c402                	sw	zero,8(sp)
    2a56:	faffd0ef          	jal	ra,a04 <vApplicationGetIdleTaskMemory>
    2a5a:	4812                	lw	a6,4(sp)
    2a5c:	47a2                	lw	a5,8(sp)
    2a5e:	4632                	lw	a2,12(sp)
    2a60:	000055b7          	lui	a1,0x5
    2a64:	00003537          	lui	a0,0x3
    2a68:	4701                	li	a4,0
    2a6a:	4681                	li	a3,0
    2a6c:	a6c58593          	addi	a1,a1,-1428 # 4a6c <bitrate_table+0xc0>
    2a70:	8b250513          	addi	a0,a0,-1870 # 28b2 <prvIdleTask>
    2a74:	3735                	jal	29a0 <xTaskCreateStatic>
    2a76:	c915                	beqz	a0,2aaa <vTaskStartScheduler+0x64>
    2a78:	275000ef          	jal	ra,34ec <xTimerCreateTimerTask>
    2a7c:	4785                	li	a5,1
    2a7e:	02f51b63          	bne	a0,a5,2ab4 <vTaskStartScheduler+0x6e>
    2a82:	67a1                	lui	a5,0x8
    2a84:	80078793          	addi	a5,a5,-2048 # 7800 <_data_lma+0x2ca4>
    2a88:	30079073          	csrw	mstatus,a5
    2a8c:	200007b7          	lui	a5,0x20000
    2a90:	577d                	li	a4,-1
    2a92:	10e7aa23          	sw	a4,276(a5) # 20000114 <xNextTaskUnblockTime>
    2a96:	200007b7          	lui	a5,0x20000
    2a9a:	12a7a023          	sw	a0,288(a5) # 20000120 <xSchedulerRunning>
    2a9e:	200007b7          	lui	a5,0x20000
    2aa2:	1207a223          	sw	zero,292(a5) # 20000124 <xTickCount>
    2aa6:	970ff0ef          	jal	ra,1c16 <xPortStartScheduler>
    2aaa:	8141a783          	lw	a5,-2028(gp) # 200000a4 <uxTopUsedPriority>
    2aae:	0141                	addi	sp,sp,16
    2ab0:	a8bfd06f          	j	53a <__riscv_restore_0>
    2ab4:	57fd                	li	a5,-1
    2ab6:	fef51ae3          	bne	a0,a5,2aaa <vTaskStartScheduler+0x64>
    2aba:	67a1                	lui	a5,0x8
    2abc:	80078793          	addi	a5,a5,-2048 # 7800 <_data_lma+0x2ca4>
    2ac0:	30079073          	csrw	mstatus,a5
    2ac4:	00005637          	lui	a2,0x5
    2ac8:	6585                	lui	a1,0x1
    2aca:	00005537          	lui	a0,0x5
    2ace:	a5860613          	addi	a2,a2,-1448 # 4a58 <bitrate_table+0xac>
    2ad2:	84058593          	addi	a1,a1,-1984 # 840 <__stack_size+0x40>
    2ad6:	9f850513          	addi	a0,a0,-1544 # 49f8 <bitrate_table+0x4c>
    2ada:	3a1000ef          	jal	ra,367a <iprintf>
    2ade:	a001                	j	2ade <vTaskStartScheduler+0x98>

00002ae0 <vTaskSuspendAll>:
    2ae0:	200007b7          	lui	a5,0x20000
    2ae4:	10878793          	addi	a5,a5,264 # 20000108 <uxSchedulerSuspended>
    2ae8:	4398                	lw	a4,0(a5)
    2aea:	0705                	addi	a4,a4,1
    2aec:	c398                	sw	a4,0(a5)
    2aee:	8082                	ret

00002af0 <xTaskGetTickCount>:
    2af0:	200007b7          	lui	a5,0x20000
    2af4:	1247a503          	lw	a0,292(a5) # 20000124 <xTickCount>
    2af8:	8082                	ret

00002afa <xTaskIncrementTick>:
    2afa:	200007b7          	lui	a5,0x20000
    2afe:	1087a783          	lw	a5,264(a5) # 20000108 <uxSchedulerSuspended>
    2b02:	18079763          	bnez	a5,2c90 <xTaskIncrementTick+0x196>
    2b06:	a11fd2ef          	jal	t0,516 <__riscv_save_0>
    2b0a:	200007b7          	lui	a5,0x20000
    2b0e:	12478793          	addi	a5,a5,292 # 20000124 <xTickCount>
    2b12:	4380                	lw	s0,0(a5)
    2b14:	0405                	addi	s0,s0,1
    2b16:	c380                	sw	s0,0(a5)
    2b18:	ec21                	bnez	s0,2b70 <xTaskIncrementTick+0x76>
    2b1a:	200007b7          	lui	a5,0x20000
    2b1e:	0f878793          	addi	a5,a5,248 # 200000f8 <pxDelayedTaskList>
    2b22:	4398                	lw	a4,0(a5)
    2b24:	4318                	lw	a4,0(a4)
    2b26:	c705                	beqz	a4,2b4e <xTaskIncrementTick+0x54>
    2b28:	67a1                	lui	a5,0x8
    2b2a:	80078793          	addi	a5,a5,-2048 # 7800 <_data_lma+0x2ca4>
    2b2e:	30079073          	csrw	mstatus,a5
    2b32:	00005637          	lui	a2,0x5
    2b36:	6585                	lui	a1,0x1
    2b38:	00005537          	lui	a0,0x5
    2b3c:	a5860613          	addi	a2,a2,-1448 # 4a58 <bitrate_table+0xac>
    2b40:	ac758593          	addi	a1,a1,-1337 # ac7 <handle_reset+0x69>
    2b44:	9f850513          	addi	a0,a0,-1544 # 49f8 <bitrate_table+0x4c>
    2b48:	333000ef          	jal	ra,367a <iprintf>
    2b4c:	a001                	j	2b4c <xTaskIncrementTick+0x52>
    2b4e:	20000737          	lui	a4,0x20000
    2b52:	0fc70713          	addi	a4,a4,252 # 200000fc <pxOverflowDelayedTaskList>
    2b56:	4394                	lw	a3,0(a5)
    2b58:	4310                	lw	a2,0(a4)
    2b5a:	c390                	sw	a2,0(a5)
    2b5c:	200007b7          	lui	a5,0x20000
    2b60:	c314                	sw	a3,0(a4)
    2b62:	11878793          	addi	a5,a5,280 # 20000118 <xNumOfOverflows>
    2b66:	4398                	lw	a4,0(a5)
    2b68:	0705                	addi	a4,a4,1
    2b6a:	c398                	sw	a4,0(a5)
    2b6c:	c0dff0ef          	jal	ra,2778 <prvResetNextTaskUnblockTime>
    2b70:	20000637          	lui	a2,0x20000
    2b74:	11460793          	addi	a5,a2,276 # 20000114 <xNextTaskUnblockTime>
    2b78:	439c                	lw	a5,0(a5)
    2b7a:	200005b7          	lui	a1,0x20000
    2b7e:	11460613          	addi	a2,a2,276
    2b82:	66018713          	addi	a4,gp,1632 # 20000ef0 <pxReadyTasksLists>
    2b86:	0f458593          	addi	a1,a1,244 # 200000f4 <pxCurrentTCB>
    2b8a:	4501                	li	a0,0
    2b8c:	02f47563          	bgeu	s0,a5,2bb6 <xTaskIncrementTick+0xbc>
    2b90:	419c                	lw	a5,0(a1)
    2b92:	46d1                	li	a3,20
    2b94:	57dc                	lw	a5,44(a5)
    2b96:	02d787b3          	mul	a5,a5,a3
    2b9a:	973e                	add	a4,a4,a5
    2b9c:	4318                	lw	a4,0(a4)
    2b9e:	4785                	li	a5,1
    2ba0:	00e7f363          	bgeu	a5,a4,2ba6 <xTaskIncrementTick+0xac>
    2ba4:	4505                	li	a0,1
    2ba6:	200007b7          	lui	a5,0x20000
    2baa:	1287a783          	lw	a5,296(a5) # 20000128 <xYieldPending>
    2bae:	c391                	beqz	a5,2bb2 <xTaskIncrementTick+0xb8>
    2bb0:	4505                	li	a0,1
    2bb2:	989fd06f          	j	53a <__riscv_restore_0>
    2bb6:	20000e37          	lui	t3,0x20000
    2bba:	20000eb7          	lui	t4,0x20000
    2bbe:	4f51                	li	t5,20
    2bc0:	0f8e0793          	addi	a5,t3,248 # 200000f8 <pxDelayedTaskList>
    2bc4:	4394                	lw	a3,0(a5)
    2bc6:	4294                	lw	a3,0(a3)
    2bc8:	e681                	bnez	a3,2bd0 <xTaskIncrementTick+0xd6>
    2bca:	57fd                	li	a5,-1
    2bcc:	c21c                	sw	a5,0(a2)
    2bce:	b7c9                	j	2b90 <xTaskIncrementTick+0x96>
    2bd0:	439c                	lw	a5,0(a5)
    2bd2:	47dc                	lw	a5,12(a5)
    2bd4:	47dc                	lw	a5,12(a5)
    2bd6:	43d4                	lw	a3,4(a5)
    2bd8:	00d47463          	bgeu	s0,a3,2be0 <xTaskIncrementTick+0xe6>
    2bdc:	c214                	sw	a3,0(a2)
    2bde:	bf4d                	j	2b90 <xTaskIncrementTick+0x96>
    2be0:	0087a883          	lw	a7,8(a5)
    2be4:	00c7a803          	lw	a6,12(a5)
    2be8:	4bd4                	lw	a3,20(a5)
    2bea:	00478313          	addi	t1,a5,4
    2bee:	0108a423          	sw	a6,8(a7)
    2bf2:	01182223          	sw	a7,4(a6)
    2bf6:	0046a883          	lw	a7,4(a3)
    2bfa:	00689463          	bne	a7,t1,2c02 <xTaskIncrementTick+0x108>
    2bfe:	0106a223          	sw	a6,4(a3)
    2c02:	0006a803          	lw	a6,0(a3)
    2c06:	0007aa23          	sw	zero,20(a5)
    2c0a:	187d                	addi	a6,a6,-1
    2c0c:	0106a023          	sw	a6,0(a3)
    2c10:	5794                	lw	a3,40(a5)
    2c12:	ca95                	beqz	a3,2c46 <xTaskIncrementTick+0x14c>
    2c14:	01c7a803          	lw	a6,28(a5)
    2c18:	0207a883          	lw	a7,32(a5)
    2c1c:	0046af83          	lw	t6,4(a3)
    2c20:	01182423          	sw	a7,8(a6)
    2c24:	0207a883          	lw	a7,32(a5)
    2c28:	0108a223          	sw	a6,4(a7)
    2c2c:	01878813          	addi	a6,a5,24
    2c30:	010f9463          	bne	t6,a6,2c38 <xTaskIncrementTick+0x13e>
    2c34:	0116a223          	sw	a7,4(a3)
    2c38:	0006a803          	lw	a6,0(a3)
    2c3c:	0207a423          	sw	zero,40(a5)
    2c40:	187d                	addi	a6,a6,-1
    2c42:	0106a023          	sw	a6,0(a3)
    2c46:	110e8693          	addi	a3,t4,272 # 20000110 <uxTopReadyPriority>
    2c4a:	02c7a803          	lw	a6,44(a5)
    2c4e:	0006a883          	lw	a7,0(a3)
    2c52:	0108f463          	bgeu	a7,a6,2c5a <xTaskIncrementTick+0x160>
    2c56:	0106a023          	sw	a6,0(a3)
    2c5a:	03e806b3          	mul	a3,a6,t5
    2c5e:	96ba                	add	a3,a3,a4
    2c60:	0046a883          	lw	a7,4(a3)
    2c64:	0088af83          	lw	t6,8(a7)
    2c68:	0117a423          	sw	a7,8(a5)
    2c6c:	01f7a623          	sw	t6,12(a5)
    2c70:	0088af83          	lw	t6,8(a7)
    2c74:	006fa223          	sw	t1,4(t6)
    2c78:	0068a423          	sw	t1,8(a7)
    2c7c:	cbd4                	sw	a3,20(a5)
    2c7e:	429c                	lw	a5,0(a3)
    2c80:	0785                	addi	a5,a5,1
    2c82:	c29c                	sw	a5,0(a3)
    2c84:	419c                	lw	a5,0(a1)
    2c86:	57dc                	lw	a5,44(a5)
    2c88:	f2f86ce3          	bltu	a6,a5,2bc0 <xTaskIncrementTick+0xc6>
    2c8c:	4505                	li	a0,1
    2c8e:	bf0d                	j	2bc0 <xTaskIncrementTick+0xc6>
    2c90:	200007b7          	lui	a5,0x20000
    2c94:	11c78793          	addi	a5,a5,284 # 2000011c <xPendedTicks>
    2c98:	4398                	lw	a4,0(a5)
    2c9a:	4501                	li	a0,0
    2c9c:	0705                	addi	a4,a4,1
    2c9e:	c398                	sw	a4,0(a5)
    2ca0:	8082                	ret

00002ca2 <xTaskResumeAll>:
    2ca2:	85bfd2ef          	jal	t0,4fc <__riscv_save_4>
    2ca6:	20000437          	lui	s0,0x20000
    2caa:	10840413          	addi	s0,s0,264 # 20000108 <uxSchedulerSuspended>
    2cae:	401c                	lw	a5,0(s0)
    2cb0:	1141                	addi	sp,sp,-16
    2cb2:	e785                	bnez	a5,2cda <xTaskResumeAll+0x38>
    2cb4:	67a1                	lui	a5,0x8
    2cb6:	80078793          	addi	a5,a5,-2048 # 7800 <_data_lma+0x2ca4>
    2cba:	30079073          	csrw	mstatus,a5
    2cbe:	00005637          	lui	a2,0x5
    2cc2:	6585                	lui	a1,0x1
    2cc4:	00005537          	lui	a0,0x5
    2cc8:	a5860613          	addi	a2,a2,-1448 # 4a58 <bitrate_table+0xac>
    2ccc:	8b358593          	addi	a1,a1,-1869 # 8b3 <__stack_size+0xb3>
    2cd0:	9f850513          	addi	a0,a0,-1544 # 49f8 <bitrate_table+0x4c>
    2cd4:	1a7000ef          	jal	ra,367a <iprintf>
    2cd8:	a001                	j	2cd8 <xTaskResumeAll+0x36>
    2cda:	802ff0ef          	jal	ra,1cdc <vPortEnterCritical>
    2cde:	401c                	lw	a5,0(s0)
    2ce0:	17fd                	addi	a5,a5,-1
    2ce2:	c01c                	sw	a5,0(s0)
    2ce4:	401c                	lw	a5,0(s0)
    2ce6:	cb89                	beqz	a5,2cf8 <xTaskResumeAll+0x56>
    2ce8:	4501                	li	a0,0
    2cea:	c62a                	sw	a0,12(sp)
    2cec:	806ff0ef          	jal	ra,1cf2 <vPortExitCritical>
    2cf0:	4532                	lw	a0,12(sp)
    2cf2:	0141                	addi	sp,sp,16
    2cf4:	83dfd06f          	j	530 <__riscv_restore_4>
    2cf8:	200007b7          	lui	a5,0x20000
    2cfc:	1007a783          	lw	a5,256(a5) # 20000100 <uxCurrentNumberOfTasks>
    2d00:	d7e5                	beqz	a5,2ce8 <xTaskResumeAll+0x46>
    2d02:	200016b7          	lui	a3,0x20001
    2d06:	4781                	li	a5,0
    2d08:	04468693          	addi	a3,a3,68 # 20001044 <xPendingReadyList>
    2d0c:	20000f37          	lui	t5,0x20000
    2d10:	66018513          	addi	a0,gp,1632 # 20000ef0 <pxReadyTasksLists>
    2d14:	48d1                	li	a7,20
    2d16:	20000337          	lui	t1,0x20000
    2d1a:	20000e37          	lui	t3,0x20000
    2d1e:	4e85                	li	t4,1
    2d20:	a859                	j	2db6 <xTaskResumeAll+0x114>
    2d22:	46dc                	lw	a5,12(a3)
    2d24:	47dc                	lw	a5,12(a5)
    2d26:	4fcc                	lw	a1,28(a5)
    2d28:	5390                	lw	a2,32(a5)
    2d2a:	5798                	lw	a4,40(a5)
    2d2c:	c590                	sw	a2,8(a1)
    2d2e:	0207a803          	lw	a6,32(a5)
    2d32:	00b82223          	sw	a1,4(a6)
    2d36:	00472803          	lw	a6,4(a4)
    2d3a:	01878593          	addi	a1,a5,24
    2d3e:	00b81363          	bne	a6,a1,2d44 <xTaskResumeAll+0xa2>
    2d42:	c350                	sw	a2,4(a4)
    2d44:	4310                	lw	a2,0(a4)
    2d46:	0207a423          	sw	zero,40(a5)
    2d4a:	167d                	addi	a2,a2,-1
    2d4c:	c310                	sw	a2,0(a4)
    2d4e:	478c                	lw	a1,8(a5)
    2d50:	47d0                	lw	a2,12(a5)
    2d52:	4bd8                	lw	a4,20(a5)
    2d54:	00478813          	addi	a6,a5,4
    2d58:	c590                	sw	a2,8(a1)
    2d5a:	c24c                	sw	a1,4(a2)
    2d5c:	434c                	lw	a1,4(a4)
    2d5e:	01059363          	bne	a1,a6,2d64 <xTaskResumeAll+0xc2>
    2d62:	c350                	sw	a2,4(a4)
    2d64:	4310                	lw	a2,0(a4)
    2d66:	0007aa23          	sw	zero,20(a5)
    2d6a:	167d                	addi	a2,a2,-1
    2d6c:	c310                	sw	a2,0(a4)
    2d6e:	110f0713          	addi	a4,t5,272 # 20000110 <uxTopReadyPriority>
    2d72:	57d0                	lw	a2,44(a5)
    2d74:	430c                	lw	a1,0(a4)
    2d76:	00c5f363          	bgeu	a1,a2,2d7c <xTaskResumeAll+0xda>
    2d7a:	c310                	sw	a2,0(a4)
    2d7c:	03160733          	mul	a4,a2,a7
    2d80:	972a                	add	a4,a4,a0
    2d82:	434c                	lw	a1,4(a4)
    2d84:	0085af83          	lw	t6,8(a1)
    2d88:	c78c                	sw	a1,8(a5)
    2d8a:	01f7a623          	sw	t6,12(a5)
    2d8e:	0085af83          	lw	t6,8(a1)
    2d92:	010fa223          	sw	a6,4(t6)
    2d96:	0105a423          	sw	a6,8(a1)
    2d9a:	430c                	lw	a1,0(a4)
    2d9c:	cbd8                	sw	a4,20(a5)
    2d9e:	0585                	addi	a1,a1,1
    2da0:	c30c                	sw	a1,0(a4)
    2da2:	0f430713          	addi	a4,t1,244 # 200000f4 <pxCurrentTCB>
    2da6:	4318                	lw	a4,0(a4)
    2da8:	5758                	lw	a4,44(a4)
    2daa:	00e66663          	bltu	a2,a4,2db6 <xTaskResumeAll+0x114>
    2dae:	128e0713          	addi	a4,t3,296 # 20000128 <xYieldPending>
    2db2:	01d72023          	sw	t4,0(a4)
    2db6:	4298                	lw	a4,0(a3)
    2db8:	f72d                	bnez	a4,2d22 <xTaskResumeAll+0x80>
    2dba:	c399                	beqz	a5,2dc0 <xTaskResumeAll+0x11e>
    2dbc:	9bdff0ef          	jal	ra,2778 <prvResetNextTaskUnblockTime>
    2dc0:	200007b7          	lui	a5,0x20000
    2dc4:	11c78713          	addi	a4,a5,284 # 2000011c <xPendedTicks>
    2dc8:	4304                	lw	s1,0(a4)
    2dca:	11c78413          	addi	s0,a5,284
    2dce:	cc99                	beqz	s1,2dec <xTaskResumeAll+0x14a>
    2dd0:	20000937          	lui	s2,0x20000
    2dd4:	4985                	li	s3,1
    2dd6:	d25ff0ef          	jal	ra,2afa <xTaskIncrementTick>
    2dda:	c509                	beqz	a0,2de4 <xTaskResumeAll+0x142>
    2ddc:	12890793          	addi	a5,s2,296 # 20000128 <xYieldPending>
    2de0:	0137a023          	sw	s3,0(a5)
    2de4:	14fd                	addi	s1,s1,-1
    2de6:	f8e5                	bnez	s1,2dd6 <xTaskResumeAll+0x134>
    2de8:	00042023          	sw	zero,0(s0)
    2dec:	200007b7          	lui	a5,0x20000
    2df0:	1287a783          	lw	a5,296(a5) # 20000128 <xYieldPending>
    2df4:	ee078ae3          	beqz	a5,2ce8 <xTaskResumeAll+0x46>
    2df8:	e000e7b7          	lui	a5,0xe000e
    2dfc:	6711                	lui	a4,0x4
    2dfe:	20e7a023          	sw	a4,512(a5) # e000e200 <__freertos_irq_stack_top+0xc0006200>
    2e02:	4505                	li	a0,1
    2e04:	b5dd                	j	2cea <xTaskResumeAll+0x48>

00002e06 <vTaskSwitchContext>:
    2e06:	200007b7          	lui	a5,0x20000
    2e0a:	1087a703          	lw	a4,264(a5) # 20000108 <uxSchedulerSuspended>
    2e0e:	200007b7          	lui	a5,0x20000
    2e12:	12878793          	addi	a5,a5,296 # 20000128 <xYieldPending>
    2e16:	c701                	beqz	a4,2e1e <vTaskSwitchContext+0x18>
    2e18:	4705                	li	a4,1
    2e1a:	c398                	sw	a4,0(a5)
    2e1c:	8082                	ret
    2e1e:	0007a023          	sw	zero,0(a5)
    2e22:	200007b7          	lui	a5,0x20000
    2e26:	11078713          	addi	a4,a5,272 # 20000110 <uxTopReadyPriority>
    2e2a:	4318                	lw	a4,0(a4)
    2e2c:	11078613          	addi	a2,a5,272
    2e30:	66018793          	addi	a5,gp,1632 # 20000ef0 <pxReadyTasksLists>
    2e34:	4851                	li	a6,20
    2e36:	030706b3          	mul	a3,a4,a6
    2e3a:	00d785b3          	add	a1,a5,a3
    2e3e:	4188                	lw	a0,0(a1)
    2e40:	c515                	beqz	a0,2e6c <vTaskSwitchContext+0x66>
    2e42:	41c8                	lw	a0,4(a1)
    2e44:	06a1                	addi	a3,a3,8
    2e46:	96be                	add	a3,a3,a5
    2e48:	4148                	lw	a0,4(a0)
    2e4a:	c1c8                	sw	a0,4(a1)
    2e4c:	00d51463          	bne	a0,a3,2e54 <vTaskSwitchContext+0x4e>
    2e50:	4154                	lw	a3,4(a0)
    2e52:	c1d4                	sw	a3,4(a1)
    2e54:	46d1                	li	a3,20
    2e56:	02d706b3          	mul	a3,a4,a3
    2e5a:	97b6                	add	a5,a5,a3
    2e5c:	43dc                	lw	a5,4(a5)
    2e5e:	47d4                	lw	a3,12(a5)
    2e60:	200007b7          	lui	a5,0x20000
    2e64:	0ed7aa23          	sw	a3,244(a5) # 200000f4 <pxCurrentTCB>
    2e68:	c218                	sw	a4,0(a2)
    2e6a:	8082                	ret
    2e6c:	e715                	bnez	a4,2e98 <vTaskSwitchContext+0x92>
    2e6e:	ea8fd2ef          	jal	t0,516 <__riscv_save_0>
    2e72:	67a1                	lui	a5,0x8
    2e74:	80078793          	addi	a5,a5,-2048 # 7800 <_data_lma+0x2ca4>
    2e78:	30079073          	csrw	mstatus,a5
    2e7c:	00005637          	lui	a2,0x5
    2e80:	6585                	lui	a1,0x1
    2e82:	00005537          	lui	a0,0x5
    2e86:	a5860613          	addi	a2,a2,-1448 # 4a58 <bitrate_table+0xac>
    2e8a:	c0258593          	addi	a1,a1,-1022 # c02 <RCC_GetClocksFreq+0x48>
    2e8e:	9f850513          	addi	a0,a0,-1544 # 49f8 <bitrate_table+0x4c>
    2e92:	7e8000ef          	jal	ra,367a <iprintf>
    2e96:	a001                	j	2e96 <vTaskSwitchContext+0x90>
    2e98:	177d                	addi	a4,a4,-1
    2e9a:	bf71                	j	2e36 <vTaskSwitchContext+0x30>

00002e9c <vTaskPlaceOnEventList>:
    2e9c:	e7afd2ef          	jal	t0,516 <__riscv_save_0>
    2ea0:	e505                	bnez	a0,2ec8 <vTaskPlaceOnEventList+0x2c>
    2ea2:	67a1                	lui	a5,0x8
    2ea4:	80078793          	addi	a5,a5,-2048 # 7800 <_data_lma+0x2ca4>
    2ea8:	30079073          	csrw	mstatus,a5
    2eac:	00005637          	lui	a2,0x5
    2eb0:	6585                	lui	a1,0x1
    2eb2:	00005537          	lui	a0,0x5
    2eb6:	a5860613          	addi	a2,a2,-1448 # 4a58 <bitrate_table+0xac>
    2eba:	c1c58593          	addi	a1,a1,-996 # c1c <RCC_GetClocksFreq+0x62>
    2ebe:	9f850513          	addi	a0,a0,-1544 # 49f8 <bitrate_table+0x4c>
    2ec2:	7b8000ef          	jal	ra,367a <iprintf>
    2ec6:	a001                	j	2ec6 <vTaskPlaceOnEventList+0x2a>
    2ec8:	200007b7          	lui	a5,0x20000
    2ecc:	842e                	mv	s0,a1
    2ece:	0f47a583          	lw	a1,244(a5) # 200000f4 <pxCurrentTCB>
    2ed2:	05e1                	addi	a1,a1,24
    2ed4:	e8dfe0ef          	jal	ra,1d60 <vListInsert>
    2ed8:	4585                	li	a1,1
    2eda:	8522                	mv	a0,s0
    2edc:	a1fff0ef          	jal	ra,28fa <prvAddCurrentTaskToDelayedList>
    2ee0:	e5afd06f          	j	53a <__riscv_restore_0>

00002ee4 <vTaskPlaceOnEventListRestricted>:
    2ee4:	e32fd2ef          	jal	t0,516 <__riscv_save_0>
    2ee8:	872a                	mv	a4,a0
    2eea:	e505                	bnez	a0,2f12 <vTaskPlaceOnEventListRestricted+0x2e>
    2eec:	67a1                	lui	a5,0x8
    2eee:	80078793          	addi	a5,a5,-2048 # 7800 <_data_lma+0x2ca4>
    2ef2:	30079073          	csrw	mstatus,a5
    2ef6:	00005637          	lui	a2,0x5
    2efa:	6585                	lui	a1,0x1
    2efc:	00005537          	lui	a0,0x5
    2f00:	a5860613          	addi	a2,a2,-1448 # 4a58 <bitrate_table+0xac>
    2f04:	c5258593          	addi	a1,a1,-942 # c52 <RCC_GetClocksFreq+0x98>
    2f08:	9f850513          	addi	a0,a0,-1544 # 49f8 <bitrate_table+0x4c>
    2f0c:	76e000ef          	jal	ra,367a <iprintf>
    2f10:	a001                	j	2f10 <vTaskPlaceOnEventListRestricted+0x2c>
    2f12:	200007b7          	lui	a5,0x20000
    2f16:	0f478793          	addi	a5,a5,244 # 200000f4 <pxCurrentTCB>
    2f1a:	4354                	lw	a3,4(a4)
    2f1c:	852e                	mv	a0,a1
    2f1e:	438c                	lw	a1,0(a5)
    2f20:	0086a803          	lw	a6,8(a3)
    2f24:	cdd4                	sw	a3,28(a1)
    2f26:	438c                	lw	a1,0(a5)
    2f28:	0305a023          	sw	a6,32(a1)
    2f2c:	0007a803          	lw	a6,0(a5)
    2f30:	468c                	lw	a1,8(a3)
    2f32:	0861                	addi	a6,a6,24
    2f34:	0105a223          	sw	a6,4(a1)
    2f38:	0007a803          	lw	a6,0(a5)
    2f3c:	439c                	lw	a5,0(a5)
    2f3e:	0861                	addi	a6,a6,24
    2f40:	0106a423          	sw	a6,8(a3)
    2f44:	d798                	sw	a4,40(a5)
    2f46:	431c                	lw	a5,0(a4)
    2f48:	0785                	addi	a5,a5,1
    2f4a:	c31c                	sw	a5,0(a4)
    2f4c:	c211                	beqz	a2,2f50 <vTaskPlaceOnEventListRestricted+0x6c>
    2f4e:	557d                	li	a0,-1
    2f50:	85b2                	mv	a1,a2
    2f52:	9a9ff0ef          	jal	ra,28fa <prvAddCurrentTaskToDelayedList>
    2f56:	de4fd06f          	j	53a <__riscv_restore_0>

00002f5a <xTaskRemoveFromEventList>:
    2f5a:	455c                	lw	a5,12(a0)
    2f5c:	47dc                	lw	a5,12(a5)
    2f5e:	e795                	bnez	a5,2f8a <xTaskRemoveFromEventList+0x30>
    2f60:	db6fd2ef          	jal	t0,516 <__riscv_save_0>
    2f64:	67a1                	lui	a5,0x8
    2f66:	80078793          	addi	a5,a5,-2048 # 7800 <_data_lma+0x2ca4>
    2f6a:	30079073          	csrw	mstatus,a5
    2f6e:	00005637          	lui	a2,0x5
    2f72:	6585                	lui	a1,0x1
    2f74:	00005537          	lui	a0,0x5
    2f78:	a5860613          	addi	a2,a2,-1448 # 4a58 <bitrate_table+0xac>
    2f7c:	c8258593          	addi	a1,a1,-894 # c82 <RCC_GetClocksFreq+0xc8>
    2f80:	9f850513          	addi	a0,a0,-1544 # 49f8 <bitrate_table+0x4c>
    2f84:	6f6000ef          	jal	ra,367a <iprintf>
    2f88:	a001                	j	2f88 <xTaskRemoveFromEventList+0x2e>
    2f8a:	4fd0                	lw	a2,28(a5)
    2f8c:	5394                	lw	a3,32(a5)
    2f8e:	5798                	lw	a4,40(a5)
    2f90:	01878593          	addi	a1,a5,24
    2f94:	c614                	sw	a3,8(a2)
    2f96:	c2d0                	sw	a2,4(a3)
    2f98:	4350                	lw	a2,4(a4)
    2f9a:	00b61363          	bne	a2,a1,2fa0 <xTaskRemoveFromEventList+0x46>
    2f9e:	c354                	sw	a3,4(a4)
    2fa0:	4314                	lw	a3,0(a4)
    2fa2:	0207a423          	sw	zero,40(a5)
    2fa6:	16fd                	addi	a3,a3,-1
    2fa8:	c314                	sw	a3,0(a4)
    2faa:	20000737          	lui	a4,0x20000
    2fae:	10872703          	lw	a4,264(a4) # 20000108 <uxSchedulerSuspended>
    2fb2:	57d4                	lw	a3,44(a5)
    2fb4:	eb35                	bnez	a4,3028 <xTaskRemoveFromEventList+0xce>
    2fb6:	478c                	lw	a1,8(a5)
    2fb8:	47d0                	lw	a2,12(a5)
    2fba:	4bd8                	lw	a4,20(a5)
    2fbc:	c590                	sw	a2,8(a1)
    2fbe:	47d0                	lw	a2,12(a5)
    2fc0:	4348                	lw	a0,4(a4)
    2fc2:	c24c                	sw	a1,4(a2)
    2fc4:	00478593          	addi	a1,a5,4
    2fc8:	00b51363          	bne	a0,a1,2fce <xTaskRemoveFromEventList+0x74>
    2fcc:	c350                	sw	a2,4(a4)
    2fce:	4310                	lw	a2,0(a4)
    2fd0:	0007aa23          	sw	zero,20(a5)
    2fd4:	167d                	addi	a2,a2,-1
    2fd6:	c310                	sw	a2,0(a4)
    2fd8:	20000737          	lui	a4,0x20000
    2fdc:	11070713          	addi	a4,a4,272 # 20000110 <uxTopReadyPriority>
    2fe0:	4310                	lw	a2,0(a4)
    2fe2:	00d67363          	bgeu	a2,a3,2fe8 <xTaskRemoveFromEventList+0x8e>
    2fe6:	c314                	sw	a3,0(a4)
    2fe8:	4751                	li	a4,20
    2fea:	02e68633          	mul	a2,a3,a4
    2fee:	66018713          	addi	a4,gp,1632 # 20000ef0 <pxReadyTasksLists>
    2ff2:	9732                	add	a4,a4,a2
    2ff4:	4350                	lw	a2,4(a4)
    2ff6:	4608                	lw	a0,8(a2)
    2ff8:	c790                	sw	a2,8(a5)
    2ffa:	c7c8                	sw	a0,12(a5)
    2ffc:	4608                	lw	a0,8(a2)
    2ffe:	c14c                	sw	a1,4(a0)
    3000:	c60c                	sw	a1,8(a2)
    3002:	cbd8                	sw	a4,20(a5)
    3004:	431c                	lw	a5,0(a4)
    3006:	4501                	li	a0,0
    3008:	0785                	addi	a5,a5,1
    300a:	c31c                	sw	a5,0(a4)
    300c:	200007b7          	lui	a5,0x20000
    3010:	0f47a783          	lw	a5,244(a5) # 200000f4 <pxCurrentTCB>
    3014:	57dc                	lw	a5,44(a5)
    3016:	00d7f863          	bgeu	a5,a3,3026 <xTaskRemoveFromEventList+0xcc>
    301a:	200007b7          	lui	a5,0x20000
    301e:	4705                	li	a4,1
    3020:	12e7a423          	sw	a4,296(a5) # 20000128 <xYieldPending>
    3024:	4505                	li	a0,1
    3026:	8082                	ret
    3028:	20001737          	lui	a4,0x20001
    302c:	04470713          	addi	a4,a4,68 # 20001044 <xPendingReadyList>
    3030:	4350                	lw	a2,4(a4)
    3032:	4608                	lw	a0,8(a2)
    3034:	cfd0                	sw	a2,28(a5)
    3036:	d388                	sw	a0,32(a5)
    3038:	4608                	lw	a0,8(a2)
    303a:	c14c                	sw	a1,4(a0)
    303c:	c60c                	sw	a1,8(a2)
    303e:	d798                	sw	a4,40(a5)
    3040:	b7d1                	j	3004 <xTaskRemoveFromEventList+0xaa>

00003042 <vTaskInternalSetTimeOutState>:
    3042:	200007b7          	lui	a5,0x20000
    3046:	1187a783          	lw	a5,280(a5) # 20000118 <xNumOfOverflows>
    304a:	c11c                	sw	a5,0(a0)
    304c:	200007b7          	lui	a5,0x20000
    3050:	1247a783          	lw	a5,292(a5) # 20000124 <xTickCount>
    3054:	c15c                	sw	a5,4(a0)
    3056:	8082                	ret

00003058 <xTaskCheckForTimeOut>:
    3058:	cbefd2ef          	jal	t0,516 <__riscv_save_0>
    305c:	1141                	addi	sp,sp,-16
    305e:	e11d                	bnez	a0,3084 <xTaskCheckForTimeOut+0x2c>
    3060:	67a1                	lui	a5,0x8
    3062:	80078793          	addi	a5,a5,-2048 # 7800 <_data_lma+0x2ca4>
    3066:	30079073          	csrw	mstatus,a5
    306a:	00005637          	lui	a2,0x5
    306e:	6585                	lui	a1,0x1
    3070:	00005537          	lui	a0,0x5
    3074:	a5860613          	addi	a2,a2,-1448 # 4a58 <bitrate_table+0xac>
    3078:	cfd58593          	addi	a1,a1,-771 # cfd <RCC_GetClocksFreq+0x143>
    307c:	9f850513          	addi	a0,a0,-1544 # 49f8 <bitrate_table+0x4c>
    3080:	2bed                	jal	367a <iprintf>
    3082:	a001                	j	3082 <xTaskCheckForTimeOut+0x2a>
    3084:	e19d                	bnez	a1,30aa <xTaskCheckForTimeOut+0x52>
    3086:	67a1                	lui	a5,0x8
    3088:	80078793          	addi	a5,a5,-2048 # 7800 <_data_lma+0x2ca4>
    308c:	30079073          	csrw	mstatus,a5
    3090:	00005637          	lui	a2,0x5
    3094:	6585                	lui	a1,0x1
    3096:	00005537          	lui	a0,0x5
    309a:	a5860613          	addi	a2,a2,-1448 # 4a58 <bitrate_table+0xac>
    309e:	cfe58593          	addi	a1,a1,-770 # cfe <RCC_GetClocksFreq+0x144>
    30a2:	9f850513          	addi	a0,a0,-1544 # 49f8 <bitrate_table+0x4c>
    30a6:	2bd1                	jal	367a <iprintf>
    30a8:	a001                	j	30a8 <xTaskCheckForTimeOut+0x50>
    30aa:	c62e                	sw	a1,12(sp)
    30ac:	c42a                	sw	a0,8(sp)
    30ae:	c2ffe0ef          	jal	ra,1cdc <vPortEnterCritical>
    30b2:	20000737          	lui	a4,0x20000
    30b6:	200007b7          	lui	a5,0x20000
    30ba:	0f470713          	addi	a4,a4,244 # 200000f4 <pxCurrentTCB>
    30be:	1247a683          	lw	a3,292(a5) # 20000124 <xTickCount>
    30c2:	431c                	lw	a5,0(a4)
    30c4:	4522                	lw	a0,8(sp)
    30c6:	45b2                	lw	a1,12(sp)
    30c8:	0527c783          	lbu	a5,82(a5)
    30cc:	cb99                	beqz	a5,30e2 <xTaskCheckForTimeOut+0x8a>
    30ce:	431c                	lw	a5,0(a4)
    30d0:	04078923          	sb	zero,82(a5)
    30d4:	4405                	li	s0,1
    30d6:	c1dfe0ef          	jal	ra,1cf2 <vPortExitCritical>
    30da:	8522                	mv	a0,s0
    30dc:	0141                	addi	sp,sp,16
    30de:	c5cfd06f          	j	53a <__riscv_restore_0>
    30e2:	419c                	lw	a5,0(a1)
    30e4:	577d                	li	a4,-1
    30e6:	4401                	li	s0,0
    30e8:	fee787e3          	beq	a5,a4,30d6 <xTaskCheckForTimeOut+0x7e>
    30ec:	20000637          	lui	a2,0x20000
    30f0:	11862603          	lw	a2,280(a2) # 20000118 <xNumOfOverflows>
    30f4:	00052803          	lw	a6,0(a0)
    30f8:	4158                	lw	a4,4(a0)
    30fa:	00c80763          	beq	a6,a2,3108 <xTaskCheckForTimeOut+0xb0>
    30fe:	00e6e563          	bltu	a3,a4,3108 <xTaskCheckForTimeOut+0xb0>
    3102:	0005a023          	sw	zero,0(a1)
    3106:	b7f9                	j	30d4 <xTaskCheckForTimeOut+0x7c>
    3108:	40e68633          	sub	a2,a3,a4
    310c:	fef67be3          	bgeu	a2,a5,3102 <xTaskCheckForTimeOut+0xaa>
    3110:	8f95                	sub	a5,a5,a3
    3112:	97ba                	add	a5,a5,a4
    3114:	c19c                	sw	a5,0(a1)
    3116:	3735                	jal	3042 <vTaskInternalSetTimeOutState>
    3118:	4401                	li	s0,0
    311a:	bf75                	j	30d6 <xTaskCheckForTimeOut+0x7e>

0000311c <vTaskMissedYield>:
    311c:	200007b7          	lui	a5,0x20000
    3120:	4705                	li	a4,1
    3122:	12e7a423          	sw	a4,296(a5) # 20000128 <xYieldPending>
    3126:	8082                	ret

00003128 <xTaskGetSchedulerState>:
    3128:	200007b7          	lui	a5,0x20000
    312c:	1207a783          	lw	a5,288(a5) # 20000120 <xSchedulerRunning>
    3130:	4505                	li	a0,1
    3132:	cb81                	beqz	a5,3142 <xTaskGetSchedulerState+0x1a>
    3134:	200007b7          	lui	a5,0x20000
    3138:	1087a503          	lw	a0,264(a5) # 20000108 <uxSchedulerSuspended>
    313c:	00153513          	seqz	a0,a0
    3140:	0506                	slli	a0,a0,0x1
    3142:	8082                	ret

00003144 <xTaskPriorityDisinherit>:
    3144:	e511                	bnez	a0,3150 <xTaskPriorityDisinherit+0xc>
    3146:	4501                	li	a0,0
    3148:	8082                	ret
    314a:	4501                	li	a0,0
    314c:	beefd06f          	j	53a <__riscv_restore_0>
    3150:	bc6fd2ef          	jal	t0,516 <__riscv_save_0>
    3154:	200007b7          	lui	a5,0x20000
    3158:	0f47a783          	lw	a5,244(a5) # 200000f4 <pxCurrentTCB>
    315c:	842a                	mv	s0,a0
    315e:	02a78463          	beq	a5,a0,3186 <xTaskPriorityDisinherit+0x42>
    3162:	67a1                	lui	a5,0x8
    3164:	80078793          	addi	a5,a5,-2048 # 7800 <_data_lma+0x2ca4>
    3168:	30079073          	csrw	mstatus,a5
    316c:	00005637          	lui	a2,0x5
    3170:	6585                	lui	a1,0x1
    3172:	00005537          	lui	a0,0x5
    3176:	a5860613          	addi	a2,a2,-1448 # 4a58 <bitrate_table+0xac>
    317a:	04f58593          	addi	a1,a1,79 # 104f <DataParser+0x189>
    317e:	9f850513          	addi	a0,a0,-1544 # 49f8 <bitrate_table+0x4c>
    3182:	29e5                	jal	367a <iprintf>
    3184:	a001                	j	3184 <xTaskPriorityDisinherit+0x40>
    3186:	47bc                	lw	a5,72(a5)
    3188:	e39d                	bnez	a5,31ae <xTaskPriorityDisinherit+0x6a>
    318a:	67a1                	lui	a5,0x8
    318c:	80078793          	addi	a5,a5,-2048 # 7800 <_data_lma+0x2ca4>
    3190:	30079073          	csrw	mstatus,a5
    3194:	00005637          	lui	a2,0x5
    3198:	6585                	lui	a1,0x1
    319a:	00005537          	lui	a0,0x5
    319e:	a5860613          	addi	a2,a2,-1448 # 4a58 <bitrate_table+0xac>
    31a2:	05058593          	addi	a1,a1,80 # 1050 <DataParser+0x18a>
    31a6:	9f850513          	addi	a0,a0,-1544 # 49f8 <bitrate_table+0x4c>
    31aa:	29c1                	jal	367a <iprintf>
    31ac:	a001                	j	31ac <xTaskPriorityDisinherit+0x68>
    31ae:	5554                	lw	a3,44(a0)
    31b0:	4178                	lw	a4,68(a0)
    31b2:	17fd                	addi	a5,a5,-1
    31b4:	c53c                	sw	a5,72(a0)
    31b6:	f8e68ae3          	beq	a3,a4,314a <xTaskPriorityDisinherit+0x6>
    31ba:	fbc1                	bnez	a5,314a <xTaskPriorityDisinherit+0x6>
    31bc:	00450493          	addi	s1,a0,4
    31c0:	8526                	mv	a0,s1
    31c2:	bcdfe0ef          	jal	ra,1d8e <uxListRemove>
    31c6:	407c                	lw	a5,68(s0)
    31c8:	473d                	li	a4,15
    31ca:	8f1d                	sub	a4,a4,a5
    31cc:	cc18                	sw	a4,24(s0)
    31ce:	20000737          	lui	a4,0x20000
    31d2:	11070713          	addi	a4,a4,272 # 20000110 <uxTopReadyPriority>
    31d6:	4314                	lw	a3,0(a4)
    31d8:	d45c                	sw	a5,44(s0)
    31da:	00f6f363          	bgeu	a3,a5,31e0 <xTaskPriorityDisinherit+0x9c>
    31de:	c31c                	sw	a5,0(a4)
    31e0:	4751                	li	a4,20
    31e2:	02e78733          	mul	a4,a5,a4
    31e6:	66018793          	addi	a5,gp,1632 # 20000ef0 <pxReadyTasksLists>
    31ea:	4505                	li	a0,1
    31ec:	97ba                	add	a5,a5,a4
    31ee:	43d8                	lw	a4,4(a5)
    31f0:	4714                	lw	a3,8(a4)
    31f2:	c418                	sw	a4,8(s0)
    31f4:	c454                	sw	a3,12(s0)
    31f6:	4714                	lw	a3,8(a4)
    31f8:	c2c4                	sw	s1,4(a3)
    31fa:	c704                	sw	s1,8(a4)
    31fc:	4398                	lw	a4,0(a5)
    31fe:	c85c                	sw	a5,20(s0)
    3200:	0705                	addi	a4,a4,1
    3202:	c398                	sw	a4,0(a5)
    3204:	b7a1                	j	314c <xTaskPriorityDisinherit+0x8>

00003206 <prvCheckForValidListAndQueue>:
    3206:	b10fd2ef          	jal	t0,516 <__riscv_save_0>
    320a:	20000437          	lui	s0,0x20000
    320e:	acffe0ef          	jal	ra,1cdc <vPortEnterCritical>
    3212:	13840413          	addi	s0,s0,312 # 20000138 <xTimerQueue>
    3216:	401c                	lw	a5,0(s0)
    3218:	efb1                	bnez	a5,3274 <prvCheckForValidListAndQueue+0x6e>
    321a:	20001537          	lui	a0,0x20001
    321e:	0c050913          	addi	s2,a0,192 # 200010c0 <xActiveTimerList1>
    3222:	0c050513          	addi	a0,a0,192
    3226:	b21fe0ef          	jal	ra,1d46 <vListInitialise>
    322a:	20001537          	lui	a0,0x20001
    322e:	0d450493          	addi	s1,a0,212 # 200010d4 <xActiveTimerList2>
    3232:	0d450513          	addi	a0,a0,212
    3236:	b11fe0ef          	jal	ra,1d46 <vListInitialise>
    323a:	200007b7          	lui	a5,0x20000
    323e:	200016b7          	lui	a3,0x20001
    3242:	20001637          	lui	a2,0x20001
    3246:	1327a623          	sw	s2,300(a5) # 2000012c <pxCurrentTimerList>
    324a:	4701                	li	a4,0
    324c:	200007b7          	lui	a5,0x20000
    3250:	0e868693          	addi	a3,a3,232 # 200010e8 <xStaticTimerQueue.6415>
    3254:	08060613          	addi	a2,a2,128 # 20001080 <ucStaticTimerQueueStorage.6416>
    3258:	45c1                	li	a1,16
    325a:	4511                	li	a0,4
    325c:	1297a823          	sw	s1,304(a5) # 20000130 <pxOverflowTimerList>
    3260:	d2dfe0ef          	jal	ra,1f8c <xQueueGenericCreateStatic>
    3264:	c008                	sw	a0,0(s0)
    3266:	c519                	beqz	a0,3274 <prvCheckForValidListAndQueue+0x6e>
    3268:	000055b7          	lui	a1,0x5
    326c:	a9858593          	addi	a1,a1,-1384 # 4a98 <bitrate_table+0xec>
    3270:	b26ff0ef          	jal	ra,2596 <vQueueAddToRegistry>
    3274:	a7ffe0ef          	jal	ra,1cf2 <vPortExitCritical>
    3278:	ac2fd06f          	j	53a <__riscv_restore_0>

0000327c <prvInsertTimerInActiveList>:
    327c:	a9afd2ef          	jal	t0,516 <__riscv_save_0>
    3280:	c14c                	sw	a1,4(a0)
    3282:	c908                	sw	a0,16(a0)
    3284:	87aa                	mv	a5,a0
    3286:	02b66263          	bltu	a2,a1,32aa <prvInsertTimerInActiveList+0x2e>
    328a:	4d18                	lw	a4,24(a0)
    328c:	8e15                	sub	a2,a2,a3
    328e:	4505                	li	a0,1
    3290:	00e67b63          	bgeu	a2,a4,32a6 <prvInsertTimerInActiveList+0x2a>
    3294:	00478593          	addi	a1,a5,4
    3298:	200007b7          	lui	a5,0x20000
    329c:	1307a503          	lw	a0,304(a5) # 20000130 <pxOverflowTimerList>
    32a0:	ac1fe0ef          	jal	ra,1d60 <vListInsert>
    32a4:	4501                	li	a0,0
    32a6:	a94fd06f          	j	53a <__riscv_restore_0>
    32aa:	00d67563          	bgeu	a2,a3,32b4 <prvInsertTimerInActiveList+0x38>
    32ae:	4505                	li	a0,1
    32b0:	fed5fbe3          	bgeu	a1,a3,32a6 <prvInsertTimerInActiveList+0x2a>
    32b4:	00478593          	addi	a1,a5,4
    32b8:	200007b7          	lui	a5,0x20000
    32bc:	12c7a503          	lw	a0,300(a5) # 2000012c <pxCurrentTimerList>
    32c0:	b7c5                	j	32a0 <prvInsertTimerInActiveList+0x24>

000032c2 <prvReloadTimer>:
    32c2:	a54fd2ef          	jal	t0,516 <__riscv_save_0>
    32c6:	842a                	mv	s0,a0
    32c8:	84ae                	mv	s1,a1
    32ca:	8932                	mv	s2,a2
    32cc:	4c0c                	lw	a1,24(s0)
    32ce:	86a6                	mv	a3,s1
    32d0:	864a                	mv	a2,s2
    32d2:	95a6                	add	a1,a1,s1
    32d4:	8522                	mv	a0,s0
    32d6:	375d                	jal	327c <prvInsertTimerInActiveList>
    32d8:	e119                	bnez	a0,32de <prvReloadTimer+0x1c>
    32da:	a60fd06f          	j	53a <__riscv_restore_0>
    32de:	4c1c                	lw	a5,24(s0)
    32e0:	8522                	mv	a0,s0
    32e2:	94be                	add	s1,s1,a5
    32e4:	501c                	lw	a5,32(s0)
    32e6:	9782                	jalr	a5
    32e8:	b7d5                	j	32cc <prvReloadTimer+0xa>

000032ea <prvProcessExpiredTimer>:
    32ea:	a2cfd2ef          	jal	t0,516 <__riscv_save_0>
    32ee:	200007b7          	lui	a5,0x20000
    32f2:	12c7a783          	lw	a5,300(a5) # 2000012c <pxCurrentTimerList>
    32f6:	1141                	addi	sp,sp,-16
    32f8:	84aa                	mv	s1,a0
    32fa:	47dc                	lw	a5,12(a5)
    32fc:	c62e                	sw	a1,12(sp)
    32fe:	47c0                	lw	s0,12(a5)
    3300:	00440513          	addi	a0,s0,4
    3304:	a8bfe0ef          	jal	ra,1d8e <uxListRemove>
    3308:	02444783          	lbu	a5,36(s0)
    330c:	4632                	lw	a2,12(sp)
    330e:	0047f713          	andi	a4,a5,4
    3312:	cb11                	beqz	a4,3326 <prvProcessExpiredTimer+0x3c>
    3314:	85a6                	mv	a1,s1
    3316:	8522                	mv	a0,s0
    3318:	376d                	jal	32c2 <prvReloadTimer>
    331a:	501c                	lw	a5,32(s0)
    331c:	8522                	mv	a0,s0
    331e:	9782                	jalr	a5
    3320:	0141                	addi	sp,sp,16
    3322:	a18fd06f          	j	53a <__riscv_restore_0>
    3326:	9bf9                	andi	a5,a5,-2
    3328:	02f40223          	sb	a5,36(s0)
    332c:	b7fd                	j	331a <prvProcessExpiredTimer+0x30>

0000332e <prvSwitchTimerLists>:
    332e:	9e8fd2ef          	jal	t0,516 <__riscv_save_0>
    3332:	20000437          	lui	s0,0x20000
    3336:	12c40693          	addi	a3,s0,300 # 2000012c <pxCurrentTimerList>
    333a:	4298                	lw	a4,0(a3)
    333c:	431c                	lw	a5,0(a4)
    333e:	eb91                	bnez	a5,3352 <prvSwitchTimerLists+0x24>
    3340:	200007b7          	lui	a5,0x20000
    3344:	13078793          	addi	a5,a5,304 # 20000130 <pxOverflowTimerList>
    3348:	4390                	lw	a2,0(a5)
    334a:	c398                	sw	a4,0(a5)
    334c:	c290                	sw	a2,0(a3)
    334e:	9ecfd06f          	j	53a <__riscv_restore_0>
    3352:	475c                	lw	a5,12(a4)
    3354:	55fd                	li	a1,-1
    3356:	4388                	lw	a0,0(a5)
    3358:	3f49                	jal	32ea <prvProcessExpiredTimer>
    335a:	bff1                	j	3336 <prvSwitchTimerLists+0x8>

0000335c <prvTimerTask>:
    335c:	992fd2ef          	jal	t0,4ee <__riscv_save_10>
    3360:	6915                	lui	s2,0x5
    3362:	1141                	addi	sp,sp,-16
    3364:	20000ab7          	lui	s5,0x20000
    3368:	200009b7          	lui	s3,0x20000
    336c:	20000b37          	lui	s6,0x20000
    3370:	20000bb7          	lui	s7,0x20000
    3374:	a7490913          	addi	s2,s2,-1420 # 4a74 <bitrate_table+0xc8>
    3378:	12caa783          	lw	a5,300(s5) # 2000012c <pxCurrentTimerList>
    337c:	4398                	lw	a4,0(a5)
    337e:	cb29                	beqz	a4,33d0 <prvTimerTask+0x74>
    3380:	47dc                	lw	a5,12(a5)
    3382:	4c81                	li	s9,0
    3384:	0007ac03          	lw	s8,0(a5)
    3388:	f58ff0ef          	jal	ra,2ae0 <vTaskSuspendAll>
    338c:	f64ff0ef          	jal	ra,2af0 <xTaskGetTickCount>
    3390:	1349a783          	lw	a5,308(s3) # 20000134 <xLastTime.6372>
    3394:	842a                	mv	s0,a0
    3396:	13498493          	addi	s1,s3,308
    339a:	138b0a13          	addi	s4,s6,312 # 20000138 <xTimerQueue>
    339e:	02f56c63          	bltu	a0,a5,33d6 <prvTimerTask+0x7a>
    33a2:	c088                	sw	a0,0(s1)
    33a4:	020c8f63          	beqz	s9,33e2 <prvTimerTask+0x86>
    33a8:	130ba783          	lw	a5,304(s7) # 20000130 <pxOverflowTimerList>
    33ac:	4390                	lw	a2,0(a5)
    33ae:	00163613          	seqz	a2,a2
    33b2:	000a2503          	lw	a0,0(s4)
    33b6:	408c05b3          	sub	a1,s8,s0
    33ba:	a44ff0ef          	jal	ra,25fe <vQueueWaitForMessageRestricted>
    33be:	8e5ff0ef          	jal	ra,2ca2 <xTaskResumeAll>
    33c2:	ed11                	bnez	a0,33de <prvTimerTask+0x82>
    33c4:	e000e7b7          	lui	a5,0xe000e
    33c8:	6711                	lui	a4,0x4
    33ca:	20e7a023          	sw	a4,512(a5) # e000e200 <__freertos_irq_stack_top+0xc0006200>
    33ce:	a801                	j	33de <prvTimerTask+0x82>
    33d0:	4c85                	li	s9,1
    33d2:	4c01                	li	s8,0
    33d4:	bf55                	j	3388 <prvTimerTask+0x2c>
    33d6:	3fa1                	jal	332e <prvSwitchTimerLists>
    33d8:	c080                	sw	s0,0(s1)
    33da:	8c9ff0ef          	jal	ra,2ca2 <xTaskResumeAll>
    33de:	4c21                	li	s8,8
    33e0:	a005                	j	3400 <prvTimerTask+0xa4>
    33e2:	4601                	li	a2,0
    33e4:	fd8567e3          	bltu	a0,s8,33b2 <prvTimerTask+0x56>
    33e8:	8bbff0ef          	jal	ra,2ca2 <xTaskResumeAll>
    33ec:	85a2                	mv	a1,s0
    33ee:	8562                	mv	a0,s8
    33f0:	3ded                	jal	32ea <prvProcessExpiredTimer>
    33f2:	b7f5                	j	33de <prvTimerTask+0x82>
    33f4:	4792                	lw	a5,4(sp)
    33f6:	45b2                	lw	a1,12(sp)
    33f8:	9782                	jalr	a5
    33fa:	4782                	lw	a5,0(sp)
    33fc:	0007dd63          	bgez	a5,3416 <prvTimerTask+0xba>
    3400:	000a2503          	lw	a0,0(s4)
    3404:	4601                	li	a2,0
    3406:	858a                	mv	a1,sp
    3408:	ef5fe0ef          	jal	ra,22fc <xQueueReceive>
    340c:	d535                	beqz	a0,3378 <prvTimerTask+0x1c>
    340e:	4782                	lw	a5,0(sp)
    3410:	4522                	lw	a0,8(sp)
    3412:	fe07c1e3          	bltz	a5,33f4 <prvTimerTask+0x98>
    3416:	4422                	lw	s0,8(sp)
    3418:	485c                	lw	a5,20(s0)
    341a:	e395                	bnez	a5,343e <prvTimerTask+0xe2>
    341c:	ed4ff0ef          	jal	ra,2af0 <xTaskGetTickCount>
    3420:	409c                	lw	a5,0(s1)
    3422:	8caa                	mv	s9,a0
    3424:	00f57363          	bgeu	a0,a5,342a <prvTimerTask+0xce>
    3428:	3719                	jal	332e <prvSwitchTimerLists>
    342a:	4782                	lw	a5,0(sp)
    342c:	0194a023          	sw	s9,0(s1)
    3430:	17fd                	addi	a5,a5,-1
    3432:	fcfc67e3          	bltu	s8,a5,3400 <prvTimerTask+0xa4>
    3436:	078a                	slli	a5,a5,0x2
    3438:	97ca                	add	a5,a5,s2
    343a:	439c                	lw	a5,0(a5)
    343c:	8782                	jr	a5
    343e:	00440513          	addi	a0,s0,4
    3442:	94dfe0ef          	jal	ra,1d8e <uxListRemove>
    3446:	bfd9                	j	341c <prvTimerTask+0xc0>
    3448:	02444783          	lbu	a5,36(s0)
    344c:	4c0c                	lw	a1,24(s0)
    344e:	4692                	lw	a3,4(sp)
    3450:	0017e793          	ori	a5,a5,1
    3454:	02f40223          	sb	a5,36(s0)
    3458:	8666                	mv	a2,s9
    345a:	95b6                	add	a1,a1,a3
    345c:	8522                	mv	a0,s0
    345e:	e1fff0ef          	jal	ra,327c <prvInsertTimerInActiveList>
    3462:	dd59                	beqz	a0,3400 <prvTimerTask+0xa4>
    3464:	02444783          	lbu	a5,36(s0)
    3468:	0047f713          	andi	a4,a5,4
    346c:	cf01                	beqz	a4,3484 <prvTimerTask+0x128>
    346e:	4c1c                	lw	a5,24(s0)
    3470:	4592                	lw	a1,4(sp)
    3472:	8666                	mv	a2,s9
    3474:	8522                	mv	a0,s0
    3476:	95be                	add	a1,a1,a5
    3478:	e4bff0ef          	jal	ra,32c2 <prvReloadTimer>
    347c:	501c                	lw	a5,32(s0)
    347e:	8522                	mv	a0,s0
    3480:	9782                	jalr	a5
    3482:	bfbd                	j	3400 <prvTimerTask+0xa4>
    3484:	9bf9                	andi	a5,a5,-2
    3486:	02f40223          	sb	a5,36(s0)
    348a:	bfcd                	j	347c <prvTimerTask+0x120>
    348c:	02444783          	lbu	a5,36(s0)
    3490:	9bf9                	andi	a5,a5,-2
    3492:	02f40223          	sb	a5,36(s0)
    3496:	b7ad                	j	3400 <prvTimerTask+0xa4>
    3498:	02444783          	lbu	a5,36(s0)
    349c:	4592                	lw	a1,4(sp)
    349e:	0017e793          	ori	a5,a5,1
    34a2:	02f40223          	sb	a5,36(s0)
    34a6:	cc0c                	sw	a1,24(s0)
    34a8:	e195                	bnez	a1,34cc <prvTimerTask+0x170>
    34aa:	67a1                	lui	a5,0x8
    34ac:	80078793          	addi	a5,a5,-2048 # 7800 <_data_lma+0x2ca4>
    34b0:	30079073          	csrw	mstatus,a5
    34b4:	00005637          	lui	a2,0x5
    34b8:	00005537          	lui	a0,0x5
    34bc:	aa060613          	addi	a2,a2,-1376 # 4aa0 <bitrate_table+0xf4>
    34c0:	35900593          	li	a1,857
    34c4:	9f850513          	addi	a0,a0,-1544 # 49f8 <bitrate_table+0x4c>
    34c8:	2a4d                	jal	367a <iprintf>
    34ca:	a001                	j	34ca <prvTimerTask+0x16e>
    34cc:	86e6                	mv	a3,s9
    34ce:	8666                	mv	a2,s9
    34d0:	95e6                	add	a1,a1,s9
    34d2:	8522                	mv	a0,s0
    34d4:	da9ff0ef          	jal	ra,327c <prvInsertTimerInActiveList>
    34d8:	b725                	j	3400 <prvTimerTask+0xa4>
    34da:	02444783          	lbu	a5,36(s0)
    34de:	0027f713          	andi	a4,a5,2
    34e2:	f75d                	bnez	a4,3490 <prvTimerTask+0x134>
    34e4:	8522                	mv	a0,s0
    34e6:	e4cfe0ef          	jal	ra,1b32 <vPortFree>
    34ea:	bf19                	j	3400 <prvTimerTask+0xa4>

000034ec <xTimerCreateTimerTask>:
    34ec:	82afd2ef          	jal	t0,516 <__riscv_save_0>
    34f0:	1141                	addi	sp,sp,-16
    34f2:	d15ff0ef          	jal	ra,3206 <prvCheckForValidListAndQueue>
    34f6:	200007b7          	lui	a5,0x20000
    34fa:	1387a783          	lw	a5,312(a5) # 20000138 <xTimerQueue>
    34fe:	cf85                	beqz	a5,3536 <xTimerCreateTimerTask+0x4a>
    3500:	0070                	addi	a2,sp,12
    3502:	002c                	addi	a1,sp,8
    3504:	0048                	addi	a0,sp,4
    3506:	c202                	sw	zero,4(sp)
    3508:	c402                	sw	zero,8(sp)
    350a:	d0efd0ef          	jal	ra,a18 <vApplicationGetTimerTaskMemory>
    350e:	47a2                	lw	a5,8(sp)
    3510:	4812                	lw	a6,4(sp)
    3512:	4632                	lw	a2,12(sp)
    3514:	000055b7          	lui	a1,0x5
    3518:	00003537          	lui	a0,0x3
    351c:	4739                	li	a4,14
    351e:	4681                	li	a3,0
    3520:	ab858593          	addi	a1,a1,-1352 # 4ab8 <bitrate_table+0x10c>
    3524:	35c50513          	addi	a0,a0,860 # 335c <prvTimerTask>
    3528:	c78ff0ef          	jal	ra,29a0 <xTaskCreateStatic>
    352c:	200007b7          	lui	a5,0x20000
    3530:	12a7ae23          	sw	a0,316(a5) # 2000013c <xTimerTaskHandle>
    3534:	e115                	bnez	a0,3558 <xTimerCreateTimerTask+0x6c>
    3536:	67a1                	lui	a5,0x8
    3538:	80078793          	addi	a5,a5,-2048 # 7800 <_data_lma+0x2ca4>
    353c:	30079073          	csrw	mstatus,a5
    3540:	00005637          	lui	a2,0x5
    3544:	00005537          	lui	a0,0x5
    3548:	aa060613          	addi	a2,a2,-1376 # 4aa0 <bitrate_table+0xf4>
    354c:	11900593          	li	a1,281
    3550:	9f850513          	addi	a0,a0,-1544 # 49f8 <bitrate_table+0x4c>
    3554:	221d                	jal	367a <iprintf>
    3556:	a001                	j	3556 <xTimerCreateTimerTask+0x6a>
    3558:	4505                	li	a0,1
    355a:	0141                	addi	sp,sp,16
    355c:	fdffc06f          	j	53a <__riscv_restore_0>

00003560 <_write>:
    3560:	f9dfc2ef          	jal	t0,4fc <__riscv_save_4>
    3564:	400144b7          	lui	s1,0x40014
    3568:	89ae                	mv	s3,a1
    356a:	8932                	mv	s2,a2
    356c:	4401                	li	s0,0
    356e:	80048493          	addi	s1,s1,-2048 # 40013800 <__freertos_irq_stack_top+0x2000b800>
    3572:	01244563          	blt	s0,s2,357c <_write+0x1c>
    3576:	854a                	mv	a0,s2
    3578:	fb9fc06f          	j	530 <__riscv_restore_4>
    357c:	04000593          	li	a1,64
    3580:	8526                	mv	a0,s1
    3582:	863fd0ef          	jal	ra,de4 <USART_GetFlagStatus>
    3586:	d97d                	beqz	a0,357c <_write+0x1c>
    3588:	008987b3          	add	a5,s3,s0
    358c:	00078583          	lb	a1,0(a5)
    3590:	8526                	mv	a0,s1
    3592:	0405                	addi	s0,s0,1
    3594:	05c2                	slli	a1,a1,0x10
    3596:	81c1                	srli	a1,a1,0x10
    3598:	845fd0ef          	jal	ra,ddc <USART_SendData>
    359c:	bfd9                	j	3572 <_write+0x12>

0000359e <_sbrk>:
    359e:	81818713          	addi	a4,gp,-2024 # 200000a8 <curbrk.5276>
    35a2:	431c                	lw	a5,0(a4)
    35a4:	200016b7          	lui	a3,0x20001
    35a8:	13468693          	addi	a3,a3,308 # 20001134 <_ebss>
    35ac:	953e                	add	a0,a0,a5
    35ae:	00d56b63          	bltu	a0,a3,35c4 <_sbrk+0x26>
    35b2:	200086b7          	lui	a3,0x20008
    35b6:	80068693          	addi	a3,a3,-2048 # 20007800 <_heap_end>
    35ba:	00a6e563          	bltu	a3,a0,35c4 <_sbrk+0x26>
    35be:	c308                	sw	a0,0(a4)
    35c0:	853e                	mv	a0,a5
    35c2:	8082                	ret
    35c4:	57fd                	li	a5,-1
    35c6:	bfed                	j	35c0 <_sbrk+0x22>

000035c8 <memcpy>:
    35c8:	00a5c7b3          	xor	a5,a1,a0
    35cc:	8b8d                	andi	a5,a5,3
    35ce:	00c50733          	add	a4,a0,a2
    35d2:	e781                	bnez	a5,35da <memcpy+0x12>
    35d4:	478d                	li	a5,3
    35d6:	00c7ed63          	bltu	a5,a2,35f0 <memcpy+0x28>
    35da:	87aa                	mv	a5,a0
    35dc:	08e57e63          	bgeu	a0,a4,3678 <memcpy+0xb0>
    35e0:	2194                	lbu	a3,0(a1)
    35e2:	0785                	addi	a5,a5,1
    35e4:	0585                	addi	a1,a1,1
    35e6:	fed78fa3          	sb	a3,-1(a5)
    35ea:	fee7ebe3          	bltu	a5,a4,35e0 <memcpy+0x18>
    35ee:	8082                	ret
    35f0:	00357693          	andi	a3,a0,3
    35f4:	87aa                	mv	a5,a0
    35f6:	ca89                	beqz	a3,3608 <memcpy+0x40>
    35f8:	2194                	lbu	a3,0(a1)
    35fa:	0785                	addi	a5,a5,1
    35fc:	0585                	addi	a1,a1,1
    35fe:	fed78fa3          	sb	a3,-1(a5)
    3602:	0037f693          	andi	a3,a5,3
    3606:	bfc5                	j	35f6 <memcpy+0x2e>
    3608:	ffc77693          	andi	a3,a4,-4
    360c:	fe068613          	addi	a2,a3,-32
    3610:	06c7f063          	bgeu	a5,a2,3670 <memcpy+0xa8>
    3614:	0005a383          	lw	t2,0(a1)
    3618:	0045a283          	lw	t0,4(a1)
    361c:	0085af83          	lw	t6,8(a1)
    3620:	00c5af03          	lw	t5,12(a1)
    3624:	0105ae83          	lw	t4,16(a1)
    3628:	0145ae03          	lw	t3,20(a1)
    362c:	0185a303          	lw	t1,24(a1)
    3630:	01c5a883          	lw	a7,28(a1)
    3634:	02458593          	addi	a1,a1,36
    3638:	0077a023          	sw	t2,0(a5)
    363c:	ffc5a803          	lw	a6,-4(a1)
    3640:	0057a223          	sw	t0,4(a5)
    3644:	01f7a423          	sw	t6,8(a5)
    3648:	01e7a623          	sw	t5,12(a5)
    364c:	01d7a823          	sw	t4,16(a5)
    3650:	01c7aa23          	sw	t3,20(a5)
    3654:	0067ac23          	sw	t1,24(a5)
    3658:	0117ae23          	sw	a7,28(a5)
    365c:	02478793          	addi	a5,a5,36
    3660:	ff07ae23          	sw	a6,-4(a5)
    3664:	b775                	j	3610 <memcpy+0x48>
    3666:	4190                	lw	a2,0(a1)
    3668:	0791                	addi	a5,a5,4
    366a:	0591                	addi	a1,a1,4
    366c:	fec7ae23          	sw	a2,-4(a5)
    3670:	fed7ebe3          	bltu	a5,a3,3666 <memcpy+0x9e>
    3674:	f6e7e6e3          	bltu	a5,a4,35e0 <memcpy+0x18>
    3678:	8082                	ret

0000367a <iprintf>:
    367a:	7139                	addi	sp,sp,-64
    367c:	da3e                	sw	a5,52(sp)
    367e:	d22e                	sw	a1,36(sp)
    3680:	d432                	sw	a2,40(sp)
    3682:	d636                	sw	a3,44(sp)
    3684:	d83a                	sw	a4,48(sp)
    3686:	dc42                	sw	a6,56(sp)
    3688:	de46                	sw	a7,60(sp)
    368a:	81c18793          	addi	a5,gp,-2020 # 200000ac <_impure_ptr>
    368e:	cc22                	sw	s0,24(sp)
    3690:	4380                	lw	s0,0(a5)
    3692:	ca26                	sw	s1,20(sp)
    3694:	ce06                	sw	ra,28(sp)
    3696:	84aa                	mv	s1,a0
    3698:	c409                	beqz	s0,36a2 <iprintf+0x28>
    369a:	4c1c                	lw	a5,24(s0)
    369c:	e399                	bnez	a5,36a2 <iprintf+0x28>
    369e:	8522                	mv	a0,s0
    36a0:	29fd                	jal	3b9e <__sinit>
    36a2:	440c                	lw	a1,8(s0)
    36a4:	1054                	addi	a3,sp,36
    36a6:	8626                	mv	a2,s1
    36a8:	8522                	mv	a0,s0
    36aa:	c636                	sw	a3,12(sp)
    36ac:	151000ef          	jal	ra,3ffc <_vfiprintf_r>
    36b0:	40f2                	lw	ra,28(sp)
    36b2:	4462                	lw	s0,24(sp)
    36b4:	44d2                	lw	s1,20(sp)
    36b6:	6121                	addi	sp,sp,64
    36b8:	8082                	ret

000036ba <_puts_r>:
    36ba:	1101                	addi	sp,sp,-32
    36bc:	ca26                	sw	s1,20(sp)
    36be:	c84a                	sw	s2,16(sp)
    36c0:	ce06                	sw	ra,28(sp)
    36c2:	cc22                	sw	s0,24(sp)
    36c4:	c64e                	sw	s3,12(sp)
    36c6:	c452                	sw	s4,8(sp)
    36c8:	84aa                	mv	s1,a0
    36ca:	892e                	mv	s2,a1
    36cc:	c501                	beqz	a0,36d4 <_puts_r+0x1a>
    36ce:	4d1c                	lw	a5,24(a0)
    36d0:	e391                	bnez	a5,36d4 <_puts_r+0x1a>
    36d2:	21f1                	jal	3b9e <__sinit>
    36d4:	4c9c                	lw	a5,24(s1)
    36d6:	4480                	lw	s0,8(s1)
    36d8:	e399                	bnez	a5,36de <_puts_r+0x24>
    36da:	8526                	mv	a0,s1
    36dc:	21c9                	jal	3b9e <__sinit>
    36de:	00001797          	auipc	a5,0x1
    36e2:	40278793          	addi	a5,a5,1026 # 4ae0 <__sf_fake_stdin>
    36e6:	02f41b63          	bne	s0,a5,371c <_puts_r+0x62>
    36ea:	40c0                	lw	s0,4(s1)
    36ec:	245e                	lhu	a5,12(s0)
    36ee:	8ba1                	andi	a5,a5,8
    36f0:	c7b1                	beqz	a5,373c <_puts_r+0x82>
    36f2:	481c                	lw	a5,16(s0)
    36f4:	c7a1                	beqz	a5,373c <_puts_r+0x82>
    36f6:	59fd                	li	s3,-1
    36f8:	4a29                	li	s4,10
    36fa:	441c                	lw	a5,8(s0)
    36fc:	00094583          	lbu	a1,0(s2)
    3700:	17fd                	addi	a5,a5,-1
    3702:	e9b1                	bnez	a1,3756 <_puts_r+0x9c>
    3704:	c41c                	sw	a5,8(s0)
    3706:	0607dd63          	bgez	a5,3780 <_puts_r+0xc6>
    370a:	8622                	mv	a2,s0
    370c:	45a9                	li	a1,10
    370e:	8526                	mv	a0,s1
    3710:	2069                	jal	379a <__swbuf_r>
    3712:	57fd                	li	a5,-1
    3714:	02f50863          	beq	a0,a5,3744 <_puts_r+0x8a>
    3718:	4529                	li	a0,10
    371a:	a035                	j	3746 <_puts_r+0x8c>
    371c:	00001797          	auipc	a5,0x1
    3720:	3e478793          	addi	a5,a5,996 # 4b00 <__sf_fake_stdout>
    3724:	00f41463          	bne	s0,a5,372c <_puts_r+0x72>
    3728:	4480                	lw	s0,8(s1)
    372a:	b7c9                	j	36ec <_puts_r+0x32>
    372c:	00001797          	auipc	a5,0x1
    3730:	39478793          	addi	a5,a5,916 # 4ac0 <__sf_fake_stderr>
    3734:	faf41ce3          	bne	s0,a5,36ec <_puts_r+0x32>
    3738:	44c0                	lw	s0,12(s1)
    373a:	bf4d                	j	36ec <_puts_r+0x32>
    373c:	85a2                	mv	a1,s0
    373e:	8526                	mv	a0,s1
    3740:	2a19                	jal	3856 <__swsetup_r>
    3742:	d955                	beqz	a0,36f6 <_puts_r+0x3c>
    3744:	557d                	li	a0,-1
    3746:	40f2                	lw	ra,28(sp)
    3748:	4462                	lw	s0,24(sp)
    374a:	44d2                	lw	s1,20(sp)
    374c:	4942                	lw	s2,16(sp)
    374e:	49b2                	lw	s3,12(sp)
    3750:	4a22                	lw	s4,8(sp)
    3752:	6105                	addi	sp,sp,32
    3754:	8082                	ret
    3756:	c41c                	sw	a5,8(s0)
    3758:	0905                	addi	s2,s2,1
    375a:	0007d763          	bgez	a5,3768 <_puts_r+0xae>
    375e:	4c18                	lw	a4,24(s0)
    3760:	00e7ca63          	blt	a5,a4,3774 <_puts_r+0xba>
    3764:	01458863          	beq	a1,s4,3774 <_puts_r+0xba>
    3768:	401c                	lw	a5,0(s0)
    376a:	00178713          	addi	a4,a5,1
    376e:	c018                	sw	a4,0(s0)
    3770:	a38c                	sb	a1,0(a5)
    3772:	b761                	j	36fa <_puts_r+0x40>
    3774:	8622                	mv	a2,s0
    3776:	8526                	mv	a0,s1
    3778:	200d                	jal	379a <__swbuf_r>
    377a:	f93510e3          	bne	a0,s3,36fa <_puts_r+0x40>
    377e:	b7d9                	j	3744 <_puts_r+0x8a>
    3780:	401c                	lw	a5,0(s0)
    3782:	00178713          	addi	a4,a5,1
    3786:	c018                	sw	a4,0(s0)
    3788:	4729                	li	a4,10
    378a:	a398                	sb	a4,0(a5)
    378c:	b771                	j	3718 <_puts_r+0x5e>

0000378e <puts>:
    378e:	81c18793          	addi	a5,gp,-2020 # 200000ac <_impure_ptr>
    3792:	85aa                	mv	a1,a0
    3794:	4388                	lw	a0,0(a5)
    3796:	f25ff06f          	j	36ba <_puts_r>

0000379a <__swbuf_r>:
    379a:	1101                	addi	sp,sp,-32
    379c:	cc22                	sw	s0,24(sp)
    379e:	ca26                	sw	s1,20(sp)
    37a0:	c84a                	sw	s2,16(sp)
    37a2:	ce06                	sw	ra,28(sp)
    37a4:	c64e                	sw	s3,12(sp)
    37a6:	84aa                	mv	s1,a0
    37a8:	892e                	mv	s2,a1
    37aa:	8432                	mv	s0,a2
    37ac:	c501                	beqz	a0,37b4 <__swbuf_r+0x1a>
    37ae:	4d1c                	lw	a5,24(a0)
    37b0:	e391                	bnez	a5,37b4 <__swbuf_r+0x1a>
    37b2:	26f5                	jal	3b9e <__sinit>
    37b4:	00001797          	auipc	a5,0x1
    37b8:	32c78793          	addi	a5,a5,812 # 4ae0 <__sf_fake_stdin>
    37bc:	06f41763          	bne	s0,a5,382a <__swbuf_r+0x90>
    37c0:	40c0                	lw	s0,4(s1)
    37c2:	4c1c                	lw	a5,24(s0)
    37c4:	c41c                	sw	a5,8(s0)
    37c6:	245e                	lhu	a5,12(s0)
    37c8:	8ba1                	andi	a5,a5,8
    37ca:	c3c1                	beqz	a5,384a <__swbuf_r+0xb0>
    37cc:	481c                	lw	a5,16(s0)
    37ce:	cfb5                	beqz	a5,384a <__swbuf_r+0xb0>
    37d0:	481c                	lw	a5,16(s0)
    37d2:	4008                	lw	a0,0(s0)
    37d4:	0ff97993          	andi	s3,s2,255
    37d8:	0ff97913          	andi	s2,s2,255
    37dc:	8d1d                	sub	a0,a0,a5
    37de:	485c                	lw	a5,20(s0)
    37e0:	00f54663          	blt	a0,a5,37ec <__swbuf_r+0x52>
    37e4:	85a2                	mv	a1,s0
    37e6:	8526                	mv	a0,s1
    37e8:	2c69                	jal	3a82 <_fflush_r>
    37ea:	e525                	bnez	a0,3852 <__swbuf_r+0xb8>
    37ec:	441c                	lw	a5,8(s0)
    37ee:	0505                	addi	a0,a0,1
    37f0:	17fd                	addi	a5,a5,-1
    37f2:	c41c                	sw	a5,8(s0)
    37f4:	401c                	lw	a5,0(s0)
    37f6:	00178713          	addi	a4,a5,1
    37fa:	c018                	sw	a4,0(s0)
    37fc:	01378023          	sb	s3,0(a5)
    3800:	485c                	lw	a5,20(s0)
    3802:	00a78863          	beq	a5,a0,3812 <__swbuf_r+0x78>
    3806:	245e                	lhu	a5,12(s0)
    3808:	8b85                	andi	a5,a5,1
    380a:	cb81                	beqz	a5,381a <__swbuf_r+0x80>
    380c:	47a9                	li	a5,10
    380e:	00f91663          	bne	s2,a5,381a <__swbuf_r+0x80>
    3812:	85a2                	mv	a1,s0
    3814:	8526                	mv	a0,s1
    3816:	24b5                	jal	3a82 <_fflush_r>
    3818:	ed0d                	bnez	a0,3852 <__swbuf_r+0xb8>
    381a:	40f2                	lw	ra,28(sp)
    381c:	4462                	lw	s0,24(sp)
    381e:	854a                	mv	a0,s2
    3820:	44d2                	lw	s1,20(sp)
    3822:	4942                	lw	s2,16(sp)
    3824:	49b2                	lw	s3,12(sp)
    3826:	6105                	addi	sp,sp,32
    3828:	8082                	ret
    382a:	00001797          	auipc	a5,0x1
    382e:	2d678793          	addi	a5,a5,726 # 4b00 <__sf_fake_stdout>
    3832:	00f41463          	bne	s0,a5,383a <__swbuf_r+0xa0>
    3836:	4480                	lw	s0,8(s1)
    3838:	b769                	j	37c2 <__swbuf_r+0x28>
    383a:	00001797          	auipc	a5,0x1
    383e:	28678793          	addi	a5,a5,646 # 4ac0 <__sf_fake_stderr>
    3842:	f8f410e3          	bne	s0,a5,37c2 <__swbuf_r+0x28>
    3846:	44c0                	lw	s0,12(s1)
    3848:	bfad                	j	37c2 <__swbuf_r+0x28>
    384a:	85a2                	mv	a1,s0
    384c:	8526                	mv	a0,s1
    384e:	2021                	jal	3856 <__swsetup_r>
    3850:	d141                	beqz	a0,37d0 <__swbuf_r+0x36>
    3852:	597d                	li	s2,-1
    3854:	b7d9                	j	381a <__swbuf_r+0x80>

00003856 <__swsetup_r>:
    3856:	1141                	addi	sp,sp,-16
    3858:	81c18793          	addi	a5,gp,-2020 # 200000ac <_impure_ptr>
    385c:	c226                	sw	s1,4(sp)
    385e:	4384                	lw	s1,0(a5)
    3860:	c422                	sw	s0,8(sp)
    3862:	c04a                	sw	s2,0(sp)
    3864:	c606                	sw	ra,12(sp)
    3866:	892a                	mv	s2,a0
    3868:	842e                	mv	s0,a1
    386a:	c489                	beqz	s1,3874 <__swsetup_r+0x1e>
    386c:	4c9c                	lw	a5,24(s1)
    386e:	e399                	bnez	a5,3874 <__swsetup_r+0x1e>
    3870:	8526                	mv	a0,s1
    3872:	2635                	jal	3b9e <__sinit>
    3874:	00001797          	auipc	a5,0x1
    3878:	26c78793          	addi	a5,a5,620 # 4ae0 <__sf_fake_stdin>
    387c:	02f41b63          	bne	s0,a5,38b2 <__swsetup_r+0x5c>
    3880:	40c0                	lw	s0,4(s1)
    3882:	00c41703          	lh	a4,12(s0)
    3886:	01071793          	slli	a5,a4,0x10
    388a:	83c1                	srli	a5,a5,0x10
    388c:	0087f693          	andi	a3,a5,8
    3890:	eaad                	bnez	a3,3902 <__swsetup_r+0xac>
    3892:	0107f693          	andi	a3,a5,16
    3896:	ee95                	bnez	a3,38d2 <__swsetup_r+0x7c>
    3898:	47a5                	li	a5,9
    389a:	00f92023          	sw	a5,0(s2)
    389e:	04076713          	ori	a4,a4,64
    38a2:	a45a                	sh	a4,12(s0)
    38a4:	557d                	li	a0,-1
    38a6:	40b2                	lw	ra,12(sp)
    38a8:	4422                	lw	s0,8(sp)
    38aa:	4492                	lw	s1,4(sp)
    38ac:	4902                	lw	s2,0(sp)
    38ae:	0141                	addi	sp,sp,16
    38b0:	8082                	ret
    38b2:	00001797          	auipc	a5,0x1
    38b6:	24e78793          	addi	a5,a5,590 # 4b00 <__sf_fake_stdout>
    38ba:	00f41463          	bne	s0,a5,38c2 <__swsetup_r+0x6c>
    38be:	4480                	lw	s0,8(s1)
    38c0:	b7c9                	j	3882 <__swsetup_r+0x2c>
    38c2:	00001797          	auipc	a5,0x1
    38c6:	1fe78793          	addi	a5,a5,510 # 4ac0 <__sf_fake_stderr>
    38ca:	faf41ce3          	bne	s0,a5,3882 <__swsetup_r+0x2c>
    38ce:	44c0                	lw	s0,12(s1)
    38d0:	bf4d                	j	3882 <__swsetup_r+0x2c>
    38d2:	8b91                	andi	a5,a5,4
    38d4:	c39d                	beqz	a5,38fa <__swsetup_r+0xa4>
    38d6:	584c                	lw	a1,52(s0)
    38d8:	c989                	beqz	a1,38ea <__swsetup_r+0x94>
    38da:	04440793          	addi	a5,s0,68
    38de:	00f58463          	beq	a1,a5,38e6 <__swsetup_r+0x90>
    38e2:	854a                	mv	a0,s2
    38e4:	2b29                	jal	3dfe <_free_r>
    38e6:	02042a23          	sw	zero,52(s0)
    38ea:	245e                	lhu	a5,12(s0)
    38ec:	00042223          	sw	zero,4(s0)
    38f0:	fdb7f793          	andi	a5,a5,-37
    38f4:	a45e                	sh	a5,12(s0)
    38f6:	481c                	lw	a5,16(s0)
    38f8:	c01c                	sw	a5,0(s0)
    38fa:	245e                	lhu	a5,12(s0)
    38fc:	0087e793          	ori	a5,a5,8
    3900:	a45e                	sh	a5,12(s0)
    3902:	481c                	lw	a5,16(s0)
    3904:	eb99                	bnez	a5,391a <__swsetup_r+0xc4>
    3906:	245e                	lhu	a5,12(s0)
    3908:	20000713          	li	a4,512
    390c:	2807f793          	andi	a5,a5,640
    3910:	00e78563          	beq	a5,a4,391a <__swsetup_r+0xc4>
    3914:	85a2                	mv	a1,s0
    3916:	854a                	mv	a0,s2
    3918:	2991                	jal	3d6c <__smakebuf_r>
    391a:	245e                	lhu	a5,12(s0)
    391c:	0017f713          	andi	a4,a5,1
    3920:	c31d                	beqz	a4,3946 <__swsetup_r+0xf0>
    3922:	485c                	lw	a5,20(s0)
    3924:	00042423          	sw	zero,8(s0)
    3928:	40f007b3          	neg	a5,a5
    392c:	cc1c                	sw	a5,24(s0)
    392e:	481c                	lw	a5,16(s0)
    3930:	4501                	li	a0,0
    3932:	fbb5                	bnez	a5,38a6 <__swsetup_r+0x50>
    3934:	00c41783          	lh	a5,12(s0)
    3938:	0807f713          	andi	a4,a5,128
    393c:	d72d                	beqz	a4,38a6 <__swsetup_r+0x50>
    393e:	0407e793          	ori	a5,a5,64
    3942:	a45e                	sh	a5,12(s0)
    3944:	b785                	j	38a4 <__swsetup_r+0x4e>
    3946:	8b89                	andi	a5,a5,2
    3948:	4701                	li	a4,0
    394a:	e391                	bnez	a5,394e <__swsetup_r+0xf8>
    394c:	4858                	lw	a4,20(s0)
    394e:	c418                	sw	a4,8(s0)
    3950:	bff9                	j	392e <__swsetup_r+0xd8>

00003952 <__sflush_r>:
    3952:	25de                	lhu	a5,12(a1)
    3954:	1101                	addi	sp,sp,-32
    3956:	cc22                	sw	s0,24(sp)
    3958:	ca26                	sw	s1,20(sp)
    395a:	ce06                	sw	ra,28(sp)
    395c:	c84a                	sw	s2,16(sp)
    395e:	c64e                	sw	s3,12(sp)
    3960:	0087f713          	andi	a4,a5,8
    3964:	84aa                	mv	s1,a0
    3966:	842e                	mv	s0,a1
    3968:	eb79                	bnez	a4,3a3e <__sflush_r+0xec>
    396a:	41d8                	lw	a4,4(a1)
    396c:	00e04d63          	bgtz	a4,3986 <__sflush_r+0x34>
    3970:	41b8                	lw	a4,64(a1)
    3972:	00e04a63          	bgtz	a4,3986 <__sflush_r+0x34>
    3976:	4501                	li	a0,0
    3978:	40f2                	lw	ra,28(sp)
    397a:	4462                	lw	s0,24(sp)
    397c:	44d2                	lw	s1,20(sp)
    397e:	4942                	lw	s2,16(sp)
    3980:	49b2                	lw	s3,12(sp)
    3982:	6105                	addi	sp,sp,32
    3984:	8082                	ret
    3986:	5458                	lw	a4,44(s0)
    3988:	d77d                	beqz	a4,3976 <__sflush_r+0x24>
    398a:	0004a903          	lw	s2,0(s1)
    398e:	01379693          	slli	a3,a5,0x13
    3992:	0004a023          	sw	zero,0(s1)
    3996:	0606db63          	bgez	a3,3a0c <__sflush_r+0xba>
    399a:	4870                	lw	a2,84(s0)
    399c:	245e                	lhu	a5,12(s0)
    399e:	8b91                	andi	a5,a5,4
    39a0:	c799                	beqz	a5,39ae <__sflush_r+0x5c>
    39a2:	405c                	lw	a5,4(s0)
    39a4:	8e1d                	sub	a2,a2,a5
    39a6:	585c                	lw	a5,52(s0)
    39a8:	c399                	beqz	a5,39ae <__sflush_r+0x5c>
    39aa:	403c                	lw	a5,64(s0)
    39ac:	8e1d                	sub	a2,a2,a5
    39ae:	545c                	lw	a5,44(s0)
    39b0:	500c                	lw	a1,32(s0)
    39b2:	4681                	li	a3,0
    39b4:	8526                	mv	a0,s1
    39b6:	9782                	jalr	a5
    39b8:	57fd                	li	a5,-1
    39ba:	245a                	lhu	a4,12(s0)
    39bc:	00f51d63          	bne	a0,a5,39d6 <__sflush_r+0x84>
    39c0:	4094                	lw	a3,0(s1)
    39c2:	47f5                	li	a5,29
    39c4:	06d7e863          	bltu	a5,a3,3a34 <__sflush_r+0xe2>
    39c8:	204007b7          	lui	a5,0x20400
    39cc:	0785                	addi	a5,a5,1
    39ce:	00d7d7b3          	srl	a5,a5,a3
    39d2:	8b85                	andi	a5,a5,1
    39d4:	c3a5                	beqz	a5,3a34 <__sflush_r+0xe2>
    39d6:	481c                	lw	a5,16(s0)
    39d8:	00042223          	sw	zero,4(s0)
    39dc:	c01c                	sw	a5,0(s0)
    39de:	01371793          	slli	a5,a4,0x13
    39e2:	0007d863          	bgez	a5,39f2 <__sflush_r+0xa0>
    39e6:	57fd                	li	a5,-1
    39e8:	00f51463          	bne	a0,a5,39f0 <__sflush_r+0x9e>
    39ec:	409c                	lw	a5,0(s1)
    39ee:	e391                	bnez	a5,39f2 <__sflush_r+0xa0>
    39f0:	c868                	sw	a0,84(s0)
    39f2:	584c                	lw	a1,52(s0)
    39f4:	0124a023          	sw	s2,0(s1)
    39f8:	ddbd                	beqz	a1,3976 <__sflush_r+0x24>
    39fa:	04440793          	addi	a5,s0,68
    39fe:	00f58463          	beq	a1,a5,3a06 <__sflush_r+0xb4>
    3a02:	8526                	mv	a0,s1
    3a04:	2eed                	jal	3dfe <_free_r>
    3a06:	02042a23          	sw	zero,52(s0)
    3a0a:	b7b5                	j	3976 <__sflush_r+0x24>
    3a0c:	500c                	lw	a1,32(s0)
    3a0e:	4601                	li	a2,0
    3a10:	4685                	li	a3,1
    3a12:	8526                	mv	a0,s1
    3a14:	9702                	jalr	a4
    3a16:	57fd                	li	a5,-1
    3a18:	862a                	mv	a2,a0
    3a1a:	f8f511e3          	bne	a0,a5,399c <__sflush_r+0x4a>
    3a1e:	409c                	lw	a5,0(s1)
    3a20:	dfb5                	beqz	a5,399c <__sflush_r+0x4a>
    3a22:	4775                	li	a4,29
    3a24:	00e78563          	beq	a5,a4,3a2e <__sflush_r+0xdc>
    3a28:	4759                	li	a4,22
    3a2a:	04e79363          	bne	a5,a4,3a70 <__sflush_r+0x11e>
    3a2e:	0124a023          	sw	s2,0(s1)
    3a32:	b791                	j	3976 <__sflush_r+0x24>
    3a34:	04076713          	ori	a4,a4,64
    3a38:	a45a                	sh	a4,12(s0)
    3a3a:	557d                	li	a0,-1
    3a3c:	bf35                	j	3978 <__sflush_r+0x26>
    3a3e:	0105a983          	lw	s3,16(a1)
    3a42:	f2098ae3          	beqz	s3,3976 <__sflush_r+0x24>
    3a46:	0005a903          	lw	s2,0(a1)
    3a4a:	8b8d                	andi	a5,a5,3
    3a4c:	0135a023          	sw	s3,0(a1)
    3a50:	41390933          	sub	s2,s2,s3
    3a54:	4701                	li	a4,0
    3a56:	e391                	bnez	a5,3a5a <__sflush_r+0x108>
    3a58:	49d8                	lw	a4,20(a1)
    3a5a:	c418                	sw	a4,8(s0)
    3a5c:	f1205de3          	blez	s2,3976 <__sflush_r+0x24>
    3a60:	541c                	lw	a5,40(s0)
    3a62:	500c                	lw	a1,32(s0)
    3a64:	86ca                	mv	a3,s2
    3a66:	864e                	mv	a2,s3
    3a68:	8526                	mv	a0,s1
    3a6a:	9782                	jalr	a5
    3a6c:	00a04763          	bgtz	a0,3a7a <__sflush_r+0x128>
    3a70:	245e                	lhu	a5,12(s0)
    3a72:	0407e793          	ori	a5,a5,64
    3a76:	a45e                	sh	a5,12(s0)
    3a78:	b7c9                	j	3a3a <__sflush_r+0xe8>
    3a7a:	99aa                	add	s3,s3,a0
    3a7c:	40a90933          	sub	s2,s2,a0
    3a80:	bff1                	j	3a5c <__sflush_r+0x10a>

00003a82 <_fflush_r>:
    3a82:	499c                	lw	a5,16(a1)
    3a84:	c3a5                	beqz	a5,3ae4 <_fflush_r+0x62>
    3a86:	1101                	addi	sp,sp,-32
    3a88:	cc22                	sw	s0,24(sp)
    3a8a:	ce06                	sw	ra,28(sp)
    3a8c:	842a                	mv	s0,a0
    3a8e:	c511                	beqz	a0,3a9a <_fflush_r+0x18>
    3a90:	4d1c                	lw	a5,24(a0)
    3a92:	e781                	bnez	a5,3a9a <_fflush_r+0x18>
    3a94:	c62e                	sw	a1,12(sp)
    3a96:	2221                	jal	3b9e <__sinit>
    3a98:	45b2                	lw	a1,12(sp)
    3a9a:	00001797          	auipc	a5,0x1
    3a9e:	04678793          	addi	a5,a5,70 # 4ae0 <__sf_fake_stdin>
    3aa2:	00f59c63          	bne	a1,a5,3aba <_fflush_r+0x38>
    3aa6:	404c                	lw	a1,4(s0)
    3aa8:	00c59783          	lh	a5,12(a1)
    3aac:	c79d                	beqz	a5,3ada <_fflush_r+0x58>
    3aae:	8522                	mv	a0,s0
    3ab0:	4462                	lw	s0,24(sp)
    3ab2:	40f2                	lw	ra,28(sp)
    3ab4:	6105                	addi	sp,sp,32
    3ab6:	e9dff06f          	j	3952 <__sflush_r>
    3aba:	00001797          	auipc	a5,0x1
    3abe:	04678793          	addi	a5,a5,70 # 4b00 <__sf_fake_stdout>
    3ac2:	00f59463          	bne	a1,a5,3aca <_fflush_r+0x48>
    3ac6:	440c                	lw	a1,8(s0)
    3ac8:	b7c5                	j	3aa8 <_fflush_r+0x26>
    3aca:	00001797          	auipc	a5,0x1
    3ace:	ff678793          	addi	a5,a5,-10 # 4ac0 <__sf_fake_stderr>
    3ad2:	fcf59be3          	bne	a1,a5,3aa8 <_fflush_r+0x26>
    3ad6:	444c                	lw	a1,12(s0)
    3ad8:	bfc1                	j	3aa8 <_fflush_r+0x26>
    3ada:	40f2                	lw	ra,28(sp)
    3adc:	4462                	lw	s0,24(sp)
    3ade:	4501                	li	a0,0
    3ae0:	6105                	addi	sp,sp,32
    3ae2:	8082                	ret
    3ae4:	4501                	li	a0,0
    3ae6:	8082                	ret

00003ae8 <std>:
    3ae8:	1141                	addi	sp,sp,-16
    3aea:	c422                	sw	s0,8(sp)
    3aec:	c606                	sw	ra,12(sp)
    3aee:	842a                	mv	s0,a0
    3af0:	a54e                	sh	a1,12(a0)
    3af2:	a572                	sh	a2,14(a0)
    3af4:	00052023          	sw	zero,0(a0)
    3af8:	00052223          	sw	zero,4(a0)
    3afc:	00052423          	sw	zero,8(a0)
    3b00:	06052223          	sw	zero,100(a0)
    3b04:	00052823          	sw	zero,16(a0)
    3b08:	00052a23          	sw	zero,20(a0)
    3b0c:	00052c23          	sw	zero,24(a0)
    3b10:	4621                	li	a2,8
    3b12:	4581                	li	a1,0
    3b14:	05c50513          	addi	a0,a0,92
    3b18:	a2ffc0ef          	jal	ra,546 <memset>
    3b1c:	00001797          	auipc	a5,0x1
    3b20:	b4878793          	addi	a5,a5,-1208 # 4664 <__sread>
    3b24:	d05c                	sw	a5,36(s0)
    3b26:	00001797          	auipc	a5,0x1
    3b2a:	b6a78793          	addi	a5,a5,-1174 # 4690 <__swrite>
    3b2e:	d41c                	sw	a5,40(s0)
    3b30:	00001797          	auipc	a5,0x1
    3b34:	ba878793          	addi	a5,a5,-1112 # 46d8 <__sseek>
    3b38:	d45c                	sw	a5,44(s0)
    3b3a:	00001797          	auipc	a5,0x1
    3b3e:	bce78793          	addi	a5,a5,-1074 # 4708 <__sclose>
    3b42:	d000                	sw	s0,32(s0)
    3b44:	d81c                	sw	a5,48(s0)
    3b46:	40b2                	lw	ra,12(sp)
    3b48:	4422                	lw	s0,8(sp)
    3b4a:	0141                	addi	sp,sp,16
    3b4c:	8082                	ret

00003b4e <_cleanup_r>:
    3b4e:	00000597          	auipc	a1,0x0
    3b52:	f3458593          	addi	a1,a1,-204 # 3a82 <_fflush_r>
    3b56:	aa91                	j	3caa <_fwalk_reent>

00003b58 <__sfmoreglue>:
    3b58:	1141                	addi	sp,sp,-16
    3b5a:	c226                	sw	s1,4(sp)
    3b5c:	06800613          	li	a2,104
    3b60:	fff58493          	addi	s1,a1,-1
    3b64:	02c484b3          	mul	s1,s1,a2
    3b68:	c04a                	sw	s2,0(sp)
    3b6a:	892e                	mv	s2,a1
    3b6c:	c422                	sw	s0,8(sp)
    3b6e:	c606                	sw	ra,12(sp)
    3b70:	07448593          	addi	a1,s1,116
    3b74:	2e2d                	jal	3eae <_malloc_r>
    3b76:	842a                	mv	s0,a0
    3b78:	cd01                	beqz	a0,3b90 <__sfmoreglue+0x38>
    3b7a:	00052023          	sw	zero,0(a0)
    3b7e:	01252223          	sw	s2,4(a0)
    3b82:	0531                	addi	a0,a0,12
    3b84:	c408                	sw	a0,8(s0)
    3b86:	06848613          	addi	a2,s1,104
    3b8a:	4581                	li	a1,0
    3b8c:	9bbfc0ef          	jal	ra,546 <memset>
    3b90:	8522                	mv	a0,s0
    3b92:	40b2                	lw	ra,12(sp)
    3b94:	4422                	lw	s0,8(sp)
    3b96:	4492                	lw	s1,4(sp)
    3b98:	4902                	lw	s2,0(sp)
    3b9a:	0141                	addi	sp,sp,16
    3b9c:	8082                	ret

00003b9e <__sinit>:
    3b9e:	4d1c                	lw	a5,24(a0)
    3ba0:	e7a5                	bnez	a5,3c08 <__sinit+0x6a>
    3ba2:	1141                	addi	sp,sp,-16
    3ba4:	c606                	sw	ra,12(sp)
    3ba6:	c422                	sw	s0,8(sp)
    3ba8:	00000797          	auipc	a5,0x0
    3bac:	fa678793          	addi	a5,a5,-90 # 3b4e <_cleanup_r>
    3bb0:	d51c                	sw	a5,40(a0)
    3bb2:	82418793          	addi	a5,gp,-2012 # 200000b4 <_global_impure_ptr>
    3bb6:	439c                	lw	a5,0(a5)
    3bb8:	04052423          	sw	zero,72(a0)
    3bbc:	04052623          	sw	zero,76(a0)
    3bc0:	04052823          	sw	zero,80(a0)
    3bc4:	00f51463          	bne	a0,a5,3bcc <__sinit+0x2e>
    3bc8:	4785                	li	a5,1
    3bca:	cd1c                	sw	a5,24(a0)
    3bcc:	842a                	mv	s0,a0
    3bce:	2835                	jal	3c0a <__sfp>
    3bd0:	c048                	sw	a0,4(s0)
    3bd2:	8522                	mv	a0,s0
    3bd4:	281d                	jal	3c0a <__sfp>
    3bd6:	c408                	sw	a0,8(s0)
    3bd8:	8522                	mv	a0,s0
    3bda:	2805                	jal	3c0a <__sfp>
    3bdc:	c448                	sw	a0,12(s0)
    3bde:	4048                	lw	a0,4(s0)
    3be0:	4601                	li	a2,0
    3be2:	4591                	li	a1,4
    3be4:	f05ff0ef          	jal	ra,3ae8 <std>
    3be8:	4408                	lw	a0,8(s0)
    3bea:	4605                	li	a2,1
    3bec:	45a5                	li	a1,9
    3bee:	efbff0ef          	jal	ra,3ae8 <std>
    3bf2:	4448                	lw	a0,12(s0)
    3bf4:	4609                	li	a2,2
    3bf6:	45c9                	li	a1,18
    3bf8:	ef1ff0ef          	jal	ra,3ae8 <std>
    3bfc:	4785                	li	a5,1
    3bfe:	cc1c                	sw	a5,24(s0)
    3c00:	40b2                	lw	ra,12(sp)
    3c02:	4422                	lw	s0,8(sp)
    3c04:	0141                	addi	sp,sp,16
    3c06:	8082                	ret
    3c08:	8082                	ret

00003c0a <__sfp>:
    3c0a:	1141                	addi	sp,sp,-16
    3c0c:	82418793          	addi	a5,gp,-2012 # 200000b4 <_global_impure_ptr>
    3c10:	c226                	sw	s1,4(sp)
    3c12:	4384                	lw	s1,0(a5)
    3c14:	c04a                	sw	s2,0(sp)
    3c16:	c606                	sw	ra,12(sp)
    3c18:	4c9c                	lw	a5,24(s1)
    3c1a:	c422                	sw	s0,8(sp)
    3c1c:	892a                	mv	s2,a0
    3c1e:	e781                	bnez	a5,3c26 <__sfp+0x1c>
    3c20:	8526                	mv	a0,s1
    3c22:	f7dff0ef          	jal	ra,3b9e <__sinit>
    3c26:	04848493          	addi	s1,s1,72
    3c2a:	4480                	lw	s0,8(s1)
    3c2c:	40dc                	lw	a5,4(s1)
    3c2e:	17fd                	addi	a5,a5,-1
    3c30:	0007d663          	bgez	a5,3c3c <__sfp+0x32>
    3c34:	409c                	lw	a5,0(s1)
    3c36:	cfb9                	beqz	a5,3c94 <__sfp+0x8a>
    3c38:	4084                	lw	s1,0(s1)
    3c3a:	bfc5                	j	3c2a <__sfp+0x20>
    3c3c:	00c41703          	lh	a4,12(s0)
    3c40:	e739                	bnez	a4,3c8e <__sfp+0x84>
    3c42:	77c1                	lui	a5,0xffff0
    3c44:	0785                	addi	a5,a5,1
    3c46:	06042223          	sw	zero,100(s0)
    3c4a:	00042023          	sw	zero,0(s0)
    3c4e:	00042223          	sw	zero,4(s0)
    3c52:	00042423          	sw	zero,8(s0)
    3c56:	c45c                	sw	a5,12(s0)
    3c58:	00042823          	sw	zero,16(s0)
    3c5c:	00042a23          	sw	zero,20(s0)
    3c60:	00042c23          	sw	zero,24(s0)
    3c64:	4621                	li	a2,8
    3c66:	4581                	li	a1,0
    3c68:	05c40513          	addi	a0,s0,92
    3c6c:	8dbfc0ef          	jal	ra,546 <memset>
    3c70:	02042a23          	sw	zero,52(s0)
    3c74:	02042c23          	sw	zero,56(s0)
    3c78:	04042423          	sw	zero,72(s0)
    3c7c:	04042623          	sw	zero,76(s0)
    3c80:	8522                	mv	a0,s0
    3c82:	40b2                	lw	ra,12(sp)
    3c84:	4422                	lw	s0,8(sp)
    3c86:	4492                	lw	s1,4(sp)
    3c88:	4902                	lw	s2,0(sp)
    3c8a:	0141                	addi	sp,sp,16
    3c8c:	8082                	ret
    3c8e:	06840413          	addi	s0,s0,104
    3c92:	bf71                	j	3c2e <__sfp+0x24>
    3c94:	4591                	li	a1,4
    3c96:	854a                	mv	a0,s2
    3c98:	ec1ff0ef          	jal	ra,3b58 <__sfmoreglue>
    3c9c:	c088                	sw	a0,0(s1)
    3c9e:	fd49                	bnez	a0,3c38 <__sfp+0x2e>
    3ca0:	47b1                	li	a5,12
    3ca2:	00f92023          	sw	a5,0(s2)
    3ca6:	4401                	li	s0,0
    3ca8:	bfe1                	j	3c80 <__sfp+0x76>

00003caa <_fwalk_reent>:
    3caa:	7179                	addi	sp,sp,-48
    3cac:	d422                	sw	s0,40(sp)
    3cae:	d04a                	sw	s2,32(sp)
    3cb0:	cc52                	sw	s4,24(sp)
    3cb2:	ca56                	sw	s5,20(sp)
    3cb4:	c85a                	sw	s6,16(sp)
    3cb6:	c65e                	sw	s7,12(sp)
    3cb8:	d606                	sw	ra,44(sp)
    3cba:	d226                	sw	s1,36(sp)
    3cbc:	ce4e                	sw	s3,28(sp)
    3cbe:	8a2a                	mv	s4,a0
    3cc0:	8aae                	mv	s5,a1
    3cc2:	04850413          	addi	s0,a0,72
    3cc6:	4901                	li	s2,0
    3cc8:	4b05                	li	s6,1
    3cca:	5bfd                	li	s7,-1
    3ccc:	ec09                	bnez	s0,3ce6 <_fwalk_reent+0x3c>
    3cce:	50b2                	lw	ra,44(sp)
    3cd0:	5422                	lw	s0,40(sp)
    3cd2:	854a                	mv	a0,s2
    3cd4:	5492                	lw	s1,36(sp)
    3cd6:	5902                	lw	s2,32(sp)
    3cd8:	49f2                	lw	s3,28(sp)
    3cda:	4a62                	lw	s4,24(sp)
    3cdc:	4ad2                	lw	s5,20(sp)
    3cde:	4b42                	lw	s6,16(sp)
    3ce0:	4bb2                	lw	s7,12(sp)
    3ce2:	6145                	addi	sp,sp,48
    3ce4:	8082                	ret
    3ce6:	4404                	lw	s1,8(s0)
    3ce8:	00442983          	lw	s3,4(s0)
    3cec:	19fd                	addi	s3,s3,-1
    3cee:	0009d463          	bgez	s3,3cf6 <_fwalk_reent+0x4c>
    3cf2:	4000                	lw	s0,0(s0)
    3cf4:	bfe1                	j	3ccc <_fwalk_reent+0x22>
    3cf6:	24de                	lhu	a5,12(s1)
    3cf8:	00fb7b63          	bgeu	s6,a5,3d0e <_fwalk_reent+0x64>
    3cfc:	00e49783          	lh	a5,14(s1)
    3d00:	01778763          	beq	a5,s7,3d0e <_fwalk_reent+0x64>
    3d04:	85a6                	mv	a1,s1
    3d06:	8552                	mv	a0,s4
    3d08:	9a82                	jalr	s5
    3d0a:	00a96933          	or	s2,s2,a0
    3d0e:	06848493          	addi	s1,s1,104
    3d12:	bfe9                	j	3cec <_fwalk_reent+0x42>

00003d14 <__swhatbuf_r>:
    3d14:	7119                	addi	sp,sp,-128
    3d16:	daa6                	sw	s1,116(sp)
    3d18:	84ae                	mv	s1,a1
    3d1a:	00e59583          	lh	a1,14(a1)
    3d1e:	dca2                	sw	s0,120(sp)
    3d20:	de86                	sw	ra,124(sp)
    3d22:	8432                	mv	s0,a2
    3d24:	0005db63          	bgez	a1,3d3a <__swhatbuf_r+0x26>
    3d28:	24de                	lhu	a5,12(s1)
    3d2a:	0006a023          	sw	zero,0(a3)
    3d2e:	0807f793          	andi	a5,a5,128
    3d32:	e785                	bnez	a5,3d5a <__swhatbuf_r+0x46>
    3d34:	40000793          	li	a5,1024
    3d38:	a01d                	j	3d5e <__swhatbuf_r+0x4a>
    3d3a:	0830                	addi	a2,sp,24
    3d3c:	c636                	sw	a3,12(sp)
    3d3e:	237000ef          	jal	ra,4774 <_fstat_r>
    3d42:	46b2                	lw	a3,12(sp)
    3d44:	fe0542e3          	bltz	a0,3d28 <__swhatbuf_r+0x14>
    3d48:	4772                	lw	a4,28(sp)
    3d4a:	67bd                	lui	a5,0xf
    3d4c:	8ff9                	and	a5,a5,a4
    3d4e:	7779                	lui	a4,0xffffe
    3d50:	97ba                	add	a5,a5,a4
    3d52:	0017b793          	seqz	a5,a5
    3d56:	c29c                	sw	a5,0(a3)
    3d58:	bff1                	j	3d34 <__swhatbuf_r+0x20>
    3d5a:	04000793          	li	a5,64
    3d5e:	c01c                	sw	a5,0(s0)
    3d60:	50f6                	lw	ra,124(sp)
    3d62:	5466                	lw	s0,120(sp)
    3d64:	54d6                	lw	s1,116(sp)
    3d66:	4501                	li	a0,0
    3d68:	6109                	addi	sp,sp,128
    3d6a:	8082                	ret

00003d6c <__smakebuf_r>:
    3d6c:	25de                	lhu	a5,12(a1)
    3d6e:	1101                	addi	sp,sp,-32
    3d70:	cc22                	sw	s0,24(sp)
    3d72:	ce06                	sw	ra,28(sp)
    3d74:	ca26                	sw	s1,20(sp)
    3d76:	c84a                	sw	s2,16(sp)
    3d78:	8b89                	andi	a5,a5,2
    3d7a:	842e                	mv	s0,a1
    3d7c:	cf89                	beqz	a5,3d96 <__smakebuf_r+0x2a>
    3d7e:	04740793          	addi	a5,s0,71
    3d82:	c01c                	sw	a5,0(s0)
    3d84:	c81c                	sw	a5,16(s0)
    3d86:	4785                	li	a5,1
    3d88:	c85c                	sw	a5,20(s0)
    3d8a:	40f2                	lw	ra,28(sp)
    3d8c:	4462                	lw	s0,24(sp)
    3d8e:	44d2                	lw	s1,20(sp)
    3d90:	4942                	lw	s2,16(sp)
    3d92:	6105                	addi	sp,sp,32
    3d94:	8082                	ret
    3d96:	0074                	addi	a3,sp,12
    3d98:	0030                	addi	a2,sp,8
    3d9a:	84aa                	mv	s1,a0
    3d9c:	f79ff0ef          	jal	ra,3d14 <__swhatbuf_r>
    3da0:	45a2                	lw	a1,8(sp)
    3da2:	892a                	mv	s2,a0
    3da4:	8526                	mv	a0,s1
    3da6:	2221                	jal	3eae <_malloc_r>
    3da8:	e919                	bnez	a0,3dbe <__smakebuf_r+0x52>
    3daa:	00c41783          	lh	a5,12(s0)
    3dae:	2007f713          	andi	a4,a5,512
    3db2:	ff61                	bnez	a4,3d8a <__smakebuf_r+0x1e>
    3db4:	9bf1                	andi	a5,a5,-4
    3db6:	0027e793          	ori	a5,a5,2
    3dba:	a45e                	sh	a5,12(s0)
    3dbc:	b7c9                	j	3d7e <__smakebuf_r+0x12>
    3dbe:	00000797          	auipc	a5,0x0
    3dc2:	d9078793          	addi	a5,a5,-624 # 3b4e <_cleanup_r>
    3dc6:	d49c                	sw	a5,40(s1)
    3dc8:	245e                	lhu	a5,12(s0)
    3dca:	c008                	sw	a0,0(s0)
    3dcc:	c808                	sw	a0,16(s0)
    3dce:	0807e793          	ori	a5,a5,128
    3dd2:	a45e                	sh	a5,12(s0)
    3dd4:	47a2                	lw	a5,8(sp)
    3dd6:	c85c                	sw	a5,20(s0)
    3dd8:	47b2                	lw	a5,12(sp)
    3dda:	cf81                	beqz	a5,3df2 <__smakebuf_r+0x86>
    3ddc:	00e41583          	lh	a1,14(s0)
    3de0:	8526                	mv	a0,s1
    3de2:	1c5000ef          	jal	ra,47a6 <_isatty_r>
    3de6:	c511                	beqz	a0,3df2 <__smakebuf_r+0x86>
    3de8:	245e                	lhu	a5,12(s0)
    3dea:	9bf1                	andi	a5,a5,-4
    3dec:	0017e793          	ori	a5,a5,1
    3df0:	a45e                	sh	a5,12(s0)
    3df2:	245e                	lhu	a5,12(s0)
    3df4:	00f96933          	or	s2,s2,a5
    3df8:	01241623          	sh	s2,12(s0)
    3dfc:	b779                	j	3d8a <__smakebuf_r+0x1e>

00003dfe <_free_r>:
    3dfe:	c5dd                	beqz	a1,3eac <_free_r+0xae>
    3e00:	ffc5a783          	lw	a5,-4(a1)
    3e04:	1141                	addi	sp,sp,-16
    3e06:	c422                	sw	s0,8(sp)
    3e08:	c606                	sw	ra,12(sp)
    3e0a:	c226                	sw	s1,4(sp)
    3e0c:	ffc58413          	addi	s0,a1,-4
    3e10:	0007d363          	bgez	a5,3e16 <_free_r+0x18>
    3e14:	943e                	add	s0,s0,a5
    3e16:	84aa                	mv	s1,a0
    3e18:	20b000ef          	jal	ra,4822 <__malloc_lock>
    3e1c:	1fffc797          	auipc	a5,0x1fffc
    3e20:	32478793          	addi	a5,a5,804 # 20000140 <__malloc_free_list>
    3e24:	439c                	lw	a5,0(a5)
    3e26:	ef91                	bnez	a5,3e42 <_free_r+0x44>
    3e28:	00042223          	sw	zero,4(s0)
    3e2c:	1fffc797          	auipc	a5,0x1fffc
    3e30:	3087aa23          	sw	s0,788(a5) # 20000140 <__malloc_free_list>
    3e34:	4422                	lw	s0,8(sp)
    3e36:	40b2                	lw	ra,12(sp)
    3e38:	8526                	mv	a0,s1
    3e3a:	4492                	lw	s1,4(sp)
    3e3c:	0141                	addi	sp,sp,16
    3e3e:	1e70006f          	j	4824 <__malloc_unlock>
    3e42:	00f47e63          	bgeu	s0,a5,3e5e <_free_r+0x60>
    3e46:	4014                	lw	a3,0(s0)
    3e48:	00d40733          	add	a4,s0,a3
    3e4c:	00e79663          	bne	a5,a4,3e58 <_free_r+0x5a>
    3e50:	4398                	lw	a4,0(a5)
    3e52:	43dc                	lw	a5,4(a5)
    3e54:	9736                	add	a4,a4,a3
    3e56:	c018                	sw	a4,0(s0)
    3e58:	c05c                	sw	a5,4(s0)
    3e5a:	bfc9                	j	3e2c <_free_r+0x2e>
    3e5c:	87ba                	mv	a5,a4
    3e5e:	43d8                	lw	a4,4(a5)
    3e60:	c319                	beqz	a4,3e66 <_free_r+0x68>
    3e62:	fee47de3          	bgeu	s0,a4,3e5c <_free_r+0x5e>
    3e66:	4394                	lw	a3,0(a5)
    3e68:	00d78633          	add	a2,a5,a3
    3e6c:	00861f63          	bne	a2,s0,3e8a <_free_r+0x8c>
    3e70:	4010                	lw	a2,0(s0)
    3e72:	96b2                	add	a3,a3,a2
    3e74:	c394                	sw	a3,0(a5)
    3e76:	00d78633          	add	a2,a5,a3
    3e7a:	fac71de3          	bne	a4,a2,3e34 <_free_r+0x36>
    3e7e:	4310                	lw	a2,0(a4)
    3e80:	4358                	lw	a4,4(a4)
    3e82:	96b2                	add	a3,a3,a2
    3e84:	c394                	sw	a3,0(a5)
    3e86:	c3d8                	sw	a4,4(a5)
    3e88:	b775                	j	3e34 <_free_r+0x36>
    3e8a:	00c47563          	bgeu	s0,a2,3e94 <_free_r+0x96>
    3e8e:	47b1                	li	a5,12
    3e90:	c09c                	sw	a5,0(s1)
    3e92:	b74d                	j	3e34 <_free_r+0x36>
    3e94:	4010                	lw	a2,0(s0)
    3e96:	00c406b3          	add	a3,s0,a2
    3e9a:	00d71663          	bne	a4,a3,3ea6 <_free_r+0xa8>
    3e9e:	4314                	lw	a3,0(a4)
    3ea0:	4358                	lw	a4,4(a4)
    3ea2:	96b2                	add	a3,a3,a2
    3ea4:	c014                	sw	a3,0(s0)
    3ea6:	c058                	sw	a4,4(s0)
    3ea8:	c3c0                	sw	s0,4(a5)
    3eaa:	b769                	j	3e34 <_free_r+0x36>
    3eac:	8082                	ret

00003eae <_malloc_r>:
    3eae:	1101                	addi	sp,sp,-32
    3eb0:	ca26                	sw	s1,20(sp)
    3eb2:	00358493          	addi	s1,a1,3
    3eb6:	98f1                	andi	s1,s1,-4
    3eb8:	ce06                	sw	ra,28(sp)
    3eba:	cc22                	sw	s0,24(sp)
    3ebc:	c84a                	sw	s2,16(sp)
    3ebe:	c64e                	sw	s3,12(sp)
    3ec0:	04a1                	addi	s1,s1,8
    3ec2:	47b1                	li	a5,12
    3ec4:	04f4f963          	bgeu	s1,a5,3f16 <_malloc_r+0x68>
    3ec8:	44b1                	li	s1,12
    3eca:	04b4e863          	bltu	s1,a1,3f1a <_malloc_r+0x6c>
    3ece:	892a                	mv	s2,a0
    3ed0:	153000ef          	jal	ra,4822 <__malloc_lock>
    3ed4:	1fffc797          	auipc	a5,0x1fffc
    3ed8:	26c78793          	addi	a5,a5,620 # 20000140 <__malloc_free_list>
    3edc:	4398                	lw	a4,0(a5)
    3ede:	843a                	mv	s0,a4
    3ee0:	e439                	bnez	s0,3f2e <_malloc_r+0x80>
    3ee2:	1fffc797          	auipc	a5,0x1fffc
    3ee6:	26278793          	addi	a5,a5,610 # 20000144 <__malloc_sbrk_start>
    3eea:	439c                	lw	a5,0(a5)
    3eec:	eb81                	bnez	a5,3efc <_malloc_r+0x4e>
    3eee:	4581                	li	a1,0
    3ef0:	854a                	mv	a0,s2
    3ef2:	2781                	jal	4632 <_sbrk_r>
    3ef4:	1fffc797          	auipc	a5,0x1fffc
    3ef8:	24a7a823          	sw	a0,592(a5) # 20000144 <__malloc_sbrk_start>
    3efc:	85a6                	mv	a1,s1
    3efe:	854a                	mv	a0,s2
    3f00:	2f0d                	jal	4632 <_sbrk_r>
    3f02:	59fd                	li	s3,-1
    3f04:	07351b63          	bne	a0,s3,3f7a <_malloc_r+0xcc>
    3f08:	47b1                	li	a5,12
    3f0a:	00f92023          	sw	a5,0(s2)
    3f0e:	854a                	mv	a0,s2
    3f10:	115000ef          	jal	ra,4824 <__malloc_unlock>
    3f14:	a029                	j	3f1e <_malloc_r+0x70>
    3f16:	fa04dae3          	bgez	s1,3eca <_malloc_r+0x1c>
    3f1a:	47b1                	li	a5,12
    3f1c:	c11c                	sw	a5,0(a0)
    3f1e:	4501                	li	a0,0
    3f20:	40f2                	lw	ra,28(sp)
    3f22:	4462                	lw	s0,24(sp)
    3f24:	44d2                	lw	s1,20(sp)
    3f26:	4942                	lw	s2,16(sp)
    3f28:	49b2                	lw	s3,12(sp)
    3f2a:	6105                	addi	sp,sp,32
    3f2c:	8082                	ret
    3f2e:	401c                	lw	a5,0(s0)
    3f30:	8f85                	sub	a5,a5,s1
    3f32:	0407c163          	bltz	a5,3f74 <_malloc_r+0xc6>
    3f36:	46ad                	li	a3,11
    3f38:	00f6f663          	bgeu	a3,a5,3f44 <_malloc_r+0x96>
    3f3c:	c01c                	sw	a5,0(s0)
    3f3e:	943e                	add	s0,s0,a5
    3f40:	c004                	sw	s1,0(s0)
    3f42:	a801                	j	3f52 <_malloc_r+0xa4>
    3f44:	405c                	lw	a5,4(s0)
    3f46:	02871563          	bne	a4,s0,3f70 <_malloc_r+0xc2>
    3f4a:	1fffc717          	auipc	a4,0x1fffc
    3f4e:	1ef72b23          	sw	a5,502(a4) # 20000140 <__malloc_free_list>
    3f52:	854a                	mv	a0,s2
    3f54:	0d1000ef          	jal	ra,4824 <__malloc_unlock>
    3f58:	00b40513          	addi	a0,s0,11
    3f5c:	00440793          	addi	a5,s0,4
    3f60:	9961                	andi	a0,a0,-8
    3f62:	40f50733          	sub	a4,a0,a5
    3f66:	df4d                	beqz	a4,3f20 <_malloc_r+0x72>
    3f68:	943a                	add	s0,s0,a4
    3f6a:	8f89                	sub	a5,a5,a0
    3f6c:	c01c                	sw	a5,0(s0)
    3f6e:	bf4d                	j	3f20 <_malloc_r+0x72>
    3f70:	c35c                	sw	a5,4(a4)
    3f72:	b7c5                	j	3f52 <_malloc_r+0xa4>
    3f74:	8722                	mv	a4,s0
    3f76:	4040                	lw	s0,4(s0)
    3f78:	b7a5                	j	3ee0 <_malloc_r+0x32>
    3f7a:	00350413          	addi	s0,a0,3
    3f7e:	9871                	andi	s0,s0,-4
    3f80:	fc8500e3          	beq	a0,s0,3f40 <_malloc_r+0x92>
    3f84:	40a405b3          	sub	a1,s0,a0
    3f88:	854a                	mv	a0,s2
    3f8a:	2565                	jal	4632 <_sbrk_r>
    3f8c:	fb351ae3          	bne	a0,s3,3f40 <_malloc_r+0x92>
    3f90:	bfa5                	j	3f08 <_malloc_r+0x5a>

00003f92 <__sfputc_r>:
    3f92:	461c                	lw	a5,8(a2)
    3f94:	17fd                	addi	a5,a5,-1
    3f96:	c61c                	sw	a5,8(a2)
    3f98:	0007da63          	bgez	a5,3fac <__sfputc_r+0x1a>
    3f9c:	4e18                	lw	a4,24(a2)
    3f9e:	00e7c563          	blt	a5,a4,3fa8 <__sfputc_r+0x16>
    3fa2:	47a9                	li	a5,10
    3fa4:	00f59463          	bne	a1,a5,3fac <__sfputc_r+0x1a>
    3fa8:	ff2ff06f          	j	379a <__swbuf_r>
    3fac:	421c                	lw	a5,0(a2)
    3fae:	852e                	mv	a0,a1
    3fb0:	00178713          	addi	a4,a5,1
    3fb4:	c218                	sw	a4,0(a2)
    3fb6:	a38c                	sb	a1,0(a5)
    3fb8:	8082                	ret

00003fba <__sfputs_r>:
    3fba:	1101                	addi	sp,sp,-32
    3fbc:	cc22                	sw	s0,24(sp)
    3fbe:	ca26                	sw	s1,20(sp)
    3fc0:	c84a                	sw	s2,16(sp)
    3fc2:	c64e                	sw	s3,12(sp)
    3fc4:	c452                	sw	s4,8(sp)
    3fc6:	ce06                	sw	ra,28(sp)
    3fc8:	892a                	mv	s2,a0
    3fca:	89ae                	mv	s3,a1
    3fcc:	8432                	mv	s0,a2
    3fce:	00d604b3          	add	s1,a2,a3
    3fd2:	5a7d                	li	s4,-1
    3fd4:	00941463          	bne	s0,s1,3fdc <__sfputs_r+0x22>
    3fd8:	4501                	li	a0,0
    3fda:	a809                	j	3fec <__sfputs_r+0x32>
    3fdc:	200c                	lbu	a1,0(s0)
    3fde:	864e                	mv	a2,s3
    3fe0:	854a                	mv	a0,s2
    3fe2:	fb1ff0ef          	jal	ra,3f92 <__sfputc_r>
    3fe6:	0405                	addi	s0,s0,1
    3fe8:	ff4516e3          	bne	a0,s4,3fd4 <__sfputs_r+0x1a>
    3fec:	40f2                	lw	ra,28(sp)
    3fee:	4462                	lw	s0,24(sp)
    3ff0:	44d2                	lw	s1,20(sp)
    3ff2:	4942                	lw	s2,16(sp)
    3ff4:	49b2                	lw	s3,12(sp)
    3ff6:	4a22                	lw	s4,8(sp)
    3ff8:	6105                	addi	sp,sp,32
    3ffa:	8082                	ret

00003ffc <_vfiprintf_r>:
    3ffc:	7135                	addi	sp,sp,-160
    3ffe:	cd22                	sw	s0,152(sp)
    4000:	cb26                	sw	s1,148(sp)
    4002:	c94a                	sw	s2,144(sp)
    4004:	c74e                	sw	s3,140(sp)
    4006:	cf06                	sw	ra,156(sp)
    4008:	c552                	sw	s4,136(sp)
    400a:	c356                	sw	s5,132(sp)
    400c:	c15a                	sw	s6,128(sp)
    400e:	dede                	sw	s7,124(sp)
    4010:	dce2                	sw	s8,120(sp)
    4012:	dae6                	sw	s9,116(sp)
    4014:	89aa                	mv	s3,a0
    4016:	84ae                	mv	s1,a1
    4018:	8932                	mv	s2,a2
    401a:	8436                	mv	s0,a3
    401c:	c509                	beqz	a0,4026 <_vfiprintf_r+0x2a>
    401e:	4d1c                	lw	a5,24(a0)
    4020:	e399                	bnez	a5,4026 <_vfiprintf_r+0x2a>
    4022:	b7dff0ef          	jal	ra,3b9e <__sinit>
    4026:	00001797          	auipc	a5,0x1
    402a:	aba78793          	addi	a5,a5,-1350 # 4ae0 <__sf_fake_stdin>
    402e:	0cf49863          	bne	s1,a5,40fe <_vfiprintf_r+0x102>
    4032:	0049a483          	lw	s1,4(s3)
    4036:	24de                	lhu	a5,12(s1)
    4038:	8ba1                	andi	a5,a5,8
    403a:	c7e5                	beqz	a5,4122 <_vfiprintf_r+0x126>
    403c:	489c                	lw	a5,16(s1)
    403e:	c3f5                	beqz	a5,4122 <_vfiprintf_r+0x126>
    4040:	02000793          	li	a5,32
    4044:	02f104a3          	sb	a5,41(sp)
    4048:	03000793          	li	a5,48
    404c:	d202                	sw	zero,36(sp)
    404e:	02f10523          	sb	a5,42(sp)
    4052:	c622                	sw	s0,12(sp)
    4054:	02500b93          	li	s7,37
    4058:	00001a97          	auipc	s5,0x1
    405c:	ac8a8a93          	addi	s5,s5,-1336 # 4b20 <__sf_fake_stdout+0x20>
    4060:	4c05                	li	s8,1
    4062:	4b29                	li	s6,10
    4064:	844a                	mv	s0,s2
    4066:	201c                	lbu	a5,0(s0)
    4068:	c399                	beqz	a5,406e <_vfiprintf_r+0x72>
    406a:	0d779f63          	bne	a5,s7,4148 <_vfiprintf_r+0x14c>
    406e:	41240cb3          	sub	s9,s0,s2
    4072:	000c8e63          	beqz	s9,408e <_vfiprintf_r+0x92>
    4076:	86e6                	mv	a3,s9
    4078:	864a                	mv	a2,s2
    407a:	85a6                	mv	a1,s1
    407c:	854e                	mv	a0,s3
    407e:	f3dff0ef          	jal	ra,3fba <__sfputs_r>
    4082:	57fd                	li	a5,-1
    4084:	1cf50f63          	beq	a0,a5,4262 <_vfiprintf_r+0x266>
    4088:	5692                	lw	a3,36(sp)
    408a:	96e6                	add	a3,a3,s9
    408c:	d236                	sw	a3,36(sp)
    408e:	201c                	lbu	a5,0(s0)
    4090:	1c078963          	beqz	a5,4262 <_vfiprintf_r+0x266>
    4094:	57fd                	li	a5,-1
    4096:	00140913          	addi	s2,s0,1
    409a:	c802                	sw	zero,16(sp)
    409c:	ce02                	sw	zero,28(sp)
    409e:	ca3e                	sw	a5,20(sp)
    40a0:	cc02                	sw	zero,24(sp)
    40a2:	040109a3          	sb	zero,83(sp)
    40a6:	d482                	sw	zero,104(sp)
    40a8:	00094583          	lbu	a1,0(s2)
    40ac:	4615                	li	a2,5
    40ae:	8556                	mv	a0,s5
    40b0:	2fa9                	jal	480a <memchr>
    40b2:	00190413          	addi	s0,s2,1
    40b6:	47c2                	lw	a5,16(sp)
    40b8:	e951                	bnez	a0,414c <_vfiprintf_r+0x150>
    40ba:	0107f713          	andi	a4,a5,16
    40be:	c709                	beqz	a4,40c8 <_vfiprintf_r+0xcc>
    40c0:	02000713          	li	a4,32
    40c4:	04e109a3          	sb	a4,83(sp)
    40c8:	0087f713          	andi	a4,a5,8
    40cc:	c709                	beqz	a4,40d6 <_vfiprintf_r+0xda>
    40ce:	02b00713          	li	a4,43
    40d2:	04e109a3          	sb	a4,83(sp)
    40d6:	00094683          	lbu	a3,0(s2)
    40da:	02a00713          	li	a4,42
    40de:	06e68f63          	beq	a3,a4,415c <_vfiprintf_r+0x160>
    40e2:	47f2                	lw	a5,28(sp)
    40e4:	844a                	mv	s0,s2
    40e6:	4681                	li	a3,0
    40e8:	4625                	li	a2,9
    40ea:	2018                	lbu	a4,0(s0)
    40ec:	00140593          	addi	a1,s0,1
    40f0:	fd070713          	addi	a4,a4,-48
    40f4:	0ae67763          	bgeu	a2,a4,41a2 <_vfiprintf_r+0x1a6>
    40f8:	cab5                	beqz	a3,416c <_vfiprintf_r+0x170>
    40fa:	ce3e                	sw	a5,28(sp)
    40fc:	a885                	j	416c <_vfiprintf_r+0x170>
    40fe:	00001797          	auipc	a5,0x1
    4102:	a0278793          	addi	a5,a5,-1534 # 4b00 <__sf_fake_stdout>
    4106:	00f49563          	bne	s1,a5,4110 <_vfiprintf_r+0x114>
    410a:	0089a483          	lw	s1,8(s3)
    410e:	b725                	j	4036 <_vfiprintf_r+0x3a>
    4110:	00001797          	auipc	a5,0x1
    4114:	9b078793          	addi	a5,a5,-1616 # 4ac0 <__sf_fake_stderr>
    4118:	f0f49fe3          	bne	s1,a5,4036 <_vfiprintf_r+0x3a>
    411c:	00c9a483          	lw	s1,12(s3)
    4120:	bf19                	j	4036 <_vfiprintf_r+0x3a>
    4122:	85a6                	mv	a1,s1
    4124:	854e                	mv	a0,s3
    4126:	f30ff0ef          	jal	ra,3856 <__swsetup_r>
    412a:	d919                	beqz	a0,4040 <_vfiprintf_r+0x44>
    412c:	557d                	li	a0,-1
    412e:	40fa                	lw	ra,156(sp)
    4130:	446a                	lw	s0,152(sp)
    4132:	44da                	lw	s1,148(sp)
    4134:	494a                	lw	s2,144(sp)
    4136:	49ba                	lw	s3,140(sp)
    4138:	4a2a                	lw	s4,136(sp)
    413a:	4a9a                	lw	s5,132(sp)
    413c:	4b0a                	lw	s6,128(sp)
    413e:	5bf6                	lw	s7,124(sp)
    4140:	5c66                	lw	s8,120(sp)
    4142:	5cd6                	lw	s9,116(sp)
    4144:	610d                	addi	sp,sp,160
    4146:	8082                	ret
    4148:	0405                	addi	s0,s0,1
    414a:	bf31                	j	4066 <_vfiprintf_r+0x6a>
    414c:	41550533          	sub	a0,a0,s5
    4150:	00ac1533          	sll	a0,s8,a0
    4154:	8fc9                	or	a5,a5,a0
    4156:	c83e                	sw	a5,16(sp)
    4158:	8922                	mv	s2,s0
    415a:	b7b9                	j	40a8 <_vfiprintf_r+0xac>
    415c:	4732                	lw	a4,12(sp)
    415e:	00470693          	addi	a3,a4,4
    4162:	4318                	lw	a4,0(a4)
    4164:	c636                	sw	a3,12(sp)
    4166:	02074763          	bltz	a4,4194 <_vfiprintf_r+0x198>
    416a:	ce3a                	sw	a4,28(sp)
    416c:	2018                	lbu	a4,0(s0)
    416e:	02e00793          	li	a5,46
    4172:	04f71d63          	bne	a4,a5,41cc <_vfiprintf_r+0x1d0>
    4176:	3018                	lbu	a4,1(s0)
    4178:	02a00793          	li	a5,42
    417c:	02f71b63          	bne	a4,a5,41b2 <_vfiprintf_r+0x1b6>
    4180:	47b2                	lw	a5,12(sp)
    4182:	0409                	addi	s0,s0,2
    4184:	00478713          	addi	a4,a5,4
    4188:	439c                	lw	a5,0(a5)
    418a:	c63a                	sw	a4,12(sp)
    418c:	0207c163          	bltz	a5,41ae <_vfiprintf_r+0x1b2>
    4190:	ca3e                	sw	a5,20(sp)
    4192:	a82d                	j	41cc <_vfiprintf_r+0x1d0>
    4194:	40e00733          	neg	a4,a4
    4198:	0027e793          	ori	a5,a5,2
    419c:	ce3a                	sw	a4,28(sp)
    419e:	c83e                	sw	a5,16(sp)
    41a0:	b7f1                	j	416c <_vfiprintf_r+0x170>
    41a2:	036787b3          	mul	a5,a5,s6
    41a6:	4685                	li	a3,1
    41a8:	842e                	mv	s0,a1
    41aa:	97ba                	add	a5,a5,a4
    41ac:	bf3d                	j	40ea <_vfiprintf_r+0xee>
    41ae:	57fd                	li	a5,-1
    41b0:	b7c5                	j	4190 <_vfiprintf_r+0x194>
    41b2:	0405                	addi	s0,s0,1
    41b4:	ca02                	sw	zero,20(sp)
    41b6:	4681                	li	a3,0
    41b8:	4781                	li	a5,0
    41ba:	4625                	li	a2,9
    41bc:	2018                	lbu	a4,0(s0)
    41be:	00140593          	addi	a1,s0,1
    41c2:	fd070713          	addi	a4,a4,-48
    41c6:	06e67463          	bgeu	a2,a4,422e <_vfiprintf_r+0x232>
    41ca:	f2f9                	bnez	a3,4190 <_vfiprintf_r+0x194>
    41cc:	200c                	lbu	a1,0(s0)
    41ce:	460d                	li	a2,3
    41d0:	00001517          	auipc	a0,0x1
    41d4:	95850513          	addi	a0,a0,-1704 # 4b28 <__sf_fake_stdout+0x28>
    41d8:	2d0d                	jal	480a <memchr>
    41da:	cd11                	beqz	a0,41f6 <_vfiprintf_r+0x1fa>
    41dc:	00001797          	auipc	a5,0x1
    41e0:	94c78793          	addi	a5,a5,-1716 # 4b28 <__sf_fake_stdout+0x28>
    41e4:	8d1d                	sub	a0,a0,a5
    41e6:	04000793          	li	a5,64
    41ea:	00a797b3          	sll	a5,a5,a0
    41ee:	4542                	lw	a0,16(sp)
    41f0:	0405                	addi	s0,s0,1
    41f2:	8d5d                	or	a0,a0,a5
    41f4:	c82a                	sw	a0,16(sp)
    41f6:	200c                	lbu	a1,0(s0)
    41f8:	4619                	li	a2,6
    41fa:	00001517          	auipc	a0,0x1
    41fe:	93250513          	addi	a0,a0,-1742 # 4b2c <__sf_fake_stdout+0x2c>
    4202:	00140913          	addi	s2,s0,1
    4206:	02b10423          	sb	a1,40(sp)
    420a:	2501                	jal	480a <memchr>
    420c:	c135                	beqz	a0,4270 <_vfiprintf_r+0x274>
    420e:	ffffc797          	auipc	a5,0xffffc
    4212:	df278793          	addi	a5,a5,-526 # 0 <_sinit>
    4216:	e795                	bnez	a5,4242 <_vfiprintf_r+0x246>
    4218:	4742                	lw	a4,16(sp)
    421a:	47b2                	lw	a5,12(sp)
    421c:	10077713          	andi	a4,a4,256
    4220:	cf09                	beqz	a4,423a <_vfiprintf_r+0x23e>
    4222:	0791                	addi	a5,a5,4
    4224:	c63e                	sw	a5,12(sp)
    4226:	5792                	lw	a5,36(sp)
    4228:	97d2                	add	a5,a5,s4
    422a:	d23e                	sw	a5,36(sp)
    422c:	bd25                	j	4064 <_vfiprintf_r+0x68>
    422e:	036787b3          	mul	a5,a5,s6
    4232:	4685                	li	a3,1
    4234:	842e                	mv	s0,a1
    4236:	97ba                	add	a5,a5,a4
    4238:	b751                	j	41bc <_vfiprintf_r+0x1c0>
    423a:	079d                	addi	a5,a5,7
    423c:	9be1                	andi	a5,a5,-8
    423e:	07a1                	addi	a5,a5,8
    4240:	b7d5                	j	4224 <_vfiprintf_r+0x228>
    4242:	0078                	addi	a4,sp,12
    4244:	00000697          	auipc	a3,0x0
    4248:	d7668693          	addi	a3,a3,-650 # 3fba <__sfputs_r>
    424c:	8626                	mv	a2,s1
    424e:	080c                	addi	a1,sp,16
    4250:	854e                	mv	a0,s3
    4252:	00000097          	auipc	ra,0x0
    4256:	000000e7          	jalr	zero # 0 <_sinit>
    425a:	57fd                	li	a5,-1
    425c:	8a2a                	mv	s4,a0
    425e:	fcf514e3          	bne	a0,a5,4226 <_vfiprintf_r+0x22a>
    4262:	24de                	lhu	a5,12(s1)
    4264:	0407f793          	andi	a5,a5,64
    4268:	ec0792e3          	bnez	a5,412c <_vfiprintf_r+0x130>
    426c:	5512                	lw	a0,36(sp)
    426e:	b5c1                	j	412e <_vfiprintf_r+0x132>
    4270:	0078                	addi	a4,sp,12
    4272:	00000697          	auipc	a3,0x0
    4276:	d4868693          	addi	a3,a3,-696 # 3fba <__sfputs_r>
    427a:	8626                	mv	a2,s1
    427c:	080c                	addi	a1,sp,16
    427e:	854e                	mv	a0,s3
    4280:	2a01                	jal	4390 <_printf_i>
    4282:	bfe1                	j	425a <_vfiprintf_r+0x25e>

00004284 <_printf_common>:
    4284:	7179                	addi	sp,sp,-48
    4286:	ca56                	sw	s5,20(sp)
    4288:	499c                	lw	a5,16(a1)
    428a:	8aba                	mv	s5,a4
    428c:	4598                	lw	a4,8(a1)
    428e:	d422                	sw	s0,40(sp)
    4290:	d226                	sw	s1,36(sp)
    4292:	ce4e                	sw	s3,28(sp)
    4294:	cc52                	sw	s4,24(sp)
    4296:	d606                	sw	ra,44(sp)
    4298:	d04a                	sw	s2,32(sp)
    429a:	c85a                	sw	s6,16(sp)
    429c:	c65e                	sw	s7,12(sp)
    429e:	89aa                	mv	s3,a0
    42a0:	842e                	mv	s0,a1
    42a2:	84b2                	mv	s1,a2
    42a4:	8a36                	mv	s4,a3
    42a6:	00e7d363          	bge	a5,a4,42ac <_printf_common+0x28>
    42aa:	87ba                	mv	a5,a4
    42ac:	c09c                	sw	a5,0(s1)
    42ae:	04344703          	lbu	a4,67(s0)
    42b2:	c319                	beqz	a4,42b8 <_printf_common+0x34>
    42b4:	0785                	addi	a5,a5,1
    42b6:	c09c                	sw	a5,0(s1)
    42b8:	401c                	lw	a5,0(s0)
    42ba:	0207f793          	andi	a5,a5,32
    42be:	c781                	beqz	a5,42c6 <_printf_common+0x42>
    42c0:	409c                	lw	a5,0(s1)
    42c2:	0789                	addi	a5,a5,2
    42c4:	c09c                	sw	a5,0(s1)
    42c6:	00042903          	lw	s2,0(s0)
    42ca:	00697913          	andi	s2,s2,6
    42ce:	00091a63          	bnez	s2,42e2 <_printf_common+0x5e>
    42d2:	01940b13          	addi	s6,s0,25
    42d6:	5bfd                	li	s7,-1
    42d8:	445c                	lw	a5,12(s0)
    42da:	4098                	lw	a4,0(s1)
    42dc:	8f99                	sub	a5,a5,a4
    42de:	04f94c63          	blt	s2,a5,4336 <_printf_common+0xb2>
    42e2:	401c                	lw	a5,0(s0)
    42e4:	04344683          	lbu	a3,67(s0)
    42e8:	0207f793          	andi	a5,a5,32
    42ec:	00d036b3          	snez	a3,a3
    42f0:	eba5                	bnez	a5,4360 <_printf_common+0xdc>
    42f2:	04340613          	addi	a2,s0,67
    42f6:	85d2                	mv	a1,s4
    42f8:	854e                	mv	a0,s3
    42fa:	9a82                	jalr	s5
    42fc:	57fd                	li	a5,-1
    42fe:	04f50363          	beq	a0,a5,4344 <_printf_common+0xc0>
    4302:	401c                	lw	a5,0(s0)
    4304:	4611                	li	a2,4
    4306:	4098                	lw	a4,0(s1)
    4308:	8b99                	andi	a5,a5,6
    430a:	4454                	lw	a3,12(s0)
    430c:	4481                	li	s1,0
    430e:	00c79763          	bne	a5,a2,431c <_printf_common+0x98>
    4312:	40e684b3          	sub	s1,a3,a4
    4316:	0004d363          	bgez	s1,431c <_printf_common+0x98>
    431a:	4481                	li	s1,0
    431c:	441c                	lw	a5,8(s0)
    431e:	4818                	lw	a4,16(s0)
    4320:	00f75463          	bge	a4,a5,4328 <_printf_common+0xa4>
    4324:	8f99                	sub	a5,a5,a4
    4326:	94be                	add	s1,s1,a5
    4328:	4901                	li	s2,0
    432a:	0469                	addi	s0,s0,26
    432c:	5b7d                	li	s6,-1
    432e:	05249863          	bne	s1,s2,437e <_printf_common+0xfa>
    4332:	4501                	li	a0,0
    4334:	a809                	j	4346 <_printf_common+0xc2>
    4336:	4685                	li	a3,1
    4338:	865a                	mv	a2,s6
    433a:	85d2                	mv	a1,s4
    433c:	854e                	mv	a0,s3
    433e:	9a82                	jalr	s5
    4340:	01751e63          	bne	a0,s7,435c <_printf_common+0xd8>
    4344:	557d                	li	a0,-1
    4346:	50b2                	lw	ra,44(sp)
    4348:	5422                	lw	s0,40(sp)
    434a:	5492                	lw	s1,36(sp)
    434c:	5902                	lw	s2,32(sp)
    434e:	49f2                	lw	s3,28(sp)
    4350:	4a62                	lw	s4,24(sp)
    4352:	4ad2                	lw	s5,20(sp)
    4354:	4b42                	lw	s6,16(sp)
    4356:	4bb2                	lw	s7,12(sp)
    4358:	6145                	addi	sp,sp,48
    435a:	8082                	ret
    435c:	0905                	addi	s2,s2,1
    435e:	bfad                	j	42d8 <_printf_common+0x54>
    4360:	00d40733          	add	a4,s0,a3
    4364:	03000613          	li	a2,48
    4368:	04c701a3          	sb	a2,67(a4)
    436c:	04544703          	lbu	a4,69(s0)
    4370:	00168793          	addi	a5,a3,1
    4374:	97a2                	add	a5,a5,s0
    4376:	0689                	addi	a3,a3,2
    4378:	04e781a3          	sb	a4,67(a5)
    437c:	bf9d                	j	42f2 <_printf_common+0x6e>
    437e:	4685                	li	a3,1
    4380:	8622                	mv	a2,s0
    4382:	85d2                	mv	a1,s4
    4384:	854e                	mv	a0,s3
    4386:	9a82                	jalr	s5
    4388:	fb650ee3          	beq	a0,s6,4344 <_printf_common+0xc0>
    438c:	0905                	addi	s2,s2,1
    438e:	b745                	j	432e <_printf_common+0xaa>

00004390 <_printf_i>:
    4390:	7179                	addi	sp,sp,-48
    4392:	d422                	sw	s0,40(sp)
    4394:	d226                	sw	s1,36(sp)
    4396:	d04a                	sw	s2,32(sp)
    4398:	ce4e                	sw	s3,28(sp)
    439a:	d606                	sw	ra,44(sp)
    439c:	cc52                	sw	s4,24(sp)
    439e:	ca56                	sw	s5,20(sp)
    43a0:	c85a                	sw	s6,16(sp)
    43a2:	89b6                	mv	s3,a3
    43a4:	2d94                	lbu	a3,24(a1)
    43a6:	06900793          	li	a5,105
    43aa:	8932                	mv	s2,a2
    43ac:	84aa                	mv	s1,a0
    43ae:	842e                	mv	s0,a1
    43b0:	04358613          	addi	a2,a1,67
    43b4:	02f68d63          	beq	a3,a5,43ee <_printf_i+0x5e>
    43b8:	06d7e263          	bltu	a5,a3,441c <_printf_i+0x8c>
    43bc:	05800793          	li	a5,88
    43c0:	18f68663          	beq	a3,a5,454c <_printf_i+0x1bc>
    43c4:	00d7ed63          	bltu	a5,a3,43de <_printf_i+0x4e>
    43c8:	20068e63          	beqz	a3,45e4 <_printf_i+0x254>
    43cc:	04300793          	li	a5,67
    43d0:	0af68e63          	beq	a3,a5,448c <_printf_i+0xfc>
    43d4:	04240a93          	addi	s5,s0,66
    43d8:	04d40123          	sb	a3,66(s0)
    43dc:	a0c9                	j	449e <_printf_i+0x10e>
    43de:	06300793          	li	a5,99
    43e2:	0af68563          	beq	a3,a5,448c <_printf_i+0xfc>
    43e6:	06400793          	li	a5,100
    43ea:	fef695e3          	bne	a3,a5,43d4 <_printf_i+0x44>
    43ee:	401c                	lw	a5,0(s0)
    43f0:	4308                	lw	a0,0(a4)
    43f2:	0807f693          	andi	a3,a5,128
    43f6:	00450593          	addi	a1,a0,4
    43fa:	c6c5                	beqz	a3,44a2 <_printf_i+0x112>
    43fc:	411c                	lw	a5,0(a0)
    43fe:	c30c                	sw	a1,0(a4)
    4400:	0007d863          	bgez	a5,4410 <_printf_i+0x80>
    4404:	02d00713          	li	a4,45
    4408:	40f007b3          	neg	a5,a5
    440c:	04e401a3          	sb	a4,67(s0)
    4410:	00000697          	auipc	a3,0x0
    4414:	72468693          	addi	a3,a3,1828 # 4b34 <__sf_fake_stdout+0x34>
    4418:	4729                	li	a4,10
    441a:	a865                	j	44d2 <_printf_i+0x142>
    441c:	07000793          	li	a5,112
    4420:	16f68263          	beq	a3,a5,4584 <_printf_i+0x1f4>
    4424:	02d7e563          	bltu	a5,a3,444e <_printf_i+0xbe>
    4428:	06e00793          	li	a5,110
    442c:	18f68963          	beq	a3,a5,45be <_printf_i+0x22e>
    4430:	06f00793          	li	a5,111
    4434:	faf690e3          	bne	a3,a5,43d4 <_printf_i+0x44>
    4438:	400c                	lw	a1,0(s0)
    443a:	431c                	lw	a5,0(a4)
    443c:	0805f813          	andi	a6,a1,128
    4440:	00478513          	addi	a0,a5,4
    4444:	06080763          	beqz	a6,44b2 <_printf_i+0x122>
    4448:	c308                	sw	a0,0(a4)
    444a:	439c                	lw	a5,0(a5)
    444c:	a885                	j	44bc <_printf_i+0x12c>
    444e:	07500793          	li	a5,117
    4452:	fef683e3          	beq	a3,a5,4438 <_printf_i+0xa8>
    4456:	07800793          	li	a5,120
    445a:	12f68963          	beq	a3,a5,458c <_printf_i+0x1fc>
    445e:	07300793          	li	a5,115
    4462:	f6f699e3          	bne	a3,a5,43d4 <_printf_i+0x44>
    4466:	431c                	lw	a5,0(a4)
    4468:	41d0                	lw	a2,4(a1)
    446a:	4581                	li	a1,0
    446c:	00478693          	addi	a3,a5,4
    4470:	c314                	sw	a3,0(a4)
    4472:	0007aa83          	lw	s5,0(a5)
    4476:	8556                	mv	a0,s5
    4478:	2e49                	jal	480a <memchr>
    447a:	c501                	beqz	a0,4482 <_printf_i+0xf2>
    447c:	41550533          	sub	a0,a0,s5
    4480:	c048                	sw	a0,4(s0)
    4482:	405c                	lw	a5,4(s0)
    4484:	c81c                	sw	a5,16(s0)
    4486:	040401a3          	sb	zero,67(s0)
    448a:	a861                	j	4522 <_printf_i+0x192>
    448c:	431c                	lw	a5,0(a4)
    448e:	04240a93          	addi	s5,s0,66
    4492:	00478693          	addi	a3,a5,4
    4496:	439c                	lw	a5,0(a5)
    4498:	c314                	sw	a3,0(a4)
    449a:	04f40123          	sb	a5,66(s0)
    449e:	4785                	li	a5,1
    44a0:	b7d5                	j	4484 <_printf_i+0xf4>
    44a2:	0407f693          	andi	a3,a5,64
    44a6:	411c                	lw	a5,0(a0)
    44a8:	c30c                	sw	a1,0(a4)
    44aa:	dab9                	beqz	a3,4400 <_printf_i+0x70>
    44ac:	07c2                	slli	a5,a5,0x10
    44ae:	87c1                	srai	a5,a5,0x10
    44b0:	bf81                	j	4400 <_printf_i+0x70>
    44b2:	0405f593          	andi	a1,a1,64
    44b6:	c308                	sw	a0,0(a4)
    44b8:	d9c9                	beqz	a1,444a <_printf_i+0xba>
    44ba:	239e                	lhu	a5,0(a5)
    44bc:	06f00713          	li	a4,111
    44c0:	0ee68763          	beq	a3,a4,45ae <_printf_i+0x21e>
    44c4:	00000697          	auipc	a3,0x0
    44c8:	67068693          	addi	a3,a3,1648 # 4b34 <__sf_fake_stdout+0x34>
    44cc:	4729                	li	a4,10
    44ce:	040401a3          	sb	zero,67(s0)
    44d2:	404c                	lw	a1,4(s0)
    44d4:	c40c                	sw	a1,8(s0)
    44d6:	0005c563          	bltz	a1,44e0 <_printf_i+0x150>
    44da:	4008                	lw	a0,0(s0)
    44dc:	996d                	andi	a0,a0,-5
    44de:	c008                	sw	a0,0(s0)
    44e0:	e399                	bnez	a5,44e6 <_printf_i+0x156>
    44e2:	8ab2                	mv	s5,a2
    44e4:	cd89                	beqz	a1,44fe <_printf_i+0x16e>
    44e6:	8ab2                	mv	s5,a2
    44e8:	02e7f5b3          	remu	a1,a5,a4
    44ec:	1afd                	addi	s5,s5,-1
    44ee:	95b6                	add	a1,a1,a3
    44f0:	218c                	lbu	a1,0(a1)
    44f2:	00ba8023          	sb	a1,0(s5)
    44f6:	02e7d5b3          	divu	a1,a5,a4
    44fa:	0ce7f063          	bgeu	a5,a4,45ba <_printf_i+0x22a>
    44fe:	47a1                	li	a5,8
    4500:	00f71e63          	bne	a4,a5,451c <_printf_i+0x18c>
    4504:	401c                	lw	a5,0(s0)
    4506:	8b85                	andi	a5,a5,1
    4508:	cb91                	beqz	a5,451c <_printf_i+0x18c>
    450a:	4058                	lw	a4,4(s0)
    450c:	481c                	lw	a5,16(s0)
    450e:	00e7c763          	blt	a5,a4,451c <_printf_i+0x18c>
    4512:	03000793          	li	a5,48
    4516:	fefa8fa3          	sb	a5,-1(s5)
    451a:	1afd                	addi	s5,s5,-1
    451c:	41560633          	sub	a2,a2,s5
    4520:	c810                	sw	a2,16(s0)
    4522:	874e                	mv	a4,s3
    4524:	86ca                	mv	a3,s2
    4526:	0070                	addi	a2,sp,12
    4528:	85a2                	mv	a1,s0
    452a:	8526                	mv	a0,s1
    452c:	d59ff0ef          	jal	ra,4284 <_printf_common>
    4530:	5a7d                	li	s4,-1
    4532:	0b451d63          	bne	a0,s4,45ec <_printf_i+0x25c>
    4536:	557d                	li	a0,-1
    4538:	50b2                	lw	ra,44(sp)
    453a:	5422                	lw	s0,40(sp)
    453c:	5492                	lw	s1,36(sp)
    453e:	5902                	lw	s2,32(sp)
    4540:	49f2                	lw	s3,28(sp)
    4542:	4a62                	lw	s4,24(sp)
    4544:	4ad2                	lw	s5,20(sp)
    4546:	4b42                	lw	s6,16(sp)
    4548:	6145                	addi	sp,sp,48
    454a:	8082                	ret
    454c:	04d582a3          	sb	a3,69(a1)
    4550:	00000697          	auipc	a3,0x0
    4554:	5e468693          	addi	a3,a3,1508 # 4b34 <__sf_fake_stdout+0x34>
    4558:	400c                	lw	a1,0(s0)
    455a:	4308                	lw	a0,0(a4)
    455c:	0805f813          	andi	a6,a1,128
    4560:	411c                	lw	a5,0(a0)
    4562:	0511                	addi	a0,a0,4
    4564:	02080d63          	beqz	a6,459e <_printf_i+0x20e>
    4568:	c308                	sw	a0,0(a4)
    456a:	0015f713          	andi	a4,a1,1
    456e:	c701                	beqz	a4,4576 <_printf_i+0x1e6>
    4570:	0205e593          	ori	a1,a1,32
    4574:	c00c                	sw	a1,0(s0)
    4576:	4741                	li	a4,16
    4578:	fbb9                	bnez	a5,44ce <_printf_i+0x13e>
    457a:	400c                	lw	a1,0(s0)
    457c:	fdf5f593          	andi	a1,a1,-33
    4580:	c00c                	sw	a1,0(s0)
    4582:	b7b1                	j	44ce <_printf_i+0x13e>
    4584:	419c                	lw	a5,0(a1)
    4586:	0207e793          	ori	a5,a5,32
    458a:	c19c                	sw	a5,0(a1)
    458c:	07800793          	li	a5,120
    4590:	04f402a3          	sb	a5,69(s0)
    4594:	00000697          	auipc	a3,0x0
    4598:	5b468693          	addi	a3,a3,1460 # 4b48 <__sf_fake_stdout+0x48>
    459c:	bf75                	j	4558 <_printf_i+0x1c8>
    459e:	0405f813          	andi	a6,a1,64
    45a2:	c308                	sw	a0,0(a4)
    45a4:	fc0803e3          	beqz	a6,456a <_printf_i+0x1da>
    45a8:	07c2                	slli	a5,a5,0x10
    45aa:	83c1                	srli	a5,a5,0x10
    45ac:	bf7d                	j	456a <_printf_i+0x1da>
    45ae:	00000697          	auipc	a3,0x0
    45b2:	58668693          	addi	a3,a3,1414 # 4b34 <__sf_fake_stdout+0x34>
    45b6:	4721                	li	a4,8
    45b8:	bf19                	j	44ce <_printf_i+0x13e>
    45ba:	87ae                	mv	a5,a1
    45bc:	b735                	j	44e8 <_printf_i+0x158>
    45be:	4194                	lw	a3,0(a1)
    45c0:	431c                	lw	a5,0(a4)
    45c2:	49cc                	lw	a1,20(a1)
    45c4:	0806f813          	andi	a6,a3,128
    45c8:	00478513          	addi	a0,a5,4
    45cc:	00080663          	beqz	a6,45d8 <_printf_i+0x248>
    45d0:	c308                	sw	a0,0(a4)
    45d2:	439c                	lw	a5,0(a5)
    45d4:	c38c                	sw	a1,0(a5)
    45d6:	a039                	j	45e4 <_printf_i+0x254>
    45d8:	c308                	sw	a0,0(a4)
    45da:	0406f693          	andi	a3,a3,64
    45de:	439c                	lw	a5,0(a5)
    45e0:	daf5                	beqz	a3,45d4 <_printf_i+0x244>
    45e2:	a38e                	sh	a1,0(a5)
    45e4:	00042823          	sw	zero,16(s0)
    45e8:	8ab2                	mv	s5,a2
    45ea:	bf25                	j	4522 <_printf_i+0x192>
    45ec:	4814                	lw	a3,16(s0)
    45ee:	8656                	mv	a2,s5
    45f0:	85ca                	mv	a1,s2
    45f2:	8526                	mv	a0,s1
    45f4:	9982                	jalr	s3
    45f6:	f54500e3          	beq	a0,s4,4536 <_printf_i+0x1a6>
    45fa:	401c                	lw	a5,0(s0)
    45fc:	8b89                	andi	a5,a5,2
    45fe:	e78d                	bnez	a5,4628 <_printf_i+0x298>
    4600:	47b2                	lw	a5,12(sp)
    4602:	4448                	lw	a0,12(s0)
    4604:	f2f55ae3          	bge	a0,a5,4538 <_printf_i+0x1a8>
    4608:	853e                	mv	a0,a5
    460a:	b73d                	j	4538 <_printf_i+0x1a8>
    460c:	4685                	li	a3,1
    460e:	8656                	mv	a2,s5
    4610:	85ca                	mv	a1,s2
    4612:	8526                	mv	a0,s1
    4614:	9982                	jalr	s3
    4616:	f36500e3          	beq	a0,s6,4536 <_printf_i+0x1a6>
    461a:	0a05                	addi	s4,s4,1
    461c:	445c                	lw	a5,12(s0)
    461e:	4732                	lw	a4,12(sp)
    4620:	8f99                	sub	a5,a5,a4
    4622:	fefa45e3          	blt	s4,a5,460c <_printf_i+0x27c>
    4626:	bfe9                	j	4600 <_printf_i+0x270>
    4628:	4a01                	li	s4,0
    462a:	01940a93          	addi	s5,s0,25
    462e:	5b7d                	li	s6,-1
    4630:	b7f5                	j	461c <_printf_i+0x28c>

00004632 <_sbrk_r>:
    4632:	1141                	addi	sp,sp,-16
    4634:	c422                	sw	s0,8(sp)
    4636:	842a                	mv	s0,a0
    4638:	852e                	mv	a0,a1
    463a:	1fffd797          	auipc	a5,0x1fffd
    463e:	ae07ab23          	sw	zero,-1290(a5) # 20001130 <errno>
    4642:	c606                	sw	ra,12(sp)
    4644:	f5bfe0ef          	jal	ra,359e <_sbrk>
    4648:	57fd                	li	a5,-1
    464a:	00f51963          	bne	a0,a5,465c <_sbrk_r+0x2a>
    464e:	1fffd797          	auipc	a5,0x1fffd
    4652:	ae278793          	addi	a5,a5,-1310 # 20001130 <errno>
    4656:	439c                	lw	a5,0(a5)
    4658:	c391                	beqz	a5,465c <_sbrk_r+0x2a>
    465a:	c01c                	sw	a5,0(s0)
    465c:	40b2                	lw	ra,12(sp)
    465e:	4422                	lw	s0,8(sp)
    4660:	0141                	addi	sp,sp,16
    4662:	8082                	ret

00004664 <__sread>:
    4664:	1141                	addi	sp,sp,-16
    4666:	c422                	sw	s0,8(sp)
    4668:	842e                	mv	s0,a1
    466a:	00e59583          	lh	a1,14(a1)
    466e:	c606                	sw	ra,12(sp)
    4670:	2a5d                	jal	4826 <_read_r>
    4672:	00054963          	bltz	a0,4684 <__sread+0x20>
    4676:	487c                	lw	a5,84(s0)
    4678:	97aa                	add	a5,a5,a0
    467a:	c87c                	sw	a5,84(s0)
    467c:	40b2                	lw	ra,12(sp)
    467e:	4422                	lw	s0,8(sp)
    4680:	0141                	addi	sp,sp,16
    4682:	8082                	ret
    4684:	245e                	lhu	a5,12(s0)
    4686:	777d                	lui	a4,0xfffff
    4688:	177d                	addi	a4,a4,-1
    468a:	8ff9                	and	a5,a5,a4
    468c:	a45e                	sh	a5,12(s0)
    468e:	b7fd                	j	467c <__sread+0x18>

00004690 <__swrite>:
    4690:	25de                	lhu	a5,12(a1)
    4692:	1101                	addi	sp,sp,-32
    4694:	cc22                	sw	s0,24(sp)
    4696:	ca26                	sw	s1,20(sp)
    4698:	c84a                	sw	s2,16(sp)
    469a:	c64e                	sw	s3,12(sp)
    469c:	ce06                	sw	ra,28(sp)
    469e:	1007f793          	andi	a5,a5,256
    46a2:	84aa                	mv	s1,a0
    46a4:	842e                	mv	s0,a1
    46a6:	8932                	mv	s2,a2
    46a8:	89b6                	mv	s3,a3
    46aa:	c791                	beqz	a5,46b6 <__swrite+0x26>
    46ac:	00e59583          	lh	a1,14(a1)
    46b0:	4689                	li	a3,2
    46b2:	4601                	li	a2,0
    46b4:	220d                	jal	47d6 <_lseek_r>
    46b6:	245e                	lhu	a5,12(s0)
    46b8:	777d                	lui	a4,0xfffff
    46ba:	177d                	addi	a4,a4,-1
    46bc:	8ff9                	and	a5,a5,a4
    46be:	a45e                	sh	a5,12(s0)
    46c0:	00e41583          	lh	a1,14(s0)
    46c4:	4462                	lw	s0,24(sp)
    46c6:	40f2                	lw	ra,28(sp)
    46c8:	86ce                	mv	a3,s3
    46ca:	864a                	mv	a2,s2
    46cc:	49b2                	lw	s3,12(sp)
    46ce:	4942                	lw	s2,16(sp)
    46d0:	8526                	mv	a0,s1
    46d2:	44d2                	lw	s1,20(sp)
    46d4:	6105                	addi	sp,sp,32
    46d6:	a825                	j	470e <_write_r>

000046d8 <__sseek>:
    46d8:	1141                	addi	sp,sp,-16
    46da:	c422                	sw	s0,8(sp)
    46dc:	842e                	mv	s0,a1
    46de:	00e59583          	lh	a1,14(a1)
    46e2:	c606                	sw	ra,12(sp)
    46e4:	28cd                	jal	47d6 <_lseek_r>
    46e6:	57fd                	li	a5,-1
    46e8:	245a                	lhu	a4,12(s0)
    46ea:	00f51a63          	bne	a0,a5,46fe <__sseek+0x26>
    46ee:	77fd                	lui	a5,0xfffff
    46f0:	17fd                	addi	a5,a5,-1
    46f2:	8ff9                	and	a5,a5,a4
    46f4:	a45e                	sh	a5,12(s0)
    46f6:	40b2                	lw	ra,12(sp)
    46f8:	4422                	lw	s0,8(sp)
    46fa:	0141                	addi	sp,sp,16
    46fc:	8082                	ret
    46fe:	6785                	lui	a5,0x1
    4700:	8fd9                	or	a5,a5,a4
    4702:	a45e                	sh	a5,12(s0)
    4704:	c868                	sw	a0,84(s0)
    4706:	bfc5                	j	46f6 <__sseek+0x1e>

00004708 <__sclose>:
    4708:	00e59583          	lh	a1,14(a1)
    470c:	a825                	j	4744 <_close_r>

0000470e <_write_r>:
    470e:	1141                	addi	sp,sp,-16
    4710:	c422                	sw	s0,8(sp)
    4712:	842a                	mv	s0,a0
    4714:	852e                	mv	a0,a1
    4716:	85b2                	mv	a1,a2
    4718:	8636                	mv	a2,a3
    471a:	1fffd797          	auipc	a5,0x1fffd
    471e:	a007ab23          	sw	zero,-1514(a5) # 20001130 <errno>
    4722:	c606                	sw	ra,12(sp)
    4724:	e3dfe0ef          	jal	ra,3560 <_write>
    4728:	57fd                	li	a5,-1
    472a:	00f51963          	bne	a0,a5,473c <_write_r+0x2e>
    472e:	1fffd797          	auipc	a5,0x1fffd
    4732:	a0278793          	addi	a5,a5,-1534 # 20001130 <errno>
    4736:	439c                	lw	a5,0(a5)
    4738:	c391                	beqz	a5,473c <_write_r+0x2e>
    473a:	c01c                	sw	a5,0(s0)
    473c:	40b2                	lw	ra,12(sp)
    473e:	4422                	lw	s0,8(sp)
    4740:	0141                	addi	sp,sp,16
    4742:	8082                	ret

00004744 <_close_r>:
    4744:	1141                	addi	sp,sp,-16
    4746:	c422                	sw	s0,8(sp)
    4748:	842a                	mv	s0,a0
    474a:	852e                	mv	a0,a1
    474c:	1fffd797          	auipc	a5,0x1fffd
    4750:	9e07a223          	sw	zero,-1564(a5) # 20001130 <errno>
    4754:	c606                	sw	ra,12(sp)
    4756:	2211                	jal	485a <_close>
    4758:	57fd                	li	a5,-1
    475a:	00f51963          	bne	a0,a5,476c <_close_r+0x28>
    475e:	1fffd797          	auipc	a5,0x1fffd
    4762:	9d278793          	addi	a5,a5,-1582 # 20001130 <errno>
    4766:	439c                	lw	a5,0(a5)
    4768:	c391                	beqz	a5,476c <_close_r+0x28>
    476a:	c01c                	sw	a5,0(s0)
    476c:	40b2                	lw	ra,12(sp)
    476e:	4422                	lw	s0,8(sp)
    4770:	0141                	addi	sp,sp,16
    4772:	8082                	ret

00004774 <_fstat_r>:
    4774:	1141                	addi	sp,sp,-16
    4776:	c422                	sw	s0,8(sp)
    4778:	842a                	mv	s0,a0
    477a:	852e                	mv	a0,a1
    477c:	85b2                	mv	a1,a2
    477e:	1fffd797          	auipc	a5,0x1fffd
    4782:	9a07a923          	sw	zero,-1614(a5) # 20001130 <errno>
    4786:	c606                	sw	ra,12(sp)
    4788:	20cd                	jal	486a <_fstat>
    478a:	57fd                	li	a5,-1
    478c:	00f51963          	bne	a0,a5,479e <_fstat_r+0x2a>
    4790:	1fffd797          	auipc	a5,0x1fffd
    4794:	9a078793          	addi	a5,a5,-1632 # 20001130 <errno>
    4798:	439c                	lw	a5,0(a5)
    479a:	c391                	beqz	a5,479e <_fstat_r+0x2a>
    479c:	c01c                	sw	a5,0(s0)
    479e:	40b2                	lw	ra,12(sp)
    47a0:	4422                	lw	s0,8(sp)
    47a2:	0141                	addi	sp,sp,16
    47a4:	8082                	ret

000047a6 <_isatty_r>:
    47a6:	1141                	addi	sp,sp,-16
    47a8:	c422                	sw	s0,8(sp)
    47aa:	842a                	mv	s0,a0
    47ac:	852e                	mv	a0,a1
    47ae:	1fffd797          	auipc	a5,0x1fffd
    47b2:	9807a123          	sw	zero,-1662(a5) # 20001130 <errno>
    47b6:	c606                	sw	ra,12(sp)
    47b8:	20c9                	jal	487a <_isatty>
    47ba:	57fd                	li	a5,-1
    47bc:	00f51963          	bne	a0,a5,47ce <_isatty_r+0x28>
    47c0:	1fffd797          	auipc	a5,0x1fffd
    47c4:	97078793          	addi	a5,a5,-1680 # 20001130 <errno>
    47c8:	439c                	lw	a5,0(a5)
    47ca:	c391                	beqz	a5,47ce <_isatty_r+0x28>
    47cc:	c01c                	sw	a5,0(s0)
    47ce:	40b2                	lw	ra,12(sp)
    47d0:	4422                	lw	s0,8(sp)
    47d2:	0141                	addi	sp,sp,16
    47d4:	8082                	ret

000047d6 <_lseek_r>:
    47d6:	1141                	addi	sp,sp,-16
    47d8:	c422                	sw	s0,8(sp)
    47da:	842a                	mv	s0,a0
    47dc:	852e                	mv	a0,a1
    47de:	85b2                	mv	a1,a2
    47e0:	8636                	mv	a2,a3
    47e2:	1fffd797          	auipc	a5,0x1fffd
    47e6:	9407a723          	sw	zero,-1714(a5) # 20001130 <errno>
    47ea:	c606                	sw	ra,12(sp)
    47ec:	2879                	jal	488a <_lseek>
    47ee:	57fd                	li	a5,-1
    47f0:	00f51963          	bne	a0,a5,4802 <_lseek_r+0x2c>
    47f4:	1fffd797          	auipc	a5,0x1fffd
    47f8:	93c78793          	addi	a5,a5,-1732 # 20001130 <errno>
    47fc:	439c                	lw	a5,0(a5)
    47fe:	c391                	beqz	a5,4802 <_lseek_r+0x2c>
    4800:	c01c                	sw	a5,0(s0)
    4802:	40b2                	lw	ra,12(sp)
    4804:	4422                	lw	s0,8(sp)
    4806:	0141                	addi	sp,sp,16
    4808:	8082                	ret

0000480a <memchr>:
    480a:	0ff5f593          	andi	a1,a1,255
    480e:	962a                	add	a2,a2,a0
    4810:	00c51463          	bne	a0,a2,4818 <memchr+0xe>
    4814:	4501                	li	a0,0
    4816:	8082                	ret
    4818:	211c                	lbu	a5,0(a0)
    481a:	feb78ee3          	beq	a5,a1,4816 <memchr+0xc>
    481e:	0505                	addi	a0,a0,1
    4820:	bfc5                	j	4810 <memchr+0x6>

00004822 <__malloc_lock>:
    4822:	8082                	ret

00004824 <__malloc_unlock>:
    4824:	8082                	ret

00004826 <_read_r>:
    4826:	1141                	addi	sp,sp,-16
    4828:	c422                	sw	s0,8(sp)
    482a:	842a                	mv	s0,a0
    482c:	852e                	mv	a0,a1
    482e:	85b2                	mv	a1,a2
    4830:	8636                	mv	a2,a3
    4832:	1fffd797          	auipc	a5,0x1fffd
    4836:	8e07af23          	sw	zero,-1794(a5) # 20001130 <errno>
    483a:	c606                	sw	ra,12(sp)
    483c:	28b9                	jal	489a <_read>
    483e:	57fd                	li	a5,-1
    4840:	00f51963          	bne	a0,a5,4852 <_read_r+0x2c>
    4844:	1fffd797          	auipc	a5,0x1fffd
    4848:	8ec78793          	addi	a5,a5,-1812 # 20001130 <errno>
    484c:	439c                	lw	a5,0(a5)
    484e:	c391                	beqz	a5,4852 <_read_r+0x2c>
    4850:	c01c                	sw	a5,0(s0)
    4852:	40b2                	lw	ra,12(sp)
    4854:	4422                	lw	s0,8(sp)
    4856:	0141                	addi	sp,sp,16
    4858:	8082                	ret

0000485a <_close>:
    485a:	05800793          	li	a5,88
    485e:	1fffd717          	auipc	a4,0x1fffd
    4862:	8cf72923          	sw	a5,-1838(a4) # 20001130 <errno>
    4866:	557d                	li	a0,-1
    4868:	8082                	ret

0000486a <_fstat>:
    486a:	05800793          	li	a5,88
    486e:	1fffd717          	auipc	a4,0x1fffd
    4872:	8cf72123          	sw	a5,-1854(a4) # 20001130 <errno>
    4876:	557d                	li	a0,-1
    4878:	8082                	ret

0000487a <_isatty>:
    487a:	05800793          	li	a5,88
    487e:	1fffd717          	auipc	a4,0x1fffd
    4882:	8af72923          	sw	a5,-1870(a4) # 20001130 <errno>
    4886:	4501                	li	a0,0
    4888:	8082                	ret

0000488a <_lseek>:
    488a:	05800793          	li	a5,88
    488e:	1fffd717          	auipc	a4,0x1fffd
    4892:	8af72123          	sw	a5,-1886(a4) # 20001130 <errno>
    4896:	557d                	li	a0,-1
    4898:	8082                	ret

0000489a <_read>:
    489a:	05800793          	li	a5,88
    489e:	1fffd717          	auipc	a4,0x1fffd
    48a2:	88f72923          	sw	a5,-1902(a4) # 20001130 <errno>
    48a6:	557d                	li	a0,-1
    48a8:	8082                	ret
    48aa:	0000                	unimp
    48ac:	756f6873          	csrrsi	a6,0x756,30
    48b0:	646c                	flw	fa1,76(s0)
    48b2:	276e                	lhu	a1,14(a4)
    48b4:	2074                	lbu	a3,6(s0)
    48b6:	7572                	flw	fa0,60(sp)
    48b8:	206e                	lhu	a1,6(s0)
    48ba:	7461                	lui	s0,0xffff8
    48bc:	6820                	flw	fs0,80(s0)
    48be:	7265                	lui	tp,0xffff9
    48c0:	2165                	jal	4d68 <_data_lma+0x20c>
    48c2:	0021                	c.nop	8
    48c4:	7041                	c.lui	zero,0xffff0
    48c6:	5470                	lw	a2,108(s0)
    48c8:	7361                	lui	t1,0xffff8
    48ca:	1336006b          	0x1336006b
    48ce:	0000                	unimp
    48d0:	0f38                	addi	a4,sp,920
    48d2:	0000                	unimp
    48d4:	0fec                	addi	a1,sp,988
    48d6:	0000                	unimp
    48d8:	13dc                	addi	a5,sp,484
    48da:	0000                	unimp
    48dc:	0f38                	addi	a4,sp,920
    48de:	0000                	unimp
    48e0:	133e                	slli	t1,t1,0x2f
    48e2:	0000                	unimp
    48e4:	0f38                	addi	a4,sp,920
    48e6:	0000                	unimp
    48e8:	0f38                	addi	a4,sp,920
    48ea:	0000                	unimp
    48ec:	0f38                	addi	a4,sp,920
    48ee:	0000                	unimp
    48f0:	0f38                	addi	a4,sp,920
    48f2:	0000                	unimp
    48f4:	0f38                	addi	a4,sp,920
    48f6:	0000                	unimp
    48f8:	0fb8                	addi	a4,sp,984
    48fa:	0000                	unimp
    48fc:	13e6                	slli	t2,t2,0x39
    48fe:	0000                	unimp
    4900:	13f8                	addi	a4,sp,492
    4902:	0000                	unimp
    4904:	0f54                	addi	a3,sp,916
    4906:	0000                	unimp
    4908:	1336                	slli	t1,t1,0x2d
    490a:	0000                	unimp
    490c:	1336                	slli	t1,t1,0x2d
    490e:	0000                	unimp
    4910:	1250                	addi	a2,sp,292
    4912:	0000                	unimp
    4914:	0ef4                	addi	a3,sp,860
    4916:	0000                	unimp
    4918:	10c4                	addi	s1,sp,100
    491a:	0000                	unimp
    491c:	1336                	slli	t1,t1,0x2d
    491e:	0000                	unimp
    4920:	13ea                	slli	t2,t2,0x3a
    4922:	0000                	unimp
    4924:	1428                	addi	a0,sp,552
    4926:	0000                	unimp
    4928:	13b8                	addi	a4,sp,488
    492a:	0000                	unimp
    492c:	0f92                	slli	t6,t6,0x4
    492e:	0000                	unimp
    4930:	1428                	addi	a0,sp,552
    4932:	0000                	unimp
    4934:	0f38                	addi	a4,sp,920
    4936:	0000                	unimp
    4938:	0f38                	addi	a4,sp,920
    493a:	0000                	unimp
    493c:	0f38                	addi	a4,sp,920
    493e:	0000                	unimp
    4940:	0f38                	addi	a4,sp,920
    4942:	0000                	unimp
    4944:	0f38                	addi	a4,sp,920
    4946:	0000                	unimp
    4948:	0f38                	addi	a4,sp,920
    494a:	0000                	unimp
    494c:	0f38                	addi	a4,sp,920
    494e:	0000                	unimp
    4950:	0f38                	addi	a4,sp,920
    4952:	0000                	unimp
    4954:	0f38                	addi	a4,sp,920
    4956:	0000                	unimp
    4958:	0f38                	addi	a4,sp,920
    495a:	0000                	unimp
    495c:	1336                	slli	t1,t1,0x2d
    495e:	0000                	unimp
    4960:	0f38                	addi	a4,sp,920
    4962:	0000                	unimp
    4964:	0f38                	addi	a4,sp,920
    4966:	0000                	unimp
    4968:	0f38                	addi	a4,sp,920
    496a:	0000                	unimp
    496c:	0f38                	addi	a4,sp,920
    496e:	0000                	unimp
    4970:	0f38                	addi	a4,sp,920
    4972:	0000                	unimp
    4974:	0f38                	addi	a4,sp,920
    4976:	0000                	unimp
    4978:	0f38                	addi	a4,sp,920
    497a:	0000                	unimp
    497c:	13e6                	slli	t2,t2,0x39
    497e:	0000                	unimp
    4980:	0f38                	addi	a4,sp,920
    4982:	0000                	unimp
    4984:	0f38                	addi	a4,sp,920
    4986:	0000                	unimp
    4988:	0f38                	addi	a4,sp,920
    498a:	0000                	unimp
    498c:	0f38                	addi	a4,sp,920
    498e:	0000                	unimp
    4990:	11d0                	addi	a2,sp,228
    4992:	0000                	unimp
    4994:	0f32                	slli	t5,t5,0xc
    4996:	0000                	unimp
    4998:	1006                	c.slli	zero,0x21
    499a:	0000                	unimp
    499c:	0f38                	addi	a4,sp,920
    499e:	0000                	unimp
    49a0:	13ea                	slli	t2,t2,0x3a
    49a2:	0000                	unimp
    49a4:	3030                	lbu	a2,3(s0)
    49a6:	3130                	lbu	a2,3(a0)
    49a8:	0000                	unimp
	...

000049ac <bitrate_table>:
    49ac:	000a 0000 0014 0000 0032 0000 0064 0000     ........2...d...
    49bc:	007d 0000 00fa 0000 01f4 0000 0320 0000     }........... ...
    49cc:	03e8 0000 2e2e 462f 6572 5265 4f54 2f53     ....../FreeRTOS/
    49dc:	6f70 7472 6261 656c 4d2f 6d65 614d 676e     portable/MemMang
    49ec:	682f 6165 5f70 2e34 0063 0000 7265 2072     /heap_4.c...err 
    49fc:	7461 6c20 6e69 2065 6425 6f20 2066 6966     at line %d of fi
    4a0c:	656c 2220 7325 2e22 0d20 200a 0000 0000     le "%s". .. ....
    4a1c:	2e2e 462f 6572 5265 4f54 2f53 6f70 7472     ../FreeRTOS/port
    4a2c:	6261 656c 472f 4343 522f 5349 2d43 2f56     able/GCC/RISC-V/
    4a3c:	6f70 7472 632e 0000 2e2e 462f 6572 5265     port.c..../FreeR
    4a4c:	4f54 2f53 7571 7565 2e65 0063 2e2e 462f     TOS/queue.c.../F
    4a5c:	6572 5265 4f54 2f53 6174 6b73 2e73 0063     reeRTOS/tasks.c.
    4a6c:	4449 454c 0000 0000 3448 0000 3448 0000     IDLE....H4..H4..
    4a7c:	348c 0000 3498 0000 34da 0000 3448 0000     .4...4...4..H4..
    4a8c:	3448 0000 348c 0000 3498 0000 6d54 5172     H4...4...4..TmrQ
    4a9c:	0000 0000 2e2e 462f 6572 5265 4f54 2f53     ....../FreeRTOS/
    4aac:	6974 656d 7372 632e 0000 0000 6d54 2072     timers.c....Tmr 
    4abc:	7653 0063                                   Svc.

00004ac0 <__sf_fake_stderr>:
	...

00004ae0 <__sf_fake_stdin>:
	...

00004b00 <__sf_fake_stdout>:
	...
    4b20:	2d23 2b30 0020 0000 6c68 004c 6665 4567     #-0+ ...hlL.efgE
    4b30:	4746 0000 3130 3332 3534 3736 3938 4241     FG..0123456789AB
    4b40:	4443 4645 0000 0000 3130 3332 3534 3736     CDEF....01234567
    4b50:	3938 6261 6463 6665 0000 0000               89abcdef....
