:040000006F106039E4
:100004000000000000000000D4070000D607000034
:100014000000000094130000000000000000000035
:10002400941300009413000000000000000000007E
:10003400E2E60000000000000002000000000000F2
:100044009413000094130000941300009413000010
:100054009413000094130000941300009413000000
:10006400941300009413000094130000E0DD0000DA
:100074007EDE00001CDF0000BADF000058E0000054
:10008400F6E0000094E1000094130000BADA0000E6
:100094006ADB000018DC0000C6DC000094130000DA
:1000A40094130000941300009413000094130000B0
:1000B40094130000BCE200009413000094130000A9
:1000C4009413000094130000941300009413000090
:1000D4009413000094130000941300009413000080
:1000E4009413000094130000941300009413000070
:1000F4009413000094130000941300009413000060
:1001040000000000941300009413000094130000F6
:10011400941300009413000094130000941300003F
:10012400941300009413000094130000941300002F
:10013400941300009413000094130000941300001F
:10014400941300009413000094130000941300000F
:1001540094130000941300009413000094130000FF
:1001640094130000941300009413000094130000EF
:1001740094130000941300009413000094130000DF
:1001840094130000941300009413000094130000CF
:1001940094130000941300009413000094130000BF
:1001A400000000000000000000000000000000004B
:0C01B4000000000000000000000000003F
:10020000130181F806C216C41AC61EC822CA26CC1B
:100210002ACE2ED032D236D43AD63ED842DA46DC76
:100220004ADECEC0D2C2D6C4DAC6DEC8E2CAE6CC46
:10023000EACEEED0F2D2F6D4FAD6FED8F3220030CF
:1002400096DA9702002083A2E20A23A02200F32577
:1002500010342EC09305000273A0458003A1C18213
:10026000EFF0806D170300200323C3080321030070
:10027000824273901234D652739002309240A2425E
:100280003243C2435244E244724582551256A2564A
:100290003257C2575258E25872598649164AA64AEE
:1002A000364BC64B564CE64C764D865D165EA65ECA
:1002B000365FC65F13018107730020301300000012
:1002C00013000000130000001300000013000000E2
:1002D00013000000130000001300000013000000D2
:1002E00013000000130000001300000013000000C2
:1002F00013000000130000001300000013000000B2
:1003000083A2C182938202E073900234170100201D
:10031000032141FE024182403243C2435244E2443F
:10032000724582551256A2563257C2575258E25859
:1003300072598649164AA64A364BC64B564CE64C6D
:10034000764D865D165EA65E365FC65FD652A1020A
:1003500073900230A24213018107828013000000D3
:100360001300000013000000130000001300000041
:100370001300000013000000130000001300000031
:100380001300000013000000130000001300000021
:100390001300000013000000130000001300000011
:1003A0001300000013000000130000001300000001
:1003B00013000000130000001300000013000000F1
:1003C00013000000130000001300000013000000E1
:1003D00013000000130000001300000013000000D1
:1003E00013000000130000001300000013000000C1
:1003F00013000000130000001300000013000000B1
:10040000F322003093F272FF130380781203B3E2F9
:100410006200711523205500130585FA10C12115BE
:10042000232005009302000063870200711523203A
:100430000500FD12D5BF71150CC1828000000000BF
:1004400000000000000000000000000000000000AC
:10045000000000000000000000000000000000009C
:10046000000000000000000000000000000000008C
:10047000000000000000000000000000000000007C
:10048000000000000000000000000000000000006C
:10049000000000000000000000000000000000005C
:1004A000000000000000000000000000000000004C
:1004B000000000000000000000000000000000003C
:1004C000000000000000000000000000000000002C
:1004D000000000000000000000000000000000001C
:1004E000000000000000397101436EC619A0397187
:1004F00041536AC866CA62CC5ECE19A039710153F5
:100500005AD056D252D44ED64AD826DA22DC06DE4B
:1005100033016140828241114AC026C222C406C60C
:100520008282B24D4101024D924C224CB24B4101AC
:10053000024B924A224AB249410102499244224462
:10054000B240410182803D432A876373C30293779F
:10055000F700BDEFADE5937606FF3D8ABA960CC372
:100560004CC30CC74CC74107E36BD7FE11E2828036
:10057000B306C3408A069702000096966780A600DD
:100580002307B700A306B7002306B700A305B700EB
:100590002305B700A304B7002304B700A303B700E3
:1005A0002303B700A302B7002302B700A301B700DB
:1005B0002301B700A300B7002300B700828093F5A2
:1005C000F50F93968500D58D93960501D58D61B76E
:1005D000939627009702000096968682E78086FA17
:1005E0009680C1171D8F3E96E374C3F8A5B72320EC
:1005F000150040C104C52326250123283501232ADF
:100600004501232C5501232E650123207503232248
:100610008503232495032326A5032328B503232A32
:10062000250200FD24E12724250527283505272C50
:100630004505272055072724650727287507272CF8
:100640008507272095092724A5092728B5090145ED
:10065000828083200500404104450329C500832989
:100660000501032A4501832A8501032BC501832B3C
:100670000502032C4502832C8502032DC502832D20
:10068000050303214503007D24610729850487298B
:100690000505072A8505872A0506072B8506872B6A
:1006A0000507072C8507872C0508072D8508872D4A
:1006B000050913B515002E9582803367B500FD53EB
:1006C0000D8B79E7B7877F7F9387F7F710419441C8
:1006D000B372F6003363F600BE92B3E26200639534
:1006E000720C6318D6065041D441B372F6003363DE
:1006F000F600BE92B3E262006396720A631BD604F0
:1007000010459445B372F6003363F600BE92B3E22F
:100710006200639F7208631ED6025045D445B372CF
:10072000F6003363F600BE92B3E26200639872088B
:100730006311D60210499449B372F6003363F60090
:10074000BE92B3E26200639172085105D105E30FD6
:10075000D6F61317060193970601631CF70013578B
:10076000060193D706013305F7409375F50F91E91C
:1007700082804183C1833305F7409375F50F91E182
:1007800082801377F70F93F7F70F3305F7408280D6
:1007900010219421050585056313D60075FA3305EC
:1007A000D640828011059105E314D6FE0145828072
:1007B0002105A105E31ED6FC014582803105B10566
:1007C000E318D6FC014582804105C105E312D6FC41
:1007D0000145828001A037A501005D711305C5891F
:1007E00082E686E48AE28EE012FE16FC1AFA1EF811
:1007F0002AF62EF432F236F03AEE3EEC42EA46E8C1
:1008000072E676E47AE27EE0EF60410001A09D4767
:1008100063E9A704EFF23FD0E9679387C78A0A0527
:100820003E951C4182873715014093050002130550
:100830000580EFD0102011B389453715014013050D
:1008400005C0C5BF9145D5BFA145C5BFC145F5B7D9
:1008500093050002DDB793050004C5B793050008B2
:10086000E9BF0145828037050020130545288280B5
:10087000EFF27FCA0111A1475C84B707002093877C
:10088000C7273EC8B7070020938787283EC6B7070B
:100890000304D1073ECA8947230CF100B7170000B3
:1008A0009387E78028003ECEEFC09078056171B154
:1008B000B707002003C527298280EFF25FC34D3FB1
:1008C000EFC070761C4137040020E964232AF42825
:1008D000B70B0020130444299D49370A0020938454
:1008E000C48C930A00F8130B000437090020054557
:1008F000EFE0307EEFC010790840EFE0C07065D9BE
:1009000008407D5693850B29EFE0804A138C0B2914
:1009100003470C0093860B2993073A2963E6E90401
:100920000A07269718430287054798A38C321306B7
:100930000008982393062929834729296399C5022A
:10094000D98F9CA26DB70947CDB71147F9BF214791
:10095000E9BF4147D9BF13070002C1BF2380670128
:10096000F1B723805701D9B723800700C1B71347D8
:10097000F7FFF98FF9B7EFF21FBA1145EFD0A04496
:100980000545EFD0B00E0545EFD070108547E30C5C
:10099000F5FE371501408565130505C0EFD0100A37
:1009A00069BEEFF25FB7EF40212CB7A7010003A6A5
:1009B000078F83A6478F37A40100EF20717E03269F
:1009C000848F8326C48FEF20216AEFF0E07C03261A
:1009D000848F8326C48FEF20B17CEF40011842053D
:1009E0004181A1BEB7070020938787293E95A30FB9
:1009F000B5FE82801307F003636AA700EFF2BFB170
:100A00004D37370700202318A72205BE9307F003B0
:100A1000370700202318F72282809307F00363EF43
:100A2000A702EFF25FAFB7A7010007A70790D37740
:100A300015D0B7A701009D45D3F7E71807A7479042
:100A40000545D3F7E710539617C0050642064182C5
:100A5000EFD0F0220545EFD0102BC5B48280EFF225
:100A60009FAB370700208357472A9306F0031307ED
:100A7000472A8507C207C18363E1F60A1EA3B707A9
:100A8000002083580700370700209386072A035762
:100A900007232390060023810600B70600209386D3
:100AA000862988228C32B0229387072A63FCE802C9
:100AB000B70600209386C6293367B50003C8060031
:100AC000518F1347F7FF1377F70F3378070123810F
:100AD000070103C81600B42233780701758FA3807D
:100AE000070198A3370700200357272363FBE8007B
:100AF000B823598D9833A8A3D98D98238CB3598ED8
:100B000090A3371501408565130505C0EFD04073EC
:100B10008D451145EFD080290DB42310070085B70E
:100B2000EFF27F9F2D3F11BCEFF2FF9E2A84EF1062
:100B3000601D85476318F5020146FD55AA8422858C
:100B4000EF1060398145EFC0B025530500F0631602
:100B50009500B7A7010007A587902285EF10A04F49
:100B60000545E1BA0145F5BFEFF2FF9A2A84EF107F
:100B7000601901CD8547630DF5000145537505D01A
:100B80002285EF10404D05454DBAEFC01005FDB769
:100B9000014685452285EF100034EFC03006F9BFCD
:100BA000EFF2DF950111AA89EF10C01505C985473D
:100BB00001446312F5020D4685454E85EF00C208DB
:100BC000014685454E85EF1000312AC42800EFC04C
:100BD00090052A8409E92285056199BA2800EFC0A9
:100BE000902E0144CDBF0086240001498504E354C2
:100BF00089FEDC204E85050953F517D0EF10A0457E
:100C0000F5B7EFF2BF8F01112A84EF10A00F8947CB
:100C10006315F5041546FD552285EF00E2020146F5
:100C2000F9552285EF10202B2AC42800EFC0A07FA1
:100C300085476315F504FD552285EF0062692400A0
:100C400005499379F50F850463DD2901B7A70100F4
:100C500007A587902285EF100040054505616FF0DC
:100C60003F8DDC20228553F517D0EF10C03E4A8619
:100C7000F9552285EF10A0730509F1B7530500F06F
:100C80002285EF10403DD1BFEFF2FF882A84EF109C
:100C9000600789476312F502014685452285EF10FA
:100CA0008023AA84894501462285EF10C0229375CE
:100CB000F50F13F5F40F3D336FF03F88EFF2BF856A
:100CC0002A84EF1020048547631AF5000146854504
:100CD0002285EF1040201375F50F293B01456FF079
:100CE000DF85EFF25F832A84EF10C0018547631A26
:100CF000F500014685452285EF10E01D1375F50FBF
:100D0000293B01456FF07F83EFF2FF802A84EF00DB
:100D1000707F89476310F502014685452285EF10F3
:100D2000801B014689452285EF10E01A420541816A
:100D3000EFC0301E01456FF05F80EFF2CFFD2A84D7
:100D4000EF00507C85476319F5000146FD5522856B
:100D5000EF106018EFC0102401456FF00FFE37054B
:100D600000201305C52A8280EFF2EFFA1C4163DBF5
:100D70000700860785831CC185471CC9EFC0B00FDB
:100D80006FF0AFFB23280500D5BFEFF22FF701115D
:100D9000AA890949EF0010776351A9042A8A0146FC
:100DA00089454E85EF1020138545EFC0607F93077E
:100DB000EAFF64002308F1000144A68A330949418F
:100DC0008347010185040146634DF40085454E8546
:100DD000EF1060102AC65685413F014505616FF04E
:100DE0002FF5B30589004E85EF10E00EC8A005046D
:100DF000C1BFEFF2AFF001112A89EF00B070137597
:100E0000F50F2308A100854763F3A702640001449E
:100E1000A6898345010185040146FD15634DB40093
:100E200085454A85EF10200B2AC64E85353F014582
:100E300005616FF0EFEFB305B4404A85EF10A009EC
:100E4000C8A00504F9B7EFF20FED01112A84EF00F5
:100E5000706B8D476315F5028D452285EF00907804
:100E60009547631EF500014689452285EF10A006CF
:100E70001375F50F2308A100A14763F9A7040145E5
:100E800005616FF08FEB138914004A868D4522852A
:100E9000EF1060380146FD552285EF10C0031C108D
:100EA000BE94A388A4FEF9552285EF009066937442
:100EB000F90F83470101E3E8F4FC014685452285EB
:100EC000EF1060012AC66800453555BF8144D5B78B
:100ED000EFF26FE1370900202328092A8144130922
:100EE000092BB7090020B71A000037AB0100B71B68
:100EF000000037AC0100B71C000037AA010005450F
:100F0000EFE0301D83270900C1C30547E399E7FEE1
:100F10000145EFD0C0471384892AAA852A8D08404D
:100F20008504C204EF100014832D0400EFF05F98D5
:100F3000AA856E85EF100013084009468145EF40F1
:100F4000F003B707002023AAA72AC1801307803E19
:100F5000938D472B639AE40037A50100EA851305BA
:100F6000059EEF50A17881440145EFD0204103A7B1
:100F70000D00854763E9E7200545EFE0901508403F
:100F8000F955EF001059A5BF1384892AEF00C2312B
:100F900008C0EF0092540840014693852ADFEF1005
:100FA000201B08409305CB90371D0000EF10003C3C
:100FB0000840014693856BE4EF10801908409305C3
:100FC0004C91EF10A03A0840014693858CB6EF1083
:100FD00020180840B7A5010093850592EF1000394D
:100FE0000840014693050DBAEF1080160840B7A5DA
:100FF00001009385C592EF1060370840B7150000D7
:1010000001469385A5D8EF10A0140840B7A50100AC
:1010100093858593EF1080350840014693050DBAFE
:10102000EF1000130840B7A5010093858594EF10D9
:10103000E0330840B71500000146938585B2EF10F4
:1010400020110840B7A5010093858595EF10003267
:101050000840B715000001469385A5D3EF10400F57
:101060000840B7A5010093858596EF102030084011
:10107000B71500000146938525C0EF10600D0840AC
:10108000B7A5010093858597EF10402E0840B7154E
:1010900000000146938585D0EF10800B0840B7A56E
:1010A000010093858598EF10602C0840B71500006B
:1010B0000146938525CEEF10A0090840B7A5010091
:1010C00093854599EF10802A0840B7150000014626
:1010D0009385C5CBEF10C0070840B7A501009385E5
:1010E000459AEF10A0280840B715000001469385E7
:1010F00085C8EF10E0050840B7A501009385859BE2
:10110000EF10C026084001468D45EF10005B931597
:10111000A50013050A9CEF50615D0840B705020069
:1011200093858510EF006215854519E908408145D2
:101130008147014781467D56EF108046B335A000B8
:1011400037A50100B70700201305C59C23AAB72ABD
:10115000EF50C159084001468D45EF1000569315D8
:10116000A50013050A9CEF5061580145EFD06013AC
:101170000840B7A501009385859DEF10A005854720
:101180002320F900ADBB08400146FD55EF00F059A2
:10119000AA8537A501001305059FEF502155894702
:1011A0002320F900E9BBEFF20FB7094551210522D1
:1011B000EFE0506FEFE0D164716513050520EFE0BB
:1011C0001071B707002083A5472337A50100130539
:1011D00005A0EF50A151EFF0C144EFF0C13AEFE0AC
:1011E000A03201A0B71702409843B706FFF04111A3
:1011F0001367170098C3D84337060200758FD8C30A
:101200009843B706F7FEFD16758F98C39843B70647
:10121000FCFFFD16758F98C3D843B70601FFFD1676
:10122000758FD8C337079F0098C702C402C698437A
:10123000C166558F98C3B716024005679C42F18F6F
:101240003EC6A24785073EC4B24781E7A247E3975F
:10125000E7FEB71702409C431397E7006357070662
:1012600085473EC632478547631FF704B7170240DC
:10127000D843B706C1FFFD16D8C3D843D8C3D84357
:1012800013670740D8C3D843758FD8C3D843B70670
:101290003D00558FD8C39843B7060001558F98C3BA
:1012A000984393166700E3DD06FED843B716024065
:1012B000719BD8C3D84313672700D8C32147DC42AA
:1012C000B18BE39EE7FE4101828002C661BFB71683
:1012D0000240DC421146B18B138741806385C70011
:1012E00021466388C702B7177A00938707201CC37B
:1012F000B7170240DC43918393F6F700B70700204D
:1013000093870700B69794231C43B3D7D7001CC319
:101310008280DC42D4424166C983BD8BF18E89074D
:1013200045466393C700C94781EEB746024083A68E
:101330000680C18A89CEB7167A009386062021A836
:10134000B7160240D4421396E600E35606FEB716DF
:101350003D0093860690B387D70251BFB727002080
:101360009387872B1CC1B72700209387879F9CC139
:10137000930700101CC28280B72700209387073C88
:101380001CC1B7270020938787DF9CC193070010FB
:101390001CC2828001A097F1FF1F9381A169177180
:1013A0000020130121C617B501001305E53A97F592
:1013B000FF1F938525C51386C18463FAC500832268
:1013C000050023A0550011059105E3EAC5FE17F5B8
:1013D000FF1F1305E5EA972500209385E5826377D3
:1013E000B500232005001105E36DB5FEFD427390A5
:1013F00002BCFD4273904280B7820000938202805B
:101400007390023097F2FFFF938202C093E23200A2
:1014100073905230EFF01FDD970200009382E2D804
:1014200073901234730020309317350063DA07008D
:10143000B707024083A707407D8D3335A000828027
:101440009317250063D70700B707024083A7074D0E
:10145000E5B7B70702409C43C5B79317350063D77C
:101460000700B707024023A2A740828093172500F8
:1014700063D70700B707024023AAA74C8280B707AB
:101480000240C8C38280EFF20F89793F6FF0EF8A84
:10149000EFF26F88D9376FF04F8A9C4513F7070139
:1014A00013F8F70001C7D8413368E8008E2113F71D
:1014B000F50F39C318418146854E3D4F930F800289
:1014C00093028004214E3396DE00B3F8C500631109
:1014D00016039398260033131F011343F3FF33774A
:1014E000E300B318180133E7E800639FF70550C91C
:1014F0008506E39AC6FD18C11307F00F6375B7049C
:1015000054412146854E3D4F930F80029302800443
:10151000414EB398CE0033F715016392E8021317DA
:10152000260001173313EF001343F3FFB376D30004
:101530003317E800D98E639DF701232A15010506AC
:10154000E319C6FD54C18280E39457FA10C94DB720
:10155000E39757FE23281501DDB7B7070140635A0B
:101560000504DC4F935605011318050137073000B9
:1015700013F6F60013580801B376E500635005062C
:10158000639BE602930606010D46B316D60093C68A
:10159000F6FFF58F99C9135755011377F73F1207D7
:1015A0003317E800D98F63570504370701405CCF34
:1015B0008280DC4345BF1317B500635607008D4694
:1015C000B396C600E9B7135755011377F73F1207D3
:1015D0003317E8001347F7FFF98F6DBF6390E602FA
:1015E000370601405442370700F17D17F98F758F98
:1015F00058C2D5F1370701405CC382801317B5008C
:10160000635C07008D46B396C60093C6F6FFFD8E59
:10161000B707000FD58FF1BF1357550112073317C6
:10162000E8001347F7FF7D8FB707000FD98FD1B7B9
:10163000B707002023ACA72A8280371702405C43FB
:101640009146B18B6385D700A1466382D706B71751
:101650007A00938707201CC1371602405C42370787
:101660000020130707019183BD8BBA9794231C4177
:10167000B3D7D7005CC15442A1829D8ABA96942206
:10168000B3D6D70014C55442AD829D8A369718232D
:10169000B3D7E7005CC55842398393763700138788
:1016A000818036971823B3D7E7021CC982805C4338
:1016B00054434167C983F98E37F7FF1F0327C7706B
:1016C000BD8B89071316170163480600454601477D
:1016D0006392C702C94739A809476389E7023D47B2
:1016E0006388E70241476388E70245460147639301
:1016F000C700C14785E6B746024083A60680C18A77
:101700008DC6B7167A009386062025A00147D9B763
:101710000547B547C5B70147BD47E9BFB716024002
:10172000D4421396E600E35E06FCB7163D009386AE
:101730000690B387D7021CC105D31C41858321BF06
:1017400099C5371702405C4B5D8D48CB8280B71737
:101750000240D84B1345F5FF798DC8CB828099C5DF
:10176000371702401C4F5D8D08CF8280B7170240AB
:10177000984F1345F5FF798D88CF828099C537172B
:1017800002405C4F5D8D48CF8280B7170240D84F32
:101790001345F5FF798DC8CF82801E31922103D881
:1017A0002500C207C183F99BC207C1831EB11E3148
:1017B00056211A2DC207C183420741831377C7F808
:1017C000518F9225F59BC20633660601D18F3736BD
:1017D0000140130806C0C182630E050113060640CE
:1017E000630AC50037560140130806C063040501AB
:1017F0006310C502B225DD9B03D8E500D18FD2214D
:10180000ED9B93F6F6CFD18FD22533660601D18EAC
:1018100056A11AADFA215AB91EB182801E316577E0
:101820001307F7CFC207C183BD9BC207C1831EB197
:101830001E31562103D88500C20713960601162DC6
:10184000C18393F7F7FD758F96214182A206558FCC
:10185000B62142074183B3E606019206D58FB7361B
:101860000140C207138806C0C183630E0501938639
:101870000640630AD500B7560140138806C06304CA
:101880000501631ED502B62593F7F7F703D8C50007
:101890009206D58FD621C207C183920693F7F7FB34
:1018A000D58FFD769386F63FF18EF225C207C18370
:1018B000336606010A06D18E13960601418252A1B3
:1018C0001AADFA211ABD1EB182801E3103D88500DF
:1018D000C207C18393F7F7EFC207C1831EB11E3160
:1018E00056215A2DC20713960601420796214183BD
:1018F0001377C7F8558FB621C18393F7F7DFB3E6A7
:101900000601A206D58FB7360140C207138806C06C
:101910004182C183630E050193860640630AD500A8
:10192000B7560140138806C063040501631FD50242
:10193000FD769386F67FF58FB62503D8C500A206FF
:10194000D58FD621C207C183A20693F7F7BFD58FE3
:10195000F576FD16F18EF225C207C18333660601C6
:101960001206D18E13960601418252A15AADFA2178
:101970005ABD1EB182801A31FD77FD17F98F1EB155
:101980000358050256215E2D6577139606019621B0
:101990001307F7CF7D8FF977A206FD17558FB3F7A1
:1019A0000701B62103D8850042074182B3E606014C
:1019B000B206D58FB7360140C207138806C04183EF
:1019C000C183630E050193860640630AD500B756AE
:1019D0000140138806C063040501631BD500F1763E
:1019E000FD16F18ED2251A06D18E1396060141827C
:1019F00052A15AADFA212310E5041EB182801E299E
:101A00004A25ED8F4205418189C76D8D3335A00090
:101A1000828001458280EFE21FB01629F577FD171D
:101A2000F58FF621DA257971D58F1EA95625FD7718
:101A30009387379FF58FD6212A842EC6D58F96257A
:101A4000D58FB625D58F5EA55E29C207C18393F7D2
:101A5000F7CFD98F5EA96808CD36B7470140938785
:101A60000780B245631EF402A2576547B387E702B9
:101A70009841930640060A07B3D7E70233D7D70247
:101A8000B3F7D7021207920793872703B3D7D7027A
:101A9000BD8BD98FC207C1831EA445616FE0FFA92A
:101AA0009257E1B791C55E250967D98F5EA58280FF
:101AB0005A25F977FD17F98FD5BF93F5F51F4EA17C
:101AC00082800A216D8D3335A00082805449635C89
:101AD000B000939735008C42BE955C4563EFF500EE
:101AE0009385418219A8B7C7F0FF1387979D63C8F4
:101AF000E500939735004C45BE952E85828013876F
:101B0000879D6396E5000C4993854502FDB7944295
:101B10005946C842E306C5FC88420D8F7421E3C1D3
:101B2000E6FCB385B7409385959D8E05AA95F1B7E0
:101B3000EFE27F9E8C41EF3000636FE01FA0EFE289
:101B40009F9DAE84B2852A84EF80D00FD440930746
:101B500050042A8901476398F602AA858840EF80DD
:101B600010565C412A8785C35C441441A10723AC0D
:101B7000D7FE584123AEE7FE5CC45C4403A5C7FF13
:101B80003D896FE09F9B5444A685228523A02601B2
:101B900083474900368693E70704DCC293878600B3
:101BA0005CC4EF90503FD1BFEFE2FF96AE8441118D
:101BB000B2852A84EF801009D440930750042A8903
:101BC00001476398F604AA858840EF80504F5C4136
:101BD0002A87A1C3544483A7C6FF93F7070499CF6C
:101BE0008C40DC31918B99CB83A786FFDC338D8BC6
:101BF00091C72AC62285EF40900932475C4483A6EC
:101C000087FFE11714C3D44354C35CC441016FE0A0
:101C1000DF925044A6852285232026018347490070
:101C2000930686FF93E707045CC2930786005CC4B3
:101C3000EF9070415C44C117C9BFEFE2DF8DD04126
:101C40008C41EF3090316FE05F8F41116364B500DC
:101C500041018280944118415C4114C1D441210565
:101C6000E115232ED5FE98C5DCC5CDB7EFE2BF8ABE
:101C70005C45544D41112EC69D8E8D862A840329C4
:101C8000450163C6D502145137470F0013070724D7
:101C9000958F8D870D8F950781446346F702B72591
:101CA00000007000938505B3EF30603E09EDB24748
:101CB0008544139737005C44BA970327490063743F
:101CC000F7002322F900268541016FE01F871C4998
:101CD000E857ECD7828001C51C49E85B82801385F8
:101CE00001828280B7470F00938777623387F500C0
:101CF00063E8E70058495C451843998F8D87BE9586
:101D00002E8582805C4948459C43A1071D8D0D8529
:101D10008280938715008E0763C0050258491843D7
:101D2000BA9758456364F7005CC5828093068700C4
:101D300054C523220700F5B75845BA97F5B7EFE227
:101D40008FFD444532845933E1142A8963410402EA
:101D50000E0433848440A2854A85C53DA6851305BB
:101D60008400E535A6854A85CD356FE00FFD050475
:101D700061563304C4022A94F9BFEFE2CFF93289E5
:101D8000AA84A9332A84CA85268589331C401CC1AC
:101D90005C405CC1B7C7F0FF9387879D6353F9022E
:101DA0005C4093F7070491CFDC489C438C43DC31C3
:101DB000918B81CB10405C328D8B81C72685EF40A3
:101DC000606A6FE08FF7EFE20FF54045AA84FD39B6
:101DD0001C412104232CF4FE5C41232EF4FEC0C4DC
:101DE0006FE0AFF5EFE22FF3D531938741826306C1
:101DF000F50048413D896FE04FF47D55EDBF850505
:101E0000ED679387C7008A05BE9588418280EFE21F
:101E10008FF06D3948413515133515006FE0EFF13E
:101E2000EFE26FEF41115D3158418D476308F700D4
:101E30006C00EF90300641016FE02FF00545E5BFE3
:101E4000EFE26FED613148413D897515133525008D
:101E50006FE0AFEEEFE22FEC41112A8932C6138416
:101E60004182AD31630185023246AA844A85B2853A
:101E7000B1392A86014563058600A685EF90305268
:101E800041016FE08FEB0145E5BFEFE2CFE82A8427
:101E90002E854C44EF50B05701C55C44A1075CC48B
:101EA0006FE0AFE9EFE22FE741113284EFF01FC29C
:101EB00054410D47639BE6001C6105453EE611C099
:101EC00008C0326541016FE04FE76C00EF90807C05
:101ED0007DF502C6EDB7EFE20FE441113284EFF079
:101EE000FFBE54414D47639BE6001C4105453EC67D
:101EF00011C008C0324541016FE02FE401466C007B
:101F0000EF90807F75F502C6E5B7EFE2CFE0EFF026
:101F1000FFBB5841814719C785476315F7001C412E
:101F2000B337F0003E856FE04FE1EFE2CFDEAA84E9
:101F30002E893284EFF09FB95C411147BD8B638AD3
:101F4000E7020D476388E700014519C0232004001C
:101F50006FE0AFDEAA852685EF5050689C48DC47CD
:101F60006355F0002685EF403027CA852685EFF0BF
:101F7000FFB501C81C411147D4236397E600FC3329
:101F80001CC008414105E9B7DC47DDBFEFE2AFD82F
:101F9000EFF0DFB35C41154793F7F7036386E70281
:101FA0006348F7001147638EE70001456FE0EFD803
:101FB0001D476385E7005147E399E7FE1C41C84789
:101FC000F5B71C41E833DDB70841EF80F050F9BFA9
:101FD000EFE26FD4EFF09FAF584189473D8B630B21
:101FE000F7009D4681476314D7001C41E1073E85F9
:101FF0006FE0AFD41C41E5BFEFE2EFD1EFF01FADD2
:102000005C411D4793F7F703638CE702634EF700CB
:102010008946638AD702014763C5D700954663D4D2
:10202000D7023A856FE06FD15947638EE7001307F7
:102030006002638AE70021476387E7000147D5B75D
:1020400018416107F9BF1841E9BF5C4523A20700A9
:10205000A1075CC582805C450D4788E3D8C3A10712
:102060005CC582805C454D478CC3D8C3A1075CC565
:102070008280EFE24FCAAA8405EEB7A501009385DE
:10208000459DEF80203CDC442A8488C35821A10769
:102090001367070423AEE7FEDCC49C48DC476355A6
:1020A000F0002685EF405013130504016FE0EFC8E0
:1020B000EF804035C9BFEFE20FC6AA8495E15C45C9
:1020C0002E8423A20700DC44A107DCC49C48DC4723
:1020D0006355F0002685EF40301022856FE0EFC594
:1020E000EF804036D8441304050108C35C2193E710
:1020F00007045CC3C9BFEFE20FC22A84EF50D05976
:102100001C48AA84DC476355F0002285EF40D00CC0
:1021100026856FE08FC2397132D4301022CC26CAA6
:102120002A843EDA06CE36D63AD842DC46DE32C6BD
:10213000EF5090561C48AA84DC476355F000228576
:10214000EF409009F24062442685D24421618280AA
:10215000EFE26FBC41112A84AE8411EA5C45594715
:102160008CC3D8C3A1075CC541016FE00FBDB28528
:1021700032C6EF3030063246584444C59317360015
:10218000B307F7405CC4FD557D166310B602130714
:10219000600688C3D8C3A1075CC41C48DC47E3556C
:1021A000F0FC2285EF405003C1B713173600B30689
:1021B000E5003E970328070023A806015843D8CA24
:1021C000E1B75C45B335B00005478CC3D8C3A10760
:1021D0005CC58280EFE22FB41C492A844111C853A8
:1021E0002EC68945EF8060653246AA852285EFF0CC
:1021F0001F9541016FE06FB4EFE2EFB141112A8406
:1022000032C6EFF0BF8C3246AA852285EFF03F93AD
:1022100041016FE08FB2EFE20FB02A843289EFF014
:10222000FF8A544193075004AA8401476398F60239
:102230000841CA85EF8060605C412A8785C35C44A1
:102240001441A10723ACD7FE584123AEE7FE5CC47E
:102250005C4403A5C7FF3D896FE02FAE5444CD47D2
:10226000A685DCC223A02601938786005CC436863F
:102270002285EF904052E9BFEFE2EFA9AA84EFF088
:10228000FF84C0440841930584FFEF80C0651C4172
:10229000232CF4FE5C41232EF4FEDC4403A5C7FF8F
:1022A0003D896FE08FA9EFE20FA741112A8432C662
:1022B000EFF0DF81324608414444B285EF80E057B9
:1022C0001C419CC05C41DCC05C44C8431387870050
:1022D00058C43D8941016FE04FA6EFE2CFA3411101
:1022E0002A842EC632C4EF80804E5C44130750040B
:1022F000B24588C3D8C3A1075CC4A2466344B000FA
:102300006357D0002E86AA852285EF8060671C481F
:10231000DC476355F0002285EF40006C41016FE01F
:10232000CFA1EFE24F9F2A84EFF04FFA5C411547AF
:10233000BD8B638CE7001D476387E70218489387CE
:1023400047038A07BA97D84719A01C41984F0145FF
:1023500009CB5C44054598C313075004D8C3A107B3
:102360005CC46FE08F9D1C419847D5B7EFE2AF9AF0
:102370001C492A844111C8532EC68945EF80E04B81
:102380003246AA852285EFF03F8241016FE0EF9A45
:10239000EFE26F9841112A8432C6EFF02FF33246F4
:1023A000AA852285EFF05F8041016FE00F99EFE28F
:1023B0008F9641112A843289EFF04FF154419307EF
:1023C0005004AA8401476398F6040841CA85EF8047
:1023D000C0465C412A87A1C3544483A7C6FF93F734
:1023E000070499CF8C40DC31918B99CB83A786FF72
:1023F000DC338D8B91C72AC62285EF4040093247D6
:102400005C4483A687FFE11714C3D44354C35CC460
:1024100041016FE08F925044CD46A68554C22320DF
:1024200026019306860054C42285930686FFEF900A
:1024300080415C44C117E1BFEFE2EF8D2A84EFF0E9
:10244000EFE850440C41AA8441162285EF80100623
:102450005C4403A787FF18C183A7C7FF5CC19C40EA
:102460002383070058448327C7FF93F7070489CFC6
:102470008C40DC31918B89CB832787FFDC338D8BBC
:1024800081C72285EF40A0005C44C1175CC46FE0A7
:10249000CF8AEFE24F8841112A8432C6EFF00FE372
:1024A00054440C413246AA84E1162285EF808049CB
:1024B00058448327C7FF93F7070489CF8C40DC314A
:1024C000918B89CB832787FFDC338D8B81C7228556
:1024D000EF30F07B5C44E1175CC441016FE0EF85B5
:1024E000EFE26F83AA84EFF06FDEDC442A890144B7
:1024F00003A7C7FF19C303A487FF83274900154714
:10250000BD8B638CE7001D476385E704984893877C
:1025100047038A07BA97C0C73DA08327090080CF29
:102520001DC083250900DC31918B81CB5C308D8B04
:1025300089C722862685EF30F0728325090022861E
:102540002685EF400039DC440545E117DCC46FD037
:10255000DFFE8327090080C7E1B7EFD2DFFB8505E7
:10256000E157B387F5024C452A84B284BE9505C76E
:102570008357C5068DE35C4998CB94CFEF30401864
:10258000FD576398F4005C485844D44363F3E60075
:10259000D8C36FD09FFA26862285EF30001CCDB7B6
:1025A000EFD2DFF501112A84AE84B2890329050236
:1025B00091CAB6853EC63AC4EFF04FD1B247224722
:1025C000B306254193851400E154B3859502504428
:1025D000B2952ECC81C70356C4060DCA3687B38682
:1025E0002541B725000030089385A5C322854ECE2E
:1025F000EF30E02FFD576398F9005C485844D4430E
:1026000063F3E600D8C305616FD09FF24448338975
:10261000254122859CC87C4C98CC23AE2401DCC883
:10262000BE300347440774CCF99BD98F93E7070169
:10263000BEB04E86EF30C00CBE300145BD9BBEB073
:10264000DC487CCC45BFEFD21FED79712A84B6847B
:1026500089E6B7A40100938404A6B28622852E865B
:102660006C083AC6EFA0D047324726866C08BA8677
:102670002285EF30602DAA840DED5C4403A987FF0D
:10268000834769009DC71C488945C853EF80E01AFD
:10269000832509011C4198411CC35C415CC393F72D
:1026A000070481CB938785006315F7002285EF30FF
:1026B000105F268545616FD05FE8EFD23FE4A54704
:1026C000004963E2B70C6967939725001307C7A217
:1026D000BA979C432A898287A30904022E856FD06A
:1026E0003FE581452285EF70E07F8547A309F4022D
:1026F0008145EDB78145EF40C036DDBF0C4448440D
:10270000AA95A981E1BF0C444844AA9593F5F53FE9
:10271000F1B7854783493403A309F4020DE2930519
:10272000009C2285EF70007C4A85EF40E02AA309D7
:10273000340383451403E51593B5150045B74444A8
:102740002A062285B294A685EF70C07983270901F5
:10275000DC476355F0004A85EF400028A3093403A5
:102760008145E34890FC9DBF6C5070D085BF9307B6
:1027700080022C546354F6001306800230D4B9BF93
:1027800083453403A1BFFD5591BFEFD2DFD8EF20C1
:10279000E051EFD25FD82A84EFF04FB350440C41A0
:1027A00022856116EF70107458449307870019E171
:1027B000930787FF5CC46FD05FD8EFD2DFD50547A2
:1027C0002A84635DB700EF90C0511C48DC47635515
:1027D000F0002285EF4040206FD03FD6FDF5444504
:1027E000B7A5010001469385459DEF70B04188C0B3
:1027F0005C2193E70704DCC05C44A1075CC4F1B72B
:10280000EFD27FD12A84EFF06FAC4C442A86228528
:10281000EF9080645C44A1075CC46FD01FD281C577
:102820001C49DC439CC11C4988438280EFD2BFCE47
:102830002A84EF70B0465C4413077004AA8488C3EE
:10284000D8C3A1075CC41C48DC476355F00022854F
:10285000EF408018138584016FD03FCEEFD2BFCBFD
:10286000411132C6AA84EFF06FA65C411947324687
:1028700093F7F7036382E70613076002014463944A
:10288000E7080C416351C008FC2163CEC70605066A
:102890000E0637A40100B386C50081471304449D8A
:1028A000D844130687FFD0C4032687FF90C20326AF
:1028B000C7FFD0C2BDC18327C7FF93F70704A1C7D5
:1028C000DC31918BA9C3032687FF5C328D8B85CFCA
:1028D0002685EF30303905A81C410144CC476354AC
:1028E000C002D8456341C702130736000A07BA97EA
:1028F000B8410E069C433A96032486FF944301C8D0
:102900004104814551FC228541016FD01FC337A48A
:1029100001008145130444A561B7F5D79443D8421B
:10292000137707046DD313878700E39EE6FCBE850B
:102930002685EF30D036C1BFDC41014589C78841CB
:102940001CC223A20500828019E201458280EFD2D9
:10295000FFBA2E89FD552A84B284EFF0AFC895479F
:10296000631CF5002285EFF04FEE9149FD14F955F7
:102970002285EFF01FE201E501456FD07FBBF955DD
:102980002285EFF02FC6631E35057D56CA85228548
:10299000EFF04FCC19C52285F955EFF08FB70545FB
:1029A000E9BF2686CA852285453705CD7D56F9556E
:1029B0002285EFF0CFB8F9552285EFF08FB5B7A596
:1029C0000100938545D22285EFF0EFEE0546F955DB
:1029D0002285EFF0CFB622858D45EFF01FDE05454D
:1029E00069BFF9552285EFF0CFB251B7EFD21FB1D1
:1029F00041112A842EC6EFF0EFB03246B7A5010090
:102A00002A89938585B62285EF10707637A6010056
:102A1000B7C5F0FF130686A99385859D2285EFF043
:102A2000AFFD930919000946CE852285313F39C98A
:102A30000146FD552285EFF04FCFB7A501000D46A9
:102A4000938505AAAA84EF40A15419ED938534001B
:102A50002285EFF04FE6F95522857D56EFF02FAE37
:102A6000F9552285EFF0EFAA4E86FD552285EFF04D
:102A7000CFB0F5552285EFF0CFA9854426854101D9
:102A80006FD01FABAA84CA852285EFF08FA8FDB74F
:102A9000EFD27FA89C412E84B2846359F0001CC2FF
:102AA00023A00500130584006FD03FA9D441014540
:102AB000DE2693F70702EDFB13060040854513055C
:102AC0008400EF20914788C0F1BFEFD2DFA483A735
:102AD000C1810146FD55C447EFF02FC5B7A50100E0
:102AE0002A86938545A62685EF20513583A7C18187
:102AF000C847EF20F10B01456FD03FA4EFD2BFA133
:102B000041112E8481EA2E85EF30A1250145410136
:102B10006FD0BFA2B685228532C636C4EF30D14F02
:102B20007DF575D4A2463246E363D6FE2285C5B74D
:102B3000EFD2DF9CB7A401002A842E892320050050
:102B40009384C4ACFD594840EF30C1076305350399
:102B5000850483C7F4FF6310F5021C401387170038
:102B600018C0A29788A783870400F1FF484023205C
:102B70000400EF3021052320A9001307300281470C
:102B80006311E502FD59A9444840EF30A1036304F5
:102B90003501E31B95FE4840EF30C1022320A90018
:102BA00085473E856FD0DF98EFD2FF96328937A6F2
:102BB0000100130606AD2A84AE84EFD0712D914733
:102BC0006317F5020146FD552285EFF00FB6B7A554
:102BD0000100AA864A86938585DC2285EFF0AFD373
:102BE0002A86A6852285EFD091756FD01F95A68580
:102BF0002285EFF02F9F8947630BF500A68522857C
:102C0000EFF04F9EAA852285EFF06F9FC9B737A5D9
:102C10000100130585DB65BFEFD25F8E41112E8A5F
:102C20006C003289AA89EFF09FBFAA84D2854E85B5
:102C3000EFF00FBA50410C412A843245CA86829483
:102C4000AA8411ED630D0900D28501464E85E9374E
:102C5000B7A50100938545AA4E85EFD0F14204C087
:102C600023222401268541016FD09F8CEFD2BF8A99
:102C700001468545EFF05FFA01456FD01F8CEFD21A
:102C80009F8985452A84EFE0C11301468545228549
:102C9000EFD0514F05456FD05F8AEFD2DF87EFF05D
:102CA0006F867D156FD07F89EFD2FF8685452A8498
:102CB000EFF04F93FD57AA84631AF50037A6010081
:102CC000130606C485452285EFD07167A685228547
:102CD000EFF0EF92AA852285EFF0EFBD05456FD0AA
:102CE000DF85EFD25F83AA84EFF0CF812A84854508
:102CF0002685EFF02F8F91476315F5020146854534
:102D00002685EFF08FA20307050093073002631AB0
:102D1000F70026859305F4FFEFF0CFB405456FD09B
:102D2000DF8185452685EFE041043309A400634631
:102D300005002289635385002A89634A200137A64A
:102D40000100130646F785452685EFD0515F330510
:102D50002441F1B7EFD2AFF941118945AA84EFF0D0
:102D60006F886347A00485452685EFE0810585458A
:102D70002685EFF02F878D47631AF5008545268558
:102D8000EFE03FF9054541016FD0EFF9854570004F
:102D90002685EFF08F99AA8501C92685EFF0EF8E81
:102DA000B2478507E300F5FE2685EFF00FAAD9BFED
:102DB00089452685EFD0717B2A8C1146854526856D
:102DC000EFD09168700085452685EFF00F961307C8
:102DD000ECFF930720022A8A63FAE70037A6010076
:102DE000130606FD89452685EFD07155B7AA010067
:102DF00093854AFE5285EF40A11E3304AA00830743
:102E000004001307D0026397E7020504854BEF2007
:102E1000B1621C208149894C3E951C319D8B95E304
:102E200081450145B2473E9AE31045F92685EFF00A
:102E30006FA389BF1307B002814BE39AE7FC050437
:102E4000F9B7EF20715F8307040013F9F70F130B35
:102E500019005A951821938707FD118B09EFEF2070
:102E6000B15D5A951821CA870D8B6314970193079A
:102E700009FE938797FCE3D587FBB3053C03050464
:102E8000B389B700EF20515B1C203E951C319D8B10
:102E9000CDFB93854AFE2285EF4081142295CE8595
:102EA000E3820BF8B3053041B5BFEFD2CFE615464C
:102EB00085452A84EFD0515922858945EFD071701C
:102EC00022858D45EFD0F16F22858D45EFE07FE4BF
:102ED00022858545EFF04FD605456FD00FE6EFD23E
:102EE0008FE3154685452A84EFD011562285894502
:102EF000EFD0316D22858945EFE0BFE18545228520
:102F0000EFF08FB705456FD04FE3EFD2CFE08545A7
:102F10002A84EFE03FED7115854763FAA70037A6D5
:102F20000100130686F585452285EFD05141854580
:102F30002285EFF0AF85AA852285EFF0AF92054597
:102F40006FD0AFDFEFD22FDD85452A84EFD07167D8
:102F500022858945EFD0F166094685452285EFE057
:102F60007FEFAA852285EFF0CFA505456FD0EFDC76
:102F7000EFD2CFD841112A84EFE0DFD8B7A5010006
:102F80002A8A9385C5F12285EFF0CFA48544B7AA9C
:102F9000010063549A0283A7C18137A50100054649
:102FA00094478545130545A9EF20B14083A7C1810A
:102FB0008847EF20E13F014535A8FD552285EFE028
:102FC0009FE0A6852285EFE01FE001478146054688
:102FD00085452285EFF06FD87000FD552285EFE022
:102FE000DFF4AA8919E9B7A50100938585F2228546
:102FF000EFD0910941016FD0AFD3854763DB9700D4
:1030000083A7C18105468545944713854AF5EF207E
:10301000513A83A7C1813246854594474E85850440
:10302000EF203139F9552285EFE0BFCE9DB7EFD2C1
:103030008FCE85452A84EFD0D158B73500000146A0
:1030400022859385E510EFF0AF9022858545EFE06E
:103050009FD722858145EFF0EF800D456FD0EFCDF2
:10306000EFD26FCB154685452A84EFD0F13D8945D7
:103070002285EFE01FCA85452285EFF08FF119E523
:103080002285EFE09FFC05456FD02FCB0945EDBFB2
:10309000EFD26FC8B28437A60100130646EA89450D
:1030A0002A84EFD0315A85452285EFE0DFD1814572
:1030B0002285014781460546EFF02FCAFD5522853E
:1030C000EFE05FD211E92285F955EFE09FC4014599
:1030D00023A004006FD06FC6FD552285EFE05FD6B8
:1030E00001E9B7A50100938505EC2285EFD0C179F0
:1030F00015462285FD55EFE05FC82285F955EFE0C2
:103100005FC1268695452285EFE03FE2E1B7EFD229
:103110008FC0411189452A84EFD03145130615002F
:10312000B285228532C6EFE0FFF33246854522851F
:10313000EFF06F8E3335A000050541016FD0EFBF72
:10314000EFD26FBD054689452A84EFD0114A8545E7
:10315000AA842285EFE0FFBB85452285EFE09FC86A
:1031600091476310F502635E9000A6852285EFD03B
:10317000A16C85452285EFE01FC589452285EFF0CA
:10318000CFE32285EFF06FE06FD02FBBEFD2AFB867
:10319000E96637A601009386C6FE130606F085454C
:1031A0002A84EFD0B14DE9670A0593870701AA97F2
:1031B00003A90700014689452285EFD011432A86DD
:1031C000CA852285EFF06FCF9547AA84630DF90277
:1031D000A547630AF9028D47631CF9020146914530
:1031E0002285EFF08FCDB7A70100537505D0D3F737
:1031F00004D007A7C7EF22854375E578EFE0BFE568
:1032000005456FD08FB3A6852285EFE09FFBCDBF2C
:10321000AA852285EFE01FE5E5B7EFD2CFAF85475E
:10322000411163FEB70081452A84EFE09FF92285B2
:10323000F955EFE05FB9094541016FD00FB032C6D3
:10324000EFE05FAC3246118DC5BFEFD2CFAC2A8420
:10325000EFE05FAB1946AA8489452285EFD0D11EE5
:1032600022858545EFE0FFF522858545EFE0BFB576
:10327000228509468D45EFE09FACB7370000938764
:10328000A721094789469385E4FF7D562285EFF003
:103290002FB1AA8509462285EFF03FF86FD0EFA93C
:1032A000EFD26FA785452A84EFD0B13122858545BD
:1032B000EFE03FF1054685452285EFE05FA82285D6
:1032C000EFE05FA4B73700009387A721014781464D
:1032D0009305E5FF7D562285EFF08FACAA85014668
:1032E0002285EFF09FF36FD04FA5EFD2CFA2894593
:1032F0002A84EFE03FAFAA84154685452285EFD0AA
:10330000B11481CC9547638AF40037A601001306F7
:1033100086F889452285EFD0910237A60100130671
:1033200006FA85452285EFD0A13611C9B7A501005F
:103330009385C5FA2285EFD021556FD00FA089451E
:103340002285EFE01F9D85452285EFF06F990545A9
:10335000EDB7EFD24F9C2A849DE101E605456FD081
:10336000CF9DB285EFE03FA60546F9552285EFF0E7
:10337000EFCE6DF5F9552285EFE0BF99C5B7EFE0C7
:10338000DFCC22850546F955EFE07F9B0945C1BF9B
:10339000EFD2CF960111700885452A84EFE0FFB87F
:1033A00037A601008146130686F08D45AA84228542
:1033B000EFD0D116AA8991452285EFE0BFA2FD5733
:1033C00001496303F500114981468DC4268689456C
:1033D0002285EFD0B1147246AA864E87A685228533
:1033E000EFD0D167AA854A862285EFF09FF6056166
:1033F0006FD00F9437A601001306C6F089452285C9
:10340000EFD0D1112AC6194622858545EFD0D103C8
:1034100022859545EFE0FF8FB246B73500004E8715
:103420000146938505092285EFF0EFA165BFEFD234
:103430008F8E41118146014685452A84EFD0110EB9
:103440000146814689452A892285EFD0310D2AC659
:103450008D452285EFE01F99FD5732468144630375
:10346000F5008D44CA852285EFD09140AA85268635
:103470002285EFF01FEE41016FD02F8CEFD2AF8984
:1034800085452A84EFD0F11385452285EFE07FE959
:1034900019E52285EFE07FBB05456FD00F8A37A67F
:1034A0000100130606FA85452285EFD0611EEDB7AF
:1034B000EFD26F860146814685452A84EFD01106FA
:1034C000AA8485452285EFE0DF840146A685228512
:1034D000EFD0113A11C52285EFF02FAB6FD0EF85F9
:1034E000373700001307A7C981467D5681452285DD
:1034F000EFF0AF862285EFE0FF807D15C5B7EFD2F4
:103500008F8185452A84EFE05FA011C52285EFE019
:103510006FFF6FD08F8222858545EFD0910A7D564F
:1035200022858545EFE0BF812285F955EFE06FFEEA
:10353000B7A50100938585EE2285EFE0DFB72285F0
:103540008545EFE00FFD2285EFF09FBFD9B7EFC2B1
:103550009FFC85452A84EFD0D10637A601001306CB
:1035600046F185452285EFD0A1121DE1B735000057
:103570000146938505062285EFE09FBD228585459E
:10358000EFE07F842285EFE05FAC0D456FC0FFFA6E
:1035900022858545EFE03F83014781460D468545FD
:1035A0002285EFE09FFBD5B7EFC25FF51C4532895E
:1035B0002E8683AA0702CC570041AA895685EF7050
:1035C000E06E5841CD472A8B6300F70883A4C901F8
:1035D000032A0401CD4723209B002322FB0063C460
:1035E00044034C54B7A70100370700047D179387A5
:1035F0008723A146130604015685EF40802F184803
:1036000048D4634BEA065C5413973400BA970327F7
:10361000090098C303274900D8C383A7C9018507B8
:1036200023AEF9008327490093F70704B9C35C3040
:10363000918BA1C3032609005C328D8B9DCBA285A3
:103640005685EF20306235A0044183A7C901E3DF2E
:10365000F4F65C549395340003274900BE95DC4191
:10366000B98F93F7F703BDF34A860145EF802053E6
:1036700031DD26856FC0DFEB050A93173A00AA9764
:1036800023AE07FEBDBF18455C456319F70218411C
:103690009547630FF700994681476319D70085471F
:1036A00091C55C419CC1CD47DCC185473E85828088
:1036B0008547EDDD5C618D479CE1FDB78147FDB736
:1036C0001C5913972500BA9788438177850739815C
:1036D0003E95FD576304F50085052E9582800859B7
:1036E000939725003E95635FB0008327C5FF6D6704
:1036F000130787BE93F7F703BA978387070063D34F
:10370000070071158280EFC21FE10841411132C6E6
:10371000EFF0FFFC1841930730029376F7036393B1
:10372000F60432469306F00F935777016303D602EF
:103730006381C7029167938707FC1A067D8EF17734
:103740009387F7037D8F598E10C1054541016FC0E6
:10375000DFDE37C67F009A07718FD98F93E7270284
:103760001CC1E5B70145DDB7EFC2FFDAAA842E849C
:103770007D59631424016FC05FDCA2851306F00F2E
:103780002685EFF05FF88840A285EFF07FF32A846A
:10379000CDB7EFC2BFD6AA892E847D59130A300255
:1037A0006315240101456FC0BFD883A40900A28519
:1037B0002685EFF0DFF21C4193F7F703639847018A
:1037C000A2852685EFF0DFEF2A84D9BF0545E1BF4A
:1037D00093F7051091EB8347A50263C7F500834774
:1037E000C502FD172306F502828098419D476319A3
:1037F000F700EFC25FD2CC41EFF09FFD6FC0FFD367
:103800008280EFC25FD198419D472A84FD546313A3
:10381000F700C44118429D477D596314F7000329FE
:103820004600635C9900A6852285EFF07FFACA8581
:103830002285EFF0FFF96FC05FD0CA852285EFF0D7
:103840003FF9A685F5B7EFC21FCD0841EFF03FE97C
:103850001841F1779387F703B376F7009357670022
:1038600093F7F70F93B717009A07D58F1CC16FC056
:10387000DFCC1841939725008505185B0D8E935674
:10388000F6413E97B3C7C600958FB706020063CBDB
:10389000D700EFC25FC80845B7A50100938545254D
:1038A000EF30A0641C43FD163696CA07C9833A065A
:1038B0005D8E10C38280EFC27FC4AA842E84B28939
:1038C000368ABA8A7D59631424016FC07FC6884046
:1038D000A285EFF0FFDE52862A8BA2852685EFF0C7
:1038E0009FE24E8611E15686A2852685EFF07FF88D
:1038F0005A84D1BFEFC23FC218492E890C4D0441F2
:103900003A869306F00F2A84EFF0FFFAFD571CCC9D
:103910001848DC486343F70208448C58B7A70100F5
:103920000851370700809387072A1347F7FF91460E
:1039300013864401EF30F07B88D818489C580A075A
:10394000BA9723A0270118489C4C6343F702084408
:103950008C5CB7A701000851370700809387072ABE
:103960001347F7FF914613868401EF30907888DC87
:103970001C44184894479C5C0A07BA9794C30848AB
:10398000930715001CC86FC05FBBEFC2DFB8797129
:103990002A89AE8432852C0836C63284EFF0BFCE39
:1039A000B24609E5014545616FC03FB90C10368547
:1039B000EFF07FCD65D91387D4FFA94763EBE7020A
:1039C0008547B397E70013F7D70031EF93F7075F09
:1039D0008DC37247CD476311F704E2473ED41257B7
:1039E000CD476308F70001462C100810EF70D05047
:1039F00055D9832709003810141088533008A6853C
:103A0000EF4020103257CD476313F70499471CC08D
:103A1000A2575CC0054541BF01462C102808EF7035
:103A2000B04D49D16DBF92564D478257639CE60019
:103A3000D3F707D0530700F0D327F7A093B71700A9
:103A4000B5D345BFD30700F0538707F0F5B7A2778A
:103A5000D3A7F7A0A1DB530700F0D3A7E7A0B9F3E2
:103A600095471CC05CE07DB7FD57630FF602EFC2BF
:103A7000FFA8844141116396F40090C141016FC0D9
:103A80003FAB832905002A847D59A6854E8532C621
:103A9000EFF01FC3324663172501A6852285EFF09C
:103AA0005FDDE9BFAA84D5B78280EFC2DFA6104DE3
:103AB000FD57B785FF7F01111CCDF9052A8432C659
:103AC000EFF05FE332462ACE6C082285EFF0DFF993
:103AD000724505616FC07FA61C495CC93E85828026
:103AE000EFC27FA318492E869305850158C9EFF0D0
:103AF000BFF76FC09FA4EFC21FA21C496396C70007
:103B0000EFF01FFE6FC07FA332879306F00FEFF038
:103B10009FDACDBFEFC29F9E1304160011661A04F0
:103B2000130606FCF174AA89718C7D599384F40301
:103B3000639425016FC0DF9F03A5090093972500BB
:103B400018593E971C43E58FC18F1CC3EFF05FB738
:103B5000AA85F9BFEFC23F9C3A07D98DDE06D58D05
:103B60001A06D18DEFF01FD96FC03F9D1C495849EF
:103B70006350F70818418A07F117032E07033E9E8A
:103B800083280E00914713F7F8036313F70613D841
:103B900068001378F80F13D378013387C500429378
:103BA00063C805019307130063D0B704639205054A
:103BB000634007059166938606FC93976500F58F31
:103BC000F1769386F603B3F8D800B3E71701A6079A
:103BD0001306F7FFA583635366001A860D8E5E06F3
:103BE000D18F2320FE008280E356B8FCC285D9B76E
:103BF000EFC27F929306F6FF01472E869145EFF0C4
:103C00007FF56FC09F93EFC21F9193061600014787
:103C10002E8693056002EFF0FFF36FC01F92EFC294
:103C20009F8FBA06D58D1A06D18DEFF0BFCC6FC02D
:103C3000DF90EFC25F8EB70704003284635BF6004B
:103C4000B2862E868545EFF09FFDAA8426856FC03B
:103C5000DF8E2E86814689452A89EFF05FFC931519
:103C60006400AA8493E5E5024A85EFF0BFC8F9BF76
:103C70008347C502BE951C4198276350B7021307BE
:103C8000E00F635BB700EFC21F890845B7A50100CD
:103C900093850527EF3060258CA78280EFC2BF8710
:103CA000AA842E84EFF0DFFC83C7C4023E942386EF
:103CB00084026FC09F88EFC21F86DC214111300053
:103CC0002EC493E70704B2853EC6EFF0FF8D410195
:103CD0006FC0BF86EFC23F84411189472EC03EC2EC
:103CE0002EC4CD4730008A853EC6EFF0FF8B4101E0
:103CF0006FC0BF849841B5466315D7021441DC41BB
:103D000005063A06139727009C5AB74680FFFD1612
:103D1000BA9737C77F00798E9843758F598E90C3B5
:103D20008280B9466311D704EFC2EFFED841032861
:103D30000500050693172700032708035E0685453F
:103D40003E971C43A607A5835D8E10C38346C5021C
:103D5000F1779387F7039A067D8E558E10C3EFF0A7
:103D6000FFF36FC08FFD82809C413547639FE70062
:103D70009D479CC11C41D8419C5B0A07BA979C4354
:103D8000998393F7F70FDCC1828039476391E7028B
:103D90001441D84193172700985AB70600013E975F
:103DA0001C43A607A583D58F1CC3B1479CC1828045
:103DB0009C411947E1176363F706EFC2CFF56967C6
:103DC0008A0713070715BA979C432E84AA84828713
:103DD0009D471CC06FC06FF6CC41DE0593E55500D2
:103DE000EFF05FB148C0B147EDB783954500EFF004
:103DF0003F9E7830A14799456317F7006C202685D0
:103E0000EFF01F9D9D450317440074200146268551
:103E1000EFF05FD4C1BFEFF03FF56DBF8280EFC21E
:103E20008FEF41112E89AA843284EFF07FF8832628
:103E300009002D479387F6FF6363F70269678A07D6
:103E40001307C716BA979C4382870546A285268525
:103E5000EFF0DFD19D47232289002320F9004101A3
:103E60006FC0AFEDF916014793B6160022868D4557
:103E70002685EFF03FCEF9BF03264900A2852685AF
:103E8000EFF03FDBC1BF8727490030008D47B28587
:103E900026853EE43EC6EFF02FF12A86C5B783257E
:103EA00049002685EFF01FE3CDBF984083264900E7
:103EB0001166130606FC93972600145B71771307AF
:103EC000F703BE969C427D8F93176400F18FD98FC4
:103ED0009CC249B783264900E38E86F601472286B5
:103EE000814579B7EFC28FE1AE842A843289EFF041
:103EF0001FF39840AD476318F700D04093858400C6
:103F00002285EFF07FB68C4483A9C400638E350709
:103F10002285EFF01F8811E5CE852285EFF07F879F
:103F20002DCD9840AD47FD596306F7002285EFF08F
:103F3000DFB7AA891C48054781465CC84A868D457B
:103F40002285EFF03FC11C488D45AA8A5CC8014715
:103F500085464A862285EFF0FFBF2A8ACE852285D4
:103F6000EFF01FB883290401CC445687CA864E86D9
:103F70002285232A3401EFF01F948C445287CA868D
:103F80004E862285EFF03F93FD579CC4DCC49D47CD
:103F900023A224019CC06FC0AFD97D5AFD5AD9B766
:103FA000EFC26FD79C4131472A84AE843289639D2A
:103FB000E7021C41D4419C5B8A06B6979043ED47CB
:103FC0001377F6036315F7021C491347190081465E
:103FD000FD171CC95D8293052002EFF0BFB7228553
:103FE000EFF0BFAC6FC06FD51D47638DE70085450F
:103FF0002285EFF0BFCA0346C402A68522857D163E
:10400000EFF0FFE1A6852285EFF02FFE4A87D4402E
:104010001306F00F930530022285C1B7EFC2AFCF70
:104020002A84AE84EFF0DFD8A6852285EFF0EFFB7F
:1040300022858545EFF09FC60346C402A6852285EA
:104040007D16EFF03FEA6FC04FCFEFC2CFCC2E848A
:10405000AA84EFF0FFD518409D476313F702184478
:104060005C445040630BF70083C7A402634AF60028
:10407000A2852685EFF01FE7504032856FC0EFCB59
:10408000A2852685EFF09FF9C5BF9841A547631625
:10409000F7009845DC456308F700EFC2CFC7EFF0A3
:1040A000DFFA6FC08FC98280EFC2EFC69845DC454A
:1040B0006306F700EFF07FF96FC02FC8EFF05FCF16
:1040C000E5BFEFC24FC541112E84AA84EFF0DFFD9A
:1040D0001C401547FD176364F70669678A071307D5
:1040E000C719BA979C43828785473EC430003EC6B5
:1040F000B28529A802C48547D5BF9C4402C63000BA
:10410000DC578A853EC0930750043EC22685EFF0F7
:10411000AFC929A04C402685EFF0DFBB48C048401E
:1041200091471CC09307F00F63CBA70013650510E0
:1041300041016FC08FC05C608D473EE445BFA285E2
:104140002685EFF09FF0EDB7EFC24FBB9C412547AE
:10415000AA842E8432896382E7022947638EE702AC
:1041600021476396E702B285EFF02FE85040CA85F9
:104170002685EFF03FD76FC0AFBBB285EFF0FFEC05
:10418000544001472A86A5452685EFF0BF9CCA8585
:104190002685EFF08FE5C5B7F831A147A94963033C
:1041A000F700A149CA852685EFF0BFF12A8783165B
:1041B00044007020CE85C9BFEFC2EFB541112A84FB
:1041C000AE843289EFF07FE8D440A685228536C6DA
:1041D000EFF0AFE18347C40222858945DCC09D47EB
:1041E0009CC0EFF0BFABD040CA85228532C4EFF04F
:1041F0005FEDB24622462A87B1452285EFF09F95B2
:10420000CA852285EFF06FDE41016FC00FB3EFC2A8
:104210008FB02E84AA84EFF0BFB91C4019476360A9
:10422000F70211477D5663F4E70209476381E7020D
:104230000146A2852685EFF0BFD62A8609A82D471C
:10424000E398E7FE4C402685EFF0EFDF5040930502
:10425000C4002685EFF05F810C442685EFF05F886F
:10426000FD571CC46FC06FADEFC2EFAA2E84AA84A5
:10427000EFF01FB41C400D477D566388E7002D47C3
:104280006382E70205476391E70293058400268570
:10429000EFF08FFD4C442685EFF09F84FD575CC402
:1042A0006FC0AFA95040D5B70546A2852685EFF06F
:1042B0003FCF2A86D9BFEFC20FA6DC412E84FCA1D6
:1042C000B285EFF01FE014404AA02547A147639351
:1042D000E600A5477CB0A9471CC06FC00FA6EFC27F
:1042E0008FA3B14741116386F50263E8F502CD471C
:1042F0006387F500D147638AF500B2850DA8B285C2
:10430000EFF0FFF041016FC04FA3B285EFF0DFF592
:10431000D5BFB285EFF09FD0F5B72A8481453285AD
:1043200032C6EFF04FB6324671FDB2852285EFF00E
:104330005FD9C9BF1C491441139727009C5EBA97E7
:1043400023AEB7FE8280EFC26F9B89474111AA84DA
:104350003284638DF5042E89B68963E8F5008D47B4
:10436000638DF50041016FC0AF9CE96693864624DA
:10437000B1052105EFF06FE175F5A2852685EFF017
:10438000DFCC2AC6A2852685EFF02FC6B24693055C
:104390009901014701462685EFF0CFFBB14748C0A0
:1043A0001CC0CE852685EFF0FFF86DBFB285EFF01B
:1043B0003FA014402D479387F6FF6362F7026967B9
:1043C0008A071307471BBA979C43828789471CC0FB
:1043D00039A08D47EDBF4C402685EFF0CFC60C4489
:1043E0005C4426854CC41CC4EFF00FB80C442685F1
:1043F000EFF08FB785BF9D47638DF6008545268515
:10440000EFF0DF8903C6C402A28526857D16EFF092
:104410001FA1A2852685EFF04FBD4C402685DE0505
:1044200093E5B501EFF00FCD48C0B1474DB7EFC2EE
:10443000EF8C4111AE89B685B2842A843A8936C69A
:10444000EFF03FC82AC4A6852285EFF09FC7324609
:104450002AC2A6852285EFF0CFBA224792460146AE
:10446000CE852285EFF00FEFB147C8C09CC0CA854A
:104470002285EFF03FEC41016FC08F8BD14763EF96
:10448000B712EFC2AF873A8A69679397250013077F
:10449000471EBA979C4341113689B284AE892A845B
:1044A0008287B685EFF0DF90D0449305C90022855E
:1044B000EFF08FDB4146CA852685EF1011124101CE
:1044C0006FC00F87B685EFF0BF8E904493058900CB
:1044D000F9BFB685EFF05FBD83290900B147639648
:1044E000F9041C40032749009C5B0A07BA979C43C8
:1044F000754793F7F703639AE702A6852285EFF0E5
:10450000CFAE14400327490093172700985AD44090
:104510003E971C43DE06A607A583D58F1CC38327C1
:10452000490023A03401DCC059BFCA852285EFF0C1
:10453000FFAE5287CA862686F5452285EFF03FEF0B
:10454000BDBF2105EFF06FC43DF95287CA862686AC
:104550009385D900DDB71842914754426314F700A0
:1045600093E60610CA85228536C6EFF09FB52A8AE3
:104570004A86A6852285EFF0CFA8C147B246638C54
:10458000F90063E5F900C94763F43703528705462C
:104590009385290121A052870146FD452285EFF030
:1045A0006FDB2285EFF06FD0AD47C8C09CC001BF64
:1045B00036870546D2869385F900CDB78280EFB263
:1045C0009FF51304F6FF130620033344C402FD577E
:1045D0002A89AE8405046393F60081469307F01F91
:1045E00063CE8700228726869305B0024A85EFF0C6
:1045F0006FD68504230699026FB03FF401472686E3
:104600009305B0024A85EFF0EFD49315640093E56B
:10461000E5024A85EFF00FAEE9BFEFB2DFEF2A8483
:10462000EFD04FEEAA85814601462285EF10E025A6
:104630006FB0BFF01C4148499C43DC479C5B1D8D1B
:1046400009857D158280EFB21FED1C419C43DC473C
:10465000805F01C8EFF01FFE0A052A9408406FB082
:10466000DFED7D55EDBF18258547631AF7005C49DE
:1046700010519843D44F118FB29694C3D8CF8280F3
:10468000EFB2DFE76D6A817A696B4111AA84AE8966
:104690003289130A8ABE850A130B4B3C4E8693055A
:1046A0001900268536C6EF10A051B24688C26310A5
:1046B000051A014881487D5413035002130E9002DD
:1046C000930E4002114FF94F428763443803FD5760
:1046D0006305F40A9C581317240031463E970C4397
:1046E00013F7F503636BE608131627005A9610427A
:1046F00002869C58131628000508B2979C4313D6CF
:10470000670093F5F7031376F60F6360B30263F067
:10471000D5056383E503638FF503D2959C2193F759
:104720000704DDD3E312C9FA31A8E398C5FF930764
:104730001600E3DB27F939A0E348C9F8DD83B29717
:10474000E3C427F97D54E34117F93A84B5BFE34D3B
:10475000C9F6CDBFB983D697C297E357F7F6E3C53D
:10476000F9F6E3D3F8F6BE8885B713D975019981B8
:1047700093F5F50FA289E343B9F241016FB05FDB16
:1047800093D9E5009D4793F9F91FDD81631DF70279
:1047900022868505268536C6EF108042B2462A89D4
:1047A0004E86A285268575286308090AB7A50100EB
:1047B0009385454B4A85EFB05FF059ED37A5010071
:1047C0001305C54A5DBFBC408E05BE9503A9050013
:1047D000630409004109E9B737A90100130909A6D3
:1047E000C1B7BC40DD818E05BE959C4181CBC10720
:1047F00037A501009CC21305854941B7B7A7010041
:10480000938707A6F5B70546B9816307C700050476
:104810000A04A2978C439981DC548E051147BE95FA
:10482000DC41BD8BE39BE7F49C4137A501001305F8
:10483000054AC1079CC291B7B98113F6F51F2685B9
:10484000A285052037A50100130585563DB737A57C
:1048500001001305854815B737A501001305054963
:1048600029BFEFB25FCB13780610368463060802C7
:1048700058559377F6EF8E07BA97D84391463D8BFC
:104880006309D700B7A70100938707A61CC06FB0C4
:10489000DFCA9C43C107DDBFEFF09FDE65D503078C
:1048A000050093073006E31FF7FCD5B7EFB2BFC68C
:1048B0005849411102C63E33898B81EB37A501006F
:1048C0001305459D41016FB05FC71C432A8984438E
:1048D0008147F0209386040163C7C702004B3384ED
:1048E0008540E34D04FC5C43E3FAF5FC3A85EFF0C8
:1048F0007FD4AA85C844135634407400EFF05FD8C3
:104900002A864DDD15A0884291060841639CA502C8
:10491000D8448E073843BA979C4385C3C10737A64E
:1049200001003EC613068649B246B7A5010093852D
:1049300045594A85EF30805471B7B7A70100938776
:1049400007A6F1BF850749BF63C805005C49130589
:10495000450381C96394A700814501A8FD159C47C3
:10496000CDBF6384A7003CD285452E858280EFB2FF
:104970009FB701112E89AA843284EFF0DFCE03079E
:1049800009009307E0036311F70A83ADC40005092A
:10499000014DE11D23A6B40183A74D001947814CA9
:1049A000FD8B6394E70083AC0D00B7AB0100696C2D
:1049B000B7A9010037AA01004A8B854A938B4B9D0A
:1049C000130C8C3F93894956130A8A5783070B00AF
:1049D000ADE3930560064A85EF20A12001CDDC44BC
:1049E00003A70D00A10723ACE7FE03A74D0023AEEC
:1049F000E7FEDCC42685EFF01FC79305C0044A8597
:104A0000EF20211E11CD63880C0003C74C009307D3
:104A10006002631AF720DC4423A20700A107DCC46C
:104A2000568505616FB0FFAF032D0406832D0D0081
:104A3000A5B71307C0066384E70C6341F7021307A9
:104A400030056387E704130760066387E7001307F1
:104A5000C0046383E700814A050B8DBF130740073D
:104A60006389E70E130750076387E70A1307E00619
:104A7000E393E7FE63020D1283572D0213F707102D
:104A80006DC7B7A70100938707DB5CC04E8511A2F5
:104A900063880C0003C74C00930760026317F7029A
:104AA000B7A70100938787581CC8FD571CCC5CCC66
:104AB000B7A70100938707590C485CC41306C003CD
:104AC00013054402EF30A05841BF03A7CC003C4778
:104AD00089CFC1071CC85C5318571CCC58CC99CB44
:104AE000B7A7010093870756C1BFB7A701009387F7
:104AF000C755CDB7B7A701009387879D75BF7D5573
:104B000063090D0083572D02898B81C76A85EFF0F9
:104B10009FB348C891B7814763840C0083C76C007A
:104B20002300F40263880C0003C74C009307600263
:104B30006318F70085472301F402A300040229BF8C
:104B400083A7CC00F8332301E402FC23A300F40282
:104B500021B7814763080D0083472D0293F70702B1
:104B6000E207E187A301F402C5BD93F707028DE7D1
:104B700003258D003E3113F7270019CF918B95C384
:104B8000B7A70100938707A637A501005CC01305EE
:104B9000055708C4E31205EC232474012322040002
:104BA00065BD1C419C4303A8C70042C6EFF09FA807
:104BB0003248131725009306300283270803AA857D
:104BC000BA9790439377F6031387A7FFE3E6E6FCD3
:104BD0000A0762971843028785479848F1078A07B2
:104BE000BA97DC47C10755B519829306440013767E
:104BF000F60F4285EFF0DFA869BF232244015285FA
:104C000049BFE517D9BFC947C9BFCD47F9B79147D4
:104C1000E9B7D947D9B79547C9B7D1477DBFD54778
:104C20006DBF81475DBF83A7CC002685014483A962
:104C30008703EF50D039DC44130750042A8988C316
:104C4000D8C3A107DCC485473ECC3ECE83A7CC00A9
:104C50009C4FE357F4DC93172400CE97904334081D
:104C6000CA852685EF50104E0504CDB7EFB2BF8A36
:104C70005D712A842E871DC6B285C1051306C00347
:104C8000480836C63AC4EF30803C2247B246B7A542
:104C9000010050089385C54B2285EF30201E6161CD
:104CA0006FB0BF899307F003FC82D5B7EFB2BF8620
:104CB000784D2A841DC74C451C510546BA9703A759
:104CC00085FF98C103A7C5FFD8C1984323ACE5FE73
:104CD000DC4323AEF5FE938785005CC5E115EF004C
:104CE000D0278945228569245D7132DC36DEBAC061
:104CF000BEC2C2C4C6C61C4922D426D2DC4706D6D0
:104D00002A8444496356F0002EC6EF10F04CB24599
:104D10003018228532CEEF302018BE30898B91CFEB
:104D20002AC62685EFF03F929C40B245AA869C4356
:104D30002285DC47B047EFF07FF32285EFF01FF7C5
:104D4000EFB26FFD41112A8432C6AE84EF60400E8F
:104D50002AC4A6852285EFF07FB5A2463246B7A5C4
:104D600001002A87938505542285EFF0FFF7EFB203
:104D70008FFADC410547BD8BF5176363F700B285F9
:104D800037A601001306864CEFF09FFBEFB2AFF899
:104D9000D8418D4701112A892E84B2846319F70006
:104DA0009C613EEE3686A6854A85EFF07FF96C0859
:104DB000228536C6EF60100EB2466DF5A284DDB7CF
:104DC000EFB26FF5D841CD474111AA842E843289C4
:104DD0006310F7029C413EC6CA852685EFF01FADE1
:104DE000B7A501002A86938585512685EFF0DFEF70
:104DF00001466C002285EF60301079FD2289E9BF01
:104E0000EFB26FF141112A8432C6EF606002324680
:104E1000AA842285B285EF60A001AA852AC62685CC
:104E2000EFB0BF89B246268601E9B7A50100938598
:104E3000454D2285EFF05FEBB7A501009385854FC7
:104E40002285EFF07FEAEFB26FEB3C55444903292E
:104E50000507FD173CD585E39377890089CF7C5101
:104E600085493CD5BE3013F7070419CB93F7F7FB00
:104E7000BEB06FB0EFEB93774900E5DF8149DDB756
:104E80002A84638509007D568D45F12613794900F2
:104E9000630109049C40C8487D569C43DC478C5BF9
:104EA0009C5F3307B54009877D1789C79316270094
:104EB000BE96904201CF184C637AA700FD5689C771
:104EC0000D8FBA9783A6C7FF6305D6008945228553
:104ED0005926DC48182485461CCCE31CD7F863838C
:104EE000090038D4F117DCC8BE308545228593E728
:104EF0000704BEB05C44E1179CC09D28EFB2AFE14F
:104F00009147AA843284638CF50099476384F50243
:104F10005C4503A787FF18C283A7C7FF39A01C49B8
:104F2000BC5F1CC2DC2393E707045CC02104C0C43F
:104F30006FB0AFE0B7A501005D4693858569EF507E
:104F4000604C08C05C21C5B7EFB2EFDC40450E06EF
:104F5000AA84118C40C5EF50E04E08C05C21094581
:104F600093E707045CC0DC44A107DCC46FB0EFDC4E
:104F7000EFB26FDA1C5981CB23ACB71213858700CF
:104F80008545EFB00FED04492A840CA4BC58985B0A
:104F900011CFD84793068700D4C754453E8503A652
:104FA00086FF10C383A6C6FF54C3D937FC5489CFEC
:104FB0005045EFF0BFF45C485844D44363F3E60037
:104FC000D8C3FC5422858297EF00A11795CDEFB28C
:104FD0008FD4AE868305060041112A84368532C6F9
:104FE00036C4EF101140A246324601EDB7A50100CC
:104FF0009385055A2285EF2070688D452285EFF054
:105000003FF741016FB06FD38280EFB22FCFAA84F8
:10501000884141112E841C411387F7FF18C1A9C391
:105020005C411387170058C19C236D474C580329D6
:105030000400832984036399E70237A6010013065D
:10504000C65C2685EFF09FF84E86CA852685EF6000
:10505000A044AA852685EF00901C41016FB04FCD7A
:10506000EF800025AA87D1B737A601002685130651
:10507000465D3EC6EFF09FF5B2474E8793060401AA
:1050800013064400CA852685EF405048D9B7EFB2D1
:105090008FC88357E5064D7118083EC21C592AC0B7
:1050A00018D928082EC432C6232401143EC8EFB0F4
:1050B0000FD409E5B2450245A24782970247C2478D
:1050C000032581141CDBBA8712472397E706716119
:1050D0006FB0AFC6EFB28FC213871500B7070020BD
:1050E0000451832905066364F700EF20407A139981
:1050F00035002E8ACA8613963900A6852A84EF20A9
:10510000007A08D063C349035C44130989FD2A99D6
:10511000858FAA975CC45C5023204407232E24016A
:1051200081EF5C4885E36FB0AFC093973900AA97D1
:1051300023A207008509F9B79843058F2A9798C3DA
:105140009C47F9BFD843058F2A97D8C39843058F4A
:105150002A9798C3BA33098B09C7984B058F2A97AA
:1051600098CB9C47C1B7EFB20FBB3851B7460F0081
:105170009386062463D5E6009945EFF07FDF5C4512
:1051800010512A84918F8D87AE979315170095073C
:1051900063D3B600B68563D5F50237470F00930693
:1051A0000724BE8563DEF600930587302285EFF085
:1051B0007FF2B7A50100938545C62285EFF0DFB2E7
:1051C0002285EFF03FF16FB04FB7EFB2CFB440455B
:1051D0005C49AA84B9E79C50B85026851D8CB74716
:1051E0000F000D8493870724050463D2E704EF4082
:1051F0009053B7470F001387B72363428702A14537
:10520000B345B40293870724A295A90563D3B700D9
:10521000BE85BC5063D5F5002685EFF0BFEB6FB0BF
:10522000CFB1D8436373E4003A849C4765B7EF403D
:10523000306DC1B7EFB22FAE58455C4D2A84998FBF
:1052400021476345F7008545EFF0FFF15C44A10776
:105250005CC46FB08FAEEFB26FAA032A8505597197
:1052600063040A06834745072A84B9CF4449584551
:105270001C5103A944002EC6B309F7403309F94075
:105280005C4D32D0A6D6998F1307000A6345F7000C
:10529000D145EFF05FED5C446C0022859387070AEF
:1052A000DCC0230A0406BE3093E74700BEB0029A72
:1052B0008547230AF4061C503E9923A22401CE9769
:1052C0005CC4BE30ED9BBEB065616FB06FA6EFB23F
:1052D000EFA238594111AA84937767002E8403996D
:1052E000050295C3098B09CF83290502854536C67A
:1052F000B30936417D56EFF01FF69050B2464E96F8
:105300001C44DC4B9CCC1C440840DCC863010902F3
:1053100085476307F900FD576317F90401471DA886
:1053200099E2138641821C421CC15C425CC1931706
:105330003900B306F500D4C405451DA09317370006
:10534000B305F500B29703A80700050723A00501E0
:10535000DC43DCC1E344D7FE8E06AA96D4C40145E3
:1053600041016FB0EF9C814563DA260363CBD50220
:1053700063D306008146E3DC26FB139736002A97A9
:10538000232207008506C5BF13973500B307E50044
:1053900032971443850594C35843D8C3E3C625FF09
:1053A00079B713973500B307E50032970328070054
:1053B000850523A007015843D8C34DBFEFB2AF9571
:1053C0004049AA843E3013F7070109C7BD9B3EB090
:1053D0005C487CCD03170402FD576317F700DC44DB
:1053E00058406373F7005CC01C48104C26858297B8
:1053F000D04493173500AA861D8EA2852685EFF02E
:105400001FED6FB08F93EFB20F912A8481C58C414D
:10541000EFF0DFFA930444035C48639497006FB0A5
:10542000CF91BE33898B91E785452285EFF01FF937
:10543000E5B72285EF6010342285EF603046E9BF82
:10544000EFB2EF8A2A84AE84B289D94A130B600284
:10545000194AA14BD4400329C400584C93F6F603D3
:10546000330727416387561963836611639B461B85
:105470009C40330999401359394083AAC7000D87CE
:10548000930BF9FF03CB8A006341EB021C509D8C08
:105490001C48DC476355F0002285EF10E053DA85A5
:1054A0002285EFF05FCC1C50BE9483C77A0003C600
:1054B0006A0063830716E157B307F902032AC400A1
:1054C0000145D297AA866351C5024C44A1071387B0
:1054D000850063437513BA8723AE07FE85063E87B2
:1054E000A107E3CBC6FE58C45C4803A9C7006316F6
:1054F00009002285EF40D0202A89232A24010E0B9F
:105500002328490183A70A035A9A285823103903EC
:105510002320990023224901232644010947232AF5
:10552000F9002311E902058979C103278900910750
:10553000232AF9003E338145898B99CF5C4B1307B1
:10554000500283A7C7FF93F7F7036397E70093071A
:1055500020022311F902914522857D56EFF0BFCF3D
:10556000832749010145F117232AF90049A09C40EE
:1055700003AAC7009307000A63C1E7021C509D8C71
:105580001C48DC476355F0002285EF10E044D1450C
:105590002285EFF05FBD1C50BE945C4803A9C70094
:1055A000631609002285EF40B0152A895C44232A3E
:1055B0002401231039039387070A2322F9003C585A
:1055C0002320990023110902858B91C77D568145BF
:1055D0002285EFF05FC82285029A50449317350068
:1055E000AA861D8ECA852285EFF07FCE05456FA065
:1055F0009FF303AA0400BDBF58C49843050598C192
:10560000D843D8C123A2070075BD5C44850B13871E
:10561000870058C423A20700E3C9CBFE138A840085
:10562000E1B563C1EB021C509D8C1C48DC476355FF
:10563000F0002285EF10403A85452285EFF0BFB299
:105640001C50BE945D46A6852285EF50E0795C41F2
:10565000BD8B638A470137A601001306065FA68546
:105660002285EFF0EFED5844BA8763E9F4001C415E
:10567000210758C49CC05C41DCC0E9BB83A687FFFE
:10568000E11794C7D443D4C7CDB7EFA2DFE8944164
:105690004C452A84939736009D8D1C2599EB7D56A9
:1056A000E115EFF0FFD901E52285EF60301F6FA013
:1056B000DFE84449230405001C51D84CBA979CC02C
:1056C000BE30898B81CBEF60701D81452285EFF064
:1056D0009FD3F1BF9C4889CB904C854582974C4421
:1056E00093173500AA869D8D2E862285A685EFF01C
:1056F0001FBEE1BFEFA23FE2EFF09FD46FA0FFE338
:10570000EFA27FE18357E5061307700C2A84850713
:10571000C207C1832317F5066373F7021307800CD2
:105720006398E700B7A501009385C55DEFF0CFDB77
:105730001307000E6375F7009945EFF07F8322850C
:10574000EFF01FD001E52285EF6050158357E40686
:10575000FD172317F4066FA05FDEEFA2DFDB835790
:10576000C5062A8485072316F506EFF07FF98357CF
:10577000C406FD172316F4066FA03FDCEFA21FD866
:105780001C25011132C62A8499EF58499307450315
:105790006303F702B7A501009385855FEFF0CFFAA9
:1057A00005616FA0FFD805476387E700B7A5010033
:1057B00093850562E5B78359C406A9E58547231794
:1057C000F406B75500002316040670009385A568FB
:1057D0002285EFF0DF8BFD576308F5042ACE854A5A
:1057E000375A0000724963D32A054448A9E8504457
:1057F00023042401CA852285EFF04FF05C48584409
:10580000D8C32DA083D7E5061307700C8507C20700
:10581000C1832317F406E376F7FAB7A501003246F1
:105820009385C55D22859DBF89473ECE8357E4069B
:10583000231634077245FD172317F40695B7BE30BB
:10584000C18B99E384445DB7DC4C105022853E96B1
:10585000B28532C4B12C2246CA852285EFF00FEA08
:1058600083C72402228544C8858B230AF4062316A5
:105870000406EFF09F95DC48700893056A407CCCE5
:105880002285EFF0DF802ACEB1BFEFA2DFC8035739
:10589000C506AA8705C31849385B6308A700B7A5E2
:1058A000010093850564EFF02FC4B7A5010093852F
:1058B000C566D5BF5849054588A703A80702084310
:1058C0003305054148CF2A33098919ED14CB91C21C
:1058D00010CFE1568505B385D502D4473E85B695F0
:1058E0000CC38545EFF0CFE801456FA01FC5EFA2BF
:1058F000FFC041110329C50578CD36C62A84832A05
:105900004501034A45078359C506EFF04FF8AA84BD
:10591000B2460DC5105022853696B28532C6492A48
:1059200032462285A685EFF06FDD2285232A5401B9
:10593000230A440723163407EFF03F89232E24055A
:10594000268541016FA0DFBEEFA2FFBC8357C506CD
:10595000397136DC85072316F50654451C51784D00
:105960002EC2B75500009D8E32DE9385A5005000F3
:105970002A8402CA02CE02D002D402D602DA02C4BB
:1059800002C8EFF0DFF64246A245AA84814622858E
:10599000EF10F0707246D2452AC481460606228571
:1059A00002C8EF10D06F225682558146120622851A
:1059B000EF10F06E5256B255814612062285EF1056
:1059C000106E8357C4062685FD172316F406216141
:1059D0006FA0BFB6EFA23FB4139635002E844106E8
:1059E00093056002EF00302F60A16FA01FB5EFA2FA
:1059F0009FB2139625002E8441069945EF00B02DE5
:105A00002326050060A17D577D146314E4006FA078
:105A1000DFB293172400AA9723A80700F5B7EFA2D7
:105A2000FFADAA892E89938405010144054A834765
:105A300069006344F4006FA0BFAFC14601468145D1
:105A40004E85EF10D06593078500232245011CC1C8
:105A50002326050088C005049104D1BFEFA2BFAB87
:105A60002A841309450248511DE9AE84C146014606
:105A700081452285EF10B0628327090023220500AB
:105A80001CC585475CC55C542320A90004C16396EE
:105A900087001C48F84F58D4E0CF6FA01FAA1C41C4
:105AA000E3E5B7FCE38BB7FE1309850008456DBF3E
:105AB000EFA27FA62A84AE844C5081C59C4163F43A
:105AC00097006FA09FA7984558D0D84119E7814605
:105AD00041462285EF10B05CC5B7984398C5DC43BA
:105AE0001387850098C1DCC593F70704F1D7228599
:105AF000EF00F01AD1B7EFA21FA213060005A545CB
:105B0000EF00701D2326050223280500232A050225
:105B1000232E05002328050223220504232A05003D
:105B2000232C0502232C0500232005042326050031
:105B30002313050023040500232E0502232005025C
:105B40002322050223240502232405046FA0FF9EBF
:105B5000EFA27F9CD0492E848C5981460A06AA84E4
:105B6000EF10F053504C4C5881460A062685EF1032
:105B7000105310484C5481460E062685EF103052C3
:105B8000104C0C5C81460A062685EF1050511C50C3
:105B900031464C5C3306F60281462685EF103050C4
:105BA00050442C4081460E062685EF10504F81460A
:105BB00013060005A2852685EF10704E6FA0FF9793
:105BC000832805028146314863D91601B38706034D
:105BD000585DBA97D8436354E600014582809847E0
:105BE0006357E600FD1581E58843410582808506FF
:105BF000E1BF7C491307C5039306450581E71C43B4
:105C000089E78280BE869C43D5BFD0333E850D8A0E
:105C100011E281C990433A8510C3904290C39CC25F
:105C2000BE862A87E9BFEFA27F8D04490D46411148
:105C3000FC482A842E899843F8C8D85898C3DCD8E1
:105C4000D8331377770FD8B383C61403F91693F6B6
:105C5000F60F6368D60083C60403619B8D8A558F57
:105C6000D8B33EC4DC2309462C0093E70704228501
:105C70003EC6EF5060174DC55C411947BD8B63911F
:105C8000E70A83C93403034A4407230A0406A389A5
:105C900004025C4418415448B765000098C3584159
:105CA000938545D50146D8C32247228598C73247F8
:105CB000D8C71387070158C4BA3213670710BAB29E
:105CC00014500147B386D740EFF07FC25848AA85E9
:105CD0003E3393F7F7EF3EB3230A4407A389340317
:105CE00021C1630F090289476314F50258449146A4
:105CF0008327C7FFBD8B6390D702032687FF41062A
:105D0000B7A501009385C56D2285EF202017954525
:105D10002285EFF0EFA537A601001306066DCDB77B
:105D200041016FA0FF80EFA20FFF04492A890144BF
:105D3000FC4881CFBC506364F400860701A8854508
:105D40004A85EFF05FEE0504E5B78147BCD02285B8
:105D50006FA0AFFEEFA22FFC4C450146C115EFF03E
:105D6000DF9F6FA08FFDEFA20FFB584993074006FE
:105D700074513357F702B707008093C7F7FF33C654
:105D8000E70263D4C600B387E6020C455845BA95CE
:105D90009D8DEF4020156FA04FFA5C4593F70704E7
:105DA00099C71C45DC338D8B99C3A9475CC582809C
:105DB000EFA26FF6AA842E841D495C30582093F719
:105DC000C70F5CB0630E2705636CE900954663035B
:105DD000D70863E3E60291466304D7026FA0EFF5AC
:105DE000A546630FD706636AD706D1466303D70279
:105DF00093076002E314F7FEBC401CC4A0C0F9BFC7
:105E000093E747005CB09C487830C507BA979CC8B8
:105E1000F1B793E747005CB09C485844C507FDB70D
:105E20000C4491C5DC318D8B99C3268551375C308C
:105E3000584493E747005CB09C48E107BA979CC878
:105E40007C20184893F70704D1DB5C333A848D8BB0
:105E5000ADF769B7BC405CCC55B7BC401CD479BF2A
:105E6000BC407CC461BFEFA20FEBAA841304C50D34
:105E7000130905100C4099C5DC318D8B81C726852F
:105E8000EFF01FF31104E31724FF6FA00FEBEFA255
:105E90008FE86049AA8419E06FA02FEA5C308D8BEF
:105EA00089C7A2852685EFF0BFF00040EDB7EFA2CD
:105EB0008FE6D8411374070409CC8C413D8B914681
:105EC000DC318D8B3E846316D700014499C3EFF01B
:105ED0003FEE22856FA06FE6EFA24FE2FC31514A00
:105EE000AA84B317FA0003AA05012E8401493E9A39
:105EF00081491C446361F90203290401014B814A71
:105F0000636D490383C71403BDEFFC405CCCE0C064
:105F10004E856FA0EFE1584493173900BA97D843E4
:105F20001377070409CB8C43DC318D8B89C7268519
:105F3000EFF01FE8854905096DBF8327490091E708
:105F40004A85EFF09FE5510965BF930589002685D5
:105F5000EFF0FFF58327490093F7070411C9854A3D
:105F6000FDD383270900DC338D8BF1DF054BE1BFC7
:105F7000F9DB83250900DC318D8BF1D72685EFF025
:105F80003FE38549C9B763060B00FC445CCCE0C421
:105F900041B7E38F0AF6BC485CCCA0C895BFEFA21E
:105FA000EFD52041A146AA845830936747005CB0E2
:105FB0005C206385D72463EAF60015476388E7020F
:105FC00019476389E71A6FA0AFD625476380E72C8E
:105FD00013076002E399E7FE1C4413090401814999
:105FE0003CC17C2063CCF91E8E07C1AA5C4C0149E0
:105FF0003CC1084C11C97C21A18B99E703A68408F8
:106000008D45EF40305C2A890C4C99C5DC318D8B75
:1060100081C72685EFF0DFD9630B090C8327490080
:106020001147BD8B6395E70C032909009305B00662
:1060300041094A85EF00F13AAA89930560074A852C
:10604000EF00313A639309005DC15C30ED9B5CB0B9
:10605000639509087C300329040183298400514A8F
:10606000331AFA004A9AB33930016364490383C78B
:106070001403B1EFFC405CCCE0C01C445448014721
:1060800091078E0789C6743051473317D700BA97E6
:1060900035A28327490091E74A85EFF01FD05109C7
:1060A000E9B78327C90093F7070489CB83258900C3
:1060B000DC318D8B81C72685EFF09FCFE39109FE00
:1060C000CA852685EFF0BFDEB339A000C9BFE386DD
:1060D00009FABC445CCCA0C44DB711E5A285268565
:1060E000EFF09FDF59BFBC485CCCA0C879B77C30CB
:1060F000D1490149B397F90083290401BE991C4491
:10610000636EF90003290401E37939F78327490015
:106110009DE74A85EFF07FC85109FDB758449317B2
:106120003900BA97D8431377070401CB8C43DC318D
:106130008D8B81C72685EFF0BFC70509C9B78327B7
:10614000C90093F7070489CB83258900DC318D8B47
:1061500081C72685EFF0DFC58327490093F7070441
:10616000C5DF83250900DC318D8BDDD72685EFF077
:106170003FC45DB71C444C443CC191C5DC318D8BA0
:1061800099C3EFF0FFC2930904010149214A854AEE
:106190000DA083A7090081CF9843938687006303EE
:1061A000D70283C61403638F460123A6570105094E
:1061B00091097C20E34FF9FC8A07C1079848BA97F8
:1061C0009CC811B55C4393F70704F5D30C43DC314D
:1061D0008D8BF1DF2685EFF0BFBDD1BF832749004E
:1061E00093F7070489CB83250900DC318D8B81C7A8
:1061F0002685EFF0FFBB85092109E5B31C5403296F
:1062000004026D9B3CC17C411CD460C158B08547E1
:10621000E30609FA5C44636FF90203C71403A1475C
:10622000631DF7043C50139737001C50BA97636204
:10623000F9045C546317F4005C5081C7FC4C5CD4D7
:10624000E0CC3C507A2093064002BD078E0733070E
:10625000D70235BD8327490093F7070489CB8325EF
:106260000900DC318D8B81C72685EFF07FB42109D1
:1062700055B72322090021095DBF03C724038547C1
:10628000E301F7FC2285EFE05FF465BF7C443CC18D
:106290007C4091C7DC338D8B99C3232204042C44AA
:1062A00099C5DC318D8B81C72685EFF07FB0014920
:1062B0000DA0585493173900BA97D84313770704A1
:1062C00001CB8C43DC318D8B81C72685EFF05FAE2F
:1062D00005091C48E34FF9FC01495C44634CF90291
:1062E00001495C4C6346F9040149B1491450634FBC
:1062F000D904584C5C485044BA97184CD107BA9707
:10630000184832970607BA970D47B386E602B69744
:106310008A076DB53C4013173900BA978C4399C56D
:10632000DC318D8B81C72685EFF09FA8050975B7F5
:106330005C5813172900BA978C4399C5DC318D8BB3
:1063400081C72685EFF0DFA6050961BF3307390352
:106350005C5CBA978C4399C5DC318D8B81C72685EF
:10636000EFF01FA5050959B7EFA2EF9A2A843C4028
:1063700099E36FA08F9C2285EFF07FC2CDBFEFA283
:10638000EF972A8A2E84B28A514B631454016FA06E
:106390002F9A834974008144B3173B018329040178
:1063A000BE991C4463E7F400044863E13403404CA5
:1063B000E9BF5C441399340052853E99CA85EFF0D9
:1063C0001FAF19C1232209008504E1BFDC4099CB2E
:1063D000A6855285EFF0BFAD11C523A20400268526
:1063E000EFF0BF9BD104D1B7EFA24F91AA892E89BC
:1063F000514A631409006FA0AF93834479000324CA
:106400000901B3149A00A294636594000329C90199
:10641000CDB75C4089CB930584004E85EFF03FA952
:1064200019C5232204002285EFF03F9719A05C4094
:10643000FDDB5104D1BFEFA20F8E2A846C4481444E
:106440002326040481E5FDF86FA02F8F228503A980
:10645000C501EFF07FA809C52285EFF0FFF0854464
:10646000CA85CDB7084985470347150363E9E700A7
:10647000EFA26F8AB285EFF0BF936FA00F8CDC3173
:1064800003470503E19B0D8BD98FDCB18280DC31A2
:106490001849ED9BDCB17C43DCCD6CC3828008499C
:1064A00085470347150363EDE7009C418C43DC31CE
:1064B0008D8B99C7EFA22F86EFF09F8F6FA0EF878C
:1064C0008280D8311C49719BD8B19841D8DBB84F34
:1064D00098C1ACCF8280EFA20F840049AE84B2860F
:1064E00013F6F5008145EF10803B0347040344A1F8
:1064F0000D8B58B1585818C148D86FA00F84D84197
:106500007D17D8C111EF9C4113878500639AE7007E
:10651000EFA26F8081464146EF1060386FA0EF8197
:106520008280EF925FFC1C494111AA8483C9070352
:10653000328A2E8913CC39009D4A93F93900254BB4
:10654000D14C130D6002954B914D0324090069C491
:1065500063160A004A8541016F90BFFC5C3013C787
:1065600037003377EC005DE31C402320F9005C200A
:106570006380570963EAFA006382770763E6FB02E8
:10658000638CB7077D1AD1B7638B670163ED67052D
:10659000638C9707E398A7FF70200E0629A8A285B1
:1065A0002685EFF0EFDAF9BF130704018147702069
:1065B00063CAC7000A0681464106A2852685EF10F8
:1065C000002EC9B70C4381C926853AC63EC4EFF0F8
:1065D0001FF33247A24785071107D1BFA285268541
:1065E000EF40E02145B7A2852685EF30903459BFB2
:1065F000504481466106D1B7A2852685EF30105EF2
:1066000070308146450655BF5044E5BFE19BB3E776
:1066100037015CB02289BDB701492DBFEF92BFEFB2
:10662000004989470546A308F40293054403EFF0A7
:106630005FEF08DC6F907FF0EF92FFED2E848C5DB2
:106640004111328981E9A308240314DC0145410189
:106650006F90BFEE1306000536C64444EFF07FECA2
:106660005C4408DCB246338797405C48BA975CC804
:1066700079D913050019E1BFEF925FE800491D4782
:106680004111834714036365F72269678A0713077B
:10669000076BBA979C43AA8982871C502C582322E7
:1066A00004048A071CC82320040423260404232886
:1066B000040423240404DC318D8B81C72285EFF090
:1066C0002FEF1C5493F7070481CB4C50DC318D8B9A
:1066D00081C72285EFF0CFED2285EFF0CFF822853C
:1066E000EFF0EFFAA30804020448268541016F90F9
:1066F0003FE4232804002285EFF07F8A3C40EDF739
:106700008547A308F402CDB72285EFF0FFC583A427
:106710000901A147A388F40223A8040083C75900F4
:1067200083AA44048D8B89C7CE852685EFF04FE878
:106730009C5493F7070481CBCC50DC318D8B81C7FF
:106740002685EFF0EFE62685EFF0EFF1138AC4051A
:1067500083270A00D5E72685EFF01FC1268523A0F1
:10676000540503A90401EFF03FC0268523A80400C7
:10677000EFF07FCCAC4426850146EFF05FC0AC481B
:1067800026850146EFF0BFBFB0449C488145268571
:1067900032C603AA04053E99EFF0AFC58547BCD0C9
:1067A0002685EFF0CFEE2685EFF01FBC268523A8C7
:1067B0000400EFF05FC8EC442685EFF0FFC2AC4860
:1067C0002685EFF07FC2AC4432462685EFF03FBB12
:1067D000AC4852862685EFF09FBA2685EF30F0361A
:1067E00083C704034E8593C737002388F402844887
:1067F000EFF0DFE21C445844CA94BA975CC8F5B580
:10680000D83303A947021D8B11E763050900138ADA
:10681000C7023DBFD8572320EA00DCD7E30A09F2BC
:106820008327C90085C3032709005C4393F7070446
:1068300081CB0C43DC318D8B81C72685EFF04FD7A0
:106840002326090003298900D1BF9306C4030D46FE
:10685000A2854E85EFF05FDEAA8441BD9306440514
:106860001146FDB781461546E5B734580347040382
:10687000DC320D8BE19BD98FDCB2034724038547C3
:106880006305F702105091465C4CB346D60244446F
:1068900063D7D7008945B345B602EF30D0135C44C7
:1068A000338797405C48BA975CC89947A308F402BD
:1068B000814425BD7C4881CF034724038547630875
:1068C000F700EFF04FC69544B304950239BD9D47DC
:1068D000F1BFDC31A18BC9E341C27C22918BADEFCA
:1068E000EF92DFC10049B287AE84032644082A89AB
:1068F00089453E85EF40004D39C9834714030D4754
:10690000F91793F7F70F6366F702DC3003470403C8
:10691000E19B0D8BD98FDCB083298403639B9900A5
:10692000CE8505464A85EFF0DFBFAA85E38BA9FE39
:1069300008DC5C5813074403639D9700944314C319
:10694000585C98C35CDCD83313678700D8B36F906A
:106950003FBE3E879C43CDB78280EF92DFBB0449A8
:106960002A8485452685EFF0CFA8032904018327D3
:10697000490595EB8D472388F4029385C403238949
:1069800004027D562285EFF0DFB9938544037D56DE
:106990002285EFF01FB97D56938584052285EFF09F
:1069A0005FB86F909FB981452285EFF0CFA7C1B73F
:1069B000EF927FB6044941112A8483C71403B3D7E9
:1069C000F540858B81C741016F903FB722852EC668
:1069D000EFF09FCAB245D5B7EF925FB204492A895A
:1069E0000144DC44B8546351F0029306800C370430
:1069F0000080B3C7D7021344F4FFB346E40285070F
:106A000063D4D7003304F70283C7340395C3130A52
:106A1000109C9D494A85EFF03FC6098C83C714033B
:106A200063404403E39837FF2685EFF0CFB339A0E6
:106A3000F175938505182685EF30C04A6F905FAFDA
:106A40001D47E383E7FEAC5426853344B402930527
:106A5000800CB305B402EF30E0484A85EFF0AFACEC
:106A6000F1BFEF925FAB2A84044981C58547238932
:106A7000F40203C71403854763E5E7002285EFF0BE
:106A8000FFB9228593050008EFF09FF22285930558
:106A9000F0F7EFF0FFF1228593050004EFF05FF1CE
:106AA000930500082285EFF0BFF0268523890402B4
:106AB000EFF06FAB6F907FA81C416397B702EF9226
:106AC0009FA52A8448511C411387F7FF18C191CB19
:106AD0005C411387170058C1882308C005456F9093
:106AE000DFA5EF60E07CD5BF01458280EF921FA15A
:106AF000B7A5010011469385454B2A89EF309010C8
:106B0000AA856D644A85EFF0DF9B130404808544F9
:106B10005D4A0C404A851104EF30D012AA89AA853B
:106B20004A85EFF01F9A238399008504E39344FF7D
:106B30006F901FA0EF923F9E93070010AA862E86AB
:106B400063CBB700B7A501009385057F8852EF108E
:106B5000E0326F909F9E9387F5EF13972700ED67C4
:106B600093870780BA97884393070012E3C3B7FE61
:106B7000B7A501002A869385857FC9BFEF921F982C
:106B8000B2842A84544150590851EFE02F8E95CC9D
:106B90009387E4ED0D47AA8903290402636BF7028A
:106BA0008145228525281C540850B7A50100904333
:106BB0009385857FEF10802CB7A50100AA864E86AD
:106BC0009385C5744A85EF10602B08508D45EFE022
:106BD0002FBAA6852285EFF0FFF5F9BFEF92BF939C
:106BE00000552E895C40104485076377F602B7078D
:106BF0000040F91763F9C700B7B501000146938556
:106C0000C58EEFF0BFF70C40085193141600A6860E
:106C1000EF00F04808C004C458401C409306170019
:106C200054C0BA97238027016F903F91EF921F8D38
:106C3000032905002A84CA85EFF05FFA48501C41F9
:106C40001387F7FF18C18DC75C411387170058C120
:106C5000882308C081449309D0031C40638D370109
:106C600013B5140063942701138524006F905F8C83
:106C7000EF600064F9BF22859305D003EFF01FF6A3
:106C800048501C411387F7FF18C189CB5C4113871B
:106C9000170058C1882308C08504C1B7EF60406160
:106CA000DDBFEF925F871C41038705002A8463875D
:106CB000E7000387150001456393E702BE8522853F
:106CC000EFF0DFF148501C411387F7FF18C191CB5B
:106CD0005C411387170058C1882308C005456F9091
:106CE000DF85EF60E05CD5BFEF92FF8204412A842C
:106CF00048511C411387F7FF18C1A1CF5C4113878E
:106D0000170058C1882308C0A9476305F500B54797
:106D10006310F502630E950048501C411387F7FF7E
:106D200018C19DCB5C411387170058C1882308C048
:106D30005C40370700801347F7FF85075CC063900E
:106D4000E702B7A501000146938505732285EFF0A0
:106D5000FFE2EF60E05545BFEF608055C9BF6F901F
:106D6000CFFDEF924FFBAE840C41FD572A84638028
:106D7000F502EFF0BFE648501C411387F7FF18C13A
:106D800089CF5C411387170058C1882308C01306B8
:106D90005012A6852285EFF07FDEEF606051FDB7CF
:106DA000EF926FF70C412A84EFF05FE348501C41EB
:106DB0001387F7FF18C18DC75C411387170058C1AF
:106DC0008823E9679387072CAA979C3308C0C18B57
:106DD00099EBB7A50100938545712285EFF07FF807
:106DE000EF60004DF9BFEF00B0606F900FF5EF92CC
:106DF000EFF004414111AE89A6852A84EFF01FDE31
:106E000048501C411387F7FF18C1B5CF5C41138769
:106E1000170058C1882308C093070003639AF40041
:106E2000B7B501009385058D2285EFF09FE739ED19
:106E3000B7B401009384848C696937BA01001309DF
:106E4000092C930AE002A6852285EFF09FE511C583
:106E500093054A8D2285EFF0DFE40C40B3872501CE
:106E60009C33C18B8DCB2285EFF05FD748501C41FE
:106E70001387F7FF18C18DC75C411387170058C1EE
:106E8000882308C0C9B7EF60A04271B7B7B401004A
:106E90009384C48C55B7639855019305E002E1B71C
:106EA000EF600041F9BF81452285EFF03FD31C54CC
:106EB0002C008843EF00B05511E9B7B50100130667
:106EC00020129385858D2285EFF05FCBB2464D472A
:106ED000A247130520126395E600A247130530125E
:106EE00023A0F90041016F90AFE4EF92CFE250454B
:106EF000EFF0DFC8EF922FE200512A892285EF30B0
:106F0000605050448325C902AA84930786005CC45C
:106F100008C25C21228593E707045CC2EF30105958
:106F20005C418DE385471CC15CC11C48DC4763554F
:106F3000F0002285EFF05FAA5C442685E1175CC46F
:106F40006F90AFDF0445CDBFEF926FDAAE840C4196
:106F50002A84832945003289EFF05FC848501C41DC
:106F60001387F7FF18C1B9CF5C411387170058C1C9
:106F7000882308C0A9476305F500B5476315F500E8
:106F80002285EFF07FD6294AB54A130BD005FD5B69
:106F90000C406381450B634ABA02639C7503B9E8F0
:106FA00037B60100130646890850B7B5010093852E
:106FB000C589CE86EF00906CAA8513061012228533
:106FC000EFF0DFBBEF60C02E6DB7638555076388B8
:106FD000650381C42285EFF07FC048501C411387B0
:106FE000F7FF18C1A5C75C411387170058C1882354
:106FF00008C079BF37A60100130606B875B7228509
:10700000EFF0DFC2E31625F90C402285EFF01FBD3B
:1070100048501C411387F7FF18C191CB5C4113877F
:10702000170058C1882308C08DE46F90CFCFEF6060
:107030002028D5BF2285A945EFF05FBA2285EFF061
:10704000BFCAB9F41C5423A2070099B7EF604026C9
:1070500045B71C54131719002285D0438C43198E51
:10706000CA95EFF03FE988C0C9B7EF924FC81C55E9
:10707000956941112A842E8A23A207001309D002A0
:10708000930AB005054BB94B938919800440638876
:10709000241F63409912B14763C09708AD4763D07E
:1070A000F41CA547638DF41A63C19708FD57638DDF
:1070B000F47269679307072CA6979C331309072C72
:1070C000858B638307700C402285EFF03FB14850F9
:1070D0001C411387F7FF18C16385076E5C41138756
:1070E000170058C1882308C04A951C318D8BE1FFD9
:1070F0001C54228593044012D0438C43EFF09FDF51
:107100002320AA00582191476319F7107C21638638
:1071100007109384071011A2930700026381F414EF
:1071200063C99700B547E396F4F82285EFF0DFBB1B
:10713000B1BF930720026386F40093077002E39ABD
:10714000F4F62285A685EFF07FA948501C411387ED
:10715000F7FF18C16381072E5C411387170058C1E0
:107160008823E96908C0A94A354B9389092C0D4C3D
:10717000930B81000C406393B42C2285A685EFF01D
:10718000FFA548501C411387F7FF18C1638A075CAD
:107190005C411387170058C188231C5408C02285FE
:1071A000D0438C4379168505EFF0DFD42320AA0065
:1071B000ADAA9307A0036387F42463CE97009307D7
:1071C000F0026385F42063D0975AD2852285EFF0D0
:1071D0001FC2AA8499A09307E0036389F41A63C2CB
:1071E00097049307C0036383F4169307D003E392D5
:1071F000F4EC48501C411387F7FF18C1638507144E
:107200005C411387170058C1882308C09305D00339
:107210002285EFF07F8A631C055C268541016F9013
:107220008FB09307B0056387F40E9307E007E392EE
:10723000F4E848501C411387F7FF18C16381071C0D
:107240005C411387170058C1882308C09305D003F9
:107250002285EFF07F8671D19304D0117DBF485015
:107260001C411387F7FF18C181CB5C4113871700BE
:1072700058C1882308C019BDEF608003E5BF48509E
:107280001C411387F7FF18C1A1CB5C41138717007E
:1072900058C1882308C0E31225F948501C411387C0
:1072A000F7FF18C18DCF5C411387170058C18823A1
:1072B00008C0631555052285EFF05F971C542A8698
:1072C00023A20700637CAB0281452285EFF0DFC774
:1072D0001C5423A207005DBBEF50907D65BFEF50AB
:1072E000307DF9B748501C411387F7FF18C185C39B
:1072F0005C411387170058C1882308C01C408507CC
:10730000E3E2FBFEB3D7F900858BE9DF41B3EF5031
:10731000307AE5B72285EFF07F9185472A8663F9B9
:10732000A700D2852285EFF03FC293045012F5B535
:10733000E31505EEB7A50100130650129385857578
:107340002285EFF0BF83EF50B076C1B548501C41A5
:107350001387F7FF18C185CB5C411387170058C10D
:10736000882308C09305D0032285EFF0EFF4631360
:1073700005489305C0032285EFF00FF4E30F05E8FD
:107380009304E01159BDEF50B072E1BF48501C4169
:107390001387F7FF18C185CB5C411387170058C1CD
:1073A000882308C09305D0032285EFF0EFF0631621
:1073B00005449305E0032285EFF00FF0E30F05E4A9
:1073C0009304F01199BDEF50B06EE1BF48501C41DD
:1073D0001387F7FF18C18DC35C411387170058C18D
:1073E000882308C09305F0022285EFF0EFECE30656
:1073F00005E29304701115B5EF50906BDDB7EF50B7
:10740000306BA1B548501C411387F7FF18C18DC3DD
:107410005C411387170058C1882308C09305A00357
:107420002285EFF06FE9E30A05DE93040012F5B35D
:10743000EF501068DDB7EF50B06725B36385550591
:1074400063CCBA00FD57639FF50013061012B7A571
:10745000010093858577EDB5638765039307C005C4
:107460006386F5022285EFF06FF748501C411387C1
:10747000F7FF18C16383072E5C411387170058C1BB
:10748000882308C0C5B913065012D1B722859305C9
:10749000C005EFF0AFF448501C411387F7FF18C147
:1074A000B9C75C411387170058C103C907002320DF
:1074B0002401930720066303F92863C8270793076D
:1074C00020026306F90463C827036309591D630793
:1074D000691DFD57E300F9CA4E9983471900898B4E
:1074E000639F071EB7A501009385C57BD5A8EF5004
:1074F000305C2A896DBF9307C005630AF9009307C2
:107500001006630FF92293077002E317F9FC485045
:107510001C411387F7FF18C1638E07225C41138754
:10752000170058C1882308C0B5AA93074007630B0A
:10753000F92063C027039307E0066307F920930748
:1075400020076305F92093076006E317F9F831492E
:107550007DBF93076007630DF91E634AF904930723
:1075600080076308F9029307A007E317F9F6185498
:107570005C43FD175CC348501C411387F7FF18C1DB
:10758000638907145C411387170058C1882308C01A
:1075900015AA2285EFF0DF80131945002285EFF050
:1075A0003F8018542A995C43F9175CC38DB7228534
:1075B00093055007EFF08FE248501C411387F7FF07
:1075C00018C195C35C411387170058C1882308C0B0
:1075D0009307B007630CF500B7A501009385C57844
:1075E0002285EFF00FF8EF50B04CD5B72285EFF0C1
:1075F0002FFB2A89914C370D11000C402285EFF0AA
:10760000EFDD48501C411387F7FF18C1A1C35C414F
:107610001387170058C18823B30735019C3308C06E
:10762000C18B91EB9307D0076305F502B7A5010065
:107630009385057B75B71209652B2A99850CE36E36
:10764000A9FBB7A501009385857959BFEF50504636
:10765000E1B748501C411387F7FF18C18DCF5C413B
:107660001387170058C18823185408C0CA855C4383
:107670005E85B38C974123229701EF0000722A891F
:10768000E35A20AFB3872B418385870022857D197C
:10769000EFF0CFD4F5B7EF50B041F9B72285EFF056
:1076A000AFE429491854CA8522855C43FD175CC3A1
:1076B000EFF0CFD2C1B463045701E31E67EB22851C
:1076C000EFF08FE21840B30737019C33A18BE5F749
:1076D00055B4EF50F03D65BDEF50903D25A8814C6D
:1076E00001490C40B387B9009C33898B85CB3309A2
:1076F000590322852E99EFF06FCE4850130909FDEA
:107700001C411387F7FF18C1E1DB5C4113871700A9
:1077100058C1882308C0850CE3958CFD9307F00FB2
:1077200063D72701B7A501009385457D55BD185442
:107730005C43B38C974123229701ADB72149C1BB6C
:107740001D49F1B32549E1B32949D1B33549C1B345
:107750002D4975BBEF50D035F9B3EF50703515B3E7
:10776000EF5010351DBC22859305E002EFF00FC7E6
:1077700048501C411387F7FF18C19DC75C41138710
:10778000170058C1882308C09305E0022285EFF056
:10779000AFB211CD9305E0022285EFF0EFB1B33423
:1077A000A0009384841195BCEF509030E9BF1C4039
:1077B00069671307072CBA979C33898BE38F07A45B
:1077C00029B4EF50F02E05B248501C411387F7FF43
:1077D00018C181CB5C411387170058C1882308C0AA
:1077E0002DBCEF50F02CE5BF930410123DB4930470
:1077F000A01125B49304C0110DB49304B01131BC91
:10780000EF827FD193071012DCC985472E8498C17F
:10781000DCC19CC5D0D1D4D923A6050088D123AE24
:107820000500B7A5010011469385454BEF20903D1B
:10783000045408DC085090448C40930600028520D4
:107840001C5488C01307000298C76F801FCFEF82B7
:107850009FCC584154492A8418C5130710126388D5
:10786000E60054C5144D58C914C96F801FCD930547
:107870000501EFF08FFF48C4CDBFEF82DFC993054C
:1078800085012A84EFF06FFE48C86F801FCBEF821E
:107890009FC8B7B501009385459EEFD0EFC4EF8236
:1078A000FFC52A8A2E89B28936840449814A91C14A
:1078B000B28A9C40C840A2864E86CA8582971DE146
:1078C00015C0FC5889E791455285EFD06FEA854590
:1078D0005285EFF00F999C40C840A2864E86CA851B
:1078E000829775D1DC443E9433045441C0C46F8008
:1078F0003FC4EF825FC2328436868946B346D702E0
:107900000328040041112A83634CD8006340E80235
:10791000B7B50100BA863E869385859CEFD0CFBC73
:107920001317180091476353F70011479307170087
:10793000B3B7C70281C71A85EFF07FF5B306C70258
:107940001A853AC63306C802EFF07FF5324718C0F1
:1079500041016F809FBE35476368B706EF82BFBBAA
:107960006D671307C7A08A05BA959841B287368616
:1079700002873385D7006F805FBC3385D740E5BF72
:107980003385D702CDBFBE85EF406059EDB7BE85C8
:10799000EF406055CDB733F5D700F1BF33E5D700E1
:1079A000D9BF33C5D700C1BFB6853E85EF40205A49
:1079B000D9B7B305D040D5BF3305F0406DBF13C56F
:1079C000F7FF55BF014545BF01458280EF82BFB437
:1079D0004111AE846C002A84EF002133B24788E065
:1079E000638F870069671307072C324583060500FC
:1079F00093F7F60FBA979C33A18B91E791C201459B
:107A000041016F809FB305052AC6C5B7EF82BFB09D
:107A100044452A84EF20101F88C05C21228593E70B
:107A20000704DCC0EFD01F816F803FB1B14763E531
:107A3000A706EF825FAEED67938747A40A053E95E0
:107A40001C41411122E65384B52082875375B50845
:107A5000326441016F807FAE5375B510D5BF537549
:107A6000B518FDB7EF805019E5B75375B518EF801D
:107A7000C07BF9BF5315A520E1BFEF80F00BD37792
:107A8000A410530700F0D397E7A0F9D353758500EE
:107A9000C1B7530500F06DBF530500F082809D46CD
:107AA00081471307F00763E6A60082803D05118138
:107AB0009107E36DA7FE3D4785076366A7008E0724
:107AC00061155D8D828005050581FDB79D4763D9F0
:107AD000A700937775000D85A1077D153395A70045
:107AE00082807D1501479307F00F63E9A700ED67DA
:107AF000938787A7AA9788233A95828021072181B7
:107B0000EDB7EF82BF9F3A89A5471387C5FF4111A3
:107B1000AA8AAE89B2843684032A460063EAE70063
:107B20008547B397E70013F7872F05E78D8BD9EFCC
:107B3000CD47631DFA085C406396470B14409040A4
:107B4000CE855685EFF03FE12320A900232249018D
:107B50003DA0CD476318FA021C423EC45840CD47B1
:107B60006311F7041C403EC6B2462246CE855685B8
:107B7000EFF07FDE2320A900CD472322F900410149
:107B80006F801F9B01462C002685EF30F03679F57B
:107B900013876900CA862286A6855685EF30603B2A
:107BA000F9BF01466C002285EF30103575D16DBFED
:107BB0006C002285EF30102E61DDB26522654E85A6
:107BC000EFF0DFE62720A9008D4745BF8D47631BF7
:107BD000FA009C603EE458408D47E31BF7FC1C60B4
:107BE0003EE6E1BF2C002685EF30D02A55D1E5B71F
:107BF000E9679387072CAA979C33898B81C7130564
:107C000005FD828013650502130595FA8280EF82D7
:107C1000FF8EE9645571AA892E8A2A849384042CE4
:107C20008307040013F7F70F26971833218B35E3EA
:107C30001307D0026391E706050405490307040012
:107C400093070003631FF7088307140013078005D9
:107C500093F7F7FD6397E708090405478147030594
:107C600004009376F50FA6969432C18A85EE03063A
:107C700004009376F60FA6969432A18ABDEE41E3F6
:107C80003DEE63040900B307F0402320FA00CD471E
:107C9000FDA8050471B71307B0020149E390E7FAA4
:107CA000050469BF939A4700EFF09FF4B3075501AD
:107CB000050401476DB7938606FD6376F80063906F
:107CC000C70463CED802B387670205040147B6979D
:107CD0008306040093F5F60FA6958C318989E1FDA2
:107CE00079B7B7D6CC0C054781471388B6CC138635
:107CF000C6CC930879002943E1BF05048DBFB7B511
:107D00000100938585BC4E85EFF0002B01CD042149
:107D10009307E00693E404026397F4000145696168
:107D20006F801F81814426868A854E85EFF01FCAA9
:107D30002A8431E99305E0024E85EFE0906A2A89B2
:107D40004E85EFF0C0239307800CE3E9A7FCE3071F
:107D500009FC4000CE852285EFE0706AEFD0B06F5D
:107D60001C41330939419809838707003A992686CF
:107D70008A852285230AF9F2EFF05FC545D1018D8E
:107D80003384A90041DC82678D472720FA00330540
:107D900034412322FA00050559B79307F0072A87D3
:107DA00063E5B7006CB105458280930675009307C3
:107DB000F0031308950013F6F503136606F890A276
:107DC000998185833305D840FD16E3E6B7FE93C756
:107DD000F7FF8607098FCD8F1CA78280EF82AFF354
:107DE000D841CD4739712A89AE8494416319F7028D
:107DF00037B60100130606BD930520036800EFE0C7
:107E0000504C2A846C0022864A85EF20A05F88C0EF
:107E10005C2193E70704DCC021616F800FF253857A
:107E200006F0EFC0D06A37B60100AE872A87130686
:107E300046BD930520036800EFE0B048B7B50100E8
:107E40002A849385C5BD6800EFF080199C003E959B
:107E50008307C5FCC5FBEFD01060184193071400E1
:107E600083060700980022972306D7FC9800BA974C
:107E70001307000309042386E7FC69B7397132D47C
:107E8000301006CE36D63AD83EDA42DC46DE32C66E
:107E90002120F24021618280EF826FE57971696B68
:107EA000B7BB01002A842E89B284014A130B0B2C24
:107EB00037BC010093098101B7AC0100938B8BB8EB
:107EC00037BD0100930550024A85EFE09051AA8A20
:107ED000630F051233062541CA852285EFF01FB3D3
:107EE00003861A0093073006630FF60663C5C702C0
:107EF000930790046301F60C93075005630EF60E8A
:107F0000930750026315F602054693058DB9228545
:107F1000EFF0DFAF69A8930760066305F60A1389DF
:107F2000440063CDC700930740066304F606B7B567
:107F300001009385C5B92285EFC01FDB93070007B9
:107F40006303F60A93073007E313F6FE8C4091E1D2
:107F5000DE852E852EC6EFF08002B2452A86228568
:107F6000EFF0DFAA2DA0904013894400230CC1003C
:107F70001376F60FB30766019C33918B81C70546D4
:107F8000CE85F1BF93050CB92285EFF03FEFCA848F
:107F900039A898405C44CA8498C34D47D8C3228509
:107FA000EFD04FA94C442285E115EFF03FE3090AD9
:107FB00013892A0001BF98405C44910498C34D473F
:107FC000D8C3F1BF9D0493F784FF8843CC430329B2
:107FD000C40093848700EFC0105E8D472720A9005E
:107FE0002322F9006DBF94401386CCBBE1454E853A
:107FF000EFE0302D2A8669B78C404E851389440006
:10800000EFF0BFD9B385A9402A86A10589BF58449E
:108010005C4C998F21476346F70085452285EFD058
:108020008F944A85EFE0B0752A86CA852285EFF0E5
:10803000FF9D63070A0093051A002285EF30704AFE
:108040005C4403A587FF456141056F80CFCDEF827A
:10805000EFCA2A842E85AE893289EFE05072838779
:1080600009001307D003AA846391E70293851900DE
:108070002A866375A9027D194A8622852299EFD046
:10808000D055230009006F80AFCA13070004639D19
:10809000E7026369A9002A86938519002285EFD03B
:1080A000D053D5B7B7B501000D46938545972285C6
:1080B000EFD0B0521306D9FF3385C44093051500A5
:1080C000CE9513053400E1BFA9454E85EFE0703130
:1080D000B7B501002A8A25462285938585B74519BB
:1080E000EFD0B04F250463F1240363110A02268602
:1080F000CE852285EFD0704E33059400B7B50100D0
:108100000D46938545B861BF63040A00B3043A4144
:1081100063739900CA842686CE852285EFD0F04B02
:108120002694B7B501000D46938545972285EFD07B
:10813000D04A13053400D9B71C451841945B5C51F3
:108140003145BE959C428605BE9583970500B38751
:10815000A702485F3E958280F0A58347A502DCA573
:108160001C459C5BD84F9C4BA3860500D8C19CC581
:108170005C459CC14CC58280EF82EFB95C4D88C5DF
:108180008441DCC14CCD23A4050223860502FD57A2
:108190009CCD1C5923A8050023AA0500DC4323AE6F
:1081A000050023A00502DCD123A605003289DC30BE
:1081B00050592E84918BB0C481CB5C328D8B89C792
:1081C0000851A685EFE00FAA89479CA40146CA85FD
:1081D0002285EFF07FF86F804FB65C456399B7005A
:1081E000EF826FB3EFF0AFE605456F800FB5014545
:1081F0008280EF82AFB0C4419C452A892E84B28A26
:10820000368ABA8963C0F4021386850008518C410E
:10821000B7B701002167938747D77D17C146EFF0B5
:108220004FED08C01C40139744002685BA970327DA
:10823000C90123A0570123A447010347A70223A292
:108240003701D8A7938714005CC06F806FAEEF82B0
:108250008FAC1C453289411184531C412A84AE865F
:10826000D0531DC62EC6B7B50100938545CC2685D3
:10827000EFF0DFC0B2462A87B7B50100938585CD00
:108280004A862685EFF09FBFAA850844EFE0FFC528
:1082900037B70100130747CBC5B7EF822FA62A894E
:1082A00083290903939745002E8483A4C900484D70
:1082B000BE94CC245C2663F7F502EFF0FFE718418B
:1082C0009040944403250902B7B50100938545C643
:1082D00041074106EFF09FBAAA85232609004A8587
:1082E000EFE0BFC05042CC40EFB0FF8083A7090150
:1082F000FD176346F40023A8F9006F806FA383A5E0
:10830000C900050493174400BE954146138505FF37
:10831000EFD0B02CE1BFEF826F9E5C4D03290503C7
:10832000AA84DC47AE898047832709016344F400AF
:108330006F800FA08327C90013174400BA97984392
:1083400083A709006318F7004E86A2852685EFF003
:10835000DFF4D9BF0504C9BFEF82EF9B8328C501B5
:1083600010591397450003A3C8005C460328C601B3
:10837000032E4300BA97F28663C4060101453DA867
:10838000184E93944600BA9483AE040098436399C0
:10839000EE02D024D8272E892A84637BE600034787
:1083A000D30019E363560E01CC434685EFB08FF638
:1083B00022852686CA85EFF05FEE05456F80EF9730
:1083C00085065DBFEF822F9504512A84EFE08FF67A
:1083D000B7B501002A86938585CA2685EFF01FAAC6
:1083E000AA852285EFE07FB0EF82EF920344A502D9
:1083F0002A89AE842E941374F40F2305850299E024
:108400006F80AF93B30594404A85EFF0FFD2832786
:108410000901FD145CC1E5B7AA87130750112E8529
:10842000638DE7006347F7009387C7EF13B5370005
:1084300082809387F7ED13B517008280EF820F8C4F
:108440002A842E89328AB684EFF03FD929E15C4034
:1084500063969700CA852285EFF0DFF6CA852285EC
:1084600083290402EFE00FED2A89D2852285EFE00F
:108470006FECB7B50100AA869385C5C326874A86E7
:108480004E85EFF0BF9FAA852285EFE01FA66F8083
:108490002F8AEF82AF869C42AE8A0547B6859386C7
:1084A00037FFAA89328A04413384CA40636DD702F8
:1084B000130914006353090001494A862685EFB069
:1084C0007F83635780009305F9FF2685EFB00FFD8A
:1084D00063D94A0183A7090003C7C7023A942386D8
:1084E00087026F80EF8481C72685EFB03FB3E351E9
:1084F00080FE03C9C402A2852685EFB02FFA22862A
:10850000CA852685EFB08FE6E1B718518357E70695
:108510008507C207C1832317F7061307800C637D05
:10852000F700EF725FFF484D37B601001306C6C96A
:108530009305800CEFF0BFD18280EF723FFC0329DE
:10854000C5012A8AAE8A832409008317890200594B
:1085500083A9040263D7370503178902B146DC5C9F
:108560003307D702BA9723A05701DC30918BA5E7D8
:1085700083148902032749029306800C9387140011
:108580002314F9025C4085073387E74063D0E60691
:1085900037B60100130646D69305800C4A85EFF0E6
:1085A0001FCBCC5C0851B7B701002167938747D632
:1085B000B146138604027D17EFF0AFB39450C8DCC8
:1085C000CE873146E3DAD7F83387C70285072A9783
:1085D00023200700C5BF83C75A008D8BD1DB03253D
:1085E0000A025686A685EFD0FFE759B7184463C341
:1085F000E7020C4003250A02B7B7010037070080E5
:10860000938747D61347F7FF894613068400EFF098
:108610004FAE08C05C40184093861700860754C0D0
:10862000BA9786A36F70DFF0EF72FFEE2A84EFE057
:108630007F8CAA852285EFF05FF06F701FF0EF72DC
:10864000FFEB00418347B5021307F00F0329C40075
:10865000639AE70037B60100130646D89305F00F7A
:10866000EFF0FFBEAA84AE89328A63DE270383C798
:10867000B402139737003C40BA9703270A006117EA
:1086800013371700D8A303274A0023A03701D8B314
:108690005C30918BB9E303C5B40293071500A38541
:1086A000F4026F70FFE808452C40B7B7010008518D
:1086B000938747D8A1461307F00F1306C400EFF0C5
:1086C0004FA3544428C0CA87E3D3D7FA139737007F
:1086D0002A97232007008507C5BF83C759008D8BC4
:1086E000DDDB9C444E86A2858853EFD0BFD765B7AB
:1086F00009E9FD571CC65CC623200600232206009C
:108700008280EF72BFDF0349A502368A3284AE89C8
:10871000AA847D19FD5A631859019C4003C7B4020D
:108720000145B4431DA0CA852685EFF0FFA01C417A
:108730006382F9047D19C5B79C4381A8931735005E
:10874000B6979C436381F9020505E349E5FEC840FD
:1087500081462286CE85693F1C408DCF2286CE85FC
:108760002685EFF0DFEDFD571CC45CC4A5471CC097
:1087700048C00DA0A14723245401232654011CC046
:108780002322240163180A00DC44D827E346E9FACF
:108790000547D8B76F70DFD9EF725FD644452A849A
:1087A000032985009C4099CFDC3489CFEFB0EFAF2F
:1087B000D024AA85AA892285EFB0CFB5CE8522859F
:1087C000EFB00FB2FC2485CF03250902B7B5010035
:1087D0009385C590EF1010478327C90183250903AE
:1087E0002A86984BE10581464A85EFF09FA08327B2
:1087F000090312058C4FAA954A85EFF0DFB183AAD1
:1088000004001C442326540103AA070383C9C4009F
:108810008347A4023387374183274A00998F232255
:10882000FA008345A40263CFB9042306B402832768
:108830000903D84083A98400D8CF639A0A08984BCB
:1088400063DBE908DC479209B7B50100BE9903A6CE
:1088500009009147938545D158226318F7007C227F
:1088600089C7B7B50100938505D483A68900032580
:1088700009024106EFF08FE0AA85232609004A8508
:10888000EFE0AFE6FD1593F5F50F2305B402228561
:10889000EFF09F8A1C481CC569B78327CA0013994B
:1088A0004900D0243E998347C900637CF600DC343C
:1088B00091C7832549002285EFB0CFA5DC2423068C
:1088C000F9000844CE85EFF03FA911E1850983271F
:1088D0000A01E3C4F9FC6F70BFC5EF723FC2444D9B
:1088E0000329050201468145AA8926858040EFB00B
:1088F0008FB12685EFF05FEA9448370A00409387EE
:10890000160063E547014A85EFE07FF850480C58B0
:108910008A060A064A85EFE09FF8944808D854C8AA
:1089200093871600E3F147FF104C0C5C8A060A0699
:108930004A85EFE0DFF69C48D44C08DC1CCC13875A
:108940001600B7070020E370F7FC10484C548E0661
:108950000E064A85EFE0BFF4DC4C945048D41CC8A6
:1089600093871600E3F147FB504C4C588A060A06E1
:108970004A85EFE0DFF29C508396840210505CCC75
:10898000B147B386F6024C5C48D84A853386C702A5
:10899000EFE0FFF08397840248DC50441CD083C68C
:1089A000B4022C400E068E064A85EFE05FEF28C029
:1089B00083C7B4025CC4DC4023AEF90083270901FD
:1089C000DC476355F0004A85EFE00F816F705FB6BA
:1089D000EF727FB45C456384F500EFF0BF9EEFE07B
:1089E0001FE76F709FB5EF721FB354451307401216
:1089F0006386E60093054012EFF0DF9C0049EFE04C
:108A00001FE522856F707FB3EF72FFB02E8993054B
:108A1000A0102A844441EFF04FFC15C12285EFF0ED
:108A20009FFC0C582A864A87A686B1052285EFF05E
:108A30004FFCAA852285EFF03F926F701FB0228510
:108A4000EFE0FFE00850B7B501009385C590EF1047
:108A5000701FC1BFEF723FAC2E84AA84EFF0BFF845
:108A6000AA85C84CEFB02FA5FD571CC45CC4914724
:108A70001CC048C06F707FACEF72FFA9444D41111C
:108A80002A8426852E89EFB04FE02285EFE03FDC77
:108A90008A852285EFF01FFC0A86CA852685EFB0FD
:108AA0009F8141016F707FA9EF725FA541112A89F3
:108AB0002E84EFF05FF38324C901AA85AA89854635
:108AC00022862685EFF0DFC21C4085EB83258903D3
:108AD000228685462685EFF0BFC10325C901CE85D4
:108AE000EFB06F9DFD573EC43EC62AC291470A862D
:108AF000A28526853EC0EFB00FFC41016F705FA3D9
:108B0000EF72DF9F39712A844441EFF01FA05C446B
:108B10001307A010638FE75A6341F70A1307301059
:108B20006383E726634FF7021307B0036385E718F3
:108B300013072010638FE7580C182285444CEF0070
:108B4000705C5C441307D0036386E7001307C00220
:108B50006399E75805466C10228502D6EF0030690C
:108B6000B1AA13078010638FE72213079010E395D3
:108B7000E7FC2285EFE0BFCD6C082285EFF0DFF245
:108B80001309E0025C44638D27411307A0030146EB
:108B90006397E7006C082285EFF01FEE0546A68676
:108BA0006C102285612B484C6C087010EFB0CFD947
:108BB000484CA685EFB00FF811A213071011638D72
:108BC000E736634DF7041307B0106387E710130708
:108BD000D010E393E7F62285EFE07FC7930590106E
:108BE0002285EFF08FDFAA846301053C2285444C87
:108BF000EFF07FDFAA852285EFF03F94484C854552
:108C0000EFF08FFE544001466C102285052BC255B3
:108C10002685EFF06FD29C485CC14DA01307601110
:108C20006384E710130700126387E73C13072011E2
:108C3000E394E7F02285EFE09FC18329C4008545D6
:108C4000444C4E85EFF04FFD631205489307B00387
:108C500001496387F9046C102285EF00D038B257C0
:108C600005472A89CD176366F7447D566C10268523
:108C7000EFB04F883257B5476311F7028547631E3F
:108C8000F9004257944093172700985A3E971C4387
:108C900093F707FC93E757021CC303C5A4027D5951
:108CA000AA854A862685EFA01FF69305B003228584
:108CB000EFF0AFD221A02285EFE07FB95C4C03C773
:108CC000A7022386E70218508357E706FD172317EC
:108CD000F70621616F70DF85FD576C10228503292F
:108CE000C4013ED693095010EF00D0675C446388FE
:108CF0003703930540102285EFF02FCE01C5228562
:108D0000EF00B07193056010A6861306B01022859F
:108D1000EFF0CFF2B2554A85EFA09FDC45B76C105B
:108D20002285EF003064D9B70329C4012285EFE022
:108D30001FB24A85EFA05FDA2A8A2285EF00105E13
:108D40000546AA896C104A85EFF00FC193053010D3
:108D50002285EFF0FFC72285EF00306C4A85EFA037
:108D6000DFD4AA8552864A85EFA0FFD8930560100C
:108D7000A686130660112285EFF04FEC4A85EFF0CE
:108D8000BFA1CE8549BF2285EFE07FAC2285EF00F1
:108D9000D068A68613063010930560102285EFF088
:108DA000EFE929BF8329C40105466C084E85EFF021
:108DB000AFBA2285EFE0BFA92285EFF0DFC25C44A5
:108DC0001307D003AA8A638EE7081307C0106386CF
:108DD000E7001307C002639BE714032AC401B7B579
:108DE00001003D46938505DE2285034BCA02EFF064
:108DF000BF83B7B501002D46938505DF2285EFF0CF
:108E0000BF82B7B5010035469385C5DF2285EFF0F7
:108E1000BF81D6852285EFF04FF211499305C0023C
:108E20002285EFF08FBB631A050E9305C0102285D3
:108E3000EFF01FBA6C102285832A4400EF00B01AAD
:108E40002A8674108D451305C401EFF08FE48D451B
:108E50005285EFA0FFE101479306D9FF5686DA85D8
:108E6000B5A80329C401B7B501002D469385C5DB1C
:108E70002285034AC902EFF02FFBB7B501002D464A
:108E8000938585DC2285EFF02FFAB7B501002946DE
:108E9000938545DD2285EFF02FF9D6852285EFF009
:108EA000CFE99305D0032285EFF09FB22285EF0032
:108EB00090499305C0022285EFF09FB12285EF0013
:108EC00090489305C0022285EFF02FB11DC5228581
:108ED000EF007047054785462686D2852285EF003C
:108EE00030562285A6861306801093056010EFF099
:108EF000EFD44E85EFF05F8AD1B3834AC90285452E
:108F00004A85EFA03FDD2A86D6854A85EFA07FD22D
:108F100085454A85EFA09FD875BF2285EFF0BFAC8D
:108F2000AA852285EFF06FE10509CDBDB7B5010037
:108F30009385C5E02285BDA20329C4014A85EFA01F
:108F4000BFB905466C08AA894A85EFF0EFA0014633
:108F50006C104A85EFF04FA02285EFE05F8F2285ED
:108F60004D2AA68613061011930550112285EFF0A5
:108F7000EFCC2285EF00903A83479103AA8499C7EA
:108F800003468103AA854A85EFA0DFB84A85EFF042
:108F9000BF804A854E86A685EFA0FFB54A8599BF5A
:108FA0006C082285EFF05FADF1BE2285EFF0BFA324
:108FB000AA852285EFF06FD89305C002228585042B
:108FC000EFF0AFA17DF19305D0032285EFF0EFA084
:108FD0000DC16C102285EF0010012A86A6851305AD
:108FE000C4017410EFF0EFCA484CA685EFF0CFBF74
:108FF000F1B102D6DDB72285EFE07F852285EFF063
:109000009F9E0329C401832904032A868327C9005C
:1090100083A5C901138A8901DC4363CCB704930596
:109020000012228532C6EFF0BF9A4A85EFA0DFAA70
:1090300032462A87A686D2852285EFF08F9BAA84A6
:10904000930AB003130A0012484463015507630FE3
:1090500045058145EFF04FBC83A589019204A69593
:1090600009C58327C900DC27DCA52285EFF0AFAA5C
:10907000B1B183A68901139747003697144363154E
:10908000D602832789001447B7B50100885393851A
:1090900045E24106EFE09FDE83278900AA8523A6EB
:1090A00007003E85EFD07FE4850785BF2285893C98
:1090B00061BF85476C1026856315F900EFA0FFF8A6
:1090C000C5B6EFA0BFF503C5A402D9BE014901454D
:1090D000C1BE484CEFA07F9DAA852285EFF0DF92AC
:1090E000F1BE4257B5476307F700B7B50100938556
:1090F000C5E489B59440525793172700985AB7464C
:1091000080FFFD163E971C43F58F9166D58F1CC3DB
:1091100075B6EF724FC02A84130920114444854567
:109120002685EFF06FAF11E5228563962401EFF0FD
:109130003F9D6F708FC0EFF0BF9CCDB7EF722FBB1C
:10914000032AC50139712A8483240A0083270A026D
:10915000AE8903A9C401B28BB68A032B050263DA78
:1091600027115A85EFC03F9983270A02D8582A89C8
:10917000938617008A072320DA02BA9788C3DC3067
:10918000918B639207120C082285232259030A86C9
:109190004AC8EFE07FFE930580022285EFF05F83EF
:1091A000638E0B00B7B50100938585C122851146FA
:1091B000EFF08FC7484C8545EFF00FA3032AC40199
:1091C00093079002014983240A00A38304005844B2
:1091D0006306F702130B9011930B40125C44638EED
:1091E000670D6392770F2285EFF0EFFFAA85228546
:1091F000EFF0AFB4FC300509638E070C484CCA850C
:10920000EFF08F9E8345AA025285ECA0EFA01FA924
:10921000930590022285EFF0AFFB2285EFF07FEF00
:109220005840C247D686228598D7130690109305DA
:109230006010EFF0AFA05C4C01469305C002C44340
:1092400094502685FD16EFA09F9DFD5723A4F9009D
:1092500023A6F900B14723A0F90023A2A900CE85D7
:109260002685EFA0BFDB2285EFF02FE721616F702D
:109270008FABCC58B7A7010037070400938747EBA3
:1092800091467D171386C4015A85EFE08FE6D44CD2
:10929000C8D8CA87E3D7D7EC139727002A9723208B
:1092A00007008507C5BF5C318D8BE38E07EC2A86EE
:1092B000A6855A85EFD00F9BF9B52285EFE02FD90F
:1092C0008547FCB025BFB7B50100938505C222854F
:1092D000EFD0BFC19305C0022285EFE01FF0E31F6E
:1092E00005EE29BFEF728FA101112A892E84B28A5F
:1092F000EFF0AFA18327C9001307D0026381E70C09
:10930000634BF702130730028D44638BE70A1307A0
:1093100040116384E7166348F704130770106383F2
:10932000E7166342F7021307B007638EE716A285BC
:109330004A85C92B7DA01307E0076389E71013074F
:10934000F0108944D9B7130790106382E71613070A
:10935000E010E39EE7FCFD571CC45CC485471CC0BD
:1093600023220400F5A8130720126383E70E63434A
:10937000F70213079011E39CE7FA0325C9011C418A
:10938000FC3363960710B7B501009385C5E54A85A0
:10939000EFD0BFB5130730126388E70C13075012E4
:1093A000E397E7F8832509010325C901EFA0BF90E2
:1093B000FD571CC45CC491471CC048C055A08144E3
:1093C000832649004A8536C6EFE06FC83146A2853C
:1093D0004A85093FB2460325C9012286A685EFA02A
:1093E0009FF68327C9001307E007A5446388E702B7
:1093F000634CF7101307D00285446381E702634C86
:10940000F70C130760029D44638AE700634CF70A78
:10941000130750028D446383E700D5446D6A554BB2
:10942000130A0AD96389640193991400D29983C7F6
:10943000090063CFFA120327090226858357E7063E
:10944000FD172317F70605616F708F8E85448DBF5A
:1094500087270901FD571CC45CC495471CC05CE00C
:109460004A85EFE0CFBEB5BFFD571CC45CC4994729
:109470001CC0832709015CC0E5B7FD571CC45CC450
:109480008947F1BDFD571CC45CC48D47C9BD014768
:10949000854601469305D002EFA0CFEBFD571CC4D3
:1094A0005CC4B94711BFA2854A85D1221DBF4A8538
:1094B000EFE0EFB9832649000146A2854A85EFF027
:1094C000FFC705B71307A0028944E389E7F4130730
:1094D000B002814489B71307E003C544E380E7F491
:1094E000634BF7001307F0029544E389E7F2130793
:1094F000C003B9440DB71307E0059144E380E7F2D8
:109500001307C007A14401BF1307A011B544E387A7
:10951000E7F06346F70213070011D144E380E7F058
:109520006346F70013071010CD44F5B5130770110B
:109530009944E385E7EE13078011B144E9BD1307B1
:10954000D011C144E38CE7EC634BF7001307B01173
:10955000C944E385E7EC1307C011BD446DBD130793
:10956000E011A944E38CE7EA1307F011AD4465B5B7
:10957000032749004A853AC6EFE06FAD0325C901CC
:10958000A6852286EFA0BFD503C619000C084A8520
:10959000913BAA8932470325C901A6851408228672
:1095A000EFA0DFEDCE84BDBDEF62FFF60146EFF028
:1095B0007FD36F609FF8EF621FF62A84AE84EFE0DE
:1095C0000FA9A6852285EFF03FFE484CA685EFA0A7
:1095D000BFAD9305D0052285EFF08FBF6F60FFF51B
:1095E000EF62DFF1404D58457971930740122E89A3
:1095F000AA848349C4020C08631BF704EFF08FC5EB
:109600008327490126859305D0038507232AF9007E
:10961000EFF00FBC0C082285EFA0BFAA2AC60C10E1
:109620002685EFF07FF8832709010C102285D043AF
:1096300032C4EFA01FA9B24622462A87A945228537
:10964000EFA04FD12306340345616F607FEEEFF04A
:109650009FF67DB7EF623FEC2E84EFF0FFF41C4CD9
:1096600085071CCC5C4C85075CCC6F601FEDEF62FE
:109670001FE8444D0111AE892A8481460146032A20
:1096800045000147AD452685EFA0CFCC23A2A90018
:109690002A89484CFD57314723A4F90023A6F90035
:1096A00023A0E900CE854EC83EC43EC602CE02CA03
:1096B00002CC02C002C2EFA07F969305B0072285BC
:1096C000EFF00FB193092003930AB005130B40127A
:1096D000930BD007130CD0035C4463847707824755
:1096E00095C38A852685EFA07F93F24702C0639BCE
:1096F0003701C247624693062003CC432685EFA07C
:109700001FEC02CE5C44638E5701639F670B22857A
:10971000EFE0AF968A85630785012285EFF09FF31E
:1097200029A08A852285EFF0BFEB9305C002228530
:10973000EFE0BFAA55F19305B0032285EFE0FFA942
:1097400041F9D2861306B0079305D0072285EFE0D2
:10975000FFCEF24795C782470547938637FF636779
:10976000D7067D568A852685EFA0CFD8C2476246A8
:10977000FD56CC432685EFA09FE4E247FD173ECC83
:109780009C4062450A099C5BCA978043EFE02FB179
:109790009C4026045E059C5B2580498CCA9780C34B
:1097A0005245EFE0CFAF9C403A059C5B3E99B7C76E
:1097B0007F007D8DB74780FFFD177D8C498C23206E
:1097C000890005616F603FD68A8581BF89C78A8518
:1097D0002685EFA0BF84C247F2466246CC43268569
:1097E000EFA0FFDD71BFEF621FD3AA842E8905446D
:1097F000EFF09FDB9305C0022685EFE01F9E01E599
:1098000022856F609FD3C84CCA850504EFA01F81D5
:10981000CA852685EFF05FD9F1BFEF623FCE5C4588
:109820001307B00701112E89B289404D6384E70AFE
:1098300013075012AA846383E70A13078002639D0B
:10984000E70AEFE0CF80D84493079002631AF70647
:1098500002C8CE8613068002930590022685EFE0AB
:10986000FFBDC247032649000547938537FF930490
:109870001600FD56637CB70099C70C08228532C6D6
:10988000EFA0CFF932468346C402858E094785068C
:10989000930540022285EFA0EFABFD572324F9008A
:1098A0002326F900B5472322A9002320F900CE85FD
:1098B0002285EFA03FA82306940205616F605FC771
:1098C0000C082685EFF03FF27D560C082285EFA0AC
:1098D0006FC241B70C08EFF09FD961B70C492285E0
:1098E000EFA06FBDFD573ECC3ECE2ACA91472685DC
:1098F0003EC8EFD0DFF5B5B7B7B50100938585CF8A
:10990000EFD0AFDEEF62BFBE5C45130780024111AE
:109910002A84AE840329C50183294500638CE700AE
:10992000130740126382E706B7B50100938585E807
:10993000EFD0AFDBEFD0BFF1A6852285EFF0DFC619
:10994000930590022285CE8613068002EFE01FAFBA
:10995000484CA685EFA0CFC5130AA003930AB00711
:10996000130B5012930BB005130C8002930CE00202
:109970005C4463874705634CFA0063858707638C03
:10998000970341016F603FBAEFF00F92F1B7638B1D
:10999000570563896705E39677FFA6854A85EFA09B
:1099A000CFEE8A852285EFF01FC10A86A6854A85FB
:1099B000EFA07F9075BFA6852285EFF0EF8B4DBF9E
:1099C0002285EFD0DFE88A852285EFF0AF880A860E
:1099D000A6854A85EFA04FFE4E86A6852285EFF02C
:1099E000DFE379B7A6854A85EFA04FE3F5B7EF62CD
:1099F000FFB0DC4109470111E1176378F700B7B503
:109A000001009385C5E4EFD04FCEAE849305C0022C
:109A10002A843289EFE06FFC71C10C08228526C6CA
:109A2000EFF05FEE4247A9476306F7068329C401BA
:109A3000A687814603C6C902A9452145214883A8B6
:109A400047006398B80283C8B700631B170103C3BC
:109A5000A700D24863161301A3850701B0A7854666
:109A60006319A70003938700D2486314130192A7D8
:109A700085469C43E9F799CEA14781456303F700EA
:109A80009545D24601474E85EFA0CF8C85454E8542
:109A9000EFA0CFA01C501307800C83D7E706CA970E
:109AA000635BF700484C37B601001306C6C993053F
:109AB000800CEFE0CFF9130619006C002285053FFA
:109AC000484C7D5770008347C5023ACA3ACCFD170F
:109AD0001D473AC63EC89385440025A89305D00388
:109AE0002285EFE0FFEE6C002285EFF0DFCF2A86C3
:109AF0006309A9007400CA851305C401EFE07F99CA
:109B0000C1B7484C6C00EFA02FA6484C700093855D
:109B10004400EFA06FE305616F609FA1EF62BF9FFC
:109B200041118A852A84EFF03FA8024785476314D4
:109B3000F7008D473EC0484C8A85EFA04FED324577
:109B400041016F609F9FEF621F9D41118A852A84AA
:109B5000EFF09FA5484C8A85EFA04FCC12454101FC
:109B60006F60BF9DEF629F9901112A84AE89444DB9
:109B7000EFD0FFCD0C082285EFF01FA39305301125
:109B80002285EFE0FFE45C4413072010484CDD9B86
:109B90000C08639BE706EFA02FED8A85268501461A
:109BA000EFE08FDBE2452285EFE01FE69305B0038F
:109BB0002285EFE08FE27DF948448145EFE0DF85C3
:109BC00019C52685EFE05FBD05616F607F9626852C
:109BD000EF90BFED2A892285EFF0AFD32685EFE025
:109BE000BFBB5C4405479387C7EF636AF7002685D0
:109BF000EF90BFEB2A86CE852685EF90FFE6CA85DB
:109C00002685EF90FFEDC9B7EFA06FE001468A858A
:109C10002685EFE06FD472497DBFEF62DF8F404D44
:109C200041118A850146AA842285EFE0EFD226857C
:109C3000EFF02FCE2285EFE03FB641016F60FF8F3E
:109C4000EF62DF8B404D41112A89AE8422858D451C
:109C50003A8BB28A368AEFE02FF9930530104A85A5
:109C6000EFE01FD7630C0B06B7060200F916268635
:109C7000930580022285EF909FFA0146AA898A8582
:109C80002285EFE06FCD0325C901D285EFE0CFF546
:109C9000D2852285EFA08F804A85EFF01FF82285BC
:109CA000EFE09FAFCE852285EF909FE3630C0B0220
:109CB000B7060200F9162686930570022285EF90FA
:109CC0001FF613861900AA852285EF90DFE2D6855C
:109CD0002285EFA02FE641016F609F852285EF90DE
:109CE000DFDC61BF8146268652879305900222857C
:109CF000EF905FE6D6852285EFA0CFE3B70602009E
:109D0000F916138624009305A0024DBFEF622FFEC3
:109D10007571AE8985452A84B28A36893A8B3E8A26
:109D2000EFB0FFCC5C4413076004AA8488C3D8C397
:109D30002285EFB02FD02285EF0070295C442AC124
:109D40001307500488C3D8C32285EFB0AFCE228555
:109D5000EFB07FDADC30C8C42AD2918B89CB5C317A
:109D60002A868D8B89C7A6852285EFC0AFEFDA855D
:109D70002285925BEF00006D925723A4AB045287BB
:109D8000B4474E86CC082285232E090023280900DB
:109D900023220900D6DE4AC3EFD09FA650004C1004
:109DA000C808EFE06FBD925705475008F8B3BA45B1
:109DB000FD573ECE3ED04810A1473ECA02CCEFE050
:109DC0001F889255DC31918B81CB3A465C328D8B6A
:109DD00081C75655EFC00FE9C808EFD05FA7C80884
:109DE000EFF02FB30657930710126307F7009305A0
:109DF0001012C808EFE00FDDC808EFE01FAE5C44AA
:109E00002685E1175CC449616F60EFF1EF62AFF046
:109E10002A84930600142E8501468145EFD03FA881
:109E2000930780023CD008D09307450013074514E0
:109E300023A00700A107E39DE7FE930785115CCCF3
:109E40009307850048D85CC4232E04022320040411
:109E5000231B040423220500930744031305850AEA
:109E600008DC5CC86F606FEDEF624FE94111AA85B5
:109E70002A840449EFF09FF92285EF0050159309D9
:109E800050042A89C8D0AA8523A434032285814698
:109E90000946EF00F02E930780043400CA8505467A
:109EA00022853EC622C4EF00F0292285EF00301241
:109EB00034000946CA852AC422854EC6EF00902880
:109EC000228545292285EF00D06B2285EFC01FC275
:109ED0008547A389F4020145EF70FFDFE8D841010F
:109EE0006F600FE55C4518453E97B7070080850712
:109EF000BA9763D3B700AE871D8F18C55CC5828043
:109F0000EF626FE193064002014681452A84EFD05B
:109F10001F9958487E2048C718C523260500850785
:109F20007EA06F608FE1EF620FDF5C492A84CC472F
:109F300023A6070099E16F604FE0814613064002B7
:109F40002285C445EFD0BF957E20A685FD177EA053
:109F5000D5B7EF624FDC930745035CC92A84EFF065
:109F60009FFC30500C5081460E062285EFD03F9367
:109F70006F60AFDCEF622FDA0C512A840449EFB036
:109F80003FB32285EFC07F9D1C48814622859053B8
:109F90008C4F0A06EFD0BF901C5081C72285EFF08E
:109FA0005FFB9C40C8408146130640329305C4FFC6
:109FB00082976F608FD8EF626FD42E890111AA89C2
:109FC00093064032214681454A85829963050512F0
:109FD00085471307C507930445002306F50A58C9AA
:109FE000230CF5061307801085472A8418C523180B
:109FF000F50623220502232C050023220500232237
:10A00000050604D9232A050223190506232E050473
:10A01000232A0506232405062326050623240502F4
:10A020002306050023200506232E350723202509B6
:10A030002326950E0145EFD0B0597C003ECA938788
:10A0400041823ECCB7A70000938767FB2A862AC6C9
:10A05000C14508083ECE26C8152A93074032232260
:10A06000F4089D47A306F40A9307800C2320F40EFE
:10A070002322F40E2324A40A23280408232C0408F2
:10A08000232E0408232A04082322040A2328040E6A
:10A09000232404082317040A2328040A232A040A71
:10A0A000232C040A232E040A2320040C2322040C4C
:10A0B0002324040C2326040C2328040C232A040C38
:10A0C000232C040C232E040C2324040E9307841544
:10A0D0001304C41723A007009107E39D87FEB7A5CB
:10A0E00000000146938585E62685EFA05FFA09C545
:10A0F0002685EFF03FE88144268505616F604FC3F8
:10A10000EF626FC144492A89CC4499C1C04519E026
:10A110006F60AFC28146130640024A85EFD02FF828
:10A1200083576900FD172313F900C0C404C4A28437
:10A13000E1BFEF624FBE2E841389C5FF8C51AA8404
:10A140002285EFB0FF961C5081C72285EFF07FE09B
:10A1500081461306C007CA852685EFD04FF46F608D
:10A16000CFBD6302B5025845D0458147631EE60066
:10A17000EF626FBAC1054105EFB0F04393371500A8
:10A180003E856F608FBB85473E85828013D7550023
:10A190002D8E050763F4E5003285828093562600F4
:10A1A00093175600B697B306B50083C6F6FF998D90
:10A1B000B6973D8EC5B7EF620FB67C212A8489EB36
:10A1C00010454C454105EFF07FFC854708C47CA055
:10A1D00008446F608FB6EF620FB400492A89AE84DD
:10A1E0001050634BB602105081461385F4FF63CFC5
:10A1F000C60463D0C402938714003707004063F39A
:10A20000E7020C4C939624000A064A85EFD02FE90A
:10A2100008CC04D06F606FB29387150037070040F9
:10A2200063E5E7004A85EFD08FE6939625000C4C56
:10A230000A06EFD0CFE61C5008CCE3D697FA139766
:10A2400027002A97232007008507C5BF0C4C93974A
:10A250002600AE97984323A0070019E3850641BF67
:10A260001C470328C700E98F8A07AE9783A8070019
:10A270002326170198C34287CDB7EF624FA7044941
:10A28000B2892E8AD0542A8BCE855285EFF01FF0EA
:10A2900083AB0402AA8A1389FBFF3379A9009317C1
:10A2A000290003A984013E990324090035E4DC4C0C
:10A2B00063C57703B707004063D1FB0293951B008A
:10A2C0005A85EFF05FF103A904027D193379590132
:10A2D0009317290003A984013E991386190191451A
:10A2E0005A85EFC04F9FB30735012324550123033F
:10A2F00005002A84238807004E86D2854105EFB0E9
:10A30000D02DA3033401832709005CC4DC4C232037
:10A3100089008507DCCC2DA07C30639637034E8600
:10A32000930504015285EFB0102911ED583083C711
:10A3300004031347370093C73700F98F91E358B0F0
:10A3400022856F604F9E404495B793070510930692
:10A35000852A984358330D8B19C3385D98C3D84369
:10A3600058330D8B19C3385DD8C3A107E393D7FECB
:10A370008280EF624F9A930500080049AA84EFF0AB
:10A380009FE5B7B5010045469385C5E92685EFF001
:10A39000DFEE28DCAA852685EFC0AF92385C9307F4
:10A3A00004101304842A98C3D8C3A107E39D87FE31
:10A3B0006F60AF98EF622F961C492E8413861501AB
:10A3C000C457D145EFC02F9104C5230305003307BF
:10A3D00085002308070040C56F602F9614499845F3
:10A3E0009C52FD17F98F984E8A07BA9798436318C5
:10A3F000B700D84598C3DC4EFD17DCCE82809307AA
:10A40000C700EDB7EF622F919307800263E8C700A2
:10A41000EFF0BFE6AA8426856F602F92B707008011
:10A4200093C7E7FE328463F4C700EFD04FC62E898E
:10A43000B285EFF03FF8AA842286CA854105EFB0C5
:10A44000D019D1BFEF628F8B93075003B3F7F5029A
:10A4500004492E892A8A4A85938707028E07BE946B
:10A46000804093050401EF604FA505C583A9440012
:10A470004A8593850901EF604FA419CDC0C04A8574
:10A48000EFC0F02F2A86CA855285EFF0BFF72A84E5
:10A4900088C022856F60CF894E84E5BFEF62AF87A9
:10A4A000B707008093C7B7FE63F4B700EFD02FBEA5
:10A4B0002E84138685019D45EFC0EF8183A64182DE
:10A4C00013874182584340C52324050014C978A14D
:10A4D0006F60AF86EF622F84D841D5464111137764
:10A4E000F7037D1700499C4163EFE60AED660A0712
:10A4F000938606EB36971843AA840287538507F0A4
:10A500006800EF50B05DB7B7010087A7C7F6B7B7CF
:10A51000010007A707F75375F510D307A7A085CF4C
:10A52000D317F5A08DCB531705C0B247BA9713D7F1
:10A53000F741B98FF43005473317D7007D171367FC
:10A54000170033E7E702D147B307F7023305F400FA
:10A5500041016F509FFE8147F1BF78319C4705450F
:10A560003315E5007D157D8DD147B387A702F9BF6F
:10A570003E85EFF05FC4F8308547B397E700FD17DD
:10A58000DDB7783105453315E5007D15E98F514577
:10A59000E9BF783105453315E5007D1513651500D4
:10A5A000B3F7A702EDB77831F5B7EF52DFF62E8992
:10A5B000EFF05FF22A84D1444A8693058400014576
:10A5C000EF10E05D01C522856F503FF71C4889C739
:10A5D000B38797023E94CDB713854182F5B7EF520A
:10A5E0009FF313071600B70700206364F700EFD04E
:10A5F0000FAAB28490452E84CC45939634000E0663
:10A60000EFD0EFA91C4448C463E5970004C46F5021
:10A61000DFF2139737002A97232207008507EDB74B
:10A62000EF52DFEDAA84C841804119E9ED679387B5
:10A6300087F11CC8A3030400232A04006F505FEFB6
:10A64000EFD02FCAF947AA8963D9A700B7B501008F
:10A65000938585F02685EFA02FE9054A331AAA00D5
:10A66000B7D7CC0C13071A009387C7CC63F5E70064
:10A670002685EFD0CFA1514533193501CA86014651
:10A6800081452685EFD0AFA108C893074500014753
:10A69000634747014A95A303340148C845B723A639
:10A6A000070023A4070023A007000507D107CDB7A3
:10A6B0005841CD476315F702084181476352A00214
:10A6C000EF527FE52E84EFD0CFC10A05B305A40079
:10A6D0009C4185079CC185473E856F501FE6814799
:10A6E0003E858280EF529FE15C422E89B284D9CFB1
:10A6F0004D472A8A6398E7001C426355F00098454D
:10A70000637AF704A6854A85EFF0DFDC2A84A94A3C
:10A71000D1492686930584000145EF10404801ED9C
:10A720005C4463985705DC4093F70704B9C31844A9
:10A730009C406310F7048327090103278900B307AE
:10A74000F44037D4CCCC89871304D4CCB3878702A8
:10A750000507BA978326890063ECD702034779007F
:10A760000546958F3316E600D14563C5C7040145FC
:10A7700081A01C4881EBB7B50100938545F5528552
:10A78000EFA08FD6B38737033E9461B78147D9B71F
:10A790000327C900139637008507329750434DDED3
:10A7A0009CC0CD47DCC01C4305459CC45C43DCC455
:10A7B0006F501FD83387B702832609013697544359
:10A7C00089C61C479CC05C47F1BF850779BFEF5223
:10A7D0009FD4130600029545EFB0FFCF6D671307B6
:10A7E00087F118C91307F00F232C05007AA1232441
:10A7F000050023260500232A05006F501FD4EF52C1
:10A800009FD1DC49AA842E8489CBFC318C495146E6
:10A8100081463316F600EFD08F8810444C448146B1
:10A820000E062685EFD0AF87814613060002A2856B
:10A830002685EFD0CF866F505FD01C451387F5FF7C
:10A840006377F70048458E05E1152E9582807831B3
:10A8500085470849B397E700FD17ED8F5147B38748
:10A86000E702CD463E955C456395D7001C45638A5B
:10A87000F5001C4989C7B387E7023E95EDB71385FC
:10A8800041828280783185470849B397E70098452F
:10A89000FD1793064004F98F5147B387E7023E95B1
:10A8A0005C456395D7001C45638AB7001C4989C77E
:10A8B000B387E7023E95EDB7138541828280EF5260
:10A8C0009FC5DC21914641116397D700EFF09FFBB4
:10A8D00041016F509FC62EC493E707042C003EC66B
:10A8E000EFF0BFCCF5B7EF521FC3DC410D4741116C
:10A8F00093F7F703AA842E84638AE7026348F7007C
:10A900009DCFA2852685EFF05FCA31A811476389E4
:10A91000E7004D47E397E7FE8C41EFF01FF221A0DF
:10A920008C41EFF03FF641016F503FC101466C0092
:10A930002285EF00705C71D5B2452685F9BF13857D
:10A940004182D5B7EF523FBDAE840111B2852A894D
:10A95000268532C63684EFF05FEE93874182324619
:10A960006319F50032CCCD473008A6854A853ECE26
:10A97000292A1C401CC15C405CC105616F50FFBBB3
:10A98000EF52DFB7DC490111AA842E84328903AA71
:10A990008500814989C7FC318549B399F900032BAA
:10A9A000040163792A014A86A285268536C6EFF01E
:10A9B0001FC3B246B7A500003008938505622685FF
:10A9C00022CC36CEEFA0AFEC11C9A28526855286E7
:10A9D000EFF0FFC091452685EFA08FD9637549053B
:10A9E00023242401CA8A544493973A00850ABE96C8
:10A9F000DC4291C75686A2852685EFF0BFF4E314AA
:10AA00005AFF930719003707002063E5E700268502
:10AA1000EFC0FFE74C449316390013163A00268521
:10AA2000EFC0FFE748C4514A338A4903938AF9FFCC
:10AA300033094B0163DD0A006358300181465286B9
:10AA4000DA852685EFC0BFE505616F507FAE8327AD
:10AA500009FF81CF130649FFA2852685812C832714
:10AA6000C9FE1CC1832709FF5CC1FD1A3119D9B782
:10AA7000EF527FAADC49814689C7FC318546B396EF
:10AA8000F600EFF0FFEF6F505FABEF525FA65C4256
:10AA9000757199E7B7B501009385C5F2EFA0CFA412
:10AAA0000D472A8AAE84B289639EE70001460C08EE
:10AAB0004E85EF00704431C5C247930981003EC402
:10AAC000CD473EC6CE852685EFF0DFA058412A84CB
:10AAD000DC4839E36395071A0008130C0109A287C3
:10AAE00023A007009107E31DFCFE8844A287814B49
:10AAF00005478546637FD5106368E50A2A880146C5
:10AB000049A887A70900D3A7F7A0CDFFB7B50100D3
:10AB1000938505F4528559B7E1D39C4883AA440133
:10AB2000E3FC57FB03A78AFF1389CAFE23AA24016B
:10AB300075F7E30309FA930584002685EFF09F99E2
:10AB400051476318A40E1C4885C35147B387E702D9
:10AB500037D7CCCC1307D7CCA297B38727418987A7
:10AB6000B387E70223AEFAFEB307894037D7CCCCD0
:10AB700089871307D7CCB387E7021CC84A8401A290
:10AB8000CC4493183700C69583A5C5FF91C105062F
:10AB90000507E377E8FE8C439107B29BB29523AE9D
:10ABA000B7FE8606E39887F5FC30054B814A331BD8
:10ABB000FB000149FD5C514D7D1B631E9B05A28579
:10ABC0004E85EFF0FFAE5E9956955E9505090146FC
:10ABD00081468547014793D5170063FFA5000328E9
:10ABE000040063070800429763F4E5003E86BA86D6
:10ABF00011048607E3118CFEA6855285B306D94061
:10AC0000EFF01FD84E86A68552854D2049616F50C2
:10AC10009F913688EDB53305AB039C483E955C416A
:10AC2000C1DFA2852105EFF0BFA8AA9A050969B77F
:10AC30003E851C49B307F702AA97E39B87FEB3073B
:10AC4000A94037DBCCCC8987130BDBCCB3876703F8
:10AC50005146A2851CC94A85EFB020181C4891CFE7
:10AC600033092441135929403309690383A7CAFFD3
:10AC70003E9923AE2AFF232804002322040083A741
:10AC800009001CC483A749005CC493F7070489CF5B
:10AC9000DC30918B91CB83A70900DC338D8B89C786
:10ACA000A6855285EFB0AFFE22858DB7EF52BF86E5
:10ACB0002E844111B285AA84228532C6EFF0BFC22C
:10ACC0009387418232466316F500A2852685EFF010
:10ACD000DFDB41016F507F86EF525F82004531C05C
:10ACE000B70700204C45FD173307F4000E072E97D9
:10ACF000584305EB0146054519A83307860005832F
:10AD0000B306F7008E06AE96D44291CA3A86330750
:10AD1000C440E364E5FE328422856F507F813A842B
:10AD2000FDB75C49F5DB2A8993041400B70900409C
:10AD3000A6854A85EFF07FB05C4195E3054AB3876D
:10AD40008440E37BFAFCB389840093D91900CE8553
:10AD50004A85EFF09FAE5C419DC34E84CDB763ED55
:10AD60003401054411A00504A2854A85EFF0FFAC2B
:10AD70005C41F5FB7D144DB72684860455BFCE8417
:10AD80007DBFEF52AFF76D642A89130444F7814405
:10AD9000614A0C404A8583290901EFF0AFEA9387A5
:10ADA000C401032709018A07BE9923A6A900BA97FF
:10ADB000CC474A858504EFB0CFF01104E39B44FDF6
:10ADC0006F500FF7EF522FF5AE84B2852A84EFF063
:10ADD0007FAB5C4181EB7C208545B3959500DD8D93
:10ADE0006CA001456F506FF5DC411547BD8B638C3E
:10ADF000E7001D476388E7021849938747038A07DE
:10AE0000BA97DC4719A09C419C4F85C3EF52AFF025
:10AE1000184971060A063A964C463E85EFF09FA601
:10AE20006F50AFF19C419C47CDB713854182828022
:10AE3000EF526FEEDC41130750042E846398E70253
:10AE40009C41844F9DC8B7A50100938505ADEFF0E7
:10AE50006FDFAA852685EFF0FFA25C411147BD8B0D
:10AE6000639DE700084141056F502FED1307700403
:10AE70006395E7009C418447F1B75C406D67130719
:10AE8000C700BD8B85078A07BA978843F1BFEF5289
:10AE9000EFE62A842E853E894C441C418329040216
:10AEA000BA849CC15C41DCC11C429CC55C42DCC5CF
:10AEB0009C429CC9DC42DCC9630F0902938785016F
:10AEC0005CC45C484A862285BE33898B8DCFEFA057
:10AED0003F83630009025C441850B3843441BA9440
:10AEE000138787FF58C403A787FF98C083A7C7FFAE
:10AEF000DCC06F50EFE3938705025CC41C439CCD1C
:10AF00005C43DCCD7DBFEFA05F85E1B7EF520FDF83
:10AF10004111B2843A862E893AC62A84B689EFF066
:10AF2000BFEC5C413247AA8591EBA6853A86228523
:10AF3000EFF09FEB5C41AA85014589CB22858547CF
:10AF40004E87A6864A86EFF09FF4054541016F5073
:10AF50002FDEEF52AFDA4111AA892E84B2843A89EA
:10AF6000EFF0DFFA25EDCD476305F90263EB27012A
:10AF70004D19914763FF2701B7B60100938646FF3D
:10AF800099A0D947E31AF9FE2686A2854E85EF904F
:10AF90001FDE58408D47631FF7001C603EE6D84017
:10AFA0008D476317F7029C603EE62686A2854E8594
:10AFB000EF901FE16C002285EF00C06D6DF1B7B618
:10AFC0000100938646FD2686A2854E85EF901FDC04
:10AFD0006C002685EF00006C7DD1C1BF41016F5030
:10AFE0002FD5EF524FD3368754452A84EFF01FF206
:10AFF00001CD5C44C84319C505476319E500884382
:10B000003335A0006F506FD37D55EDBF0545DDBFD3
:10B01000EF526FD02A8410450841AE86B7B50100C3
:10B0200093854514EFC09FE508408D45EF905FF490
:10B03000EF526FCE2A844841EF20802B01C9B7B56B
:10B040000100938585132285EFF09FFC6F50EFCEB2
:10B05000EF526FCC41119305F1000546EFF05FFD13
:10B06000888741016F506FCDEF52EFCA41116C00DC
:10B070001146EFF0FFFB324541016F500FCCEF520C
:10B08000EFC741112A842E85AE84B289EFB0306FAC
:10B090002A862A894C002285EFF09FF94A864C00C7
:10B0A0002685EFA0505109C5CE852285EFF05FF6C9
:10B0B00041016F50EFC7EF526FC479712A89AE8991
:10B0C0000441EFF0FFF82AC29307F00F6317F50071
:10B0D00011464C004A85EFF0BFF5124601440DCEF3
:10B0E0007D1632C29307800263ECC7022C004A85AA
:10B0F000EFF01FF412462C002685EFF0AFB02A8443
:10B1000083C75900918B89CB5C308D8B91C7228688
:10B11000CE852685EFB00FB5228545616F504FC1B2
:10B12000B2852685EFF00FA9D8442A8408C35C2194
:10B13000268593E707045CC3EFA0CF8F12469305E3
:10B1400004014A85EFF0DFEEDC44E117DCC44DBFBB
:10B15000EF52EFB9011132C6AA842E84EFF0BFF589
:10B16000324639C128C42685EFF01FF048D0268525
:10B17000EFF09FEF08D42685EFF09FED68A02685BD
:10B18000EFF01FED68B02685EFF09FEC08A4268550
:10B19000EFF09FED13071500B70700402A8988409C
:10B1A0006366F700EFC0AFEE30C475BF9319290096
:10B1B000CE8601468145EFC08FEEAA854E8608D81F
:10B1C000232A24012685EFF0BFE62685EFF0DFE98C
:10B1D00013071500B7070020AA898840E374F7FC1D
:10B1E0009396390001468145EFC06FEB48D4232880
:10B1F00034011105814763C03711014A8D4A4D4B17
:10B20000514C854B634E3A0F2685EFF0FFE513074F
:10B210001500B70700202A898840E375F7F89316D0
:10B22000390001468145EFC08FE728C0232624015D
:10B23000814763C82715814963CC29152685EFF01E
:10B24000BFE213071500B70700402A898840E37B57
:10B25000F7F49316290001468145EFC04FE448D822
:10B26000232E2401814763C92715814963CD291500
:10B270002685EFF07FDF13071500B70700402A8906
:10B280008840E371F7F293192900CE860146814583
:10B29000EFC0EFE0AA8508DC232C24014E8626852A
:10B2A000EFF01FD92685EFF03FDCB7575515130790
:10B2B0001500938757552A898840E3E5E7EEB146A4
:10B2C000B306D90201468145EFC06FDD48DC23207B
:10B2D00024038147B14663C727138149314B63CAB1
:10B2E00029132685EFF05FD82A8A01496340491760
:10B2F00005616F504FA32320050085072105E5BD9B
:10B300005C5413193A0026853E99EFF07FD4630709
:10B31000550563E7AA0005C9630A7503050ADDB58B
:10B3200063096505630585019147E319F5FEA2856B
:10B330002685EFF05FD82320A9005C2193E707045E
:10B340002322F900E1BF23220900C9BF2685EFF0BF
:10B350003FD02320A90023227901C9B711466C08E8
:10B360002685EFF0FFCCF267232259012720F90050
:10B3700075B72685EFF05FCF2320A900232269014E
:10B3800071BF139737002A9723200700850755B50B
:10B39000832A0404139B39002685EFF07FCBDA9AC9
:10B3A0002382AA00032A04042685EFF07FCA5A9A52
:10B3B000A302AA00850949B5139727002A972320DD
:10B3C000070085074DB5832A44038840139A290056
:10B3D000D29AEFA04FF223A0AA005C30918B99CBB8
:10B3E0005C58D29790435C328D8B89C78840A28588
:10B3F000EFB04F875C5830442685D2978C4385093F
:10B40000813BADB53387D70285072A9723200700F4
:10B41000D9B5B38A6903032AC403A2852685EFF050
:10B420009FC98509569A2320AA00032AC4032685AA
:10B43000EFF09FC3569A2322AA00032AC40326854D
:10B44000EFF09FC2569A2324AA0051BD8329040419
:10B4500093173900A2852685BE99EFF0DFC523A09A
:10B46000A900050961B5EF520F8B41112A842EC640
:10B47000EFF01FBE91473246630DF5000840B7B5A7
:10B48000010093850516EFC07F9FAA852285EFF006
:10B490003FB841016F506F8AEF52EF878307060074
:10B4A000130700044111AA846386E7001307D00341
:10B4B0006395E700050632C609A86D47E39DE7FEE0
:10B4C000B7B70100938787173EC62EC437B6010071
:10B4D000B7B501001306861893851519480026C2D2
:10B4E000EFF0FFB94800EFF0BFB6930730056309EE
:10B4F000F500B7B50100938585194800EFF05FB1FD
:10B500004800EFF0FFB411C5B7B501009385C51A27
:10B51000EDB737B60100B7B501001306061C9385D9
:10B52000C51C4800EFF0BFB5B7B501009385451DB8
:10B530004800EFF05FF3B7B501009385851D480023
:10B54000EFF07FF2B7B501009385051E4800EFF0DC
:10B550009FF1B7B501009385C51E4800EFF0BFF01D
:10B56000B7B501009385851F4800EFF0DFEF480075
:10B57000EFF09FAF9567938787676307F500B7B5CF
:10B5800001009385452095BF11468A854800EFF05C
:10B590003FAAB7B70100826707A74717D3A7E7A05D
:10B5A00091E7B7B501009385C52181BF4800EFF051
:10B5B0003FAAAA852685EFA08FC3DC441307600449
:10B5C0002A8488C3D8C32685EF90DFC62685EFA0DE
:10B5D0008FD25C3048C42A86918B81CB5C318D8BB5
:10B5E00089C7A2852685EFA0FFE74C4448000146A5
:10B5F000EFF01FB6228541016F403FF4EF421FF08C
:10B6000058219147130905016319F7026031D821C8
:10B610009147938905016314F702E431CE854A8589
:10B62000EFB0A05D09E94A85EFB07015639BA400F7
:10B63000058C333580006F40BFEF4045C9BFC4451E
:10B64000F1BF6308A40005052A99098CAA99898C81
:10B65000F1B77D55CDB7EF427FEA2A8A2E84B289B1
:10B660008144E15A114BB3075403D2978C43DC2138
:10B67000639F670103C97500338599004A86C10538
:10B680007D14EFA08075CA9479FC6F407FEA03A90E
:10B69000C500DDB7EF423FE84441CD474111639813
:10B6A000F4001C41D3F707D09CE1054531A0BD88CB
:10B6B00091476386F400014541016F401FE82A84E9
:10B6C00008412E892C004105EFC06FD41C40D823BF
:10B6D00063129702FC338507E31FF5FCB2464D4722
:10B6E000A2476396E600D3F707D0D38707E023206D
:10B6F000F90065BFDC47C5B7EF425FE0011122EEFC
:10B700002A84AE8432890D4ACD4A91495C40639BBC
:10B710004705006053058420EF403031D327A4A0B3
:10B7200081EF63060906854763D82701B7A70100A3
:10B7300087A787905375F500B7B7010087A707F76C
:10B74000D387A7A0A9C7B7B7010087A7C7F6D317A4
:10B75000F5A095CFD31705C09CC00545726405615F
:10B760006F401FDD639457011C40FDB7BD8B639094
:10B77000370308402C004105EFC06FC91C40D82397
:10B7800063193701FC3385072000E301F5F8014513
:10B79000F1B7DC47CDBFEF429FD5AA842E89B28A8C
:10B7A000B689130A007D194B930B50040DE3014633
:10B7B000CA852685EFF04FE35C412A849DEB37B6BE
:10B7C00001001306463ECA852685EF906FD7832772
:10B7D0000900884F09E523A209006F40DFD47C21CE
:10B7E000858BF5FB9C488145F05FEFF0AFDD2A8447
:10B7F0007DD15C4013F7F700631B670185474E87D7
:10B80000D6864A86A2852685EFF06FE8F9B701470C
:10B81000639077030840D685EFF0EF8C5C412A8770
:10B8200081CB1C4123A0F9005C4123A2F90075B72C
:10B830007D1A2289E31C0AF6B7B501009385C53E3F
:10B840002685EF906FCAEF429FCA2A892E8AB28B53
:10B85000B6843A84130B007D194C930C500459C0E4
:10B86000832A0A0003A58A0139E19387418263187C
:10B87000F4005E86D6854A85EFF02FA12A849C408D
:10B880001CC0DC405CC023830A00DC4093F7070443
:10B8900089CF83C75A00918B89CB9C40DC338D8B39
:10B8A00089C7D6854A85EFA09FBE6F40DFC77C2140
:10B8B000898BC5FF83270901854503A60708EFF09B
:10B8C0006FD0AA895DD183A7490013F7F700631BE6
:10B8D000870381472687DE865286CE854A85EFF02C
:10B8E0000FDBE1B70546D2854A85EFF0EFCF5C412B
:10B8F000AA89F1FB37B601001306463ED2854A8578
:10B90000EF900FC40144639F970303A50900DE85F0
:10B91000EFE07FFD5C412A8495C7DC4093F7070484
:10B9200089CF83A50900DC31918B81CB9C40DC332E
:10B930008D8B81C74A85EFA09FB59C401CC0DC4021
:10B940005CC0A5B77D1B4E8AE31B0BF0B7B50100A9
:10B95000938545414A85EF902FB9EF42DFBBD44133
:10B960000D472A8993F7F600AE8432846393E70C7F
:10B9700058421376F700631BF60CCD47639AF60422
:10B980009C416317D700084033A5A7006F40FFBA5A
:10B99000370700013E97B7060002186063F5E6021C
:10B9A00037B701008727C7F605455387E7A079FF1A
:10B9B00037B70100872707F701455397E7A079D7E5
:10B9C000531507C0D1B7D3F707D05395E7A07DBF74
:10B9D00098616316C7001C605315F7A045BFD327B5
:10B9E000E7A00145C5D71840B7070001B706000218
:10B9F000BA9763FBF602B7B7010087A7C7F60545FC
:10BA0000D387E7A099EFB7B7010087A707F70145EC
:10BA1000D387E7A099C7D31707C033A5E70013451D
:10BA20001500134515009DB7D37707D05385E7A0C0
:10BA3000CDBF1147639CE70058423D8B6318F70068
:10BA40000C428840EFF09FBB7D8189B7D1462286AA
:10BA5000A6854A85EFF0EFD8E35A05F22286A6853F
:10BA60004A85EF90EFB9EF421FABD4410D472A89C9
:10BA700093F7F600AE8432846391E70C5842137654
:10BA8000F700631AF60CCD47639CF6049C416319DA
:10BA9000D70008403325F500134515006F40FFA976
:10BAA000370700013E97B7060002186063F5E6020B
:10BAB00037B701008727C7F605455387E7A079FF09
:10BAC00037B70100872707F701455387E7A079D7E4
:10BAD000531507C0C1B7D3F707D05385E7A07DBF83
:10BAE00098616316C7001C605305F7A045BFD327B4
:10BAF000E7A00145C5D71C4037070001B706000283
:10BB00003E9763F7E60237B701008727C7F605457A
:10BB10005387E7A051F337B70100872707F701459F
:10BB20005397E7A035DB531507C033A5A700ADB782
:10BB3000D3F707D05395E7A085B71147639DE7007A
:10BB400058423D8B6319F7000C428840EFF01FAB61
:10BB500013251500A1B7D5462286A6854A85EFF0A4
:10BB60004FC8E35D05F203274901D14626863E33DF
:10BB7000A2854A8593E707083EB3EFF08FC6832678
:10BB800049012A8713351500BE3293C70708BEB294
:10BB9000E35607F02286A6854A85EF906FA6EF420E
:10BBA000FF95DC41404241112E893D8C1377F4030F
:10BBB000B28431CB3D884DE013F7F7008D46631D0D
:10BBC000D7084D476390E7029C413EC4D840CD471B
:10BBD0006314F7029C403EC62244B2471D8C1334C6
:10BBE000140039A001462C004A85EFF0FFB079FD22
:10BBF000228541016F40DF9301466C002685EFF0FE
:10BC0000BFAF7DD5D1BF93F7F7035947636AF700FC
:10BC10006D678A0713078723BA979C43AA8982878F
:10BC2000032409009C405DBF9C61186253A4E7A0F7
:10BC3000C1B70C4203250900EFE0AFD22A844DBF03
:10BC40009C4118426394E70005445DB711C58847DD
:10BC500011E59C4088472DE9014459BF7C2193F7A9
:10BC60000702E5FB83A70901954503A60709EFF045
:10BC70006F9565D103A7C9008547AA85A6864A8620
:10BC80004E85EFF0CFA083A7C900D84371D7854672
:10BC9000E31CD7FA9C43CDFBC1B79C411842E38516
:10BCA000E7FA5DD9884F01E59C40884F6DB77C214C
:10BCB00093F70702F5FB83A70901954503A607093A
:10BCC000EFF04F9045F9CDB77C2193F70702C9F704
:10BCD00083A70901954503A60709EFF0AF8E59F92F
:10BCE000A5BFEF42DF80370C008079712A89AE8AC8
:10BCF000114B8D4B134CFCFF0324C90005478327D0
:10BD000044FFBD8BF5176366F7068327C4FFBD8B21
:10BD100063896701639F7705930584FF4A85EFC0B8
:10BD2000EF8B8326C4FF13074004832744FF639DE2
:10BD3000E604032784FF783321EBBD8B89446397A6
:10BD40007701930504FF4A85EFC04F899387F4FF7D
:10BD5000B38AFA40E157B384F4028327C900A104EF
:10BD6000BE94232699008547E3C857F945616F4083
:10BD70008FFB930604FF5947130684FFB6854A8557
:10BD8000EFF02F9D8944D9B713074004639FE70064
:10BD9000832704FFFC3391EB832784FF2328F4FEE1
:10BDA0008327C4FF232AF4FEF1BF832784FFD8230F
:10BDB0006316670583C97700130A04FF854463D7B8
:10BDC000540583274A00BD8B63886701639077051C
:10BDD000D2854A85EFC08F8083270A00D82363125B
:10BDE0006703FC3333073C41611A63EEE700B7B5E4
:10BDF00001009385C5344A85EF801FEF83A9C700F2
:10BE000065BFDC47C5B7BE99850455BF930780025F
:10BE100063E837033000A6852285EFF0DF834E8686
:10BE20002C004A85EFE00FDEAA89939734001D8C21
:10BE30002320340183C7490093E707045CC039B766
:10BE4000CE854A85EFE00FD7AA8913060501A6859E
:10BE50002285EFF05F80D1BFEF424FEA5C42154789
:10BE60002A8993F7F703AE843284638CE700514745
:10BE7000638AE7041147639AE7041C42FC339CC0C1
:10BE800011A88329060003A5890109E94E85EFE081
:10BE9000BFE488C0CD47DCC06F408FE97C21C18BF7
:10BEA000F5F783270901914503A6C708EFE09FF145
:10BEB00071DDAA8585472687A28622864A85EFE01E
:10BEC0001FFDD9BF1C42DC475DBF1146A285EFE0D4
:10BED000BFF15C41F9FF37B601001306C645A285E4
:10BEE0004A85EF80FFE513071600854763EDE700FD
:10BEF000B307B0401DE2EF420FE2B7B501009385F2
:10BF00004536EF807FDE3347B600B3C7C5026356C0
:10BF10000700B3E5C50291C1FD173E858280130776
:10BF20001600854763ECE700814705E2EF42AFDE8C
:10BF3000B7B5010093850544EF801FDBB3E7C50269
:10BF400089C7B18D63D30500B2973E858280AA87E9
:10BF500063DB05000557014563CDE500B305B0403F
:10BF600033D5B70082807D4701456344B7003395E0
:10BF7000B7008280EF422FDA03294501F146AA84F7
:10BF800003264901832509010324C6FF1377F4031F
:10BF9000630FD70863EEE60099466369D7009D46B4
:10BFA00063F7E6085117B94663F3E6086F40EFD828
:10BFB0009306100263E1E606FD466379D708F5466D
:10BFC000E316D7FE5845935774018E07BE95832715
:10BFD00087FF930607FFB385B6402324F7FE832728
:10BFE000C7FF2326F7FEA14763D6B70054C58D854A
:10BFF000EFF03FCF832709010D801374847F3E94B7
:10C00000DC4403A787FF18C083A7C7FF5CC0832752
:10C010004900DCC461BF93064002630CD706930657
:10C020009002E315D7F803274900D8C441B7D84494
:10C030000D801374847F832787FF930687FFD4C402
:10C04000A2959CC18327C7FFDCC18DB7544503A7C8
:10C05000C6FF01CB8545631CB70203A786FF3337B4
:10C06000E00083572902E116D4C493F6070899C665
:10C0700093C707082311F902134717001980137497
:10C08000F40FE305E4F21106232AC90005B70547BA
:10C09000C9BF39801374F41F59F409BFEF42AFC40C
:10C0A0004449ED6C7971BE30B70BFE3FAA8993E726
:10C0B0008700BEB093874C293EC6138C1B009C4062
:10C0C00003A90401370B002083AA07007D1B83A767
:10C0D000CA0003AAC702DC4813874700D8C88043B8
:10C0E00083A70907B18B91C74E85EF80DFD503A9E0
:10C0F000040113576400937CF70F139D3C00937663
:10C10000F4031306D002B30DA901E366D6FCB247CF
:10C110008A06BE96944282865D800E044A94184038
:10C1200023A0ED00584023A2ED0075B739800E041E
:10C130005294F5B7D84893064700D4C818431983DA
:10C140000E075297144323A0DD005843E9BF13574D
:10C15000740123A0ED003980054723A2ED0013747C
:10C16000F41F35D8DC489107DCC8B5B75D807D5732
:10C17000A10D23AE0DFE7D14E31CE4FEA9BF5D807E
:10C1800011040A045694184018436DBF13577401E4
:10C1900011070A0756971843832C0700931794003A
:10C1A0001356E40063D307041376F60F0E06529677
:10C1B00083A54C00930650040147639CD50003A55A
:10C1C0000C00B28532C8EFE00FF254412A87424694
:10C1D000B5FAEE86E6854E85EFF0EFDB55A81358ED
:10C1E00074010E08B30C090155BF1376F61F0E0635
:10C1F0004A967DBF13874C000A0756971C43135677
:10C20000740183AC0700635804061376F6EF0E063C
:10C210005296931794009356E40063D1070613F4E3
:10C22000F60F0E04529483A54C0093065004014768
:10C23000639BD50403A50C00B28532C8EFE0AFEADA
:10C2400054412A874246A1C2544093F6060499CE2F
:10C2500083A50C00DC31918B91CB1C40DC338D8BA2
:10C2600091C74E853AC8EFA08FA242471C401CC31D
:10C270005C405CC38DB50E064A9661BF13F4F61F91
:10C280000E044A944DB7A286E6854E85EFF0AFDBEB
:10C2900003A9040189B55D8011040A0456940C4079
:10C2A00083A60D00984114C383A74D005CC393F788
:10C2B0000704E38207E293878500E31EF7E04E85DB
:10C2C000EFA0EF9D09BD1356740163580404137663
:10C2D000F6EF0E065296931794009356E40063D13E
:10C2E000070413F4F60F0E04529483A54D00930631
:10C2F00050040147639BD50203A50D00B28532C8E7
:10C30000EFE06FDE54412A87424685C2544093F6DF
:10C310000604A9DE83A50D0035BF0E064A9665BF4B
:10C3200013F4F61F0E044A94C9B7A286EE85B1BF76
:10C330004E85EFE0CFC9935C7401398093065004B9
:10C340001374F41F23A2DD0023A0AD002ACAB3E6B4
:10C350008C0091CE6685EFB06FF72AC82285EFB0CA
:10C36000EFF64246D245AA864E85EFE06FE103A77D
:10C3700009015847E351E0D693878D0023A6F900C1
:10C380004E85EFA06FE56F00301D135874010E0845
:10C3900093179400B30C09011356E40063DC070201
:10C3A0001376F60F0E06529603A70C000C42930666
:10C3B000500423A4ED0003A74C0023A6ED0003A521
:10C3C0004C000147E317D5E003A50C0032C8EFE0AD
:10C3D0000FCFE5BB1376F61F0E064A96F1B713583A
:10C3E0007401635204041378F8EF0E08B30C0A01C9
:10C3F000931794001356E40063DB07021374F60FDF
:10C400000E04529403A74C00CD466317D702544044
:10C410006397E60403A70C001040329723A0ED00B9
:10C4200023A2DD004DB90E08B30C0901D1B7137476
:10C43000F61F0E044A94F9B78D466312D70287A7F8
:10C440000C003EF454400D476398E6021C603EF633
:10C45000A2773277D3F7E70027A0FD00D9A12C10EF
:10C460006685EFF02FA379FD1947EE862286E685D3
:10C470004E85EFE01FAE29BD6C102285EFF08FA135
:10C4800065D5F9B713587401635E04021378F8EFA9
:10C490000E08B30C0A01931794001356E40063D7F7
:10C4A00007021374F60F0E04529403A74C00CD46F6
:10C4B0006313D70254406391E60403A70C001040B5
:10C4C000118FA9BF0E08B30C0901F1B71374F61F41
:10C4D0000E044A94D9BF8D466310D70287A70C007B
:10C4E0003EF454400D476390E6021C603EF6A2778E
:10C4F0003277D3F7E7088DB72C106685EFF08F9968
:10C500006DF11D479DB76C102285EFF0AF9875D97E
:10C51000F9BF13587401635F04021378F8EF0E0833
:10C52000B30C0A01931794001356E40063D8070272
:10C530001374F60F0E04529403A74C00CD466314F7
:10C54000D70254406392E60403A70C00104033075F
:10C55000C702E9B50E08B30C0901E9B71374F61F59
:10C560000E044A94D1BF8D466310D70287A70C00F2
:10C570003EF454400D476390E6021C603EF6A277FD
:10C580003277D3F7E710C9BD2C106685EFF08F9096
:10C590006DF12147D9BD6C102285EFF0AF8F75D9B1
:10C5A000F9BF935574016354040493F5F5EF8E05B8
:10C5B000B30CBA00931794001356E40063DD07022E
:10C5C0001374F60F0E04529483A64C000D47639922
:10C5D000E60287A70C003EF454400D476399E6023B
:10C5E0001C603EF6A2773277D3F7E718B5B58E0513
:10C5F000B30CB900C1B71374F61F0E044A94E9B71F
:10C600002C106685EFF00F8961F92D47B9BD6C10CC
:10C610002285EFF02F8875D9F1B7935574016355D2
:10C62000040493F5F5EF8E05B30CBA00931794004C
:10C630001357E40063DE07021374F70F0E045294DD
:10C6400083A64C004D47639AE60203A70C003AD438
:10C6500054404D47639BE60218403AD62257B256E3
:10C66000758F23A0ED0095AA8E05B30CB9007DBF90
:10C670001374F71F0E044A94E1B701462C10668527
:10C68000EFF08F8771F53547CDB301466C102285E9
:10C69000EFF08F866DD9D9B79355740163530404B5
:10C6A00093F5F5EF8E05B30CBA009317940013576A
:10C6B000E40063DC07021374F70F0E04529483A6A0
:10C6C0004C004D476398E60203A70C003AD454404F
:10C6D0004D476399E60218403AD62257B256558F15
:10C6E00049B78E05B30CB900C9B71374F71F0E0410
:10C6F0004A94F1B701462C106685EFE0FFFF61F91F
:10C700003947A5B301466C102285EFE0FFFE6DD9D5
:10C71000E9B7935574016353040493F5F5EF8E055F
:10C72000B30CBA00931794001357E40063DC0702BC
:10C730001374F70F0E04529483A64C004D47639870
:10C74000E60203A70C003AD454404D476399E60231
:10C7500018403AD62257B256358F21B78E05B30C02
:10C76000B900C9B71374F71F0E044A94F1B7014614
:10C770002C106685EFE05FF861F93D47FDB1014699
:10C780006C102285EFE05FF76DD9E9B7935574011E
:10C790006357040493F5F5EF8E05B30CBA009317B5
:10C7A00094001357E40063D007041374F70F0E04CA
:10C7B000529483A64C004D47639CE60203A70C00ED
:10C7C0003AD454404D47639DE60218403AD6B255DC
:10C7D0002255EFF0CFF723A0AD004D47A9B28E054B
:10C7E000B30CB9006DBF1374F71F0E044A94D1B790
:10C7F00001462C106685EFE03FF061F54147B5B189
:10C8000001466C102285EFE03FEF6DD9C9B7935513
:10C8100074016353040493F5F5EF8E05B30CBA006D
:10C82000931794001357E40063DC07021374F70FA7
:10C830000E04529483A64C004D476398E60203A76A
:10C840000C003AD454404D476399E60218403AD65A
:10C85000B255B305B040ADBF8E05B30CB900C9B732
:10C860001374F71F0E044A94F1B701462C10668525
:10C87000EFE09FE861F94547CDBE01466C10228587
:10C88000EFE09FE76DD9E9B71358740163560404CC
:10C890001378F8EF0E08B30C0A019317940013569F
:10C8A000E40063DF07021374F60F0E04529403A72B
:10C8B0004C00CD46631BD702032D44006316ED06E2
:10C8C000104083A50C004E85EFF06FE523A0AD006E
:10C8D00023A2AD016FF03F800E08B30C090175BFB4
:10C8E0001374F61F0E044A94D9B78D46631ED702FF
:10C8F00087A70C003EF454400D47639EE6021C607F
:10C900003EF6B2752275EF3030233277D30600F051
:10C91000D377A7105397D7A019C35375E50027A065
:10C92000AD000D476FF03F802C106685EFE09FD67D
:10C9300079F125471DBE6C102285EFE0BFD575D972
:10C94000C9B713587401635104041378F8EF0E0843
:10C95000B30C0A01931794001356E40063DA07023C
:10C960001374F60F0E04529403A74C00CD466316C1
:10C97000D702032D44006315ED04104083A50C007D
:10C980004E85EFF04FD699B70E08B30C0901D9B711
:10C990001374F61F0E044A94C1BF8D466312D7026A
:10C9A00087A70C003EF454400D476392E6021C60DA
:10C9B0003EF62275B2775375F518EF30100785B73C
:10C9C0002C106685EFE01FCD79FD314779BC6C10E6
:10C9D0002285EFE03FCC75D9E9BF935574016354CC
:10C9E000040493F5F5EF8E05B30CBA009317940089
:10C9F0001356E40063DD07021374F60F0E0452941D
:10CA000083A64C000D476399E60287A70C003EF40D
:10CA100054400D476399E6021C603EF6B2752275DC
:10CA2000EF30901DEDBD8E05B30CB900C1B7137486
:10CA3000F61F0E044A94E9B72C106685EFE09FC5F7
:10CA400061F929471DB46C102285EFE0BFC475D988
:10CA5000F1B75D800E044A945840CD466319D70063
:10CA60001440B306D04023A0DD006FF0CFEB8D461D
:10CA70006318D7001C603EF6B277D397F720E9BA67
:10CA80006C102285EFE01FC165F94947EE862286CA
:10CA9000A285F9BA5D800E044A9454404D476398CC
:10CAA000E60018403AD632571347F7FF5DBE0146FD
:10CAB0006C102285EFE05FC47DF54D47C1BF5D80FE
:10CAC0000E044A945440054781CA054601476395C0
:10CAD000C60018401337170023A0ED0005476FF07C
:10CAE0008FE4135674010E064A96EE854E85EFF0DC
:10CAF000AFB66FF0EFF99355E40093F5F51F138689
:10CB00001500935C74010E063299B385954123A6F6
:10CB1000290185054E85EFF0CF9C03A90401939769
:10CB20003C00CA9798433308A9012320E800D84362
:10CB30002322E80003A709015847635DE00063640E
:10CB4000F8009307880023A6F9004E85EF90DFE8F0
:10CB500003A90401DC4023A6F9006FF0CFD7638A54
:10CB60000C008C4833876C010E07BA954E85EF8018
:10CB70003FF40176398005063294DC480A043E947D
:10CB8000C0C86FF04FD593557401635A040293F5F2
:10CB9000F5EF8E05D295931794001356E40063D3F6
:10CBA00007021376F60F0E0652964E85EFE03FFF12
:10CBB000DC48630A95099107DCC86FF06FED8E05BC
:10CBC000CA95D1BF1376F61F0E064A96F9BF935544
:10CBD00074016354040293F5F5EF8E05D295931713
:10CBE00094001356E40063DD07001376F60F0E067B
:10CBF00052964E85EFE07FD665BF8E05CA95C5B7C4
:10CC00001376F61F0E064A96EDB7935574016354DA
:10CC1000040293F5F5EF8E05D29593179400135601
:10CC2000E40063DD07001376F60F0E0652964E857C
:10CC3000EFE07FE3B5BF8E05CA95C5B71376F61F43
:10CC40000E064A96EDB780439355640093F5F50FB1
:10CC500081C99C48DA958E05BE954E85EF805FE5CB
:10CC600093872B0039803E94DC480A043E94C0C868
:10CC70006FF00FE239801374F41F03A74D0021C039
:10CC8000854609CB054681466316C70083A60D007D
:10CC900093B61600DC48639806CC80439355640035
:10CCA00093F5F50F81C99C48DA958E05BE954E85A2
:10CCB000EF801FE0398093872B003E947DBD01CB30
:10CCC00085466319D70003A70D003337E00093763C
:10CCD0001700C9B70547E5BF135774010E07398020
:10CCE0004A971374F41F484305C0854601C9054699
:10CCF00081466315C500144393B61600D0488DC213
:10CD00001106D0C86FF02FBD19C585466318D50030
:10CD100008433335A00093761500CDB70545E5BF30
:10CD2000144323A0DD00584323A2ED000042BDB709
:10CD30001357740139801374F41F7D1409C70E074B
:10CD40006E9723A6E9002286EE854E85EF809F9A96
:10CD500009C9FD57630EF4D2DC4023A6F9006FF039
:10CD60002FD383A449016FF08FB55D8009C40E04F1
:10CD70006E9423A689007D56EE854E85EF809F97A1
:10CD8000631805D003AA4901032B0A0083248A00F3
:10CD900083270B0003A90400DC47E02383A7CA0014
:10CDA00013173400DC4F03240A013A946356F00051
:10CDB0008C484E85EF80DFCF5A87CA8611A81C4366
:10CDC000A106210723ACF6FE8327C7FF23AEF6FE9C
:10CDD000E36787FE03270A0183A7C900330767417A
:10CDE0004A97B3876741CA9798C823A6F900DCC061
:10CDF00083274A01DCC8BE3093E70702BEB023AAEE
:10CE000099006FF0CFAB03A7CA005D80584F6356FF
:10CE1000E000CA854E85EF80BFC99306F4FF19E490
:10CE200003A4C9003304B441935634406E86A685EA
:10CE30004E85EF80CFC9BE30A18B6398074683A48F
:10CE40004901630E05A6DC4023A6F9006FF02FA769
:10CE500083A54D004D4683A60D0103A78D00C8484C
:10CE6000639EC50203A60D0036966356D002332793
:10CE7000C70013471700630007A6398062940A04AD
:10CE80002A94C0C823A0CD0023ACCD004D4723AECB
:10CE9000ED006FF04FA43327E600E1BF538706F0A3
:10CEA00087A70D00D38606F0D377F700530700F06D
:10CEB000D316D7A0530707F095C25387E7A0630C9A
:10CEC00007A01357E40062970A073304E500C0C8BF
:10CED00027A0FD0027ACFD000D4755BF5307F7A065
:10CEE000F9BF03A74D00CD46938C8D006313D7087F
:10CEF00083A64D01639FE60603A70D010C1066850E
:10CF00001326070005063AC8EFE00FFF2A8D4247B7
:10CF100005C503AD0D00025703A60D0123A4ED00C6
:10CF2000B306CD404D4723A6ED0023A0DD00398098
:10CF300023A2ED00629491B183A5CD000D466393C9
:10CF4000C50287A78D003EF6B277530700F0B707FA
:10CF500000805316F7A025CA93C7F7FF3ED07D8304
:10CF60005DFB45BF6C1066853AC8EFE0AFF2424703
:10CF700061FD83A6CD000D47639BE60487A78D0066
:10CF80003EF4A27783A64D010D4727A4FD0023A6FA
:10CF9000ED00639AE60487A70D013EF6B27783A6FB
:10CFA0004D000D4727A8FD0023AAED006398E60475
:10CFB00087A70D003EF2927732770D47D3F7E70847
:10CFC00027A0FD00ADB73ED01347F7FF49BF2C1097
:10CFD0006685EFE02FEC55F5B7B501009385053870
:10CFE0004E85EF707FD06C1013850D01EFE08FEA56
:10CFF00055F5B7B501009385053ADDB74C106E8540
:10D00000EFE04FE94DF9B7B501009385C53BC9BFC6
:10D0100003A70D011356E40093858D0123A4ED02AF
:10D0200003A74D011376F61F4E8523A6ED0203A735
:10D030008D0023A0ED0203A7CD0023A2ED0203A7DC
:10D040000D0023ACED0003A74D0023AEED001387C8
:10D050000D0323A6E900EF80AFEADC4003A9040139
:10D0600023A6F900DC4813874700D8C880439357AC
:10D07000340093F7877FB30DF90083A6CD0099E2C2
:10D080006FF06F85D84803A68D00398062940A043A
:10D0900023A0CD0023A2DD003A94DDB41357740120
:10D0A00039801374F41FBA8C01EB03A7C90033074E
:10D0B000B7410D87930CF7FF19E4D4481386460057
:10D0C000D0C880421980930620037D143304D40213
:10D0D00003AD0D0083268D003306940163F6C60070
:10D0E000EA854E85EFD0DF9893963C00B69D25A843
:10D0F000EE8633868C00EA854E85EFD0BF8483A60A
:10D100004D0093F6060491CE83465D00918A91CA44
:10D1100083A60D00D4328D8A89C6EA854E85EF90AC
:10D120000FB7FD1CE11DE34590FD2DB403A7CA0018
:10D1300039800A04585B138D0A013A94832C040049
:10D1400003A80C0403A54C0403A4CC001108630B32
:10D15000051213030501C285814863CA88001307BD
:10D16000600423A0AD0023A2ED006FF04FA003CE1A
:10D1700005009831630E0E000E074A97032E030038
:10D18000A1051103032E0E00631EEE0E8508F1B7F4
:10D190000A076A9718431843D5B703470800834521
:10D1A000180039C38E05CA954E851ACE42CC72CA74
:10D1B00046C8EF80BF8A7243C248524E624823205D
:10D1C000A30083250300050E1103D841210805079C
:10D1D000D8C1E3448EFC03C75C00118B6319079828
:10D1E00023A21C056FF0AF988A05EA959841232089
:10D1F000E300C1BF83A6CA0098405D80F4223307D4
:10D20000E9400D87158F930CF7FF7D1463D30C0055
:10D21000814CFD566318D40283A7C90183A6C900B7
:10D22000958F8D8763C6FC00E6854E85EF70BFF352
:10D2300003A9040193963C006684B30DA901EE9600
:10D2400023A6D900E156B386DC020146CA96B28510
:10D250006314C4006FE03FE8639CCC001397350073
:10D260006E97232207008505E3CA85FE6FE0BFE6BF
:10D27000884293153600EE9588C1C8420506A1067E
:10D28000C8C1F1B7A2854E8542C8EF804FF623266C
:10D29000950113076004AA8823A0AD0023A2ED0026
:10D2A000130305014248014E2DB745616F306FA74A
:10D2B000EF326FA61C454C452A8408494111700085
:10D2C00082977D5711C9B2477D5799C7FD171CC07A
:10D2D000930715005CC018213A8541016F30EFA516
:10D2E00088C990C5D4C523A0050023A2050082806B
:10D2F000EF32CFA02A84AE8932897D5A63150900A6
:10D300004A856F30EFA21C4081EF2285EFF05FFA73
:10D31000E30845FF1C4085071CC05C40FD175CC04E
:10D32000044063739900CA844C404E852686EF8082
:10D33000D02A1C40A69933099940858F1CC05C40B7
:10D34000A6975CC065BF8280EF32EF9CB7070020D4
:10D3500003A5872C011130006C0002C4EF10B03B14
:10D3600085476314F5006800DD23A24791C7B7E73E
:10D3700000E0116723A0E72005616F300F9CEF32BA
:10D380008F9901112C00412DB707002003A5472CD0
:10D39000370600201304C62C81461306C62C2C0029
:10D3A00023200400EF10500E1C4091C7B7E700E0A7
:10D3B000116723A0E72005616F302F983705002003
:10D3C0001305052C8280370500201305452C82802B
:10D3D000370500201305852C8280B707002083C7FE
:10D3E000C72B51473387E702B72700209387074BA6
:10D3F000BA97E8377D15133515008280B7270020CE
:10D400009387074B131715009386073C0546058342
:10D41000E8376307C500D107E39CD7FE014582804A
:10D4200098C375DB8280144163D506028606858227
:10D430001308000393070002372600201306064B4B
:10D44000D14805431397070141836368070181456C
:10D450002DA8130800028147C5B7338717033297F9
:10D460006C37639E6502032E0700631ADE020348D1
:10D470006700814623020501050763CA060151477B
:10D48000B387E702B297A38707002E858280034304
:10D490006700B308D5008506A3826800F1BF850741
:10D4A00055B772255147B72600203307E602938708
:10D4B000064B032805009385064BBA9798436318DB
:10D4C000070358218146F8A3850763CAE600514740
:10D4D0003306E6023387C50085477CB78280330870
:10D4E000D50003485800850623830701F1BF9387C1
:10D4F000064B01479306000390436319C802D147C6
:10D50000B307F70250218146AE97F0A3850763C7A2
:10D51000C600D1473307F7022E977DBF3308D500E9
:10D5200003485800850623830701CDB70507D107B7
:10D53000E314D7FC8280EF221FFE01113704002084
:10D540000325442C7D562C00EF1090062800EFF0A8
:10D550005FF5FDB7EF223FFC0947930705FEB3C710
:10D56000E70213771500A107C207C18301C77D1524
:10D5700042054181D146130615003306D6023727EE
:10D5800000201307074B3305D5023A961042854613
:10D590003A950C4113F5F70FEF40B1316F20FFF9C9
:10D5A000EF227FF7B72700209386074B9387074B1F
:10D5B00063560504130700021306000303A8072897
:10D5C00063180802D147B307F70206050581BE9626
:10D5D00088C285476396F500B7070020238EE72AA7
:10D5E000131507014181EFF0FFF601456F20FFF4AD
:10D5F0000507D107E314C7FC0545CDBF0547130652
:10D60000000203A8470163130806D147B307F702D6
:10D61000B69788C385476396F500B7070020238E29
:10D62000E72A131507014181098193172500D14588
:10D630001387370013882700138617003307B702B4
:10D640001375F50F3308B802369718433306B60240
:10D650003698B387B70236961042B385F6008C41F0
:10D66000832608008147EF40911641B70507D1078F
:10D67000E319C7F851B7EF221FEA41112AC6C12C9E
:10D680009147B245631AF500B707002003A5872C20
:10D6900081467D56EF10C04441016F201FEAEF2202
:10D6A0009FE7D1473307F502B72700209387074B41
:10D6B0001375F50FBA9723A00700A3870700EF4063
:10D6C000511C6F209FE7B707002083C6C72BD147A7
:10D6D0003387F602B72700209387074BBA97F037B6
:10D6E00005476317E602EF221FE3F023014750A12D
:10D6F00085076347C7003685EFF07FFA6F20FFE3A9
:10D7000003C86700B305E5000507A3820501CDB78F
:10D710008280EF225FE0370400209307A00F1304FC
:10D72000E42B6305F50663E5A7049307D0076301BF
:10D73000F50637D5000013058534DD2A37D50000FE
:10D7400013056534012437D500001305E537F522AC
:10D75000082001468545EF40C16801449304000359
:10D7600022850504EFF0BFF3E31C94FE6F20FFDC7D
:10D770009307401F6309F5009307803EE31BF5FA0A
:10D78000231004007DB785471EA065B78947EDBF0C
:10D790008D47DDBFEF223FD8B72700209387074B87
:10D7A0006355050213050002B70600801307000346
:10D7B00003A607286315D600EFF07FEE29A0050524
:10D7C000D107E317E5FE6F205FD7054793060002F8
:10D7D000D04B6314A6003A85C5B70507D107E319F6
:10D7E000D7FED5B7EF223FD3B737002083A787876F
:10D7F00041114886CC86AA9723800700B7070020EE
:10D8000003A5472D2E8481467D566C00EF10402DD8
:10D81000930700086316F400B707002023A8072C1D
:10D8200041016F209FD1370500201305452D8280CF
:10D83000EF227FCE3E2937340020130404873EA810
:10D840005C490349050054455CC81C451829AA8455
:10D850004A863E8581451CC454C418A8230024016F
:10D86000EF207FCED8404A86814558C0EF20BFCDFB
:10D87000B707002003A5472D8145EF10400F014554
:10D880006F20BFCBEF229FC7B734002001449384A1
:10D89000048705498949094A9C20636FF400B6282A
:10D8A00091CAB70700209387072D9843050763E9BE
:10D8B000E60698C36F20DFC7DC4822858297631194
:10D8C0002503DC40A297982301CB23800700930512
:10D8D00000042285EFF01FF105041374F40F6DBFEF
:10D8E000984422971C23850793F7F70F1CA3D84071
:10D8F0002297142389EA9428E3E0D7FE2300270126
:10D9000093050008F9B7F03463E4C7006387260184
:10D91000F024E3E3C7FCE39146FD23003701CDB7D4
:10D9200093050002014523A00700EFF0BFEB59B7B4
:10D93000B737002023A6A7888280B737002023A40A
:10D94000A7888280B737002023A8A7888280EF228B
:10D950009FBC44214111930555002A842686280046
:10D96000EF80A047B767004003A787409316570092
:10D9700063C406089387074098479316470063CF10
:10D9800006069C471145139737006354070609455F
:10D99000376700401307074093174500BA9703A75E
:10D9A000071810488546058B23A0E718184063190F
:10D9B000D60483A607180E07558F1367470023A0C8
:10D9C000E71803A7471813F6F400419B23A2E718B2
:10D9D00003A74718598E224723A2C71823A4E71884
:10D9E000324723A6E71803A707181367170023A0D9
:10D9F000E71841016F207FB4014559BF054549BF74
:10DA000003A607189356E700898A5607558F518F4A
:10DA100023A0E7187DB73767004013070740931727
:10DA20004500BA9703A7071B118B25CF03A7071B38
:10DA30000D8398C1054798C903A7071B83A6471BF9
:10DA4000098BBD8AD4A183A6871BD4B183A6871B6B
:10DA5000A182F4A183A6871BC182F4B183A6871B90
:10DA6000E18294A583A6C71B94B583A6C71BA18298
:10DA7000B4A583A6C71BC182B4B583A7C71BE18326
:10DA8000DCA5B7670040938707401DE1D44793E6C4
:10DA90000602D4C73337E000D8C9239705000145F3
:10DAA000828003A7071B23A80500558398C169B787
:10DAB000944B93E6060294CBF1BF757106C716C569
:10DAC0001AC31EC1AADEAEDCB2DAB6D8BAD6BED44C
:10DAD000C2D2C6D0F2CEF6CCFACAFEC882E686E43E
:10DAE0008AE28EE012FE16FC1AFA1EF82AF62EF4CE
:10DAF00032F236F03AEE3EEC42EA46E8416772E630
:10DB00001307171076E47AE27EE0B767004023A49B
:10DB1000E740B737002083A7C7888297BA40AA4258
:10DB20001A438A437655E6555656C6563657A65773
:10DB300016588658764EE64E564FC64F3660A6604B
:10DB4000166186617272E2725273C2733275A27587
:10DB5000127682767267E2675268C268326EA26E8F
:10DB6000126F826F4961730020307571BAD606C793
:10DB700016C51AC31EC1AADEAEDCB2DAB6D8BED450
:10DB8000C2D2C6D0F2CEF6CCFACAFEC882E686E48D
:10DB90008AE28EE012FE16FC1AFA1EF82AF62EF41D
:10DBA00032F236F03AEE3EEC42EA46E8B737002071
:10DBB00072E683A7878876E47AE27EE00145829761
:10DBC000B7670040214723A6E740BA40AA421A435C
:10DBD0008A437655E6555656C6563657A6571658B2
:10DBE0008658764EE64E564FC64F3660A660166192
:10DBF00086617272E2725273C2733275A2751276C6
:10DC000082767267E2675268C268326EA26E126FE5
:10DC1000826F4961730020307571BAD606C716C588
:10DC20001AC31EC1AADEAEDCB2DAB6D8BED4C2D2E6
:10DC3000C6D0F2CEF6CCFACAFEC882E686E48AE204
:10DC40008EE012FE16FC1AFA1EF82AF62EF432F2B4
:10DC500036F03AEE3EEC42EA46E8B737002072E68C
:10DC600083A7878876E47AE27EE005458297B767E6
:10DC70000040214723A8E740BA40AA421A438A43FA
:10DC80007655E6555656C6563657A65716588658F0
:10DC9000764EE64E564FC64F3660A66016618661D8
:10DCA0007272E2725273C2733275A2751276827604
:10DCB0007267E2675268C268326EA26E126F826F3C
:10DCC000496173002030757106C716C51AC31EC19D
:10DCD000AADEAEDCB2DAB6D8BAD6BED4C2D2C6D0CC
:10DCE000F2CEF6CCFACAFEC882E686E48AE28EE07C
:10DCF00012FE16FC1AFA1EF82AF62EF432F236F04C
:10DD00003AEE3EEC42EA46E872E6114776E47AE201
:10DD10007EE0B767004023A2E740B737002083A723
:10DD200007898297BA40AA421A438A437655E65534
:10DD30005656C6563657A65716588658764EE64E4D
:10DD4000564FC64F3660A660166186617272E272E7
:10DD50005273C2733275A275127682767267E26769
:10DD60005268C268326EA26E126F826F4961730090
:10DD70002030EF224FFA13142500094541113315C5
:10DD80008500EF304FF08547631FF500B73700205F
:10DD900093874789A2979C432AC6829732453315B9
:10DDA0008500EF30EFEE41016F202FF9B70700201B
:10DDB0000A0593870702AA979C43CCC3984313672D
:10DDC000170098C38280B70700200A0593870702CF
:10DDD000AA979443416779179C42F98F9CC282802D
:10DDE000757106C716C51AC31EC1AADEAEDCB2DA4B
:10DDF000B6D8BAD6BED4C2D2C6D0F2CEF6CCFACA03
:10DE0000FEC882E686E48AE28EE012FE16FC1AFA6A
:10DE10001EF82AF62EF432F236F03AEE3EEC42EAE2
:10DE200046E8014572E676E47AE27EE0EFF07FF4C0
:10DE3000BA40AA421A438A437655E6555656C65604
:10DE40003657A65716588658764EE64E564FC64F4A
:10DE50003660A660166186617272E2725273C27396
:10DE60003275A275127682767267E2675268C2686E
:10DE7000326EA26E126F826F49617300203075712D
:10DE800006C716C51AC31EC1AADEAEDCB2DAB6D802
:10DE9000BAD6BED4C2D2C6D0F2CEF6CCFACAFEC82A
:10DEA00082E686E48AE28EE012FE16FC1AFA1EF87A
:10DEB0002AF62EF432F236F03AEE3EEC42EA46E82A
:10DEC000054572E676E47AE27EE0EFF09FEABA403A
:10DED000AA421A438A437655E6555656C6563657D1
:10DEE000A65716588658764EE64E564FC64F3660A1
:10DEF000A660166186617272E2725273C2733275E5
:10DF0000A275127682767267E2675268C268326ED4
:10DF1000A26E126F826F496173002030757106C75F
:10DF200016C51AC31EC1AADEAEDCB2DAB6D8BAD69E
:10DF3000BED4C2D2C6D0F2CEF6CCFACAFEC882E6B1
:10DF400086E48AE28EE012FE16FC1AFA1EF82AF621
:10DF50002EF432F236F03AEE3EEC42EA46E809455B
:10DF600072E676E47AE27EE0EFF0BFE0BA40AA42E1
:10DF70001A438A437655E6555656C6563657A6571F
:10DF800016588658764EE64E564FC64F3660A660F7
:10DF9000166186617272E2725273C2733275A27533
:10DFA000127682767267E2675268C268326EA26E3B
:10DFB000126F826F496173002030757106C716C5F4
:10DFC0001AC31EC1AADEAEDCB2DAB6D8BAD6BED447
:10DFD000C2D2C6D0F2CEF6CCFACAFEC882E686E439
:10DFE0008AE28EE012FE16FC1AFA1EF82AF62EF4C9
:10DFF00032F236F03AEE3EEC42EA46E80D4572E681
:10E0000076E47AE27EE0EFF0DFD6BA40AA421A4325
:10E010008A437655E6555656C6563657A65716586D
:10E020008658764EE64E564FC64F3660A66016614D
:10E0300086617272E2725273C2733275A275127681
:10E0400082767267E2675268C268326EA26E126FA1
:10E05000826F496173002030757106C716C51AC3F7
:10E060001EC1AADEAEDCB2DAB6D8BAD6BED4C2D2EF
:10E07000C6D0F2CEF6CCFACAFEC882E686E48AE2C0
:10E080008EE012FE16FC1AFA1EF82AF62EF432F270
:10E0900036F03AEE3EEC42EA46E8114572E676E4A6
:10E0A0007AE27EE0EFF0FFCCBA40AA421A438A43FC
:10E0B0007655E6555656C6563657A65716588658BC
:10E0C000764EE64E564FC64F3660A66016618661A4
:10E0D0007272E2725273C2733275A27512768276D0
:10E0E0007267E2675268C268326EA26E126F826F08
:10E0F000496173002030757106C716C51AC31EC169
:10E10000AADEAEDCB2DAB6D8BAD6BED4C2D2C6D097
:10E11000F2CEF6CCFACAFEC882E686E48AE28EE047
:10E1200012FE16FC1AFA1EF82AF62EF432F236F017
:10E130003AEE3EEC42EA46E8154572E676E47AE2CB
:10E140007EE0EFF01FC3BA40AA421A438A437655D5
:10E15000E6555656C6563657A65716588658764E22
:10E16000E64E564FC64F3660A660166186617272E3
:10E17000E2725273C2733275A2751276827672673A
:10E18000E2675268C268326EA26E126F826F496196
:10E1900073002030757106C716C51AC31EC1AADEEA
:10E1A000AEDCB2DAB6D8BAD6BED4C2D2C6D0F2CEBF
:10E1B000F6CCFACAFEC882E686E48AE28EE012FE57
:10E1C00016FC1AFA1EF82AF62EF432F236F03AEE5F
:10E1D0003EEC42EA46E8194572E676E47AE27EE0F1
:10E1E000EFF03FB9BA40AA421A438A437655E65542
:10E1F0005656C6563657A65716588658764EE64E89
:10E20000564FC64F3660A660166186617272E27222
:10E210005273C2733275A275127682767267E267A4
:10E220005268C268326EA26E126F826F49617300CB
:10E23000203008456D8D3335A00082800CC9828066
:10E240004CC9828037E700E09605B307A70093F535
:10E25000F50F2380B74093575500938707048546F1
:10E260008A07B396A600BA9794C38280B7070020A6
:10E270000A0593878705AA9798431E2793F70704F3
:10E2800089C74A271375F50F828001458280B70739
:10E2900000200A0593878705AA979C4301459E277E
:10E2A0008280ED670A0593870749AA979C432392CA
:10E2B00007029A23136717009AA38280357122C739
:10E2C00037040040BEDA06CF16CD1ACB1EC92AC5C8
:10E2D0002EC332C1B6DEBADCC2D8C6D6F2D4F6D26C
:10E2E000FAD0FECE82E686E48AE28EE012FE16FCCA
:10E2F0001AFA1EF82AF62EF432F236F03AEE3EEC16
:10E3000042EA85451305044046E872E676E47AE27F
:10E310007EE0EF30CFEE8547631AF500B737002077
:10E3200083A707908297F9572318F4403A44FA409C
:10E33000EA425A43CA432A459A450A46F656665760
:10E34000D6574658B658265E965E065FF64F36603C
:10E35000A660166186617272E2725273C273327580
:10E36000A275127682767267E2675268C268326E70
:10E37000A26E126F826F0D6173002030ED670A0587
:10E3800093870749AA979C43239207028280ED67EF
:10E390000A0593870749AA979C43CA338280EF22D4
:10E3A0008F979307F5FF15472A846377F7089D47F2
:10E3B0006306F506A1476307F50635E9056513050C
:10E3C0000580EF405121ED6713172400938707491B
:10E3D000BA979C439A2742074183619B4207418336
:10E3E0009AA751473306E4029623373700201307D4
:10E3F000C78CC206C18293F6F6C832975223D18EDB
:10E4000096A316233A23D6B79AB709E437370140C3
:10E41000231807C20547DAAB6F202F920965EF403A
:10E42000911B55B737050800EF40F11A69BF370552
:10E430001000EF40511A41BF1147636DF7026D673D
:10E440008A071307C747BA979C4382870545EF4061
:10E45000D11695BF0945EF405116B5B71145EF40AC
:10E46000D11595B72145EF405115B1BF4145EF405A
:10E47000D11491BF13050002EF403114A9B7EF2268
:10E480008F89ED670A0593870749AA978043A1679B
:10E49000FD1703574404411102C27D8F2312E40487
:10E4A0000357440402C402C6F98F2312F404C1675F
:10E4B000938707073EC089477C84708393F71500D4
:10E4C000AE8489C78A852285EF302FAD93F724006B
:10E4D00089C78A852285EF306FB493F7440089C7D6
:10E4E0008A852285EF306FBEA18889C48A852285FE
:10E4F000EF306FC8835744042167D98F2312F40487
:10E5000041016F208F83ED670A0593870749AA971A
:10E510009843A16683574704D58F2312F70482805E
:10E52000B70700209387872E9843636FA702D043D5
:10E53000B386C7006316D50054413E85B296D4C356
:10E540005041B306C500631CD700B706002083A660
:10E55000862D6306D70054431843B29654C118C1A0
:10E560006303F50088C38280BA877DBF5DC1EF1267
:10E570009FFAB7070020032745FF83A7C72D2A84EA
:10E58000B376F7009DE2A167938707807390073009
:10E5900037B6010037B501001306464B930540120C
:10E5A0001305C54DEF80801401A0832605FF9DC291
:10E5B000A167938707807390073037B6010037B59E
:10E5C00001001306464B930550121305C54DEF800D
:10E5D000E01101A093C7F7FFF98F232AF5FEEF00A2
:10E5E000707CB70700209387072E9443032744FFCE
:10E5F000130504FF369798C3EFF09FF2B70700208A
:10E600009387472E9843050798C3EF1000166F10A5
:10E61000DFF28280B7E700E041572387E740238697
:10E62000E740B7F700E023A0070023A207008146D8
:10E6300094C70147D8C7370700208325472313070E
:10E64000803E814633D6E5023D4790CBD4CB98C37C
:10E650008280EF125FEC411102C6F32750303EC6B4
:10E66000B2470D478D8B6384E702A16793870780CC
:10E670007390073037B6010037B501001306065016
:10E680009305600B1305C54DEF80400601A0B787C9
:10E69000002093870700BD8B9DC3A16793870780E8
:10E6A0007390073037B6010037B5010013060650E6
:10E6B0009305B00B1305C54DEF80400301A0EFF0AB
:10E6C0007FF5B7E700E0056723A0E710116723A0F7
:10E6D000E71023A60180EF10BFC2014541016F1072
:10E6E000DFE55D7182E686E48AE28EE012FE16FCCA
:10E6F0001AFA1EF82AF62EF432F236F03AEE3EEC12
:10E7000042EA46E872E676E47AE27EE0731101348A
:10E71000A1679387078073900730B7F700E023A2C3
:10E720000700EF00D06911C5B7E700E0116723A02B
:10E73000E720A167938787887390073073110134AE
:10E740003660A660166186617272E2725273C2739D
:10E750003275A275127682767267E2675268C26875
:10E76000326EA26E126F826F616173002030A167FA
:10E7700093870780739007309387C180984305077C
:10E7800098C382801387C1801C438DE7EF12BFD8E6
:10E79000A167938707807390073037B6010037B5BC
:10E7A000010013060650930520101305C54DEF70A8
:10E7B000F07301A0FD171CC391E7A16793878788B9
:10E7C000739007308280216513050580731505302D
:10E7D0008280731005308280930785007D575CC16D
:10E7E00018C55CC51CC923200500828023280500AC
:10E7F00082809841FD5693078500631ED7001C490F
:10E80000D843D8C10CC79CC5CCC31C4188C9850757
:10E810001CC18280B687D4439042E37DC7FECDB74A
:10E82000544118451C4998C654C3D4436393A60069
:10E83000D8C39843232805007D1798C38843828056
:10E84000EF127FCD41112AC6EFF07FF23245005D15
:10E85000EFF05FF31335140041016F101FCEEF127C
:10E860009FCB32893041045D2A8409EE1C41014569
:10E8700091E70844EF10004123240400850404DCE0
:10E880006F10BFCB631009024841EF7000555C4028
:10E8900038400145BA9718445CC0E3E1E7FE1C40EC
:10E8A0005CC0E9BF4845EF7040533C4058441440B9
:10E8B000B307F0403E9758C46375D7001844BA9721
:10E8C0005CC489470145E31BF9FACDD8FD147DB737
:10E8D000304115C2EF123FC458451445AA873297FC
:10E8E00058C56364D700184158C52E85CC47EF70D2
:10E8F000C04E6F109FC48280EF12FFC12A84EFF0D8
:10E900001FE78344540413094402E204E18463488A
:10E910009002FD57A302F404EFF0DFE6EFF03FE5CD
:10E920008344440413090401E204E1846345900232
:10E93000FD572302F404EFF0FFE46F101FC05C509A
:10E94000E9DB4A85EF10C01419C1EF102031FD1426
:10E95000E204E1846DBF1C48E1DF4A85EF104013FB
:10E9600019C1EF10A02FFD14E204E184C1B7EF122A
:10E970009FBA41111DE1A16793870780739007300B
:10E9800037B6010037B50100130686529305001112
:10E990001305C54DEF70905501A05C5D2EC62A840D
:10E9A000BDC73841B3B7E702BDE3EFF05FDC3040ED
:10E9B000585C1440232C0402B307E602B24554C04D
:10E9C0003387F600918FB6975CC4FD572302F40499
:10E9D00018C4A302F4049DE11C4899CB130504015B
:10E9E000EF10000B11C5B7E700E0116723A0E72087
:10E9F000EFF05FD9054541016F103FB413050401E5
:10EA0000EFF09FDD13054402EFF01FDDD5B7A167DE
:10EA1000938707807390073037B6010037B5010040
:10EA200013068652930550141305C54DEF70104C14
:10EA300001A0EF125FAE01119DE2A16793870780ED
:10EA40007390073037B6010037B5010013068652C0
:10EA5000930590151305C54DEF70504901A019C1DC
:10EA600005C685E5A167938707807390073037B6A1
:10EA7000010037B5010013068652930520181305CF
:10EA8000C54DEF70B04601A0F1FD930780043ECE66
:10EA900072476304F702A16793870780739007307A
:10EAA00037B6010037B50100130686529305B0163C
:10EAB0001305C54DEF70904301A0F24785472383AE
:10EAC000F60491E1368690C2C8DEACC23685854533
:10EAD00036C6EFF0DFE9B246056136856F10FFA557
:10EAE000EF12FFA0011132C61DE1A16793870780D5
:10EAF0007390073037B6010037B501001306865210
:10EB00009305E0321305C54DEF70503E01A02A84F5
:10EB10002E89B6848DE53C419DC3A167938707800C
:10EB20007390073037B6010037B5010013068652DF
:10EB30009305F0321305C54DEF70503B01A0894796
:10EB40006398F402585C85476304F702A1679387D2
:10EB500007807390073037B6010037B50100130600
:10EB60008652930500331305C54DEF70303801A070
:10EB7000EF10800F15E5B247014C85C7A167938759
:10EB800007807390073037B6010037B501001306D0
:10EB90008652930530331305C54DEF70303501A013
:10EBA000014C094BFD59930B040137EA00E0916ACF
:10EBB000A5A8B24789E7EFF0FFBC014555A0631552
:10EBC0000C002808EF00907BEFF0DFBBEF00901DFA
:10EBD000EFF0FFB983474404E207E187639437010C
:10EBE0002302040483475404E207E1876394370156
:10EBF000A3020404EFF01FB96C002808EF0070793D
:10EC000035EDEFF0DFB6185C5C5C631EF704EFF0E7
:10EC10007FB7B2455E85EF00D05B2285EFF0DFCD98
:10EC2000EF00B03429C9054CEFF07FB4185C5C5C90
:10EC30006364F700E39F64F72686CA852285EFF0B8
:10EC40001FC25C5089C713054402EF00706411C5F0
:10EC5000B7E700E0116723A0E720EFF0BFB205455A
:10EC600005616F105F8CEFF0FFB12285EFF0DFC818
:10EC7000EF00B02F4DBF23205A2175B72285EFF04A
:10EC8000BFC7EF00902E15BFEF125F8741111DE146
:10EC9000A167938707807390073037B6010037B5B7
:10ECA000010013068652930520401305C54DEF70F1
:10ECB000F02301A02A84B2898DE53C419DC3A16760
:10ECC000938707807390073037B6010037B501008E
:10ECD00013068652930530401305C54DEF70102181
:10ECE00001A089476398F602585C85476304F702E0
:10ECF000A167938707807390073037B6010037B557
:10ED0000010013068652930540401305C54DEF7070
:10ED1000F01D01A036C62EC4EFF0FFAA185C5C5CA3
:10ED20002A8AA245B2466366F70089478144639305
:10ED3000F602834454041C5C3686228513998401B0
:10ED4000EFF0FFB113598941FD576317F9025C5089
:10ED500089EB85445285EFF0DFA7268541016F10CE
:10ED60002FFD13054402EF00B05265D5E38309FE81
:10ED7000854723A0F900F1BF9307F0076314F90258
:10ED8000A167938707807390073037B6010037B5C6
:10ED90000100130686529305D0481305C54DEF7048
:10EDA000F01401A08504E204E184A302940455B7A1
:10EDB000EF12EFF3011132C61DE1A16793870780BF
:10EDC0007390073037B6010037B50100130686523D
:10EDD000930510551305C54DEF70501101A02A84FD
:10EDE000AE898DE53C419DC3A167938707807390F1
:10EDF000073037B6010037B5010013068652930578
:10EE000050551305C54DEF70700E01A0EF00D06591
:10EE100015E5B247014985C7A167938707807390BD
:10EE2000073037B6010037B5010013068652930547
:10EE3000A0551305C54DEF70700B01A001497D5A17
:10EE4000930A440237EB00E0916B95A8B24789E73B
:10EE5000EFF05F93014569A8631509002808EF00EA
:10EE6000F051EFF03F92EF00E073EFF05F908347D7
:10EE70004404E207E18763944701230204048347C3
:10EE80005404E207E18763944701A3020404EFF00E
:10EE90007F8F6C002808EF00D04F25E52285EFF02A
:10EEA0003F9A31C9B2455685EF00B0322285EFF066
:10EEB000BFA4EF00900B19E123207B210549EFF05F
:10EEC0001F8B045CC1D4CE852285FD14EFF05FA0BA
:10EED00004DC1C4899CB13050401EF00703B11C5FD
:10EEE000B7E700E0116723A0E720EFF0BF890545F1
:10EEF00005616F104FE32285EFF01FA0EF00F006D1
:10EF000075BF2285EFF05F9FEF0030062285EFF09E
:10EF10003F934DD581B7EF126FDE41111DE1A1671F
:10EF2000938707807390073037B6010037B501002B
:10EF300013068652930510751305C54DEF70007BBF
:10EF400001A02A84328A8DE53C419DC3A167938745
:10EF500007807390073037B6010037B501001306FC
:10EF60008652930520751305C54DEF70207801A0DA
:10EF70002EC6EFF05F8503298403AA8A630309087C
:10EF800083444404B245228593998401EFF05F9451
:10EF90007D1993D98941232C2403FD576397F902E6
:10EFA0001C4889EB05445685EFF0BF82228541015C
:10EFB0006F100FD813050401EF00902D65D5E30302
:10EFC0000AFE85472320FA00F1BF9307F0076394F8
:10EFD000F902A167938707807390073037B6010065
:10EFE00037B5010013068652930550791305C54DB8
:10EFF000EF70C06F01A08504E204E1842302940451
:10F0000055B701444DB7EF120FD141111DE1A16772
:10F01000938707807390073037B6010037B501003A
:10F02000130686529305307E1305C54DEF70006CB4
:10F0300001A02AC6EFF0AFF33245085D2AC6EFF013
:10F040006FF4324541016F104FCF15E5EF12AFCC91
:10F05000A167938707807390073037B601008565F5
:10F0600037B5010013068652938585AC1305C54D4F
:10F07000EF70C06701A09DCD37360020930606983B
:10F080008147014713060698214883A846006398E4
:10F09000A80093173700B2978CC3C8C321A891E783
:10F0A00083A8060063930800B6870507A106E31E40
:10F0B00007FDFDF38280EF120FC641112A842EC690
:10F0C00032C4EFF0CFEA834744047D572246E2077B
:10F0D000E187B2456394E7002302040483475404A4
:10F0E0007D57E207E1876394E700A302040432C678
:10F0F0002EC4EFF02FE91C5CA245324689E71305C8
:10F100004402EF0090112285EFF00FFF41016F10D4
:10F11000CFC2EF12AFBE2A84EFF06FE5B707002031
:10F120009387C72F9843B7040020B73900200507FD
:10F1300098C31387042F18439384042F1389099CC1
:10F1400071EF80C0984385476316F7069389099C41
:10F15000130AC9124E85D109EFF00FE8E31C3AFFFC
:10F1600037350020130AC5AE1305C5AEEFF0CFE664
:10F1700037350020930905B0130505B0EFF0CFE552
:10F1800037350020130545B1EFF00FE53735002086
:10F190001305C5B3EFF04FE437350020130585B2F2
:10F1A000EFF08FE3B707002023AA472FB70700200F
:10F1B00023AC372FB7070020938787309843050784
:10F1C00098C3370700201307C7305C54144363F318
:10F1D000F6001CC35147B387E702CA97D8431447C8
:10F1E00018C454C410479306440054C214C798432B
:10F1F0005CC8050798C3EFF0EFD8B707002083A7D6
:10F20000C73199CB9C40D8575C546377F700B7E778
:10F2100000E0116723A0E7206F108FB1B70700202F
:10F2200083A7C731C1FB9C40D8575C54E3E4E7F89F
:10F2300080C049B7370700201307472F1C4394436A
:10F24000B70700209387073181E67D5798C38280F6
:10F25000184358471843DDBFEF124FAA4111AA893E
:10F26000B284428403290803B1C50146414833856D
:10F27000C50003050500B308C400238AA80201C520
:10F280000506E31606FFA301040439466377E60288
:10F29000A167938707807390073037B6010037B5B1
:10F2A00001001306C653930570391305C54DEF7061
:10F2B000E04301A0230A0802C9BF58D478C013054F
:10F2C0004400232404043EC636C43AC2EFF00FD2F1
:10F2D00013058401EFF08FD112473D468145330776
:10F2E000E64018CC314600C840D01305C404EF10E6
:10F2F0008FA5A2461395240071154A95230C04048A
:10F30000A30C0404230D0404230E04043686CE85C6
:10F310004199EF10EF8EB24708C091C380C34101FD
:10F320006F100FA1EF122F9F8347B50591EB2A8431
:10F330000859EFF0AFA32285EFF04FA36F10EF9FB6
:10F340000547E38BE7FE0947E38AE7FEA16793875A
:10F3500007807390073037B60100856537B5010027
:10F360001306C6539385C5F91305C54DEF700038D4
:10F3700001A0EF12AF9837340020B7090020130422
:10F38000C4B3370A0020938409309C40EDDFEFF0CE
:10F390000FBE5C4403A9C70013054900EFF04FC836
:10F3A0001307CA2F1C43FD171CC39C40FD179CC0AC
:10F3B000EFF04FBD4A85EFF0FFF6F1B7EF120F9473
:10F3C00037090020B70700209304092F83A90732CB
:10F3D0002A849C4088404111238E070411052EC6C3
:10F3E000EFF00FC47D579307092FB245631CE40269
:10F3F00095C9B7370020938787B29440D84398C601
:10F4000010479440D0C694401047910654C294408F
:10F41000910614C798405CCB9843050798C34101F7
:10F420006F100F9198434E9440C3637B34013707AC
:10F4300000200325872F8C439105EFF08FBBC5B7C4
:10F44000370700200325472F8C439105EFF06FBA53
:10F45000B7070020938707319843E372E4FC80C329
:10F460007DBFEF124F8B41119DE3A167938707800A
:10F470007390073037B6010037B501001306C65345
:10F480009305A0241305C54DEF70402601A04284CA
:10F4900063140802A167938707807390073037B61B
:10F4A000010037B501001306C6539305B0241305B8
:10F4B000C54DEF70A02301A09308000646C6324355
:10F4C00063041303A167938707807390073037B6EF
:10F4D000010037B501001306C65393053025130507
:10F4E000C54DEF70A02001A0B2482328F80289473B
:10F4F000A30DF8043C00EFF03FD62285EFF07FC16A
:10F50000224541016F106F83EF12EF8041117000AF
:10F510002C00480002C202C4EF105FE41248A24768
:10F520003246B7B5010037F50000014781469385A3
:10F53000055513052537EFF0DFF215C9EF00B02FA1
:10F540008547631BF502A167938707807390073097
:10F55000B70700207D5723A8E730B707002023AE68
:10F56000A730B707002023A00732EFF08F8E83A7C4
:10F57000018141016F007FFCFD57E31AF5FEA16791
:10F58000938707807390073037B60100856537B5DC
:10F5900001001306C653938505841305C54DEF700E
:10F5A000E01401A0B7070020938747309843050770
:10F5B00098C38280B707002003A507328280B7076F
:10F5C000002083A7473063990718EF02DFF4B707DD
:10F5D0000020938707328043050480C321ECB707DE
:10F5E00000209387472F9843184305C7A167938747
:10F5F00007807390073037B60100856537B5010085
:10F600001306C653938575AC1305C54DEF70000EF8
:10F6100001A0370700201307872F9443104390C39E
:10F62000B707002014C3938747319843050798C351
:10F63000EFF05FC037060020930706319C43373751
:10F640000020B7050020130606311307079C938599
:10F65000052F01456375F4029C41D146DC57B38701
:10F66000D7023E971843854763F3E7000545B70780
:10F67000002083A7473291C305456F001FEC370E6A
:10F680000020B70E0020514F93074E2F9443944211
:10F6900081E6FD571CC2C9B79C43DC47DC47D44315
:10F6A0006374D40014C24DBF83A8870003A8C700A9
:10F6B000D44B1383470023A408012322180183A8F5
:10F6C00046006394680023A2060103A8060023AA4B
:10F6D00007007D1823A00601945795CA03A8C70107
:10F6E00083A8070283AF46002324180183A80702DA
:10F6F00023A208011388870163940F0123A2160136
:10F7000003A8060023A407027D1823A00601938600
:10F71000CE3003A8C70283A8060063F4080123A023
:10F720000601B306E803BA9683A8460083AF8800B3
:10F7300023A4170123A6F70183AF880023A26F003B
:10F7400023A46800D4CB9C4285079CC29C41DC5713
:10F75000E36CF8F205450DBFB707002093878731AA
:10F7600098430145050798C38280EF023FD93704CB
:10F770000020130444301C40411185E7A1679387A2
:10F7800007807390073037B60100856537B50100F3
:10F790001306C6539385358B1305C54DEF60107561
:10F7A00001A0EFE0DFFC1C40FD171CC01C4089CB12
:10F7B00001452AC6EFE01FFD324541016F005FD7CA
:10F7C000B707002083A7C72FE5D7B7360020373506
:10F7D00000208147938646B1370F00201305059C12
:10F7E000D14837030020370E0020854E59A8DC464B
:10F7F000DC47CC4F9053985790C503A807022322AB
:10F80000B80003284700938587016313B80050C3ED
:10F81000104323A407027D1610C38C47D047D84B52
:10F820001388470090C54CC24C436393050150C3F5
:10F83000104323AA07007D1610C31307CF30D057FB
:10F840000C4363F3C50010C3330716032A974C43D8
:10F8500083AF85008CC723A6F70183AF850023A261
:10F860000F0123A405010C43D8CB85050CC3130756
:10F87000032F184358576366E60013074E322320C0
:10F88000D70198422DF799C3EFF0DF9AB707002010
:10F890001387873104431384873199CC37090020BB
:10F8A0008549EFF0DFD109C59307493223A037011D
:10F8B000FD14E5F823200400B707002083A7473292
:10F8C000E38807EEB7E700E0116723A0E7200545CE
:10F8D000CDB519E5B7E700E0116723A0E7208280E6
:10F8E000EF027FC3B707002083A7473041119DC3B4
:10F8F000A167938707807390073037B6010037B54B
:10F9000001001306C653930590541305C54DEF60CF
:10F91000F05D01A02AC6EFF0FFC832458145EFF047
:10F92000FFA9EFF09FE411E5B7E700E0116723A01E
:10F93000E72041016F007FC0B707002003A74730D1
:10F94000B70700209387473201C7054798C38280D5
:10F9500023A00700B70700201387C730184313867A
:10F96000C730B73700209387079C5148B306070379
:10F97000B385D700884115C5C841A106BE96484148
:10F98000C8C16314D5005441D4C1D146B306D702CF
:10F99000B697DC43D447B707002023A8D72E18C258
:10F9A000828015E7EF023FB7A167938707807390C6
:10F9B000073037B60100856537B501001306C65319
:10F9C000938525C01305C54DEF60505201A07D17EA
:10F9D00071BFEF025FB405E5A1679387078073905D
:10F9E000073037B60100856537B501001306C653E9
:10F9F0009385C5C11305C54DEF60504F01A0B707F2
:10FA000000202E8483A5072FE105EFE09FDE8545CA
:10FA10002285EFF0BF9A6F005FB2EF02DFAF2A8757
:10FA200005E5A167938707807390073037B601001B
:10FA3000856537B501001306C653938525C51305A3
:10FA4000C54DEF60B04A01A0B70700209387072F8C
:10FA500054432E858C4303A88600D4CD8C4323A029
:10FA6000050303A807008C46610823A2050103A82B
:10FA700007009C43610823A4060198D71C4385070F
:10FA80001CC311C27D55B285EFF05F936F00FFAAD2
:10FA90005C45DC4795E7EF021FA8A16793870780C5
:10FAA0007390073037B60100856537B5010013063E
:10FAB000C653938525C81305C54DEF60304301A09B
:10FAC000D04F945398579385870114C6D0C25043A2
:10FAD0006313B60054C3144323A40702FD1614C3D2
:10FAE0003707002003274730D45725EF8C47D047EE
:10FAF000D84B90C5D04748434CC293854700631309
:10FB0000B50050C3104323AA07007D1610C3370762
:10FB100000201307C73010436373D60014C3514746
:10FB20003386E602373700201307079C329750438D
:10FB3000084690C7C8C708464CC10CC6D8CB1C4362
:10FB4000014585071CC3B707002083A7072FDC5793
:10FB500063F8D700B7070020054723A2E732054521
:10FB6000828037370020130747B150430846D0CF73
:10FB700088D308464CC10CC698D7D1B7B707002028
:10FB800083A747311CC1B707002083A707325CC198
:10FB90008280EF025F98411105E5A1679387078096
:10FBA0007390073037B60100856537B5010013063D
:10FBB000C6539385D5CF1305C54DEF60303301A0F3
:10FBC00085E5A167938707807390073037B60100FA
:10FBD000856537B501001306C6539385E5CF130538
:10FBE000C54DEF60B03001A02EC62AC4EFE03FB88B
:10FBF00037070020B70700201307072F83A6073217
:10FC00001C432245B24583C7C70599CB1C43238EAD
:10FC100007040544EFE01FB7228541016F00FF9103
:10FC20009C417D570144E387E7FE37060020032609
:10FC300046310328050058416307C80063E5E60024
:10FC400023A00500F9B73386E640E37BF6FE958FE7
:10FC5000BA979CC1EFF09FF201446DBFB707002037
:10FC6000054723A2E7328280B707002083A7C73168
:10FC7000054581CBB707002003A547301335150094
:10FC80000605828011E50145828001456F00FF8AEB
:10FC9000EF027F88B707002083A7072F2A84638598
:10FCA000A702A167938707807390073037B60100DA
:10FCB000856537B501001306C6539385F504130512
:10FCC000C54DEF60B02201A0BC4785E7A1679387CF
:10FCD00007807390073037B60100856537B501009E
:10FCE0001306C653938505051305C54DEF60102017
:10FCF00001A054557841FD173CC5E388E6F8D1F7DB
:10FD0000930445002685EFE0BFB17C403D471D8F41
:10FD100018CC370700201307C73014435CD463F3B3
:10FD2000F6001CC351473387E702B737002093879B
:10FD3000079C0545BA97D843144718C454C41447C0
:10FD4000C4C204C798435CC8050798C381B7EF02D3
:10FD50008FFCEFE0DFA1138441901C40B1EF3735F9
:10FD60000020130905B9130505B9EFE0FFA63735E3
:10FD70000020930445BA130545BAEFE0FFA5B70785
:10FD80000020B73600203736002023A42733014750
:10FD9000B7070020938686BB130606B5C1451145FB
:10FDA00023A69732EFE0FFC808C019C5B7B5010018
:10FDB0009385C557EFF06FA9EFE0DF9C6F00EFF779
:10FDC000EF026FF54CC108C9AA876362B602184DED
:10FDD000158E0545637BE60093854700B707002035
:10FDE00003A5C732EFE0FFA001456F000FF5637573
:10FDF000D6000545E3FBD5FE93854700B7070020F5
:10FE000003A58732C5B7EF020FF12A84AE84328989
:10FE10000C4CA6864A86A6952285EFF07FFA19E15A
:10FE20006F00AFF11C4C2285BE941C508297CDB759
:10FE3000EF026FEEB707002083A787324111AA8433
:10FE4000DC472EC6C04713054400EFE07F9D834783
:10FE50004402324613F7470019CBA6852285EFF0FE
:10FE60009FFA1C502285829741016F000FEDF99B8C
:10FE70002302F402FDB7EF020FEA370400209306D5
:10FE8000843298421C4391EBB70700209387C73216
:10FE9000904398C390C26F004FEA5C47FD5588437A
:10FEA000EFF01FF9E9BFEF028FE46D694111B70A66
:10FEB0000020B70B00201309895583A78A32984385
:10FEC00029CBDC47814C03AC0700EFF0AFEDEFF03E
:10FED0006FEE83A701902A8493840190138A419046
:10FEE000636CF50288C063800C0483A7CB32904317
:10FEF0001336160003250A00B3058C40EFF0AF9BC4
:10FF0000EFF0BF8619EDB7E700E0116723A0E72007
:10FF100009A8854C014C55BFEFF0FFF580C0EFF00C
:10FF2000DF84214C0DA00146E36685FDEFF0FF83E1
:10FF3000A2856285EFF0DFEFEDB79247B245829779
:10FF4000824763DD070003250A0001468A85EFE04A
:10FF50003FE625D582472245E3C107FE22445C489F
:10FF60009DE3EFF02FE59C40AA8C6374F500EFF061
:10FF70009FF0824723A09401FD17E366FCFC8A07EB
:10FF8000CA979C43828713054400EFE07F89D1BF65
:10FF9000834744020C4C924693E717002302F40275
:10FFA0006686B6952285EFF0BFE151DD83474402B6
:10FFB00013F7470001CF1C4C924566862285BE95FB
:10FFC000EFF07FE41C5022858297B5BFF99B230296
:10FFD000F402CDBF83474402F99B2302F402A5B784
:10FFE00083474402924593E717002302F4020CCCA6
:10FFF0009DE1A167938707807390073037B60100B2
:020000021000EC
:1000000037B5010013064658930590351305C54DC5
:10001000EF60C06D01A0E6866686E6952285EFF06A
:100020003FDA15B78347440213F7270055F72285B7
:10003000EFE0CFD309BFEF020FCE4111EFF03FD178
:1000400083A7419095CB70002C00480002C202C4E7
:10005000EF108FB2A24712483246B7B501003705FC
:100060000100394781469385C559130565EAEFF0CC
:100070004FBF23A4A1901DE1A167938707807390D0
:10008000073037B6010037B501001306465893050F
:1000900090111305C54DEF60606501A00545410154
:1000A0006F00AFC9B707002083A7472337177A002F
:1000B00013070720B3D7E70293F7F70F2387F190D1
:1000C0001307803EB387E7022396F1908280EF0208
:1000D0008FC401112A84854537050400EF100FEA0B
:1000E00085452145EF10AFE7930700407C82371527
:1000F00001408D473EC44C00E147130505C03EC694
:10010000EF10AFB922C837540040B70708000C08F9
:10011000130504803ECC02CA231E0100EF10BF8FDE
:10012000854513050480EF10FF9705616F00EFC050
:10013000EF02CFBCB7540040AE89328901449384AA
:100140000480634524014A856F008FBE9305000437
:100150002685EF101F977DD9B38789008385070017
:1001600026850504C205C181EF103F95D9BF1387CD
:1001700041811C43B7360020938646C03E95636B91
:10018000D500B78600209386068063E5A60008C3E5
:100190003E858280FD57EDBF011122CC37040080DF
:1001A0009347F4FF3727E93F06CEED8F1307B71FBC
:1001B0006350F7043707F07F63CAE700AE862A86EC
:1001C000EF307063F2406244056182800A868923C1
:1001D0000D8985476307F50289472246B246630FBA
:1001E000F5021DC502459245EF10E020A18DD9BF53
:1001F000014701468146EF10D060F240624405613C
:1002000082802246B24602459245EF10C01E5DBF75
:10021000024592450547EF10D05E6DB70245924505
:100220000547EF10105EA18D71BFD30605E059465A
:1002300013971600058393577701938717F8B685B0
:100240006341F60863C40704370880001307F8FF0A
:100250003357F7403375D700530605E00DC517B582
:1002600000008727A534D377F500530700F0531516
:10027000F7A011C963D60600B357F840B385D7007D
:100280001346F7FF6D8E530506F0828097B7000086
:1002900087A7C731D377F500530700F0530605E071
:1002A000D317F7A0EDD3530607E0E3DE06FC5306B1
:1002B00005E071DB97B7000087A7072F538607E09B
:1002C000D9B7B707807F530605E0E36EF7FAD37717
:1002D000A500538607E0530506F08280D30705E0AA
:1002E000B706008093C6F6FF33F7F600232005001B
:1002F0003706807FBE85635EC70205CF7D8E0148CD
:1003000009EE17B700008727A72AD377F5101D58E5
:10031000D38707E0BE8533F7F6005D87B707808097
:10032000FD17130727F8FD8D4297B707003F18C147
:10033000CD8F538507F082805D71A2C422FE26FC1A
:1003400086C6CAC2CEC0D304A5205384B520EF0010
:100350009002938781818043FD57630AF406D32777
:1003600084A0B5C7D3A794A0BDC3D30700F0D327FB
:10037000F4A0B1CF5385942085473EC497B70000C1
:10038000938747233EC602D4EF4070145305842060
:100390002A89AE892AC82ECAEF4070132ACC2ECEE5
:1003A0001DCC014681463285B685EF20F04B2AD020
:1003B0002ED289476317F402EF40B0599307100219
:1003C0001CC1A2578DE702559255EF40D01EB64092
:1003D0002644164986497274E274616182804AD06B
:1003E0004ED22800EF10707061D9A257E9DFEF40BC
:1003F0005056A2571CC1C1BF1D71A6CA93848181EA
:10040000A2CC22FE26FC4AFA86CECAC8CEC64EF838
:10041000D304A5205384B520EF00B00A8040FD57D7
:100420005309A520630DF404D32784A0A9CBD3A737
:1004300094A06388071CD30900F0D3A734A1A9CFE7
:10044000D32734A1E9C35385942085473EC497B789
:1004500000009387A7193EC602D4EF40500753050A
:1004600084202AC82ECAEF4090062ACC2ECE02D075
:1004700002D29797000007A96749630F040CF64062
:10048000664453052921D6444649B6497274E2743C
:100490005279C27925618280EF10307A6300050EAF
:1004A000D30700F0D327F9A0F9DB53859420EF1090
:1004B000D07871D553058420EF10307869D15385F9
:1004C000942091473EC497B70000938727123EC6F9
:1004D00002D4EF40C07F530584202AC82ECAEF40C3
:1004E000007F98402ACC2ECE02D002D289476306E4
:1004F000F7002800EF10705F2DE5EF40904593075F
:1005000020021CC1B9A853058420EF10107325D90F
:10051000D31734A1ADD75385942085473EC497B7F0
:1005200000009387A70C3EC602D4EF40407A5305E3
:1005300084202AC82ECAEF4080799C402ACC2ECE37
:10054000639B071002D002D22800EF10105A630FED
:100550000510A25789CF01A82800EF101059630D8C
:100560000510A25789C7EF40D03EA2571CC10255C3
:100570009255EF4050045309A52011B7538594209C
:10058000EF10B06BE30E05F053058420EF10F06A16
:10059000E30805F053859420EF40607353058420F1
:1005A0002A89AE89EF40A072532729A180406309B0
:1005B000071297B7000087A767008D473EC497B71B
:1005C00000009387A7023EC602D44AC84ECA2ACC6E
:1005D0002ECE5374F4105DE417B70000130787FFA5
:1005E00010435443D39734A132D036D2DDEB2800E8
:1005F000EF10B04F39FDEF40D035930720021CC1FA
:1006000089BFD30700F0D327F4A0E38A07E6538518
:10061000942085473EC497B70000938727FD3EC6C8
:1006200002D4EF40C06A530584202AC82ECAEF4086
:10063000006A17B700001307E7F8104354432ACCA9
:100640002ECE894732D036D2E318F4F097970000C7
:1006500007A9C72B2DB597B60000938626F79042C1
:10066000D442094732D036D2E390E7EEEF40702E05
:10067000930710021CC1F1BDEF40B02D930710028B
:100680001CC1C5B517B700001307C7F51043544385
:10069000D39734A132D036D295E78947E30DF4F4ED
:1006A000B9B753058420EF10105BD32785A09DE7D1
:1006B00097B70000938787F29843DC4380403AD095
:1006C0003ED2E1BF53058420EF10F058D32785A018
:1006D00091E797B70000938767EFF9BF804075BF38
:1006E00085473EC497B70000938747F03EC602D4C3
:1006F0004AC84ECA2ACC2ECEE30604E453F5391973
:10070000EF40E05C2AD02ED28947E301F4F62DBDFC
:100710005971A2D43727E93F1394150086D6A6D283
:10072000CAD0CECED2CCD6CADAC8DEC6E2C4E6C2C1
:10073000EAC06EDE05801307B71F635C871437E7D6
:1007400002401307B797B289634F870697B7000037
:10075000938747EA9043D4436357B03AEF30B009E8
:10076000B727F93F9387B71F2A8AAE8A6309F41423
:1007700017B40000130484E8104054408544EF305F
:1007800090072A86AE8623A0A90023A2B90052852D
:10079000D685EF30500610405440EF30D00523A4EA
:1007A000A90023A6B900B6502654268506599654AA
:1007B000F649664AD64A464BB64B264C964C064DF1
:1007C000F25D65618280372739411307B71F2E8993
:1007D000635987103707F07F6355E40C135A44417F
:1007E000130AAABE93174A011D8CA285AA84EF4062
:1007F0004029EF4060402A87AE873A86BE8626852C
:10080000A2853ACC3ECE97B400009384A4E2EF30A8
:10081000807E9040D440EF30A018AE8B2A8BEF4002
:1008200040262A84EF40403D2A87AE872A86AE863E
:100830005A85DE853AD03ED2EF30E07B9040D440FE
:10084000EF300016814601462AD42ED6EF306000E4
:10085000B336800085066318052297B7000093879A
:10086000E7E509475286CE852808EF005064AA8440
:10087000E35B09F203A7490083A7C900B70600801C
:10088000358FB58F23A2E90023A6F900B304A04059
:1008900019BF08C24CC22324060023260600814447
:1008A00019B72A86AE86EF30007523A4A90023A6C7
:1008B000B90023A0A90023A2B9008144EDB597B7E0
:1008C0000000938727D49043D44317B40000130447
:1008D000E4D38544EF3020722A8AAE8A1040544017
:1008E00079BDEF10300B97B700009387A7D29043E4
:1008F000D4432A8AAE8AEF30A00A97B700009387C4
:10090000E7D19043D443EF105055EF408017AA84AD
:10091000EF40802E97B700009387C7CD9043D44314
:100920002A8BAE8BEF30C0072A86AE865285D685DD
:10093000EF30606C97B70000938747CC9043D44367
:100940002A8DAE8C5A85DE85EF3080052A8AAE8AE4
:10095000FD476A85E6855286D68663C79702EF30E3
:1009600080699387F4FF1397270097B70000938758
:10097000E7CCBA979C43AA8D2E8C638B870023A06B
:10098000A90023A2B90025A0EF30E066AA8D2E8C25
:1009900093574C011358444193F7F77FB307F8403E
:1009A000C14663C6F60423A0B90123A289016E865D
:1009B000E2866A85E685EF3000645286D686EF309F
:1009C000806323A4A90023A6B900E35E09DCB7076E
:1009D000008033CC8701BD8D23A0B90123A28901FA
:1009E00023A4A90023A6B900B30490406DBB97B718
:1009F0000000938727C19043D4435A85DE8542C4C3
:100A0000EF20107A2A8AAE8A2A86AE866A85E68523
:100A1000EF30605E2E8C2A86AE862A842EC66A85CA
:100A2000E685EF30405D5286D686EF30C05C97B7E2
:100A300000009387A7BD9043D4432A8AAE8A5A8583
:100A4000DE85EF20F0755286D686EF30C05A2A86B2
:100A5000AE862A8AAE8A2285E285EF30C0592248C6
:100A600093D7450193F7F77F3308F84093071003B6
:100A7000E28CAA8D2E8C63CA070123A0A90023A2B1
:100A8000B900228D2DB78D46C9BB97B7000093875B
:100A900067B99043D4435A85DE85EF207070324C9D
:100AA0002A8AAE8A2A86AE862285E285EF30A05455
:100AB0002A86AE862A8DAE8C2285E285EF30A05341
:100AC0005286D686EF30205397B70000938707B63B
:100AD0009043D4432A8AAE8A5A85DE85EF20506C33
:100AE0005286D686EF3020512A86AE862A8AAE8A72
:100AF0006A85E685EF302050AA8D2E8C23A0A900B0
:100B000023A2B9006DB5EF105035B727F93F938791
:100B1000B71F2A8AAE8A630EF40217B400001304CA
:100B2000E4AD10405440FD54EF1030332A86AE86B9
:100B300023A0A90023A2B9005285D685EF30A04B8F
:100B400010405440EF10703123A4A90023A6B9002F
:100B500099B997B700009387E7AA9043D44317B495
:100B600000001304A4AAFD54EF10302F2A8AAE8A85
:100B70001040544055BF538805E0B705008093C727
:100B8000F5FFB3F60701D30805E0D9CEB3F7170197
:100B90003707807F63DAE7086348D708530605E024
:100BA00063CED708B3F51501638DD70833771701E6
:100BB00065E313968700130720F86356C000060606
:100BC0007D17E34EC0FE3706807F3376060171EE57
:100BD00013968600130520F86346060006067D1569
:100BE000E35E06FE130620F8634DC70A3706800051
:100BF0009307F6FFB3F71701D18F130620F8634E62
:100C0000C508370680009306F6FFB3F60601558E39
:100C1000098FB386C74029C3860763C5060095C2FE
:100C2000939716007D17F5B7D38708F0530708F0A0
:100C3000D3F7E710D3F7F718538607E0530506F00C
:100C4000828093D7F5011396270093870183B2978B
:100C50009043530506F0828063C30600B687F5D340
:100C6000B70680003707800063D6D70086077D155A
:100C7000E3CEE7FE130720F8634EE502370780FF57
:100C80001306F5073E975E06B367B7005D8E7DB726
:100C900013D77741130717F83DB7098E3396C6006F
:100CA00085BF198EB397C70089BF13D57641130549
:100CB00015F80DBF3305A740B3D7A74033E6B700FB
:100CC000B5BFD38605E0B7070080797193C7F7FFFA
:100CD0004AD006D622D426D24ECE52CC56CA5AC8B4
:100CE00022E633F9D70063070926530705E033F4FA
:100CF000E700B707807F3A8A63D287022254B25056
:100D000092540259F249624AD24A424B32641795D0
:100D10000000130565CC45616F10407363C5272142
:100D2000B689814A634D0722B707807F6300F922A5
:100D3000B707803F630EF92AB7070040638CF92C90
:100D4000B707003F3A8BB684530507F0639DF9243B
:100D500063570A2CEF10806DB707807F6307F42676
:100D600063030426B707803F6307F4241357FB018E
:100D70007D17B3E6EA00638F062AB706004D63D2FB
:100D8000262D938677FF63D886549D0763CA8758BC
:100D90009797000087A587B75375B50897B70000E8
:100DA00087A747A397B7000007A787A297B70000B8
:100DB00087A0C78097B7000007A607A24B77E57802
:100DC0005370A51097B7000087A747A197B70000F9
:100DD00087A607A1FD764B77A708537707105377AF
:100DE000C710C777F5704377D578D30707E0FD8E36
:100DF000538706F0538606F04B75D57053F5A70858
:100E0000FD1A33E7EA005384B52009E797A70000ED
:100E100007A48779FD77E58F538707F0D38704F020
:100E2000D3F7E708538704F05375E510538707F0AD
:100E3000D376E610C3F7C75053F7D700530607E041
:100E400093171600B286B28585836358C03C370776
:100E500000436349F7466386E7443708003F01478C
:100E600001456347F83CFD77F58F538707F097B648
:100E7000000007A6269A97B6000007A0E699D37649
:100E8000D7085376E61097B6000007A5269997B6BF
:100E9000000007A7E69897B6000007A2A698D3F728
:100EA000D708D38607F097B6000087A1E69797B6D4
:100EB000000007A1A69797B6000087A06697C3F722
:100EC000076097B6000007A0E696D38207F0437646
:100ED000D578D376C6104BF5A26043F7E620D3F75A
:100EE000A7084377D718C377F6784377D7104377A7
:100EF000D7084B77D760D376E6105377070853F7B8
:100F0000E618D377F708D3F7C708D3F7F508D387E0
:100F100007E03E9793567741530507F06353D00C93
:100F20005375851009A8B707803F1797000007255C
:100F3000E79DE315F4DCB250225492540259F24971
:100F4000624AD24A424B326445618280B707803F91
:100F50006310F4049797000007A5479BE9BFB70704
:100F6000804B6350F904B707803FE343F9DC130675
:100F7000600993577941B307F6403356F940B317E8
:100F8000F600E39727DB058A894AB38ACA404DB346
:100F900063DB8706538506F0E3DF09F8530500F0AD
:100FA00059BF894A51B3EF106048B707807F630487
:100FB000F400E31904DA63D809009797000087A7C3
:100FC000E79453F5A718E3580AF6B70780C0A2972D
:100FD000B3E75701639D07225375A5085375A518FC
:100FE00099BF5385F720EF10205453758510A1B792
:100FF000530507F0E3D109F49797000087A70791FD
:1010000053F5A7180DBFE3DB09F8D38706F0539516
:10101000F72015B7D30707F053F5F71029BF22546F
:10102000B25092540259F249624AD24A424B326457
:101030004561E5ACD3070BF053F5F7085375A518D8
:10104000DDBDB707807F33FB67010146631B0B00E3
:1010500097A7000087A70779D377F5102156538407
:1010600007E037058000935574419307F5FFB7C635
:101070001C007D8C938515F8B707803F9386164733
:10108000B295C18F63D38620B7B65D009386663D67
:1010900063DC8624D30300F09796000087A50687BB
:1010A000D387B520D38F7320898F8505014553875A
:1010B00007F013D61740B7060020D3F1E7005372AC
:1010C000F708558EB70604003696D3F135182A96E0
:1010D000530706F017A50000072F857117A500001C
:1010E000872E456FD377F70817A50000072E857068
:1010F000538707F097A6000007A0466F97A6000049
:1011000087A6866EFD7697A7000007A1276F97A791
:10111000000007A3676FD377F70897A7000087A899
:10112000A76D97A7000007A7E76D97A7000007A87E
:10113000276D530406F053F605D053753210D37063
:10114000A510530505E0B3F7A600C3F6D0005385FC
:1011500007F053F010104B728520C3F616F053843D
:1011600007F0530505F0CB77F420C3F616E8D372E9
:10117000850043758410D3F73710C3F616E0D3F219
:10118000F210C3F61688C376D0285375D500D30560
:1011900005E0F58D538505F0537525084B75845092
:1011A000D3F6A608530505F0D3F6A610538505F02F
:1011B000C3F7A768D38605F0538505F0C3F6867894
:1011C000538606E0D38607F0758E530406F0CBF6FF
:1011D000A640D3F7D708D3F70711C3778778D3F79B
:1011E000F70143778378537777005377C700D307A6
:1011F00007E0FD8E538706F05377C708538606F045
:10120000537777084B77647053F5E708D5BE854769
:10121000E393FAD25315A52039BB37071643634829
:10122000F70EE39CE7C25377D7085387E7A065E33F
:10123000DD8737088000938727F8B357F840B297C7
:1012400093D6774193F6F60F1307F8FF938616F8B7
:101250003356D74033F5E7001347F6FF5D46336555
:101260000501B306D640F98F3355D54063D4050048
:101270003305A040538707F013177501D3F6E6082E
:1012800053F7D700D30607E0F9BED30300F09786E3
:10129000000087A5A6670145D38F7320D387B520AB
:1012A00039B517A700000727675653F7E70053071C
:1012B00007E0530706F0530607F05377D708531794
:1012C000C7A03DD797A7000087A7472E5375F410F6
:1012D0005375F5108DB1E3D309CC97A7000007A58E
:1012E000E72C5375A51081B997A6000087A3864DFA
:1012F00097A6000087AF464D3705200097A600004F
:1013000087A7C64C9786000087A546604DB397A770
:10131000000087A7E74F5375F4105375F51021B9F6
:10132000E34D30FB530500F039B1D30605E0370734
:10133000807F93971600858363F9E708530505E0DE
:10134000D1C3B68763CD06083376D70013D776416D
:1013500005E213968600634D0608814611A0B28609
:1013600086079395870013861600E3DA05FE158F2E
:10137000B70680001386F6FFF18F130717F8DD8E8E
:10138000137617009397160021EA13581740E54685
:1013900001458145370700013386E500FD1663C628
:1013A000C700B305E600918F3A9586070583EDF6F1
:1013B00099C3050579990585B707003F3E95131731
:1013C00078013A95530505F08280C377A55053857F
:1013D00007E0530505F08280939726007DB7D37709
:1013E000A508D3F7F718538507E0530505F0828069
:1013F000FD56158FB5BF39715AD0139B15004AD8C9
:101400004ED662CC66CA06DE22DC26DA52D456D22A
:101410005ECE6AC86EC6135B1B00B707403E2E8CBB
:10142000AA8C3289B6896355FB10EF308065630959
:1014300005266686E2866685E285EF20605697A7D8
:1014400000009387A7409043D4432A84AE84EF20C2
:10145000205597A700009387E73F9043D443EF10B0
:10146000C01F2286A686EF20A05397A7000093876F
:10147000E73E9043D443EF2010382286A686EF2023
:10148000205297A700009387E73D9043D443EF1085
:10149000C01C2286A686EF20A05097A70000938745
:1014A000E73C9043D443EF2010352286A686EF20F8
:1014B000204F97A700009387E73B9043D443EF105A
:1014C000C0192286A686EF20A04D2A8AAE8A97A749
:1014D00000009387A7149043D4432285A685EF206C
:1014E000204C2A8BAE8B5286D6862285A685EF208D
:1014F000204B2A84AE844A86CE866685E285EF201C
:10150000204A2A86AE862285A685EF20D02E2A86FE
:10151000AE865A85DE85EF20102E97A700009387B0
:10152000670A2A86AE868843CC43EF20D02C0DAACA
:101530002A86AE86EF20C04697A700009387073122
:101540009043D4432A84AE84EF20804597A70000BF
:10155000938747309043D443EF1020102286A6860D
:10156000EF20004497A700009387472F9043D44370
:10157000EF2070282286A686EF20804297A70000E1
:101580009387472E9043D443EF10200D2286A686E2
:10159000EF20004197A700009387472D9043D44345
:1015A000EF2070252286A686EF20803F97A70000B7
:1015B0009387472C9043D443EF10200A2286A686B7
:1015C000EF20003EB737D33F938727332A8AAE8A6E
:1015D000E3DF67EFB707E93F63C3670B17A70000B7
:1015E000130747FEB707E0FF08434C433E9B814784
:1015F000DA863E863E8DEF201020DA8DAE8B2A8B68
:1016000097A70000938787019043D4432285A6853E
:10161000EF2000396A86EE86EF20F01D2A8DAE8D10
:101620005286D6862285A685EF2080372A84AE840E
:101630004A86CE866685E285EF2080362A86AE868B
:101640002285A685EF20301B2A86AE866A85EE8528
:10165000EF20701A2A86AE865A85DE85EF20B019F3
:10166000F2506254D2544259B259225A925A025BF1
:10167000F24B624CD24C424DB24D2161828097A711
:1016800000009387A71B03AB070083AB470097A716
:1016900000009387271B03AD070083AD47008DB77C
:1016A00097A70000938707F28843CC4355BF1301E7
:1016B00001D5232C4129368A131827003ADC3ED065
:1016C00017A70000130787219307FAFF2322912908
:1016D00042972326112A2324812A2322912A232078
:1016E000212B232E3129232A51292328612923261E
:1016F0007129232481292320A129232EB127B15622
:101700002ACC2EDA3EC8832C0700E342D60013070A
:10171000D6FFE147B347F7023ED48507139727006A
:10172000998F8E07A2559306FAFF3387DC00B29794
:101730003384D540130917003ECE04092299634330
:1017400007020257931724000145BA978145634564
:1017500004008843EF30404A88C0CCC00504A1048F
:10176000E31124FF63C50C06C24793993C00840B28
:10177000139937001C09130489003E99BC0BBE99CC
:10178000E2473E94C2474A8BE24A014D814D63C80D
:10179000070203260B0083264B0003A50A0083A53E
:1017A0004A00A10A611BEF20A01F2A86AE866A8527
:1017B000EE85EF00906A2A8DAE8DE39C8AFC23A013
:1017C000A40123A2B401A1042109E39D34FB939D4C
:1017D0002C007418EE9613878DFF36CA9400369746
:1017E0003AD8624713143A009387FCFF3A943707BC
:1017F00000207D173AD2370780007D178A073ADE2E
:10180000981CBA97E689130C011D3ED693973900B0
:10181000981CBA9703AB07F683AB47F663533009BE
:10182000925797A600009386E60903AD060083ADA4
:10183000460097A600009386E6DFB384F90003A86C
:1018400046009C428E04E294130901043EC442C641
:1018500011A0B6846A86EE865A85DE85EF20401494
:10186000EF302022EF3040392246B2462A8AAE8A33
:10187000EF2000132A86AE865A85DE85EF20A077FA
:10188000EF302020D44090402320A900D6855285F7
:10189000EF00B05C2A8BAE8B938684FF1109E31AAC
:1018A0009CFA72495A85DE854A86EF00502497A734
:1018B00000009387A7019043D4432A8AAE8AEF2081
:1018C000200EEF00900D97A700009387A70090438C
:1018D000D443EF20E00C2A86AE865285D685EF20D1
:1018E0008071AE8A2A8AEF30C019AA84EF30C030E6
:1018F0002A86AE865285D685EF20E06F2A8AAE8A88
:101900004A86635920139387F9FF981C8A07BA9770
:1019100003A907DD6147118FB356E9403397E6000D
:101920003307E9405D493309C94023A8E7DC33594F
:101930002741B694634E2011014681465285D685D3
:10194000EF1030716319051A138AF9FF63409A0387
:10195000939729009800F117BA9701479443F1171C
:10196000558FD246E39CD7FE631B0742B25783A72D
:1019700007DD63910742C2570547F117D4430507B6
:10198000EDDE93871900BE8ABA994247B304F70087
:101990002257330AF70012570A0A8E07BA940257E1
:1019A0008E043309FC003A9A03250A001C09BE94F0
:1019B000EF308024C24788C4CCC463C00706A68B1E
:1019C000624B014D814D31A003A50B0083A54B0057
:1019D000E11B03260B0083264B00210BEF10507CEC
:1019E0002A86AE866A85EE85EF0030472A8DAE8D59
:1019F000E31C8BFC2320A9012322B901850A110ACB
:101A00002109A104E3C459E103250A00EF30C01EF7
:101A1000C24788C4CCC4E3D407FA014D814D2320CA
:101A2000A9012322B901850A110A2109A104E3DDD4
:101A300059FDE9BBF247639307329387F9FF8A07A1
:101A4000981CBA9703A907DD13597941E35620EF93
:101A500085046352304D064B854763100B2C638E13
:101A6000F900D400054703AB060093071700910661
:101A700063160B2A3E87E398F9FE72476353E00230
:101A80008547630AF7468947631DF7009387F9FF87
:101A9000981C8A07BA9703A707DD2A07298323A87A
:101AA000E7DC8947E31AF9E897A70000938787B135
:101AB0008843CC435286D686EF20E0532A8AAE8AEA
:101AC000E30C0BE697A700009387C7AF8843CC438E
:101AD0007246EF00D0012A86AE865285D685EF2069
:101AE00080512A8AAE8A014681465285D685EF10FA
:101AF0005056E30B05E4724C5285D685330680417F
:101B0000EF00E07E97A700009387C7B203AB070002
:101B100083AB47002A8D5A86DE86AE8DEF10F05CCF
:101B2000634A054697A600009386C6D99042D442E0
:101B30006A85EE85EF10D066EF20B0749C1C13947C
:101B400029003E94AA8AEF30200B5A86DE86EF10D9
:101B500030652A86AE866A85EE85EF20C049EF2083
:101B60005072138A1900981C93172A00BA972328D9
:101B7000A4DC13078C013ACE23A857DD97A70000F9
:101B8000938747A48843CC437246EF0040762A8B64
:101B9000AE8B63450A4493173A00930A011D3384C0
:101BA000FA0097A600009386E6D13ECA131C2A00CD
:101BB0009C003E9CA28903AD060083AD460011A0A7
:101BC0003E8C03250C00E119EF3000035A86DE86B7
:101BD000EF10105D23A4A90023A6B9005A85DE8565
:101BE0006A86EE86EF10D05B98002A8BAE8B930747
:101BF000CCFFE31787FD1C1A3EC43EC8814963C968
:101C00000C0697A70000938767CB17AC0000130C56
:101C1000ECC6A28D8843CC43014B814B014D09A8F2
:101C2000210CA10D63C7A90303250C0083254C00DB
:101C300003A60D0083A64D00050DEF1070562A86F1
:101C4000AE865A85DE85EF0050212A8BAE8BE3D914
:101C5000ACFDC247850923A0670123A27701A10734
:101C60003EC8930784FF63838A023E84E3DB0CF85B
:101C7000C247014B814B23A0670123A27701A10733
:101C80003EC88509930784FFE3918AFE625789471E
:101C900063CFE7126343E02831E3A247524701458F
:101CA00081453384E70010405440EF00101B224769
:101CB000930784FF630C87003E8410405440EF007C
:101CC000D0192247930784FFE31887FE63050900B4
:101CD000B7070080BD8DD25688C2CCC28320C12AEE
:101CE0000324812A13F574000329012A8324412A3D
:101CF0008329C129032A8129832A4129032B012908
:101D0000832BC128032C8128832C4128032D0128F3
:101D1000832DC1271301012B828001470A07370653
:101D20000001941C3697330B6641232867DD63D589
:101D300037038A073387F6008C0093962900032720
:101D400007DDAE97AE967D1611A098433307E640A7
:101D500098C39107E39BD7FE054B05B397A70000F7
:101D60009387C78B9043D4430149EF101038E34564
:101D700005BC85040949E34030CF97A7000093874D
:101D800067848843CC435286D686EF20C0262A8AB1
:101D9000AE8A5DB693871900BE8ABE89FDB6981CCF
:101DA00093172A00BA97724783A707DD21173ACE07
:101DB000E39607DC93972900E1179800BA97F2465B
:101DC000F117D843A11636CE7D1A75DB45BB625795
:101DD0008D47E315F7F063534023131B3A009C1C17
:101DE000DA97181A13048BFF3AC483AD07EC03ADDE
:101DF00047EC3A9411A03E84032C0400832C440049
:101E00006E86EA866285E685EF003005AA8AAE898D
:101E10002A86AE866285E685EF20E01D6E86EA861C
:101E2000EF00B003224708C44CC4232054012322EE
:101E30003401930784FFD68D4E8DE31E87FA8547C4
:101E400063DE471B9C1C3E9BA24713143A0061149F
:101E5000032D0BECB3898700032B4BEC11A0BE893B
:101E600003AC090083AC49006A86DA866285E685A0
:101E7000EF00A07EAA8A2E8A2A86AE866285E68533
:101E8000EF2060176A86DA86EF00207D224723A4C0
:101E9000A90023A6B90023A0590123A249019387D1
:101EA00089FF568D528BE31CF7FA2104B30B870090
:101EB0000145814503A60B0083A64B00E11BEF0003
:101EC000C079E39979FF03280113032741130326FF
:101ED00081138327C113631B090CBE88D257428329
:101EE000328823A06700D8C323A4070123A61701C3
:101EF00088CBCCCBE5B39387F9FF981C8A07BA97B8
:101F000003A707DDF256758F23A8E7DC59BEA1575A
:101F100002D46FF03F81014B8DB6A24752478149F1
:101F20000144B38AE70011A0BE8A03A60A0083A673
:101F30004A004E85A285EF004072224793878AFFB0
:101F4000AA892E84E31257FF032501138325411329
:101F50004E86A286EF20200A63180906D25623A0D7
:101F60003601C0C26354400393098113054403A69C
:101F7000090083A649000504A109EF00006EE3589B
:101F80008AFE63050900B7070080BD8DD25688C65A
:101F9000CCC6A9B39C1C139429006A85EE853E9497
:101FA000EF20302E2328A4DC4E8AC9BEB70600805D
:101FB000358FB58FAD8ED25523A00501D8C190C500
:101FC000DCC588C9D4C919BBB70700803D8CD2577E
:101FD00023A03701C0C3E34940F975B76257894769
:101FE000E3C7E7DE6349E00001458145E31807CE1A
:101FF000E30309CEF1B981490144B9B701458145EF
:10200000D9B539719397150022DC26DA52D456D20D
:1020100062CC06DE4AD84ED65AD05ECE66CA6AC8B0
:102020006EC685833708403E2E84AA84328AB68ADB
:102030003A8C63D70701EF20D0242687A28761C19D
:102040002686A2862685A285EF1090152A89AE895C
:102050002A86AE862685A285EF10901497A70000E9
:102060009387C7889043D4432A8BAE8B4A85CE850D
:10207000EF10101397A700009387C7879043D443AE
:10208000EF1070774A86CE86EF10901197A7000068
:102090009387C7869043D443C9234A86CE86EF10E0
:1020A000301097A700009387E7859043D443EF1043
:1020B00090744A86CE86EF10B00E97A700009387E3
:1020C000E7849043D443512B2A8DAE8D631A0C04C0
:1020D0002A86AE864A85CE85EF10900C97A7000021
:1020E000938747839043D443EF10F0705A86DE867F
:1020F000EF10100B2686A2868D232A87AE87F2501A
:102100006254D2544259B259225A925A025BF24B4B
:10211000624CD24C424DB24D3A85BE8521618280DF
:10212000979700009387874F9043D4435285D68575
:10213000EF1010072A8CAE8C6A86EE865A85DE85F3
:10214000EF1010062A86AE866285E685EF10B06A2B
:102150004A86CE86EF10D0045286D686EF10B0693C
:10216000979700009387077B9043D4432A89AE89D1
:102170005A85DE85EF10D0022A86AE864A85CE8546
:10218000E9292A86AE862685A285EF10D0662A87A1
:10219000AE87B5B786058581828093D74541011109
:1021A00093F7F77F22CC26CA4AC84EC652C406CE41
:1021B00056C25AC0938417C04D472E84AA892E89CF
:1021C0002A8A6348970863C40406370B1000930AF1
:1021D000FBFFB3DA9A40B3F7BA00C98FAA862E87FD
:1021E0009DCB97970000938767739043D443B521A5
:1021F00001468146EF10606F635DA00063560400E6
:10220000B3549B403389840093CAFAFF3379590150
:10221000014AD2864A87F2406244D2444249B249D6
:10222000224A924A024B3685BA8505618280979789
:1022300000009387A76E9043D44305210146814651
:10224000EF10A06AE357A0FC63430406014A01496A
:10225000C9B713073003635E970093070040AA864F
:102260002E87E39AF4FAAE862A86C52EAA862E8792
:102270005DB79387D7BEFD5AB3DAFA00B3F7AA0069
:10228000AA862E87C9DB979700009387276990431A
:10229000D443E12601468146EF102065E35BA0F6BA
:1022A0006340040293C7FAFF337AFA009DB706042D
:1022B000058033643401014A29DC3709F0BF91BF3E
:1022C000D147638FF40093074003858F8544B3940F
:1022D000F400A69963F94901130914004E8AD9B78D
:1022E00013091400C1B74E8A75BF014582804111A0
:1022F00093D7454122C406C626C293F7F77F2E879F
:10230000AA863284C1E7939715008583C98FA5CB30
:102310009797000093870761D4439043EF1040687C
:10232000D177938707CBAA862E876340F40E93D785
:10233000454193F7F77F2E869387A7FCA2979305D5
:10234000E07F63C2F50A6345F00A9305B0FC63D0F1
:10235000B706B1679387073563C78708979700006B
:102360009387C75C8043C44336862285BA86A68598
:10237000652CA6862286EF10A062AA862E87B24020
:10238000224492443685BA85410182801308F07F49
:102390002E86E39507FBAE862A86C124B2402244EE
:1023A000AA862E8792443685BA85410182803707F6
:1023B00010807D1793876703798ED20717970000E7
:1023C00013074757B685D18F544310432E85BE85DA
:1023D000EF10005DB2402244AA862E8792443685D3
:1023E000BA854101828097970000938727539DBF4C
:1023F00037071080B24022447D17718FD2075D8F5E
:1024000092443685BA854101828097970000938770
:10241000E751D4439043EF10A058B2402244AA861B
:102420002E8792443685BA8541018280D30705E024
:1024300086078583538507F08280D30705E037053B
:10244000807F8607858333A5A70082809797000049
:1024500007A5C74E8280D30705E0B706008093C664
:10246000F6FF33F6F60013577601130717F85945B0
:102470006340E50635C64111BE8513D6F7016344B6
:102480000706B7068000FD16B3D6E64033F5D70041
:1024900005CD858233F5D70009C993C6F6FFFD8EB9
:1024A000B7072000B3D7E740D58F0A06138781838B
:1024B0003A961862D38707F0D377F7003EE6B26703
:1024C000D3F7E708D38707E0538507F041018280FF
:1024D0003707807F6366E600D377A500D38707E0E0
:1024E000538507F08280A607A5833307F0405D8FF0
:1024F0002583B70740007D8FB707F0FF131826002C
:10250000FD8D138581834295D98D1861D38705F0A0
:102510007E06D377F7003EE6B267D3F7E708D387A6
:1025200007E0F58FD18F4DB7530705E093171700DC
:102530008583B9C33706807F63F9C702B376C700C6
:102540009DEE9797000087A7A706D377F510D17760
:10255000938707CB538707E06346F5089357774186
:1025600093F7F70FBA869D1729A8D377A500D387CD
:1025700007E0538507F08280D30705E0DDBFBA8608
:10258000DD83011106CE22E6AA971306E00F634C05
:10259000F600634DF002295663D1C706B1679387F1
:1025A000073563DEA7069797000007A427005305A9
:1025B0008420D30507F06120D3778510F240326480
:1025C0000561D38707E0538507F082803707808055
:1025D0007D17758FDE07D98FF2403264538507F07F
:1025E00005618280530707F09797000087A747226D
:1025F000D377F710D38707E0ADBF370780807D170B
:10260000E507F98EDE07D58F538707F0179700008F
:1026100087270733D377F710D38707E075BF9797DE
:10262000000007A4E71E61B7370700809347F7FF54
:10263000F98EED8F2A87D58F3A85BE858280D307A4
:1026400005E0D38605E0370700801346F7FFF18FDA
:10265000758FD98F538507F08280011106CE22CC69
:1026600026CA4AC84EC652C4F3292000B708100033
:10267000FD18B3F7B80013DE4601B3F8D80013D441
:1026800045011353D6018E071357D5018E0813D970
:10269000F5011374F47F9375FE7FFD82B368130117
:1026A0005D8F13183500131E36003303B4406305E5
:1026B000D91C6353601663870520B7068000930713
:1026C000F07FB3E8D8006300F43E9307800363C84B
:1026D0006738FD4763CC675293070002B3876740B2
:1026E000B394F800B3566E00B317FE00D58C333E9A
:1026F000F000B3D86800B3E4C40133071741B30452
:10270000984033389800330707419317870063D800
:102710000724131A9700135A9A00630A0A30528545
:10272000EF20501B611593070002898F3317AA0011
:10273000B3D7F400D98F339AA40063478530018D55
:1027400013071500FD4663CEE64893060002998EF6
:10275000B394D7003356EA00B316DA00D18CB336FF
:10276000D000D58C33D7E700B3E7E400F5CF93F77B
:102770007400939514001316170093D6F40113F503
:102780007500B296014311C909466383C9600D46BD
:1027900005436383C9626386096037060001F18ED1
:1027A00013B61600E386070A01448947638EF924AD
:1027B0008D470543638AF926638C0922B707800099
:1027C000F98F19C213632300E387070605049307F3
:1027D000F07F6308F41AB70780FFFD17F98F13988D
:1027E000D7018D80A60733689800B1831374F47FF6
:1027F0001397C700520431837E09418F3367270145
:102800004285BA8563150328F2406244D2444249A6
:10281000B249224A056182806314030C93071400B5
:1028200093F7E77F6391072CB36E0701B3E7C80105
:102830006314045C63860E4E638A074EB305C84179
:10284000B337B800330617411D8E9317860063D83F
:10285000076EB3040E41B3379E003387E8401D8FE7
:10286000B3E7E400368981F7014801440143B20728
:10287000B1831374F47FADBF63566012DDC9B70630
:1028800080009307F07FB3E8D800630EF42093072D
:10289000800363C66730FD4763DA673E930403FE37
:1028A00093060002B3D79800630AD300930600048E
:1028B00033836640B3986800336E1E01B334C001A1
:1028C000DD8CD5A4B3E7C8016380071A9307F3FF33
:1028D000638307489306F07F6307D31C3E83F5B3F9
:1028E000B387854063110428336507012DC1138523
:1028F000F7FF630D05561303F07F638B6742AA87CA
:10290000130680036348F6327D46634DF652130684
:1029100000021D8EB314C7003355F8003316C800EB
:10292000C98C3336C000B357F700D18CB388F84058
:1029300031A6B3E7C801638907129307F3FF638ADF
:1029400007369306F07F630ED34C3E8389B7130797
:10295000F07F638BE7624687F2843E843689B3E773
:10296000E400E30504E093F774000146E39F07E207
:10297000B7078000F98F014381BD8D476380F90A55
:102980001543638B09108D476386F9108947638D62
:10299000F93413635300B70700207D58FD17130463
:1029A000E07FF1B5631803169306140093F7E67FF2
:1029B00063970740B3660701631D0432B3E7C8019C
:1029C000638F064A63840736B304C801B30717014F
:1029D00033B804013387070193178700E3D607D87C
:1029E000B70780FFFD177D8F054493F77400B5BFCF
:1029F00093F7F4009146E383D7DC93874400B3B4A4
:102A000097002697BE845DBB0543E30909DA9387E7
:102A10008400B3B497002697BE844DB37D57FD5410
:102A20001304E07F01461543E30309FE41BB2685FD
:102A3000EF20406A930785FF7D476105B397F40057
:102A4000E353A7CEE35D85CE370780FF7D177D8FEB
:102A5000D284098CB3E7E400E30A04D029B7B3E8D1
:102A6000C801B334100161B99307F07F6303F330F9
:102A7000B70780001A84F98FC2840143B1B3638819
:102A80008546639F07460145B705F87F414373209C
:102A900013009DBBE31F09EE136353001304F07F83
:102AA00081470148B1B333680701630C080237035B
:102AB00040000E05337367001318D7010D811333DF
:102AC00013003368A800935737001203B3E70701D8
:102AD000F1D701491304F07FB7070800014809BB8B
:102AE0003689014365BFB304C841B3379800330A40
:102AF0001741330AFA4093178A0063C5072EB3E7DC
:102B00004401E39C07C01389E9FF13391900014808
:102B10000144B1BBB3878540630B041237058000C5
:102B20009306F07F498F638FD5349306800363C685
:102B3000F630FD4663CFF640930600029D8EB31437
:102B4000D7003356F800B316D800D18CB336D00076
:102B5000B357F700D58CBE98F294B3B7C40133874E
:102B600017012E84A9A0370380001305F07F336777
:102B70006700E397A5D8B3E7C801BDD313183600A3
:102B80009397D80113583800139798003368F800CA
:102B9000368993D73800634E071A414305BFB3E81F
:102BA000C801B3341001C29433B80401429793179B
:102BB0008700E3D607DA05049307F07F6307F40A7A
:102BC000B70780FFFD17F98F13D714008588D98CBC
:102BD0001398F701B364980013D7170093F77400A4
:102BE00069B305159306000233D5A700630AD70021
:102BF000930600043387E640B397E700336AFA0090
:102C0000B3374001C98FBE8401478DB6930403FEDC
:102C100093060002B3D79800630AD300930600041A
:102C200033836640B3986800336E1E01B334C0012D
:102C3000DD8CF1B4B3640701B3349000B3049E405B
:102C4000B3379E003387F8402E8436897DBCB36647
:102C50000701638D06249386F7FF63800632130510
:102C6000F07F6381A722B687C9B5638A091A8D47A9
:102C7000638CF93889476380F938E39009D00146BD
:102C8000FD5415431304E07F7D5785BB9307000275
:102C9000B3876740B394F800B3566E00B317FE00D5
:102CA000D58C333EF000B3D86800B3E4C401469736
:102CB000DDBDB304C801B307170133B8040133877E
:102CC0000701931787000544E3DF07C8B70780FFB4
:102CD000FD17F98F1397F7018580D98C094413D715
:102CE000170093F7740051B113635300E30509CA49
:102CF00075B39307F07F6302F42C6384F52E63852C
:102D00000622B3E8C801E39608DC131835009317D0
:102D1000D701135838003368F800935737007DB354
:102D2000E38307DE8147468772883689C28491B47F
:102D3000B3E7C801E38607DA0E061398D8010D82BF
:102D4000139798003368C80093D738003689E35644
:102D500007E40143A5BBB304C841B30717413338A7
:102D6000980033870741931787000544E3C3079A08
:102D7000DDBEB3670701D5EB014701480143931757
:102D8000D701135838003368F800935737003DBB1C
:102D90000543E30409A013B685FF13461600B29657
:102DA000EDBA13F6F5001145E309A69E93B5C5FFEC
:102DB00093C51500AE96D5B2E311099EE9BF9307FE
:102DC000F07F638DF60EB307C80133B8070146974D
:102DD00042979314F7018583DD8C058393F7740084
:102DE000368461B6B3040E41B388E840B3379E0021
:102DF000338AF840368915B21308F07F630E040D4C
:102E00006387050FE38F0EC6E39507CC0E051318F5
:102E1000D7010D813368A8009357370045B9154392
:102E2000B5B9B3670701E38E07CA370340003373B0
:102E3000670013331300120399B7B3640701B33467
:102E4000900019BB138607FE130500023356C70016
:102E5000638AA70013050004B307F540B317F70012
:102E60003368F800B3340001D18CC9BBB3040E4100
:102E70003387E840B3379E001D8F3689EDB546870E
:102E8000F284EDB0B3E7C801E38D07C43703400017
:102E90000E0633F368001398D8010D821333130024
:102EA0003368C80093D7380012030DB11307F07FC1
:102EB0006389E70E4687F2843E8455B4E38109F6C0
:102EC0008D47E399F9DAE30C09F401461304E07F36
:102ED00015437D57FD54DDB0E3830EBA13149700FC
:102EE0006343040041431308F07FE39F05F16387C8
:102EF00007129397980063C307004143E39B0EBCFE
:102F00000E061398D8010D823368C80093D7380095
:102F100036896DBE639A8500B3E7C80191C7939760
:102F2000980063C307004143131836009397D801F4
:102F3000135838003368F80093D7380041BEB3E720
:102F4000C500E38207BC2E8893F775003287C284E0
:102F50000DB0938607FE13060002B356D700638AAE
:102F6000C70013060004B307F640B317F700336831
:102F7000F800B3340001D58CC5B6B304C801469738
:102F8000B3B7C4013E9735BB33E8C801630B0808EB
:102F90009397980046877288368963CE070041432D
:102FA000F9BB33E8C8016305080893979800468782
:102FB0007288E3D607FE0143D9B3A9DE93179700C1
:102FC00063C3070041439307F07FE39CF5D2B3E767
:102FD000C801E38C07D29397980063DC0700A9D659
:102FE000CDBCB3E7C801B1C393979800E3C907FE0E
:102FF0009DDA4143F9BCE31409E21304E07F7D57F5
:10300000FD5415436FF08FFCE30B09E01304E07FE0
:10301000014615437D57FD546FF04FFAE3850EA628
:10302000F5B301473689014399BBE38F06EEF1B949
:1030300001470143A9B39316D70113D834001306EF
:10304000F07F33E8060193573700E301C4A805B0C9
:10305000B7078000F98F0144639806F6630603F60C
:10306000136323006FF04FF6397126DA06DE22DC97
:103070004AD84ED652D456D25AD05ECE62CC66CA08
:10308000AA84732B200013D545011394C500137532
:10309000F57F318013DAF50179C99307F07F630D6D
:1030A000F51093DBD4010E0433E48B00B70B8000E2
:1030B000139C3400B36B7401930915C08144814C97
:1030C000014993D746011394C60093F7F77FB28561
:1030D000318093DAF601A5C31307F07F6380E7041C
:1030E000131534001354D601498C938717C0370544
:1030F000800093153600498CB389F9400146B346E8
:103100005A01BD47368863E6971C179700001307DE
:1031100067838A04BA949C40BA978287418E9389C8
:10312000198079CE9317C40093E434000D46E3C8A8
:1031300007FC4149E9B7B367C400CDCF6303043648
:10314000228532C4EF1010792246130755FFF54748
:10315000930585FF998F3314B400B357F6005D8C47
:10316000B315B6004E959309353F014649BFB36B81
:103170009400638B0B0636C632C46302043022858A
:10318000EF1050752246B246AA89130755FFF54B3A
:10319000138C89FFB38BEB4033148401B3DB7401D0
:1031A000B3EB8B00339C84011305D0C0B3093541C8
:1031B0008144814C014931B7B36B9400638F0B009C
:1031C0009317C400268CA28BB1449309F07F8D4CD9
:1031D0004149E3D807EE0149EDB5A144014C9309FB
:1031E000F07F894C0149F1BD9144014C8149854CE6
:1031F0000149C1BD93E4140001448145054601B76E
:1032000093E42400014481450946D5BD8146130756
:10321000F07FB70708000144B2075207B183FE06EA
:10322000D98FD58F2285BE856312090AF250625468
:10323000D2544259B259225A925A025BF24B624C12
:10324000D24C21618280014781470144F1B7528805
:103250005E84E285668689476301F6528D47E307FF
:10326000F6FA85476300F64C1386F93F635AC02887
:1032700093F77500639407428D81C286931774009B
:1032800063D80700B70700FFFD177D8C1386094040
:103290009307E07F63CBC72E1317D40193179400D5
:1032A000B1833364B7001377F67FBDB71307F07FA0
:1032B0008147014495B7568879BF13698900930700
:1032C000F07FFE06D207D58F0145BE857320190019
:1032D000B1BF636E7421638A8B20E287FD19014CB4
:1032E000220493D88501B3E8880013D3080133D4AE
:1032F0006B02139E0801135E0E0113D70701939E04
:103300008500B3FB6B0233068E02C20B3367770175
:10331000637BC70046979305F4FF636A172D6378B4
:10332000C72C79144697118F33556702C207C183A2
:1033300033776702B302AE024207D98F63FB5700AF
:10334000C6971307F5FF63E2172B63F0572A791529
:10335000C6974204C163498C1385F3FF3376A400FA
:103360009355040113DF0E0133F5AE00B30FC50210
:10337000B38757403306CF0213D70F01B382A5029C
:1033800016963297B385E503637357009E95C16225
:10339000FD1213560701337757004207B3FF5F0052
:1033A0002E967E9763E4C7126380C7123307EC4002
:1033B000918F333CEC00B38787411386F93F638FCD
:1033C000F82AB3D5670293560701B3F76702B30F24
:1033D000BE02C207D58F63FBF701C6979386F5FF40
:1033E00063E0172F63FEF72DF915C697B387F741F2
:1033F000B3D6670242074183B3F76702330EDE029A
:10340000C207D98F63FBC701C6971387F6FF63EB2B
:10341000172B63F9C72BF916C697C205D58D93965E
:10342000050193DF0501C1823383A602B387C7413B
:10343000B306DF02135703013385AF02AA9636970E
:10344000330FFF036374A700C166369F41657D1586
:1034500093560701698F42073373A300369F1A976B
:1034600063FAE717C6979386F5FF63E2172D63EBC0
:10347000E727638AE735B68593E51500C5BB268542
:10348000EF10504513075501F145930905022246F7
:10349000B246E3DEE5CE130485FFB39B8400014C06
:1034A00021B3328532C4EF10F04213075501F146C3
:1034B000AA87224613050502E3DBE6C8138487FFCB
:1034C00081453314860079B9E372ECEE769CB3350E
:1034D000DC01C695AE979305F4FF63F2F81063E83C
:1034E000C7186304F6182E84D1B5E368BCDE1397C1
:1034F000FB0193571C0093DB1B00D98F7E0CCDB3CF
:10350000C28635E613F67500A28863120624618030
:10351000134414001376140085471385E94133974B
:10352000A80033D4F500B395A500598CB335B0008D
:103530004D8C9375740033D7F80099C98947136986
:1035400019006306FB2E8D476308FB2C63050B28CF
:103550009317870063DD0722136919008547E3028B
:1035600006D60546814701441369290081A0854795
:10357000918F13078003635CF7084D8C6316041466
:10358000136929000146814715A08947630CFB0C8C
:103590008D476300FB0663000B063704100093079A
:1035A000F4FF1306E07F7D54136959001397C70099
:1035B000318393174601FE06D98FD58F2285BE85AC
:1035C00073201900A5B10145B705F87F4149732063
:1035D0001900A9B9E392E7EBE30A07C861B5E394E0
:1035E000F8F0E37EDCEF2E84D1B33A859DB32E84D0
:1035F0001DBBE31408FA1306F07F814701446DB741
:103600008547918F130780036340F70CFD557D4775
:10361000635EF7220557118F130600023357E4004B
:103620006387C7001385E9433314A400C18D333485
:10363000B000598C9377740099CB894713691900AE
:103640006305FB1E8D476307FB1C63040B180D808D
:103650008147137619000147E30006BC0146136950
:103660002900A9B7E30B08F279B7E37EECE6769C74
:10367000B335DC01C6957914AE970DBB6353C00812
:10368000894713691900630EFB0A8D476305FB0A1E
:10369000630B0B0EB7050020FD15CDB689471369E6
:1036A00019006301FB0A8D476308FB08E3160BBC96
:1036B00093F7F5001147C286639EE7168D817DBEA4
:1036C000B6852DB3BA8691BB894713691900333487
:1036D0000001E307FBEA8D470144E313FBEA1334DF
:1036E000180079BD93961E00B3BED601F698C69712
:1036F000F915B68EE392E7D9E30AD7B793E515003B
:10370000B5B6E31F06EE894713691900630DFB0E7A
:103710008D47630EFB0C63070B12A288FD559309BE
:1037200010C0F5B3C286014781470144F5B4B685A0
:10373000E384E7FD91B3FD55630E08068D81854650
:1037400035BEFD55631F08048D81814605BE89473E
:1037500013691900630DFB0A8D47630DFB08E3181D
:103760000BDA93F7F5001147E383E7DA93B7C5FF68
:1037700093C71700A2883E9459BBC2861307F07FF7
:103780008147014451BC854781453E94C5BC931790
:1037900097000D807607B183598CE31C06EA014738
:1037A000A5BC93878500B3B5B7002E94854693D505
:1037B0003700E9B493878500B3B5B7002E948146EE
:1037C00093D5370065BCE3EFEEF0B685E318D7F389
:1037D00071BC054601479377F4009145E38AB7D65B
:1037E0009307440033B4870022973E8495B3FD5578
:1037F000930910C0A288E31C08D093B785FF93C734
:1038000017003E9429B3A288FD55930910C0E30028
:1038100008D0E5B705460147E31C08D293078400AA
:1038200033B4870022973E8425B305460147E30160
:1038300008D2EDB793B7C5FF93C7170091058D81E7
:103840003E942DBCFD55930910C00DB7A2880546C6
:10385000E9B1F3272000B707100013D74501FD1782
:1038600013D846011377F77F9308F07F33F3B7003F
:10387000AA8EF58FFD81328E1378F87FFD82630C5E
:103880001701630618010545630F070182805D8EED
:1038900031E6054582803365A3000DE5E31BE8FEB4
:1038A00033E5C70005ED0545E312F3FEE310DEFF47
:1038B0000145E38DD5FC054571FB3366C300333507
:1038C000C00082809316C30063C5060073601800B1
:1038D000C9B70545E31CE8FA5D8E4DDA1397C700BA
:1038E000E34907FA736018006DB7F3272000B707A4
:1038F000100013D74501FD1713D846011377F77F42
:103900009308F07F33F3B7002A8EF58FFD81B28ED6
:103910001378F87FFD82630A1703630018031DEB19
:10392000B368A300631408005D8E39CA6387080476
:10393000638AD5020545A1E18280B3E8C700E38030
:1039400008FE73601800795582803365A30075F90D
:10395000630CE802631408005D8E69DEE39CD5FC0D
:10396000E34AE8FC63480701E3E667FC6303F3020C
:10397000637FF30081E57D558280F5DE0545828019
:103980000145E39908FA82805D8E69DA5DBF0145E1
:103990008280E3E1CEFB0145E370DEFBE5F1E1BFB0
:1039A000397152D406DE22DC26DA4AD84ED656D2F7
:1039B0005AD05ECE62CC66CA2A8A732B200013D9F5
:1039C00045019399C5001379F97F93D9C90093DB19
:1039D000F501630E09129307F07F630DF916135476
:1039E000D5018E09B36934013704800033E48900BE
:1039F00093143500130919C0014A814C814A93D7A9
:103A000046019399C60093F7F77FB28593D9C90011
:103A100013DCF601D5CF1307F07F6384E704139519
:103A200039009359D601B3E9A900938717C0370528
:103A30008000B3E9A900931536003E99014833C6CA
:103A40008B01BD47B2861307190063EF471717852F
:103A50000000130525F30A0A2A9A83270A00AA9769
:103A6000828733E6C9001309F97F6308061293972A
:103A7000C900136A3A000D48E3C307FCC14AC1B745
:103A8000E2864E84AE84C28C89476389FC128D47DE
:103A9000638BFC10854736866392FC4C0147814757
:103AA0000144B2075207B1837E06D98FD18F228598
:103AB000BE8563990A34F2506254D2544259B259C5
:103AC000225A925A025BF24B624CD24C21618280A4
:103AD000B3E7C900CDCF638A09344E8532C4EF10F5
:103AE000605F2246AA87930655FF7547938587FF37
:103AF000158FB399B9003357E600B3693701B31591
:103B0000B6003309F9401309D9C001480DBF33E4A9
:103B1000A90025C836C632C46389092E4E85EF1028
:103B2000605B2246B246AA87130755FF754493840B
:103B300087FF198CB399990033548A003364340198
:103B4000B3149A001309D0C03309F940014A814CDB
:103B5000814A75B533E4A90011CC9397C900AA84B2
:103B60004E84314A1309F07F8D4CC14AE3D907E8EE
:103B7000814A71B5214A81441309F07F894C814AF9
:103B8000BDBD114A81440149854C814A8DBD136AEE
:103B90001A008149814505485DB5136A2A008149AB
:103BA0008145094869BD01461307F07FB707080042
:103BB0000144C5BD8947DE86E39BFCEC36861307CE
:103BC000F07F81470144F1BD41639307F3FF13D5B3
:103BD000040113DE0501FD8CFD8DB3879502B3084A
:103BE000B50293D3070133089E024698C293330867
:103BF000C50363F313011A984163930EF3FF93D245
:103C00000901B3F9D901B3F8D301B3F7D701C20859
:103C1000B38E3403BE9893D30301B30F350313DF80
:103C20000E01B3849202FE94FA94B307550263F333
:103C3000F4019A974163930BF3FF135A0401337510
:103C40007401B3FF7401C180338FF4003384A50283
:103C5000B3FE7E01C20FF69FFE93B307AE02935EE2
:103C60000401B305BA02AE97BE9E330E4E0363F352
:103C7000BE001A9EC1679385F7FF33F3BE006D8CBB
:103C80004203229393DE0E01B3053503769E3385FE
:103C9000A20213D40501B3093A034E952295B382CB
:103CA000420363733501BE92C16EFD1EB377D50129
:103CB000C207B3FED501F697B3057800B3BFF5018F
:103CC000FA979A953384F70133B86500B30EC401AF
:103CD00033830E013334F401B3B7E701C18F3338B6
:103CE00003011354050133BECE013E9433680E0127
:103CF000429493949500169413557301B3E4140100
:103D00002604B3349000DD81498CCD8C26039317B3
:103D10007400B3E4640063DB070093D71400858864
:103D20009315F401DD8CCD8C05803A891307F93F9A
:103D30006359E00493F7740099CB894793EA1A001A
:103D4000630BFB208D47630DFB1E630F0B1C93174A
:103D5000740063D80700B70700FFFD177D8C1307B9
:103D600009409307E07F63C9E71093D634009317A7
:103D700094009314D40133E4D400B1831377F77F14
:103D80000DB38547998F79E393F57400228781CD30
:103D9000094793EA1A006309EB200D47630DEB1EF8
:103DA0002287630F0B1C618313471700937517005D
:103DB0001309E9413397240133192401B3D4F400E2
:103DC0003337E000B3649900D98C13F5740033578E
:103DD000F40019C9894793EA1A006308FB1E8D474E
:103DE000630AFB1C63080B1E9317870063D0071838
:103DF00093EA1A00639605167E06B7071000D18F66
:103E00000145BE8573A01A007DB1EF10A02C1307E9
:103E10005501F145930705022246B246E3D8E5D0A5
:103E200061153314AA00814431BB328532C4EF10CE
:103E3000602A930655017147930705022246E3560F
:103E4000D7CA61158145B319A60065B993058003EA
:103E500063D9F506458C01CC894793EA1A003334BF
:103E6000D0006306FB008D4701446301FB1893EA11
:103E70002A008146814715A08947630CFB0C8D47BA
:103E8000630EFB08630D0B08370410009307F4FF63
:103E90009306E07F7D5493EA5A001397C70031835D
:103EA000939746017E06D98FD18F2285BE8573A058
:103EB0001A0011B10145B705F87FC14A73A01A0075
:103EC000DDBEFD4563D7F51285553387E540930583
:103ED00000023357E4006387B7001309E943331442
:103EE0002401C18CB3349000D98C93F7740099CB22
:103EF000894793EA1A006308FB0C8D47630AFB0AA3
:103F000063080B0C13D43400814793F61A00014761
:103F1000E38906B8814693EA2A0041B7B5F69306CD
:103F2000F07F8147014485BF93F7F4009145E3801A
:103F3000B7E293874400B3B497002694BE8401BDD2
:103F4000E39706E093878400B3B497002694BE8479
:103F5000FDBB9DDAE9B7E38C06DEEDB73A89F9B32C
:103F600085468147014493EA2A0005BF93179700CD
:103F700013D434007607B183598CC1F9014715B6C3
:103F800093F5F4001145E380A5E213B7C4FF13478E
:103F90001700229709BD2287E39706E013B784FF35
:103FA00013471700229701B52287E38E06DEFDB77F
:103FB00085450147E39A06E293878400B3B49700EE
:103FC0002697BE8415B585450147E38F06E0EDB71A
:103FD0008545014793F7F4009146E387D7E093873F
:103FE0004400B3B497002697BE84FDBB13B41600FB
:103FF000BDBD854575BB011106CE22CC26CA4AC877
:104000004EC652C4F3292000370810007D183377BC
:10401000B80093D846013378D80013D44501131E55
:1040200037009357D5010E081353D60193F8F87F44
:10403000930EF07F93D4F50133E7C7011374F47F37
:10404000131E3500FD823368030193153600638229
:10405000D81D93C61600330314416387D4166353E7
:10406000601C63840822B70780003368F80063028D
:10407000D46D9307800363CD673AFD4763C26752EF
:1040800093070002B387674033D965003316F80001
:10409000B395F50033662601335368003339B00019
:1040A00033662601330767403309CE4033362E018D
:1040B000118F9317870063DA072A131A9700135A90
:1040C0009A00630B0A345285EF10C0006115930704
:1040D0000002898F3317AA00B357F900D98F331A1A
:1040E000A90063408532018D13071500FD4663C0AA
:1040F000E64493060002998E3359EA003396D700BE
:10410000B316DA0033662601B336D0003369D60021
:1041100033D7E700B367E900638007169377790028
:1041200093151900131617009356F90113F575002E
:10413000B296014311C909466381C9660D4605431C
:104140006385C9646388096237060001F18E13B57F
:104150001600E38C071001448947638CF9268D47CC
:104160006388F92863820924B7058000F98D054327
:1041700019C1136323006383054A05049307F07F85
:104180006303F420B70780FFFD17F98F1396D7015B
:1041900013593900A60733662601B1831374F47FDF
:1041A00085881397C70052043183FE04418F458FE1
:1041B0003285BA856314032AF2406244D2444249EC
:1041C000B249224A05618280635D600C638C0816E7
:1041D000B70780003368F800630AD451930780035F
:1041E00063CC6736FD4763D06746130603FE93072B
:1041F00000023356C800630AF300930700043383B8
:10420000674033186800B3E50501B335B0004D8E43
:1042100081AEB367B8001303148099E393C6160008
:104220006381D4086315030C9307140093F7E77FA9
:1042300063920724B36EC701B367B8006312045AD0
:10424000638E0E486382074A3305BE40B337AE0023
:10425000330607411D8E9317860063D4076A33899E
:10426000C541B307E840B3B525013387B740B3670D
:10427000E900B684E39407EA014601440143B2072A
:10428000B1831374F47F858829BFB367B800638650
:10429000071A9307F3FF638007486309D3453E83FA
:1042A000C9BB631003209306140093F7E67F639A5B
:1042B000074EB366C701631E043EB367B800638A46
:1042C000065A638307423309BE00B307070133363A
:1042D000C9013387C70093178700E3DD07E2B707FB
:1042E00080FFFD177D8F05449377790069A0B38720
:1042F0008840631304203365C70125C11385F7FF88
:10430000630F05541303F07F63866760AA87130663
:104310008003634BF62A7D466348F650130500027E
:104320001D8D3316A7003353FE003315AE003366E0
:1043300066003339A000B357F7003366260133080F
:10434000F84079A4B367B800EDCB9307F3FF63801F
:104350000732630BD34B3E8351B51307F07F638A5B
:10436000E75E42872E893E84B684B367E900E305A1
:1043700004DA937779000145E39007DEB705800002
:10438000F98D0143CDBB638F090C8D47638BF90C0D
:104390008947638BF93013635300B70700207D56BC
:1043A000FD171304E07FE1BDB70580009377F900A6
:1043B00091460543F98DE38DD7DA9337C9FF93C74B
:1043C00017003E97B7058000F98D1109E31305DA50
:1043D0005DB3E38B04D89307890033B62701329786
:1043E000B7058000F98D3E890543E31405D861B314
:1043F000FDD00543B7058000F98D8544E31B05D644
:104400009DBB370780FF7D177D8F5289098CB3676D
:10441000E900E30304D0B1BF4A85EF00B04B930736
:1044200085FF7D476105B317F900E34CA7CA45B185
:104430003368B8003336000185B9630FD331B7054F
:1044400080001A84F98D7289014335B363888848E6
:10445000639F07480145B705F87F41437320130068
:10446000A1BB95F81363530085881304F07F81473F
:10447000014605BB3309BE40B3372E01330A07415D
:10448000330AFA4093178A0063C20734B3674901BD
:10449000E39907C29384E9FF93B4140001460144F1
:1044A000F9BBB3878840630E04123705800093067A
:1044B000F07F498F6387D8509306800363C1F63637
:1044C000FD4663C3F646930600029D8E3316D70061
:1044D0003355FE00B316DE00498E3339D000B35792
:1044E000F700336626013E983309B600B337B900AA
:1044F00033870701468495A8370380001305F07FB2
:1045000033676700E395A8E0B365B80063820520D0
:104510000E060D829317D801131798005D8EB6848E
:1045200093573800014363460710414319A205150C
:104530009306000233D5A700630AD7009306000450
:104540003387E640B397E700336AFA00B337400198
:10455000C98F3E890147C9B63368B80033360001B8
:104560003309C6013336C901329793178700E3DE5A
:1045700007DE05049307F07F6303F408B70780FFA5
:10458000FD17F98F1376190013571900598E1399D7
:10459000F7013369C90013D7170093777900E1BB9E
:1045A000130603FE930700023356C800630AF300A4
:1045B000930700043383674033186800B3E50501AF
:1045C000B335B0004D8ECDB43366C7013336C0006D
:1045D0003389C540B3B725013307F8404684B68414
:1045E000C9BCB366C701638906289386F7FF638B4E
:1045F00006381305F07F638EA740B68775BD6383C9
:1046000009208D47638BF93E8947638FF93C63909E
:1046100009441304E07F01470D4915439317D7015F
:10462000135639009306F07F5D8E93573700E318D9
:10463000D4C4D18FE38A07E281441304F07FB70723
:1046400008000146B9BE93070002B387674033D91B
:1046500065003316F800B395F50033662601335331
:1046600068003339B000336626011A97D5BD330987
:10467000BE00B30707013336C9013387C70093175C
:1046800087000544E3D707CEB70780FFFD17F98FF2
:10469000135619001399F7013369C90013D717008E
:1046A000094493777900C1B913635300E38704CEBB
:1046B00065BB9307F07F6300F42E6388F81E638C5C
:1046C000061E3368B800E31908F613163500931771
:1046D000D7010D825D8E93573700A1BF638B0716FC
:1046E000814742872E8EB68472891DBC3366C7010E
:1046F0000DC2370340000E05337367001316D70150
:104700000D8113331300498E93573700120315B7E9
:10471000B684014391BB3309BE40B307074133362A
:104720002E013387C740931787000544E3C70798D6
:1047300089B13366C70171DE3703400013163500B7
:10474000337367009317D7010D82133313005D8E07
:10475000120393573700F1BDB367C701CDEB014793
:10476000014E01439317D70113563E005D8E9357B8
:104770003700C1B513F6F5001145E307A69C93B5C4
:10478000C5FF93C51500AE96C1B2E39F049A13B658
:1047900085FF13461600B29645BA0543E386049A90
:1047A000FDB79307F07F6381F60EF295B30707011B
:1047B00033B7C501BA971396F70185813369B600FF
:1047C00013D7170036849377790075B63389C541BE
:1047D0003308E840B3B52501330AB840B684D5B0F4
:1047E0009305F07F6301B40E638AB80EE3820EC6B0
:1047F000E39407E40E051316D7010D81498E9357F4
:10480000370005BD15438DB1B367C70199D3370391
:10481000400033736700133313001203A1B73366EC
:10482000C7013336C000C9B1138607FE1305000265
:104830003359C700638AA70013060004B307F64084
:10484000B317F700336EFE003336C001336626011E
:1048500041B39384E9FF93B4140001460DB4338946
:10486000C541B307E840B3B525013387B740B684E7
:104870005DBD42872E894DB01307F07F6388E70E38
:1048800042872E893E84D5B4E38E09F68D47638531
:10489000F91C8947638AF914639B091A014515437A
:1048A0001304E07F7D577D5909BEB365B80063925C
:1048B0000510E39C06E00E069317D8010D825D8E6D
:1048C00093573800BDB3E3830EB89315970063C3C5
:1048D000050041439305F07FE39CB8F0638807121D
:1048E0009317980063C307004143E3970ED49317CF
:1048F00036008D831316D8015D8EB6849357380029
:104900000DBBB367C500B1D72A8E93777500328788
:10491000728939B0B365B800E38C05DE93173600B1
:104920008D831316D801CDBE138607FE93060002B1
:104930003359C700638AD70093060004B387F64053
:10494000B317F700336EFE003336C001336626011D
:1049500061BE336EB80063020E0E93179800428753
:104960002E8EB68463CE07004143EDBB336EB80094
:1049700063010E0E9317980042872E8EE3D607FE32
:104980000143CDB33309BE00B3070701B335B90006
:104990003387B700EDB1D5C69317970063C30700FF
:1049A00041439307F07FE39EF8D0B365B800E38EF0
:1049B00005D09317980063C307004143E38D06EECB
:1049C000A5B9B365B800E38605D4370340000E06E9
:1049D000337368009317D8010D82133313005D8E73
:1049E000120393573800B1B1E39E04E01304E07F53
:1049F0007D577D5915436FF04FF8E38504E01304AC
:104A0000E07F01457D597D571543EDB2E3840EA447
:104A1000D5B3B365B800E38E05CE370340009317D6
:104A20003600337368008D831316D80113331300D7
:104A30005D8E120393573800EDBE0147B6840143E3
:104A400015B3E39A88E6B365B800A5F5ADB515438F
:104A50002DBA0147014339B3E38604DA0145130453
:104A6000E07F7D597D57154371B2B7058000F98D00
:104A70000144639206F0630003F0136323006FF0B8
:104A80008FEFAA88F32720003705100093D7450140
:104A90009306F5FF93F7F77F1307E03F33F6B60071
:104AA0004688FD81634BF70081E7336516014DC1F0
:104AB000014505487320180082801307D0416358D0
:104AC000F702B706008093C6F6FF3385D500ADCD5B
:104AD0001307E0414148E39FE7FC9317B60013D664
:104AE0005801D18FE1FBAE08639508068280130759
:104AF00030431D8F7D43B366A600635BE30213065C
:104B000000026308C7001388D7C0339806013368D2
:104B10001801130530411D8D3338000133D5A6002F
:104B200099C13305A040E30908F87320180069B75C
:104B30009387D7BE3398F80033D5E800B397F600D3
:104B4000333800015D8DE9BF414873201800ADB7CF
:104B5000828005487320180085B7F32720003706A8
:104B6000100013D745019307F6FF1377F77F13085B
:104B7000E03FED8FAA86FD81634FE80011C7014534
:104B8000854673A016008280C98F014585C385467E
:104B900073A01600828081C50145C146DDB793052B
:104BA000E04163D6E5007D55C146E1BF82809305B3
:104BB0003043998D7D48D18F634FB8001307D7BE1E
:104BC000B316E5003397E7003355B500B336D00090
:104BD000598DC5FA8280130600026387C5009306CB
:104BE000D7C0B396D700C98E13053041198DB3369F
:104BF000D00033D5A700F1BF411106C622C426C29A
:104C000005CD9357F541B3C4A7009D8C2A84268512
:104C1000D1219306E041898EA9477D8093F6F67FE6
:104C200063CDA7022D47098FB3D7E4005505B2071E
:104C3000B394A400B18329A00144814681478144F3
:104C4000B207D206B1837E04D58FC18FB240224411
:104C50002685BE859244410182805515B397A400F4
:104C6000B207B1838144E9BF15CD411122C406C604
:104C70002A848D219306E041898EA94793F6F67F19
:104C800063DCA7025515B317A400B207B18301472F
:104C9000B2402244B207D206B183D58F3A85BE8591
:104CA0004101828081478146B207D206B183014724
:104CB000D58F3A85BE8582802D47098FB357E40092
:104CC000B207130755013317E400B183D1B741117F
:104CD00006C622C426C2D30705E07327200013D5D9
:104CE00077011375F50F13071500139497001377C9
:104CF000E70F258093D4F7011DC3935734001305A4
:104D000005387604B2075205B183C98FFE04C58FFA
:104D10002285BE85B24022449244410182800DE941
:104D200035C42285452EA94763C1A7082D47098FA1
:104D3000930755013357E4003314F4009317C70069
:104D4000130790383305A740B1831375F57F5DBF16
:104D500015C83707080093573400D98F370710005C
:104D60007D17131694009316D401F98F635306022E
:104D70007D8F9397F401B704F07FD98CC58F36856A
:104D8000BE8549BF1305F07F8147ADBF014581470F
:104D900095BF7D8F9397F401B704F07F458FD98F2E
:104DA0003685BE8573601800B5B7130755FF3317F6
:104DB000E400014461B7F328200093D6450113971E
:104DC000C50093F6F67F3183138816000E0713563D
:104DD000D5011378E87FFD81518F93173500630B60
:104DE000080A138606C81308E00F635FC802638FC2
:104DF00008128D476380F82689476387F8266396F3
:104E000008261306E00F0D4715451A07258313766C
:104E1000F60F931797005E06A583FE05D18FCD8F01
:104E20003DE5538507F08280635AC0101A0533357B
:104E3000A0000E07F583498F5D8F937777000145BA
:104E4000E9D78947638EF81E8D476388F816814736
:104E50000545E39C08FA9376F700114805456384FD
:104E600006011107054599C31365250093175700DF
:104E7000E3DD07F805069307F00FE318F6F813656E
:104E80005500639C0810FE05B707807FCD8F732007
:104E9000150041BF3366F700A9EA9397F50151D297
:104EA0008947638DF8168D476385F8140547894750
:104EB00085466389081EED8393C71700858B0545DA
:104EC0006381062089466385D8188D466388D81685
:104ED0000146E38208F80545639A071093175700C7
:104EE0000546E3C407F201460DB715CA9307F07FE4
:104EF00001456398F60037064000718F133517009F
:104F00001205370740001306F00F931797008145ED
:104F10005E06A583FE05D18FCD8F01D58DBFFE0521
:104F2000B707807FCD8F538507F08280FE05B707D6
:104F3000807FCD8F154573201500E5B52555634756
:104F4000A608794537038000118D7D4833676700D7
:104F50006358A80A79583306C8401308000233562C
:104F6000C70063070501938626CAB316D700D58FFD
:104F70003337F000518F9397F501E30407EA931755
:104F8000170013F677009376770063100610ED8311
:104F900093C71700858B014525B78D476383F80CB0
:104FA00089476384F808370700FF7917FE050583F2
:104FB000B367B70073201500ADB581472E85E39424
:104FC00005EA21070545E39107EA4DB509476387DF
:104FD000E8048D47638FF800638C0804638FE80C46
:104FE0006389F80C85470547638808043E850146B8
:104FF000A5BD854605478947E39F05EAA10765BD2D
:10500000938626C83396D7003336C000B316D70030
:10501000B3D7A7003367D6005D8FB1BF854605477C
:105020008947E38A05E8A10779B5B5DD8545A1BDC6
:1050300005470146854705B5014625B50146BDBF73
:1050400081470545E38105E22107E39F07E039BD7C
:105050000146C5BF85E1B707807F15457320150060
:10506000C9B3E38205E281B799E97D571306E00FE2
:10507000154509B51306E00F7D571545C5BBB707A4
:1050800080FF15457320150069BB0946E38BC8F8FE
:105090000D46E383C8F6E39008E213F6F7001145E6
:1050A000E30BA6E09107ED8393C71700858B0545B9
:1050B00001BD05470146854711B7054701468547AC
:1050C00049B7E38D07E005F5931757000546E3CE92
:1050D00007D211BDC167637CF5029307F00F130778
:1050E000000263EBA700977700009387A78DAA972C
:1050F00088233305A740828021819777000093871A
:10510000678CAA97882361473305A7408280B70739
:105110000001636DF5006181977700009387878AAE
:10512000AA97882321473305A7408280418197773A
:10513000000093872789AA97882341473305A74012
:1051400082804111194506C6EF1070130545EF40E6
:1051500040739387C18188438280411106C622C46F
:1051600026C24AC089E90149B24022444A85924494
:10517000024941018280AA842E8401C51C4D91E31D
:105180001926977700009387E7956311F406C040CE
:105190008317C400E9DBA2852685BD281C582A890F
:1051A00099C70C5026858297635305007D595E246C
:1051B00093F7070889C70C482685EF00304D4C58F7
:1051C00091C9930744046385F5002685EF00104CD0
:1051D000232A04022C4491C52685EF00304B23245A
:1051E0000404452E231604007526BDBF97770000E2
:1051F000938747916314F400804459BF9777000068
:105200009387478CE316F4F8C04459B79387C1815C
:10521000AA8588436FF07FF4DE25011122CC26CACF
:1052200006CE4AC84EC613F78700AA842E8461EFC3
:10523000D841634DE000B841634AE0000145F240C7
:105240006244D2444249B2490561828058547DD7B4
:1052500003A904009396370123A0040063DC06062B
:1052600070485E24918B99C75C401D8E5C5899C331
:105270003C401D8E5C540C50814626858297FD571C
:105280005A24631DF5009440F54763E9D706B70734
:1052900040208507B3D7D700858BADC31C48232298
:1052A00004001CC09317370163D80700FD5763142F
:1052B000F5009C4091E368C84C5823A02401BDDD53
:1052C000930744046385F5002685EF00303C232ACC
:1052D0000402ADB70C500146854626850297FD575E
:1052E0002A86E310F5F89C40ADDF75476385E7003B
:1052F00059476393E70423A0240189B71367070480
:105300005AA47D552DBF83A90501E38909F203A99C
:1053100005008D8B23A0350133093941014791E305
:10532000D84918C4E35C20F11C540C50CA864E8640
:10533000268582976347A0005E2493E707045EA456
:10534000C9B7AA993309A940F1BF9C49A5C3011166
:1053500022CC06CE2A8411C51C4D81E72EC62522FB
:10536000B245976700009387E777639CF5004C4050
:105370008397C5009DC722856244F24005616FF0A6
:10538000BFE9976700009387E7776394F5000C44C3
:10539000C5B7976700009387E772E39BF5FC4C4421
:1053A000C1BFF240624401450561828001458280AF
:1053B000AA8509E9938701848843970500009385AE
:1053C00005F97DAD9387C18188436FF01FF84111C6
:1053D00022C406C62A844EA572A5232005002322D6
:1053E0000500232405002322050623280500232A7F
:1053F0000500232C0500214681451305C505EFB0A6
:105400008E94971700009387C7725CD0971700009F
:10541000938707751CD497170000938727795CD46E
:10542000971700009387A77B00D01CD8B240224476
:105430004101828097050000938565F191A5411196
:1054400026C2130680069384F5FFB384C4024AC0C3
:105450002E8922C406C693854407EF00B02D2A8406
:1054600001CD2320050023222501310508C4138620
:1054700084068145EFB02E8D2285B24022449244AD
:105480000249410182801C4DA5E7411106C622C494
:1054900097070000938747FA1CD5938701849C43A4
:1054A0002324050423260504232805046314F5009A
:1054B00085471CCD2A84352848C022851D2808C46C
:1054C0002285052848C4484001469145EFF03FF049
:1054D00008440546A545EFF09FEF48440946C945F5
:1054E000EFF0FFEE85471CCCB240224441018280A0
:1054F000828041119387018426C284434AC006C634
:105500009C4C22C42A8981E72685EFF0DFF793843B
:1055100084048044DC40FD1763D607009C40B9CF6B
:105520008440C5BF0317C40039E7C177850723222C
:1055300004062320040023220400232404005CC466
:1055400023280400232A0400232C0400214681453B
:105550001305C405EFA03EFF232A0402232C0402F6
:1055600023240404232604042285B24022449244C6
:105570000249410182801304840671BF91454A8526
:10558000EFF0FFEB88C049FDB1472320F90001444B
:10559000E1BF8280828079714ECEAE89B285700083
:1055A0004AD006D622D426D22A89EF20902A11E9A1
:1055B00001442285B250225492540259F249456165
:1055C0008280AA844A85EFF0DFF22A8475D13246C0
:1055D0009306601BCE854A85EF10E00D63590500E8
:1055E000EFF03FFB23160400EFF0DFFAD1B7971777
:1055F0000000938707545CD09717000093874756A5
:105600001CD4971700009387675A5CD49717000043
:105610009387E75C46A46AA400D01CD893F40410D6
:10562000C9D889460146A2854A857D2459B7938702
:10563000C1812E86AA8588436FF0FFF5397132D477
:1056400036D63EDA3AD842DC46DE9387C1812E86D2
:10565000AA858843341006CE36C6EF00F021F2400A
:105660002161828079714ECEB389C60206D622D4DA
:1056700026D24AD052CC56CA5AC85EC662C4638F7C
:1056800009082A8AAE8AB28B368B3A8409C51C4D2A
:1056900099E3EFF05FDF976700009387A744631AF1
:1056A000F40203244A005C4063D407002322040070
:1056B0004E8944400C4063E024054A865685312FCC
:1056C0005C400440DA89B3872741CA945CC004C0B7
:1056D000B1A0976700009387E7426315F4000324A5
:1056E0008A00D1B7976700009387C73DE31DF4FA9E
:1056F0000324CA004DBF56852686C5251C40A285B9
:105700005285A6971CC0A69A330C9940EF10C01280
:105710001DC1CE94B3842441B3D97403B250225432
:105720004E8592540259F249624AD24A424BB24BD8
:10573000224C456182806289ADBF9387C1813687E3
:10574000B2862E86AA8588436FF0DFF1397122DC9C
:1057500026DA4AD806DE4ED652D42E89AA84B285DD
:10576000368419C51C4D89E732C6EFF0DFD1B2454A
:1057700097670000938707376317F402C0407008EB
:105780002685EF20100D2A8A1DEDA2852685EFF0D3
:10579000DF9C01442285F2506254D2544259B259DE
:1057A000225A21618280976700009387A73563148E
:1057B000F4008044E9B7976700009387A730E310AF
:1057C000F4FCC0446DBF8317C40091EF930700023F
:1057D0005EA4631709021C5881C70C502685829766
:1057E000A5497D5905A8A18B89C7A2852685EFF01B
:1057F000DFB51C58F9DFE30009FE0C5026858297BF
:105800007246CA859306601B2685EF00D06A83A97D
:1058100004002A895E2493F7070881C70C4826856F
:10582000B5254C582324040023220400232004001F
:1058300023280400232A0400232C040089C9930789
:1058400044046384F50026859125232A04022C4410
:10585000232C040289C52685152D232404045A24EB
:10586000F977FD177D8F5AA478502326040421462A
:10587000F98F7CD081451305C405EFA0DECC635BB6
:105880000900EFF01FD12316040023A03401EFF02C
:105890007FD001B7971700009387A7295CD097178F
:1058A00000009387E72B1CD49717000093870730DD
:1058B0005CD497170000938787322316440123177F
:1058C000240100D01CD8F9B59387C181B2862E86F9
:1058D000AA8588436FF09FE709A0011122CC26CA50
:1058E0004EC656C206CE4AC852C4AA842E84B28A74
:1058F000B68909C51C4D99E3EFF0FFB89767000022
:105900009387471E631AF408C0405E241307801073
:1059100093F787106396E700A2852685EFF0FFA234
:10592000032AC402F547630B0A0E85476386F9080C
:1059300089476385F900D9476392090E1C4881E7BE
:10594000A28526854926A2852685EFF01FA02A89F3
:105950005DE10C50CE8656862685029AFD57630C73
:10596000F5084C5889C9930744046384F5002685DB
:10597000312B232A04021C487D771307F77D1CC0B6
:105980005E24232204002146F98F5EA4814513057D
:10599000C405EFA05EBB8DA09767000093878716B4
:1059A0006314F400804495B79767000093878711CC
:1059B000E31DF4F4C04491BFA2852685EFF0FF9863
:1059C0005E24139737016350070268485E2413F77B
:1059D00047000DCF5C401D8D5C5899C33C401D8D28
:1059E000AA9A8149A1BF0C50854601462685029A94
:1059F000FD57E31DF5FC7D59F24062444A85D244CF
:105A00004249B249224A924A05618280A18BE9DB70
:105A10001C401848F1D7998F3E95D9B79CC0E1BF7B
:105A2000797122D44AD052CC56CA06D626D24ECE4E
:105A3000130485040149054AFD5A19E8B25022545D
:105A40004A8592540259F249624AD24A456182809B
:105A5000044483294400FD1963D409000040F1BFC8
:105A6000DE24637CFA008397E4006388570126856F
:105A70002EC68295B2453369A90093848406E1BF9E
:105A8000797122D44AD052CC56CA5AC85EC606D6BC
:105A900026D24ECE2A8AAE8A130485040149054BCC
:105AA000FD5B09ECB25022544A8592540259F249E6
:105AB000624AD24A424BB24B4561828004448329F8
:105AC0004400FD1963D409000040E1BFDE24637B7C
:105AD000FB008397E40063877701A6855285829A4D
:105AE0003369A90093848406E9BF797122D426D250
:105AF0004ECE52CC56CA06D64AD05AC85EC6AA84E2
:105B0000AE8AB2893A84338AC60209C51C4D99E32C
:105B1000EFF07F97976700009387C7FC6311F40449
:105B2000C0405E24A18BA1CF1C48B1CB01497D5B55
:105B3000A94B630C4905B3872A018C231C44FD172C
:105B40001CC463D70700184C63CEE704638C75054B
:105B50001C401387170018C08CA30509D9BF97678D
:105B60000000938727FA6314F40080445DBF9767B1
:105B70000000938727F5E316F4FAC0445DB7A285C9
:105B80002685EF20C039014955D1B25022543355F2
:105B9000390392540259F249624AD24A424BB24BFB
:105BA0004561828022862685EF200026E31765FB6B
:105BB000E9BF9387C1813687B2862E86AA8588433E
:105BC0006FF0BFF201119387C18122CC804306CED2
:105BD000AA8501C81C4C91E72AC62285EFF0BF8A2E
:105BE000B245976700009387E7EF639EF5004C404E
:105BF000DC41FD17DCC163D8070222856244F24014
:105C000005616F00D057976700009387A7EF6394F3
:105C1000F5000C44F1BF976700009387A7EAE3996A
:105C2000F5FC4C44F1B79C41F240624413871700E5
:105C300098C18823056182809387C1819C439C53CE
:105C400089E797A7FE1F9387274803A5C70E828081
:105C50001305050F82809387C1819C43885309E512
:105C600017A5FE1F130545461305050F8280197100
:105C7000A6DAAE848395E500A2DC86DE328463DB9F
:105C80000500DE2423A0060093F7070885E79307A5
:105C900000401DA0300836C6EF200043B246E34264
:105CA00005FE7247BD67F98F7977BA9793B71700EA
:105CB0009CC2F1BF930700041CC0F6506654D65432
:105CC000014509618280DE25011122CC06CE26CA5B
:105CD0004AC8898B2E8489CF930774041CC01CC8C2
:105CE00085475CC8F2406244D244424905618280E3
:105CF00074003000AA84EFF09FF7A2452A89268518
:105D0000152C19E98317C40013F7072061FFF19BD5
:105D100093E727005EA4C9B797F7FFFF9387C77182
:105D20009CD45E2408C008C893E707085EA4A24775
:105D30005CC8B24781CF8315E4002685EF2010337D
:105D400011C55E24F19B93E717005EA45E243369BE
:105D5000F9002316240179B79387C181AA85884366
:105D6000D1AA9387C181AA8588430DA291ED4111E3
:105D70006C00014501CA795591C61C229CC10822BC
:105D80003335A00041018280014509CA795599C681
:105D90001C229CC108223335A0008280828093F5AA
:105DA000F50F2A966314C500014582801C21E38EFD
:105DB000B7FE0505C5BF01476314E60001458280B3
:105DC000B307E5000507B386E5009C2383C6F6FF0D
:105DD000E384D7FE3385D7408280B3C7A5008D8B7F
:105DE0003307C50081E78D4763EDC700AA87637E4F
:105DF000E508942185078505A38FD7FEE3EBE7FE31
:105E0000828093763500AA8789CA94218507850503
:105E1000A38FD7FE93F63700C5BF9376C7FF1386CF
:105E200006FE63F0C70683A3050083A2450083AF87
:105E3000850003AFC50083AE050103AE450103A392
:105E4000850183A8C5019385450223A0770003A897
:105E5000C5FF23A2570023A4F70123A6E70123A827
:105E6000D70123AAC70123AC670023AE170193878C
:105E7000470223AE07FF75B790419107910523AE06
:105E8000C7FEE3EBD7FEE3E6E7F68280DDC183A73A
:105E9000C5FF411122C406C626C21384C5FF63D3C1
:105EA00007003E94AA84EF205027938701919C43DA
:105EB00081EF2322040023A881902244B24026854A
:105EC000924441016F209025637EF4001440330713
:105ED000D4006396E7009843DC43369718C05CC053
:105EE000D9BFBA87D84319C3E37DE4FE9443338610
:105EF000D700631F86001040B29694C33386D70044
:105F0000E31DC7FA10435843B29694C3D8C375B77C
:105F10006375C400B1479CC04DB71040B306C400C0
:105F20006316D70014435843B29614C058C0C0C378
:105F300069B78280011126CA93843500F19806CE94
:105F400022CC4AC84EC6A104B14763F5F404B1445B
:105F500063E4B4042A89EF20501C9387019198438D
:105F60003A8429E4938741919C4399E781454A8586
:105F7000EF00B02723AAA190A6854A85EF00F0265E
:105F8000FD5963193507B1472320F9004A85EF20F1
:105F9000F01829A0E3DE04FAB1471CC10145F24024
:105FA0006244D2444249B249056182801C40858FD7
:105FB00063CF0702AD4663F6F6001CC03E9404C0F2
:105FC00031A05C406313870223A8F1904A85EF203B
:105FD000F0141305B4009307440061993307F540AA
:105FE0005DDF3A94898F1CC05DBF5CC3C5B7228753
:105FF000404085BF130435007198E30285FCB3056A
:10600000A4404A85EF00701EE31B35FBADBF1C4664
:10601000FD171CC663DA0700184E63C5E700A947E1
:106020006394F5006F10505E1C422E851387170095
:1060300018C28CA38280011122CC26CA4AC84EC63F
:1060400052C406CE2A89AE893284B304D6007D5A62
:1060500063149400014509A80C204E864A85EFF090
:106060001FFB0504E31645FFF2406244D244424957
:10607000B249224A05618280357122CD26CB4AC9B8
:106080004EC706CF52C556C35AC1DEDEE2DCE6DAA1
:10609000AA89AE843289368409C51C4D99E3EFF094
:1060A0008FBE976700009387E7A36399F40C83A4DE
:1060B0004900DE24A18BEDC79C48FDC39307000275
:1060C000A304F1029307000302D22305F10222C6C2
:1060D000930B5002976A0000938A4AA5054C294BFE
:1060E0004A841C2099C36390770FB30C2441638EBC
:1060F0000C00E6864A86A6854E85EFF0DFF3FD5755
:106100006302F51E9256E69636D21C20638C071C5D
:10611000FD571309140002C802CE3ECA02CCA309DF
:10612000010482D48345090015465685EFF03FC728
:1061300013041900C24751E913F7070109C71307F0
:106140000002A309E10413F7870009C71307B0028F
:10615000A309E104834609001307A002638FE60642
:10616000F2474A84814625461820930514001307F8
:1061700007FD6377E60AB5CA3ECE85A8976700009B
:10618000938747986395F40083A489001DB79767A8
:10619000000093872793E39EF4F083A4C90011BF06
:1061A000A6854E85EF10B05711D97D55FA406A4447
:1061B000DA444A49BA492A4A9A4A0A4BF65B665C6B
:1061C000D65C0D618280050429BF33055541331526
:1061D000AC00C98F3EC82289B1B732479306470049
:1061E000184336C6634707023ACE18209307E002E9
:1061F000631DF70418309307A002631BF702B24730
:106200000904138747009C433AC663C107023ECA8C
:106210002DA83307E04093E727003ACE3EC8F1B7F8
:10622000B387670385462E84BA973DBFFD57C5B730
:10623000050402CA814681472546182093051400AB
:10624000130707FD6376E606F9F20C200D46176585
:1062500000001305258EEFF09FB411CD9767000065
:106260009387478D1D8D93070004B397A700424580
:1062700005045D8D2AC80C2019461765000013051A
:10628000A58B130914002304B102EFF05FB135C1EF
:1062900097A7FEFF938707D795E74247B247137743
:1062A000071009CF91073EC69257D2973ED20DBD37
:1062B000B387670385462E84BA9741B79D07E19B54
:1062C000A107D5B7780097060000938606D72686E3
:1062D0000C084E8597000000E7000000FD572A8A51
:1062E000E314F5FCDE2493F70704E39007EC125562
:1062F00075BD780097060000938626D426860C0884
:106300004E85012AE1BF797156CA9C49BA8A9845DF
:1063100022D426D24ECE52CC06D64AD05AC85EC619
:10632000AA892E84B284368A63D3E700BA879CC0D8
:106330000347340419C385079CC01C4093F7070228
:1063400081C79C4089079CC0032904001379690018
:10635000631A0900130B9401FD5B5C449840998F0C
:10636000634CF9041C408346340493F70702B336A8
:10637000D000A5EB13063404D2854E85829AFD57D2
:106380006303F5041C4011469840998B54448144A2
:106390006397C700B384E64063D3040081441C4480
:1063A00018486354F700998FBE94014969047D5BD6
:1063B00063982405014509A885465A86D2854E85ED
:1063C000829A631E75017D55B2502254925402592F
:1063D000F249624AD24A424BB24B4561828005097A
:1063E000ADBF3307D40013060003A301C70403475E
:1063F000540493871600A2978906A381E7049DBFE2
:1064000085462286D2854E85829AE30E65FB050974
:1064100045B7797122D426D24AD04ECE06D652CC78
:1064200056CA5AC8B689942D930790063289AA8411
:106430002E8413863504638DF60263E2D706930734
:1064400080056387F61863EDD700638F06209307F6
:106450003004638FF60A930A24042301D404D1A0E4
:10646000930730066386F60A93074006E395F6FE27
:106470001C40084393F6070893054500CDC61C4110
:106480000CC363D807001307D002B307F040A30181
:10649000E404975600009386A66A29476DA89307DF
:1064A00000076383F61663E5D7029307E006638A65
:1064B000F6189307F006E390F6FA0C401C4313F825
:1064C0000508138547006308080608C39C438DA888
:1064D00093075007E383F6FE93078007638AF6125B
:1064E00093073007E399F6F61C43D0418145938624
:1064F000470014C383AA07005685EFF05F8A01C5E1
:106500003305554148C05C401CC8A301040461A880
:106510001C43930A2404938647009C4314C323011D
:10652000F4048547D5B793F607041C410CC3B1DAD0
:10653000C207C187B9B793F5050408C3C1D99E2323
:106540001307F0066387E60E975600009386465FB2
:106550002947A30104044C400CC463C5050008404E
:106560006D9908C099E3B28A89CDB28AB3F5E70282
:10657000FD1AB6958C212380BA00B3D5E70263F0EB
:10658000E70CA147631EF7001C40858B91CB584058
:106590001C4863C7E70093070003A38FFAFEFD1AA8
:1065A0003306564110C84E87CA867000A2852685DC
:1065B000EFF07FD57D5A631D450B7D55B2502254B7
:1065C00092540259F249624AD24A424B4561828052
:1065D000A382D50497560000938686560C40084344
:1065E00013F805081C411105630D080208C313F7D1
:1065F000150001C793E505020CC04147B9FB0C40EB
:1066000093F5F5FD0CC0B1B79C4193E707029CC11F
:1066100093078007A302F4049756000093868653DD
:1066200075BF13F8050408C3E30308FCC207C18360
:106630007DBF975600009386A650214719BFAE87AD
:1066400035B794411C43CC4913F80608138547001D
:106650006306080008C39C438CC339A008C393F6A3
:1066600006049C43F5DA8EA323280400B28A25BFD2
:1066700014485686CA8526858299E30045F51C4054
:10668000898B8DE7B2474844E35AF5F23E853DB722
:1066900085465686CA8526858299E30065F3050AF4
:1066A0005C443247998FE345FAFEE9BF014A930AF9
:1066B00094017D5BF5B7411122C42A842E85B285F1
:1066C000368697C7FE1F23AF075206C6EF30601904
:1066D000FD576319F50097C7FE1F9387A7529C4388
:1066E00091C31CC0B24022444101828039713EDA1C
:1066F0002ED232D436D63AD842DC46DE9387C181D8
:1067000022CC804326CA06CEAA8411C41C4C81E741
:106710002285EFE05FD70C4454102686228536C6CA
:10672000EFF09F95F2406244D244216182800111D2
:1067300026CA4AC806CE22CC4EC652C4AA842E8986
:1067400009C51C4D99E3EFE01FD49C4C804481E7C0
:106750002685EFE05FD3975700009387A738631C27
:10676000F402C0405E24A18BB9C71C48A9C7FD59DB
:10677000294A1C4483450900FD17A1ED1CC463D0C0
:1067800007082286A9452685EF100068FD57630992
:10679000F50229453DA0975700009387A73663145B
:1067A000F4008044C1B7975700009387A731E31BDB
:1067B000F4FAC04445BFA2852685EF10407645D93E
:1067C0007D55F2406244D2444249B249224A0561B1
:1067D00082801CC4050963D70700184C63CAE70010
:1067E000638845011C401387170018C08CA351B75C
:1067F00022862685EF104061E31D35F7D1B71C4096
:106800001387170018C0294798A361B79387C181E0
:10681000AA8588436FF0BFF19387C1812E86AA8530
:1068200088436F20F02A5E252547A58B6394E700F7
:106830006FE01FB801458280011122CC26CA06CE26
:106840004AC84EC6AA842E8409C51C4D99E3EFE0C0
:106850009FC3975700009387E728631FF400C04049
:106860000317C4002322040093170701C18393F682
:1068700007029DC2FD57FDA0975700009387872808
:106880006314F4008044E9BF97570000938787237F
:10689000E318F4FCC044E9B793F64700DDE293F651
:1068A000070199E6A5479CC0136707045AA4D9B706
:1068B000A18B89CFA2852685EFE03FA945FD5E2407
:1068C00023240400232C0400DD9B5EA45E2493E7B4
:1068D00047005EA41C4889E7A2852685EFF0AFBE7D
:1068E0008319C400139909011359090193773900D9
:1068F0009DC785475EA49387018488439705000060
:106900009385A5F213799900EFF08F91A54723168F
:1069100034016316F900A2852685EFE0FF8F104849
:106920005C5054480C5010C02685829748C081475F
:10693000634AA0028317C40015ED93E707025EA423
:1069400015BF4C58C1D9930744046385F5002685CB
:10695000EFF0CFD33C40232A04025CC0A5DF5C5C8F
:106960001CC08147F2406244D2444249B2493E854C
:10697000056182802322040093E70704C9B741110F
:1069800022C426C206C6AA842E8409C51C4D99E3DA
:10699000EFE07FAF975700009387C7146317F402A7
:1069A000C040A2852685EFF03FE9FD5709E95C402C
:1069B000FD175CC01C401387170018C09C23B24011
:1069C000224492443E85410182809757000093877C
:1069D00067136314F4008044E9B797570000938766
:1069E000670EE310F4FCC0446DBF411122C42A8439
:1069F0002E8597C7FE1F23A7072006C6EF902FF707
:106A0000FD576319F50097C7FE1F9387A71F9C4387
:106A100091C31CC0B240224441018280FD4763F60D
:106A2000B700D9471CC17D5582807C41011122CC21
:106A300006CE2E862A8491C713972500BA979843CD
:106A400019EB228532C6A528AA85228562443246E2
:106A5000F24005611DA8854601456308D700FD5633
:106A60006319D700D9471CC00545F240624405614F
:106A700082802E8523A0070002970145FDB79387EA
:106A8000C181AA8588436FF07FF9411122C42A840D
:106A90002E85B28597C7FE1F23A6071606C6EF20D0
:106AA000505AFD576319F50097C7FE1F9387871546
:106AB0009C4391C31CC0B2402244410182806F209C
:106AC000505535713ECBA6DA36C73AC942CD46CFCE
:106AD0009387C18186DEA2DC844363DB05009307D4
:106AE000B0089CC07D55F6506654D6540D61828026
:106AF00093078020FC822AC42ACC814799C19387BE
:106B0000F5FF3EC83ECE7401FD572E8426852C002D
:106B1000FC8336C2EF20900FFD576355F5009307B5
:106B2000B0089CC069D0A247238007006DBF411107
:106B300022C42E848395E50006C6EF20F033634916
:106B400005007C48AA977CC8B2402244410182805B
:106B50005E247D777D17F98F5EA4FDB7DE250111D8
:106B600022CC26CA4AC84EC606CE93F70710AA847E
:106B70002E843289B68999C78395E50089460146F6
:106B8000EF10F0515E247D777D17F98F5EA4831599
:106B9000E4006244F240CE864A86B24942492685E4
:106BA000D24405616F104034411122C42E84839574
:106BB000E50006C6EF10B04EFD575A24631AF500E3
:106BC000FD77FD17F98F5EA4B24022444101828017
:106BD0008567D98F5EA468C8C5BF8395E5006F102F
:106BE000204493F5F50F1C2191C76393B700828071
:106BF0000505D5BF91C1014582806F901EACAA8763
:106C0000982185078505A38FE7FE7DFB8280AE87EF
:106C10001307E008B2856367F732175800001308BE
:106C2000A8F41396270042961842429702871755F8
:106C3000000013052517828017550000130545171E
:106C400082801755000013056518828017550000D3
:106C50001305C5188280175500001305A5198280F9
:106C6000175500001305C51982801755000013053C
:106C7000E51A8280175500001305851B8280175581
:106C800000001305251C8280175500001305451DC3
:106C90008280175500001305A51D8280175500003E
:106CA0001305C51D8280175500001305251F82801E
:106CB000175500001305C51F8280175500001305E6
:106CC0006520828017550000130505218280175525
:106CD00000001305252182801755000013050522A9
:106CE0008280175500001305252282801755000069
:106CF0001305C522828017550000130525238280C5
:106D000017550000130585238280175500001305D1
:106D1000E52382801755000013054525828017550D
:106D200000001305A5258280175500001305452690
:106D30008280175500001305E52782801755000053
:106D4000130545298280175500001305A52A828066
:106D5000175500001305052C8280175500001305F8
:106D6000E52C8280175500001305452D82801755AC
:106D700000001305A52D8280175500001305452E30
:106D80008280175500001305252F828017550000BB
:106D90001305852F8280175500001305E52F82808B
:106DA000175500001305C5308280175500001305E4
:106DB0002531828017550000130545318280175513
:106DC00000001305A53382801755000013054534D4
:106DD0008280175500001305653582801755000025
:106DE000130505368280175500001305E5368280AD
:106DF000175500001305053782801755000013054D
:106E0000E5378280175500001305C5378280175576
:106E10000000130525388280175500001305053939
:106E20008280175500001305A53982801755000090
:106E30001305853A8280175500001305E53A8280D4
:106E4000175500001305853B828017550000130578
:106E5000253C8280175500001305453C828017555C
:106E600000001305653D8280175500001305053E9F
:106E70008280175500001305253F828017550000BA
:106E800013050540828017550000130525418280B7
:106E900017550000130505418280175500001305A2
:106EA00065438280175500001305C544828017553D
:106EB000000013052546828017550000130505477D
:106EC0008280175500001305A547828017550000E2
:106ED0001305C5488280175500001305A549828017
:106EE000175500001305854A8280175500001305C9
:106EF000254C8280175500001305054D82801755DB
:106F000000001305254E8280175500001305C54E5D
:106F10008280175500001305A54F82801755000089
:106F2000130545508280175500001305E5518280F6
:106F3000175500001305C55382801755000013052F
:106F400065548280411106C691E2AA8636863E8546
:106F5000EF00506B09E5173500001305E5A7B240B7
:106F600041018280175500001305455382809387A5
:106F7000C181AA858843814601466FF05FC9AA870F
:106F8000850703C7F7FF6DFF3385A7407D15828016
:106F900015C27D160147B307E500B386E5009C23C3
:106FA00094226396D7006304C7000507EDF7338585
:106FB000D7408280014582801C2185C3AE8718217D
:106FC00019EB9C2399CB8280638BE6008507942381
:106FD000E5FE0505EDB7AE87DDBF01458280828005
:106FE000AA87942381CA2E8721A06308D6000507AB
:106FF000102365FE3385A74082808507DDB7182101
:107000009C2101E791C301458280814739A01C3151
:1070100013071500EDDB81473A853387F500182308
:1070200065D7B306F5009422E393E6FE85072A8729
:10703000E5B7011122CC2A872E843A85A28532C673
:1070400006CEEF10907A32462A88AE8805C6518067
:107050001374F47F9307B006818F635DF000D2074D
:107060003707F03F01483E974286BA86EFC05F93EC
:107070002A88AE88F24062444285C68505618280D6
:1070800035714AC92A89368532D236C006CF22CD1B
:1070900026CB4EC7E6DAEAD852C52E8D56C35AC162
:1070A000DEDEE2DCEED682C8EFE09FBAAA8C0841B1
:1070B00081440144EFF0BFEC8246AA89EAC6354616
:1070C0001305B0021308D002930800022543B64707
:1070D0009823636BE608637F670855C7814D364A7E
:1070E00093070003814A03470A00631AF712834794
:1070F0001A00130780056388E7001306800713074B
:1071000000036395C7103688EE879808D408175691
:1071100000001306263EEC004A85EF1080099379A3
:107120007500AA8A6388090099476396F906050ADB
:10713000D2C6814D925781C7B64712571CC3638888
:107140000D04B7050080A18DFA406A4426854A499E
:10715000DA44BA492A4A9A4A0A4BF65B665CD65C1C
:10716000465DB65D0D6182806309A7006303070376
:10717000E31617F78507BEC699BF814D1387170021
:10718000BAC69C33A9FF9257EAC6814DD5F7A285AE
:1071900065BF854DE5B7464611CA93055003A8085B
:1071A000EF20C008C6454A85EF103000FD19914711
:1071B00063EE3701175700001307C72E8A09BA99E3
:1071C00083A70900BA978287E644764493FA8A0037
:1071D000E3820AF6B70700805D8CA9BFF645370445
:1071E000F0FF7D14B3F785005644E644130434439E
:1071F0009315440133E4B700D1BF3704F07FF9B7EA
:10720000B705008013C4F5FFFD54C9B7B647938690
:107210001700B6C69C33E38BE7FE89DF854AB64785
:10722000014A814B3EC0014CA5462148A94736453D
:10723000034B050013070BFD1376F70F63FDC60420
:1072400083A50C004E86EFF0BFD43DC1DA87E28CF7
:107250008146014B0145130750066387E70013077A
:10726000500481496398E71663960C00B3E7560112
:1072700099DB814C364D1307B00293071D00BEC643
:1072800083471D006382E70E1307D0028148639392
:10729000E70E8548D9A863498801B38BFB02BA9BE6
:1072A0000505050CAAC661B7330AFA023A9ACDBFA2
:1072B000364581464E95AAC61C21630E0C06014B2D
:1072C000E28C138707FD25466376E602054561B724
:1072D000B647850613861700B2C69C33E38AE7FEDD
:1072E0001387F7FC2146E365E6203647368B814C51
:1072F0003AC08146938707FD1387160095C73A9BCE
:10730000338596016687A148414329466318A70241
:1073100013881C00B30CD800A14663CEE6022947AF
:10732000B38BEB020147BE9BB64793861700B6C6E8
:107330009C33BA8679B7130700034DB7930517003E
:1073400063C6E800B38BCB022E87C9B7E34EB3FE0A
:10735000330ACA02D5BFC1460147E3C796FDA94615
:10736000330ADA023E9AC9B7814893072D00BEC698
:1073700083472D00138707FD25466365E60C130739
:1073800000036385E70A1387F7FC2146814963639D
:10739000E6043643138707FD254EA94EB6471386EC
:1073A0001700B2C69C33938507FD93F5F50F6375FF
:1073B000BE089569330666409389F9E12143CE857D
:1073C0006346C300BA8963D3E500AE8963840800CD
:1073D000B309304163960C0CB3E6DA00E39C06D4A3
:1073E000E31305DA1307E0046389E706634FF70444
:1073F00013079004E399E7D8975500009385850E0D
:10740000E800EF10A02AE30005D8B6479755000022
:107410009385850DE800FD17BEC6EF10202901E514
:10742000B6478507BEC63704F07F29B3B647138633
:107430001700B2C69C33B1B73307D703BA97138787
:1074400007FDA9BFEAC6814971B713079006E38516
:10745000E7FA1307E006E398E7D297550000938513
:107460002509E800EF108024E30F05D0B6479823E4
:10747000930780026313F702B008975500009385C5
:10748000A508E800EF10602595476318F500F6455C
:107490003704F07FE6444D8C71B93704F8FF59B9D1
:1074A000B38A694163130C00668CC147668D63D350
:1074B0009701414D5E85EFD02FFBA547AA842E840E
:1074C00063DC970393077DFF1397370097570000FE
:1074D0009387471BBA979043D443EFC06FCC2A845D
:1074E0005285AE84EFD04FF82A86AE862285A685D7
:1074F000EFB0AF96AA842E84BD4763CD9709E38B86
:107500000AC2635450075947634357038E0A97577B
:10751000000093872717BE9A03A50A0083A54A0097
:107520002686A286EFC0CFC7AA842E8421B1130776
:10753000500233079741634F5705B38C97419759D2
:1075400000009389291493973C00CE978843CC433D
:107550002686A286EFC0CFC433889A410E084E9883
:10756000032608008326480075BFA95763C4FA02A2
:10757000B3093B41139B3900975900009389891047
:10758000DA9903A6090083A649002685A285EFB0F3
:10759000BFAD59BF338DAC41569D6356A011937753
:1075A000FD0099CF175700001307C70D8E07BA9734
:1075B0008843CC432686A286EFC08FBEAA842E8441
:1075C000137D0DFF63070D0A9307401363D4A705CE
:1075D000014B8149814C814B930720022320F90004
:1075E0003704F07F8144E3870CB4C6454A85EF1029
:1075F000C03BDE854A85EF10403BCE854A85EF10C3
:10760000C03AE6854A85EF10403ADA854A85EF10A0
:10761000C0390DB6135D4D402685A2858147014ACC
:107620008548175300001303630363C6A80599C375
:10763000AA842E84175700001307470293173A00B5
:10764000BA978843CC433707B0FC22972686BA8680
:10765000EFC00FB53704F07FB377B4003707A07CD5
:10766000AA84E367F7F63707907C637AF7027D1404
:10767000FD54014ADDA813771D0011CF13173A00FE
:107680001A9710435443EFC0AFB18547854817534D
:1076900000001303A3FC050A135D1D4079B73704EE
:1076A00050032E94F9B7E3060DFC330DA0419377F8
:1076B000FD0099CF175700001307C7FC8E07BA9734
:1076C0009043D4432685A285EFB01F9AAA842E84C6
:1076D000135D4D40E30F0DF8FD4763DDA701014B3E
:1076E0008149814C814B930720028144014423202E
:1076F000F900D5BD137A0D0163040A00130AA00630
:107700002685A28597570000938747E20147937625
:107710001D0081CA9043D4433EC6EFC06FA8B24754
:107720000547135D1D40A107E3130DFE19C3AA848D
:107730002E8463050A029357440113F7F77F9307DA
:10774000B006998F635CF0007D476354F7221307FE
:10775000400381446359F720370470030146814692
:107760002685A285EFC0EF8E3DD98245E6865E87ED
:1077700062864A85EF102031AA8CE30B05E493D78B
:10778000FA41B3093B41B3F7F9003ECE56CC63D37F
:107790000A0002CC9387CC003ED6B7071000FD1735
:1077A000014B81493ED483A54C004A85EF10201738
:1077B000AA8BE30305E203A60C01B25531050906C5
:1077C0000A06EFE08FE1B808D4082286A6854A852C
:1077D00026C022C6EF101011AAC8E30F05DE8545AA
:1077E0004A85EF10803FAA89E30805DED64763C7C4
:1077F00007187247624C338DE7006647B3874741ED
:1078000093066003BA97998EFD17130720C063D7BC
:10781000E7181D8F7D46998E6347E6168547B39717
:10782000E7003ED002C8369C3307DD00529CEA8751
:107830006353A701BA876353FC00E2876357F000E4
:107840001D8F330CFC40330DFD40F247635AF002AC
:10785000CE853E864A853ADAEF10204EAA89E30D9E
:1078600005D64646AA854A85EF10E0382AD8E305B2
:1078700005D6C6454A85EF104013C2575257BEC8B9
:107880006340E012635A50016246DE854A85EF107C
:10789000C04AAA8BE30205D4635A8001DE85628662
:1078A0004A85EF106055AA8BE30805D2635AA00100
:1078B000CE856A864A85EF102054AA89E30E05D04A
:1078C000C6455E864A85EF1020632A8BE30605D005
:1078D000032CC500CE8523260500EF10C05E635A39
:1078E000050C336C9C0063120C129317C400639E4A
:1078F0000710B707F07FE18F3707B0066377F710FF
:1079000083274B0191E703270B01854763DFE70ED0
:10791000DA8505464A85EF10204ECE852A8BEF107A
:10792000805A6354A00E630B0A10B707F07FE18FF3
:107930003707B0066344F71037077003E355F7DAEB
:107940000147B70750392685A2853A86BE86EFC023
:107950002F852E84C98DAA84E39905C89307200238
:107960002320F90059B181177D57B317F7007D8C9B
:10797000F5B37D57B317F700FD8CCDB36247724D59
:10798000330CF7409DBD130720BEB307F7400547F2
:10799000B317F7003EC885473ED071B502C8E5BFB2
:1079A000C6453A864A85EF102045AAC8E31C05EC77
:1079B00025B161E5370710007D17B377E40063094F
:1079C0000C046399E7047D5763000A02B707F07F50
:1079D000E18FB706A00663E9F600D1839306B006EF
:1079E000B387F6403317F7006396E402B707F07FDA
:1079F000FD176315F400FD57E380F4BEB705F07F73
:107A0000E18D370410002E948144E31B0AF2F1BE8D
:107A1000C58F91DBC2479DCFE18FE5DB528626857E
:107A2000A285630C0C02EFF0CFE02A86AE860245F9
:107A3000B245EFA09FC2AA842E84C1BFB705F07FD4
:107A4000E18D3704F0FFA295370410007D144D8CB2
:107A5000FD5465BF8257E58FC9B7EFF08FDD2A86E9
:107A6000AE860245B245EFC00FD901468146AA84D1
:107A70002E84EFB01FDE51F9BDB1CE855A85EF10CF
:107A8000A07397570000938767A39043D4432AC8F5
:107A90002ECAEF10F0424247D247634AA010630556
:107AA0000C0A0147B707F03F81483708F03FB70697
:107AB000F07F337DD400B706E07F6319DD183ED830
:107AC000B707B0FCA297BE85268542DE46DC3ADACF
:107AD0003EC826D0EF106051525E42532A86AE86D1
:107AE00072859A85EFB0DFEB0257C2473A86BE86B1
:107AF000EFA0BFB6B706F07F33F7B600B707A07C9C
:107B0000AA84E25872586368F70C32479387F6FFED
:107B10006396E7000247FD57E380E7ACB707F07FC5
:107B20001384F7FFFD54C6454A85EF001068DE85D3
:107B30004A85EF009067CE854A85EF001067DA85A9
:107B40004A85EF00906685B1B1E4A256E18EA1EAC4
:107B500097460000938606A79042D4423A85BE8598
:107B60003AC83ECAEF10D035634F05029746000071
:107B70009386C6AA4247D2479042D4423A85BE85F0
:107B8000EFB01FE2AA882E88B70700804687B3C7E8
:107B9000070131BF85476394F400E30604B401474D
:107BA000B707F0BF11B781483708E03FF1BF9746EC
:107BB00000009386A6A69042D442BE853A85EFB0D7
:107BC0003FDEAA882E88AE8763150C00B7070080B9
:107BD000AD8F2A87E9BD370450032E94E3150AF4CC
:107BE000B707F07FE18FE310FDF44685C285428D33
:107BF00046C0EFC01FE9EFD02F8082472A86AE86AD
:107C00003E85EA85EFC02FBFA2572AC02EC2E18F62
:107C1000C58F33EC870163020C0C975700009387E4
:107C2000E78A9043D443EF10B029E340059C97576F
:107C300000009387278A024892489043D4434285A4
:107C4000C685EFB09FCAE350A0EE45B263000A06B6
:107C5000B706A00663ECA6059756000093868686B5
:107C60009042D4424685C2853EDA3AD846D042C8D0
:107C7000EF101025424882584257D2576343A00262
:107C80004685C285EFC07FED11E10545EFC0DFFD00
:107C9000AA882E88AE8763150C00B7070080AD8FC9
:107CA0002A87B705B006AE97B387A7410245B2450C
:107CB000BA843E8442D046C8EF1020332A86AE866E
:107CC0002685A285EFB0DFCD0246B246EFA0FF9831
:107CD000AA842E840258C24811B7974700009387A0
:107CE000E77F9043D443EF10B01DE35E05E2F5B8A3
:107CF000130750066387E700130750040545639D8B
:107D0000E7EC014B05456FF06FD679714AD01389C6
:107D1000C1818327090006D622D4945326D252CE9D
:107D200056CC2E8689E69786FE1F9386E639AA856D
:107D30003E85EFF0EFB4AA842E842A86AE8626858F
:107D4000A285EF10502319C92254B25092540259FF
:107D5000724AE24A014545616FA04FEF2685A28530
:107D6000EFD06F855327A5209747000087A7077B93
:107D700073271000D397E7A073101700B1C397477C
:107D800000009387277A03AA070083AA4700060406
:107D900005805286D6862685A2852AE6EF10B01D7C
:107DA000326511E95286D6862685A285EF105011DC
:107DB00032656347A000832709001307200298C398
:107DC000B250225492540259724AE24A456182806A
:107DD00001119387C18122CC2A84884301468A8578
:107DE00006CEEF007025635605007D57FD573AC05B
:107DF0003EC20245924519C008C04CC0F2406244E0
:107E00000561828001458280011122CC26CA4AC8C0
:107E100006CE4EC6AA842E89328409C51C4D99E32C
:107E2000EFD06FE6974700009387C7CB6319F4063E
:107E3000C0401C4C1CC45E24A18BD1C31C48C1C3D0
:107E40001C4808409379F90F1379F90F1D8D5C4890
:107E50006347F500A2852685EFD02FCF2DE51C4482
:107E60000505FD171CC41C401387170018C023808C
:107E700037015C486388A7005E24858B89CBA947BE
:107E80006317F900A2852685EFD02FCC0DEDF240C7
:107E900062444A85D2444249B2490561828097478B
:107EA0000000938727C66314F400804459B79747AE
:107EB0000000938727C1E31EF4F6C0449DBFA2854E
:107EC0002685B12835DD7D59D9B789CD9307F00FC7
:107ED00063F7C7009307A0081CC17D55828090A15D
:107EE0000545828001458280411122C42A842E8565
:107EF000B285368697B7FE1F23A607D006C6EF8049
:107F00002FA3FD576319F50097B7FE1F938787CFFF
:107F10009C4391C31CC0B240224441018280411164
:107F20009387C18126C2844322C44AC006C62A89D7
:107F30002E8491C49C4C81E72685EFD0CFD49747FF
:107F40000000938727BA631BF402C0400317C400E4
:107F500093170701C18393F68700B5EA93F60701EB
:107F600095EEA5472320F900136707045AA47D5511
:107F7000B240224492440249410182809747000066
:107F8000938747B86314F4008044C9B7974700004B
:107F9000938747B3E31CF4FAC0444DBF918B85C768
:107FA0004C5891C9930744046385F5004A85EFD086
:107FB000FFED232A04025E242322040093F7B7FD79
:107FC0005EA41C481CC05E2493E787005EA41C4886
:107FD00081EF5E241307002093F707286386E700EC
:107FE000A2854A85EFD03FCE5E2413F717001DC34C
:107FF0005C4823240400B307F0401CCC1C48014516
:10800000A5FB8317C40013F707083DD393E70704C4
:108010005EA4B1BF898B014791E3584818C4F9BFEA
:10802000411122C42A842E8597B7FE1F23AC07BCBA
:1080300006C6EF10007CFD576319F50097B7FE1FC9
:10804000938747BC9C4391C31CC0B240224441016A
:1080500082809C21130720076382E70413077007BF
:108060006389E70413071006638AE704D9471CC134
:1080700001458280638A1601638F6600850594211D
:10808000F5FAD98F1CC282800D99F19B1365050109
:1080900093E72700E5B7B3E70701CDB7014781476D
:1080A000114505689308B002130380071308088080
:1080B000F1B71307006085472145E5B71307802016
:1080C000854713058010F1BF411122C42A842E85F3
:1080D000B28597B7FE1F23A707B206C6EF106072DE
:1080E000FD576319F50097B7FE1F9387A7B19C430F
:1080F00091C31CC0B24022444101828010499306C2
:10810000450113D75540B6876356C7020A060A07CA
:10811000FD8936963697B9C91308470018431303EB
:1081200000023303B3403357B700636EC80098C3EF
:1081300011C391073387D740098718C96394D700C3
:10814000232A050082808328080091071108B3982C
:10815000680033E7E80023AEE7FE0327C8FFE1B776
:1081600011078325C7FF910723AEB7FEE36AC7FE59
:10817000D1B7930705FD93F7F70F25476367F7001E
:1081800001159377F50F3E8582809307F5F993F7F4
:10819000F70F954663E5F600130595FBDDB713076A
:1081A000F5FB1377F70F8147E3EFE6FC130595FD29
:1081B000C9BF1D71D6C2AA8A428536C63AC286CECA
:1081C000CAC8D2C4DAC05EDE3E8B6ED63289AE8DAE
:1081D000A2CCA6CACEC662DC66DA6AD8EFD05FA7A8
:1081E000832B05005E85EFE09FD9B387AB0083A6A4
:1081F0000D0083C7F7FF7957158F3EC82A8A9387EA
:108200002600930600033306F700BE84850703C5E6
:10821000F7FF32C4E309D5FEEFF0BFF5631E05108A
:108220005286DE852685EFE0BFD6631C0510338CB1
:10823000440103450C00EFF0DFF363050510E28411
:10824000930700038820630BF500EFF09FF285474A
:1082500093391500E28C3EC4268C21A08504DDB73D
:10826000050C03450C00EFF0DFF07DF95286DE854A
:108270006285EFE0FFD111E9639C0C00529CE28C17
:1082800003450C00EFF0FFEE5DE9014463850C004F
:1082900033848C410A0483470C001307000563876D
:1082A000E70013060007E28C6390C70683471C00B3
:1082B0001307B002638BE7081307D002638BE7084C
:1082C000930C1C00014D03C50C00EFF09FEA9307CF
:1082D000F5FF93F7F70FE14563E4F508930705FF12
:1082E000850C03C50C003ECAEFF0BFE89305F5FF0F
:1082F00093F5F50F6148D247A948637EB80463043B
:108300000D00B307F0403E9423A09D01638C090447
:10831000A247814491E39944F64066442685464944
:10832000D644B649264A964A064BF25B625CD25C5A
:10833000425DB25D256182808149814C31BF050C6F
:1083400081B7268C01448549B9B7014D930C2C00A7
:108350009DBF054DE5BFB3871703AA97C11749B75E
:10836000E28C5DB7B3079C40FD1781451D47634410
:10837000F70A56856D23054693094501B307464123
:10838000AA8D4E8D8148814C3ECA63E9840913054C
:108390004D0033053541098523209D0123A8AD00FB
:1083A000931455006685EF004078832B0900898C73
:1083B00063D89B0CB3847441A6856E85EF00706A08
:1083C0002A8A05C91386F4FF935656408A06CE962C
:1083D000944205473317C700758F054A19CB635977
:1083E000CA009385E4FF6E85EF00B0670D4A11E186
:1083F000094AA6856E85EFF07FD026940327890071
:10840000635F8708EE8556854D2392479304300AB3
:1084100023A0070011B78505858791BF9307FCFF4F
:108420003EC40346FCFFC2476309F60293070002FD
:108430006397F80023209D018148110D814C03456D
:10844000FCFF46CCEFF0FFD2E2483D8922433315D2
:108450001501B3ECAC00910815A052479307FCFF3F
:108460003383E700E36493FC1A855286DE8546CEAB
:108470001ACCEFE0FFB16243F2484DF91A8C31B7E4
:10848000014AE3DD74F7B3849B40EE85268656856A
:10849000EF009016AA8D058C9309450185B7032737
:1084A00049006355E40E330487406345740703278E
:1084B000C9008946630AD7048D46630AD7048546F6
:1084C000631BD70263998B026391EB020327490078
:1084D000B2479304200698C30547924723A8ED00AE
:1084E00023A0E90023A0B70105BD9385FBFF6E859E
:1084F000EF00305761FDEE8556854529924793047C
:10850000000523A0070009BDE3170BFEC1B7E31F59
:108510000BFAD5B79304F4FF63180A0691C4A68535
:108520006E85EF0010542A8A13D754400A074E97DD
:1085300018438545B3959500F98D99C1136A2A00B2
:10854000A2856E85B38B8B40EFF05FBB032449009F
:108550008944630B0A080327C9008946630AD702C6
:108560008D46630AD7028546631DD70013772A001C
:1085700009CB03A70900336AEA00137A1A00631EC5
:108580000A0093E404018DA0054A79BF8544D1B760
:108590000547330B6741E3060BFE83A90D011387E3
:1085A0004D01FD55139A2900330647011443638397
:1085B000B604850614C3894613874D016394D40815
:1085C00083260900FD16639F760193D65B408A06D9
:1085D000369718438546B39B7601B3FBEB00638364
:1085E0000B00854493E40402924723A0B701B247ED
:1085F00080C31DB31107232E07FEE369C7FA03A743
:108600008D0063C5E90283A54D0056858505012EC1
:1086100003A60D019385CD002A8B09060A063105B4
:10862000EFD0AFFBEE8556854926DA8D03A70D0105
:108630009306170011070A0723A8DD006E978546E9
:1086400054C395BF83A60D0163DCD90085456E85B3
:10865000EFF0DFAA032789000504E35487F85DB330
:1086600093FBFB018544E38F0BF652970325C7FF6D
:108670006D2913070002B30B7741E34975FD9DB7E0
:10868000A1473386C7400A0693060002918E5C41DB
:10869000184111053398D70033670701B3D7C700D6
:1086A000232EE5FE1CC1E364B5FE82801C416548B3
:1086B000850503C6F5FF850701E61CC105458280D7
:1086C00098239306F7FB93F6F60F6364D80013071D
:1086D0000702E30FC7FC014582805D7152DC03AAEB
:1086E0000500A6C24EDE93545A405AD88A0486C664
:1086F000A2C4CAC056DA5ED662D466D26AD06ECE42
:10870000137AFA012A8BB289B29463030A009104A6
:1087100083270B001389C4FF23AE04FECA8D4A844D
:108720000146814A814B214C930C00021D4D94332C
:10873000138717003AC0B1CA368532C63EC436C266
:10874000EFF03FA3324659E59246A24763E8DC02C8
:1087500063D47A036378B4016346CD00EE85228545
:10876000EFF01FF2214663F98900930DC4FF232E19
:1087700004FEDE8A6E840146824755BF930590024F
:10878000639CB60889072320FB0063870B08637985
:10879000B4019D4763C6C700EE852285EFF05FEE0A
:1087A00063FA8904CE8711040327C4FF910723AE1F
:1087B000E7FEE37A89FE910723AE07FEE37DF9FE2B
:1087C0008327090091E76317390585472320F900BE
:1087D0001545A1A00506850B6358CC00E3FE89F87A
:1087E000232E04FE054671141C403D899207C98F53
:1087F0001CC059B7E3060AFC93070002B387474140
:108800007D5AB357FA0003AAC4FF337AFA0023AEA5
:1088100044FF7DB771196DB71145B64026449644A3
:108820000649F259625AD25A425BB25B225C925CB0
:10883000025DF24D61618280411122C42A842E853D
:10884000B28597A7FE1F23AF073A06C6EF00707DDB
:10885000FD576319F50097A7FE1F9387A73A9C431E
:1088600091C31CC0B240224441018280411122C404
:108870002A842E8597A7FE1F23A6073806C6EF0079
:10888000507BFD576319F50097A7FE1F9387873725
:108890009C4391C31CC0B2402244410182804111DB
:1088A00022C42A842E85B285368697A7FE1F23AB65
:1088B000073406C6EF00F079FD576319F50097A756
:1088C000FE1F938727349C4391C31CC0B2402244AF
:1088D0004101828063F1A504B386C500637DD502A2
:1088E0009345F6FF8147FD176393F5008280338738
:1088F000F600034807003387C7002A9723000701C3
:10890000DDB73387F50014233307F500850714A37B
:10891000E319F6FE82808147E5BF828082805C5148
:10892000411122C44AC006C626C22A842E8989EF74
:108930004145EFD06FC248D0232205002324050013
:1089400023200500232605004450DC449DC75850D1
:10895000931729005847BA97884329E18544B3946F
:108960002401138654000A0685452285EF00D013A2
:1089700019CD2322250104C525A013061002914517
:108980002285EF0070125C50C8C4DC47E9F3014552
:10899000B24022449244024941018280184198C366
:1089A0002328050023260500E5B75C51011122CCE0
:1089B00006CE2A8499EF41452EC6EFD0EFB9B245D5
:1089C00048D0232205002324050023200500232668
:1089D000050091C95450DC4113972700DC46BA9733
:1089E000984398C18CC3F2406244056182807971DA
:1089F0004ECEAA89416522D426D22E84844906D639
:108A00004AD0D10501487D159C419105050833F7F1
:108A1000A7003307C702C183B387C70236979356AF
:108A20000701698FB69793D60701C207BA9723AE9D
:108A3000F5FEE34B98FCA1C21C4463C7F4024C4012
:108A40004E8536C68505EFF09FED10489305C400AE
:108A50002A8909060A063105EFD02FB8A2854E856E
:108A6000EFF0BFF4B2464A84938744008A07A29786
:108A7000D4C3850404C82285B250225492540259AA
:108A8000F2494561828079719387860052CC368A9B
:108A9000A54622D426D24ECE2E84B3C7D70206D600
:108AA0004AD056CAAA89B2848546814563CCF60469
:108AB0004E853AC6EFF0BFE6324785471CC958C914
:108AC000A54763D49704930A940056892694050910
:108AD0008346F9FFAA852946938606FD4E85EFF069
:108AE0001FF1E31689FE138484FF5694268963419F
:108AF0004903B250225492540259F249624AD24A6E
:108B0000456182808606850555B72904A544F9BFCD
:108B1000B3079940A2979423AA852946938606FD18
:108B20004E85EFF0DFEC0509D9B74177698FAA8749
:108B3000014519E3C2074145370700FF7D8F19E35F
:108B40002105A207370700F07D8F19E31105920771
:108B5000370700C07D8F19E309058A0763C907003D
:108B60001397170005056344070013050002828070
:108B70001C4113F777000DC393F61700014799E6E0
:108B800013F7270011C785831CC105473A858280EA
:108B900089831CC10947DDBF93960701C182014744
:108BA00099E2C183414793F6F70F99E22107A18328
:108BB00093F6F70099E21107918393F6370099E253
:108BC0000907898393F6170081E68583050799C312
:108BD0001CC16DBF1307000255BF411122C42E8472
:108BE000854506C6EFF0BFD340C9B24022440547D1
:108BF00018C94101828098491C4A797126D206D64B
:108C000022D44AD04ECEAE846354F700B2842E866E
:108C100083A90401032906019C44CC403384290123
:108C200063D38700850532C6EFF07FCF3246130845
:108C30004501131324004293C28763ED67029385B5
:108C40004401939829005106131E2900C166AE986D
:108C5000329EFD166364C60363568000711383273A
:108C60000300F1CB00C9B250225492540259F24988
:108C70004561828023A007009107C1B7832F0600BA
:108C8000B3FFDF00638A0F04428FAE82814403A7E3
:108C9000020083230F00110FB37ED700B38EFE03B3
:108CA000B3F7D30093D303019102BE9E93570701FC
:108CB000B387F703A69E13D70E01B3FEDE009E977F
:108CC000BA9793D40701C207B3E7D701232EFFFE5B
:108CD000E3EF12FB23209F0083522600638A0204E5
:108CE00083270800C28E2E8F814F03270F0083D366
:108CF0002E00F58F758F33075702910E110F1E97B7
:108D00007E97931F0701B3E7FF0023AEFEFE835754
:108D1000EFFF83AF0E004183B3875702B3FFDF003D
:108D2000FE97BA9793DF0701E3611FFD23A0FE00C2
:108D30001106110805B77D1405B7011126CA4AC8E6
:108D40004EC606CE22CC52C4937736002A89B2840E
:108D5000AE8989CFFD17174700001307279F8A07A1
:108D6000BA9790438146EFF09FC8AA898984A5CC21
:108D70008327490291EF4145EFC01FFE2322A9023C
:108D800023220500232405002320050023260500B7
:108D9000032A490203248A0019E8930510274A850B
:108DA000EFF0BFE32324AA002A842320050093F7D1
:108DB000140081CFCE8522864A85EFF0DFE32A8A30
:108DC000CE854A85EFF07FBED289858489CC084064
:108DD00009E92286A2854A85EFF0FFE108C0232039
:108DE00005002A84E9B7F24062444E85D2444249E4
:108DF000B249224A05618280797126D2AE844ECE74
:108E000083A9040122D4CC41135456409C44A29916
:108E10004AD056CA06D652CCAA8A1389190063C40E
:108E20002709568532C6EFF09FAF324693074501BA
:108E30002A8ABE8601479106634A87066353040067
:108E4000014494480A04338787008A0693874401C3
:108E50007D8ABE9625C2130800023308C8408145AA
:108E60008843110791073315C500C98D232EB7FE1E
:108E700083A5C7FFB3D50501E3E4D7FE0CC399C1B1
:108E8000138929007D1923282A015685A685EFF02C
:108E9000DFB1B2502254528592540259F249624ACB
:108EA000D24A456182808505860795BF23AE06FEBE
:108EB000050751B7910703A6C7FF1107232EC7FE69
:108EC000E3EAD7FEC1B71C499849998F8DE30A0799
:108ED0005105D105B306E500BA95F116F11590429A
:108EE00098416308E600FD576363E60085473E85C9
:108EF0008280E364D5FEE5BF011126CAAE844EC66A
:108F0000B285AA89268522CC06CE4AC83284EFF0E3
:108F10009FFB05E181454E85EFF07FA085471CC989
:108F2000232A0500F2406244D2444249B249056115
:108F30008280054963460500A28701492684BE84D4
:108F40004C404E85EFF0BF9D0323040183A804012C
:108F500013064401131E2300138844018A08C16EBE
:108F600023262501329EC29893064501014FFD1E1E
:108F70001842832F08009106B375D701B3F7DF01BC
:108F8000FA959D8D93DF0F0193570701B387F74142
:108F900013D70541BA9713DF0741B3F5D501C207CF
:108FA000CD8F110823AEF6FE1106E36318FDC165EF
:108FB000FD156368C601F1169C4295C7232865001C
:108FC00095B71C429106110633F7B7007A971358EC
:108FD0000741C183C29713DF07416D8FC207D98F45
:108FE00023AEF6FEF9B77D13F9B7B707F07FFD8D15
:108FF000B707C0FCBE956355B00081473E858280AF
:10900000B305B04093D745414D476347F700B705D7
:109010000800B3D5F540D5B71387C7FEF94681459B
:109020008547E3CDE6FCB7070080B3D7E700F9B783
:10903000797126D204494ECE930945018A04CE9413
:1090400022D403A4C4FF4AD02EC6228506D6EFF050
:10905000DFADB24593070002898F9CC1A9471389F0
:10906000C4FF63CDA702AD47898F3707F03FB356E2
:10907000F400D98E014763F4290103A784FF550545
:109080003315A400B357F700C98FB250225492543D
:109090000259F2493E85B68545618280814763F673
:1090A000290183A784FF138984FF551505C9130778
:1090B00000023306A74033D7C7003314A400598CED
:1090C000B706F03FC18E014763F429010327C9FFAA
:1090D000B397A7003357C700D98F45BFB706F03FF6
:1090E000C18E65B7797122D42E84854526D24AD0A7
:1090F000B2844ECE52CC3A8906D6368AEFF03F8201
:10910000370710009307F7FFE58FD18093F4F47FC2
:10911000AA89B5E03EC62DC4280022C4EFF05FA5A1
:10912000A24621CD324793070002898FB317F7007B
:10913000D58F3357A70023AAF9003AC6324423AC8F
:10914000890033348000050423A88900B9C49384BE
:10915000D4BCAA949307500323209A003385A740D8
:109160002320A900B25022544E8592540259F2494C
:10917000624A45618280D98F71BF23AAD9007DBF21
:109180006800EFF0FF9EB24713050502054423AACD
:10919000F900854723A8F90055BF9317240013054C
:1091A000E5BCCE972320AA00884B1604EFF0FF976A
:1091B000098C232089007DB779714AD02E892C0033
:1091C00006D622D426D24ECE52CC2A8AEFF05FE6C3
:1091D000AA89AE842E844A856C00EFF07FE5832750
:1091E000090103270A01A2461D8FB24716079D8E6B
:1091F000B307D7006355F002D2072E863384970059
:109200003287A2852A86BA864E85EF90FFE5B25056
:10921000225492540259F249624A456182803707CA
:10922000F0FFB387E7023386B700D9BF9387F5FF16
:10923000184A958785078A07930646010A07AA9761
:10924000369763E5E600636AF5008280910603A61F
:10925000C6FF1105232EC5FEEDB71105232E05FE11
:10926000DDB7144993D755401307450163C7F6028C
:1092700063DFD700FD8981CD93962700BA9690428F
:109280000545B356B600B395B600631EB6008A070F
:10929000BA976366F70001458280B687CDBFF117A4
:1092A0009443E5DA054582803386C502011122CC5C
:1092B00006CEB28532C6EFC0FFC72A8409C5324642
:1092C0008145EF704EA82285F2406244056182809C
:1092D00081E5B2856FC01FC6011122CC06CE26CA19
:1092E0004AC84EC6328401EEEFC05FBA0149F2406F
:1092F00062444A85D2444249B24905618280AE84C3
:10930000AA896D262689E37485FEA2854E85EFC065
:109310007FC22A8969DDA6852286EFC01FACA6859B
:109320004E85EFC0BFB6E1B701114AC803A9850059
:1093300022CC52C45AC006CE26CA4EC656C22E846D
:10934000328B368A63E92609DE2513F7074851C3B5
:1093500004408C495848AA8AB389B4408D44B384E8
:10936000E4020947B3C4E402138716004E9763F37F
:10937000E400BA8493F70740BDCFA6855685EFC0B9
:109380007FBB2A891DE1B14723A0FA005E247D55E9
:1093900093E707045EA4F2406244D2444249B249D2
:1093A000224A924A024B056182800C484E86EFC0E9
:1093B000DFA25E2493F7F7B793E707085EA423289C
:1093C000240144C84E99B38434412320240104C4A9
:1093D000528963732A01528908404A86DA85EFF080
:1093E0006FCF1C440145B38727411CC41C403E99E4
:1093F000232024014DB726865685EFF07FED2A897C
:109400005DFD0C485685EFC07FA8B5BFDE257171A4
:1094100026D34AD14ECF06D722D552CD56CB5AC9E4
:109420005EC762C566C393F70708AA892E89B2840E
:10943000B9C39C49A9E39305000436C6EFC09FAFAA
:109440002320A9002328A900B24615E1B14723A093
:10945000F9007D55BA502A549A540A59FA496A4A71
:10946000DA4A4A4BBA4B2A4C9A4C4D618280930798
:109470000004232AF90093070002A30CF1029307CA
:10948000000302DA230DF10236CE930B5002972A25
:109490000000938AAA69054C294B26841C2099C395
:1094A00063997709B30C9440638E0C00E686268698
:1094B000CA854E85EFF05FE7FD57630BF518D2566E
:1094C000E69636DA1C2063850718FD5793041400CE
:1094D00002D002D63ED202D4A301010682DC8C2047
:1094E00015465685EFC0BF8B13841400825721E5C3
:1094F00013F7070109C713070002A301E10613F7D9
:10950000870009C71307B002A301E10694201307DF
:10951000A002638AE602B2572684814625461820B7
:1095200093051400130707FD6372E6068DC63ED649
:109530001DA00504A5B7330555413315AC00C98FEF
:109540003ED0A28469BF724793064700184336CEC7
:10955000634707023AD618209307E002631DF70419
:1095600018309307A002631BF702F2470904138720
:1095700047009C433ACE63C107023ED22DA8330771
:10958000E04093E727003AD63ED0F1B7B3876703B0
:1095900085462E84BA9761B7FD57C5B7050402D238
:1095A000814681472546182093051400130707FDBF
:1095B0006376E606F9F20C200D4617250000130528
:1095C0006557EFC0CFFD11CD9727000093878756D1
:1095D0001D8D93070004B397A700025505045D8D08
:1095E0002AD00C201946172500001305E5549304D2
:1095F0001400230CB102EFC08FFA25C59777FEFF48
:10960000938747A095E70257F2471377071009CFD2
:1096100091073ECED257D2973EDA41B5B387670362
:1096200085462E84BA9741B79D07E19BA107D5B720
:10963000780897060000938666CF4A860C104E8500
:1096400097000000E7000000FD572A8AE314F5FCAC
:109650008357C9007D5593F70704E39D07DE5255F4
:10966000D5BB780897060000938646CC4A860C1036
:109670004E85EFC01FDAC9BF411122C42A842E854E
:10968000B28536869797FE1F23AE075606C6D522AB
:10969000FD576319F5009797FE1F9387A7569C43C4
:1096A00091C31CC0B24022444101828083A7C5FF00
:1096B0001385C7FF63D50700AA959C413E9582801C
:1096C000F3272000B707100013D74501FD1713D863
:1096D00046011377F77F9308F07F33F3B7002A8EA4
:1096E000F58FFD81B28E1378F87FFD82630F17032B
:1096F000630D180121E3B368A300631008025D8EB7
:1097000009EE0145639F08008280B3E8C700E38348
:1097100008FE7360180009458280638F0802638326
:10972000D5020545F5D17D5582803365A30075F1DD
:109730006307E802631408005D8E65D6E393D5FEE7
:10974000E341E8FE63480701E3ED67FC630EF300C5
:10975000637AF30099E1C1BFF9D6054582805D8E39
:1097600071DE45BF01458280E3EDCEFB0145E37D1F
:10977000DEF9E5F54DBF2A83F3272000B707100077
:1097800013D74501FD1713D846011377F77F9308C8
:10979000F07FFD8DF58F9376F87F6305170313082F
:1097A000F07F01456383060182805D8E1DC66307DD
:1097B000D7021397C7000545E34807FE73601800FA
:1097C000054582804D8D61DD1395C500E35805FE8A
:1097D0000545E39BE6FC5D8E11A8828033E36500BE
:1097E000E30903FC1397C500E35A07FC054571F232
:1097F0008280930780051797FE1F2325F7407D552C
:109800008280930780051797FE1F232DF73E7D5515
:109810008280930780051797FE1F2325F73E7D550D
:109820008280930780051797FE1F232DF73C7D55F7
:109830008280930780051797FE1F2325F73C01457B
:109840008280930780051797FE1F232DF73A7D55D9
:109850008280930780051797FE1F2325F73A7D55D1
:109860008280930780051797FE1F232DF7387D55BB
:109870008280930780051797FE1F2325F7387D55B3
:10988000828001A00830020000300200F82F0200A0
:10989000F02F0200E82F02009E2F02006861726420
:1098A0002066616C756C740D0000000026080000D5
:1098B0003808000044080000480800004C08000078
:1098C00050080000560800005C080000280900004D
:1098D000460900004A0900004E0900005209000034
:1098E000560900005C090000620900000000000049
:1098F0001F85EB51B81EF93F0000000000804F406B
:1099000000007C4200007A440000803F43616E53B7
:10991000656E640043616E5461626C650000000016
:10992000436865636B43616E496400004765745228
:10993000657175657374000073656E6443616E6470
:10994000526571756573740047657443616E4D654A
:10995000737361676500000073657443616E4669E7
:109960006C74657200000000526573657443616E2B
:1099700046696C746572000047657443616E546F8C
:109980005461626C65000000436F6E6669674361F5
:109990006E0000005365744C6564427269677468B8
:1099A000000000005365744261636B4C6967687422
:1099B00068427269677468005365744C45440000DE
:1099C0004D656D6F72792025640D0A005265732014
:1099D00025640D0A000000006D61696E0000000042
:1099E00074696D6572203D2025690D0A0000000034
:1099F0004572726F72203D2025730D0A0000000031
:109A000053797374656D436C6B3A25640D0A0000DD
:109A100043616E72785461736B000000494F54616A
:109A2000736B00004C75615461736B00D8260000A5
:109A3000E2260000F4260000FC26000006270000B5
:109A400012270000682700006E270000862700000C
:109A500080270000282A6E6F206E616D6529000046
:109A60003F00000050414E49433A20756E70726FBE
:109A7000746563746564206572726F7220696E200C
:109A800063616C6C20746F204C75612041504920DB
:109A9000282573290A0000005F4C4F4144454400CB
:109AA0005F472E006E6F7420656E6F756768206D5E
:109AB000656D6F727920666F722062756666657279
:109AC00020616C6C6F636174696F6E00EFBBBF00E7
:109AD0005F5F6E616D650000536C000025733A2571
:109AE000643A2000636F726520616E64206C696265
:109AF00072617279206861766520696E636F6D703E
:109B0000617469626C65206E756D6572696320743D
:109B100079706573000000006D756C7469706C6518
:109B2000204C756120564D732064657465637465BF
:109B30006400000076657273696F6E206D69736DE5
:109B4000617463683A206170702E206E656564737D
:109B50002025662C204C756120636F726520707221
:109B60006F76696465732025660000007472756500
:109B70000000000066616C73650000005F5F746F39
:109B8000737472696E670000275F5F746F7374721D
:109B9000696E6727206D7573742072657475726EB7
:109BA000206120737472696E67000000254900000F
:109BB000256600006E696C0025733A202570000050
:109BC00062616420617267756D656E74202325641F
:109BD000202825732900000063616C6C696E672082
:109BE00027257327206F6E206261642073656C6681
:109BF0002028257329000000626164206172677566
:109C00006D656E742023256420746F2027257327CB
:109C100020282573290000006E756D62657220682A
:109C20006173206E6F20696E74656765722072655E
:109C300070726573656E746174696F6E0000000008
:109C400076616C7565206578706563746564000085
:109C5000737461636B206F766572666C6F77202812
:109C600025732900737461636B206F766572666C6F
:109C70006F770000696E76616C6964206F7074693B
:109C80006F6E20272573270025733A202573000067
:109C900065786974000000003D737464696E0000AB
:109CA000402573006F70656E0000000063616E6E8A
:109CB0006F742025732025733A202573000000005F
:109CC0007262000072656F70656E0000726561649B
:109CD000000000006F626A656374206C656E6774D3
:109CE00068206973206E6F7420616E20696E7465E0
:109CF00067657200746F6F206D616E792075707684
:109D0000616C75657300000025730A0073746163EC
:109D10006B2074726163656261636B3A00000000DE
:109D20000A092E2E2E000000536C6E7400000000F5
:109D30000A0925733A00000025643A0020696E2064
:109D40000000000066756E6374696F6E20272573CE
:109D50002700000025732027257327006D61696E99
:109D6000206368756E6B000066756E6374696F6E54
:109D7000203C25733A25643E000000000A09282E85
:109D80002E2E7461696C2063616C6C732E2E2E29EB
:109D90000000000062756666657220746F6F206C4B
:109DA00061726765000000004C5541424F58000049
:109DB0005F5F6763000000006C69676874207573FB
:109DC0006572646174610000257320657870656355
:109DD0007465642C20676F74202573008CA00100CB
:109DE000FE34000094A001008C310000A4A001000A
:109DF000B0340000F4BD010040310000ACA001000F
:109E00007C340000BCA001002E300000C4A0010082
:109E10002E340000D0A0010090330000D8A0010033
:109E200060300000E0A001004E350000E8A0010015
:109E3000A0320000F0A00100702F0000F8A0010087
:109E4000442F000004A101000A2F00000CA1010012
:109E5000DE2E000014A10100AA2E00001CA10100AA
:109E6000E22C000024A10100EA32000034A101002C
:109E7000542D00001C9F01007E2C000040A1010019
:109E8000A82C000048A101004A32000030A00100C7
:109E9000000000003CA001000000000000000000E5
:109EA00000000000746F6F206D616E79206E657325
:109EB0007465642066756E6374696F6E730000006C
:109EC0007265616465722066756E6374696F6E2079
:109ED0006D7573742072657475726E206120737471
:109EE00072696E6700000000617373657274696F58
:109EF0006E206661696C6564210000000000803A94
:109F0000636F6C6C65637400627400003D286C6F55
:109F1000616429005F5F706169727300746F7374AC
:109F200072696E670000000027746F737472696E47
:109F30006727206D7573742072657475726E206169
:109F400020737472696E6720746F20277072696E57
:109F500074270000090000007461626C65206F7254
:109F600020737472696E67206578706563746564C8
:109F700000000000696E646578206F7574206F665C
:109F80002072616E676500006E696C206F722074CC
:109F900061626C65206578706563746564000000BB
:109FA0005F5F6D6574617461626C650063616E6EA4
:109FB0006F74206368616E676520612070726F74D2
:109FC0006563746564206D6574617461626C6500BD
:109FD00062617365206F7574206F662072616E67B1
:109FE00065000000200C0A0D090B000048A00100CC
:109FF00050A00100009F010058A0010060A00100D6
:10A0000068A0010074A0010080A001000000000011
:10A01000000000000100000002000000030000003A
:10A020000500000006000000070000000900000015
:10A030005F4700004C756120352E33005F56455256
:10A0400053494F4E0000000073746F700000000011
:10A050007265737461727400636F756E74000000D2
:10A0600073746570000000007365747061757365CA
:10A0700000000000736574737465706D756C00008A
:10A08000697372756E6E696E670000006173736547
:10A0900072740000636F6C6C6563746761726261F7
:10A0A00067650000646F66696C6500006765746DC4
:10A0B0006574617461626C650000000069706169BB
:10A0C000727300006C6F616466696C65000000006B
:10A0D0006C6F6164000000006E6578740000000021
:10A0E00070616972730000007063616C6C00000045
:10A0F0007072696E74000000726177657175616CD1
:10A10000000000007261776C656E00007261776715
:10A1100065740000726177736574000073656C6527
:10A12000637400007365746D6574617461626C655D
:10A1300000000000746F6E756D62657200000000B3
:10A140007479706500000000787063616C6C0000C9
:10A15000D03D0000D83D0000EA3D0000D43D0000A5
:10A16000D43D0000163E0000163E00004A3E0000AE
:10A17000643E0000643E0000783E0000863E000021
:10A180009E3E0000D43E00005E3E00005E3E0000A9
:10A190005E3E00005E3E0000AA3E0000FA40000065
:10A1A000E8400000F44000001E410000364100007D
:10A1B00014410000CC430000D2430000CC43000017
:10A1C000D2430000D2430000D2430000F643000017
:10A1D000DE430000DE430000DE430000D643000003
:10A1E000F6430000424500004245000042450000A1
:10A1F0004245000042450000424500004245000043
:10A200004245000042450000424500004245000032
:10A2100042450000D244000056450000564500006B
:10A2200056450000564500005645000056450000C2
:10A23000A2440000C4440000636F6E7374616E74C6
:10A24000730000000600000000000000FFFFFFFF99
:10A25000FFFFFFFF636F6E74726F6C207374727513
:10A26000637475726520746F6F206C6F6E67000089
:10A2700066756E6374696F6E206F72206578707298
:10A28000657373696F6E206E6565647320746F6F9C
:10A29000206D616E792072656769737465727300F1
:10A2A0006F70636F64657300B8A201001A46000006
:10A2B00000000000000000007969656C6400000087
:10A2C0000000000000000000000008080808080066
:10A2D000000000000000000000000000000000007E
:10A2E000000C04040404040404040404040404042A
:10A2F000041616161616161616161604040404046A
:10A30000040415151515151505050505050505059F
:10A3100005050505050505050505050504040404F1
:10A32000050415151515151505050505050505057E
:10A3300005050505050505050505050504040404D1
:10A34000000000000000000000000000000000000D
:10A3500000000000000000000000000000000000FD
:10A3600000000000000000000000000000000000ED
:10A3700000000000000000000000000000000000DD
:10A3800000000000000000000000000000000000CD
:10A3900000000000000000000000000000000000BD
:10A3A00000000000000000000000000000000000AD
:10A3B000000000000000000000000000000000009D
:10A3C000000000006A470000064800000648000040
:10A3D0007A4700007A470000E2470000804700000B
:10A3E000804700007A4700007A4700007A47000063
:10A3F0007A47000038480000224C0000224C000040
:10A40000D84B0000984B0000D84B0000984B000040
:10A41000224C0000024C0000024C0000024C0000E4
:10A42000024C0000024C0000024C0000024C0000F4
:10A43000024C0000024C0000024C0000024C0000E4
:10A44000024C0000064C00000A4C0000984B000033
:10A450000E4C0000124C0000984B0000164C0000FF
:10A460001A4C00001E4C0000984B0000984B000056
:10A47000E84B0000E84B0000984B0000984B0000B0
:10A48000984B0000FA4B00006C6F63616C00000099
:10A490006669656C64000000757076616C756500B6
:10A4A000636F6E7374616E7400000000676C6F629E
:10A4B000616C00005F454E560000000025733A2590
:10A4C000643A202573000000636F6E636174656EEB
:10A4D00061746500617474656D707420746F2063BD
:10A4E0006F6D706172652074776F202573207661BF
:10A4F0006C75657300000000617474656D70742084
:10A50000746F20636F6D70617265202573207769A9
:10A5100074682025730000006E756D626572257386
:10A5200020686173206E6F20696E746567657220A4
:10A53000726570726573656E746174696F6E000028
:10A54000617474656D707420746F202573206120B0
:10A5500025732076616C7565257300003D3F000012
:10A560004C7561006D6574616D6574686F640000A1
:10A57000686F6F6B00000000666F7220697465720F
:10A5800061746F72000000003D5B435D00000000DD
:10A590004300000020282573202725732729000069
:10A5A000617474656D707420746F206C6F616420C9
:10A5B00061202573206368756E6B20286D6F64655C
:10A5C00020697320272573272900000062696E61C6
:10A5D0007279000074657874000000004320737481
:10A5E00061636B206F766572666C6F7700000000A8
:10A5F00063616C6C0000000063616E6E6F742072AA
:10A600006573756D65206E6F6E2D73757370656EF5
:10A6100064656420636F726F7574696E6500000015
:10A6200063616E6E6F7420726573756D652064650D
:10A63000616420636F726F7574696E65000000005D
:10A64000617474656D707420746F207969656C64D1
:10A65000206163726F7373206120432D63616C6CA2
:10A6600020626F756E6461727900000061747465B8
:10A670006D707420746F207969656C642066726FE8
:10A680006D206F757473696465206120636F726FEC
:10A690007574696E650000006572726F7220696E74
:10A6A000206572726F722068616E646C696E6700FB
:10A6B000F2660000086700004A6800005C6800005D
:10A6C000646800006A680000B46800009A660000D0
:10A6D0006E6F206D65737361676500006572726FE0
:10A6E0007220696E205F5F6763206D6574616D65C0
:10A6F00074686F64202825732900000030A00100D1
:10A70000481C02008CA60100A61C020000000000EC
:10A710000000000068657861646563696D616C20A4
:10A7200064696769742065787065637465640000A6
:10A730006368756E6B2068617320746F6F206D6144
:10A740006E79206C696E6573000000002573206EC1
:10A750006561722025730000696E76616C69642002
:10A760006C6F6E6720737472696E672064656C69C4
:10A770006D69746572000000756E66696E69736854
:10A78000656420737472696E670000006D6973738D
:10A79000696E6720277B27005554462D3820766147
:10A7A0006C756520746F6F206C61726765000000C6
:10A7B0006D697373696E6720277D2700696E766106
:10A7C0006C6964206573636170652073657175657C
:10A7D0006E636500646563696D616C2065736361B8
:10A7E000706520746F6F206C6172676500000000F7
:10A7F000272563270000000027257327000000009D
:10A8000008A901000CA9010014A9010018A9010060
:10A8100020A9010010990100749B010028A90100E2
:10A820002CA9010038A9010024A9010018B20100D7
:10A8300088A40100B49B010040A90100E0C101000F
:10A8400044A901004CA9010054A901006C9B01001E
:10A850005CA9010064A901006CA9010070A90100B4
:10A8600074A9010078A901007CA9010080A9010058
:10A8700084A9010088A901008CA9010090A9010008
:10A8800094A901009CA90100A8A90100B4A9010094
:10A89000BCA90100636F6D6D656E7400756E6669AD
:10A8A0006E6973686564206C6F6E6720257320285D
:10A8B0007374617274696E67206174206C696E656F
:10A8C000202564290000000045650000507000004C
:10A8D000785800002D2B00006D616C666F726D65FD
:10A8E00064206E756D626572000000006C657869A9
:10A8F00063616C20656C656D656E7420746F6F208C
:10A900006C6F6E6700000000616E640062726561CA
:10A910006B000000646F0000656C73650000000050
:10A92000656C736569660000666F720066756E63BC
:10A9300074696F6E00000000676F746F00000000A4
:10A940006E6F740072657065617400007265747575
:10A95000726E00007468656E00000000756E7469A8
:10A960006C0000007768696C650000002F2F000004
:10A970002E2E00002E2E2E003D3D00003E3D0000FC
:10A980003C3D00007E3D00003C3C00003E3E00009F
:10A990003A3A00003C656F663E0000003C6E756D03
:10A9A0006265723E000000003C696E746567657206
:10A9B0003E0000003C6E616D653E00003C737472A9
:10A9C000696E673E00000000746F6F206D616E79E4
:10A9D00020257320286C696D6974206973202564B3
:10A9E000290000006D656D6F727920616C6C6F637A
:10A9F0006174696F6E206572726F723A20626C6F5B
:10AA0000636B20746F6F20626967000072790000C9
:10AA10007A7900008079000086790000C47900000E
:10AA2000C47900008E790000967900009C790000BE
:10AA3000A2790000A8790000B2790000B87900007E
:10AA4000BE7900008C7A00004C7A0000587A000031
:10AA50007A7A0000647A00005E7A00006A7A000068
:10AA6000927A0000927A0000927A0000927A0000B6
:10AA7000927A0000747A00000001020203030303CB
:10AA8000040404040404040405050505050505057E
:10AA9000050505050505050506060606060606065E
:10AAA0000606060606060606060606060606060646
:10AAB000060606060606060607070707070707072E
:10AAC0000707070707070707070707070707070716
:10AAD0000707070707070707070707070707070706
:10AAE00007070707070707070707070707070707F6
:10AAF00007070707070707070808080808080808DE
:10AB000008080808080808080808080808080808C5
:10AB100008080808080808080808080808080808B5
:10AB200008080808080808080808080808080808A5
:10AB30000808080808080808080808080808080895
:10AB40000808080808080808080808080808080885
:10AB50000808080808080808080808080808080875
:10AB60000808080808080808080808080808080865
:10AB700008080808080808085B737472696E672083
:10AB800022000000225D0000286E756C6C29000018
:10AB90003C5C25643E00000025000000696E766183
:10ABA0006C6964206F7074696F6E2027252525639A
:10ABB0002720746F20276C75615F707573686673EA
:10ABC0007472696E672700002E78586E4E00000080
:10ABD00025640000252E3767000000002D3031323B
:10ABE00033343536373839006071415450505C6C1D
:10ABF0003C103C546C7C7C7C7C7C7C7C7C7C7C7CB9
:10AC00007C606060606822BCBCBC84E45454106208
:10AC1000620462145150170073656C6600000000F6
:10AC20003C6E616D653E206F7220272E2E2E2720F0
:10AC300065787065637465640000000025732065A5
:10AC4000787065637465642028746F20636C6F731B
:10AC500065202573206174206C696E652025642948
:10AC6000000000003C676F746F2025733E20617404
:10AC7000206C696E65202564206A756D707320698B
:10AC80006E746F207468652073636F7065206F66E3
:10AC9000206C6F63616C20272573270043206C654F
:10ACA00076656C730000000025732065787065631D
:10ACB000746564006D61696E2066756E6374696F9A
:10ACC0006E00000066756E6374696F6E206174209B
:10ACD0006C696E6520256400746F6F206D616E79FC
:10ACE00020257320286C696D6974206973202564A0
:10ACF0002920696E2025730066756E6374696F6E16
:10AD000020617267756D656E747320657870656318
:10AD1000746564006E6F2076697369626C65206C7F
:10AD20006162656C202725732720666F72203C675F
:10AD30006F746F3E206174206C696E65202564001D
:10AD40003C25733E206174206C696E65202564206B
:10AD50006E6F7420696E736964652061206C6F6F1B
:10AD6000700000006C6F63616C20766172696162D3
:10AD70006C6573006C6162656C732F676F746F73C1
:10AD800000000000757076616C756573000000004E
:10AD90000A0A0A0A0B0B0B0B0E0D0B0B0B0B06060C
:10ADA0000404050507070707090803030303030352
:10ADB00003030303030302020101000028666F720C
:10ADC00020696E646578290028666F72206C696D51
:10ADD0006974290028666F722073746570290000F9
:10ADE00028666F722067656E657261746F722900E4
:10ADF00028666F72207374617465290028666F720B
:10AE000020636F6E74726F6C29000000273D27204D
:10AE10006F722027696E272065787065637465649A
:10AE2000000000006C6162656C202725732720619B
:10AE30006C726561647920646566696E6564206F13
:10AE40006E206C696E6520256400000073796E7455
:10AE50006178206572726F720000000063616E6E2F
:10AE60006F742075736520272E2E2E27206F757422
:10AE7000736964652061207661726172672066750E
:10AE80006E6374696F6E0000756E657870656374CB
:10AE900065642073796D626F6C0000006E6F7420C2
:10AEA000656E6F756768206D656D6F727900000063
:10AEB00082A5000092A50000FCA400005AA5000095
:10AEC000A6A50000A6A50000A6A50000A6A5000056
:10AED000A6A50000A6A50000A6A50000A6A5000046
:10AEE000A6A50000A6A50000A6A50000A6A5000036
:10AEF000A6A50000A6A5000082A5000070A5000080
:10AF0000A6A5000092A500007461626C65206F76B2
:10AF10006572666C6F7700000000000000000000A2
:10AF20000000000000000000000000007461626C7E
:10AF30006520696E646578206973206E696C000015
:10AF40007461626C6520696E646578206973204E57
:10AF5000614E0000696E76616C6964206B657920D2
:10AF6000746F20276E657874270000000000004F82
:10AF7000000000CF38B0010040B00100B09D0100DA
:10AF80004CB0010054B001005CB0010064B001009D
:10AF90006CB0010074B001007CB0010084B001000D
:10AFA0008CB0010094B001009CB00100A4B001007D
:10AFB000ACB00100B4B00100BCB00100C4B00100ED
:10AFC000CCB00100D4B00100DCB00100E4B001005D
:10AFD000F0B00100706572666F726D2062697477FF
:10AFE000697365206F7065726174696F6E206F6E32
:10AFF00000000000706572666F726D206172697486
:10B00000686D65746963206F6E000000F8B0010020
:10B01000B49B010004B101002CB101000CB101008E
:10B02000809B010014B101002CA901002CB101008A
:10B030001CB1010024B101005F5F696E6465780096
:10B040005F5F6E6577696E64657800005F5F6D6F46
:10B05000646500005F5F6C656E0000005F5F657196
:10B06000000000005F5F6164640000005F5F737553
:10B07000620000005F5F6D756C0000005F5F6D6FC8
:10B08000640000005F5F706F770000005F5F6469BD
:10B09000760000005F5F6964697600005F5F62614F
:10B0A0006E6400005F5F626F720000005F5F627835
:10B0B0006F7200005F5F73686C0000005F5F736811
:10B0C000720000005F5F756E6D0000005F5F626E72
:10B0D0006F7400005F5F6C74000000005F5F6C6560
:10B0E000000000005F5F636F6E636174000000002A
:10B0F0005F5F63616C6C00006E6F2076616C7565DC
:10B1000000000000626F6F6C65616E006E756D62AD
:10B11000657200007461626C65000000746872659D
:10B120006164000070726F746F0000007573657267
:10B1300064617461000000007472756E636174650F
:10B140006400000025733A20257320707265636FD8
:10B150006D70696C6564206368756E6B000000003B
:10B1600025732073697A65206D69736D61746368F6
:10B1700020696E000040B94362696E617279207384
:10B180007472696E670000006E6F742061000000C9
:10B190001B4C75610000000076657273696F6E204C
:10B1A0006D69736D6174636820696E00666F726D9E
:10B1B0006174206D69736D6174636820696E00004D
:10B1C000636F7272757074656400000019930D0AE4
:10B1D0001A0A0000696E740073697A655F74000072
:10B1E000496E737472756374696F6E006C75615F1C
:10B1F000496E7465676572006C75615F4E756D624E
:10B2000065720000656E6469616E6E657373206DB2
:10B2100069736D6174636820696E0000666C6F61AC
:10B220007420666F726D6174206D69736D617463F3
:10B230006820696E0000000048BC000020BC0000CF
:10B2400020BC000028BC000020BC00009ABC00000C
:10B2500020BC000040BC000020BC000020BC00005E
:10B2600020BC000020BC000020BC000020BC00006E
:10B2700020BC000020BC000020BC000020BC00005E
:10B2800020BC000020BC000032BC000020BC00003C
:10B2900020BC000018C100002CC1000034C1000017
:10B2A0004EC100006CC100007EC100008CC10000D6
:10B2B000DEC10000F4C1000096C20000C6C200005A
:10B2C00030C300008AC30000DEC3000084C4000055
:10B2D00012C5000088C80000DAC90000A2C500003D
:10B2E00042C900001AC6000098C6000012C700003C
:10B2F0008CC700000EC8000052CA000094CA0000AB
:10B30000BECA0000E2CA0000F6CA00005ECB000020
:10B3100086CB0000CECB00000ACC000074CC00002D
:10B32000D8CC000030CD00006ACD000006CE000071
:10B3300050CE0000E2CE000010D000007AD0000015
:10B340009CD000002CD10000F4D10000737472690D
:10B350006E67206C656E677468206F766572666CC8
:10B360006F770000617474656D707420746F206471
:10B370006976696465206279207A65726F000000E1
:10B3800027666F7227206C696D6974206D75737400
:10B390002062652061206E756D626572000000009C
:10B3A00027666F72272073746570206D7573742023
:10B3B00062652061206E756D6265720027666F722E
:10B3C0002720696E697469616C2076616C756520EF
:10B3D0006D7573742062652061206E756D62657293
:10B3E00000000000696E646578000000275F5F69F7
:10B3F0006E6465782720636861696E20746F6F20C2
:10B400006C6F6E673B20706F737369626C65206C44
:10B410006F6F7000275F5F6E6577696E6465782770
:10B4200020636861696E20746F6F206C6F6E673B7C
:10B4300020706F737369626C65206C6F6F700000B1
:10B44000617474656D707420746F20706572666FBE
:10B45000726D20276E252530270000006765742057
:10B460006C656E677468206F66000000020004005F
:10B4700008001000140078002C0158024CE4000071
:10B4800054E400005CE4000064E400006CE40000AC
:10B49000002C014000000040000400400008004073
:10B4A000000C004000100040001400400034014037
:10B4B000004C01402E2E2F4672656552544F532F7B
:10B4C000706F727461626C652F4D656D4D616E6752
:10B4D0002F686561705F342E630000006572722012
:10B4E0006174206C696E65202564206F6620666932
:10B4F0006C6520222573222E200D0A2000000000FA
:10B500002E2E2F4672656552544F532F706F7274F2
:10B5100061626C652F4743432F524953432D562F89
:10B52000706F72742E6300002E2E2F467265655266
:10B53000544F532F71756575652E63002E2E2F465F
:10B5400072656552544F532F7461736B732E630091
:10B5500049444C450000000090FF000090FF0000AF
:10B56000D4FF0000E0FF00002400010090FF000075
:10B5700090FF0000D4FF0000E0FF0000546D725106
:10B58000000000002E2E2F4672656552544F532F37
:10B5900074696D6572732E6300000000546D722033
:10B5A00053766300000080BFCAF249710000004C6E
:10B5B000666D6F64660000000000003F0000000040
:10B5C000000000000000F03F000000000000F0FF5D
:10B5D000000000E0FFFFEF47000000E0FFFFEFC7C3
:10B5E000000000000000F07F706F77660000000030
:10B5F00000004054FB21F93F3163621A61B4D03D31
:10B600000000601A61B4D03D7370032E8A19A33B09
:10B6100083C8C96D305FE43F000000000000E03FD8
:10B620000000002E8A19A33BC14920259A837B394B
:10B630000000000000007041FB21F93FFB210940A0
:10B640007CD91240FB2119407A6A1F407CD92240E4
:10B65000BBFD2540FB2129403A462C407A6A2F4009
:10B660005C4731407CD932409C6B3440BBFD354057
:10B67000DB8F3740FB2139401BB43A403A463C400F
:10B680005AD83D407A6A3F404C7E40405C4741403A
:10B690006C1042407CD942408CA243409C6B444099
:10B6A000AC344540BBFD4540CBC64640DB8F4740F0
:10B6B000EB584840FB21494083F9A200444E6E00FC
:10B6C000FC291500D1572700DD34F50062DBC000EE
:10B6D0003C999500419043006351FE00BBDEAB00F6
:10B6E000B761C5003A6E2400D24D42004906E00021
:10B6F00009EA2E001C92D100EB1DFE0029B11C00AE
:10B70000E83EA700F535820044BB2E009CE984008A
:10B71000B4267000417E5F00D69139005383390012
:10B720009CF439008B5F840028F9BD00F81F3B00B2
:10B73000DEFF97000F980500112FEF000A5A8B00CB
:10B740006D1F6D00CF7E360009CB2700464FB70036
:10B750009E663F002DEA5F00BA277500E5EBC70043
:10B760003D7BF100F739070092528A00FB6BEA003B
:10B770001FB15F00085D8D00300356007BFC460062
:10B78000F0AB6B0020BCCF0036F49A00E3A91D009B
:10B790005E619100081BE60085996500A0145F00BA
:10B7A0008D40680080D8FF0027734D0006063100E9
:10B7B000CA561500C9A873007BE260006B8CC000FC
:10B7C00000C0153FDCCFD1350000C03F0000803EF7
:10B7D000ABAAAA3E3BAAB83F70A5EC3600AAB83F78
:10B7E0000000804B42F1533E55326C3E05A38B3E28
:10B7F000B76DDB3E9A99193F000040404F38763FC5
:10B80000A0C39D360038763F3CAA38336042A20D73
:10B810008CBEBF351872313F0072313F4CBB3133A3
:10B820000EEADDB555B38A38610B36BBABAA2A3EAA
:10B830000000004000000000000000000000E73FA2
:10B84000000000000000D23FD43888BEE9FAA8BD4D
:10B85000C4B1B4BD9EEE213EAD529C804F7E923E5F
:10B860009015CB19A001FA3E7751C1166CC1563F15
:10B870004C5555555555A53F00000040FB21F93F5B
:10B88000000000002D44743E000000809846F83C03
:10B890000000006051CC783B00000080831BF03931
:10B8A0000000004020257A38000000802282E33624
:10B8B000000000001DF3693500000040FB21F93F46
:10B8C000000000000000703E000000000000C03FCB
:10B8D0000000000000002040020000000300000003
:10B8E00004000000060000007CD5CF5A3AD9E53D9F
:10B8F000EB9C2B8AE6E55A3E7DFEB157E31DC73E21
:10B90000D561C119A0012A3FA6F810111111813F7C
:10B91000495555555555C53F9C7500883CE4377EC3
:10B92000000000000000504359F3F8C21F6EA5014B
:10B93000000000000000903C0000C07F00000033C9
:10B940009279FFFF7A79FFFF0679FFFF7679FFFF93
:10B950000679FFFF867CFFFF0679FFFF7679FFFF00
:10B960006C79FFFF6C79FFFF867CFFFF7679FFFF24
:10B970000E79FFFF0E79FFFF0E79FFFFCC78FFFFF6
:10B980004882FFFF0281FFFF0281FFFF0081FFFF6E
:10B990000881FFFF0881FFFF3485FFFF0081FFFF63
:10B9A0000881FFFF3485FFFF0881FFFF0081FFFF53
:10B9B0003482FFFF3482FFFF3482FFFF2682FFFFC5
:10B9C0000001020203030303040404040404040446
:10B9D0000505050505050505050505050505050517
:10B9E00006060606060606060606060606060606F7
:10B9F00006060606060606060606060606060606E7
:10BA000007070707070707070707070707070707C6
:10BA100007070707070707070707070707070707B6
:10BA200007070707070707070707070707070707A6
:10BA30000707070707070707070707070707070796
:10BA40000808080808080808080808080808080876
:10BA50000808080808080808080808080808080866
:10BA60000808080808080808080808080808080856
:10BA70000808080808080808080808080808080846
:10BA80000808080808080808080808080808080836
:10BA90000808080808080808080808080808080826
:10BAA0000808080808080808080808080808080816
:10BAB0000808080808080808080808080808080806
:10BAC0000000000000000000000000000000000076
:10BAD0000000000000000000000000000000000066
:10BAE0000000000000000000000000000000000056
:10BAF0000000000000000000000000000000000046
:10BB00000000000000000000000000000000000035
:10BB10000000000000000000000000000000000025
:10BB2000504F534958000000232D302B20000000B7
:10BB3000686C4C006566674546470000303132331B
:10BB40003435363738394142434445460000000019
:10BB50003031323334353637383961626364656683
:10BB60000000000000B4FFFFCAB0FFFFD4B0FFFF29
:10BB7000DEB0FFFFE8B0FFFFF2B0FFFFFCB0FFFF59
:10BB800006B1FFFF10B1FFFF24B1FFFF2EB1FFFF91
:10BB900042B1FFFF4CB1FFFF56B1FFFF60B1FFFFA5
:10BBA000E0B3FFFF6AB1FFFF74B1FFFF7EB1FFFF9B
:10BBB00088B1FFFF92B1FFFFB0B1FFFFBAB1FFFF45
:10BBC000D8B1FFFFE2B1FFFFECB1FFFFF6B1FFFF1D
:10BBD00000B2FFFF14B2FFFF28B2FFFF32B2FFFF37
:10BBE0003CB2FFFF46B2FFFF50B2FFFF5AB2FFFF69
:10BBF00064B2FFFF6EB2FFFFE0B3FFFFE0B3FFFFF1
:10BC0000E0B3FFFFE0B3FFFFE0B3FFFFE0B3FFFFF0
:10BC1000E0B3FFFFE0B3FFFF82B2FFFF96B2FFFF8A
:10BC2000E0B3FFFFE0B3FFFFE0B3FFFFE0B3FFFFD0
:10BC3000E0B3FFFFE0B3FFFFE0B3FFFFE0B3FFFFC0
:10BC4000E0B3FFFFE0B3FFFFE0B3FFFFE0B3FFFFB0
:10BC5000E0B3FFFFA0B2FFFF22B3FFFFAAB2FFFFD6
:10BC6000B4B2FFFFE0B3FFFFE0B3FFFFE0B3FFFFBD
:10BC7000BEB2FFFFE0B3FFFFE0B3FFFFE0B3FFFFA3
:10BC8000C8B2FFFFE0B3FFFFE0B3FFFFDCB2FFFF8E
:10BC9000E0B3FFFFE0B3FFFFE6B2FFFFE0B3FFFF5B
:10BCA000E0B3FFFFE0B3FFFFE0B3FFFFE0B3FFFF50
:10BCB000E0B3FFFFE0B3FFFFE0B3FFFFE0B3FFFF40
:10BCC000E0B3FFFFF0B2FFFFE0B3FFFFFAB2FFFF08
:10BCD00004B3FFFF0EB3FFFFE0B3FFFFE0B3FFFFCE
:10BCE000B8B3FFFFE0B3FFFFE0B3FFFFE0B3FFFF38
:10BCF000E0B3FFFFE0B3FFFFE0B3FFFFE0B3FFFF00
:10BD0000E0B3FFFF5EB3FFFF18B3FFFF2CB3FFFFED
:10BD100036B3FFFF40B3FFFF4AB3FFFFE0B3FFFFBF
:10BD200054B3FFFF68B3FFFF7CB3FFFF8CB2FFFF8C
:10BD3000C4B1FFFFD6B3FFFF9CB1FFFF0AB2FFFF04
:10BD4000A6B1FFFF1AB1FFFF38B1FFFFCCB3FFFF71
:10BD5000D2B2FFFFE0B3FFFF72B3FFFFCEB1FFFF30
:10BD600090B3FFFF86B3FFFFE0B3FFFFE0B3FFFF39
:10BD7000E0B3FFFFE0B3FFFFE0B3FFFF1EB2FFFF42
:10BD8000E0B3FFFFE0B3FFFFE0B3FFFF78B2FFFFD8
:10BD9000C2B3FFFF9AB3FFFFA4B3FFFFAEB3FFFF31
:10BDA0004E6F74206F776E65720000004E6F2073C7
:10BDB0007563682066696C65206F722064697265BE
:10BDC00063746F72790000004E6F20737563682092
:10BDD00070726F6365737300496E7465727275700B
:10BDE0007465642073797374656D2063616C6C0095
:10BDF000492F4F206572726F720000004E6F2073E2
:10BE000075636820646576696365206F722061647C
:10BE10006472657373000000417267206C6973740B
:10BE200020746F6F206C6F6E67000000457865634B
:10BE300020666F726D6174206572726F720000000F
:10BE4000536F636B657420616C7265616479206304
:10BE50006F6E6E656374656400000000426164206B
:10BE600066696C65206E756D626572004E6F206349
:10BE700068696C6472656E0044657374696E6174A0
:10BE8000696F6E2061646472657373207265717589
:10BE900069726564000000004E6F206D6F7265204E
:10BEA00070726F6365737365730000004E6F74206A
:10BEB000656E6F75676820737061636500000000D0
:10BEC0005065726D697373696F6E2064656E696524
:10BED00064000000426164206164647265737300F1
:10BEE000446576696365206F72207265736F757241
:10BEF000636520627573790046696C6520657869B1
:10BF00007374730043726F73732D64657669636530
:10BF1000206C696E6B0000004E6F207375636820A3
:10BF200064657669636500004E6F74206120646902
:10BF3000726563746F727900486F7374206973203F
:10BF4000646F776E00000000436F6E6E6563746906
:10BF50006F6E20616C726561647920696E20707209
:10BF60006F677265737300004973206120646972A2
:10BF70006563746F72790000496E76616C69642044
:10BF8000617267756D656E74000000004E657477B0
:10BF90006F726B20696E7465726661636520697388
:10BFA000206E6F7420636F6E6669677572656400DA
:10BFB000436F6E6E656374696F6E2061626F727439
:10BFC0006564206279206E6574776F726B00000083
:10BFD000546F6F206D616E79206F70656E20666999
:10BFE0006C657320696E2073797374656D00000051
:10BFF00046696C652064657363726970746F722042
:10C0000076616C756520746F6F206C617267650076
:10C010004E6F742061206368617261637465722081
:10C020006465766963650000546578742066696CA0
:10C03000652062757379000046696C6520746F6FC6
:10C04000206C617267650000486F7374206973200B
:10C05000756E726561636861626C65004E6F207316
:10C0600070616365206C656674206F6E2064657610
:10C07000696365004E6F7420737570706F727465BC
:10C0800064000000496C6C6567616C207365656BCA
:10C0900000000000526561642D6F6E6C7920666946
:10C0A0006C652073797374656D000000546F6F20A8
:10C0B0006D616E79206C696E6B73000042726F6BFC
:10C0C000656E2070697065004D617468656D61749E
:10C0D00069637320617267756D656E74206F757426
:10C0E000206F6620646F6D61696E206F66206675D3
:10C0F0006E6374696F6E0000526573756C742074A2
:10C100006F6F206C61726765000000004E6F206DDC
:10C11000657373616765206F662064657369726516
:10C1200064207479706500004964656E746966699D
:10C1300065722072656D6F7665640000496C6C6590
:10C1400067616C20627974652073657175656E63D3
:10C1500065000000446561646C6F636B0000000063
:10C160004E6574776F726B20697320756E726561AE
:10C17000636861626C6500004E6F206C6F636B00DA
:10C180004E6F7420612073747265616D0000000051
:10C1900053747265616D20696F63746C2074696D8E
:10C1A000656F7574000000004E6F207374726561D6
:10C1B0006D207265736F7572636573005669727472
:10C1C00075616C2063697263756974206973206797
:10C1D0006F6E650050726F746F636F6C2065727262
:10C1E0006F720000556E6B6E6F776E2070726F7499
:10C1F0006F636F6C000000004D756C7469686F7040
:10C2000020617474656D707465640000426164201F
:10C210006D6573736167650046756E6374696F6EF3
:10C22000206E6F7420696D706C656D656E746564E9
:10C23000000000004469726563746F7279206E6F4C
:10C240007420656D7074790046696C65206F72208A
:10C2500070617468206E616D6520746F6F206C6F03
:10C260006E670000546F6F206D616E792073796D79
:10C27000626F6C6963206C696E6B73004E6F206235
:10C2800075666665722073706163652061766169A9
:10C290006C61626C650000004E6F20646174610027
:10C2A000416464726573732066616D696C79206E98
:10C2B0006F7420737570706F72746564206279207A
:10C2C00070726F746F636F6C2066616D696C79005A
:10C2D00050726F746F636F6C2077726F6E6720742B
:10C2E00079706520666F7220736F636B65740000F0
:10C2F000536F636B6574206F7065726174696F6EE4
:10C30000206F6E206E6F6E2D736F636B657400000F
:10C3100050726F746F636F6C206E6F742061766102
:10C32000696C61626C650000436F6E6E6563746971
:10C330006F6E20726566757365640000436F6E6E84
:10C34000656374696F6E207265736574206279200D
:10C35000706565720000000041646472657373204B
:10C36000616C726561647920696E20757365000087
:10C3700041646472657373206E6F742061766169C5
:10C380006C61626C65000000536F66747761726562
:10C390002063617573656420636F6E6E6563746995
:10C3A0006F6E2061626F727400000000536F636BE8
:10C3B0006574206973206E6F7420636F6E6E6563A1
:10C3C00074656400536F636B657420697320616CDE
:10C3D000726561647920636F6E6E65637465640075
:10C3E0004F7065726174696F6E2063616E63656C16
:10C3F000656400005374617465206E6F742072650B
:10C40000636F76657261626C6500000050726576DC
:10C41000696F7573206F776E65722064696564005B
:10C420004F7065726174696F6E206E6F74207375E2
:10C4300070706F72746564206F6E20736F636B65CC
:10C440007400000056616C756520746F6F206C611C
:10C4500072676520666F7220646566696E65642028
:10C460006461746120747970650000004D657373B8
:10C4700061676520746F6F206C6F6E67000000004D
:10C48000436F6E6E656374696F6E2074696D656469
:10C49000206F75740000000053756363657373004B
:10C4A0003CADFFFF28ADFFFF5AADFFFF60ADFFFFC2
:10C4B0003CADFFFF00000000000000000000004055
:10C4C0000000C0FFFFFFDF419535A094FFFFDF3F75
:10C4D00035E5AF350000E03F9535A094FFFFCF3F35
:10C4E0006E660000696E697479000000616E00007C
:10C4F00035000000CEFBFFFFCB0300000100000071
:10C500000000000034000000CEFBFFFFCB03000062
:10C510000100000000000000FFFF7F7F000000001E
:10C52000FFFFFFFFFFFFEF7FBC89D897B2D29C3C93
:10C5300033A7A8D523F649393DA7F444FD0FA5320A
:10C540009D978CCF08BA5B25436FAC6428066811B1
:10C5500000202020202020202020282828282820D3
:10C5600020202020202020202020202020202020CB
:10C570002088101010101010101010101010101033
:10C580001004040404040404040404101010101023
:10C5900010104141414141410101010101010101ED
:10C5A000010101010101010101010101101010103F
:10C5B00010104242424242420202020202020202BF
:10C5C0000202020202020202020202021010101013
:10C5D000200000000000000000000000000000003B
:10C5E000000000000000000000000000000000004B
:10C5F000000000000000000000000000000000003B
:10C60000000000000000000000000000000000002A
:10C61000000000000000000000000000000000001A
:10C62000000000000000000000000000000000000A
:10C6300000000000000000000000000000000000FA
:10C6400000000000000000000000000000000000EA
:10C6500000000000000000000080E03779C3414383
:10C66000176E05B5B5B89346F5F93FE9034F384D58
:10C67000321D30F94877825A3CBF737FDD4F157504
:10C68000000000000000F03F000000000000244017
:10C6900000000000000059400000000000408F40F2
:10C6A000000000000088C34000000000006AF8405D
:10C6B0000000000080842E4100000000D012634181
:10C6C0000000000084D797410000000065CDCD41F7
:10C6D000000000205FA00242000000E876483742D8
:10C6E000000000A2941A6D42000040E59C30A24276
:10C6F0000000901EC4BCD64200003426F56B0C43EB
:10C700000080E03779C3414300A0D8855734764391
:10C7100000C84E676DC1AB43003D9160E458E143F2
:10C72000408CB5781DAF154450EFE2D6E41A4B4467
:10C7300092D54D06CFF08044F64AE1C7022DB544AC
:10C74000B49DD9794378EA4405000000190000003F
:04C750007D00000068
:10C7540000000000000000000102030406070809AD
:10C764000000000001020304010203040607080993
:10C77400080002401C000240300002404400024015
:10C78400580002406C00024080000240080402404D
:10C794001C04024030040240440402405804024095
:10C7A4006C04024080040240003001400038004024
:10C7B400003C004000000000E0BA010000BB0100A2
:10C7C400C0BA0100000000000000000000000000EA
:10C7D4000000000000000000000000000000000055
:10C7E4000000000000000000000000000000000045
:10C7F4000000000000000000000000000000000035
:10C804000000000000000000000000000000000024
:10C8140000000000430000000000000000000000D1
:10C824000000000000000000000000000000000004
:10C8340000000000430000000000000000000000B1
:10C8440000000000000000000000000000000000E4
:10C854000000000043000000000000000000000091
:10C8640000000000000000000000000000000000C4
:10C874000000000043000000000000000000000071
:10C8840000000000000000000000000000000000A4
:10C894000000000043000000000000000000000051
:10C8A4000000000000000000000000000000000084
:10C8B4000000000043000000000000000000000031
:10C8C4000000000000000000000000000000000064
:10C8D4000000000043000000000000000000000011
:10C8E4000000000000000000000000000000000044
:10C8F40000000000CA7E01006C5D01000000000021
:10C9040050C50100249D0100D4990100D49901006F
:10C91400D4990100D4990100D4990100D49901005B
:10C92400D4990100D4990100D4990100FFFFFFFFBD
:10C93400FFFFFFFFFFFFFFFFFFFF00000100415368
:10C94400434949000000000000000000000000000E
:10C95400000000000000000000000000000041533F
:10C9640043494900000000000000000000000000EE
:10C9740000000000000000000000000000000000B3
:10C984001F003F000044950802040608AAAAAAAAA8
:10C994000E000000042C00200100000064000020B0
:10C9A4000080FB4300000000000000000080002025
:10C9B40000000000000000800000004B000000CBDD
:0CC9C40064000020000000000080FB4325
:020000022000DC
:10000000EF026ED137140140EF203059130504C0C0
:10001000E14637461D0093050020EF20900D1305A3
:1000200004C09306800437461D0093050010EF209E
:10003000500CE14601461305048093050020EF2093
:10004000500B1305048093050040EF200071130549
:1000500004C08565EF202022130504C09165EF20C0
:10006000003B130504C0E1460146A965EF20700876
:10007000B7160000B79598008D470547938606B2DE
:1000800013064038938505680945EF20307981458E
:100090000545EF2010560966E16513060671938544
:1000A000056A0145EF20B05B19206F000EC9EF0211
:1000B0008EC639718D47231EF10291473EC0C1475C
:1000C0003EC28D673EC485473EC6B7470040938712
:1000D000C7803ECAB70700209387072A3ECCF25755
:1000E000B716000093866697094681450A853ECE7D
:1000F00002C8EF2040080945EFE0AE9A0545EFE061
:100100004E9A21616F006EC343414E4944203D2009
:1001100030783230204B657973203D2030204F6C91
:10012000644B6579733D20302073746570203D20E9
:1001300030204F757431203D2066616C73652074EA
:10014000696D65203D2030206D61696E203D20661F
:10015000756E6374696F6E202829200A2066756E9B
:100160006374696F6E2073746F702829202074691E
:100170006D652C4B657973203D20636F726F7574CC
:10018000696E652E7969656C64284F7574312C69C8
:10019000292020656E6420200A20436F6E666967FF
:1001A00043616E28312C3235302920743D302020B7
:1001B0000A20646174613D7B5B315D3D302C5B32B4
:1001C0005D3D302C5B335D3D302C5B345D3D302C30
:1001D0005B355D3D302C5B365D3D302C5B375D3DE6
:1001E000302C5B385D3D307D200A206461746131C4
:1001F0003D7B5B315D3D302C5B325D3D302C5B33B4
:100200005D3D302C5B345D3D302C5B355D3D302CED
:100210005B365D3D302C5B375D3D302C5B385D3DA2
:10022000307D200A2064617461323D7B5B315D3D2D
:10023000302C5B325D3D302C5B335D3D302C5B34CC
:100240005D3D302C5B355D3D302C5B365D3D302CAB
:100250005B375D3D302C5B385D3D307D200A20648E
:10026000617461333D7B5B315D3D302C5B325D3DC4
:10027000302C5B335D3D302C5B345D3D302C5B3589
:100280005D3D302C5B365D3D302C5B375D3D302C69
:100290005B385D3D307D200A205365744C656442B7
:1002A000726967746828313429202053657442616B
:1002B000636B4C6967687468427269677468283157
:1002C00034292073657443616E46696C74657228C5
:1002D00030783530302B43414E49442920736574C2
:1002E00043616E46696C7465722830783430302B07
:1002F00043414E4944292073657443616E46696CDD
:100300007465722830783330302B43414E4944298C
:100310002073657443616E46696C74657228307829
:100320003230302B43414E494429200A20776869F6
:100330006C65207472756520646F2020743D207494
:100340002B74696D652F3130302069662028743E2A
:100350003130303029207468656E0A2020743D30B9
:1003600020737465703D737465702B3830302020B5
:10037000696620737465703E32363430302074689C
:10038000656E2073746570203D20383030302065F4
:100390006E640A2043616E53656E64283078304382
:1003A000463030343030207C2030783830303030B7
:1003B000303030202C307835352C307835352C30B5
:1003C0007835352C7374657020616E642030784602
:1003D000462C73746570203E3E382C307835352CB1
:1003E000307835352C307835362920656E640A2012
:1003F0000A20696620282047657443616E546F5453
:1004000061626C65282030783530302B43414E498D
:10041000442C6461746129203D3D203120292074E1
:1004200068656E205365744261636B4C69676874DC
:100430006842726967746828646174615B315D2920
:10044000202020656E640A20696620282047657494
:1004500043616E546F5461626C652820307834308B
:10046000302B43414E49442C646174613129203D55
:100470003D20312029207468656E205365744C65D9
:10048000644272696774682864617461315B315DCC
:1004900029202020656E640A20696620282047658F
:1004A0007443616E546F5461626C652820307832F9
:1004B00030302B43414E49442C6461746132292011
:1004C0003D3D20312029207468656E205365744CB1
:1004D000454428312C64617461325B315D292020F0
:1004E0005365744C454428322C64617461325B322C
:1004F0005D29205365744C454428332C6461746134
:10050000325B335D29656E64200A206966204B6585
:100510007973207E3D4F6C644B65797320746865F8
:100520006E2043616E53656E642830783138302B0D
:1005300043414E49442C4B6579732C302C302C3080
:100540002C302C302C302C3029204F6C644B6579AA
:1005500073203D204B65797320656E64200A200A64
:10056000200A20204F757431203D206E6F74204F7B
:1005700075743120202073746F70282920656E6493
:1005800020656E640000EFF21DF9EFC03EE32A849F
:1005900037280020B7A5010037D500001308881FB1
:1005A000938781911547854613060008938505A119
:1005B00013056553EFE0FEEA08C0EF00CEAA2A84D7
:1005C00037280020B7A5010037150000130888253B
:1005D000938781B115478546130600089385C5A109
:1005E0001305A58BEFE0FEE708C0EF004EF72A8465
:1005F00037280020B7070020B7A5010037150000F5
:100600001308883193878774194785461306803EFF
:10061000938545A2130505EDEFE0BEE408C06FF039
:10062000DDF1EFF25DEFEFD00EA0B7260020372608
:1006300000202A840147938686371306869E8945C3
:100640004145EFE00EBF08C0EFC0FED7B72600203F
:10065000371600202A840147938606421306866EC9
:10066000E1454145EFE0EEBC08C0EFC07ED6B726BD
:100670000020372600202A840147938686461306E9
:100680008686D1454145EFE0CEBA08C06FF0FDEA5D
:10069000EFF27DE8411132C6AA84EF109EC82A8489
:1006A000324609E5228541016FF03DE9B285268594
:1006B000EF107EA0F9552685EF101EBC2A8409E9AB
:1006C0002685F555EF10EEE4228541016FF0FDE639
:1006D00026857D56F955EF108EE62685F955EF10E3
:1006E0004EE3228541016FF05DE5EFF2DDE241115D
:1006F00032C62A84EF100EDFAA852A892285EF10E0
:100700005EC2AA84324609E5268541016FF0FDE20A
:10071000B2852285EF103E9AF9552285EF10DEB59D
:10072000AA8409E92285F555EF10AEDE2685410140
:100730006FF0BDE07D562285F955EF104EE0228521
:10074000F955EF100EDDCA852285EF10CEE7228520
:100750000147814605468545EF103EE085442685E4
:1007600041016FF09DDDEFF21DDB37C9F0FFAE8474
:100770002E869305899D2A84EF101EA801C5014588
:100780006FF0BDDB2285F955EF10AED80946228502
:100790008145EF109EB4A6852285EF10DE9137A625
:1007A0000100130606AD2285F955EF107EBE2285A5
:1007B000FD55EF104EE1228526869305899DEF10A9
:1007C0003EBD05456FF07DD7EFF2FDD42E86B7C54F
:1007D000F0FF9385859D2A84EF101EA2F95522858E
:1007E000EF101ED06FF07DD5EFF25DD1AA842E8977
:1007F000B289EF10EEFD19C52A84CA852685EF104F
:100800005EB209E5014422856FF09DD2B7C5F0FFC5
:100810004E869385859D2685EF101E9E7956FD5543
:100820002685EF102EE311E101442685F555EF10E2
:100830004ECE22856FF0DDCFEFF2FDCD5971700005
:100840002A84EF406E9001CDB7A50100700093851A
:1008500085AD2285EF40AE918256634CD000B7A59E
:1008600001009385459D2285EF10FE8A65616FF03A
:10087000DDCCB7A5010010189385C5AD2285EF101A
:100880009E8965616FF07DCB3571A6DA32C5AE8485
:100890003ECB70003C018545A2DC86DE2A8436C74B
:1008A0003AC942CD46CF3EC4EF400E8A01CDB7A52E
:1008B00001007000938585AD2285EF404E8B8256F6
:1008C000634AD002B7A501009385459D2285EF10AC
:1008D0009E842246A6852285EF10FE8122858945C9
:1008E000EF10BEED2285EF105EEAF6506654D65446
:1008F0000D618280B7A5010010189385C5AD2285D2
:10090000EF107E81F9B7EFF21DC1011122EE2EC466
:10091000AA845304A520EF100EBCA24593074004FF
:100920002A846388F500B7A50100938545AE268526
:10093000A13F0145EF102EBA630CA400B7A501003A
:10094000938585B126858937726405616FF0FDBE98
:100950000860D32785A0EDFBEF406FB753058420D7
:100960002AC42EC6EF40AFB62247B247AE86B7A51F
:1009700001002A86938545B326853937726405615F
:100980006FF0BDBBEFF29DB7328937A60100411170
:100990001306C6B72A84AE84893B11CDFD55228546
:1009A000EF100ECA29CD4A86FD552285EF10EED7ED
:1009B00041016FF0FDB7A6852285EF10AEC28547D5
:1009C000630CF50A63DDA7008D476304F5089147C2
:1009D0006315F504A6852285EF10EEBEE9B715ED87
:1009E000B7A50100938545BB2285EF10CEEC4A8662
:1009F000FD552285EF106ED341016FF07DB3B7A591
:100A00000100938585B8228541354A86FD552285AA
:100A1000EF10AED141016FF0BDB1A6852285EF1078
:100A20005E9051E9A6852285EF10CEBBAA8522856E
:100A3000EF10EEBC2AC6A6852285EF10EEDB32460B
:100A4000B7A50100AA86938585BB2285EF10AEEC81
:100A500099BFA6852285EF108EBBA68505C9228584
:100A60000146EF104EC7B7A501002A869385C5BA87
:100A70002285EF104EEA05BFA6852285EF10EEC84D
:100A800015E5B7A50100938545B7B9BF2285014695
:100A9000EF104EC1EF40AFA3AE86B7A501002A8686
:100AA000938505BB2285EF100EE7F5BDB7A50100C4
:100AB0009385C5B615BFB7A50100938505AD228501
:100AC000EF106EDFF9552285EF100EFBAA8911E5B4
:100AD000F5552285EF10EEA3B1B77D56F955228565
:100AE000EF10EEA5F9552285EF10AEA29147639F56
:100AF000F9020146FD552285EF102EC32AC6A685B0
:100B00002285EF106ECF3246B7A50100AA869385E5
:100B100085BB2285EF102EE02285F9557D56EF101A
:100B20000EA2F9552285EF10CE9EB5BDA685228571
:100B3000EF104EABAA852285EF106EACC1B7EFF275
:100B40009D9D59712E84328981457000AA84EF30B1
:100B5000BEDF31CDB7A501009385059970002685CC
:100B6000EF30FEE05245B7A5010093858556EFF0C2
:100B7000DDB40DE17D14424631C419CEB7A50100A4
:100B8000B2864A872286938585BF2685F5396561B9
:100B90006FF0BD9A42467DF26C002685EF101EE58F
:100BA00015E937A60100130606A632C8C1BFB7A5CE
:100BB0000100CA862286938505BC2685F1316561D0
:100BC0006FF0BD97B7A50100CA86938585BD2685C0
:100BD000653975BF0146FD552685EF100EB52A868D
:100BE00032C869BFEFF23D93AA842E89EF10EEB3AD
:100BF0002A8401C522856FF05D9491452685EF100A
:100C00000EA02A86CA852685EF101EFA22856FF06F
:100C1000DD92EFF25D90011170082A84AE84EF102E
:100C20006EA8F24781C705616FF03D918D45228521
:100C30002AE6EF10CE9C2A86A6852285EF10DEF6E6
:100C4000326505616FF07D8FEFF2FD8C411132C688
:100C50002A84AE84EF100E993246630BC500B2852C
:100C60002285EF10CE992A86A6852285EF10DEF325
:100C700041016FF09D8CEFF27D88AA842E89B289A4
:100C8000EF100EB519C52A84CA852685EF106EE9C6
:100C900011E94E86CA852685EF101EF10144228592
:100CA0006FF01D89B7C5F0FF4E869385859D26851B
:100CB000EF108ED4FD5579562685EF10AE99F55577
:100CC00009E52685EF10EE84E9B72685EF106E84DE
:100CD00022856FF0FD85EFF21D8401112AE62A843A
:100CE000AE84EF102E9032656345A00005616FF071
:100CF000DD847008A6852285EF10CE9AF247FDF7B5
:100D00008D4522852AE6EF108E8F2A86A6852285BC
:100D1000EF109EE9326505616FF03D82EFF20DFE46
:100D20002A89AE893284B684EF10CE8B634BA00043
:100D300091C40DC82285EF608FA488C022856FF012
:100D40002DFF2686CE854A85EF102E9E2A847DF5BE
:100D50004A859145EF10AE8A2A86CE854A85EF10E6
:100D6000BEE4E9BF014588C0D1BFEFF2CDFA411121
:100D70007000AA842E89EF100E96B2472A8489C784
:100D8000228541016FF06DFBCA852685EF104E89E3
:100D900001CD37A60100130686C1CA8526854533D5
:100DA000228541016FF06DF98D452685EF102E8566
:100DB0002A86CA852685EF103EDF228541016FF025
:100DC000CDF7EFF24DF52A84AE84EF10AE81FD57DA
:100DD0006304F5006FF06DF637A60100130606C434
:100DE000A6852285A93B6FF04DF5EFF2CDF24111BA
:100DF000AA842E893284EF00FEFE6346A00022857D
:100E000041016FF08DF37000CA852685EF10AE8C1E
:100E1000B2472A84EDF7CA852685EF106E8009C98E
:100E200037A60100130686C1CA852685093BC1BFC6
:100E30008D452685EF00BEFC2A86CA852685EF10E3
:100E4000BED675BFEFF22DED41112A8432C6EF00F8
:100E5000FEE109E9324611CAB7A50100938505C52F
:100E600022851D3441016FF04DEDB7A5010093853A
:100E700045C62285113C41016FF02DECEFF20DE8E3
:100E8000AA892E8A36842DC23289EF00BEF56343CB
:100E9000A004084005C11104814429A00325C4FF12
:100EA000850409C9CA851104EFF03D8165F92685DD
:100EB0006FF00DE8B7A501004A86938545C74E85BA
:100EC000EF106EA52A86D2854E859539AA8426858F
:100ED0006FF00DE60146D2854E85EF100E852A890A
:100EE0004DF94E85914539A0EF102E842A8955F190
:100EF00091454E85EF00BEF02A86D2854E85EF10D3
:100F0000BECA41BFEFF22DE141112EC62A84B28440
:100F1000EF402FA4B24589C922858545EF106EAAFE
:100F2000054541016FF06DE1AA8703A907002285FD
:100F3000EF10AE914A8585C4EF606F83B7A50100BD
:100F4000AA862686938585C82285EF10CE9C2285A9
:100F5000CA85EF102E910D4541016FF00DDEEF6057
:100F60000F81AA852285EF100E95D5B7EFF2ADDA85
:100F7000FD57AA846388F5022E848DC1EF10EE8C94
:100F8000B7A50100938505C92685EF10CE92268569
:100F9000A285EF102E8D0D456FF02DDA8545EF10EF
:100FA0004EA2F9BFEF40EF9A00412685EF10EE897F
:100FB0002285EF50DFFBAA85C1BFEFF2CDD5AE840D
:100FC000FD552A84EF001EE239CDA6852285EF006B
:100FD0007ED1AA8501462A892285EF10CEACFD5527
:100FE00001462285EF003EEFAA84F9552285EF00E5
:100FF0005ED299ECCA852285EF005EF99304150054
:101000002686CA852285EF10CEC826856FF0EDD2E0
:101010002686CA852285EF100EA90146CA8522853B
:10102000EF102EC7F1BFF9552285EF009ECEFD547B
:10103000E9BF635306008280EFF2EDCDAA843284CB
:10104000EF005ECA2A89AA8501462685EF10AEA563
:101050002286CA852685EF10CEC3A2852685EF108D
:101060006E800146CA852685EF10AEC26FF0EDCCCA
:10107000EFF2CDC8130101BE2A84AE843289EF009D
:101080007EC89309150063850416B7A5010026865E
:10109000938505CA2285EF100E88B7C50100938598
:1010A00085DA2685EF40AFD82ACE630105164C08B5
:1010B0002808EF10FEA73DE9D2476D476386E70891
:1010C0007D57638DE700E207E1876247130601421F
:1010D00093061700329736CC2300F7C0FD55014622
:1010E0002285EF009EE4B73500004A87AA863008C3
:1010F000938505A92285EF100ED52A8A72450359DA
:10110000C5001379090499C0EF404F90CE85228520
:10111000631609087D56EF009EC22285F955EF003F
:101120005EBF5285130101426FF08DC0E247930606
:101130000142138717003ACCB69729472380E7C0AE
:10114000D2476D47E39EE7F6E1C07246B7A50100BE
:10115000938505CC2685EF402FF72ACE630C050C2E
:101160004C082808EF10DE9CD2477D57E39DE7F43A
:10117000FD5501462285EF005EDBB73500004A874A
:10118000AA863008938505A92285EF10CECB2A8A3E
:1011900072450359C50013790904BDB7EF007EB746
:1011A000EF303FFB08411D4AEF507FDC2AC6014665
:1011B000CE852285EF007ED7324737A60100930601
:1011C00015001306C6CCB7A501009385C5CA2285B4
:1011D000EF007EF47D56CE852285EF005EB6228537
:1011E000F955EF001EB35285130101426FF04DB463
:1011F000B7A50100938585C92285EF00DEEB83A7A3
:10120000C181DC433ECE65B5ED47C1B5EF307FF41B
:1012100008411D4AEF50BFD52AC60146CE8522851A
:10122000EF00BED037A60100324793061500130623
:1012300046CA51BFEF30FFF108411D4AEF503FD37E
:101240002AC60146CE852285EF003ECE37A6010094
:10125000324793061500130646CCB5B7EFF2ADAB97
:1012600041112EC4B735000032C6938585933000F6
:10127000EF106EBD41016FF04DACEFF2CDA9411101
:10128000AA842E852E84EF509FCFB73500002AC642
:1012900030000147A28693858593268522C4EF10EE
:1012A0008EBA41016FF06DA9EFF2EDA6373500005F
:1012B00081451305C5AFEF801ED02A8419C5B73507
:1012C00000009385A5ACEF009EA022856FF0EDA6EF
:1012D000EFF26DA441112A84EF108ED27000FD55FB
:1012E0002285EF005EBFB247AA8489CB2285F955DB
:1012F000EF003EA2268541016FF02DA4B7A50100A5
:10130000938545CD2285EFF02FD82285F955EF0042
:101310005EA0268541016FF04DA2EFF22D9E2E8A30
:10132000B285B2842A89EF007E9401ED37A60100D0
:10133000B7A50100130646CF938505C54A85EFF092
:10134000AFD483270A00A1C3F95AB38A9A40B309DC
:1013500090400144635990000504CE854A85EF0012
:101360009EA6E39B84FE83254A0026864A85EF00DD
:101370003EDE03260A00D6854A85210AEF104E81FB
:1013800083270A00F9F793C5F4FF4A85EF007E989A
:101390006FF00D9AEFF22D982A842E89B284EF0017
:1013A000BEE595476315F50005456FF00D9922855B
:1013B000F955EF001E96CA852285EF00BE922A8954
:1013C000014622858145EF005EF12285FD55EF0043
:1013D0009E9F22852686CA85EF009EFB01456FF001
:1013E000CD95EFF24D905971AA842E89B28BB689B2
:1013F000EF005E91054AAA8A054B19A0528B060A96
:10140000D28570004A85EF302ED46DF9635F4B01B1
:1014100033046A0105847000A2854A85EF30CED27C
:1014200055C9130B1400E3454BFF52849307F4FF97
:10143000B387374155476353F70A294A638A0B003C
:10144000B7A501005E86938585D02685EF00BECCCA
:10145000A9452685EF009E8101E9B7A50100938586
:1014600045C62685EFF04FC2B7A501009385C5D0CC
:101470002685EF005EC437AB0100B7AB010037AC87
:101480000100B7AC010037AD0100B7AD010070003D
:10149000CE854A85EF304ECB1DC163130A04B7A534
:1014A0000100938505D22685EF00FEC0930954FF05
:1014B0007000CE854A857D5AEF300EC979FD2685AC
:1014C000EF005E84B30555412685EF100EAF6561D0
:1014D0006FF02D85E35C8BF4228A1DBF7D5AB9BF66
:1014E000700093058BD24A85EF306EC81018938533
:1014F0000BD32685EF003EC202566359C000B7A544
:101500000100938585D32685EF00FEC09305CCD3DB
:101510002685EF005EBA6C002685EF102ECD29E5FA
:10152000524683070600C1E3E2471307D0068387CC
:1015300007006389E70813073004638DE7069256B6
:10154000101893058DD62685EF00FEBC8307F102A7
:10155000A9E72685EF000EFBB305554126857D1AC8
:101560008509EF108EA525B7FD5501462685EF00AC
:10157000DE9BB7A501002A86938545D42685EF001A
:101580009EB926857D56F955EF006EFBF9552685E7
:10159000EF002EF88307F102CDDF9385CCD72685A7
:1015A000EF007EB17DB7C24693854DD52685EF000D
:1015B0009EB669BFB7A70100938507A62685EF00F1
:1015C0009EAF69B7B7A701009385C7D52685EF0001
:1015D0009EAEADBFEFE29DF237A90100B7C9F0FFA3
:1015E000AE84B28A9385899D130689A92A84368A96
:1015F000EF009EC09547630BF502F9552285EF0079
:101600004EF19385899D2285EF00CEED0146AA8992
:1016100081452285EF007ECCFD552285EF00AEFA94
:10162000130689A9CE852285EF009ED6FD55268614
:101630002285EF007EBCFD552285EF001E8D11CD69
:10164000F95522857D56EF008EEFF9552285EF0082
:101650004EEC63120A046FE0BDED2285F955EF00F0
:101660004EEB0146D6852285EF009EAEA6852285EB
:10167000EF007EA401478146054622858545EF009F
:10168000DEED2285FD55EF000EF42686F555228508
:10169000EF001ED075B72285FD55EF00CEF2A6856E
:1016A0002285EF00BECC6FE0BDE8938705019CC1A9
:1016B000856793870780C8C523A40500DCC18280A5
:1016C000EFE2DDE344411C4541113387F440636997
:1016D000B7000329050041013305F9006FE05DE51E
:1016E00086043387F4402A848329C5006374B700D5
:1016F000B384B70063F9F400B7A50100938545D919
:101700004E85EFF06F981840930704016300F704CB
:101710006C004E85EF10AE902A89FD554E85EF0086
:101720003E8B50410C412A8A3245A68602992A896D
:1017300029CD23202A0123229A001C44232024019E
:1017400044C03305F90041016FE09DDEA1454E859F
:10175000EF10CE8DB7A50100232005002322050040
:10176000938585DA4E85EFF00F8015EDF9554E859E
:10177000EF001ED72686FD554E85EF10EEC91044AA
:101780000C402A89EF406FE54DBFC5D4FD55014699
:101790004E85EF106EC8B7A50100938545AA4E850A
:1017A000EFF08F8E79B7B73500004E8501469385EF
:1017B000C5C6EF00FE9937A60100130606DBF955F2
:1017C0004E85EF00FEBC5DB7EFE27DD27D73130363
:1017D000037D1A912A8C3285AE84328B368AEF5083
:1017E0000FFA0567140893070782B697FD7AB38945
:1017F000570185679387078023AAF97E930707829D
:10180000B697AA8B930C0103938A0A7FDA85268503
:1018100023AE897F23A8997F23AC097EBE9AEF501F
:101820000FFE2A843309954015C16314090C5285B3
:10183000EF50EFF4AA8459EDB3047401DA852685DC
:10184000EF50EFFB2A843309954065F12685EF5070
:101850000FF32A8445ED0567130707821408FD7707
:101860003697BA9703A6877F3EC632548255FD74D9
:101870002285EF001E8082576384970585671808CC
:1018800093870782BA979385C47EBE952285EF0021
:101890001EF92A89F9552285EF008EF3AA8450415A
:1018A0000C4172458146029988C0F955228523A2D0
:1018B00004007D56EF00AEC8F9552285EF006EC5D5
:1018C0000146FD556285EF004EE61301017F21615F
:1018D0006FE07DC5AA855685E5332686D285EF4023
:1018E000CFCF83A7897FBE9423AC997EB3047401C4
:1018F000B1B7CA855685E9334A86A685EF40EFCD54
:1019000083A7897F3E9923AC297F15B7856918087D
:101910007D7993870982BA971305097F3E95A28541
:1019200045332286A685EF404FCB9387098218085E
:10193000BA97CA9703A6877F3EC6229623ACC77E76
:101940002DB711E28280EFE27DBB032945002A8496
:1019500008454111AE89B307A940B28463F4C706B4
:101960000609B307A940832AC40063F4C7003309FA
:10197000A6006379A900B7A50100938545D95685CE
:10198000EFE09FF0184093070401630AF7046C002E
:101990005685EF00DEE82A8AFD555685EF004EE3B6
:1019A00050410C412A8B3245CA86029A2A8A3DC58B
:1019B00023204B0123222B0108442320440123220E
:1019C000240119A0032A04002686CE855295EF40F3
:1019D000CFC01044269610C441016FE07DB5A145EB
:1019E0005685EF00BEE4B7A50100232005002322A1
:1019F0000500938585DA5685EFE0FFD61DEDF95594
:101A00005685EF00FEAD4A86FD555685EF10CEA0F7
:101A100010440C402A8AEF404FBC79BFE30A09F812
:101A2000FD5501465685EF102E9FB7A50100938501
:101A300045AA5685EFE05FE5A5BFB735000056859E
:101A400001469385C5C6EF00AEF037A60100130628
:101A500006DBF9555685EF00BE9355B7EFE2BDABF7
:101A60002A892E85AE84EF508FD119E16FE0FDAC4D
:101A70002A84AA854A85A9312286A685EF40EFB53A
:101A8000832789003E94232489006FE01DABEFE299
:101A9000FDA6444541112A847000FD552685EF00BE
:101AA000CEC81C40930904012A8A6389370305467E
:101AB000F9552685EF00AEA83249631409021C408F
:101AC000F955638CF90226857D56EF004EA7F9552E
:101AD0002685EF000EA441016FE09DA53249630EFB
:101AE0000900CA852285E93E4A86D285EF40EFAEDD
:101AF0001C443E9923242401D9B7FD55E9B7EFE2F0
:101B00009DA1444510450C412A8441112685EF00D2
:101B10004ED61C404104638D87026C002685EF0081
:101B20001ED02A89F9552685EF008ECA2A84504195
:101B30000C4132458146029908C0F9552685232279
:101B400004007D56EF00AE9FF9552685EF006E9C90
:101B500041016FE09D9EEFE21D9C104544452A84A3
:101B60002E960C4110C541112685EF008ED01C40E9
:101B70004104638D87026C002685EF005ECA2A89C6
:101B8000F9552685EF00CEC42A8450410C413245D8
:101B90008146029908C0F9552685232204007D5606
:101BA000EF00EE99F9552685EF00AE9641016FE002
:101BB000DD98EFE25D960567AA8493070780138599
:101BC0000501C4C588C123A40500DCC163F9C704AD
:101BD00032896368E6042E842685A145EF001EC580
:101BE000B7A501002320050023220500938585DA8F
:101BF0002685EFE05FB705E9F9552685EF005E8E93
:101C00004A86FD552685EF102E8110440C40EF408A
:101C1000CF9CAA8708441CC0232224013E956FE074
:101C2000DD9105694DBFB7350000268501469385D6
:101C3000C5C6EF00EED137A60100130606DBF95545
:101C40002685EF00EEF44DBFEFE2FD8CB7C5F0FF47
:101C500009469385859D2A84EF00EEE4E9650146F7
:101C600022859385C5DDEFF04FEB2285FD55EF0012
:101C70008E9537A60100130606032285F955EF005D
:101C80002EF1B7A50100938545032285EF00AEC272
:101C900037A6010022851306C603F955EF004EEF63
:101CA00005456FE09D89EFE21D87B707002007A576
:101CB0008727930540042A84EFE0FFC42285054668
:101CC0008145EF008EE1E965228501469385852AED
:101CD000EFF0AFE405456FE05D86EFE2DD83696418
:101CE00037260200AA841304C46F130686C40C406E
:101CF00085462685EFF01F8EF95526852104EF00D5
:101D00004E8150406DF66FE05D839D4763E9A70CFF
:101D1000ED6706059387C7463E951221B7670040D9
:101D200003A70740759B23A0E74003A7074013675D
:101D3000170023A0E74083A74740858B89EF37072B
:101D400002007917B766004011A011C783A746406B
:101D50007D17858BFDDBB767004003A74740058BE8
:101D600035CF03A707407D16B7054B031377F7F769
:101D700023A0E74003A707404D8E1367070423A065
:101D8000E74003A707401377F7FD23A0E74003A729
:101D900007401367070123A0E74003A707405D9BA7
:101DA00023A0E74003A707406D9B23A0E74023AE95
:101DB000C74003A70740799B23A0E74083A747407C
:101DC000858B89CF370702007917B766004011A0CD
:101DD00011C783A746407D17858BFDFB8280414656
:101DE00035BFEFE24DF32A89370500022E84B28415
:101DF000EF00B07CB707002003A74723B74795083B
:101E000093870740630DF70E3706020079160548E1
:101E10009D4763E4270FED6706099387C7463E9900
:101E200083550900B767004083A60740F59A23A0B1
:101E3000D74083A6074093E6160023A0D74083A788
:101E40004740858B89EF370702007917B766004056
:101E500011A011C783A746407D17858BFDDBB767AF
:101E6000004083A64740858AD9C683A607403387AA
:101E70000503B7054B0393F6F6F723A0D74083A6D7
:101E8000074093E6060423A0D74083A607407D17AA
:101E90004D8F93F6F6FD23A0D74083A6074093E627
:101EA000060123A0D74083A60740DD9A23A0D74090
:101EB00083A60740ED9A23A0D74023AEE74003A7AF
:101EC0000740799B23A0E74083A74740858B81CFBC
:101ED0000147B766004019A06307C70083A74640C3
:101EE0000507858BF5FBB767004003A7474093873D
:101EF0000740058B11CB6FE04DE4C14525B7370690
:101F000004007116094829B7D84B2686A2851367A5
:101F10003741D8CB13054002EFC0CEB22686A2854A
:101F200013055002EFC00EB22686A28513053002BB
:101F3000EFC04EB12686A28513056002EFC08EB0B9
:101F40006FE0ADDF37670040832707408546F19B90
:101F500093E717002320F740832747408D8B63804A
:101F6000D702370702007917B7660040054611A06F
:101F700019C783A746407D178D8BE39BC7FEB767C4
:101F8000004003A547400D897D151335150082805B
:101F9000B767004003A70740719B23A0E74083A7D2
:101FA00047408D8B89CF370702007917B76600400D
:101FB00011A011C783A746407D178D8BFDFBB76726
:101FC000004003A547400D8913351500828037680E
:101FD000004013080840832808209605C20593E8AE
:101FE000180023201821032EC8218548B398A80083
:101FF00013C3F8FF337E6E00232EC821032EC820A2
:1020000096065606337EC301C1810E05C2062326FD
:10201000C82142954D8E5607C1822320C524558F75
:102020002322E52403274820336717012322E820D1
:102030008DE7832748213373F300232A6820B7678D
:10204000004003A7C761B368170123AE176103A758
:102050000760799B23A0E760828083274821B3E74C
:102060001701232AF820B767004003A7C761B368A8
:10207000170123AE176103A70760799B23A0E760D0
:102080008280B767004083A6076005473315A70025
:1020900093E6160023A0D76003A7C7611345F5FF99
:1020A000798D23AEA76003A70760799B23A0E76023
:1020B0008280B76700409387074003A70720054841
:1020C0003318A8001367170023A0E72003A7C72130
:1020D000134EF8FF939835003377C70123AEE720FE
:1020E00003A3C7201317360093E84800136747007F
:1020F000C208358233630301420793D808010E05F5
:10210000B581420623A667203E9533671701C205B5
:1021100041822320E524D18D2322B52403A7472023
:102120003367070123A2E72003A747219DE2337EFF
:10213000EE0023AAC721B767004003A7C761336831
:10214000070123AE076103A70760799B23A0E7601F
:1021500082803367070123AAE720B767004003A7FF
:10216000C7613368070123AE076103A70760799B46
:1021700023A0E7608280EFE26DB804413D499947B2
:1021800041112A84AE893319990063E5970CB7157C
:102190000240DC493707024093E71700DCC95C4383
:1021A00033E92701232227015C44D5C30547639304
:1021B000E7081303001013080040B7050020139729
:1021C000240093850502BA958C413A853737002063
:1021D0001307478983A805002A9714C34167791715
:1021E000B3F8E8001C48584023A015019441084466
:1021F000D98F6177B3E767003D07758FC98FD98F96
:10220000B3E70701562C93E7070858489CC11C4CBC
:10221000D4C198C5DCC59C41194793E727009CC1F0
:10222000CE85637F970013851404EFC0AE81410112
:102230006FE00DB085671303002013880780B5BFDA
:102240001385B401EFC00E8041016FE06DAE014314
:102250000148A5B78545094536C632C4EFF04DCED5
:10226000B707024003A74740B24622463369270119
:1022700023A2274115BF93F7F50F9DCB1C4113F700
:10228000150051E313F7250049E713F7450049EB23
:1022900013F7850059EF13F7050145E713F705021A
:1022A0005DEB13F7050471E313F7050869EB1CC137
:1022B0009307F00F63F1B7045C4113F7051071E762
:1022C00013F7052069EB13F7054069EF13974501F4
:1022D0006344070E139735016349070E13972501D1
:1022E000634007101397150163470710C205C185A6
:1022F00063C405005CC18280920791833707003078
:10230000D98F5CC1CDBFC19B13F7250093E7370080
:102310002DDF93F7F7F013F7450093E707032DDB65
:102320007D771307F70FF98F13F7850093E70730D1
:102330003DD345777D17F98F0D67D98F13F70501C9
:1023400031DF3707F1FF7D17F98F37070300D98F8A
:1023500013F7050239D7370710FF7D17F98F3707B5
:102360003000D98F13F7050421D3370700F17D170B
:10237000F98F37070003D98F13F705080DDB920794
:10238000918337070030D98F1DB7C19B13F7052004
:1023900093E737000DDB93F7F7F013F7054093E76A
:1023A00007030DD77D771307F70FF98F13974501B3
:1023B00093E70730E35007F245777D17F98F0D67F4
:1023C000D98F13973501E35B07F03707F1FF7D17CE
:1023D000F98F37070300D98F13972501E35407F0CE
:1023E000370710FF7D17F98F37073000D98F139704
:1023F0001501E35D07EE370700F17D17C205F98F80
:10240000C18537070003D98FE3D605EEF5B593F7FD
:10241000F50F9DCB1C4113F715003DEF13F7250079
:1024200041E313F7450051E313F7850051E713F734
:10243000050149EB13F7050249EF13F705044DE3D6
:1024400013F705084DE71CC19307F00F63F1B704BC
:102450005C4113F7051059EF13F7052045E313F717
:10246000054055E3139745016347070A1397350164
:10247000634A070A13972501634E070A139715014C
:102480006342070CC205C18563C405005CC182803C
:10249000920791835CC1E5BF13F72500C19B51D31F
:1024A00013F7450093F7F7F041D37D771307F70F44
:1024B000F98F13F7850025DF45777D17F98F13F71F
:1024C00005012DDB3707F1FF7D17F98F13F70502A3
:1024D0002DD7370710FF7D17F98F13F705042DD37C
:1024E000370700F17D17F98F13F7050829DF9207E9
:1024F000918391BF13F70520C19B35D313F7054096
:1025000093F7F7F025D37D771307F70FF98F13971C
:102510004501E35D07F445777D17F98F1397350182
:10252000E35A07F43707F1FF7D17F98F1397250159
:10253000E35607F4370710FF7D17F98F139715013E
:10254000E35207F4370700F1C2057D17C185F98F03
:10255000E3DE05F235BF93F7F50F85CF1C4113F786
:10256000150059EB13F7250045E313F7450055E730
:1025700013F7850061E313F7050179E713F7050207
:1025800065E313F7050475EB13F7050863150710EA
:102590001CC19307F00F63F7B7045C4113F70510F4
:1025A0006314071013F70520631A071013F705408B
:1025B00063110712056713070780B3F6E500639CF4
:1025C0000612139735016342071413972501634BD5
:1025D00007141397150163440716C205C18563C428
:1025E00005005CC182809207370700809183D98FF4
:1025F000216718C95CC1FDB70547C19B18C913F70E
:10260000250093E7870035D3094793F7F7F018C9FA
:1026100013F7450093E7070821DF7D771307F70FCE
:10262000F98F056713070780D98F114718C913F76A
:10263000850031D345777D17F98F2167D98F2147E1
:1026400018C913F705011DDB3707F1FF7D17F98F57
:1026500037070800D98F414718C913F7050215D36A
:10266000370710FF7D17F98F37078000D98F1307C1
:10267000000218C913F7050401DB370700F17D17C5
:10268000F98F37070008D98F1307000418C913F70B
:102690000508E30F07EE9207370700809183D98F73
:1026A0001307000818C9EDB513070010C19B18C91E
:1026B00013F7052093E78700E30A07EE13070020CE
:1026C00093F7F7F018C913F7054093E70708E303FA
:1026D00007EE7D771307F70FF98F0567130707805C
:1026E000D98F1307004018C9056713070780B3F691
:1026F000E500E38806ECC576FD16F58F18C9A166DE
:1027000013973501D58FE35207EC3707F1FF7D179B
:10271000F98F37070800D98F056718C91397250166
:10272000E35907EA370710FF7D17F98F3707800055
:10273000D98F096718C913971501E35007EA3707BE
:1027400000F17D17F98F37070008D98FC20511678F
:1027500018C9C185E3D705E879B593F7F50F9DCB87
:102760001C4113F7150051E313F7250049E713F750
:10277000450049EB13F7850059EF13F7050145E7CD
:1027800013F705025DEB13F7050471E313F7050872
:1027900069EB1CC19307F00F63F1B7045C4113F7B9
:1027A000051071E713F7052069EB13F7054069EF92
:1027B000139745016344070E139735016349070ECC
:1027C00013972501634007101397150163470710FE
:1027D000C205C18563C405005CC1828092079183F4
:1027E00037070040D98F5CC1CDBFC19B13F72500CF
:1027F00093E747002DDF93F7F7F013F7450093E7D2
:1028000007042DDB7D771307F70FF98F13F785008A
:1028100093E707403DD345777D17F98F1167D98F2F
:1028200013F7050131DF3707F1FF7D17F98F370700
:102830000400D98F13F7050239D7370710FF7D172A
:10284000F98F37074000D98F13F7050421D33707D5
:1028500000F17D17F98F37070004D98F13F70508AA
:102860000DDB9207918337070040D98F1DB7C19BBD
:1028700013F7052093E747000DDB93F7F7F013F705
:10288000054093E707040DD77D771307F70FF98FFE
:102890001397450193E70740E35007F245777D170B
:1028A000F98F1167D98F13973501E35B07F037076D
:1028B000F1FF7D17F98F37070400D98F1397250192
:1028C000E35407F0370710FF7D17F98F37074000F3
:1028D000D98F13971501E35D07EE370700F17D17D8
:1028E000C205F98FC18537070004D98FE3D605EEFD
:1028F000F5B5EFD25DC24111AA842E84631B061C7C
:1029000093F7060113F7F60099C31367370093771F
:10291000F40FB9CB9C40130680046389C61C1306D0
:1029200080026380C63C13761400631D0632137662
:102930002400631B063413764400631406381376B0
:1029400084006319063613760401631D063413767A
:1029500004026311063413760404631F06301376F1
:102960000408631406309CC09307F00F63F0870CD3
:10297000DC4013068004639EC60A9376041091C659
:10298000C19B93060010D98F94C89376042089CAFE
:102990009316470093F7F7F0D58F9306002094C85D
:1029A0009376044099CAFD769386F60FF58F9316B9
:1029B0008700D58F9306004094C88566938606806D
:1029C0003376D40001CA45767D16F18F1316C70001
:1029D000D18F94C89316340163DB0600B706F1FF6C
:1029E000FD16F58F93160701D58F856694C893164B
:1029F000240163DB0600B70610FFFD16F58F931662
:102A00004701D58F896694C89316140163DB0600CD
:102A1000B70600F1FD16F58F93168701D58F9166E5
:102A200094C8420441846346042ADCC041016FD04B
:102A3000DDB0130680026387C6169376041099C230
:102A4000C19BD98F9376042091C693F7F7F0931624
:102A50004700D58F9376044081CAFD769386F60FA2
:102A6000F58F93168700D58F9316440163D806001F
:102A7000C576FD16F58F9316C700D58F93163401D2
:102A800063D90600B706F1FFFD16F58F931607010F
:102A9000D58F9316240163D90600B70610FFFD16E3
:102AA000F58F93164701D58F9316140163D906004D
:102AB000B70600F1FD16F58F93168701D58F4204F6
:102AC0004184E35404F6920791837207D98FDCC0E6
:102AD000B1BF371702401C4F36C6854593E7170034
:102AE00032851CCFEFE07DA7B24619BD13761400E6
:102AF00009C6C19B0546D98F90C81376240001CA28
:102B00001316470093F7F7F0D18F094690C8137654
:102B1000440011CA7D761306F60FF18F1316870055
:102B2000D18F114690C81376840009CA45767D1668
:102B3000F18F1316C700D18F214690C81376040178
:102B400011CA3706F1FF7D16F18F13160701D18FD9
:102B5000414690C81376040219CA370610FF7D1645
:102B6000F18F13164701D18F1306000290C8137618
:102B7000040419CA370600F17D16F18F1316870178
:102B8000D18F1306000490C813760408E30D06DC09
:102B900092071316C7019183D18F1306000890C8BE
:102BA0009CC0D9B39376041091C6C19B93060010C4
:102BB000D98FD4C89376042089CA9316470093F717
:102BC000F7F0D58F93060020D4C89376044099CAB5
:102BD000FD769386F60FF58F93168700D58F9306B3
:102BE0000040D4C88566938606803376D40001CA37
:102BF00045767D16F18F1316C700D18FD4C8931672
:102C0000340163DB0600B706F1FFFD16F58F93165E
:102C10000701D58F8566D4C89316240163DB0600AF
:102C2000B70610FFFD16F58F93164701D58F8966FD
:102C3000D4C89316140163DB0600B70600F1FD1635
:102C4000F58F93168701D58F9166D4C842044184CD
:102C5000E35D04DC920772079183D98F2167D8C89E
:102C6000DCC0E9B3C19BD98FD9B192079183131608
:102C7000C701D18F9CC0CDB9370600F17D16F18F09
:102C800013168701D18FE1B993F7F7F013164700B8
:102C9000D18F55B1370610FF7D16F18F13164701FE
:102CA000D18F55B93706F1FF7D16F18F1316070145
:102CB000D18F71B945767D16F18F1316C700D18F6C
:102CC00059B17D761306F60FF18F13168700D18F59
:102CD000BDB1920772079183D98F216798C8DCC074
:102CE000B1B31376140009C6C19B0546D98FD0C86D
:102CF0001376240001CA1316470093F7F7F0D18F1B
:102D00000946D0C81376440011CA7D761306F60F23
:102D1000F18F13168700D18F1146D0C81376840027
:102D200009CA45767D16F18F1316C700D18F21464B
:102D3000D0C81376040111CA3706F1FF7D16F18F52
:102D400013160701D18F4146D0C81376040219CA61
:102D5000370610FF7D16F18F13164701D18F13062A
:102D60000002D0C81376040419CA370600F17D1694
:102D7000F18F13168701D18F13060004D0C8137684
:102D80000408E30206BE92071316C7019183D18F90
:102D900013060008D0C89CC0C1BEEFD2CDF71145C4
:102DA0001D2821450D2841453D2013050002252001
:102DB000130500040D206FD04DF8B7170240D44F13
:102DC0001347F5FFC98ED4CF944BC98E94CB944B47
:102DD000758F98CB8280B7170240944F1347F5FF49
:102DE000C98E94CFD447C98ED4C7D447758FD8C75E
:102DF0008280EFD24DF241112EC62A8421ED056565
:102E0000EFF07FFDB245370500200A041305850564
:102E1000229518418D67938707041623F58FCD8F70
:102E2000C207F1759385C530C183CD8FC207C183B9
:102E30001EA35E2F93F747105EAF231807005E2393
:102E400093E727005EA31E2393E707041EA3410117
:102E50006FD0ADEE1165EFF05FF6B2456DB7EFD212
:102E6000EDE9B707002083A747232A84D144B3D5CF
:102E7000B702B73900209389C98CED671317250075
:102E800093870749BA977D15954603A90700B304B0
:102E90009402CE9492A0AEA063F8A60A9D47630D5B
:102EA000F40AA1476307F41639C037051000EFF0A4
:102EB0009FF203578900D220962042074183619BED
:102EC000420741832314E90083570900BA20C2074F
:102ED000C18393F7F7C8D18F2310F9002316D902C5
:102EE0002314E9028547231AF9006FD06DE40565C4
:102EF00013050580EFF03FEE37360140035786C0DB
:102F000003D5490083D5290042074183619B4207CD
:102F100041832314E6C0835706C0930606C0368952
:102F2000C207C18393F7F7C8C98F2310F6C083D7B0
:102F300009002316F6C22314B6C2231806C2854719
:102F4000231AF9006FD0CDDE63E0860CE967938722
:102F500047883E971C4382870965EFF0DFE70357F8
:102F60008900D147B307F40242074183619B4207BE
:102F700041832314E900035709003384F9005220E8
:102F800093170701C183162093F7F7C83A20D18F12
:102F90002310F9002316D9022314E902A1B74145F1
:102FA000EFF0BFE1D1473304F40283578900C20731
:102FB000C183E19BC207C1832314F9008357090031
:102FC0004E945A20C207C183162093F7F7C8D98FB1
:102FD0003A202310F9002316D9022314E902854769
:102FE000231AF9006FD0CDD42145EFF01FDD5DBF6E
:102FF0001145EFF09FDC7DB70945EFF01FDC5DB7B1
:103000000545EFF09FDB79BF13050002EFF0FFDA13
:1030100051BF37050800EFF01FDC91B7EFD2ADCFFD
:10302000370800200328482341112A84B355B802E9
:1030300051483AC63EC40A0433030503373800201A
:103040001308C88C1A982310C8002326D80023110F
:10305000B80023120800EFB08EB46D651305054962
:10306000A247229514413E86F9579EAADE26324792
:103070001305D00293E71700BA85DEA6EFB08E9C49
:0630800041016FD08DCB71
:00000001FF
