:100000006F90C06513000000130000001300000093
:100010001300000013000000130000001300000094
:100020001300000013000000130000001300000084
:08003000130000007300100032
:1000380000000000000000004A3600004E360000B4
:1000480000000000A2950000000000000000000071
:10005800A4950000A6950000000000000000000024
:1000680072DD000000000000000200000000000037
:10007800AC950000AE950000B095000054CD00008E
:10008800B4950000B6950000B8950000BA95000038
:10009800BC950000BE950000C09500007EC600001B
:1000A8004CC70000C69500001AC80000E8C8000048
:1000B800CC950000CE9500006AC20000D2950000E1
:1000C800D4950000D6950000D8950000D4360000DD
:1000D800DC950000DE950000E0950000E295000048
:1000E80034380000E6950000F8D20000EA950000D8
:1000F800EC950000EE950000F0950000F2950000E8
:1001080012D10000F6950000F4D90000FA9500001D
:10011800FC950000FE950000009600000296000085
:10012800C6D3000006960000089600000A96000054
:100138000C9600000E96000094D400001296000061
:10014800C2DA000016960000189600001A96000001
:100158001C9600001E9600002096000022960000C3
:1001680024960000A8370000289600002A96000070
:100178002C9600002E960000309600003296000063
:100188003496000036960000389600003A96000033
:100198003C9600003E960000409600004296000003
:1001A8004496000046960000489600004A960000D3
:1001B8004C9600004E9600005096000052960000A3
:1001C8005496000056960000589600005A96000073
:1001D8000000000000000000000000000000000017
:1001E8000000000000000000000000000000000007
:0801F8000000000000000000FF
:10020000130181F806C216C41AC61EC822CA26CC1B
:100210002ACE2ED032D236D43AD63ED842DA46DC76
:100220004ADECEC0D2C2D6C4DAC6DEC8E2CAE6CC46
:10023000EACEEED0F2D2F6D4FAD6FED8F3220030CF
:1002400096DA83A2C1BB23A02200F32510342EC06E
:100250009305000273A0458003A18194EFF0000F85
:1002600003A3C1BB03210300824273901234D65210
:10027000739002309240A2423243C2435244E2445D
:10028000724582551256A2563257C2575258E258FA
:1002900072598649164AA64A364BC64B564CE64C0E
:1002A000764D865D165EA65E365FC65F13018107DA
:1002B0007300203013000000130000001300000042
:1002C00013000000130000001300000013000000E2
:1002D00013000000130000001300000013000000D2
:1002E00013000000130000001300000013000000C2
:1002F00013000000130000001300000013000000B2
:1003000083A28194938202E07390023403A1C1BB63
:10031000024182403243C2435244E2447245825514
:100320001256A2563257C2575258E258725986494D
:10033000164AA64A364BC64B564CE64C764D865D61
:10034000165EA65E365FC65FD652A102739002307B
:10035000A2421301810782801300000013000000F5
:100360001300000013000000130000001300000041
:100370001300000013000000130000001300000031
:100380001300000013000000130000001300000021
:100390001300000013000000130000001300000011
:1003A0001300000013000000130000001300000001
:1003B00013000000130000001300000013000000F1
:1003C00013000000130000001300000013000000E1
:1003D00013000000130000001300000013000000D1
:1003E00013000000130000001300000013000000C1
:1003F00013000000130000001300000013000000B1
:10040000F322003093F272FF130380781203B3E2F9
:100410006200711523205500130585FA10C12115BE
:10042000232005009302000063870200711523203A
:100430000500FD12D5BF71150CC1828000000000BF
:1004400000000000000000000000000000000000AC
:10045000000000000000000000000000000000009C
:10046000000000000000000000000000000000008C
:10047000000000000000000000000000000000007C
:10048000000000000000000000000000000000006C
:10049000000000000000000000000000000000005C
:1004A000000000000000000000000000000000004C
:1004B000000000000000000000000000000000003C
:1004C000000000000000000000000000000000002C
:1004D000000000000000000000000000000000001C
:1004E000000000000000397101436EC619A0397187
:1004F00041536AC866CA62CC5ECE19A039710153F5
:100500005AD056D252D44ED64AD826DA22DC06DE4B
:1005100033016140828241114AC026C222C406C60C
:100520008282B24D4101024D924C224CB24B4101AC
:10053000024B924A224AB249410102499244224462
:10054000B240410182803D432A876373C30293779F
:10055000F700BDEFADE5937606FF3D8ABA960CC372
:100560004CC30CC74CC74107E36BD7FE11E2828036
:10057000B306C3408A069702000096966780A600DD
:100580002307B700A306B7002306B700A305B700EB
:100590002305B700A304B7002304B700A303B700E3
:1005A0002303B700A302B7002302B700A301B700DB
:1005B0002301B700A300B7002300B700828093F5A2
:1005C000F50F93968500D58D93960501D58D61B76E
:1005D000939627009702000096968682E78086FA17
:1005E0009680C1171D8F3E96E374C3F8A5B7EFF24E
:1005F0001FF0AE96939906013A8B1307160093D914
:10060000090142074183CE86AA842E84B28A034A16
:100610002509EF00D00901C90549933B1A006395EC
:1006200089002389440901B783470B00B377F90098
:100630008DC723894409014785465686A2852685AC
:10064000EF0040750504060942041379F90F418053
:10065000E31709FC050B0549D9B783C71409FDF356
:1006600023897409C9BFEFF27FE932971319070193
:10067000B689AE9613590901C2064A87C1822A8BF0
:10068000AE8A32843E8AEF00900201C993847900D9
:10069000C204C1808D806313890059BD2286050480
:1006A0005287CE86D6855A8542049137269A418054
:1006B000DDB7EFF2BFE4329793140701B689AE9627
:1006C000C180C2062687C1822A8A2E893284EF0021
:1006D000007E01EDB1BD228605040147CE86CA85A4
:1006E00052854204EF00006B4180E39684FEDDB743
:1006F000EFF27FE21C418145902B834785034859E7
:100700003306F6020E0681350DBDA1471CA11385E7
:1007100041CB8280EFF23FE03687AE84B286B715D8
:100720000000371600004111130686229385C52F5D
:100730002A84EF00D05C1305F100C13F9087B71603
:100740000000AA852687938686ED2285EF00101388
:100750004101E5B3AA959C218831A2073E95420547
:100760004181828001458280EFF2FFDA9C21AE84D4
:100770002A841CA19C311CB1BC213CA1BC313CB1E0
:10078000DC215CA1DC315CB1FC217CA1FC317CB1C1
:100790009C251CA59C351CB5BC253CA5BC353CB591
:1007A000DC255CA5DC355CB5FC257CA5FC357CB581
:1007B0009C29C5451CA92685713F2AA8CD452685BB
:1007C000513F4AA8D545268571376AA8BDB3104167
:1007D0000348C5001C223307B8001377F70FB3D6C0
:1007E00007419D4763ECE70093F7F60F58A57D5549
:1007F0003315B5001345F5FF7D8D828093071600F4
:100800001CC11C32214633060641B397C700D58F61
:10081000611793F7F70F1377F70FC9BFEFF2BFCF49
:100820002CD183458507930405062A8423060506F3
:100830002685713F834594072305A4062685413FFD
:1008400083472409A305A4062307F40693B71700DA
:10085000A307F406DDB1EFF21FCC2E848D3F7D148B
:100860008547B39787001D8D62056185F9B185477E
:10087000638CF60091C68947638AF6000D8D11A03E
:1008800032954205418182802E95E5BF118DD5BFFD
:100890008547638CF60091C68947638AF6003295D6
:1008A00011A02E95420541818280118DE5BF0D8DED
:1008B000D5BFEFF25FC38344850603499506411116
:1008C0002A84AE89328B834BA40693FAF90F338ABC
:1008D0009B40137AFA0F63743A01937AFA0F034735
:1008E0000407939C8401131C89010355440693DC7F
:1008F0008C41135C8C41BA866286E6853AC6493FD4
:100900003247835D64066286BA862A8DE6856E85E7
:10091000B93F2A86324763080B028347E40623095E
:10092000F408D686EA852285B521CE9493F4F40F97
:1009300063E14903B3847441050993F9F40F137912
:10094000F90F814449B78347D406E5F38347F4069A
:10095000F9B723049406A30484074101D9B6EFF242
:100960001FB92A84130A0506553D8345A4075285FD
:100970008309B406CD358345B4072A8C5285E13D01
:100980008345C4072A8B5285F9358304A406AA8AB5
:10099000635D90084E9B834B0407330B6041035506
:1009A0004406620B135B8B41DE865A86E285CD35A9
:1009B0002312A4062A89035564065A86DE86E28538
:1009C0007D352313A40685472A86638CFB06638046
:1009D0000B0689476387FB088D47638BFB0A2A87D1
:1009E000CA86CA852285E12129C1231404068345CC
:1009F00064075285E93B834574072A895285C13BC8
:100A0000AA840146CA8522856D35A68522850546BC
:100A10004D3585455285653B6DF583079406E3C8E2
:100A200037FD8347E4062309F4085685EDBCCA94D4
:100A300093960401B304350113970401C1824183E5
:100A40004DB7B3073941AA940509931609011397C5
:100A500004018507C18241831399070113590901D4
:100A600049B70547B3049740B307990033073741A7
:100A70009304190093960401B305E500930415004F
:100A80001397040113960501C18241834182E9B79E
:100A9000B304954013061500B306390185041317F6
:100AA0000601C20613960401C1824183418215BF2B
:100AB0003C4D1307F00FDD076368B702130700060C
:100AC000637DB70003578508BA97983335C39423DD
:100AD000E39CB6FE13852700828013070004E376AB
:100AE000B7FE03576508CDB7EFF2FFA20354A50880
:100AF000AE843E94228981454A85A9392A94894544
:100B00004A8589391109E36895FE1C301820A2072F
:100B1000D98F13978700A183D98FC207C18399CB3F
:100B20006395F4001305340009BC3C203E94F1BFEA
:100B3000014582800145CDBFEFF2FF9D2A848D3FA4
:100B40000DC5AA852285D9398345A40793040406D7
:100B5000268511338345B4072308A4082685E53983
:100B60008345C4072685C539C9BA0145F5BFEFF2EB
:100B70001F9823050506AA84AE8AF12BC1671309C5
:100B800000FC014A0144138BF7FF9389E7FF930BA5
:100B900000FC83C50A00DC4026858297AA85630392
:100BA0006503850AE30735FF26857937131A0501A2
:100BB000135A0A0163147901038904095294420407
:100BC0004180C1BF8387A40691CF03870409BA97E8
:100BD0003E943304444142044180635520014A94C9
:100BE0004204418022856FF01F94A306B5068280DF
:100BF000EFF2DF908347050705472A842E89B284E8
:100C0000B689638FE7029DC709476383E7040D47F1
:100C10006384E704CE8523122407231394062285D8
:100C2000413DAA85014589C52285153B4205418183
:100C30006FF01F907C4D8297AA94C204C180D9BFE7
:100C40007C4D82973309A940420913590901D9B74C
:100C50007C4D8297898CD5B77C4D82972A99EDB7C8
:100C6000EFF2FF884169AA8C2E84B284B689130AF8
:100C7000F9FFD521014C7919854A094B8D4B83A782
:100C80004C0083C5090066858297AA8663034505E3
:100C90008509E30625FF2686A2856685913F83C7E1
:100CA0000C076380570391CB6381670363817703EC
:100CB0002A9C420C135C0C01D9B72A94420441804F
:100CC000C5BFAA94C204C180E5B7098CC5BF898C91
:100CD000D5BF62856FF03F85EFF2FF83B717000045
:100CE0009387C70B5CC1AD3F6FF03F853C4DA9CBEF
:100CF00003061508830625088347D5082307C5087A
:100D0000A307D50895CF0547639FE70083073508FC
:100D10006354F6002307F5088307450863D2D7021A
:100D2000A307F50882808307E50703070508BA973C
:100D30006354F6002307F5086354D700A307E508BA
:100D40008280B7070000938747767CCD8280384D3C
:100D5000630DB700EFF22FFC2A842CCC1305450756
:100D60002134228561376FF04FFD8280EFF2AFFAB8
:100D7000B71700009387C70B5CC1D53B6FF0EFFB43
:100D8000EFF26FF97E3D1D8E5C55420641828297DF
:100D90006FF0AFFA8347C508C1CBD9C6854763F961
:100DA000D70089476317F7068505958DC205C18170
:100DB000058B25EF8357C5046368F6068357E50462
:100DC0006374F606AE96C206C18283578504035843
:100DD000A50463F9B60463F605059306F8FFC20699
:100DE000C18263F3D704BE8863F3B700AE889395DE
:100DF0000801C181C28763F30601B687B386B74095
:100E0000C206C182EFF22FF11C599C4782976FF006
:100E1000CFF28D47E31EF7F80506158E4206418294
:100E200041BFBE85E3EF05FB828083578504E3ED78
:100E3000F5FE8357A504E3F9F5FEB296C206C1821A
:100E40008357C5040358E50463F9C60263760603B5
:100E50009306F8FFC206C182E3F8D7FCBE8863F3AD
:100E6000C700B288139608014182C28763F3060166
:100E7000B687B386C74069B73E86E36F06FD6DB798
:100E8000894763E5B7002309B508828085472309B0
:100E9000F50882806379B60085476364D500B3B7EF
:100EA000C6003E858280E36CD5FE8147DDBFEFF250
:100EB0008FE62A84AE848355E5040355C50436893C
:100EC000BA86C93F01C98355A40403558404CA8660
:100ED0002686C9376FF06FE60343250993787600BD
:100EE0008547339817011378F80F014E63E56700C3
:100EF000428E6309F30403230500619A5C5903439E
:100F000003013306660242064182B295BE950DCFBB
:100F100005479C218508FD16B367FE00B347F8001E
:100F2000C2069CA193F87800C18263900804323D08
:100F300083472509B2956365F700054E638EE70286
:100F400005481DA8014845BFAE96C206C1829C2136
:100F50008505B367FE00B347F800A38FF5FE9397AE
:100F60000501C183E395D7FE828093171E00060812
:100F700013FEF70F1378F80FC9FE828083458503AF
:100F80001441834895031397050141839317370054
:100F90005EBD9C2A13980801135808018E073EBDB8
:100FA000931738007EBD903AC6956356B600330756
:100FB0000641420741830E072310F504BA97231117
:100FC000F504DE2A2312F504FE2A2313F504828099
:100FD000EFF26FD465376FF04FD6EFF2CFD34D33CA
:100FE0006FF0AFD5EFF22FD3035765058356250574
:100FF00003564505835505052A84553D09E5230615
:1010000004086FF08FD385472306F4080357840440
:10101000835704056374F7002314F40483572405ED
:101020000357A40463F4E7002315F404835744052D
:101030000357C4046374F7002316F404835764054C
:101040000357E404E3FFE7FA2317F4045DBFEFF26C
:101050008FCC03574504231405042315E5043841B8
:1010600078C549376FF06FCDEFF2EFCA1C59417761
:1010700038C9DC4378C982976FF02FCCEFF2AFC943
:1010800093071010230CC502A30C0502A306050646
:10109000A3060508A30805082319F5081C4354D521
:1010A0004CD918D9232C05042A84829722856D3FB8
:1010B00022854139230804066FF02FC8D1C9A947FA
:1010C0006388F508034765022DE79307B00F63FABD
:1010D000B70095472303F50285890EB1C165F9155F
:1010E000B9A09307700F63F7B70091472303F50288
:1010F0008D89E5B79307F00E63F7B7008D4723039B
:10110000F5029D89D9BF9307F00D63F7B7008947B2
:101110002303F502BD89D1B79307F00B63F7B7003E
:1011200085472303F502FD894DBFC205C1812E8588
:1011300082801E3193F5F5037D179A07DD8DC20578
:101140001377F70FC1812303E5020EB16DD379B791
:10115000C165FD15E9BF230305028280EFF2AFBB35
:101160001C492E8681469305000282976FF0EFBCE2
:10117000EFF26FBA1C49B2862E86DD4582976FF07A
:10118000CFBBEFF24FB94111CC871306F100854573
:10119000C53741016FF06FBAEFF2EFB75C452E86AD
:1011A0008146D54582976FF04FB9EFF2CFB65C45D7
:1011B000B2862E86DD4582976FF02FB8EFF20FB41E
:1011C0004111AA842E845D49E549130AE00FD54AEE
:1011D0000C20638C25036367B90063F0550341015C
:1011E0006FF00FB563FBB902E39B45FF1030930529
:1011F00090022685D087E92439A01030DC4481464E
:10120000D087268582970904E1B71C301306F100C8
:1012100085452685DC87513FFDB7DC448146014684
:101220002685050482976DB79387C5FE93F7F70F60
:1012300015476362F704EFF20FAE79678A07130769
:1012400007F8BA979C4341113289AE842A84828779
:1012500081452937CA8522852D37054541016FF023
:10126000CFAD854536C6DD3DB2461C484A86A685CB
:1012700022858297E5B701458280EFF22FA82E8460
:10128000CC212A89B2898E0593F5F50393E50504EF
:10129000213783C569004A8593E5850BF53D7C20A0
:1012A000A1CF542058309387860093F7870F958FEE
:1012B00093F7F70F9375F70F63F4E70093F5F70FC4
:1012C000AE960D8F10408E0593F4F50FA68554A0B1
:1012D00058B04A85D93D0C405C30AE9404C091EBC7
:1012E00083A709001CC083C749005CB07C20FD17A0
:1012F0007CA05C209D8BC5F76FF08FA3EFF2AFA1B0
:10130000A94741112A84638CF50863EAB700A54711
:101310006381F5088144268541016FF00FA2AD4736
:101320006381F50CBD47E397F5FE9C423689D432C4
:101330003EC483574900508713978700A183D98FF4
:101340007C869D4763E1D7025C4581460546E145C1
:1013500082974A862C0022850D375C4481460146DF
:10136000E545228582971886BD478544E3E5E7FA7F
:101370005C4481460946E145228582974A862C00D5
:101380002285E53D5C4481460146E54522858297FC
:1013900059B7F965938585F965208544ADBF7520FA
:1013A0005C4481460546E145228582979385C18646
:1013B000228529355C4481460146E5452285829790
:1013C0005C44E14581460946228582979385C18622
:1013D0002285ED335C4481460146E54522858297AE
:1013E0006DBF5C4581461DE60546E14582979385C4
:1013F00001872285E1335C4481460146E54522852B
:1014000082975C44E145814609462285829793850F
:1014100001877DBF0546E1458297938541872285F7
:10142000713B5C4481460146E545228582975C44D8
:10143000E14581460946228582979385418749BFC8
:101440000CC1BC292301F5028280EFF2CF8C5C49EC
:1014500081460146930580022A8482975C44814636
:101460000146D14522858297228505469305B00421
:1014700081281C40228593059002D023912022854B
:1014800001469305B0042D281C4022859305900247
:10149000D0233D20228505469305B00415201C402D
:1014A000930590022285D03321286FF00F89EFF247
:1014B0008F861C4581460146A54582976FF0EF87D0
:1014C000EFF26F855C49814682976FF00F87014587
:1014D0008280B71700009387E74C1CC55CC51CC908
:1014E0005CC9FD5723200500A30105022303050263
:1014F000232C05002302F5022304F5028280EFF27B
:101500008F8141112A842EC632C436C23AC0D137E7
:10151000B2452246924602470CC450C414C858C86B
:101520002285713741016FF04F811385019B8280C5
:1015300005458280EFE23FFE854741112A8663F52B
:10154000A7008D4763E4A70283A5019B37E5000050
:1015500074001305451A02C6EFE0305E01C9B247B8
:1015600091C7B7E700E0116723A0E72005454101D7
:101570006FE0BFFCEFE23FFA2A8403A5019B7D5791
:10158000814605468D45EFC030188547630FF5004D
:1015900011C98947630BF5008D476308F5000545C0
:1015A0006FE0BFF923200400DDBF08C0CDBFEFE22C
:1015B0009FF683A5019C411137E5000074000546A4
:1015C0001305451A02C6EFE0505701C9B24791C74B
:1015D000B7E700E0116723A0E72041016FE0FFF5C6
:1015E000EFE27FF303C7D19B9385D19B238EE19AD2
:1015F00003A5419BEFC0803383A781A082976FE052
:10160000DFF31385019C82801385819B8280EFE24A
:101610009FF085476380F60489476381F60401479C
:1016200081461384419B014608C0EFC00022084058
:1016300037160000B7150000014789461306E65A21
:101640009385055EEFC0E0280840EFC00027054500
:101650006FE0BFEE056793060060E1B7056793068C
:101660000040C1B7EFE23FEB2E8483A7419B15C535
:101670009385D19B3E85EFC0602B371501409305C4
:101680000020130505C0EFB0804603A5019C8545E9
:101690000DC0EFC0B0246FE05FEA3E85EFC0C02A06
:1016A0003715014093050020130505C0EFB0204316
:1016B000E9BFEFC0101BC5B7EFE2FFE52A8437157D
:1016C000014093050020130505C0EFB0404103A57C
:1016D000419B9375F40FEFC0C02305456FE0FFE514
:1016E00083C7C19B1CA105458280EFE2DFE203A511
:1016F000019C7D57814605468545EFC0F000854732
:10170000E317F5FE83A7C1A08297D5B7EFE2BFE04C
:1017100008218545EF00A13B7D572386E1806FE0DE
:10172000DFE1EFE25FDF41118545054502C202C4FA
:1017300023160100EF80301B83A7818237470F00FB
:1017400013070724B3D7E7024C00370500402315E1
:1017500001007C8489679387F7703EC2EF80B039BF
:101760000546854537050040EF80506B85453705B8
:101770000040EF803069854537050040EF80B0724A
:10178000B7E700E0056723A2E71041016FE0FFDA49
:10179000EFE2FFD541111385819C371A0020EF90AD
:1017A000E00B0144BD3F938C4180130C8AA1938BC5
:1017B0008180114B93140401C180138534014205CB
:1017C0004181EF206054B3878C0088A31385740196
:1017D00042054181EF204053B3078C0088A3138555
:1017E000B40142054181EF202052B3878B0088A3CA
:1017F0000504E31164FD9386819C13868180930523
:101800008AA113854180EF9010569567938707E270
:101810003EC29167938787A93EC44800A5473EC64C
:10182000EFF0C07C1933184123ACE19C41016FE01B
:101830009FCFEFE2BFCC0111C88793F745002E84FC
:10184000B9C39379F50F1307C0033387E902B717BC
:101850000120938747C6BA97D44798473697D44B09
:101860009C4F3386F6006374C700B307D740938458
:10187000419D8E203ECE13076010AE976371F70630
:101880001305F1006135937784009DCB9384C1806B
:1018900098209307F00F6315F70288878545EF00BE
:1018A000010888870566130686B6B305C502B71713
:1018B00000209387C72CBE95EFF0702F9C879CA0CB
:1018C0009377040181C77D572386E1801374040454
:1018D00001C47D572386E18005616FE07FC53739FC
:1018E00000201309C9997008CA954E85EFF0503150
:1018F0009E2072473E97420741839AA09947E3F49E
:10190000E7F88356490093978600A182D58FC207D6
:10191000C18393865700E3D8E6F69907E312F7F6FA
:101920000545EFF03FC103A5819D7D5785460546DE
:101930008545EFC0605DB73500201386419C9385D7
:1019400045AA4E85EFF010619384819D01C5130572
:10195000F1006D3B88408945EFC040782DB7EFE23C
:101960009FBBEFF05077937715002A8499C737E52E
:101970000100130505FBEF80D1379377240099C749
:1019800037E50100130545FCEF80B136937744003D
:1019900099CBEFF03078118919C537E501001305AF
:1019A000C5FDEF801135418819CC0145EFF0F0738A
:1019B000AA8519C10145B53D0545EFF01073AA850B
:1019C00019C10545BD356FE05FB7EFE2DFB439718E
:1019D0001304601F11C12A841306C0038145480007
:1019E000EFE07FB68D4722D64C001384D18013855B
:1019F000D1803ED0EFF0E079814719E90820EFF07F
:101A00005077854711C508208945EF00410C814773
:101A10003E8521616FE07FB2EFE2FFAF1385D18099
:101A2000EFF0DFCE6FE07FB1B73700209387C79923
:101A30001CC19387419D9A230545239007009AA1D5
:101A40008280EFE25FADB73700202E862E84AA8514
:101A5000138547AA938447AAEF70513C23A2819C27
:101A60001384819D0840854523A8919CEFC00067A1
:101A700008407D57854605468945EFC0E048054545
:101A80006FE0BFABEFE23FA983A701A182976FE0B0
:101A9000DFAAEFE25FA8B726000095652A86954782
:101AA0000547938646A8938505E20D45EFB0D038EB
:101AB00005456FE09FA8EFE21FA60D45EFB030008F
:101AC0006FE0BFA7EFE23FA50D45EFB0F02B6FE051
:101AD000DFA6EFE25FA4D53D01E50D456FE0FFA570
:101AE0000145EDBF8280EFE21FA33D376FE0FFA409
:101AF000EFE27FA201112A84AE8468089305A10158
:101B000032C61D3715C9724715453C333423A20729
:101B1000D58F93968700A183D58FC207C18391EBA0
:101B2000BC8532461D0798C0E5171EA2FD571CA0B4
:101B3000014505616FE07FA01545E5BFEFE2BF9D60
:101B40009307160013D787401D06238FF5FE2E85B9
:101B5000A38EE5FE93150601C1816515DD35954718
:101B600011C181473E856FE05F9DAA95C2057966E8
:101B700079681307F00F9306F00FC181130606FF73
:101B80001308080F93170501C1836396F500139599
:101B90008600598D828005058347F5FFB98F33078D
:101BA000F6001823C297358F9423E9BFEFE2BF9662
:101BB00032842E852146A285EFF07FA585476310EC
:101BC000F5029567938707B01305300263E4870039
:101BD000130580027D3D054781476303E5008D477E
:101BE0003E856FE09F95EFE21F938145054523AE4B
:101BF000019CEFF03FA7C1356FE03F94EFE2BF914A
:101C000081450145EFF01FA6753D6FE01F93EFE2A0
:101C1000FF8E1384819E1E201307F00F4111637104
:101C2000F702B7E60100796637E5010093860624DE
:101C30001306061F9305B00913058526EF703115AD
:101C40001E200D476366F700154541016FE05F8E6A
:101C50002E890E20AA89373500209304C5BA1305B2
:101C6000C5BA32C619376DF19C20324685042380EF
:101C7000F9001E20F5171EA223209900F9B7EFE204
:101C80009F8983A4C19D85476399F4061384A19E0F
:101C900006A0AA87A38FF5FE1E201385F5FF3E96AA
:101CA0004206418212A00E2023A2A19E7D3D1A2051
:101CB0009376F50F21814207418393071700C207EE
:101CC000C1831EA0B73700209387C7BA3E9714A3DD
:101CD0001A201375F50F85454207418393061700B7
:101CE000C206C18216A0BA9788A3014523A0919E7F
:101CF000EFF05F9701456FE05F841545EDBFEFE2C0
:101D00009F8183A7019E411185C3B7E601007966D3
:101D100037E5010093860628130606209305400E3A
:101D200013058526EF70B1061305F100EFF05F9BF8
:101D30009387C19D98438546630FD70019C789468D
:101D40006302D7048D476314F700EFF0DFD6014537
:101D500041016FE08FFE9386819E239006009A22B8
:101D600013160701418213071600420741839AA206
:101D70009487373700201307C7BA329714A309474F
:101D800098C3E1B71387819E16231306F00F636390
:101D9000D6021E2393960701C18293871600C207BD
:101DA000C1831EA39887B73700209387C7BAB69719
:101DB00098A361BF0D47E9B7EFE2EFF583A7C19D97
:101DC00005476381E702B7E60100796637E5010060
:101DD00093860630130646219305001213058526C7
:101DE000EF70E17A9384019E984019C7630BF70066
:101DF000014422856FE06FF481450545EFF09F8631
:101E0000C5BF1384A19E1E20C207C18395C39384BE
:101E1000419E9C40882362056185EFF0FF899C40CC
:101E200085079CC01E20FD17C207C1831EA0C9B72D
:101E30000D45EFF02FF02A848145054523A00400CD
:101E4000EFF05F827DB7EFE20FED1387C19D144382
:101E5000094641111384C19D638FC6028D47638873
:101E6000F604014595CA1443B9C214436381C604FC
:101E7000184301456304F702B7E60100796637E5C8
:101E800001009386C6291306862293058015130543
:101E90008526EF70C16F0545EFF0CFE985472AC66B
:101EA0001CC0EFF03FC2324541016FE00FE9014530
:101EB000F5B7962115476398E60858213031930607
:101EC000E07C2207518F131687002183598E42062A
:101ED00041821307F6FF42074183AA870D4563E657
:101EE000E606EFE24FE3B823943323900500220780
:101EF000558F854694A396219354360093F4F40F9E
:101F0000850696A19376760081C6850493F4F40F36
:101F100084B396212E8413852700850696A19315F8
:101F2000870021834D8F93051700C2058146C1812B
:101F3000EF30403601C5092B6FE02FE01E20014530
:101F4000BE9406A0D5BF0D45828082809A21954718
:101F50006311F70658218D4731EF38311306D00F42
:101F60009306F7FF93F6F60F6376D604EFE2AFDA47
:101F70003C210C314111A207CD8F93958700A1839D
:101F8000CD8F93851700130717F0C205133717007D
:101F900085460546C1816800A30601005886EF30DA
:101FA000602F814719C14D21AA873E8541016FE00D
:101FB000CFD88D473E85828096211547637FD7060F
:101FC00058213031AA872207518F131687002183A9
:101FD000598E420641821357360093767600137766
:101FE000F70F81C605071377F70F9306F6FFC206B2
:101FF000C1821308F07A0D456363D804D43363902B
:10200000E604EFE24FD1B8232E848C3322071385E8
:1020100067004D8F931687002183558F0507931511
:1020200007018546C181EF30E02601C531296FE007
:10203000CFD095471EA00145DDBF0D45828082802F
:10204000962115476397E608582130319306E07CC6
:102050002207518F131687002183598E4206418231
:102060001307F6FF42074183AA870D4563E5E6069D
:10207000EFE26FCAB8239433239005002207558FEF
:10208000894694A396219354360093F4F40F850661
:1020900096A19376760081C6850493F4F40F84B3F9
:1020A00096212E8413852700850696A19315870017
:1020B00021834D8F93051700C205C181EF30802623
:1020C00001C559266FE06FC71E200145BE9406A0CA
:1020D000D5BF0D45828082809A219547631CF70207
:1020E000EFE26FC33C210C318546A207CD8F93955B
:1020F0008700A183CD8F93851700C2050546C18156
:102100000D05EF30200A814719C13D2EAA873E8573
:102110006FE0AFC28D473E858280EFE2CFBF9A214C
:10212000954463F7E406582130319306700722077F
:10213000518F131687002183518F13160701418297
:102140001307F6FF42074183AA870D4563EDE602B8
:10215000D433131716001377F70F6396E602B823EC
:102160002E848C332207138567004D8F93168700CA
:102170002183558F0507931507018546C181EF30EF
:10218000600201C5D1246FE04FBB06A00145E5BF49
:102190000D45D5BF96211547639AE606EFE2AFB726
:1021A00054211306C007AA8793940601C1801387A0
:1021B000F4FF420741830D456362E6042E84B82391
:1021C0008C332310040088A31220860622070506FC
:1021D00012A04D8F94B393158700162021834D8F45
:1021E000930517008506C20516A026868146C18183
:1021F00013852700EF20107B01C5B9246FE0EFB3F2
:102200001E2086040145BE9406A0CDBF0D458280E8
:102210009A21A54763F2E70EEFE24FAE5C21383119
:102220002A84A207D98F93998700A183B3E7F90085
:102230009399070193D909019387F9FFC207C183D5
:102240001307C0070D456367F70A1C247030130796
:102250008007A207D18F13968700A183D18F139691
:10226000070141829307F6FFC207C1836364F70841
:10227000183493171600639FE70624202E890C302C
:10228000A2047C20CD8C4C30A2078546CD8F93953F
:102290008700A183CD8F93851700C205C1811305E7
:1022A000A400EF20307039E923100900DD471CA09D
:1022B00083570900139A190093958400850723100A
:1022C000F900A300440183570900A180CD8C9385B8
:1022D00014008507C2052310F90081464E86C1818E
:1022E00013052400EF20106C11E9835709003E9A72
:1022F000231049016FE0CFA301458280B122DDBFE9
:10230000962115476390E608582130319306B007AF
:102310002207518F131687002183518F131607014F
:1023200041821307F6FF42074183AA870D4563EDFB
:10233000E604EFE24F9E2E843E858C331147BC238A
:102340002310040018A11A20A207931416000507F1
:102350001AA004B1CD8F939587001A20A183CD8F49
:10236000938517000507C2051AA0C1810905EF2052
:10237000705001C5D1286FE04F9C1E200145BE94CE
:1023800006A0D5BF0D4582808280EFE2CF9803D4AE
:10239000C19EAE84B735002022869385C5CA050547
:1023A000EF70C127050482A001456FE00F99A14796
:1023B00063F3C702EFE22F96B7E60100796637E5CF
:1023C00001009386C6321306C631930580031305B8
:1023D000C533EF70C11B13D73500930717003308BF
:1023E000E5003E958547B397C700FD17C2070E0766
:1023F0003387E540C183B397E700182103460800FF
:1024000093C7F7FF2207518F9D89F98FB396B600C6
:10241000DD8EC206C1862300D800C206C182A18219
:1024200014A1828093D735003E951C3108219D89E7
:10243000A207C98F05453315C500B3D7B7407D1531
:102440007D8D1375F50F82809D4763E7A700938705
:102450008187AA978823828011458280EFE2AF8B23
:102460009388F5FF93F8F80F9307600F63F6170151
:10247000094422856FE06F8C238AB1802E886DF924
:10248000B687B7260000B285938666BE23A0D1A08A
:10249000B72600009386C6BF23A2D1A0B7260000AE
:1024A0009386E6C723ACD19EB72600009386E6C08C
:1024B00023AAD19E23AE019EB72600009386E6CFC5
:1024C00023A4D1A0B7260000938686DB23A6D1A043
:1024D000B7260000938666E423A8D1A04285BA8679
:1024E0003E86EFF0AFEC2A8449F5EFF06F8409C522
:1024F000054723A8E180B5BF0D44A5BFEFE2AF813A
:102500002A8437E501001305C535EF70917E2285D9
:10251000EFF02FDC2A8419C937E5010013050537D0
:10252000EF70317D054723A8E18019A8EFF04F80B7
:1025300019E937E5010013050538EF70917B0D446B
:1025400022856FD09FFFB7270000938747AE23A057
:10255000F1A0B7270000938767AE23A2F1A0B727A9
:102560000000938707AF23AAF19EB7270000938747
:10257000C7B323ACF19E23AE019E7D57238AE18031
:1025800055B7EFD25FF9138401811840854719458B
:102590006318F70083A701A0829701452320040058
:1025A0006FD0BFF9EFD23FF783A7018141111944E2
:1025B0006395070C6800EFE0FFFB0547AA876304FB
:1025C000E50001445DA832476303A7088946E31A82
:1025D000D7FE03A581A10C213707002023A8F19E77
:1025E00013060700238AB1A08147138481A11389B0
:1025F00041A19384019F130707004148142291CA07
:102600006391D5088E07BA97DC439385E1A1829741
:1026100088C083C7C1A1D5D794409387E1A185C263
:1026200003470900104085458EA3136707F818A2D9
:1026300092231840930516008EA3329714A3922379
:1026400003A7819F0C4003C5418102979DBF83A7CB
:10265000419F9384C1A11386E1A1938581A1138534
:10266000C1A182972A8431FD9C2003C74181630365
:10267000F700A1FB0945EFE0FFEB228541016FD098
:10268000DFEB85072106E39B07F761B79307400659
:102690003345F502A9474205418163E8A706F9677A
:1026A000938707390A053E951C41828723800500E0
:1026B000930760041CA2828089479CA19307800233
:1026C000D5BF91479CA1E547F5B795479CA1D14758
:1026D000D5B79D479CA1BD47F1BFA1479CA1A94784
:1026E000D1BFAD479CA1A147F1B7B1479CA19D4780
:1026F000D1B7B9479CA1994775BFBD479CA19547E4
:1027000055BFC1479CA1914775B7D147E5BFEFD2EF
:102710009FE07971BD47AA842E84368593056100B8
:10272000130671005C83DC83EFF05FF69C83034E3D
:1027300061009308C05D93960701C182B388F84099
:1027400013982700139716008608B30EC041139301
:102750002600814701458145054FD14F634A170146
:1027600005476369F70A81471EA045616FD0FFDC0A
:1027700093161700A6960396060063DBCE046359F2
:10278000C605B30607418606A6968396060063C56E
:10279000C604B306E8008606A69683960600634D37
:1027A000D60211C19DCD814593861700101886076A
:1027B000B297135617001A974207050593F6F60FBE
:1027C000239CC7FC41831375F50F63EDDF00B687CB
:1027D00009074207418359B719C16384E50185455B
:1027E000E1B795463000054781472E220A220507AA
:1027F0001377F70F898DAE97C207C1830906E36689
:10280000D7FEFD16B3C7D702C207C1838607C2072A
:10281000C18399BFBE86F9B7EFD2FFCFB386C50299
:10282000AA88014701450148634FD7002E8681469B
:10283000C285EF405120EF605114EFD0D048EF60D7
:1028400011376FD09FCF93171700C6978397070054
:1028500032974207B387F702418313DEF741AA9705
:1028600033B3A70072983E851A987DBF856793871A
:102870000777AA971A2136211105158F231EE5FE29
:10288000E39AA7FE828005668147014781461306C9
:1028900086BB139817002A9803180800939807011D
:1028A00093D8080163D406014687C2868907E3925C
:1028B000C7FE05839AA136858280EFD2DFC5094520
:1028C000EFA0904C0145EF90704803A5C1A313847D
:1028D00001A50147938701A585461146814523201F
:1028E0000400EFD0C03E1C4091C7B7E700E011677D
:1028F00023A0E7206FD07FC4EFD2FFC10545EF9042
:10290000B0151384B1A3931505010420C1850545B5
:10291000EF903025B747002086049387C743A697DA
:102920008AA31C209946850793F7F70F1CA01387ED
:10293000818163F4F6040C23373501408546054652
:102940001305058023000400EF60706303A5C1A395
:10295000138441A50147938741A5854609468145D2
:1029600023200400EFD0A0361C4091C7B7E700E059
:10297000116723A0E7206FD05FBCBA978C23373450
:1029800001401305048085460546EF60505F85458C
:1029900013050480EF60305DF9BF9D4763E8A7022F
:1029A000EFD27FB7AA852A847D45EF10A0133705A3
:1029B00000201305050806042A941A20B7470020B2
:1029C0009387074BDAA39AAB6FD03FB7828013850A
:1029D000C1A38280138501A48280EFD23FB21D7112
:1029E000EF906024AD450D45EF90C02EAD451145EB
:1029F000EF90402E23A201A4B70704001384070020
:102A0000814493890700294A3E20139904011359F0
:102A10000901D3F717D01E204A863EFAD3F717D004
:102A20007E200C183EF8D3F717D05E200D453EFEF1
:102A3000D3F717D0850411043EFCEF90803C4A8602
:102A40000C181145EF90E03BE39044FDEF90C0205F
:102A5000A9450145EF90C02C9389C9022946CE852E
:102A60000145EF904040A9450545EF90602B294670
:102A7000CE850545EF90203FA9450945EF90402AB6
:102A8000CE8529460945EF90003E93070010B70612
:102A900008007010894501452316F102EF90900F50
:102AA00093070002BEC8B72701409387C744BECA38
:102AB000B73700209387C7CCBECC8547BEC6856795
:102AC000938787BB231EF1048C00856713060002E1
:102AD0000A85BEC482C082C2EF605134B73600009E
:102AE0009386A68B014685450A85EF90D027014540
:102AF000EF905036373700001307878F8146054621
:102B0000B7050E000545EF90301383C58181373539
:102B100001409D46054613050580EF60504605457A
:102B2000EF607051374500209309055713060032B6
:102B3000814513050557EFD01FA13744002013042A
:102B4000044B1309001937550020232034012312A8
:102B500024019309058923240400130600328145CA
:102B600013050589EFD03F9E8D475EAC938781A208
:102B70001CCCB74700209387C7445CD0B7470020E0
:102B8000938707461CD8B7470020938747475CDCEC
:102B9000B7470020938787483CC4B74700209387F6
:102BA000C7497CC8B7470020938747533CD0B747F5
:102BB0000020938787547CD4B74700209387C7555C
:102BC0002318240123263401232A0400231004029D
:102BD00006B42316040246B8231C040223109404EE
:102BE000231204042316940423180404231C9404BD
:102BF000231E0404231294062314040623189406A7
:102C0000231A0406231E9406231004083CDC2561C5
:102C10006FD01F92EFD23F907D45EF10E00EB704CA
:102C2000002093840408060526951E2137440020C1
:102C30001304044B7D455EA0EF10000D0605AA9419
:102C40009E20130520021EA8EF1080082AA4130559
:102C50004002EF10E0076AA86FD03F8E1A251C4192
:102C60000607BA978EA31E255A218507C207C1837E
:102C70001EA563E4E70023140500828052211A2573
:102C800081469305F6FFC205C1818147631CD600CA
:102C90000315A5003305C502898F33C5C702420558
:102CA0004185828011E32E877D17420703280500A6
:102CB0004183931817004698031808008506C2063A
:102CC000C297C182E1B7EFD27F8341112A8A1305EF
:102CD000800DEF1060033744002085472A891304D4
:102CE000044B6307FA0A89476307FA0C1305440289
:102CF000EFF0DFF8420513064006938541A44181B9
:102D0000EF80906F2A844145EF100000AA89228548
:102D1000EF604140B7E7010003A6874883A6C74894
:102D2000EF50616F93870188D29780238547638234
:102D3000F90A89476383F90EB7E7010003A607493B
:102D400083A647491344F4FF33742401EF50A16C68
:102D5000EF60E1652AC6EF60C15AB7E7010003A63C
:102D6000874983A6C7491374F40FEF50615FB267B8
:102D700063540500D30700F0A2851305800D3EE6DD
:102D8000EF009070B2674101538507E06FD04FFAB2
:102D90004545EF007077AA8913050403EFF01FEE95
:102DA000938541A413064006890542054181EF80C1
:102DB000B0642A84A9BF4945EF001075AA8913059C
:102DC000C403EFF0BFEB938541A4130640069105C1
:102DD000E9BFB7E7010003A6074983A64749EF50BB
:102DE0008163EF60C15C2AC6EF60A151B7E70100C3
:102DF00003A6874983A6C749EF508156634B050454
:102E0000B7E7010007A70748B267D397E7A0A9C7AC
:102E1000336489001374F40F85B7B7E7010003A684
:102E2000074A83A6474AEF50015FEF6041582AC620
:102E3000EF60214DB7E7010003A6874A83A6C74A82
:102E4000EF50015263470500B7E7010007A7474865
:102E500065BFD30700F06DBF1344F4FF3374240142
:102E600055BFB94763E6A714EFD2EFEA7967931627
:102E700025001307C73B36971C432A8482873745B2
:102E8000002013050551EFF07FDF42054181EF601F
:102E90006121B7E7010003A6874883A6C748EF5022
:102EA0008157EF60C150D30705F029A0938701A394
:102EB000B6979C63538507E06FD02FE83745002015
:102EC0001305854CEFF09FDBD37705D0538507E0E2
:102ED000EF602143B7E7010003A6874883A6C748F0
:102EE000EF506153B7E7010003A6874783A6C747A2
:102EF0007DB70145EFF03FDD7DB70545E5BF0945ED
:102F0000D5BF994719456303F4001D45B147330503
:102F1000F502B74700209387074B3E95EFF01FD689
:102F200013170501994741830D456303F4001145CB
:102F3000896593850571B305B7028567FD17998F7C
:102F4000D3F707D053F705D0D377F718D38507E029
:102F5000EF80B051B7E70100D30705F007A7074797
:102F6000D397E7A0A1DBD307E720A9B73745002017
:102F70001305C551EFF09FD0B7E70100D37705D017
:102F800007A74747D3F7E71035B70395A1A4D37731
:102F900005D00DB73745002013058552E1BF0395D5
:102FA000C1A4F5B787A701A231B787A741A219B776
:102FB000D30700F0538507E0828052211A2581460D
:102FC0009305F6FFC205C1818147631CD600031536
:102FD000A5003305C502898F33C5C7024205418567
:102FE00082800328050093181700469803180800EC
:102FF000C29711E32E877D1785064207C2064183DB
:10300000C182E1B7EFD22FCE41119307B05D7C832F
:1030100023120100EFB0F073B7E7010083AB8746DE
:1030200003ACC746B74A0020938A0A4B2AC6154408
:10303000014B01498144B73900205E8DE28D938CAC
:10304000CA06094A85456800EFC0801D630609006D
:10305000630F49010549FDB7373501408545130523
:103060000580EF6040700945EFA060251DAA054767
:103070003400194681450145EFC0B01CA247898B39
:10308000A1C7374900201309C943138A8A01831550
:1030900009005285310AEFF07FBC0909E3994CFF22
:1030A000A947B3F7F402054B6312F4027D141374BD
:1030B000F40F11E02544373501408545130505809F
:1030C000EF60606A014B19A0E31C0BFCA247918BD7
:1030D0006382070C056A1389C9CC130A0A774A9AD6
:1030E0008315090001450909EF90A027231FA9FEB8
:1030F000E31849FF1385C9CCEFF04FF79305210082
:103100001385C9CCEFF02FF8AA8693056100094614
:103110001385C9CCEFF0AFDF2C839307A05D63EF7D
:10312000B70409461385C9CCEFF00FEFD30705F0BC
:10313000539517C01319050113590901D37719D0F5
:10314000538507E0EF60E11B5E86E286EF50A12C1D
:10315000EF60E12523A2A1A24C004A85EF80D02692
:10316000D37715D0538507E0EF60A1196A86EE8604
:10317000EF50612AEF60A12323A0A1A2856593856A
:1031800085BB0145EF90804E0145EF90A04C09456D
:10319000EFA0E012850493F4F40FA54763F39700C2
:1031A0008144094979BD9C4221476369F708EFD200
:1031B000EFB479678A071307873FBA979C43B684B1
:1031C0003289AE892A848287EF90B026098919C195
:1031D00001459DA02285EF90302985479CC0CDBF39
:1031E000EF90502405896DD59305A00D2285EF90B1
:1031F000D0298947E5B7EF90F022098971D9228556
:10320000EF903023CE852285EF9050278D47F9B778
:10321000EF9050211375050845DDCA852285EF9092
:10322000F025A14765BFEF90F01F137545084DD1FC
:103230002285EF90302205456FD08FAF0145828007
:103240009C4229476364F70CEFD24FAB79678A073A
:103250001307C741BA979C43B6843289AE892A8442
:103260008287EF90101D098919C1014571A8228537
:10327000EF90901F85479CC0CDBFEF90B01A058995
:103280006DD59305A00D2285EF9030208947E5B7D5
:10329000EF905019098971D92285EF909019CE8548
:1032A0002285EF90B01D9147F9B7EF90B0171375D5
:1032B000450845DD2285EF90301BA9476DBFEF9093
:1032C000701605895DD19305A00D2285EF90101D24
:1032D000994755B7EF901015098941D92285EF908C
:1032E00050159D4749BFEF90F0131375050435DD68
:1032F0002285EF90101C2285EF90B0112300A900C9
:103300002285EF90301505456FD08FA20145828050
:103310009C411D476367F718EFD24F9E79678A0774
:1033200013078744BA979C432A844111134515001B
:10333000368AB2842E898287B28693050003294695
:10334000EFF07FE68547631BF5042320A90023A047
:103350000400A9A0B286930500031306F100EFF064
:103360003FEE8547631CF5029C87A18BEDF38947EF
:103370002320F900E9BFB7570020938787BD1316B4
:1033800034003E96A6869945EFF09FEB854763177C
:10339000F50023A004008D472320F90041016FD0E0
:1033A0002F99B2860E04375600200504130686BDF9
:1033B00022969D45EFF0DFE88547E311F5FE23A057
:1033C00004009147D1BF37570020931A3400930966
:1033D00087BD13862A00A6864E96A145EFF05FE6CC
:1033E0008547E31DF5FA338759011C2314332C2339
:1033F000C207A206D58FCD8F3707800093D5B700BF
:103400006379F700B70500FFAE97AD839395070189
:10341000C18131453304A402374500202310BA008E
:103420001305054BC205C1852295EFF03F839547F3
:1034300081B7B2860E04375600200D04130686BDF0
:103440002296A545EFF0DFDF8547E319F5F49947AC
:1034500005B7B7590020131A3400938989BD1306A4
:103460004A00A6864E96A945EFF09FDD8547E317F3
:10347000F5F233348000314525043304A402D29997
:1034800083C5390083C7490037450020A205BE9592
:10349000C2051305054BC1852295EFF02FFC9D4712
:1034A000C1BD82800547A38CE1A2238D01A2828049
:1034B00003C5A1A3828003C791A349CF138691A31B
:1034C000138581A31821938681A32548B75700202F
:1034D000938507BB6362E80283D6A1A49317170004
:1034E000AE9796A39307A7008607BE9583D7C1A47E
:1034F000050718A19EA18280EFD2EF81938707BBB9
:10350000138547010147814503D807008907C29504
:1035100003D827014297E319F5FEA947B3C5F50281
:10352000374400201304044B130520022300060037
:10353000238006003347F7022EA4C205C1817AA872
:10354000492B6E281305400269230547238DE1A20C
:103550006FC0BFFE8280EFC27FFA37140140411175
:10356000A16513050480EF9080581305803EEFB0ED
:10357000D057A16513050480EF906056B744002032
:103580001305803E9384044BEFB030561D44EFC0CA
:10359000B36802C402C6EFF0EFE7938AC400EFB04D
:1035A000501B2A8B02C002C2130920038247638486
:1035B0008700639A270192476384870063952701F8
:1035C0000545EFB09052EFB0D01833056541420584
:1035D0004181E54763F3A704824763868700054579
:1035E000EF90406702C49247638687000145EF90E1
:1035F000606602C62685EFF05F9CD37705D01389FD
:1036000001A356852720F900EFF03F9BD37705D023
:103610002722F900EFF03FEA59B7954763F8A70072
:10362000824791E34AC0924791E34AC29386A1A49C
:1036300030008A850145EFF0BFCD9386C1A47000AC
:103640004C000545EFF0DFCC95B77300203037E52F
:10365000010019711305054B82FE86FC8AFA8EF86B
:1036600092F696F49AF29EF0A2EEA6ECAAEAAEE8E2
:10367000B2E6B6E4BAE2BEE042FE46FC4AFA4EF8D2
:1036800052F656F45AF25EF062EE66EC6AEA6EE8C2
:1036900072E676E47AE27EE0EF60B165EFC09061B9
:1036A000AA8537E501001305454CEF609152EFC044
:1036B000D060AA8537E501001305454DEF607151D3
:1036C000EFC01060AA8537E501001305454EEF6095
:1036D000515001A0317106DF16DD1ADB1ED92AD741
:1036E0002ED532D336D13ACF3ECD42CB46C972C762
:1036F00076C57AC37EC182FE86FC8AFA8EF892F67F
:1037000096F49AF29EF0A2EEA6ECAAEAAEE8B2E631
:10371000B6E4BAE2BEE042FE46FC4AFA4EF852F681
:1037200056F45AF25EF062EE66EC6AEA6EE872E611
:1037300076E47AE27EE0EF70607213050008EF60D5
:103740000060FA50EA525A53CA533A55AA551A56CB
:103750008A567A47EA475A48CA483A4EAA4E1A4FFA
:103760008A4F7670E6705671C6713672A6721673FD
:1037700086737664E6645665C6653666A666166721
:1037800086677278E2785279C279327AA27A127BAD
:10379000827B726CE26C526DC26D326EA26E126FE1
:1037A000826F296173002030197182FE86FC8AFACB
:1037B0008EF892F696F49AF29EF0A2EEA6ECAAEAA1
:1037C000AEE8B2E6B6E4BAE2BEE042FE46FC4AFA31
:1037D0004EF852F656F45AF25EF062EE66EC6AEA81
:1037E0006EE872E676E47AE27EE0EF70D0467670BC
:1037F000E6705671C6713672A67216738673766459
:10380000E6645665C6653666A6661667866772788C
:10381000E2785279C279327AA27A127B827B726C18
:10382000E26C526DC26D326EA26E126F826F0961D0
:10383000730020301971294582FE86FC8AFA8EF8C1
:1038400092F696F49AF29EF0A2EEA6ECAAEAAEE800
:10385000B2E6B6E4BAE2BEE042FE46FC4AFA4EF8F0
:1038600052F656F45AF25EF062EE66EC6AEA6EE8E0
:1038700072E676E47AE27EE0EF7040008545370537
:103880000040EF6050627670E6705671C671367215
:10389000A672167386737664E6645665C6653666E8
:1038A000A666166786677278E2785279C279327AAC
:1038B000A27A127B827B726CE26C526DC26D326EA8
:1038C000A26E126F826F096173002030EFC2BFC415
:1038D00003A5C1A5411170008145EFC0605DB247ED
:1038E00091C7B7E700E0116723A0E72041016FC04F
:1038F000DFC4EFC25FC203A581A54111238001A6E9
:1039000081467000938501A6EFA01057B24791C77A
:10391000B7E700E0116723A0E72041016FC0FFC1B6
:10392000138581A582801385C1A58280AA870A217B
:103930001307500D6364A704EFC2FFBD9847054607
:10394000AC23B433630BC70019C70946630EC70025
:1039500001456FC09FBE0D2EE5BF854799E1B33786
:10396000D000BE85BD22EDB713978501C206558FE5
:103970004D8FCC23A205D98DE92ED9BF0545828074
:10398000EFC27FB99305500519E193054004054541
:10399000EF9030787D5685450145EFB0507F6FC080
:1039A000DFB9EFC2BFB57971854513050004EF603B
:1039B000C06FF16505678946014693850520054579
:1039C000EF90B06837460000B745000001478946D0
:1039D0001306C68C9385258F0545EF90906F05459E
:1039E0007969EF90906D01441309494F3C0803A594
:1039F00081A5B38A87002946D685EFA0705A9384A3
:103A0000018205E185479CC001441C183E94034790
:103A100084FE93075005631FF70089479CC0054447
:103A2000F1B79C401147FD17E362F7FC8A07CA977C
:103A30009C4382870545EFF0BFF4014445BF03C7AF
:103A40000A00894763F8E7000545EFF07FF38547F3
:103A50009CC0E5B78D479CC0094449BF0504137459
:103A6000F40F9147E3F487F89CC049B70504137439
:103A7000F40FA147E3FC87F69547FDB705041374DF
:103A8000F40FB147E3F487F6EF50F0718945280849
:103A9000EF501072EF50D0738347A101E316F5FA8F
:103AA00083479101220531463ED68347B1014C1030
:103AB0005D8DBC862312A1020A852313F102BC8707
:103AC0002314F102EF5091350A85EFF03FE62DFD0A
:103AD000ADBFB7570020938787BE3E950CA1A1814B
:103AE0000CB18280EFC23FA39307300641112A84B4
:103AF0006306F500930750066316F5002EC6EF40E7
:103B0000C06BB2452285EFF0DFFCB75500209385EE
:103B100085BE0947A9460946A2952285EF80A001E6
:103B200041016FC09FA1EFC21F9F81451305000D8A
:103B3000EFF05FFB6FC07FA0EFC2FF9D9307800691
:103B40002A8493F4F50F630EF50C63E3A706C947C7
:103B500063E1A704C1476370F512A1476306F5103E
:103B6000B5476303F50E9947631CF5028D47014580
:103B700063EDB70A63880510B7550020938585BEAD
:103B800084A50947A9460546A1052145EF70B07AED
:103B900001A8FD47630DF50893077006630DF50452
:103BA000B7570020938787BE3E9404A00545B5A86B
:103BB0009307600B630BF50463E2A7029307A0066B
:103BC0006301F5066368F5069307B006E31AF5FC92
:103BD000E14763E7B70AE9F58544D9B79307900D44
:103BE000630BF50663EDA7009307A5F2C207C18337
:103BF0000547E367F7FA8547E3E0B7FE55B7930754
:103C0000B00DE31FF5F8914725A08D470D4563EEF4
:103C1000B700B757002003C517C5A685EF3070144D
:103C200041B789470945E3FDB7F66FC01F91994732
:103C30000145D5BF894763F3B7008944B7570020D2
:103C400083C5E7C92685D9BF93074006E3FAB7F4D1
:103C500093044006B1B791470145E3E8B7FCB75775
:103C60000020A38D97CA2DBFB757002083C7E7BE9A
:103C700001459DD75DBF89470145E3F397F275B7CD
:103C8000E14439BF814429BFB7570020938787BEDD
:103C90003E950CA18280EFC21F882A84EFF0DFE9F5
:103CA00001CDB7550020938585BE0947A946054635
:103CB000A2952285EF7030686FC03F88B75700200B
:103CC000938787BEAA97983388232207598D8280CD
:103CD000B7570020938787BE3E951C310821A20765
:103CE0005D8D420541858280B7570020938787BE4E
:103CF000AA979833A82322074205498F8823498F22
:103D0000A8336205598D8280B7570020938787BEFC
:103D10003E9508218280B7570020938787BE3E9545
:103D200093D785000CA11CB193D70501E1813CA17B
:103D30002CB18280B7570020938787BE3E9593D7DA
:103D400085000CA11CB193D70501E1813CA12CB1E8
:103D50008280EFC24FFC2A84EFF0DFFDB7550020D0
:103D6000938585BE0947A9461146A2952285EF7025
:103D7000905C6FC08FFC3E211A21C20733E5E7003B
:103D800082808AA14181AAA18280B75700209387AF
:103D900087BEAA979833A82322074205498F882314
:103DA000498FA8336205598D8280EFC2CFF6411149
:103DB0002AC41305B00599C11305F005EFF0FFFC07
:103DC000530700F0A267D30605F0530507E0D3A719
:103DD000E7A0B9EFD3A7E6A0A1EFD317F7A05387C9
:103DE000F72099E35397F720530507E03EE636E4C2
:103DF000EF502151A2662A84AE84538506E0EF502D
:103E000041502A86AE862285A685EF30516F2A86DC
:103E1000AE86EF404160530700F0B2672E87D307AC
:103E2000F7A081E7370700802D8FBA85EF50215822
:103E300041016FC08FF0011122CC4ACA06CE4EC894
:103E40002A892E841305000A99C11305400AEFF050
:103E5000DFF3D30700F0D30609F0530705F05385CD
:103E600007E0D3A7F6A09DEF4A853AE6EF506149F7
:103E700032672A89AE89530507E0EF5081482A86C8
:103E8000AE864A85CE85EF400159B7E7010003A60B
:103E9000875083A6C750EF400158EF504151A2858B
:103EA000EFF0BFF0F24062445249C249056182809E
:103EB000EFC26FE62A841305B00599C11305F0051A
:103EC000EFF0BFEC530700F0D30704F0AA84D3A7A8
:103ED000E7A0D307E720A9E32285EF508142D3076B
:103EE00004F0530700F0D317F7A081E7B70700806D
:103EF000BD8DEFC0405DEF50814B538704F0D30779
:103F000005F0D30604F0D3F7E710530700F0D3977A
:103F1000E6A099C3D397F720538507E06FC0EFE180
:103F2000EFC26FDF4111AE84EFF09FF82A841305D2
:103F3000000A99C01305400AEFF03FE5D30705F0EA
:103F4000530700F02AC6D3A7E7A0530507E09DEB6F
:103F50002285EF50013BB2672A84AE84538507E087
:103F6000EF50213A2A86AE862285A685EF30315958
:103F7000B7E7010003A6875083A6C750EF3031583A
:103F8000EF50E14241016FC04FDBEFC2CFD8B757CE
:103F9000002083C707C591C705476387E7006FC047
:103FA000CFD9EFF09FE0E5BFEFF0FFE8CDBFEFC264
:103FB0008FD6B757002083C707C591C705476387CA
:103FC000E7006FC08FD7EFF0BFEEE5BFEFF05FF512
:103FD000CDBFEFC2AFD22A8439711305000D2E89EF
:103FE000B289B684EFF09FCD636085082A8A1305F5
:103FF000200DEFF0BFCCB307454163DA07006363E0
:1040000045077D14330444412A94420441801D45F0
:104010003305A4020947A9461D466C001305550D3A
:1040200042054181EF70C07418868147954613762A
:10403000170019E68507C207C1830583E399D7FEF8
:104040002300F9009C86B8809CA41C87DCC09C8758
:104050009CB4834721012390E9002381F900216169
:104060006FC00FCD2A8465B723000900CDBFEFC212
:104070008FCA0111AA841305200DEFF03FC42A84D2
:1040800068004482EF80505C4808EF80705F1D45F7
:104090003305A4028347C1013886A946DC82E24782
:1040A00078841D465C838347D1011305550D420575
:1040B000DC831C8709474C0041815C85EF70B02789
:1040C00013051400420541819307100363F3A70011
:1040D000014537540020930784BE2389A70C13059C
:1040E000000DA389070CEFF07FBD93071003930524
:1040F00084BE63E7A70005052388A50CA388050CEB
:104100000947A94611469385050D1305000DEF706B
:10411000902205616FC06FC2EFC2EFBF375400201D
:10412000130484BE9305C40C0947A9461146130520
:10413000C00CEF705020930564020947A94605465C
:1041400013056002EF70301F930524020947A9464A
:10415000094613052002EF70101E9305440209471B
:10416000A946094613054002EF70F01C0947A9460D
:1041700005469305340D1305300DEF70D01B6FC04D
:10418000CFBB914763E0A704EFC2EFB8F96793870D
:1041900007520A053E951C418287856593850580F7
:1041A0003725014013050580EF80D0121375F50FF8
:1041B0006FC0AFB88565EDB78965DDB79165CDB7DF
:1041C000A165F9BF01458280954763E5A704EFC269
:1041D0008FB4F967938747530A053E951C41828740
:1041E000930500043725014013050580EF80900EEC
:1041F0006FC0AFB493050002F5B7C145E5B7A1455F
:10420000D5B79145C5B73715014093050010130583
:1042100005C0E9BF01458280EFC2EFAF8547630C5F
:10422000F50209C989476305F5048D476307F5045D
:104230006FC0AFB089E937150140C145130505408E
:10424000EF80F009F5B737150140C145130505406A
:10425000EF80F009F1BF99E5A1453715014013053D
:1042600005C0F9BFA14537150140130505C0CDB7FD
:1042700099E1C145DDB7C145FDB781E59305000270
:10428000E9BF93050002C5B7EFC2EFA8EFC0A314C2
:10429000EF70F061EFB06005EF701067EF70B04B3A
:1042A000C5BFEFC24FA7B75700202384A7CC114545
:1042B000EF90E00013064006FD550945EFB0206D74
:1042C0006FC0AFA7138541A78280EFC2CFA4B757B5
:1042D000002083A5C71037550020130600401305A2
:1042E00085CDEF5041311375F50F6FC00FA5EFC2AB
:1042F0000FA037140140130504409145EF80207F43
:104300001305044093050008EF80607E856537152E
:104310000140EF80C07D2945EFA0307D85653715D0
:104320000140EF80C07B2945EFA0307C130504409D
:1043300093050008EF80A07A856537150140EF806E
:10434000007B2945EFA0707A856537150140EF8025
:1043500000792945EFA07079930500081305044002
:10436000EF80E0781305F003EFF0BFF30545EFA011
:10437000D0779305000813050440EF8040761305BD
:10438000F003EFF01FF20545B7590020B7540020A5
:10439000EFA0B075B75A00209389890D130404402B
:1043A000938484CCA14B7D5685450145EFB0205EBA
:1043B00083A549031306004013858ACDEF500126DB
:1043C000138A8ACD0149930500082285EF80207267
:1043D00013050004EFF0FFEC136B890B5A85EFF027
:1043E0005FEC930500082285EF80606F13050004E1
:1043F000EFF03FEB5A85EFF0DFEA93070008114535
:1044000023A244019CC423800400239604000509D0
:10441000EF80F06A13064006FD5509451379F90F40
:10442000EFB0E056130A0A08E31F79F9ADBFEFC2F7
:104430008F8EB71401402A8413850440EF80A06A50
:10444000935524409317E4008D89DD8D9167F11712
:104450007D8DC98DC205C18113850440EF806068E0
:10446000B724014013850480EF80E0670E041375C4
:10447000F58713740478498C93150401C181138561
:104480000480EF8000666FC04F8BEFC2CF8883C778
:1044900081A741113754002002C6938481A71304D9
:1044A00084CCA5EB371901409305000213050940A0
:1044B000EF80E0631C2085651305094085C7EF8008
:1044C00000630820EFF0BFF6231404003715014005
:1044D000914513050540EF80806085479CA0410110
:1044E0006FC0AF85EF80A05F5A249307F003930558
:1044F00000081305094063EBE700EF80405E3A24B3
:104500005C40BA978823EFF09FF2C9B7EF80205E36
:10451000FDB737150140914513050540EF80205D3B
:104520005E241307F0078507C207C1836361F704A0
:104530005EA43E241A248507C207C1833EA463E516
:10454000E7021145EF90400403A541A77C00014715
:104550008D4605468945EFB08077B24791C7B7E7EA
:1045600000E0116723A0E720238004008DBF2316FD
:104570000400C1B7EFB23FFA0945EF505016EF30D3
:10458000D004EFB0F05DEFB0337071651305052016
:10459000EFB03066EFC00352EFB0532EEFC0037A96
:1045A000EFC0C376EFC02357EFD08F9E83A58182E3
:1045B00037E501001305C554EF50B161EFA0B00F0E
:1045C00001A0EFB25FF51545EFF00FF411C10945F9
:1045D000A38CA1A66FB07FF603C591A78280EFB22E
:1045E000FFF101112A890545EFF00FF2B7540020C1
:1045F000930730062A8A9384441863ED271F37F700
:10460000010093171900130747873E97A697822347
:104610009307B0038359070063E52703796793176E
:10462000290013070756BA979C43828719C8EF30B1
:10463000F03B8947631AF50085476317FA00EF409E
:10464000E00105616FB0DFEEEF30503A11E5631520
:104650000A00EFE03FE5F5B7239E0402DDB78D4782
:10466000138991A763FA870683470900A1CB9D6749
:10467000138717406302E402938727406310F40412
:1046800085450545EFF02FE1B707EFBE37E700E0BE
:10469000938707083CC739A881450545EFF0AFDF90
:1046A000B707EFBE9387070837E700E03CC78347AB
:1046B000090089E7834709009EA061B79307500569
:1046C0006315F400EFF02FC6F5B79307A00AE313C4
:1046D000F4FEEF30C05DF9BF23008900631FF400D2
:1046E000EFF09FA313054006EFA03040B707EFBEE1
:1046F00037E700E0938707083CC78347090081EB51
:104700001545EFF06FE085478145630DF5000347E0
:1047100009008947E317F7F21545EFF0EFDEE312E2
:1047200005F285451545EFF00FD721BF03C791A7C7
:104730008947E318F7F01305F9FF06052695EFF012
:104740008FE3AA8513F5F90FEF40D05FDDBD228519
:10475000EFE0AFA4FDB5DE28E375F4EEA2854E854B
:10476000D9B7BE28E3FF87EC9E2CFDB7DE28E3FA1D
:1047700087ECFE28D5B79E2CE3F587ECC5B783C739
:1047800091A7E38007ECD9BFDD47E3EC87EAFE2081
:104790004808230AF1009E24A30AF100BE24230B3B
:1047A000F100EF80007871BD9307B003F9BF7D146D
:1047B00042044180F947E3E687E8DE244808230EF7
:1047C000F100FE243ECC9E28A30EF100EF80207A5B
:1047D0008DBD7D1442044180AD47F1BF9307200693
:1047E000D9BF83C791A7E38E07E4A2854E85EFF07A
:1047F0006FAF81BD1307C9F906079307B9F931E90E
:1048000093161900A6968E22B7F601009386468C61
:104810003697C2070223C1833147E364F7E2796721
:104820008A0713070765BA979C43828793F5F50FAC
:104830002285EFF06FB031B513F5F50FEF30D018DA
:1048400009B51305F9FF06052695EFF0CFD2AA8525
:104850007DA02697860783590700F966130789F319
:10486000131617009386C67EBE9493170701B2965F
:10487000C183130720048222E365F7DC79678A0786
:1048800013074768BA979C438287EF40300AE30AD0
:1048900005DAEF40500B06059387418AAA978223D9
:1048A000268565B7EF409008E30D05D8EF40B009C5
:1048B00006059387C189DDB72685EFF0CFCBAA84A3
:1048C000EF403124B7F7010003A6079783A6479767
:1048D0002A89AE89EF30D12863450502B7F7010078
:1048E00003A6879783A6C7974A85CE85EF30711CAC
:1048F0006356A000B7F7010083A48795A68522859B
:104900006DA8B7F7010083A44795CDBF2685EFF0CA
:104910008FC6D30705F0530700F02AC4D397E7A04A
:10492000D30700F095E3EF40D11DB7F7010003A6D0
:10493000879783A6C797EF30D117A2676356A00069
:10494000B7F7010087A78795D38507E04DBF13050B
:104950008006EFF06FBB89476308F5022685EFF00C
:104960008FC1B7F70100D30705F007A7C795D31785
:10497000F7A081EBB7F7010007A70796D397E7A049
:10498000E1D7D307E720C9B72685EFF0CFBEB7F749
:104990000100D30705F007A74796D317F7A081EBCF
:1049A000B7F7010007A78796D397E7A099C3D30766
:1049B000E720D38507E01305C00BEFF08FB951B1A5
:1049C0009305F9F193B5150026852EC6EFF0AFBA21
:1049D0002AC413058006EFF02FB3A267B24519C9A8
:1049E00085476300F502B7F7010007A74796D3177D
:1049F000F7A079B7538507E0EFF02FBBD30705F099
:104A0000DDB7538507E0EFF00FC3CDBF93F5F90F86
:104A100005B5CE852285EFF00FA81305600BEFF0EA
:104A2000AFAEAA8513B51900EF20303019B99967D8
:104A3000138797E86394E90085451DA09387A7E84D
:104A4000E391F9C0894529A89967138787E9E38528
:104A5000E9FE63693701938777E98145E393F9BEFE
:104A60002285D1B1138797E9E38EE9FC9387A7E903
:104A70008D45E387F9FEF1B6CE85DDB7CE8522857B
:104A8000BDB3EFB25FA941111305F100EF3000781B
:104A90009C8791E30145375400201304442C2314D0
:104AA000A40CEF3000752315A40C13056002EFF081
:104AB000AFA5231FA40C1305000DEFF02FA0B757CF
:104AC00000202317A40C03D5872601ED2328040C0E
:104AD000232A040C232C040C231E040C41016FB068
:104AE000DFA51375F50F7D15B75600204205138914
:104AF000C6169384C1A79386C6161386C1A79305CD
:104B0000F1004181EFF0EFCC834789002318F40CCA
:104B1000832749002319F40C83479900231AF40CC6
:104B20009C20231BF40C9C30231CF40CBC20231D64
:104B3000F40C9C87231EF40C55B7EFB23F9C411137
:104B400001453EE6EFE0EFB1814537590020EFF037
:104B50000FC61304492C9305840CEFF08FA2054572
:104B6000EFE02FB08545EFF08FC49305C40CEFF054
:104B70004FA1EF402048B7F7010087A64794D3071D
:104B800005F09305040D53F7D710531507C04205E0
:104B90004185537705D0D377D718538507E0EFF0D9
:104BA0004F9EEF40E043D30705F0539517C0231AFB
:104BB000A40CEF40803F231BA40CEF30905C231C1F
:104BC000A40CEF30105C9147AA84B26763EAA70493
:104BD00079679317250013070779BA979C43828753
:104BE0001305E00AEFF06F9A8145EFF04FBCD30751
:104BF00005F03DA01305A00AF5B71305600B3EE6CE
:104C0000EFF08F9085476301F50A93178501E187DF
:104C1000D9C389476304F5088D476304F508B26773
:104C2000538507E09305A40DED98EFF08F951305DC
:104C30000000B9C8EF3080558145EFF04FB7AA8426
:104C400013058006EFF04F8C89476307F50626852C
:104C5000EF40216B2A891305800BAE89EFF0EF92AC
:104C6000EF40216AB7F7010003A6879483A6C79493
:104C7000EF30E1084A86CE86EF30E1794A86CE866B
:104C8000EF20F114EF40A1729305E40DEFF06F8F68
:104C900041016FB0FF891305200BA9B7EF40A07B3E
:104CA000A1B7EF303040A1B71305C007EFF0EF8D8B
:104CB0003DBFD30700F0ADB71305C00BEFF0EF8C8D
:104CC000D30705F0538704F0D3F7E700538507E0D7
:104CD00065BFEFB2BF8237F9010037540020814928
:104CE000938A41881309498C13044418138AC18894
:104CF000214BB3873A0186239387C4F98607CA9765
:104D00008A238604A294EFE07FFBB3073A018AA0CE
:104D1000862389099387C4F98607CA978A2386045C
:104D2000A294EFE07FFE8AA0E39569FD9384418918
:104D3000138A640083D9040089049387C9F986071C
:104D4000CA978A23EFF06F8493951900A295EFF02C
:104D50004F83E3119AFE8354440E1305000DEFE0D8
:104D6000FFF5637895001305000DEFE03FF5231282
:104D7000A40E6FB0EFFBEFB26FF8B7F401009384AD
:104D8000C492F969375400204111138AC4009389F1
:104D9000C97E1304441803D904008904930789F3D6
:104DA0008607CE978A23EFE05FFE9305C9F9860553
:104DB000A295EFE01FFDE39044FF1305000AEFE02A
:104DC000DFFC9305C40FEFE0DFFB1305400AEFE0C3
:104DD000DFFB93058414EFE0DFFAEF402035630337
:104DE0000510EF404036931415009387418AA6972B
:104DF0008A23EFE09FF92AC61385C18926950A21E7
:104E0000EFE0BFF8D30705F03267530507E09305DD
:104E1000E40D3EE6EFE0FFF6B267B7F4010093055C
:104E2000240E538507E093840491138AA401EFE0D4
:104E30005FF5930A400E094B03D904006319590B1F
:104E400013058006EFE05FEC6313650B1305C00BE1
:104E5000EFE0BFF39305C9F98605A2958904EFE059
:104E60005FF2E39B44FDB7F4010093848493138ABB
:104E7000A40003D904008904930789F38607CE9719
:104E80008A23EFE09FF09375B9FF938505F293B500
:104E90001500EFF0CF919305C9F98605A295EFE0D3
:104EA0005FEEE3189AFC79691309897D130A4901B9
:104EB000835409000909938784F38607CE978A23D0
:104EC0009384C4F98604EFE03FE4A2948AA0E3113E
:104ED0002AFF1305E006EFE07FDE2314A410410152
:104EE0006FB00FE5D30700F05387F72039BF930762
:104EF00089F38607CE978A23A1BFEFB2CFE105459C
:104F0000EFE09FE08547631BF5001305300DEFE0F0
:104F1000BFDFAA851305900DEFE01FD76FB0EFE15B
:104F2000EFB2CFDD9307300663E9A71083C791A7DF
:104F3000375900201304491801451EA0EF40206591
:104F40009305E403EFE0FFE30545EF40406493057C
:104F50002404EFE01FE30945EF4060639305640418
:104F6000EFE03FE2938941A8138541A8EF70D06D2F
:104F7000375500209304851713058517EF7050707F
:104F80000545EF60107C83C709002311A40E1305AB
:104F900000027EA083C719001EA483C729009309BD
:104FA00049183EA49C245EA4DC407EA49C34930457
:104FB00049187D491EA8EFE07FD00ABC4D442285E8
:104FC0000504EFE07FD442048AB041808904E318ED
:104FD00024FF37F401001304448F37F90100130A4A
:104FE000A40113094987062009048604B307990020
:104FF0008A23CE94EFE05FD18AA0E3168AFE0545AE
:10500000EFE09FD011E9EFE0AFCA7D153335A00086
:10501000B75700202390A71C0545EFE0FFCE85473A
:10502000631BF500EF30801C691513351500B75769
:1050300000202390A71C6FB0AFCF0545EFE0DFCC79
:1050400001E5EFF01FC965BF93874182982305C32F
:1050500023800700EFF07FEA1305300DEFE0DFCA91
:10506000AA8537F501001305458EEF508136EFF024
:105070009FD071B7EFB2AFC7AA8A05452E84328997
:10508000EFE09FC806059387418BAA97054503DA91
:105090000700EFE07FC7330789009307000263DF53
:1050A000E700931715001385C18A3E951E2105451B
:1050B0006368440BD297850763C4E70A7D1413170E
:1050C000040141839307300663EEE708B7F7010058
:1050D00087A70795796BB7540020538C07E0814967
:1050E000130B4B7A9384442C930B4003B3073B017F
:1050F0008843EFD01FD753070CF0D30705F0B385D3
:1051000034019109D3F7E710539507C0D37705D041
:10511000D3F7E718538507E0EFE0BFC6E39879FDC2
:10512000EF20303ACAB8EF20F038EAB8EF30600923
:105130002396A40C1305800DEFE01FBD8ABCEF3051
:10514000B0049385A403EFE0DFC31307CAF9420755
:10515000B756002041839386462C631F0900014502
:105160006FB06FBC0545EFE03FBA01E5EFF07F910E
:10517000E9BFEFF09F9CD1BF814763434401BA87E9
:10518000B307F4408607B69792237D19890A2182D6
:10519000238FCAFE9E2342090504A38FFAFE1359EA
:1051A000090165BFEFB28FB541112A8905452E84EB
:1051B000B28436C6EFE05FB506059387418BAA97A8
:1051C000054583D90700EFE03FB433878400930798
:1051D000A002B24663DFE700931715001385018B29
:1051E0003E951E210545636F3407CE97850763CB37
:1051F000E7067D14A9CA85476395F606138AC9F99F
:10520000420AB75A0020135A0A01938A4A18B1C8B1
:10521000814763433401D28703470900B307F44051
:105220008607D69722079AA309098346F9FF131523
:105230000401FD14558F4181C2049AA30504EFF0C7
:105240000FBAC180E9B7131504014181EFF05FCDBA
:105250001387C9F94207B756002041839386461841
:1052600089E4014541016FB0AFAC8147634334012C
:10527000BA87B307F4408607B6979223FD1409094D
:105280002182230FC9FE9E23C2040504A30FF9FE49
:10529000C180F9B7EFB28FA69384F5FFC204C18035
:1052A0003387C400914763CDE70632892E84AA89EB
:1052B0009DC6854701456395F6043384C5004204C5
:1052C00041801389140042091359090163098902B5
:1052D00083C509002685CA84EF603042DDB7375A9E
:1052E00000204A9413054A184204EF60704241803E
:1052F00013891400420913590901631589000145F6
:105300006FB00FA3A685054613054A18EFD08F91FD
:10531000AA86A68505464E85EFD06F89CA84C9BF87
:105320000545F9BFFD15C205C1813387C500954705
:1053300063CAE706EFB2AF9B375B00202A84935A1B
:10534000360093DB350013054B18B28493F97500D2
:1053500013891A00EF60304E228A130B4B18B38B5F
:105360008B4033057A01420541812146CE855A950D
:105370007D19050AEFD00F8B4209A30FAAFE13591E
:105380000901E31009FEA1479D88B38497403315B6
:1053900095001375F50F56943355954008A00145B7
:1053A0006FB06F9805458280EFB2EF961564854423
:1053B000130404B02145EFE03F95631395021D45AA
:1053C000EFE09F94AA850547A2860D460145EFD0E0
:1053D000EF886DF1EFD0EF9A71FDEFD0AF9CEDBF8C
:1053E0000145EFD0AF91F5B703C641A9375700206B
:1053F00081461307073C894593F7F60F63FDC70005
:1054000036888506B308D70083C8F8FFE396B8FE50
:105410004297854614A39306F6FFB755002001472F
:1054200093F6F60F9385053C85486313E60082806A
:105430000DE181EFB6873388F5000343080063115F
:10544000130389472300F8008280FD1793F7F70FB5
:10545000DDB7850793F7F70FE3EFC7FC8147E1BF9F
:1054600005071377F70FD1B70A059387C18BAA9762
:1054700088438280EFB22F8AB70704003755002097
:10548000938747711307A0039306000801468145DF
:105490001305850DEFB02F9D6FB02F8AEFB2AF8748
:1054A000EF609040184123A6E1AA6FB00F8983A551
:1054B00001AB51488147130640063387070393F633
:1054C000F70F2E9718236306A7008507E397C7FEFB
:1054D000854636858280375700209307073C23A2F4
:1054E000070023A007002394070083C691AA514612
:1054F000B386C60283A701AB014601451307073CEB
:105500008945854805432948B697D443814703AE6A
:105510004600631ABE0005051375F50F19EE330634
:10552000F7000CA2054683CE0600850713FEF70F91
:10553000639A6E00238AC1A98280330EF70023008C
:105540001E01D5B7C106E39407FD8280EFA21FFBC1
:1055500083C791AA51477D153387E70283A701AB23
:105560001375F50F138991AABA9711476360A706BF
:1055700037F70100130707980A053A951841028783
:10558000A22B1DC8937704F0C2072167C18393063D
:1055900007106387D70663EDF60299669386063097
:1055A0006382D7086385E7049377F40F91C73E853C
:1055B000EFF0FFEF2300A9006FA09FF7822BD1B778
:1055C000C227C1B7E22775BFA22765BF822755BF93
:1055D000930607306389D70213070740E396E7FC79
:1055E000938761AA982369D37D1798A375BFEFF0BD
:1055F0009FEE09472384E1AA05472386E1A86DB7FA
:10560000238301AA55B7938461AA83C904001305B3
:10561000000D8509EFE08FEAE3D8A9F89C20850703
:105620009CA059B7B707EFBE37E700E0938707089C
:105630003CC79DBFEFA23FEEEF20F03405479387B4
:1056400001AB630CE500370700201307876998C397
:105650000545EF1010706FA05FEE370700201307AD
:10566000074E1305900698C3EFE00FEA2A8413054E
:10567000600BEFE06FE9AA852285EF10906E01457F
:10568000C9BFAA8879162E85994563E5C50EEFA294
:105690009FE8B7F501000A06938545992E961042BA
:1056A0000286639C0800EFE02FE642054181239CBF
:1056B000A1A8A38901A86FA05FE8EFE02FE0C5BF14
:1056C00083D581A96397080093F5F50FEFE0AFDC70
:1056D000DDB7EFE02FC1C5B7138731A91C238507BC
:1056E00093F7F70F63E4F6001CA3F1B7230007005C
:1056F000D9B7938731A9982319E394A36DBF7D1778
:1057000098A355BF83C631A9938881A91395260014
:10571000B7F60100938646DEAA9683D50800944228
:10572000138681A9AE966365D7002390D80061B730
:1057300063130800BA871EA2BDBF83C631A9938830
:1057400081A913952600B7F60100938646DEAA9636
:1057500083D508009442138681A93385F54063669A
:10576000D500958D2390B800B9B7631308003E8724
:105770001AA291B78280EFA27FD8538707F08D4796
:105780004111D30607F0014963E7D7001388818BE5
:10579000369803490800F915994763E2B702B7F74D
:1057A00001009387079B8A05BE959C4136848287BA
:1057B000EFE0AFDD23AEA1A80504A38981A84101D4
:1057C0006FA01FD783A5C1A9EFE0AFD8CDBF03C796
:1057D00031A93696938731A905071377F70F6349E7
:1057E000E60098A39823E31C87FC050480A3C1BFAF
:1057F00023800700C5BF83C731A93696138731A917
:1058000099C31386F7FF1376F60F6304C40010A341
:105810007DB77D1400A365B783C431A963F59600F5
:10582000FD1493F4F40F37F40100130444DF93974D
:105830002400A2979389C1A99C6307A70900D37785
:10584000F700D387D7A095C7530507E0CA948A0409
:10585000EF30312BA2942AC488402EC6EF30712A33
:105860002246B246EF10B156EF30713423A0A900A2
:10587000B9B727A0D900A1B783C431A963F59600B1
:10588000FD1493F4F40F37F40100130444DF9397ED
:1058900024009389C1A9A29787A609009C63D3F726
:1058A000F6085307F7A005C7538506E0CA948A0493
:1058B000EF303125A2942A8A8840AE8AEF307124D5
:1058C0002A86AE865285D685EF30610071BF27A04B
:1058D000E900F5B5F915994763E6B71EEFA21FC2B7
:1058E000B7F701009387C79C8A05BE959C41AA849F
:1058F00082870144138901AA9149338584004205B6
:105900004181EFE06FC0B307890088A30504E31667
:1059100034FFA38901A86FA0BFC10144138901AA64
:105920009149B3078900338584008C234205418166
:105930000504EFE04FB6E31634FFF1BF03C731A90A
:10594000B946938731A905071377F70F63EFE60090
:1059500098A398238D461376B70F6305D600AD46FE
:10596000E31BD7FA050798A37DB723800700D5B7B7
:1059700083C731A9138731A991CF9386F7FF93F697
:10598000F60F93F5B60F0D466388C5002D46638567
:10599000C600B6871CA341B7F917EDBF83C731A96D
:1059A00037F601000947938501AA130646DE636FA7
:1059B000F7008A07B297B8319C43BA971307F00FE4
:1059C0006364F700BCB181BFFD57EDBF1947636148
:1059D000F702F11793962700B296B8219C42BA9726
:1059E0001307F00F6364F700BCA135B7FD57EDBF97
:1059F00029476362F702E1178A07B29798319C43FF
:105A0000BA971307F00F6364F7009CB129B77D576D
:105A1000A380E1AA09B7138747FF8D473367F702D1
:105A200094210A0732971C431307F00FB69763645B
:105A3000F7009CA1CDB57D572380E1AAE9BD83C7BE
:105A400031A937F601000947938501AA130646DEFE
:105A5000636EF7008A07B297B8319C436365F7001D
:105A60001D8FB8B14DBDA381050075B519476360A1
:105A7000F702F11793962700B296B8219C4263650E
:105A8000F7001D8FB8A141BD2381050069B52947E5
:105A9000636CF700E1178A07B29798319C43E3687B
:105AA000F7F61D8F98B185BD138747FF8D47336784
:105AB000F70294210A0732971C43E3EEF6F69D8E17
:105AC00094A191BD8280EFA21FA52E841DE11385B4
:105AD00081ABEF706037938781ABB8239433902309
:105AE000B7F501009385454A2285EF4051216FA00B
:105AF000DFA47D159D47E3ECA7FEB7F70100938770
:105B0000879E0A053E951C418287A38901A8C5B7D7
:105B1000138581ABEF70E040D9BF03C731A99D4623
:105B2000938731A905071377F70F63EDE60098A374
:105B3000982389466305D7009546E31AD7FA0507E7
:105B400098A375B723800700E5B783C731A91387EA
:105B500031A981CFFD1793F7F70F89466389D700E5
:105B600095466386D7001CA359B79D47EDBFFD1727
:105B7000DDBF83C731A937F601000547938681ABA6
:105B8000130646DE636DF7008A07B297B8229C437E
:105B9000BA971307B0036366F706BCA289BF114723
:105BA000636EF700F5178A07B29798329C43BA974D
:105BB0001307B0036367F7069CB215BF1387A7FFEF
:105BC00089473367F7028C220A0732971C435D47E7
:105BD000AE976364F7009CA219BF98A209BF83C760
:105BE00031A937F601000547938681AB130646DEDF
:105BF000636EF7008A07B297B8229C436365F7008B
:105C00001D8FB8A2EDB523810600D5B51147636F8E
:105C1000F700F5178A07B29798329C436365F7003F
:105C20001D8F98B2E9B5A3800600D1B51387A7FFF1
:105C300089473367F7028C220A0732971C4363E5D2
:105C4000F5009D8D8CA265B5238006004DB5EFA2B1
:105C5000FF8A2A840545AE84EFE00F8BAA89EF10F6
:105C6000900E930720072A8963E58704130424F91B
:105C7000420441809147054663EB8700B7F7010076
:105C8000938787A00A043E941C4082870946B7F593
:105C90000100CA86938505452685EF4051066FA011
:105CA0003F891546EDB71946DDB71D46CDB72A86A3
:105CB000F9BF13059006EFE02F859307E00763E235
:105CC000870C1304D4F842044180A94763EA870093
:105CD000B7F701009387C7A10A043E941C4082874E
:105CE0001D46E38609FA11465DB71546E38109FAB8
:105CF0000D4671BF89471D46E31BF5F8214641BF9C
:105D000089472146E315F5F8254651B789472546C9
:105D1000E31FF5F62946A5BF89472946E319F5F69D
:105D20002D46B5B789472D46E303F5F6EF30004021
:105D300029051376F50FA1BF89473146E309F5F42C
:105D4000F5B789473546E304F5F4EF30203E2D05DD
:105D5000CDB789473946E30CF5F2EF30203D3105E8
:105D6000C9BF89473D46E304F5F2EF30203C3505D5
:105D7000C9B789474146E30CF5F0EF30203B3905C0
:105D80004DBF23800400930700086305F4029307C6
:105D90001008630DF4029307F007E312F4F089474B
:105DA000E31FF5EEB7F50100938585452685EF40A5
:105DB0006179F5B51305600BEFD01FF58D47E31042
:105DC000F5EEB7F5010093854547CDB71305600B98
:105DD000EFD09FF38947E314F5ECB7F50100938505
:105DE000C548E9B7EFA28FF19307B0054111AA8921
:105DF000AE84328463F7A7381305600B3A8AEFD07C
:105E0000BFF02A89EF20F037938749FAC207C18390
:105E100041476367F70837F701008A07130787A42C
:105E2000BA979C438287EF3000329307C00506057E
:105E30006395F9021387418E2A970A23854763F3F6
:105E4000870237F7010003270724930700008D46D8
:105E50000D46A285EFF03F92A1A09387C18DAA972E
:105E60008A23E9BF19ECEFD05FF2EF308149AE86AB
:105E7000B7F501002A869385C5242685EF40216861
:105E800005A003A5C1A9D5B7EF20B012B7F701004F
:105E90000A05938787C4AA978C432685EF40816AB9
:105EA00041016FA0EFE8EF30002AB7F701000A05C3
:105EB0009387C7D8CDB7EF30602705C1EF30A02852
:105EC00009ED1945EFC0FFF9EF30A143AE86B7F5F4
:105ED00001002A86938545254DB79385C18C75BFF2
:105EE0008547E31CF9FE1D45F1BF8D47E317F9FE19
:105EF000EF304010EF30E140AE86B7F501002A8662
:105F00009385C5259DBF8D47E319F9FCEF30400D02
:105F1000D30705F0B7F5010093858526539607C092
:105F20002685EF40C15DADBF8D47E318F9FAEF302C
:105F3000C007B7F501002A8693854527D5B723808A
:105F400004000544E30189FA8D47E31BF9F4EF30BF
:105F5000801F59DDE30C85FAD9BF23800400137933
:105F6000D90F8547E31EF9F2B7F501009385C527E0
:105F70002DB79147E3E6A7F2B7F701009387C7A8CB
:105F80000A053E951C4182871305E00AEFD0FFDF2A
:105F90008145EFE0CF8123AAA1AA2AC61305800676
:105FA000EFD09FD6B267B7F701000A05938787CA7B
:105FB000AA979843538507E03AC0EF3081340247EF
:105FC0002A86AE8615AA1305A00AC9B71305600B69
:105FD000EFD09FD38547630DF50493178501E187C3
:105FE000B1C389476303F5048D47E31BF5EAEF204E
:105FF000700B2A84EF302015B7F701000A0593874C
:1060000007D8AA97984322853AC0EF30812F0247DC
:10601000AE86B7F501002A869385C52A2685EF400E
:10602000014EBDBD1305200B95B7EF30C0428DB7B3
:106030001305C007EFD07FD56DBF13058006EFD0E5
:10604000BFCC89476307F500B7F501009385454448
:10605000A9B5B7F501009385854381B591476317CD
:10606000F500B7F501009385852805BD11E5B7F565
:1060700001009385452915B5EF2040118145EFD0EA
:106080001FF323AAA1AA13058006EFD0FFC78947F3
:10609000138441AB6307F5060840EF3081262A8957
:1060A0001305800BAE89EFD05FCEEF308125B7F7B7
:1060B000010003A6879483A6C794EF1051444A8633
:1060C000CE86EF2041354A86CE86EF104150EF3024
:1060D000012E08C00840EF30C1222AC013058006F7
:1060E0002EC2EFD07FC2B7F701000A05938787CA97
:1060F000AA97984302469246B7F501009385052A70
:1061000031BF1305C00BEFD05FC81C60530705F00B
:10611000D3F7E7001CE07DBF0145EFC09FD48DBDE4
:106120000545EFC01FD48545ADB515C08D47E319B2
:10613000F4D6EF20A00B89476312F504EFE0CFC936
:1061400015EDEF20A05185472300FA0091BBEF2009
:10615000E0099947631FF50083C7C1A891C7B7F548
:1061600001009385852B15BBB7F501009385052E9E
:106170002DB3B7F501009385852F05B3EF20804E31
:10618000D9B79307F5FC37F70100139617001307EB
:1061900047CB3297C20703590700C1831307A002F8
:1061A000E360F7D037F701008A07130707AABA9709
:1061B0009C438287854763ED87006317041A4A85ED
:1061C000EFD09FB42A86B70502009385056189BB8D
:1061D00005488547614785462286CA850145B1AA9B
:1061E00023800600854763F5870005488147CDA2D7
:1061F000631DF40003C581A99317250037F501003D
:106200001305C5C33E950C4149B94A85EFD0DFAFB0
:10621000E5B723800600854763F487029947631C2E
:10622000F40013059006EFD03FAE83D581A9EF109F
:106230004033EFF04FAA054881470D47814669BFBB
:1062400019E84A85EFD05FAC9317250037F50100B8
:10625000130585C945BF03D581A9FDB72380060075
:106260001305600BEFD05FAA8D476313F5048547D4
:1062700063F287029947E31AF4F683D481A91305E0
:10628000600BEFD07FA893B41400AA852685EF1089
:10629000C029A1BF19E84A85EFD01FA79317250091
:1062A00037F50100130585D5B1BF03D581A9FDB729
:1062B00023800400F5B6854763F487000548B5BF21
:1062C00011E84A85EFD05FA42A86B7F501009385CF
:1062D0000532B9B103D681A9CDBF930780056310FC
:1062E000F5021305700B36C0EFD01FA27D15931772
:1062F00015001385418D3E95035905008246238084
:1063000006008547E3E387EE19E84A85EFD0DF9F73
:106310009317250037F50100130585D9E5B503D599
:1063200081A9FDB7854763FD8700014881471307B1
:10633000703E89462286CA850545EFF08FB48DB63A
:10634000631804124A85EFD07F972A86B7F50100BB
:1063500093858531F1B68547E3F187E601488147AA
:106360001307300689468DBD03D681A9A9BD2380B8
:106370000600854763F687000548814705477DBDD0
:1063800019E84A85EFD05F989317250037F501008B
:10639000130505C385BD03D581A9FDB7238006007C
:1063A000854763F9870299476312F402938481A9B0
:1063B0008A2013351500EF10E05886201305600B76
:1063C000EFD09F94AA852685EF10A0190548854730
:1063D0000947ADB519E84A85EFD01F9393172500FB
:1063E00037F501001305C5C531BD03D581A9FDB73A
:1063F000EF20D05319ED1305B00DEFD0FF9011C968
:106400004A85EFD07F90B7F701000A05938787CAC6
:1064100059B4EF20B051B7F701000A05938707D8A8
:106420009DBC23800600854763F98700130590060D
:10643000EFD09F8DE30605A64DBB19E84A85EFD046
:10644000BF8C9317250037F50100130585CA5DBB86
:1064500003D581A9FDB7854763F7870001488147C8
:106460001307A00FE1BB09E44A85EFD0FF89F1BD16
:1064700003D681A9E1BD13058006EFD0FF888947C7
:106480006300F502854763F0871EB7F7010037F711
:10649000010083A707960327C79585460D460DAAD9
:1064A000854763F08702B7F7010037F7010083A73C
:1064B00087960327479685461146A2851305C00B8C
:1064C00051BA11EC1305C00BEFD03F8CEF20716374
:1064D000AE86B7F501002A869385453379BA03A5C0
:1064E000C1A9EDB79305B5FC854993B515006303C4
:1064F000340D51CC8D476304F4029947938441AB2A
:10650000630CF404B7F7010003A54796EFD03FAA48
:1065100088C0930700002A878546114655A84A85FA
:106520002EC0EFD09F868245EFD07FA8B7F701003D
:1065300087A74794530705F0A9470947D377F71072
:10654000539507C03345F502D37705D027AEF1A8A0
:10655000A389E1A86FF0DF9487A7C1A9130580067E
:106560002EC09CE0EFD04FFA824509C9630D35017A
:106570008C404A85EFD0EFFD6FF09F928840EFD0BE
:10658000DF8288C0F5B78840EFD0FF8ADDBF4A853B
:106590002EC0EFD08FFF8245EFD07FA123AAA1AA02
:1065A000EF203156AE86B7F501002A869385C533B4
:1065B0006FF0BF8C03A5C1A9E5B7854763FE8700CF
:1065C00037F701000327872493070000914605460B
:1065D000A2854A856FF01F8811EC4A85EFD0EFFA4B
:1065E000EF203152AE86B7F501002A8693854534F7
:1065F0006FF0BF8803A5C1A9E5B7854763FA870097
:1066000037F701009307000003274724894631B775
:1066100011EC4A85EFD06FF7EF20B14EAE86B7F59B
:1066200001002A86938545326FF03F8503A5C1A9F5
:10663000E5B7854763F98702B7F7010037F701002F
:1066400083A74795032787958546154651B7854704
:1066500063FB8700B7F7010083A7479537F7010071
:10666000032787951DBD11EC4A85EFD00FF2EF206F
:106670005149AE86B7F501002A869385C5326FF081
:10668000CFFF03A5C1A9E5B7854763F58700930749
:106690000000E9B711EC4A85EFD02FEFEF207146EB
:1066A000AE86B7F501002A869385C5346FF0EFFCFE
:1066B00003A5C1A9E5B7EF921FE6930730020111C8
:1066C000AA842E8463F6A7201305000D9384C4FDCD
:1066D0003A8932C6A30F0100C204EFD02FDEC18079
:1066E000B147AA8663E79704B7F701009387C7B459
:1066F0008A04BE949C403246828715C28D47631A35
:10670000F60281451305200DEFD0CFBD814513055D
:10671000000DEFD02FBD85472300F90019A883C7CE
:10672000C1A899CBB7F50100938545352285EF3097
:10673000716105616F907FE0B70502009385C56ABE
:10674000F5B7EF10D0292A86B7F501009385C53734
:106750002285EF30D15AF1BF1305F101EF10102B54
:106760008347F10189C7131605014186F1BFB7F5CB
:1067700001009385C5385DBF4DDD938781ABB8239C
:1067800094339023B7F501009385454A2285EF3075
:10679000115745B759DDB75700209387473BB7F5E9
:1067A00001009837D44390279385C539C5B751D197
:1067B00083C741AA13972700B7F70100938747C8FB
:1067C000BA978C43A5B735D583C741AA05476382DD
:1067D000E70295CF09476383E7020D47E39BE7F4A0
:1067E0002D45EFD06FD2B7F501002A869385053D80
:1067F00085B7B7F501009385C53A0DBF2545EFD0A4
:10680000AFD0B7F501002A869385C53B91B7B7F5A0
:1068100001009385453E19BF11E5B7F50100938549
:10682000C54029B7938461AA9020B7F501009385EC
:10683000454105062285EF30914C8820B75600204F
:106840009386463B138681AB938541AAEFD06FF8C0
:10685000CDB52A86B705020093850561D5BD1D45D6
:10686000EFC02FE0D30705F0B7F50100938505428F
:10687000539617C01376F60FE1BD1305700DEFD0D8
:10688000AFC80A059387418CAA9725BFEF10101651
:1068900089476310F5020545EFC0AFDCD30705F06B
:1068A000B7F5010093858542539617C04206418291
:1068B00045B5B7F50100938545438DBD13056002CD
:1068C000EFD08FC4B7F501002A869385054449B5FA
:1068D000930715FE37F70100939617001307C7D0EB
:1068E0003697C20703590700C1831147E363F7E4F2
:1068F00037F701008A07130707B8BA979C438287C6
:10690000854763FCC700014881471307703E8946ED
:10691000CA850545EFE0FFD629BD11EA4A85EFD0CB
:10692000EFB92A86B7F501009385853115B503D6F1
:1069300081A9CDBF854763F8C702B7F7010093056A
:10694000E5FD03A54796B335B00032C6EFD04FD66C
:10695000D30705F001488147539717C08D4632464B
:106960004207418375B711EA4A85EFD02FB52A86D1
:10697000B7F5010093858544E1BB03D681A9CDBF5E
:10698000854763F9C7000148130730068946CA8561
:10699000014549B711E64A85EFD00FB72A865DBD9C
:1069A00003D681A945BDEF921FB70111B687A30B8E
:1069B0000100238005002E893284BA8681C703C76F
:1069C00031A998A399C285479CA2930735F9C207BC
:1069D000C1835147636AF700CA85EFF04FA70345AB
:1069E000710105616F907FB59307F5FCC207C18304
:1069F0001307B0036369F700130771012286CA8584
:106A0000EFF04FBEE9BF930715FEC207C1834547AC
:106A10006369F700130771012286CA85EFF0BFC9C9
:106A20007DBF37F7010093171500130787D1BA9779
:106A30008623F947E3E5A7FA37F701009317250006
:106A4000130747B9BA979C4382872380060085477E
:106A500063F78700054881470547814679A019E813
:106A60002685EFD06FAA931725001385C18E3E951A
:106A70000C4135A203D581A9FDB7238006008547C7
:106A8000E3EA87FC09E82685EFD00FA893172500D5
:106A90001385C18BE9BF03D581A9CDBF2380060033
:106AA000854763FD87000548814709477DB72380F7
:106AB0000600854763F487000548C5BF19E82685A9
:106AC000EFD08FA49317250037F50100130585C774
:106AD00079BF03D581A9FDB709CC85476307F402C7
:106AE000014885471307300685462286A68501455D
:106AF00025A42685EFD04FA12A86B70502009385ED
:106B000005614A85EF30B11FD9BDB547138481A90E
:106B10006316F5000C202685EFD00F971220F1BFE9
:106B2000EF10206AA14701461377150001C705063B
:106B30001376F60FFD17058193F7F70F1375F50F11
:106B4000E5F765BFEF10E067E30B05E803C721A990
:106B500083C751AA138451AA09C73357F540058B3F
:106B600015E321471D46850793F7F70F6373F6007A
:106B70008147B356F540858A89E67D171377F70F6D
:106B80007DF31CA00545EFD02F981C2013972700FC
:106B900019E9B7F70100938747DABA978C434A851A
:106BA000EF30511A2DBDB7F70100938747DCF5B7D9
:106BB000854763FF87009307000037F7010003272D
:106BC000472489461146A2852685EFE0DFBA01BD3C
:106BD00005E02685EFD06F9BEF20A172AE86B7F55A
:106BE00001002A86938545324A85EF305111C5BB95
:106BF00003A5C1A9D5B7854763F78700B7F701009B
:106C000083A707155DBF09EC2685EFD00F98EF200D
:106C1000416FAE86B7F501002A8693854515E9B721
:106C200003A5C1A9EDB72685EFC0AFA3D30705F033
:106C3000B7F501009385C515539607C0D9B5280847
:106C4000EF30D0418348D1010348C1018347B101EE
:106C50000347A1018346910103468101B7F5010075
:106C6000938545164A85EF30910995BBEF10605822
:106C70008547630AF5008947630CF500B7F5010005
:106C80009385451729BFB7F501009385C51801BF46
:106C9000B7F501009385451A19B709C88547630BF5
:106CA000F404A2852685EFE0FFC215BB2685EFD050
:106CB000AF852AC61385140042054181EFD0CF84E9
:106CC0002AC41385240042054181EFD0EF832AC2F4
:106CD0001385340042054181EFD00F831247A2464D
:106CE0003246AA87B7F501009385451B4A85EF30E8
:106CF0001101F5B1138601AA3C3238221432102258
:106D0000D5B7854763FD8700014881471307703E6B
:106D100089462286A6850545EFE0BF96C9B1631B6B
:106D200004242685EFC09FF92A86B7F501009385D4
:106D30008531C1BB2685EFC0CF92D30705F0B7F5EB
:106D400001009385851C539617C04206418255BBAE
:106D5000CA852285EFE03FD759B115E437550020A9
:106D60001305453BEF60C011B75700209387473BA1
:106D70009837D4439027B7F501009385C5394A85E4
:106D8000EF30E177A9B97D149D47E3EA87C4B7F7EF
:106D90000100938707C10A043E941C408287A3899F
:106DA00001A835B9375500201305453BEF60201C7D
:106DB0003DB103C731A99D46938731A905071377D4
:106DC000F70F63EDE60098A3982389466305D70083
:106DD0009546E316D7C0050798A311B12380070095
:106DE000E5B783C731A9138731A991CBFD1793F775
:106DF000F70F89466387D70095466384D7001CA3A5
:106E0000F9BEFD17EDBF83C731A9B756002037F68D
:106E1000010005479386463B130646DE636DF70087
:106E20008A07B29798369C43BA9713073006636770
:106E3000F7069CB66DB61147636DF700F5178A0724
:106E4000B297D8429C43BA9731476368F706DCC2D1
:106E500079B61387A7FF89473367F7028C260A079D
:106E600032971C437D47AE976364F7009CA685BEAE
:106E700098A6B5B683C731A9B756002037F60100EA
:106E800085459386463B130646DE63EDF5008A078B
:106E9000B29798369C4363F5E7001D8F98B681B68C
:106EA0008CB635BE1147636EF700F5178A07B297A7
:106EB000D8429C4363F5E7001D8FD8C20DB6CCC203
:106EC00039BE1387A7FF89473367F70288260A0769
:106ED00032971C4363F5A7001D8D88A609B68CA6C2
:106EE000FDBC854763F38708B147631EF50029455C
:106EF000EFC09FE17D1513170501418393074006FD
:106F000001488946DDB6AD476313F5023145EFC050
:106F1000BFDF7D1513170501418325453AC2EFC038
:106F2000BFDE050593170501C1831247D1BFF9479D
:106F30006313F5022945EFC03FDD050593170501F1
:106F4000C1832D453EC2EFC03FDC7D1513170501FF
:106F50004183924775B73145EFC01FDB0505931795
:106F60000501C1831307F00F61BF09E42685EFC057
:106F7000BFD95DBB03D681A94DBB15E083C7C1A8AE
:106F8000E38F07A4EF10802611E5B7F50100938584
:106F9000051D31B1B7F501009385C51D09B18D47B8
:106FA000E31FF4A2EF10802419E1EFC0AFCF8547B3
:106FB000A30BF1002DB415C08D47E312F4A2EFD05E
:106FC000AF9513054006EF804032B707EFBE37E7B5
:106FD00000E0938707083CC719B483C7C1A8E380C2
:106FE00007A0B7F501009385C51E55BEEF00704D93
:106FF0002AC2EF00304C1246B7F50100AA869385ED
:1070000005214A85EF30A14FD9BA23800600854774
:1070100063F6870005488147194781B419E826853A
:10702000EFC09FCE9317250037F50100130545D615
:107030003DBC03D581A9FDB73757002003C641A940
:107040001307073C8147894593F6F70F63E7C600AE
:10705000054705452386E1A88280938617003305FE
:10706000D7000345F5FF6310B504EF92CFCA3E97F2
:107070008D4614A383C691AA5146B386C60203A7C0
:1070800001AB92070D468145369758438146BA9722
:10709000CA270147239BA1A8EFF0FF90054723864D
:1070A000E1A86F908FC9B68745B73757002003C650
:1070B00041A91307073C81478D4593F6F70F63E617
:1070C000C60009472384E1AA82809386170033080B
:1070D000D7000348F8FF631EB802EF92CFC33E9774
:1070E000894614A383C691AAD145B386B60203A7E5
:1070F00001AB92072A868145369758438146BA9755
:10710000CA270147EFF03F8A09472384E1AA6F901D
:10711000CFC2B6875DB7EF920FC0B2862E86AA8522
:10712000375500201305850DEF901FBB6F90EFC002
:10713000EF926FBE375500201305850DEF904FDBA2
:107140006F90AFBFEF922FBA1389C1AA0325090030
:107150001971EF70407B938901AB138491AA5DC9CB
:1071600003250900938501A90146EF7060638547F7
:10717000938401A96310F50A9830371501409307ED
:10718000000293050004130505406316F70EEF5047
:1071900010169830930700046319F70483C681AA78
:1071A0001147138981AA6397E606942003C771AA41
:1071B000938771AAE1C61546136717006382C60C50
:1071C00098238D476318F70437F50100130545230D
:1071D000EF30213295472300F90005472386E1A8C7
:1071E000EFE06FAF1945EFF05FEC983093070008C0
:1071F0006312F702138981AA034709000D4A630944
:10720000471391476308F70089468820630CD70627
:10721000EFE0CFB31820D14683A709003307D70288
:10722000B75900209389093CB7540020BA97C0434E
:10723000EFF01FF0130B040A03284400054D0C3037
:1072400030206307A813630F081089476308F816F6
:107250001C2089E741048509E3108BFE138721A9CF
:107260001C23A946850793F7F70F63ECF6281CA3A8
:1072700009616F900FABEF50900621BF1367270095
:1072800098A33DBF63004509636BAA00E314E5F8CA
:1072900083C7C1A8C9C70145EFE00F95A5BF630A21
:1072A000F5029547E318F5F69387C1A8982301C71F
:1072B0002380070085B71820D14683A7090033072C
:1072C000D70223000900BA97A82BEFE04F9E08A031
:1072D00091B79384C1A89C2091E785479CA0EFE0DB
:1072E0008F9F0DBFEFF05FD58547631AF5001545F9
:1072F000EFF0BFDB238004002300090021BF23003F
:10730000490109BF83C7C1A80545D9F71820D1464F
:1073100083A709003307D702BA97C8277DB718207B
:10732000D14683A709003307D702BA97E82771BF70
:107330009C206361F70237F70100130787C68A07AD
:10734000BA97904303D561A9014781468145EFF083
:107350008FE5C9B5114719456383E7001545EFF07F
:10736000DFD44DBD14441385840DEF90FF96CDB549
:10737000131906011444135909014A861385840D13
:10738000034A3400EF905F954A249306A101014619
:107390001307B1016C08EFF00FE16C081385840D41
:1073A000EF90DF9C93050008B38545411375F50FF9
:1073B000898DC20574084A86C18175B71319060103
:1073C0001444135909014A861385840D42C6EF906F
:1073D000BF9003C609004A241307B101751693062E
:1073E000A101133616006C08EFF0EFDB6C08138573
:1073F000840DEF90BF9783C781AA834A3400137A24
:10740000F50FF9C383C709006370FD0C139D0A01D2
:1074100093180A01135D0D019305F00793D8080135
:10742000B385A5413248B3851541939D050193DD90
:107430000D016391070583C7C1A8D9C703C721A957
:10744000954763E3E708130669FF4206C6862D47A2
:107450004182EE851385840D46C6EF908FA5814548
:107460001385840DEF90DFA185451385840DEF9082
:10747000CFF7B24803C709008D476317F7040347E6
:10748000B101130669FF4206854741826317F7067B
:107490008345A101E9572D478505B385F502994636
:1074A0009385F507B385A541C205C1811385840D78
:1074B000EF902FA089451385840DEF907F9C854523
:1074C0001385840DEF906FF29305F007B385554156
:1074D000B3854541C20574084A86C1811385840D70
:1074E000EF908FFF1385840D8545EF907F9981453F
:1074F0001385840DEF906FEFA1BB2D47C686EE85F7
:1075000075B723000700ADB3B707002093870717AF
:107510002380070205476317E500238007042388BB
:10752000A70482802380E704828001C9EF82BFFE26
:107530002E85EFF07FFD6F904F80B7070020054745
:107540002388E718828001C503C501AC82802945E4
:1075500082807D153335A000B70700202388A74A15
:107560008280EF82BFF93704002037090020AE8403
:107570001304044E1309093A21ED814513058006D1
:10758000EFC08FF08547B7090020938909102300C9
:10759000F9022D47A547231AF40C2322340123179F
:1075A000E40A85476381F40AADCC094A6383440F3A
:1075B0008D47638EF4100149B707002005472388E3
:1075C000E734B7F7010093874762232EF41051AADE
:1075D000B707002093870709230009025CC005470D
:1075E000AA896307E51489460149631CD5162388D7
:1075F0000702A9472317F40A231AF40C6380E5262F
:1076000063800524638EA5288D476385F52C014989
:10761000B707002023880734B7F701009387476A2C
:107620006DB72388F9042380E1ACB7070F00B107D9
:10763000232EF40EB7071500B5072322F412BD4719
:10764000231EF4188DBF35472380E1ACB707100027
:10765000B9072322F412BD472319F410B7070E000F
:10766000B107232EF40EB7071500BD07232CF41223
:10767000C147231EF418B7070020938707172388F4
:107680000904C4CB05452328F4120549EFF0DFE7D0
:1076900025B72388F904B7070E00B107232EF40E8F
:1076A000B7071000B9072322F412B7071500BD076A
:1076B000232CF412C147231EF418B7070020B1464B
:1076C000938707222380D1AC2328F412EDB513054C
:1076D000A006EFC06FE313391500238809040D4598
:1076E000EFF09FE2B7070020938707172328F412D3
:1076F00023AA470145472380E1ACBD472319F41075
:10770000B7070E00B107232EF40EB7071000B90714
:107710002322F412B7071100BD07232CF412B70778
:107720001200C1072326F414D147231EF41869B5AB
:107730002388A7022547AD472300A9022317F40A8F
:10774000231AE40C6388A50485CD8949638F350726
:107750008D47638FF5080149B70700200547238847
:10776000E7341305600BEFC02FDAAA854A85EFF0E6
:10777000DFDB638E041A8D4763F0971C6F805FDB3D
:1077800029472380E1ACD547231FF40EB547231EBC
:10779000F418D1B731472380E1ACB947231FF40E69
:1077A000B7071500B907232CF412B70700209387F9
:1077B00007174147CCCB2319E410231EE4182328D4
:1077C000F4120549EFF05FD441BF2380F1ACB70755
:1077D0001500B507232CF412B70700204147938703
:1077E0000722231FE40E231EE4182328F412A5B752
:1077F0001305A006EFC04FD1133915000D45EFF06A
:10780000BFD0B7070020938707172328F41223AAB5
:10781000370141472380E1ACC1472319F410B94730
:10782000231FF40EB7071100B907232CF412B70772
:107830001200C1072326F414D147231EF41829BFD0
:1078400031472380E1ACB70715003D47B507231F3B
:10785000E40E2322F412231EE41855BB354723807F
:10786000E1ACB947231FF40EBD472319F410B70745
:107870001000B9072322F412B7071500BD07232C07
:10788000F412C147231EF418B70700209387071787
:10789000CCCB05452328F4120549EFF0FFC68DBB7C
:1078A00035472380E1ACBD47231FF40EB707100016
:1078B000B5072322F412B7071500BD07232CF412D5
:1078C000C147231EF418B7070020938707222328F7
:1078D000F41235BB1305A006370A0020EFC0CFC253
:1078E000130A0A17454713391500232A3A010D4593
:1078F0002380E1ACEFF05FC1B947231FF40EB70757
:107900001000B9072322F412BD472319F410B7075A
:107910001100BD07232CF412B7071200C10723265C
:10792000F414D14723284413231EF418D5B1B70704
:1079300000202388072E99B5B70700200547238824
:10794000E72E2DBDEF823FBDB70400203704002095
:107950009384043A1304044E05C18145130580063F
:10796000EFC08FB285472380F402B70700209387CA
:1079700007105CC06F807FBCB70700202380040223
:1079800093870709FDB7EF827FB718510CDD50DDF3
:10799000D30606F01C632A84D397F6A085CB10C3C8
:1079A000485C032A8402832AC402EF1091152A89B5
:1079B000AE892A86AE865285D685EF00910F635E2A
:1079C000A00023242403232634032DA0538705F08D
:1079D000D397E7A0F1D70CC3E1B7085CEF107112A1
:1079E0002A89AE892A86AE865285D685EF00511740
:1079F000E34905FC6F80DFB3EF82FFB141112A84B8
:107A00002E8532C62EC4EF10D10F587CA2673246A5
:107A100008D4D317F7A04CD410D881CB530507E076
:107A2000EF10310E08D44CD429A0187CD397E7A0CE
:107A3000F5F741016F807FB0EF82FFAA5C51538759
:107A400005F02A849C63B7E40100AE8CD3F7E70805
:107A5000538507E0EF10F10A03A6044A83A6444ABF
:107A6000EF00E1292A8B4848AE8BEF109109B7E768
:107A7000010003A6874983A6C7492A8AAE8A5A8588
:107A8000DE85EF0051192A89084CAE89EF10710785
:107A90002A86AE864A85CE85EF00F11710545454DD
:107AA000EFF0F03253870CF01C782A89AE89D37737
:107AB000F708538507E0EF10D10403A6044A83A614
:107AC000444AEF00C1235286D686EF00D1142A869D
:107AD000AE864A85CE85EF00915F2A8908D4485C3E
:107AE0004CD4AE89EF10F1012A8CAE842A86AE8682
:107AF0004A85CE85EF00E17B6353A00623248403EF
:107B000044D45A86DE865285D685EF00D1101054B3
:107B10005454EFF0D02BAA892E892A86AE8662852E
:107B2000A685EF00F103634F0500085CEF10617D4F
:107B30004E86CA862A8CAE84EF00A1776344A000EB
:107B40004E8CCA84032904026285A685EF10310693
:107B50002320A9002328940305456F809F9C085C7F
:107B6000EF10217A2A8DAE8D2A86AE864A85CE8583
:107B7000EF00017FE35705F82324A4032326B40371
:107B800049B7D38705F0530706F0D307F7A099E765
:107B9000EF827F98EFF03FDF6F803F9A82805386BD
:107BA00005F0D30700F0D30606F0538706F0D3178D
:107BB000F6A0A9E7D397F6A0B1E3D317F7A09DEFFE
:107BC0005C4118410CC5D3F517D0B7F7010007A5E4
:107BD000079550C514C9D3F5A5184CC910CD8547D4
:107BE0005377B71858ED631BF70053F6C708D3F661
:107BF000D708D3F7E70850E914ED5CED82801C410B
:107C00006380B702D30700F0586953F7E70858E9D3
:107C1000186D53F7E70818ED586DD3F7E7085CEDDA
:107C20000CC18280EF823F8F411136C6B706020039
:107C300050D103A606560CD1930500002A843AC4FD
:107C40003EC242C0EFF03FD402489306400654C003
:107C5000C2852285EFF0BFFAB26792472247D385EB
:107C600007E0BE863A862285EFF07FF341016F8000
:107C7000DF8CEF825F8A0145EF40A02C1DC5138782
:107C800081AC1C239306B003850793F7F70F1CA361
:107C900063FDF600938741AC8C431305C00C2300B1
:107CA000070085058CC3EFC00F876F801F8923A253
:107CB00001AC828003A541AC9307C0033375F50284
:107CC000828003A541AC9307C0033355F50282803F
:107CD000B71702409843B706FFF841111367170022
:107CE00098C3D84337060200758FD8C39843B706A8
:107CF000F7FEFD16758F98C39843B706FCFFFD1677
:107D0000758F98C3D843B70681FFFD16758FD8C30A
:107D10009843B70600ECFD16758F98C33707FF0030
:107D200098C723A6070202C402C69843C166558FAE
:107D300098C3B716024009679C42F18F3EC6A2471E
:107D400085073EC4B24781E7A247E397E7FEB7172E
:107D500002409C431397E7006357070685473EC6DA
:107D600032478547631FF704B7170240D843B70669
:107D7000C1FFFD16D8C3D843D8C3D8431367074003
:107D8000D8C3D843758FD8C3D843B7063900558FA9
:107D9000D8C39843B7060001558F98C398439316EC
:107DA0006700E3DD06FED843B7160240719BD8C3D7
:107DB000D84313672700D8C32147DC42B18BE39E29
:107DC000E7FE4101828002C661BF371602405C4275
:107DD0009146B18B138781826385D700A146638862
:107DE000D702B7177A00938707201CC3B717024042
:107DF000DC43918393F6F700B70700209387877DD4
:107E0000B69794231C43B3D7D7001CC38280544237
:107E10005042C167C982BD8A7D8E9387260085CA7C
:107E2000BD466389D702C1466389D702C5458146ED
:107E30006393B700C1470DE637460240032606802C
:107E4000418A15C637167A00130606202DA08146F2
:107E5000C947D5B78546B547F9BF8146BD47E1BF9C
:107E60003716024050429315E600E3DD05FC371655
:107E70003D0013060690B387C7021CC3A5DA1C4356
:107E80008583A5B7EF822FE65D71EFD02FE17D5698
:107E900085450145EF70B02FB7F7010003AA87941D
:107EA00083AAC794B7F7010087A74794B7070200D2
:107EB00081493EE087A7875A814401443EE2354527
:107EC000EFB09FE4630035053545EFB0FFE3AA89C5
:107ED0001305400633053541EF10C11C5286D68686
:107EE000EFF0F061B707020003A6075B83A6475BCC
:107EF000EF006152EF10411593150501C181014555
:107F0000EF1050308947638BF41C8D476382F41A5D
:107F1000639E0418EFD00FD6EFC0CFBA08410147D7
:107F20008D4605468145EF70F03F0545EFB0DFDD3A
:107F3000B707020087A7475A23ACA1ACD38D07E04F
:107F4000138981ADB70B0200375B0020370C0200AC
:107F50003945EFA01FF1D30705F053870DF05315F6
:107F6000F7A03DC90945EFA0DFEFD30705F0026791
:107F70005395E7A035C12945EFA0BFEED30705F023
:107F800012675395E7A029C993858B5B6808EF209A
:107F900001576C0813058B0DEF805FDD9307000818
:107FA0001375F50F3385A74089473345F5027008EF
:107FB000930580021375F50FEFF0EF95EFC08FB0CA
:107FC000084101478D4605468145EF70B035EFA069
:107FD0007FA00841EF601064EF50303E0545EF7020
:107FE000C0309307007D6399F40AEFF06F94034566
:107FF0000900930C0008094DEFD00FC7AA85680847
:10800000EF2041546C0813058B0DEF803FD613759C
:10801000F50F3385AC403345A5037008D145137582
:10802000F50FEFF04F8FEFD0EFE00945EFB0DFCD68
:108030002AC60D45EFB05FCD2AC41145EFB0DFCCA5
:10804000A24632462A8793054C5F6808EF20214BF1
:108050006C0813058B0DEF807FD11375F50F3385F9
:10806000AC403345A5037008930580021375F50FE6
:10807000EFF06F8AEFC00FA5084101478D46054616
:108080008145EF70302A3D220841EF60B058EFA0E3
:108090007F940841EF6010588504C2048567C18051
:1080A000938787BBE396F4EA8D4411BD854401BDF7
:1080B0002145EFB07FC58547AA846319F500EF908D
:1080C000AFD40841EF601055238A91ACEFC06FCF59
:1080D00003A501AD8944EF60F053D5B305041374D3
:1080E000F40FEF50902DEFF0EF8563F08402EFC0B6
:1080F000CF9D2A8419C9EFC0EF9C084101478D46E6
:1081000005468145EF701022014413054006EF70CB
:10811000C01D75B3EF822FC0238A01ACEF80F31A24
:1081200003A5C1AC0147894601468145EF70901F08
:10813000138441AD1C2081EBEF302010EF90C0750F
:1081400019C1EF90DF810545EF70201AE5B7B7A799
:1081500000209387C7301CC1B7A700209387C7B002
:108160009CC1930700101CC28280B7A70020938790
:1081700047431CC1B7A700209387C7F09CC1930752
:1081800000101CC2828003A581AD8280EF82AFB84F
:108190001305600BEFB05FB7138441B119E587A7F2
:1081A000C1AE1CE008406F804FB90145EFA07FCB06
:1081B00008C0CDBF1385C1B082800547238CE1B0D4
:1081C000828003C561B08280EF82EFB4AA85130577
:1081D000500D23A401B0EFB03FAB6F800FB687A75F
:1081E00001B1539517C042054181828003A5C1B1F9
:1081F000828083A7C1B1094709456388E70001452B
:1082000063E5E700ED1713B52700828003A7C1B12E
:1082100089476311F704EF820FB0854741111CA114
:108220000145EFA01FC4EF10C10DEF80C0292AC483
:10823000130570052EC6EFB05FB5EF10810C224616
:10824000B246EF00411DEF0031604205418141011E
:108250006F80AFAE2300050001458280EF82AFAB97
:1082600041111305B003EFB05FB22AC613057003C6
:10827000EFB0BFB1B2452A8637A5002093060000B3
:108280001305854DEFF0BF9113053003EFB0FFAF3D
:108290002AC61305F002EFB05FAFB2452A8637A5B4
:1082A00000209306000013058549EFF05F8F01451C
:1082B000EFA03FBB41016F804FA8EF822FA4411177
:1082C0002A841945EFB05FA4AA8909E90545EF3072
:1082D0005053AA851305600DEFB01F9B1305600D69
:1082E000EFB09FA2AA850545EF303041938481B05D
:1082F000638909029C403D4585079CC0EFB0DFA023
:10830000930740063305F5029C4063C7A7008145EB
:108310001305500DEFB05F971305500DEFB0DF9EC2
:1083200031A0014523A00400EF30B04D83A7C1B1B7
:108330001389C1B1630E053081E795472320F90009
:10834000639A09000945EF30D04BAA851305700DDB
:10835000EFB09F931305700DEFB01F9B182093870C
:1083600081B16314A700982331CB1305700D2380CE
:108370000700EFB07F9908A09307300619C1930753
:1083800050063E85EFB09F93D37715D01305700547
:1083900027A8F1B03EE6EFB05F9F530705F0B26744
:1083A000D3F7E718538507E0EF00B1752A86AE864C
:1083B000EF006106EF00B17F23A6A1AE83C761B0D5
:1083C000938461B0B18B81C791472320F900228546
:1083D000EF001046582C9307900563FEE7081C3009
:1083E000D9CB9C20858B85E31C4411671307F76468
:1083F00085071CC46379F7000545EFB05FC79C2073
:1084000093E717009CA0EFC02F9D19CD832709008B
:10841000ADCB91453715014023200900EF40206C7A
:1084200081450945EF30702D83270900ED9BB1CBC5
:108430000D45EF30103D31C59C20C18B85E35C4478
:1084400011671307F76485075CC46379F70041453A
:10845000EFB0FFC19C2093E707019CA08327090090
:1084600019476361F706370702008A071307876118
:10847000BA979C4382879C2023240400F99B9CA0EC
:1084800059B79C2023260400BD9B9CA0C1BF8145F9
:10849000A30004000145EF3050269305000001457C
:1084A00023AE01ACEF10000A930500000545EF1064
:1084B0006009930500000945EF10C008232A040055
:1084C0002380040041016F80AF864448A30004006C
:1084D0003945850444C8EFB03F8393074006330510
:1084E000F502E37195FE99472320F900EFA09FFB69
:1084F000D1BFEFA0FFFB79D51305B00223AE01ACCD
:10850000EFB0BF882AC613057002EFB01F88B245CE
:1085100037A400202A869306000013058449EFF053
:108520000FE813060000B28513058449EFF0CFCCA5
:1085300089472320F90079B71C48254785076368D8
:10854000F7001CC885450145EF30301BA5BF232827
:1085500004000145EFA0FF9023ACA1AEAA8537A58A
:10856000002013058549EFF02FCD87A7C1ADB7F7E0
:10857000010007A707950545D3F7E7189389C1AE12
:10858000138981AFD38507E03EE6EF00B07BB707E4
:10859000020007A7076BB267D307F7A0BDCF8727F5
:1085A000090007A70900D397E7A0A5CB9C20898BDA
:1085B00099EF5C401307707085075CC06379F70022
:1085C0000945EFB0DFAA9C2093E727009CA007A7EE
:1085D0000900872709003AE6D377F708D3A7F720E1
:1085E000538507E0EF00F15132672A89AE895305C0
:1085F00007E0EF001151B707020003A6876B83A6BF
:10860000C76BEFF050612A86AE864A85CE85EFF0C3
:1086100030551325150008B035B79C2023220400DF
:10862000F59B6DB79C20B18B99E32320090093053E
:108630000000054523AE01ACEF00D0708145014537
:10864000EF30B00B9C20A3000400F59B9CA09DBDC7
:10865000ED9BE38707CE23200900DDB1194723AE48
:10866000E1B08280094723AEE1B08280EF721FE95A
:1086700041112A8B1305B00DEFB00FE92A8A194575
:10868000EFB08FE89384C182631005109C2013849F
:1086900051B0138941B081CF81451305B00DEFB0C2
:1086A000AFDE238004002300040023000900EF3024
:1086B0009016834709009374F500638B97061C207E
:1086C00089E785471CA023200B0083250B00130599
:1086D000D006930940062EC6EFB00FE333063503EC
:1086E000B245370502001305456AEF10914E832A03
:1086F0000B001305D006850A23205B01EFB0CFE005
:108700003305350363E8AA02938661B09C222300F7
:1087100099008A0493F7F70E9CA2B706020093868D
:108720004663B694944023000400138761B08286A8
:108730001C20C1FF1305B00DEFB00FDD8547631896
:10874000AA001305B00DEFB02FDC933715003E855E
:10875000EF00D0293DA081451305B00DEFB0CFD279
:10876000D1BF8545D5BF8945C5BF8D45F5B7914575
:10877000E5B793E7070181451305B00D1CA3EFB0E2
:10878000AFD041016F70DFDA85479CA0938761B05D
:1087900098231305900D3D9B98A3EFB0EFD6AA85C3
:1087A00065BFEF725FD71305B00DEFB0EFD56F70F7
:1087B000DFD8EF725FD6EFF0DFFE6F701FD8EF7279
:1087C000FFD3AA891305B00DEFB00FD4AA84130507
:1087D0009006EFB06FD389472A896311F50C138493
:1087E00081AE89E8232004000C400545EF00905538
:1087F0006F701FD491476398F400B7F7010087A703
:1088000047941CE0D5B713058006EFB0EFCF9384F3
:1088100001AF6309250781454E85EFB04FF9EF00A1
:10882000512E2A891305800BAE89EFB00FD6EF00C9
:10883000512DB7F7010003A6879483A6C794EFF0E4
:10884000004C4A86CE86EFF0103D4A86CE86EFE099
:108850001058EF00D1358545EFB02FF388C005459E
:10886000EFA02FE0AA8537A500201305854DEFF076
:10887000AF9C87A701AEB7F7010007A70795D3F70D
:10888000E71841B71305C00BEFB02FD0D30705F0A1
:10889000538709F0D3F7E7009CE0D1B731D99305AE
:1088A0000000A1B7EF723FC71305A006EFB0CFC518
:1088B000060593874190AA978A23EFB00FCD6F707A
:1088C000DFC7EF725FC50111AA841305A006EFB0E0
:1088D000AFC3054785476388E40011C509478D4745
:1088E0006303E5008947139417009387C18FA2970C
:1088F0008A23EFB08FC99387418FA2972AC68A2314
:1089000037A40020EFB06FC8B245930600002A8656
:1089100013058451EFF0AFA81305E00AEFB0EFC6DE
:108920002AC61305A00AEFB04FC6B2452A86130522
:108930008451EFF00FA5A6851305F101A30F0100E7
:10894000EF00B0038347F101AA8489CB13057006B9
:10895000EFB08FBB854781456313F500854513054F
:108960008451EFF0CFA9EFF0FFF323AAA1AEA685C3
:1089700013058451EFF04F8C03A541AE05616F7074
:10898000DFBB03A501B2828003A5C1AE8280EF7276
:10899000FFB603A7C1B19947AA89AE841384C1B1B8
:1089A000630EF71613854501EFF05FCC138561B0B8
:1089B000EF00101E138561B0EF00500D1C402147E1
:1089C0006362F702370702008A0713074767BA97FF
:1089D0009C43828723AA0400238301B0EF00300068
:1089E00089471CC06F70DFB42380090083C761B062
:1089F00013F7070111E7139787016187635B07028C
:108A000091471CC0938441B203A904001305B0062A
:108A1000050923A02401EFB02FAFB7870500938786
:108A200007E43305F502E36FA9FA23A00400994790
:108A30004DBF93F7070699C3A147E1B79C48254767
:108A400085079CC8E370F7FC1305600BEFB0CFAB54
:108A50002A891305B00DEFB02FAB938901B223A083
:108A6000A900EFF0AFFF2A8A23A804001305A00D88
:108A7000EFB08FA90547631DE5028D4723A0F900DC
:108A80001305A00AEFB06FB023A6A1AE37A5002052
:108A9000D28513058549EFE03FFA07A7C1ADB7F7C7
:108AA000010087A70795D377F718D38507E00DA8AE
:108AB00083A709008946638DD70263E9F600130591
:108AC000E00AE381E7FC9305000019A80D47E3895C
:108AD000E7FA1147E399E7FEB7F7010083A547944A
:108AE0000145EF003026EFF06FEAEFF05FCD19BFE0
:108AF000630BE90013178901618719CB630DF90036
:108B00008D47E315F9F889454A85EFF09FDBADBF46
:108B10001305200B85BFEF001014BDB71305E00649
:108B200003A94401EFB08F99930740063305F5027E
:108B3000636AA90283C7090099E7EFA0BF9685473A
:108B40002380F90045B5EFA0BF96E30D05E823802B
:108B50000900894723AA04001CC081450545EF3060
:108B6000C03949B5DC4885458507DCC8C5BF83C722
:108B700061B093F7070981E723200400A5B59305A9
:108B800000000145EF00101C93050000054535A0CD
:108B9000370502001305C569EF10B11583C761B031
:108BA00013F7070211CF930500000545EF00901958
:108BB000B7F7010083A547940145EF00B0181DB534
:108BC00093F70704D5DB930500000145EF009017EC
:108BD000B7F7010083A5479455BFEF72DF935C217F
:108BE0002A8406216386070E2D45EFB0EF914205DA
:108BF000418163E6A40C138761B0142393F78600C8
:108C000085E33C2013064006850793F7F70F3CA049
:108C10006378F60093E68600214514A3EFB02FC5D4
:108C200025450620EFB04F8E42054181636C9508C3
:108C3000138761B0142393F7460085E33C30130695
:108C40004006850793F7F70F3CB06378F60093E68C
:108C50004600114514A3EFB08FC131450620EFB097
:108C6000AF8A42054181636F950029450620EFB028
:108C7000AF894205418163E7A400938761B09823DF
:108C80004D9B98A31A20CD4763E1E7047C20094758
:108C9000850793F7F70F7CA06371F7023715014042
:108CA0009305000413050540EF307064EFB0CFC6A4
:108CB000930700105EA023AE01B06F701F882301E0
:108CC0000400B9BFA301040049BF23030400F5B7A2
:108CD0002945EFB06F834205418163E4A4008547D5
:108CE0005CA01A2093078002E3F9E7FC5C30F1D71F
:108CF0002945EF60805FB707EFBE37E700E0938755
:108D000007083CC75DBFEF726FFF79711306000261
:108D100081450808EF703F83894705452308F10026
:108D2000EFA09FFEAA891305B00223AE01B02383F2
:108D300001B0EFB08F852AC613057002EFB0EF8443
:108D4000B246B7A400202A871386C1AE9385C1AD71
:108D500001489307000013858449EFE0BFEC370416
:108D60000200138961B003268469930500006396AD
:108D70000900B7F7010083A5079513858449EFE043
:108D80005FE01305B003EFB04F802AC613057003F0
:108D9000EFA0BFFFB246B7A400202A87014893077F
:108DA00000001385844D138601AF938501AEEFE07B
:108DB0007FE787278469930500001385844D5386D8
:108DC00007E037A400208944EFE0BFDB1305B002C1
:108DD000EFA0BFFB2AC613057002EFA01FFBB2462F
:108DE0002A8701481305845193070000138641AF79
:108DF000938541AEEFE01FE3B707020087A78769BD
:108E00001305845193050000538607E0EFE07FD7F8
:108E10002945EF60804DEFB02FFCE30B95FE29450F
:108E2000EFA02F84D30705F0539517C0239EA1AE62
:108E30001385C1AFEFF07FDA639209020808EFF003
:108E4000CFC78347090091453715014091CFEF30D7
:108E5000104A85450945EF30400A5DBF0C0813856F
:108E600071B0EFF0DFB2F1BFEF3070478145DDB791
:108E7000EF72CFE81314150093874191A297AA844B
:108E80008A234111EFA07FF09387C190A2972A8A8D
:108E90008A23EFA09FEFAA8A1385C1912695082106
:108EA000EF903FFC93878192A2972AC68A23EFA076
:108EB000BFE58547B2676302F5028947630AF50A91
:108EC000538507E0EF00E143B7E7010003A6074A37
:108ED00083A6474AEFE0B06225A8B7E7010007A7DD
:108EE0000748D307F7A0DDCF538507E0EF006141C6
:108EF000B707020003A6076C83A6476CEFF0301D8E
:108F0000B707020003A6876C83A6C76CEFF0A050DA
:108F100053070AF0D3870AF02A89AE89D3F7E70806
:108F2000538507E0EF00E13D2A86AE864A85CE856F
:108F3000EFF0604E2A895285AE89EF00813C2A8687
:108F4000AE864A85CE85EFE08068EF004146938784
:108F50000192A2972AC68A23EFA03FE3530705F0A8
:108F6000B267D3F7E700538507E041016F704FDC2C
:108F7000B7E7010007A74748D307F7A085C7538580
:108F800007E0EF000138B707020003A6076D83A6CC
:108F9000476DEFF0D013B707020003A6876D83A6D5
:108FA000C76D0DBFD30700F07DBFEF72CFD6094567
:108FB000EFF01FECB7F70100D30705F007A7C7953F
:108FC000D317F7A091E7530700F0D397E7A099C311
:108FD000D307E720539517C01375F50F6F70EFD5C2
:108FE000EF726FD30545EFF0BFE80545EFF05FE89E
:108FF0006F70AFD4EF722FD20145EFF07FE7B7F774
:109000000100D30705F007A70796D397E7A091EFD4
:10901000B7F7010007A7C795D317F7A099C3D307E0
:10902000E720538507E06F704FD1D30700F0D5BF1D
:10903000EF72CFCC1C31AA84B9CB184D85679387CA
:109040000777631EF7020545EF90BFE1D30705F0F0
:10905000539517C0131405011305800C4180EFA030
:10906000FFC5636A8502238E04001305700DEFA00F
:10907000BFC911E5CC2C13056002EFA0FFC09C4CCA
:1090800005671307077785079CCC6374F70023AC4B
:1090900004006F70EFC91305A00CEFA03FC2636618
:1090A000A40093074006DCACC9B71305800CEFA001
:1090B000FFC0AA891305A00CEFA05FC02A89330462
:1090C00034411305800CEFA07FBF4204418033057B
:1090D000A940D37714D0537705D0B7F70100D3F761
:1090E000E71807A7C795D3F7E710539417C0C0AC8C
:1090F000ADBFEF724FC285476388F5008947638033
:10910000F50201456F706FC3EF90BFD5B7E701005F
:1091100087A70748530705F05315F7A0E5B7EF9069
:109120005FD4B7E7010087A74748EDB7EF72AFBE3E
:109130001305600BEFA05FBD1375D50F7D151335BB
:1091400015006F708FBFEF720FBD1305600BEFA09E
:10915000BFBB85476315F50001456F700FBE130552
:10916000A006EFA07FBA6DD91305A006EFA0DFB966
:109170008947E304F5FE0545CDB7EF72CFB98544C5
:1091800041112A84639B95001D452EC6EF907FCD2B
:10919000B2450CA041016F704FBA8D47639DF50237
:1091A0001305A006EFA05FB6630995008947630B1E
:1091B000F50004A0EFF01FE4F1BF23000400EFF07E
:1091C0003FE2C9BF23000400EFF03FDED37715D0A4
:1091D000538507E0C1B70145EF90BFC865BF9387CE
:1091E00081B223A00700239207008280EF72AFB202
:1091F000AA8481451305A00DEFA01FA9138481B295
:1092000089C8EFF0DFFD81451305600DEFA0DFA7F2
:109210001DA01145EF20F05E5820B707000148B0AF
:10922000938707F009EF5840F98F130700106394F4
:10923000E70085475CA05C307CA06F700FB05840A1
:10924000F98F130700106394E70023200400044003
:109250001305C006850404C0EFA01FAB8567938784
:1092600007773305F50263E7A400230204002320F7
:10927000040051BF1305A00D8545EFA0FFA0130505
:10928000600DEFA07FA845F98545BDBFEF72AFA87F
:1092900041112A8413059006EFA01FA78947630791
:1092A000F5001C2093F7F7F91CA0ADA01C2013F7C4
:1092B00007062DEF0145EF90DFBAAA841305000CD5
:1092C000EFA0DF9F538704F0D37705D0938401B3D9
:1092D0005315F7A0814719C19C40850705459CC0DF
:1092E000EF903FB82AC61305400CEFA03F9D53777F
:1092F00005D0B267138741B35395E7A0814719C1E1
:109300001C43850794401CC3BDCA81CB23A0040025
:109310002320070041016F704FA2BD679387F7A517
:10932000E3FAD7FE1C2093E70702BDBF93F70702BD
:1093300085C70145EF90FFB2AA841305E00AEFA0AC
:10934000FF97D37705D0538704F05395E7A079D1E1
:109350001C2093F7F7FD89BF0545EF909FB0AA84C5
:109360001305E00AEFA09F95D37705D0538704F04B
:109370005395E7A045D11C2093F7F7FB35B73D6720
:109380001307F7A5E378F7F81C2093E7070429BF34
:10939000EF726F981C212A8493F7F7071CA113051D
:1093A000600BEFA07F9689476300F5068D47631831
:1093B000F5041305A006EFA03F959387C1913E9554
:1093C00004211305A006EFA03F9406059387819220
:1093D000AA978A23EFA05F93AA852685EFF07FD115
:1093E0000DC1938781B398439306C012050798C3B4
:1093F00063F7E600182094C3136707F818A06F708E
:10940000CF9323AC01B2E5BF1305700BEFA0DF8F44
:109410007D151375F50F9387C191AA9784239387C0
:10942000819206053E950A21EFA01F8EAA8526850A
:10943000EFF03FCC79D5938781B398439306C01260
:10944000050763E4E60098C35DBF94C31C2093E75F
:1094500007F81CA06DB7EF726F8A1305E00AEFA042
:10946000DF92AA841305A00AEFA03F92538704F06D
:10947000D30705F01305700BD3F7E708538A07E00D
:10948000EFA09F887D151374F50F9387C191A29764
:1094900088230604EF90FF9CEFF0B0662A891385BD
:1094A00081922A940A20AE89EFA01F860DC58547B8
:1094B000630EF502B707020003A6076D83A6476D8A
:1094C0004A85CE85EFF0A040B707020003A6876D5E
:1094D00083A6C76D09A8B7E7010003A6074A83A6BC
:1094E000474A4A85CE85EFE090011DA0B7070200EC
:1094F00003A6076C83A6476C4A85CE85EFF0203D16
:10950000B707020003A6876C83A6C76CEFE0B070B4
:109510002A895285AE89EFF0D05E2A86AE864A85CA
:10952000CE85EFE0506F2A892685AE89EFF0705D19
:109530002A86AE864A85CE85EFE06009EFF0306777
:109540006F601FFFEF623FFDB7A7002013172500D4
:1095500093878755BA978CC32A84EF201001D307CD
:1095600005F08547539617C042064182630DF4000B
:1095700011C48947630BF4006F603FFC85452145AA
:10958000EF404022D5BF8945DDBF9145CDBFB7A78C
:1095900000200A0593878755AA978843828001A0F7
:1095A00001A001A001A001A001A001A001A001A0B3
:1095B00001A001A001A001A001A001A001A001A0A3
:1095C00001A001A001A001A001A001A001A001A093
:1095D00001A001A001A001A001A001A001A001A083
:1095E00001A001A001A001A001A001A001A001A073
:1095F00001A001A001A001A001A001A001A001A063
:1096000001A001A001A001A001A001A001A001A052
:1096100001A001A001A001A001A001A001A001A042
:1096200001A001A001A001A001A001A001A001A032
:1096300001A001A001A001A001A001A001A001A022
:1096400001A001A001A001A001A001A001A001A012
:1096500001A001A001A001A001A001A09781FF1F0E
:109660009381C1BB17F100201301C1991775010047
:109670001305057B9775FF1F9385C5981386C19ABF
:1096800063FAC5008322050023A05500110591054A
:10969000E3EAC5FE1385019B9785002093858557D6
:1096A0006377B500232005001105E36DB5FEFD428B
:1096B000739002BCFD4273904280B7820000938297
:1096C000028073A002309772FFFF9382229793E289
:1096D000320073905230EFE0AFDF97B2FFFF93821A
:1096E000A2E973901234730020305C413707F1E037
:1096F0001307F7EF944D7D8F9C41D58FD44DD58FB7
:10970000D441A206D58FD98F5CC11C4537F7F1FF34
:109710001307D77FD4457D8F9C49D58F9445860606
:10972000D58FD98F1CC55C55370710FF7D177D8FEE
:10973000DC29FD1793F7F70FD207D98F5CD582800C
:109740005C4193F5F50F01C6DD8D4CC1828093C558
:10975000F5FFFD8DDDBF08450D8105898280084537
:109760000981058982801C4591C537075000D98F32
:109770001CC582803707B0FF7D17F98FD5BFA5477D
:1097800063F7B7048D47138765FF3307F702032894
:10979000C5009D47B397E70093C7F7FFB3F70701ED
:1097A000B396E600DD8E54C5994763E3C704954739
:1097B0007D163306F6025859FD47B397C70093C785
:1097C000F7FFF98F3396C5005D8E50D982800D4723
:1097D0003387E502032805019D47B397E70093C748
:1097E000F7FFB3F70701B396E600DD8E14C96DBF2E
:1097F000B14763E2C702954765163306F60218596A
:10980000FD47B397C70093C7F7FFF98F3396C5009D
:109810005D8E10D9828095474D163306F602585555
:10982000FD47B397C70093C7F7FFF98FB395C500FE
:10983000DD8D4CD58280B72701409387074098473C
:1098400011C5B7068000558F98C78280B70680FF84
:10985000FD16758FD5BF5841144193D78500F58FFC
:1098600099C713F5F50F798D3335A0008280014536
:109870008280EF625FCA01112A8423040100A5449B
:109880001C8463F9F40423040100A54621461C84CA
:1098900063FFF606231501002304010095461C848E
:1098A00063F1F60E38853C8599460D46B3F7D7022D
:1098B000056513050580B3D7C7023357D702BA979A
:1098C000C207C1837C853C8505611D8D42054185AC
:1098D0006F60BFC61C4493E787001CC42285EFF06D
:1098E0009FE76DFD1C4493E747001CC42285EFF001
:1098F0001FE76DFD78441C8414108607B6972396E5
:10990000E7FE1C84850793F7F70F5C8495BFA304DB
:1099100001009C846378F6001C84850793F7F70F99
:109920005C84B5B798849C840C100607850786076D
:109930002E97AE970357C7FE83D7C7FE63FDE70296
:109940009C848607AE9783D7C7FE7C859C849884C9
:1099500085078607AE9783D5C7FE931717001810A3
:10996000BA972396B7FE9C8438850C108507860726
:10997000AE972396E7FE9C84850793F7F70FDC8468
:1099800049BF1C841010388589078607B29783D792
:10999000C7FEBA97C207C1837C851C84850793F7ED
:1099A000F70F5C84EDBDB7370240054798C782804A
:1099B0008147B73602406396B700B7370240884305
:1099C0008280139727002A971843850798C2E5B726
:1099D000B73702408843828085473395A70089C9FD
:1099E00037770040832707405D8D2320A740828082
:1099F000B777004003A707401345F5FF798D23A0F3
:109A0000A74082804111B777004002C69387074084
:109A10003EC6B247A1073E952AC6B2478CC3410154
:109A20008280B7F7FF1F03A5477082809317350028
:109A300063DA0700B707024083A707407D8D3335FF
:109A4000A00082809317250063D70700B707024064
:109A500083A7074DE5B7B70702409C43C5B79317E7
:109A6000350063D70700B707024023A2A7408280D2
:109A70009317250063D70700B707024023AAA74C16
:109A80008280B7070240C8C38280EF62DFA8EFF090
:109A9000FFF96F609FAAEF621FA8EFF05FFC6F6095
:109AA000DFA9EF625FA785451165F925814511653D
:109AB000E1256F609FA8930700043CC19307000253
:109AC0007CC1930700087CD123200500B707000460
:109AD0002322050023240500232605002328050052
:109AE000232A0500232C0500232E05002320050230
:109AF000232205022324050223260502232805022A
:109B0000232A0502232C0502232E05022324050403
:109B10002326050423280504232A0504232C0504F1
:109B2000232E0504232005062324050623260506E7
:109B300023280506232A0506232C0506232E0506C1
:109B40002320F508B70700022322F5082322F50A8F
:109B5000B7070200370720002326F50A93070010F5
:109B6000232405082326E50823280508232A0508B9
:109B7000232C0508232E05082320050A2324050A83
:109B80002328F50A232A050A232C050A828041117D
:109B900002C6B78602409C4A41672E057D17F18BAD
:109BA000798D9A055D8D93F5057CC98D93E515003A
:109BB000B70750008CCAF917324705073AC6984ACA
:109BC000058B01C73247E3F9E7FE3247B70750007C
:109BD000FD1701456307F700B7870240C84B4205F0
:109BE0004181410182804111B787024002C6984BF2
:109BF000C166FD162E05758D718B9A05598D93F5ED
:109C0000057CC98DD0CB93E535008CCBB70705001B
:109C1000B7860240F917324705073AC6984A058BBE
:109C200001C73247E3F9E7FE3245B7070500FD17E4
:109C30003335F5004101828023A0A1B42A878147F2
:109C4000B708104013030060130EF6FF6396C700B9
:109C5000B797024088CB8280B38667022320170122
:109C60002A88AE9614C79306070163F3C7013688A6
:109C70002326070185073687D1BF916623AEA1B29F
:109C80000147AA873703008093860660130E0060A1
:109C9000930EF6FF6316C700B7970240C8C78280CD
:109CA0003308C70323A06700D4C3AA882E9823A42F
:109CB0000701138807016373D701C28823A6170120
:109CC0000507C287C1BF379702401C4393E71700BF
:109CD0001CC38280B7970240C8CB8280379702406E
:109CE0001C4FB7061000D58F1CCF8280EF62BF8259
:109CF000378402401C4093E787001CC0EFF01FFE32
:109D00001C40896693E747001CC0B7970240984FF4
:109D1000558F98CF984F1367270098CF6F60FF81BA
:109D200099C5379702405C4F5D8D48CF8280B797C9
:109D30000240D84F1345F5FF798DC8CF8280B70711
:109D4000014023AAA74082809C4513F7070113F81E
:109D5000F70001C7D8413368E8008E2113F7F50FEB
:109D600039C318418146854E3D4F930F80029302BF
:109D70008004214E3396DE00B3F8C500631116034C
:109D80009398260033131F011343F3FF3377E30047
:109D9000B318180133E7E800639FF70550C985063B
:109DA000E39AC6FD18C11307F00F6375B704544159
:109DB0002146854E3D4F930F800293028004414E11
:109DC000B398CE0033F715016392E802131726000B
:109DD00001173313EF001343F3FFB376D3003317A8
:109DE000E800D98E639DF701232A15010506E319C2
:109DF000C6FD54C18280E39457FA10C94DB7E3976A
:109E000057FE23281501DDB7B7070140635A050443
:109E1000DC4F93560501131805013707300013F680
:109E2000F60013580801B376E50063500506639BFE
:109E3000E602930606010D46B316D60093C6F6FF5A
:109E4000F58F99C9135755011377F73F1207331749
:109E5000E800D98F63570504370701405CCF828043
:109E6000DC4345BF1317B500635607008D46B39614
:109E7000C600E9B7135755011377F73F1207331799
:109E8000E8001347F7FFF98F6DBF6390E6023706CE
:109E900001405442370700F17D17F98F758F58C282
:109EA000D5F1370701405CC382801317B500635CAE
:109EB00007008D46B396C60093C6F6FFFD8EB70722
:109EC000000FD58FF1BF1357550112073317E80064
:109ED0001347F7FF7D8FB707000FD98FD1B723A2A4
:109EE000A1B48280377700401C4309C593E707106F
:109EF0001CC3828093F7F7EFE5BFB7160240DC4240
:109F000051777D17F98F5D8DC8C28280B7170240E7
:109F1000238007022380070205476306E5001147F7
:109F20006306E50082802380A70282801547238094
:109F3000E7028280371702405C439146B18B63850C
:109F4000D700A1466382D706B7177A009387072008
:109F50001CC1371602405C42370700201307877E7A
:109F60009183BD8BBA9794231C41B3D7D7005CC1B2
:109F70005442A1829D8ABA969422B3D6D70014C5C2
:109F80005442AD829D8A36971823B3D7E7005CC54B
:109F90005842398393763700138701833697182305
:109FA000B3D7E7021CC982805C435843C166C983AA
:109FB000758FB7F6FF1F83A6C670BD8B89071396F2
:109FC000160163480600C54601466392D702C94799
:109FD00039A88946638FD702BD46638ED702C14632
:109FE000638ED702C54601466393D700C1471DEF74
:109FF0003747024003270780418B05C737177A0090
:10A0000013070720B307F7021CC121D61C41858323
:10A0100081B701466DBF0546B547D1BF0146BD4773
:10A02000F9B737173D0013070790E9BFB71502408E
:10A03000D8559316F700D85563DF060411833D8B7E
:10A040009306170037177A00130707203357D702F4
:10A0500018C1D455A182BD8A8DE295463307D70237
:10A06000058318C137170240585714413D8B050727
:10A0700033D7E60218C1184171B785456394B6001D
:10A08000E546E9BFBD456396B600D1463387E60293
:10A09000C9BF8906E5BF3D8B9306170037177A00C5
:10A0A000130707203357D702F1B799C53717024076
:10A0B0005C4B5D8D48CB8280B7170240D84B13456F
:10A0C000F5FF798DC8CB828099C5371702401C4FA8
:10A0D0005D8D08CF8280B7170240984F1345F5FF7A
:10A0E000798D88CF828099C5371702405C4F5D8D8E
:10A0F00048CF8280B7170240D84F1345F5FF798DBE
:10A10000C8CF82809357550005476399E700B7177A
:10A1100002409C4333D5A700058982800947639696
:10A12000E700B71702409C53F5B7B7170240DC535E
:10A13000D5B7371702405C5793F7F7F05D8D48D7D6
:10A140008280B7160240DC5645777D17F98F5D8D0A
:10A15000C8D6828009C9371702401C43B7060010D1
:10A16000D58F1CC38280B71602409C42370700F08F
:10A170007D17F98F9CC2828099C5371702401C5702
:10A180005D8D08D78280B717024098571345F5FFB9
:10A19000798D88D78280B737004003D7478013670F
:10A1A00007012392E780828037370040835747803A
:10A1B000C207C183BD9BC207C1832312F78082807F
:10A1C000B736004083D7868103D5C68103D7868101
:10A1D000C207131605014207C1834183418293865A
:10A1E00006806386E700CA2E4207598D8280139548
:10A1F0000701518D8280EF620FB241112AC6EFF044
:10A200009FF93245B7370040135705014205239C9B
:10A21000E7804181239EA780EFF01FF941016F6025
:10A22000CFB1EF624FAF41112AC6EFF0DFF63245F2
:10A23000B7370040135705013D8B42052394E78053
:10A2400041812396A780EFF03FF641016F60EFAEAA
:10A25000373700408357478093F70702E5DF828056
:10A260003737004083574780C207C183DD9BC20751
:10A27000C1832312F7803737004083574780A18B73
:10A28000EDDF82801E2189C593E707041EA182802D
:10A29000C207C18393F7F7FBC207C183C5BF8547D8
:10A2A0009181B395B7005E21C205C18101C6DD8DE4
:10A2B0004EA1828093C5F5FFFD8DDDBF4EA5828046
:10A2C0004A2582800A256D8D3335A00082805E216B
:10A2D000162513F7F50005453317E500C207758FFE
:10A2E000C18301CB91813315B5007D8D3335A0003D
:10A2F0008280014582801E2137370140930607C0C6
:10A30000C207C1836300D504B7060040630CD502C1
:10A31000938606406308D502B71600401386068070
:10A320006302C502938606C0630ED500130707407B
:10A33000630AE50037570140930607C06304D50060
:10A340006316E500BA2193F7F7F8D98F3717004065
:10A35000630CE500130707406308E50093F7F7CFA8
:10A36000FA21C207C183D98F1EA1DE215EB59E21CD
:10A370001EB5B7370140138707C0630EE50093870A
:10A380000740630AF500B7570140138707C063040D
:10A39000E5006314F5009C251EB985475EA98280FF
:10A3A0001E31922103D82500C207C183F99BC20741
:10A3B000C1831EB11E3156211A2DC207C183420727
:10A3C00041831377C7F8518F9225F59BC2063366F8
:10A3D0000601D18F37360140130806C0C182630ED3
:10A3E000050113060640630AC500375601401308ED
:10A3F00006C0630405016310C502B225DD9B03D8C6
:10A40000E500D18FD221ED9B93F6F6CFD18FD225E7
:10A4100033660601D18E56A11AADFA215AB91EB182
:10A4200082801E3165771307F7CFC207C183BD9BBA
:10A43000C207C1831EB11E31562103D88500C20751
:10A4400013960601162DC18393F7F7FD758F96219C
:10A450004182A206558FB62142074183B3E6060129
:10A460009206D58FB7360140C207138806C0C18354
:10A47000630E050193860640630AD500B756014076
:10A48000138806C063040501631ED502B62593F741
:10A49000F7F703D8C5009206D58FD621C207C1832E
:10A4A000920693F7F7FBD58FFD769386F63FF18EF4
:10A4B000F225C207C183336606010A06D18E1396C0
:10A4C0000601418252A11AADFA211ABD1EB1828045
:10A4D0001E3103D88500C207C18393F7F7EFC20787
:10A4E000C1831EB11E3156215A2DC2071396060193
:10A4F0004207962141831377C7F8558FB621C18350
:10A5000093F7F7DFB3E60601A206D58FB736014011
:10A51000C207138806C04182C183630E050193867A
:10A520000640630AD500B7560140138806C063048D
:10A530000501631FD502FD769386F67FF58FB6255C
:10A5400003D8C500A206D58FD621C207C183A206B3
:10A5500093F7F7BFD58FF576FD16F18EF225C2077A
:10A56000C183336606011206D18E1396060141821D
:10A5700052A15AADFA215ABD1EB182801A31FD771F
:10A58000FD17F98F1EB10358050256215E2D657720
:10A590001396060196211307F7CF7D8FF977A20650
:10A5A000FD17558FB3F70701B62103D88500420781
:10A5B0004182B3E60601B206D58FB7360140C20725
:10A5C000138806C04183C183630E0501938606404C
:10A5D000630AD500B7560140138806C0630405011D
:10A5E000631BD500F176FD16F18ED2251A06D18EA9
:10A5F00013960601418252A15AADFA212310E504B7
:10A600001EB182801E2189C593E717001EA182809A
:10A61000C207C183F99BC207C183CDBF5E2501C6B6
:10A62000DD8D4EA5828093C5F5FFFD8DDDBF1E2D0E
:10A63000C207C183DD9BDD8D0EAD82801A2DFD77B3
:10A640009387F77FF98FA205CD8FC207C1831EAD17
:10A6500082805E2DC207C183DD9BDD8D4EAD828081
:10A660005A2DFD779387F77FF98FA205CD8FC2070B
:10A67000C1835EAD82805E21C207C18393F7F7F884
:10A68000C207C1835EA15E21DD8D4EA182801E299D
:10A690004A25ED8F4205418189C76D8D3335A00074
:10A6A00082800145828093C5F5FFC205C1810EA954
:10A6B0008280EF525FE61629F577FD17F58FF621B8
:10A6C000DA257971D58F1EA95625FD779387379F97
:10A6D000F58FD6212A842EC6D58F9625D58FB625FF
:10A6E000D58F5EA55E29C207C18393F7F7CFD98FB7
:10A6F0005EA96808EFF01F84B74701409387078081
:10A70000B245631AF404A25756246547B387E7029B
:10A71000C206C186984163D2060406075224420647
:10A72000B3D7E702130740064186B3D6E702B3F773
:10A73000E7029206635506028E0793872703B3D775
:10A74000E70213F77700B367D700C207C1831EA4DF
:10A7500045616F509FDE925745BF0A07C1B7920708
:10A7600093872703B3D7E702BD8BD58FF9BF91C578
:10A770005E250967D98F5EA582805A25F977FD1776
:10A78000F98FD5BF93F5F51F4EA182800A216D8DFB
:10A790003335A000828013F7F50F85461583B397F4
:10A7A000B6006311D7025A25F98F1A2101454207D5
:10A7B000418381CB0545A181B315B5006D8F33353C
:10A7C000E000828089466314D7001A29F1BF5A2914
:10A7D000E1BF83A701B49843634B07029843370650
:10A7E00000304E05518F98C39843370600804D8145
:10A7F000518F98C3C8C38CC737970240114650CBBE
:10A8000023220700DC47054523A0F1B482800145DF
:10A810008280EF525FD085658547938505806318F8
:10A82000F50037150140EF20802B6F501FD13715F1
:10A830000140EF20C02BD5BFEF52FFCD85479305D8
:10A8400000406318F50037150140EF2040296F5094
:10A85000DFCE37150140EF208029D5BF37F7FF1F26
:10A8600081471307D77E99463306F7400C223306FB
:10A87000F50085070CA2E399D7FE8280938741B546
:10A8800098433A9588C3828003A741B523A8E1B4D1
:10A89000B787024003A7471C25EF03A7471989473D
:10A8A00063F8E706EF523FC703D541B6F945138475
:10A8B00041B6EFF0CFAD93572500858BA9C74D99D1
:10A8C000131605010A204182F945EFF0CFB1378711
:10A8D00002408327071093E717002320F7108327F0
:10A8E0000710858BEDFFB787024003A7471C11CBEC
:10A8F000238C01B4D843B706008093C6E6FF758F5A
:10A90000D8C36F509FC313654500420541814DBFB9
:10A91000B787024003A7471C19CB238C01B4D84347
:10A92000B706008093C6E6FF758FD8C38280828009
:10A93000EF52DFBC938441B68A209545138441B61B
:10A94000EFF0EFA42A898A208545EFF04FA4937792
:10A95000F901138921B6638A071483470900C1E30B
:10A960000A208547F9452300F900A380F1B6EFF0EE
:10A970000FA21376C5FF4206937715004182A9CF37
:10A98000136626000A20F945EFF0EFA50A2081455D
:10A99000EFF0EF9F1376E5FF42060A20418213662F
:10A9A00006208145EFF02FA40A208145EFF02F9E6D
:10A9B000136635200A20420641828145EFF0AFA29E
:10A9C00083A7C1B513074006B3F7E70293872703B0
:10A9D000238AF1826F50DFB51366160065B705470D
:10A9E0006397E70089472300F900A38001B69387A6
:10A9F00021B7038707006346070693845183942099
:10AA00002147639AE6040A20F945EFF04F98137640
:10AA1000350F0A20F94590A0EFF0EF9C2380040049
:10AA20000A208145EFF0AF961376E5FF42060A2033
:10AA30004182136606208145EFF0EF9A0A20814596
:10AA4000EFF0EF94136635200A20420641828145DB
:10AA5000EFF06F9921A0130700F898A3238801B69F
:10AA600095BF938791B798239306170094A39546B3
:10AA7000E316D7FE1375050275F193845183238085
:10AA800007009C2011490A20F945E38027F9EFF0DF
:10AA90000F901376350F0A2013664600F94590A0F3
:10AAA000EFF06F9423802401A5BF03470900854779
:10AAB0006312F708138711B61C23A1468A20850765
:10AAC00093F7F70F1CA3639BD70023000700230015
:10AAD00009002146F945EFF00F91EDBDF945EFF082
:10AAE0000F8B1376C5FF4206937715004182A1C3F1
:10AAF000136626000A20F945EFF0EF8E0A20814503
:10AB0000EFF0EF881376E5FF42060A2041821366D4
:10AB100006208145EFF02F8D0A208145EFF02F8729
:10AB2000136635204206418281450A206DB71366BF
:10AB30001600C9B7138401B7834A0400138A21B7EA
:10AB400083460A0093871A001307000893F7F70F4C
:10AB50006394E6063D476384EA001CA0A5BD8A20F5
:10AB60002300040023000900138451832149214656
:10AB7000F945A38C01B623000A0023002401EFF05D
:10AB80008F86230024018A208145EFF04F801376C1
:10AB9000E5FF42068A204182136606208145EFF0D8
:10ABA0008F848A208145EFE09FFE136635204206A0
:10ABB000418281458A2005B79389518303C70900E3
:10ABC0001DE71147E39BEAF88A20F94523000400BA
:10ABD000EFE0FFFB1376350F8A2013664600F94538
:10ABE0002380C900EFF02F802380590169BF91466F
:10ABF0006318D7023D47E392EAF68A202300040057
:10AC000021442146F945A38C01B623000900230005
:10AC10000A0023808900EFE01FFD23808900A5B78B
:10AC20001CA093074006E397FADA8A202166814543
:10AC3000EFE07FFB238C01B6A38C01B6238C01B41B
:10AC4000A147230004002300090023000A002380F9
:10AC5000F9002146F945B9BFEF52FF8B938711B731
:10AC600098231377F70F2DC303A741B583A641B7E8
:10AC7000158F9306301F63F7E604374702402380A1
:10AC8000070083270780138441B60A2093E7470013
:10AC90002320F78021668145EFE0FFF4238C01B685
:10ACA000A38C01B6238801B6238101B60A20238C28
:10ACB00001B4238901B621472146F945A38AE182DF
:10ACC000EFE07FF26F507F87138981B783470900D8
:10ACD000138401B6C1EB83C621B60547138921B69B
:10ACE00093844183636BD70003D541B69545EFE06C
:10ACF0001FEA7D8919C123800400938741B59043E1
:10AD0000938641B794428C20158E938641B5138764
:10AD100041B76361B6040346090085476311F60431
:10AD20001386C1B51C42B745030093851540B38710
:10AD3000B702B7A52600938595ECAE971CC2130603
:10AD40004006B3F7C702938727039CA09C421CC30D
:10AD5000EFF01FBE1C20BDD723000400A5B793074A
:10AD60002003E5B71C20938481B5A5C383A741B513
:10AD700003A741B7998F1307900F6378F704230057
:10AD80000400138441B60A208545EFE05FE0937725
:10AD9000450085EFEF50F0380A2021668145EFE04D
:10ADA0009FE4A38C01B6238801B60A20238101B653
:10ADB000238901B621472146F94523000900238054
:10ADC0000400A38AE182EFE01FE29C20E38C07EEFF
:10ADD00003A701B583A741B5998F13073006E37325
:10ADE000F7EEEFF07FAAF9BDEF52EFF24111854582
:10ADF000414502C202C402C6EFF00FAD8D477C820E
:10AE0000C1473EC64C008D47371501403EC4EFE0B8
:10AE1000BFF385659385058037150140EF10304CF1
:10AE20009305004037150140EF10704B41016F5002
:10AE3000CFF0EF524FEE0145EFF0CFB14145EFF0CB
:10AE40004FAF3565EFF0EFAF0545EFF0AFB013054D
:10AE5000D003EFF02FAB65DD6F502FEEEF52AFEB6D
:10AE6000138441B60A209545138941B6EFE03FD2DD
:10AE7000AA840A208545EFE09FD1937745002A8474
:10AE800095C38DE03747024083270780ED9B232041
:10AE9000F7800547A388E1B603A741B523AAE1B629
:10AEA0006F50AFE92285EF50D02713744402930707
:10AEB0004002631AF40803550900C145EFE03FCD95
:10AEC0001189B786024019E5FD888547B78602409B
:10AED0006385F4069C42056713070780D98F9CC2DF
:10AEE000B78702409843D176FD16758F98C3914677
:10AEF000238CD1B6D843B70600808506558FD8C3BA
:10AF000003A707101367170023A0E7103787024035
:10AF100083270710858BEDFF0547238CE1B403A73A
:10AF200041B523A8E1B4EFE07FDCB78702409C4342
:10AF3000AD83858B2386F1B4A5B79C427D7713073B
:10AF4000F77FF98F69BF3747024083270780ED9B62
:10AF50002320F7800547A388E1B603A741B523AABC
:10AF6000E1B6E1B7EF528FD9317137960240B7069B
:10AF70007000370760005C4AF58FE39EE7FE83C7E9
:10AF800081B7938481B795C703D541B6F94513843A
:10AF900041B6EFE0DFBF1376C5FF42069377150099
:10AFA0004182638C0722136626000A20F945EFE0F0
:10AFB0009FC30964EFE03FD1130404713799024045
:10AFC0007D14420429454180EF50E03B09C48327AA
:10AFD0000900858BF5F73705020013050570EFF0C2
:10AFE00040514800EFE03FAD85473EC29307002047
:10AFF0003ED6B70700023EC58566930700083ECDE2
:10B000003707200013890680930700043784024025
:10B010003AC94AD202CC02D002D802DE82C482C827
:10B0200082CA82CC02C33ECF02D31C48938616A0AC
:10B03000378501808D9B1CC8B245A247104013057F
:10B04000150CCD8FB78520FF9385F5106D8ED18FB0
:10B050004246B7950240D18F5246D18F7246D18F6A
:10B060002256D18F5256D18F6256D18FD58F1CC0A8
:10B070001C40B7061000D58F1CC086479646D58F5A
:10B08000B646D58F5CC0F6471CC486575CC436569E
:10B09000A657144CD18F4656D18F5656D18F66562F
:10B0A000D18F4166130616F4F18ED58F9656C206DF
:10B0B000D58F1CCC8A46F657D58F5CCC5A46BA47FA
:10B0C000944DD18F3746DEF8130636F2F18ED58FC8
:10B0D0008A56D58FB70620029386060CD58F9CCD55
:10B0E0009386819CDC32CC22A207CD8F3CC083C6E4
:10B0F000919C83C7819C8545A206DD8E83C7A19C58
:10B10000C207DD8E83C7B19CE207D58F7CC0B7072D
:10B1100002002328E410938707022326F410EFE0AF
:10B120003FC037A50020B7D500209309455D0946EB
:10B13000938545FF1305455DEFE01FB037A500205F
:10B14000B7A50020130A45561D469385455F130594
:10B150004556EFE09FB223A441B723A631B71C4068
:10B160007D771307F77FF98F1CC083C7C1B491C7E0
:10B170001C4033E9270123202401B78602409C426A
:10B1800051777D17F98F9CC2EFE05FB69C20138446
:10B1900041B6B9E70A2021668145EFE0DFA4A38C20
:10B1A00001B6238801B6238101B60A20238C01B49D
:10B1B000238901B621472146F94523800400A38A4B
:10B1C000E182EFE05FA205472380E1B603A741B526
:10B1D00023AAE1B629616F50AFB513661600F1B32B
:10B1E0000A20F945EFE0BF9A1376C5FF4206937730
:10B1F0001500418291CB136626000A20F945EFE045
:10B200009F9E9C20E9F379B713661600FDB783A7CC
:10B2100081B41307000293F7070F639FE700B79706
:10B2200002409C533707FE1FF98F99C7EF52AFAE0C
:10B23000EFF05FD36F506FB08280EF52CFADEF5021
:10B24000006DEF504051EFF03FA1EFF05FFC6F5009
:10B25000CFAEEF524FAC378702401C4B2E84814556
:10B260008D9B1CCB50411C411443D18F378620FF4E
:10B270001306F610F18ED58F1445D58F5445D58F12
:10B280001449D58F5449D58F144DD58F544DD58F32
:10B290001451D58F5451D58F1455D58F5455D58F02
:10B2A0001459D58F5459D58F1CC31C43B7061000B1
:10B2B000D58F1CC3545D1C5DD58F3441D58F74412F
:10B2C000D58F3445D58F7445D58F3449D58F744982
:10B2D000D58F5CC33C4D1CC77C4D5CC730557C5141
:10B2E000144FD18F4166130616F4F18ED58F745525
:10B2F00037960240D58F3459D58F7459D58F345134
:10B30000C206D58F1CCF745D3C5DD58F5CCF832684
:10B31000450883270508184ED58FB746DEF8938673
:10B3200036F2758FD98F03278508D98F0327C50873
:10B33000D98F03270509D98F03274509D98F0327FB
:10B340008509D98F0327C509D98F0327050A2285C7
:10B35000D98F1CCE2166EFE01F892146F945228551
:10B36000EFE07F8805456F504F9DEF522F99317167
:10B370008545AA847165EFE05FD385472392F1B6D6
:10B38000EFF03FAB3747024083270780096413047F
:10B39000047193E747002320F780EFE08FF01389D3
:10B3A00041B6EFE05F92B79902407D14420429450F
:10B3B0004180EF40507D09C483A70900858BF5F7D4
:10B3C0004800EFE04FEF8567938707803ED28547BF
:10B3D0003EC2930700203ED683550900B7070002FE
:10B3E0003EC593070008370420003ECD4800930770
:10B3F000000422C93ECF02CC02D002D802DE82C8AD
:10B4000082C482CA82CC02C302D3EFF09FE4DC3054
:10B41000D820B7860240A207D98FBCC298309C20A2
:10B420003785018022075D8FBC2085451305150CEB
:10B43000C2075D8FBC30E207D98FFCC2B70702009C
:10B4400023A886109387070223A6F610EFE05F8DEE
:10B4500029616F50EF8DEF520F8CB7970240C04BB0
:10B4600013170401635A0702137704081DC303A7C7
:10B4700081B4C1461377070F6319D700F847B706A1
:10B480000080584714C323A4070013050008EFE009
:10B490007F842165EFE01F849317F40063DA0702CD
:10B4A0009377040489C713050004EFE0BF82937704
:10B4B000140081C70545EFE0FF8163580400EFF0F9
:10B4C000FF9937050080EFE0FF804165EFE09F8046
:10B4D0006F50AF86EF522F842A8413054006EF4049
:10B4E000F06DEFE00FD423A4A1B4EFF0FF8F3C3058
:10B4F00058202285B98F5830B98F3747030013077A
:10B500001740B387E70237A72600130797ECBA97CF
:10B5100023AEF1B4EFF07FE537A50020B7D50020CA
:10B520001304455D0946938545FF1305455DEFE02E
:10B53000AFF037A50020B7A50020930445561D465F
:10B540009385455F13054556EFE02FF323A491B68D
:10B5500023A681B60967B7E700E023A4E710A38616
:10B5600007446F409FFDEF421FFB39719307006056
:10B570003ECA9307405B3ECC8567938747273ECE04
:10B58000930720033ED0930730103ED2B727554093
:10B5900089073ED4B7B70000938787833ED6B7B7F5
:10B5A0000000938727813ED8B7A700009387277DA7
:10B5B0003EDAB7573412938787672A8948082EC620
:10B5C00032C4B68402DC3EDEEF50B0232A8419E98F
:10B5D0002246B245A6864A85EF5090162A842685D3
:10B5E000EFF05FEF228521616F403FF58280EF42EF
:10B5F0009FF2371401209304C4CD88444111EF1009
:10B60000102FDC442547FD176366F7043707020057
:10B610008A0713070771BA979C431375F50F130434
:10B62000C4CD828789470E285CC4A1810DA00C2857
:10B630000844EF10F02CA9475CC429A808448145B0
:10B64000EF10102C8D47CDBF058905C595450844E1
:10B65000EF10102B41016F405FEE1E2C58488145C2
:10B660003E97850708A3C2073A2CC1831EACE3E0CE
:10B67000E7FE0C2048407C0001478D46054602C687
:10B68000EF40E064B247F9D7B7E700E0116723A0C5
:10B69000E720C9B7954741BF0C280844EF10502652
:10B6A000994759BF1A2C3E2CE375F7FC5C4893066A
:10B6B000170016ACBA978C2359BFEF42DFE5371459
:10B6C00001204111A5471304C4CD5CC40CA0B714DC
:10B6D00001402AC6EF40801C48C08565138504C020
:10B6E000EF10E04008449945EF10902132460820C1
:10B6F000FD55EF40C0292A840545EF30103F1385E2
:10B7000004C08565EF10A03D854711456313F40023
:10B71000014541016F407FE2EF42FFDF3714012016
:10B720004111A1471304C4CD5CC40CA0B71401405F
:10B730002AC6EF40A01648C08565138504C0EF10E7
:10B74000003B08449545EF10B01B32460820FD55DC
:10B75000EF40E0232A848565138504C0EF1020386C
:10B76000854711456313F400014541016F40FFDC3B
:10B77000EF42DFD8371401201304C4CD4111B6893C
:10B780004CC832AC18A03AC60AA8231C0400EF40EB
:10B79000E010324748C04E85BA85EFF0FFF7AA8423
:10B7A0000DE9371901408565130509C0EF102034F4
:10B7B000084485478D455CC4EF1090140820FD5562
:10B7C0004E86EF40C01CAA848565130509C0EF10A2
:10B7D0000031854701456383F400114541016F4005
:10B7E0003FD5EF42BFD1371401209307C4CD2A8A39
:10B7F0008853B7440040AE8932891304C4CDEF109A
:10B800005056938A048089455685EFE0BFAB15C931
:10B81000D28513850480EFE07FAA0850B74400402A
:10B82000138A0480EF10F05385455285EFE09FA9FD
:10B830000DC113850480EFE0BFA82380A900014556
:10B8400039A00850EF103053E37FA9FA19456F4033
:10B850003FCE0850EF103052E378A9FCC5BFEF424D
:10B860009FCBAA843715014041118565130505C09A
:10B87000EF10E02726869305F1001545EFF07FF6DF
:10B880009C872A84858B91C375D5371501408565C2
:10B89000130505C0EF10A024228541016F40FFC9A8
:10B8A000EF42DFC5B71401209387C4CD2A8988539E
:10B8B00041113684AE8A328AEF107020374500403D
:10B8C00001469305000613050580EFE05F9D228584
:10B8D000EFF0FFF8371501408565130505C0EF103F
:10B8E000002122869305F1000D45EFF09FEF22869F
:10B8F0009305F10013558900EFF0BFEE1375F90FB2
:10B9000022869305F100EFF0DFEDAA8901499384C7
:10B91000C4CD93170901C18363FB4701B3852A0195
:10B9200022860145EFF0FFEBAA8905097DD1371585
:10B9300001408565130505C0EF10601A37450040CA
:10B9400005469305000613050580EFE05F958850D6
:10B95000EF1090434E8541016F409FBDEF42BFBB4A
:10B96000371401404111130504C08565EF102018FC
:10B9700005469305F1001945EFF0BFE6AA84054599
:10B98000EF40D023130504C08565EF1040152685D0
:10B9900041016F409FBAEF427FB62A8437150140BC
:10B9A0004111130505C02E8A8565B684B289EF1052
:10B9B000001426869305F1000945EFF09FE22686E4
:10B9C0009305F10013558400EFF0BFE11375F40FF8
:10B9D00026869305F100EFF0DFE02A8901449317F2
:10B9E0000401C18363FD3701B3078A0088232686DB
:10B9F0009305F100EFF0FFDE2A8905046DD13715BC
:10BA000001408565130505C0EF10600D4A854101B1
:10BA10006F401FB2EF42BFAD2A8C37450040B28461
:10BA20002E8B01469305000613050580368AEFE04C
:10BA30001F8733079C00A167114963C9E706BDC48E
:10BA40008149930B0004B71A01205285EFF03FE1C2
:10BA50009377FC03B387FB40C207C1833E8463F343
:10BA6000F4002684420441802286B3053B011385FD
:10BA70000AD0EFD0B03A5285EFF05FEE2A891DE58B
:10BA8000D286228693850AD06285EFF0DFF02A897C
:10BA900011ED818CA299C2046294C209131C0401A5
:10BAA000C18093D90901135C0C01C5F037450040F2
:10BAB00005469305000613050580EFE04FFE4A8515
:10BAC0006F407FA6EF429FA3371401201304C4CD1B
:10BAD0004111B6894CC832AC18A03AC60AA8231C3A
:10BAE0000400EF30B05B324748C04E85BA85EFF0B6
:10BAF000BFC2AA840DE9371901408565130509C045
:10BB0000EF00F07E0844914789455CC4EF10405F28
:10BB10000820FD554E86EF309067AA848565130591
:10BB200009C0EF00D07B854701456383F4001145D0
:10BB300041016F40FF9FEF429F9BBA8BA167330784
:10BB4000C50063C1E7082A893284114535CA2E8BA6
:10BB5000368A8149130C0004B71A01209377F90340
:10BB6000B307FC40C207C183BE846373F400A284A0
:10BB7000C204C180B3053B01268613850AD0EFD0ED
:10BB8000F029DE855285EFF03FB91DE989455285E0
:10BB9000EFF0BFB215E50947D286268693850AD015
:10BBA0004A85EFF03FF209ED058CA69942042699EB
:10BBB000C2094209418093D909011359090159FC6D
:10BBC0006F407F961145EDBF9E2141112AC43EC6AC
:10BBD000B24722479306C00DB387D70293064002AF
:10BBE0003307D702BA97A183C207C1837C833C8302
:10BBF00028839EA1410182809E2141112AC43EC614
:10BC00003247A24693070010918FB387D7023306BD
:10BC1000E602B297A183C207C1837C833C83288359
:10BC20009EA141018280B7170120938707D523A0E9
:10BC3000070023A2070023940700B717012093876A
:10BC400007D423A0070023A2070023A407002396FC
:10BC50000700239D01B68280938701B823A00700C7
:10BC600023A20700239E01B682809147D38705F067
:10BC700063E7A7029317150037150120130505D5B3
:10BC80003E951C21A9C31431371701201307071D46
:10BC9000B697FD17C207C183B14563F5D700D30737
:10BCA00000F015A06389F6003386B7023A96186251
:10BCB0005306F7A001CEB146B387D702BA97D46333
:10BCC0009867C3F7D770538507E08280FD17C207D6
:10BCD000C183E1B785476383F50437170120060563
:10BCE000130707D52A971C2385E79386A1B79E22C1
:10BCF0001306400605453388B700634206031CB3AC
:10BD0000FD171386F5FFAE9710A39EA20145828012
:10BD1000FD1501456385B700094582800D45828088
:10BD200085476382F5040605938701B8AA9798238F
:10BD30000DE703D7C1B79306000505452E9763C5E8
:10BD4000E6021387F5FF9386A1B798A39A220145CF
:10BD500098B37D172E979AA28280FD150145630541
:10BD6000B700094582800D4582808D47D38705F055
:10BD700063E5A70293171500138501B83E951C21B2
:10BD8000A9C31431371701201307C7D5B697FD177C
:10BD9000C207C183B14563F5D700D30700F015A0F2
:10BDA0006389F6003386B7023A9618625306F7A005
:10BDB00001CEB146B387D702BA97D4639867C3F769
:10BDC000D770538507E08280FD17C207C183E1B7B2
:10BDD000530606F0D30707F0D38607F0538706F023
:10BDE000D3F5D708D3F6C6105375E608C7F7E7684A
:10BDF0005377C708D3F5A518D3F7E7180CE19CE1F2
:10BE000082809317150037150120130505D53E953F
:10BE10001C216378F604EF420FF00031B1472E8900
:10BE200022961314060141803304F402032709000B
:10BE3000832789008326C90003264900B7140120FF
:10BE40009384041D93058400130544002695A6954C
:10BE5000EFF01FF88727C900269401451CE06F40CA
:10BE6000CFED0945828093171500138501B83E95E3
:10BE70001C21850763C3C702EF426FE7371A012011
:10BE80000149AE8A9309F6FFAA84B14B130ACAD5B9
:10BE90006347390101456F400FE9094582808030D1
:10BEA00093163900338BDA004A9433047403A106E5
:10BEB000D6969C4203270B00D44203264B0005096B
:10BEC0001379F90F9305840013054400D295529518
:10BED000EFF01FF087274B0052941CE055BFB1478D
:10BEE0003305F502B71701209387076D3E959C45F2
:10BEF000230005001CC501458280B1473305F502CA
:10BF0000B71701209387076DAA978CA301458280FC
:10BF1000371701201307076D1306070385470C2306
:10BF2000142181CDDD8E860714A193F7F70F91E3DD
:10BF300085473107E315E6FE828093C5F7FFED8E56
:10BF4000DDB7B1473305F502B71701209387076DB9
:10BF5000AA9788238280EF426FDA371401201304F6
:10BF6000446481448949130A4006854A15495C4066
:10BF7000638537071C4C268582977828630CA704B5
:10BF80001C4485071CC429E718486379F7005C4006
:10BF900068A893C7F7FF858BA98F5CA8850493F4E5
:10BFA000F40F7104E39524FD371401201304046D8C
:10BFB0008144114958401C440C2019E393B51500E5
:10BFC0002685850482973104E39624FF6F404FD67F
:10BFD000584465BF23240400D1B75C28850793F734
:10BFE000F70F638447015CA855BF1C40230A040077
:10BFF000985B6315570123A807024DB723A60702D4
:10C0000071BFF1473305F502B717012093874764E5
:10C01000AA97C82B8280B71701209387476493861D
:10C0200047F7014503C7470806059117058B598D4A
:10C03000E39AF6FE82803717012013074764130640
:10C04000C70885474C2B142181CDDD8E860714A1AE
:10C0500093F7F70F91E385477107E315E6FE8280BA
:10C0600093C5F7FFB3E6B60293F6F60FC5B7EF42F6
:10C070008FCAB717012083A7877041114886CC86E5
:10C08000AA972380070003A5C1B82E8481467D5658
:10C090006C00EF20E043930700086314F40023A42E
:10C0A00001B841016F406FC91385C1B88280B717CD
:10C0B000012003D5C7708280EF42EFC53E293714B7
:10C0C0000120130404703EA85C490349050054454F
:10C0D0005CC81C451829AA844A863E8581451CC433
:10C0E00054C418A823002401EF40EFC5D8404A8665
:10C0F000814558C0EF402FC503A5C1B88145EF2049
:10C10000002601456F406FC3EF424FBFB7140120B7
:10C1100001449384047005498949094A9C20636D50
:10C12000F400B62881CA938781B89843050763E96C
:10C13000E60698C36F40CFBFDC4822858297631123
:10C140002503DC40A297982301CB238007009305A9
:10C1500000042285EFF0BFF105041374F40F7DBFD6
:10C16000984422971C23850793F7F70F1CA3D84008
:10C170002297142389EA9428E3E0D7FE23002701BD
:10C1800093050008F9B7F03463E4C700638726011C
:10C19000F024E3E3C7FCE39146FD23003701CDB76C
:10C1A00093050002014523A00700EFF05FEC59B7AB
:10C1B000EF426FB605E5B7170240984F13670720A7
:10C1C00098CFD84713670720D8C7D8471377F7DF2A
:10C1D000D8C73165EFD07FD26F402FB68547E31ABD
:10C1E000F5FEB7170240984F1367074098CFD8471E
:10C1F00013670740D8C7D8471377F7BFD1BFEF42BF
:10C200008FB11317250093870193BA97804337079F
:10C2100000FC7D171C44AA8493E717001CC45C40F3
:10C22000F98F5CC01C4493E787001CC42285EFD0C3
:10C230008FD26DFD1C4493E747001CC42285EFD0CC
:10C240000FD26DFD2285EFD0CFE28604938781B9AE
:10C25000A6978AA36F406FAE0A0593870193AA97AA
:10C260009C43E84742054181828031712AD73725B6
:10C2700001402ED506DF16DD1ADB1ED932D336D1AA
:10C280003ACF3ECD42CB46C972C776C57AC37EC18E
:10C2900082FE86FC8AFA8EF892F696F49AF29EF066
:10C2A000A2EEA6ECAAEAAEE8B2E6B6E4BAE2BEE0D6
:10C2B000930500221305054042FE46FC4AFA4EF85B
:10C2C00052F656F45AF25EF062EE66EC6AEA6EE8F6
:10C2D00072E676E47AE27EE0EFD0EFD701C583A77D
:10C2E00001B9829737350140930500221305058077
:10C2F000EFD06FD601C583A741B98297FA50EA52B1
:10C300005A53CA533A55AA551A568A567A47EA4793
:10C310005A48CA483A4EAA4E1A4F8A4F7670E6706B
:10C320005671C6713672A672167386737664E664A9
:10C330005665C6653666A666166786677278E278C1
:10C340005279C279327AA27A127B827B726CE26C69
:10C35000526DC26D326EA26E126F826F29617300D0
:10C3600020300605938781B9AA9783970700014576
:10C37000AE9763C0070291CD85661387F6FF3A85B5
:10C3800063D9D7002E856386E500139507014181A7
:10C3900082808280EF428F960111AA842E8AB28A0F
:10C3A0008145130600020A85B689EF40CF9926859C
:10C3B000EFF01FE085473EC2139724009387019357
:10C3C000BA9780438A8502C0228502C44EC602C83D
:10C3D000230A410102CC02CE37090200EFD0EFB0B0
:10C3E00081471309897363954703B7070E00638F6D
:10C3F000F9021C4437071000D98F1CC41C44268541
:10C4000093E707101CC4EFF09FDF05616F404F9268
:10C41000138B1700D6979C2389461376FB0FCA9778
:10C420008C232285EFD0AFB5DA8775BF1C44370760
:10C43000F0FF7D17F98FD1B7EF424F8C7971AA8445
:10C440002E8A3289B6893AC6EFF09FD632471394C6
:10C450002400138601B9229618C2814513060002F2
:10C460000808EF404F8E85472302F102938701931E
:10C47000A297804352CEB7070E00630DFA021C4408
:10C4800037071000D98F1CC40C082285EFD0EFA508
:10C490004E86CA8513052002EF00F0060546930577
:10C4A00000222285EFD0CFA92685EFF05FD5456128
:10C4B0006F400F881C443707F0FF7D17F98FE1B7F5
:10C4C000EF426F852A8437050020EF0050001C40A2
:10C4D000814501451397270093878183BA97944339
:10C4E00018445C40D98F5844D98F1848D98FB397D6
:10C4F000D700377700402320F740032607408547C1
:10C50000B397D700D18F2320F740EFD0AFCF6F4044
:10C51000CF82EF424F801314250009454111331596
:10C520008500EFD08FD68547631FF500B717012030
:10C5300093878771A2979C432AC682973245331509
:10C540008500EFD04FD541016F303FFFB707002086
:10C550000A059387877FAA979443416779179C427E
:10C56000F98F9CC28280EF327FF904413D4999479F
:10C5700041112A84AE893319990063E4970A371769
:10C5800002405C4B93E717005CCB370702405C43EB
:10C5900033E92701232227015C44CDC70547638681
:10C5A000E70A8567930A002013890780B7150120E1
:10C5B0001397240093858571BA9594C126853A8A8C
:10C5C00032C4EFF0BFF8370700200C481307877F0D
:10C5D0005C4052971843CD8F0C441443B3E7570186
:10C5E000CD8FE175BD05ED8ED58FB3E7270193E7BC
:10C5F00007081CC35E2C2246CE855CC35C481385AD
:10C60000B4011CC71C4C5CC71C4393E727001CC328
:10C61000994763F4970013851404F52541016F30A1
:10C620003FF18545094536C632C4EFD01FA8B7078C
:10C63000024003A74740B24622463369270123A29E
:10C64000274199BF814A014995B7930A0010130900
:10C650000040A9BFB70700200A059387877FAA97E4
:10C6600098431C4393E717001CC38280B707002040
:10C670000A059387877FAA979C43CCC38280317138
:10C6800006DF16DD1ADB1ED92AD72ED532D336D1D6
:10C690003ACF3ECD42CB46C972C776C57AC37EC17A
:10C6A00082FE86FC8AFA8EF892F696F49AF29EF052
:10C6B000A2EEA6ECAAEAAEE8B2E6B6E4BAE2BEE0C2
:10C6C000014542FE46FC4AFA4EF852F656F45AF23A
:10C6D0005EF062EE66EC6AEA6EE872E676E47AE2B2
:10C6E0007EE0EFF01FE3FA50EA525A53CA533A552C
:10C6F000AA551A568A567A47EA475A48CA483A4EBD
:10C70000AA4E1A4F8A4F7670E6705671C67136720D
:10C71000A672167386737664E6645665C6653666D9
:10C72000A666166786677278E2785279C279327A9D
:10C73000A27A127B827B726CE26C526DC26D326E99
:10C74000A26E126F826F296173002030317106DF93
:10C7500016DD1ADB1ED92AD72ED532D336D13ACFE1
:10C760003ECD42CB46C972C776C57AC37EC182FE32
:10C7700086FC8AFA8EF892F696F49AF29EF0A2EE71
:10C78000A6ECAAEAAEE8B2E6B6E4BAE2BEE0054537
:10C7900042FE46FC4AFA4EF852F656F45AF25EF061
:10C7A00062EE66EC6AEA6EE872E676E47AE27EE0D1
:10C7B000EFF03FD6FA50EA525A53CA533A55AA55A7
:10C7C0001A568A567A47EA475A48CA483A4EAA4EF3
:10C7D0001A4F8A4F7670E6705671C6713672A6721D
:10C7E000167386737664E6645665C6653666A66615
:10C7F000166786677278E2785279C279327AA27ABD
:10C80000127B827B726CE26C526DC26D326EA26ED4
:10C81000126F826F296173002030317106DF16DDDF
:10C820001ADB1ED92AD72ED532D336D13ACF3ECDF8
:10C8300042CB46C972C776C57AC37EC182FE86FCEA
:10C840008AFA8EF892F696F49AF29EF0A2EEA6EC90
:10C85000AAEAAEE8B2E6B6E4BAE2BEE00D4542FEB0
:10C8600046FC4AFA4EF852F656F45AF25EF062EE80
:10C8700066EC6AEA6EE872E676E47AE27EE0EFF071
:10C880005FC9FA50EA525A53CA533A55AA551A5632
:10C890008A567A47EA475A48CA483A4EAA4E1A4F29
:10C8A0008A4F7670E6705671C6713672A67216732C
:10C8B00086737664E6645665C6653666A666166750
:10C8C00086677278E2785279C279327AA27A127BDC
:10C8D000827B726CE26C526DC26D326EA26E126F10
:10C8E000826F296173002030317106DF16DD1ADB9B
:10C8F0001ED92AD72ED532D336D13ACF3ECD42CB10
:10C9000046C972C776C57AC37EC182FE86FC8AFAA2
:10C910008EF892F696F49AF29EF0A2EEA6ECAAEAAF
:10C92000AEE8B2E6B6E4BAE2BEE0114542FE46FC2D
:10C930004AFA4EF852F656F45AF25EF062EE66EC9F
:10C940006AEA6EE872E676E47AE27EE0EFF07FBCB7
:10C95000FA50EA525A53CA533A55AA551A568A56A9
:10C960007A47EA475A48CA483A4EAA4E1A4F8A4F5F
:10C970007670E6705671C6713672A672167386733B
:10C980007664E6645665C6653666A666166786678B
:10C990007278E2785279C279327AA27A127B827BFB
:10C9A000726CE26C526DC26D326EA26E126F826F4B
:10C9B00029617300203093F7060113F8F60099C33C
:10C9C0003368C80093F7F50FB9C31C410147854E82
:10C9D0003D4F930F800293028004214E3396EE0068
:10C9E000B3F8C500631116039318270033131F0112
:10C9F0001343F3FFB377F300B3181801B3E7F8005C
:10CA0000639FF60550C90507E31AC7FD1CC19307CC
:10CA1000F00F63F5B70458412146854E3D4F930F03
:10CA2000800293028004414EB398CE00B3F7150103
:10CA30006392F8029317260081173313FF00134304
:10CA4000F3FF3377E300B317F8005D8F639DF601C2
:10CA5000232A15010506E319C6FD58C18280E39417
:10CA600056FA10C94DB7E39756FE23281501DDB7D6
:10CA7000EF327FAAC1460D46EFF0FFF36F30FFABF8
:10CA8000EF327FA981460D46EFF0FFF26F30FFAA2B
:10CA9000EF327FA891460D46EFF0FFF16F30FFA90E
:10CAA000EF327FA741112A84AE8409CE37170240A6
:10CAB0001C4F36C6854593E717001CCF3285EFD053
:10CAC000AFB4B2460D46A6852285EFF0DFEE4101F8
:10CAD0006F30BFA608456D8D3335A00082800CC92C
:10CAE00082804CC5828048454205418182804CC984
:10CAF0008280EF325FA21145CD2A2145FD224145BA
:10CB0000ED2213050002D52213050004F92A6F3027
:10CB1000DFA2EF325FA00111AA842E8459E9370504
:10CB2000200075226800EFD0EFC0D24737470F00D2
:10CB30001307072433D7E7028A04138581932695C8
:10CB4000144161651305056A93150701C181CEA2E1
:10CB5000922242064182799A4206418292A2104074
:10CB6000636FC5040606B3D7C702114613970701C2
:10CB70004183BA876373C70091478505C205C20721
:10CB8000C181C1838EB2DEAE9E225A20322493E749
:10CB900017009EA29E22518FC207C18393F757BFF1
:10CBA000D98F9EA21A245E24D98F9EA605616F306C
:10CBB000DF988547E318F5F6370540009DB76A20F2
:10CBC000B165FD15631DB5028D453306B602B3D7B9
:10CBD000C702C207C1831396470119E293E7170002
:10CBE0002166D18F1306C0123307C7021306803E99
:10CBF0003347C7020507420741839AB269B7E54543
:10CC00003306B602B3D7C7021166C207C183D18FFC
:10CC1000D9B70A0593878193AA979C438A2B1375EA
:10CC2000F50F82800A0593878193AA979C43CA2BAC
:10CC300082800A0593878193AA979C438A2F8280DA
:10CC40000A0593878193AA9798431E2393E71700B9
:10CC50001EA382800A0593878193AA9798431E2377
:10CC600093E707201EA382800A0593878193AA97E2
:10CC700098431E2393E707101EA382800A0593871B
:10CC80008193AA979C438EAB82800A0593878193F8
:10CC9000AA979C4393F5E50F8EAB82800A05938794
:10CCA0008193AA979C4393E5150093F5F50F8EABFE
:10CCB00082800A0593878193AA9798431E23C2070F
:10CCC000C18393F7F7BFC207C1831EA38280B71742
:10CCD0000240D84F498FD8CF984B498F98CB984B6B
:10CCE0001345F5FF798D88CB8280B7170240984FA6
:10CCF000498F98CFD847498FD8C7D8471345F5FFF4
:10CD0000798DC8C7828037E700E09605B307A70092
:10CD100093F5F50F2380B740935755009387070489
:10CD200085468A07B396A600BA9794C38280937704
:10CD3000350099EF130740063377E502854719E779
:10CD4000930700193375F502933715003E858280ED
:10CD50008147EDBF557122DF3ED386C7B73700400C
:10CD600096C59AC39EC12ADD2EDB32D936D73AD575
:10CD700042D146CF72CD76CB7AC97EC782FE86FC81
:10CD80008AFA8EF892F696F49AF29EF0A2EEA6EC4B
:10CD9000AAEAAEE8B2E6B6E4BAE2BEE013840780DF
:10CDA00083D7078042FE46FC4AFA4EF852F656F404
:10CDB0005AF25EF062EE66EC6AEA6EE872E676E4DB
:10CDC0007AE27EE0858B99CB83A7C1B982975E20FA
:10CDD000C207C183F99BC207C1835EA0EFD04FC7D2
:10CDE0007A54BE40AE421E438E436A55DA554A56C7
:10CDF000BA562A579A570A58FA486A4EDA4E4A4F94
:10CE0000BA4F7670E6705671C6713672A672167396
:10CE100086737664E6645665C6653666A6661667EA
:10CE200086677278E2785279C279327AA27A127B76
:10CE3000827B726CE26C526DC26D326EA26E126FAA
:10CE4000826F696173002030EF32EFEC2A84EFD0FB
:10CE50002FB7D567938707183375F50285679387D2
:10CE600007E13357F5023375F5029307C00318A0A5
:10CE70003357F5023375F50218B028A06F30EFEB89
:10CE8000EF32EFE65564AA8913040418EFD04FB3CC
:10CE9000335485029304207B1309C016130AD0165D
:10CEA000637089022685EFF09FE8850439C1630726
:10CEB0004401130424E9C204C180DDB7C204C18067
:10CEC000370A020001496D4B130ACA74854B714C35
:10CED000930A190063628B0293074006B3F4F402CD
:10CEE000050423A2590123848900A38499006F308B
:10CEF0008FE3130434E9C1B72685EFF05FE319C966
:10CF0000631A7901E30A84FD0D1413990A01135978
:10CF100009017DBF529983470900E36FF4FA1D8C24
:10CF2000EDB7EF324FDFAA84EFD08FA9D567938793
:10CF300007183355F50280200567130707E19306AC
:10CF4000C0033304E40298303307D702B307F50275
:10CF5000A8203A942A9405453E94EFC0BFF8228554
:10CF6000EFD06FA9EFD0CFAE05456F300FDDEF32B8
:10CF70000FD82A84EFD0CFA48349940093073006BA
:10CF800063EC370BB73AE101378BE2012A8A81441F
:10CF90001309207B938A0A38130B0B50938BF97C6F
:10CFA0004A85EFF0DFD82DC5DA94050942091359F7
:10CFB0000901E3D72BFF832A4400B70B0200556B0E
:10CFC000FD1A232254010149938BCB74130B0B18C8
:10CFD0009389097D054C636F59030024556513053A
:10CFE00005187D143304A40285453375AA022A94DA
:10CFF00037050018EFD02F8F0545EFC0BFEE269400
:10D000002285EFD04F9FEFD0AFA401456F30AFD155
:10D01000D69461BFB3872B019C234E85B3876703EA
:10D02000BE94EFF0DFD001C563138901DA940509DE
:10D0300042091359090145B70545C9BFEF32AFCDC4
:10D04000AA842E8429E50565EFF03FCAB7170020B2
:10D05000938707838A043624BE941E249840D58F74
:10D060005440D58F5624D58F7624D58F1628D58F4A
:10D070001440D58F93E74710C207C1831EA35E2FCC
:10D0800093F747105EAF3E281EAB6F300FCB85473E
:10D0900011656386F4008947E39AF4FA2165EFF09D
:10D0A0001FC36DB7EF322FC785472A846315F5027A
:10D0B0002E89B284B6853A8613054003EFF0BFC4CB
:10D0C00063060900B717012023AC277589C4B71779
:10D0D000012023AE9774371500200A041305058339
:10D0E000229508418545EFD0EF996F300FC5B717EE
:10D0F00000200A0593870783AA979C43CA2782804A
:10D10000B71700200A0593870783AA979C43CEA7E9
:10D11000828031712AD7374500402ED506DF16DDD3
:10D120001ADB1ED932D336D13ACF3ECD42CB46C9D7
:10D1300072C776C57AC37EC182FE86FC8AFA8EF8F3
:10D1400092F696F49AF29EF0A2EEA6ECAAEAAEE867
:10D15000B2E6B6E4BAE2BEE0930510071305058017
:10D1600042FE46FC4AFA4EF852F656F45AF25EF087
:10D1700062EE66EC6AEA6EE872E676E47AE27EE0F7
:10D18000EFD0EF9411C5B717012083A7C775829719
:10D19000374500409305000613050580EFD02F9317
:10D1A00011C5B717012083A787758297FA50EA52F5
:10D1B0005A53CA533A55AA551A568A567A47EA47D5
:10D1C0005A48CA483A4EAA4E1A4F8A4F7670E670AD
:10D1D0005671C6713672A672167386737664E664EB
:10D1E0005665C6653666A666166786677278E27803
:10D1F0005279C279327AA27A127B827B726CE26CAB
:10D20000526DC26D326EA26E126F826F2961730011
:10D2100020309306F5FF954763FDD702A1473707F6
:10D22000100063EAA70093172500370502001305D5
:10D2300045763E951841B7170240D447D98ED4C7DA
:10D24000D0479346F7FFF18ED4C7944F558F98CFB0
:10D250008280130700026386F60093870194B697D5
:10D260009823B7170240944BD98E94CB904B93469A
:10D27000F7FFF18E94CBD44F558FD8CF8280EF3209
:10D280008FA9B70702001317250093878778BA97ED
:10D2900084432A8485452685EFD06FBF8547631E6A
:10D2A000F50051453304A402371501201305857696
:10D2B00022955C458297F9579EA86F300FA8B70753
:10D2C00002000A0593878778AA979C432392070256
:10D2D0009A23136717009AA38280EF32CFA3B70770
:10D2E00002000A0593878778AA978843C205C181FF
:10D2F000EFD06FB86F306FA4317106DF16DD1ADB27
:10D300001ED92AD72ED532D336D13ACF3ECD42CBF5
:10D3100046C972C776C57AC37EC182FE86FC8AFA88
:10D320008EF892F696F49AF29EF0A2EEA6ECAAEA95
:10D33000AEE8B2E6B6E4BAE2BEE00D4542FE46FC17
:10D340004AFA4EF852F656F45AF25EF062EE66EC85
:10D350006AEA6EE872E676E47AE27EE0EFF03FF2A7
:10D36000FA50EA525A53CA533A55AA551A568A568F
:10D370007A47EA475A48CA483A4EAA4E1A4F8A4F45
:10D380007670E6705671C6713672A6721673867321
:10D390007664E6645665C6653666A6661667866771
:10D3A0007278E2785279C279327AA27A127B827BE1
:10D3B000726CE26C526DC26D326EA26E126F826F31
:10D3C000296173002030317106DF16DD1ADB1ED9AA
:10D3D0002AD72ED532D336D13ACF3ECD42CB46C90D
:10D3E00072C776C57AC37EC182FE86FC8AFA8EF841
:10D3F00092F696F49AF29EF0A2EEA6ECAAEAAEE8B5
:10D40000B2E6B6E4BAE2BEE01D4542FE46FC4AFA88
:10D410004EF852F656F45AF25EF062EE66EC6AEAA4
:10D420006EE872E676E47AE27EE0EFF05FE5FA50CD
:10D43000EA525A53CA533A55AA551A568A567A4747
:10D44000EA475A48CA483A4EAA4E1A4F8A4F76704F
:10D45000E6705671C6713672A6721673867376645C
:10D46000E6645665C6653666A66616678667727890
:10D47000E2785279C279327AA27A127B827B726C1C
:10D48000E26C526DC26D326EA26E126F826F2961B4
:10D4900073002030317106DF16DD1ADB1ED92AD762
:10D4A0002ED532D336D13ACF3ECD42CB46C972C704
:10D4B00076C57AC37EC182FE86FC8AFA8EF892F621
:10D4C00096F49AF29EF0A2EEA6ECAAEAAEE8B2E6D4
:10D4D000B6E4BAE2BEE0114542FE46FC4AFA4EF816
:10D4E00052F656F45AF25EF062EE66EC6AEA6EE8C4
:10D4F00072E676E47AE27EE0EFF07FD8FA50EA5204
:10D500005A53CA533A55AA551A568A567A47EA4781
:10D510005A48CA483A4EAA4E1A4F8A4F7670E67059
:10D520005671C6713672A672167386737664E66497
:10D530005665C6653666A666166786677278E278AF
:10D540005279C279327AA27A127B827B726CE26C57
:10D55000526DC26D326EA26E126F826F29617300BE
:10D560002030B70702000A0593878778AA979C4363
:10D57000239207028280B70702000A059387877803
:10D58000AA979C43CA338280B70702000A05938793
:10D590008778AA9798431E23C207C183F99BC207C5
:10D5A000C1831EA38280B70702001317250093874B
:10D5B0008778BA979C439A2742074183619B420729
:10D5C00041839AA751473306E50296233717012076
:10D5D00013078776C206C18293F6F6C832975223A4
:10D5E000D18E96A316233A23D6B79AB709E53737D3
:10D5F0000140231807C20547DAAB8280EF22BFF152
:10D6000041112A842EC632C4EFF0BFC0B24503A731
:10D610008182D147B306F4022246B71701209387CF
:10D62000877622853357B702B69792A3BAA3EFF055
:10D630009FF741016F207FF0EF22FFED01112A8457
:10D640003AC83EC62ECE32CC36CAEFF09FBC51450A
:10D65000B308A40262463715012013058576F2450A
:10D66000D246469512A103A8818254C52312050013
:10D670003358B802231105012285EFF0DFF2B70617
:10D6800002001316240093868678B2969442795647
:10D69000B24792AACA26424713651500CAA68D460C
:10D6A0001305E0026309D4009146130520046304C6
:10D6B000D4001305C0033E86BA85EFF0CFE40561C0
:10D6C0006F20BFE7EF223FE501112A84B6842EC602
:10D6D00032C402C802CA02CC02CEEFF09FB3D147D7
:10D6E0003307F4022246B245B71701201319060189
:10D6F000938787761359090122850A043306B602F7
:10D70000BA9783A58182239027012392070033D6FD
:10D71000C502B2A3EFF03FE9C16737050200938766
:10D720000707130585783EC82295231B2101231C7A
:10D73000010093F71400004189CB0C082285EFC04B
:10D740003FC681452285EFC09FEE93F7240089CB29
:10D750000C082285EFC0FFCC81452285EFC01FEE6B
:10D7600093F7440089CB0C082285EFC07FD6814512
:10D770002285EFC01FEEA18889C80C082285EFC062
:10D78000FFDF81452285EFC0BFED1E20216793E7B3
:10D7900007081EA083574404D98F2312F40405619F
:10D7A0006F20BFD9EF223FD7B70702000A05938742
:10D7B0008778AA978043A167FD1703574404411156
:10D7C00002C27D8F2312E4040357440402C402C63C
:10D7D000F98F2312F404C167938707073EC0894776
:10D7E0007C84708393F71500AE8489C78A8522856F
:10D7F000EFC01FBB93F7240089C78A852285EFC03D
:10D800005FC293F7440089C78A852285EFC05FCC49
:10D81000A18889C48A852285EFC05FD683574404D6
:10D820002167D98F2312F40441016F201FD1B7075C
:10D8300002000A0593878778AA979843A1668357C1
:10D840004704D58F2312F7048280EF223FCB854710
:10D8500041112A842E8A3289B684BA896304F50478
:10D8600015CD89476305F5048D476305F504B14778
:10D870007C85B71700209387C7830A043E9408402D
:10D880008A8552C023123101231321016484231697
:10D890000100EFC01FE241016F209FC91165EFF049
:10D8A000CFC4F1B737050200EFF06FC2C9B7370533
:10D8B0000400DDBF37050800C5BFB71700200A0503
:10D8C0009387C783AA97984389665E27D58F5EA7FB
:10D8D0008280EF225FC485472E89B2842A84B68570
:10D8E0003A866300F5028D476302F5023725012071
:10D8F0000E041305C58122952320250144C16F2004
:10D90000DFC313056003EFF00FC0CDB7130540046C
:10D91000DDBFB71700200A059387C783AA979C43EA
:10D92000CEA3DA2713670704DAA7828023A0B1BA4F
:10D93000B71700200A059387C783AA9798435E27E5
:10D9400093E707025EA78280B71700200A05938736
:10D95000C783AA9798435E27C207C18393F7F7FD51
:10D96000C207C1835EA78280EF225FB9371400200F
:10D970001309C483931925004E99AA84032509002D
:10D98000930560621304C483EFC0FFE08547631B07
:10D99000F5020325090093056062EFC0DFDF03276E
:10D9A00009005E27C207C18393F7F7FBC207C18353
:10D9B0005EA737270120939734001307C781BA97D2
:10D9C000DC4382974E94084093055052EFC0BFDC71
:10D9D0008547631FF5001C40372501208E04DA239C
:10D9E00083A701BA1305C581269598A31C41829788
:10D9F0006F201FB4317106DF16DD1ADB1ED92AD75E
:10DA00002ED532D336D13ACF3ECD42CB46C972C79E
:10DA100076C57AC37EC182FE86FC8AFA8EF892F6BB
:10DA200096F49AF29EF0A2EEA6ECAAEAAEE8B2E66E
:10DA3000B6E4BAE2BEE0054542FE46FC4AFA4EF8BC
:10DA400052F656F45AF25EF062EE66EC6AEA6EE85E
:10DA500072E676E47AE27EE0EFF01FF1FA50EA52E5
:10DA60005A53CA533A55AA551A568A567A47EA471C
:10DA70005A48CA483A4EAA4E1A4F8A4F7670E670F4
:10DA80005671C6713672A672167386737664E66432
:10DA90005665C6653666A666166786677278E2784A
:10DAA0005279C279327AA27A127B827B726CE26CF2
:10DAB000526DC26D326EA26E126F826F2961730059
:10DAC0002030317106DF16DD1ADB1ED92AD72ED59C
:10DAD00032D336D13ACF3ECD42CB46C972C776C596
:10DAE0007AC37EC182FE86FC8AFA8EF892F696F49C
:10DAF0009AF29EF0A2EEA6ECAAEAAEE8B2E6B6E48E
:10DB0000BAE2BEE00D4542FE46FC4AFA4EF852F635
:10DB100056F45AF25EF062EE66EC6AEA6EE872E67D
:10DB200076E47AE27EE0EFF03FE4FA50EA525A53AC
:10DB3000CA533A55AA551A568A567A47EA475A4856
:10DB4000CA483A4EAA4E1A4F8A4F7670E6705671FE
:10DB5000C6713672A672167386737664E66456656D
:10DB6000C6653666A666166786677278E278527969
:10DB7000C279327AA27A127B827B726CE26C526D2D
:10DB8000C26D326EA26E126F826F296173002030F7
:10DB90001567B73700401307575598C31147D8C3C7
:10DBA0000567130707FA98C72D671307A7AA98C335
:10DBB00035671307C7CC98C38280AD6737370040FD
:10DBC0009387A7AA1CC38280938741BB9843636D48
:10DBD000A702D043B386C7006316D50054413E85E3
:10DBE000B296D4C35041B306C500631AD70083A6CA
:10DBF00041BA6306D70054431843B29654C118C1C2
:10DC00006303F50088C38280BA87C9B749CDEF2284
:10DC10009F90032745FF83A781BA2A84B376F70034
:10DC20009DE2A16793870780739007303706020053
:10DC3000370502001306C67A930540121305457D89
:10DC4000EFC0207901A0832605FF9DC2A1679387BD
:10DC5000078073900730370602003705020013066D
:10DC6000C67A930550121305457DEFC0807601A05A
:10DC700093C7F7FFF98F232AF5FEEF10C02C938787
:10DC8000C1BA9443032744FF130504FF369798C392
:10DC9000EFF09FF3938701BB9843050798C3EF10FC
:10DCA000A0436F209F898280B7E700E04157238718
:10DCB000E7402386E740B7F700E023A0070023A250
:10DCC0000700814694C70147D8C783A581821307FF
:10DCD000803E814633D6E5023D4790CBD4CB98C3F6
:10DCE0008280EF225F83411102C6F32750303EC687
:10DCF000B2470D478D8B6384E702A1679387078046
:10DD00007390073037060200370502001306867F3E
:10DD10009305600B1305457DEFC0A06B01A0B7878D
:10DD2000012093870700BD8B9DC3A1679387078060
:10DD30007390073037060200370502001306867F0E
:10DD40009305B00B1305457DEFC0A06801A0EFF06F
:10DD5000BFF5B7E700E0056723A0E710116723A030
:10DD6000E71023A00184EF20AFD9014541016F20C6
:10DD7000CFFC197182FE86FC8AFA8EF892F696F430
:10DD80009AF29EF0A2EEA6ECAAEAAEE8B2E6B6E4FB
:10DD9000BAE2BEE042FE46FC4AFA4EF852F656F4AB
:10DDA0005AF25EF062EE66EC6AEA6EE872E676E4DB
:10DDB0007AE27EE073110134A16793870780739044
:10DDC0000730B7F700E023A20700EF10E01811C5F5
:10DDD000B7E700E0116723A0E720A1679387878852
:10DDE00073900730731101347670E6705671C67106
:10DDF0003672A672167386737664E6645665C665D7
:10DE00003666A666166786677278E2785279C279B6
:10DE1000327AA27A127B827B726CE26C526DC26D96
:10DE2000326EA26E126F826F096173002030A1679B
:10DE30009387078073900730938701849843050781
:10DE400098C38280138701841C438DE7EF22AFECD7
:10DE5000A167938707807390073037060200370564
:10DE600002001306867F930520101305457DEFC041
:10DE7000405601A0FD171CC391E7A16793878788CF
:10DE80007390073082802165130505807315053076
:10DE90008280731005308280EF22EFE741111DE18F
:10DEA000A167938707807390073037160200370504
:10DEB000020013060682930550061305457DEFC048
:10DEC000405101A0F1473EC632476304F702A16703
:10DED00093870780739007303716020037050200DA
:10DEE000130606829305D0061305457DEFC0604EEC
:10DEF00001A02A842320050011055D2C85471CAC58
:10DF0000228541016F206FE3EF224FDF1DE1A16702
:10DF10009387078073900730371602003705020099
:10DF2000130606829305A0141305457DEFC0604AD1
:10DF300001A0B70900FFB3F93501AE84638409027B
:10DF4000A167938707807390073037160200370563
:10DF50000200130606829305B0141305457DEFC039
:10DF6000404701A09DE1A167938707807390073028
:10DF70003716020037050200130606829305C01407
:10DF80001305457DEFC0E04401A02A89B28A368B93
:10DF90003A8AEF1010110DE563040A02A167938716
:10DFA000078073900730371602003705020013060A
:10DFB00006829305F0141305457DEFC0804101A052
:10DFC000EF00707803240900B3F7840063170B0295
:10DFD0009DE78149630C0A02B3355001E2056305F0
:10DFE0000B00B7070004DD8D5286C58D130549006F
:10DFF000EF108050D289014411A8E39CF4FC6387A0
:10E000000A0093C7F4FFE18F2320F900EF10C00C42
:10E01000638C090211E5B7E700E0116723A0E72050
:10E02000EF109015931765002A8463CD0700EFF079
:10E030001FE003240900B3F78400631A0B0091EB7F
:10E04000EFF05FE02204218022856F206FCEE399FC
:10E05000F4FEE3870AFE93C4F4FFE18C23209900C9
:10E06000C5B7EF224FCB41111DE1A1679387078010
:10E070007390073037160200370502001306068238
:10E080009305101E1305457DEFC0A03401A0B7070E
:10E0900000FFED8F9DC3A1679387078073900730C2
:10E0A0003716020037050200130606829305201E6C
:10E0B0001305457DEFC0E03101A02A842EC6EFF0A4
:10E0C0001FD7B245084093C5F5FFE98D0CC02AC69D
:10E0D000EFF05FD7324541016F202FC6EF220FC20C
:10E0E00041111DE1A16793870780739007303716B0
:10E0F000020037050200130606829305102213055D
:10E10000457DEFC0002D01A0370700FF6D8F1DC3B7
:10E11000A167938707807390073037160200370591
:10E12000020013060682930520221305457DEFC0E9
:10E13000402A01A02A842EC69309C500EF00B060D2
:10E140001C40B245084837090001CD8F1CC08144EE
:10E150007D19370A00020C40639CA90093C4F4FFA8
:10E16000ED8C04C0EF005077084041016F204FBC98
:10E170001841832A4500B377270113165700B3F6D9
:10E18000B7006345060089E65685F1B7E39ED7FEE2
:10E190009316770063D30600DD8CB3E54501EF10DD
:10E1A0000054DDB7EF222FB7EFF05FF36F20EFB829
:10E1B000930785007D575CC118C55CC51CC9232029
:10E1C000050082802328050082805C419847DCC1DD
:10E1D00098C598474CC38CC71C4188C985071CC18A
:10E1E00082809841FD5693078500631ED7001C4925
:10E1F000D843D8C10CC79CC5CCC31C4188C985076E
:10E200001CC18280B687D4439042E37DC7FECDB760
:10E21000544118451C4998C654C3D4436393A6007F
:10E22000D8C39843232805007D1798C3884382806C
:10E23000EF226FAE41112AC6EFF07FBF3245005D7D
:10E24000EFF05FC01335140041016F200FAFEF22D4
:10E250008FAC32893041045D2A8409EE1C410145AE
:10E2600091E70844EF10206523240400850404DCB2
:10E270006F20AFAC631009024841EFB0203A5C4018
:10E2800038400145BA9718445CC0E3E1E7FE1C4002
:10E290005CC0E9BF4845EFB060383C40584414408A
:10E2A000B307F0403E9758C46375D7001844BA9737
:10E2B0005CC489470145E31BF9FACDD8FD147DB74D
:10E2C000304115C2EF222FA558451445AA87329731
:10E2D00058C56364D700184158C52E85CC47EFB0A8
:10E2E000E0336F208FA58280EF22EFA22A84EFF027
:10E2F0001FB48344540413094402E204E1846348D4
:10E300009002FD57A302F404EFF0DFB3EFF03FB249
:10E310008344440413090401E204E1846345900248
:10E32000FD572302F404EFF0FFB16F200FA15C5002
:10E33000E9DB4A85EF10E02C19C1EF10A055FD1460
:10E34000E204E1846DBF1C48E1DF4A85EF10602BD9
:10E3500019C1EF102054FD14E204E184C1B7EF228B
:10E360008F9B41111DE1A167938707807390073050
:10E3700037160200370502001306C6839305001105
:10E380001305457DEFC0E00401A05C5D2EC62A8424
:10E39000BDC73841B3B7E702BDE3EFF05FA9304036
:10E3A000585C1440232C0402B307E602B24554C063
:10E3B0003387F600918FB6975CC4FD572302F404AF
:10E3C00018C4A302F4049DE11C4899CB1305040171
:10E3D000EF10202311C5B7E700E0116723A0E72065
:10E3E000EFF05FA6054541016F202F95130504014D
:10E3F000EFF01FDC13054402EFF09FDBD5B7A167F8
:10E4000093870780739007303716020037050200A4
:10E410001306C683930550141305457DEFB0707B3A
:10E4200001A0EF224F8F01119DE2A1679387078022
:10E430007390073037160200370502001306C683B3
:10E44000930590151305457DEFB0B07801A019C173
:10E4500005C685E5A1679387078073900730371657
:10E460000200370502001306C68393052018130522
:10E47000457DEFB0107601A0F1FD930780043ECEFC
:10E4800072476304F702A167938707807390073090
:10E4900037160200370502001306C6839305B0162F
:10E4A0001305457DEFB0F07201A0F2478547238345
:10E4B000F60491E1368690C2C8DEACC23685854549
:10E4C00036C6EFF0DFE9B246056136856F20EF868C
:10E4D000EF22EF81011132C61DE1A167938707800A
:10E4E0007390073037160200370502001306C68303
:10E4F0009305E0321305457DEFB0B06D01A02A848D
:10E500002E89B6848DE53C419DC3A1679387078022
:10E510007390073037160200370502001306C683D2
:10E520009305F0321305457DEFB0B06A01A089472D
:10E530006398F402585C85476304F702A1679387E8
:10E540000780739007303716020037050200130664
:10E55000C683930500331305457DEFB0906701A096
:10E56000EF10203415E5B247014C85C7A1679387AA
:10E570000780739007303716020037050200130634
:10E58000C683930530331305457DEFB0906401A039
:10E59000014C094BFD59930B040137EA00E0916AE5
:10E5A000A5A8B24789E7EFF0FF89014555A063159B
:10E5B0000C002808EF104021EFF0DF88EF00B018C2
:10E5C000EFF0FF8683474404E207E1876394370155
:10E5D0002302040483475404E207E187639437016C
:10E5E000A3020404EFF01F866C002808EF10A01EA1
:10E5F00035EDEFF0DF83185C5C5C631EF704EFF031
:10E600007F84B2455E85EF00F06A2285EFF0DFCDB2
:10E61000EF00902C29C9054CEFF07F81185C5C5C01
:10E620006364F700E39F64F72686CA852285EFF0CE
:10E630001FC25C5089C713054402EF00907C11C5CE
:10E64000B7E700E0116723A0E720EFF0AFFF054533
:10E6500005616F105FEDEFF0EFFE2285EFF0DFC890
:10E66000EF0090274DBF23205A2175B72285EFF088
:10E67000BFC7EF00702615BFEF125FE841111DE123
:10E68000A16793870780739007303716020037051C
:10E6900002001306C683930520401305457DEFB0A5
:10E6A000505301A02A84B2898DE53C419DC3A167E6
:10E6B00093870780739007303716020037050200F2
:10E6C0001306C683930530401305457DEFB07050A7
:10E6D00001A089476398F602585C85476304F702F6
:10E6E000A1679387078073900730371602003705BC
:10E6F00002001306C683930540401305457DEFB025
:10E70000504D01A036C62EC4EFF0EFF7185C5C5CEC
:10E710002A8AA245B2466366F7008947814463931B
:10E72000F602834454041C5C3686228513998401C6
:10E73000EFF0FFB113598941FD576317F9025C509F
:10E7400089EB85445285EFF0CFF4268541016F10A7
:10E750003FDE13054402EF00D06A65D5E38309FE6E
:10E76000854723A0F900F1BF9307F0076314F9026E
:10E77000A16793870780739007303716020037052B
:10E7800002001306C6839305D0481305457DEFB0FC
:10E79000504401A08504E204E184A302940455B727
:10E7A000EF12FFD4011132C61DE1A16793870780E4
:10E7B0007390073037160200370502001306C68330
:10E7C000930510551305457DEFB0B04001A02A8494
:10E7D000AE898DE53C419DC3A16793870780739007
:10E7E000073037160200370502001306C68393056B
:10E7F00050551305457DEFB0D03D01A0EF10600AE4
:10E8000015E5B247014985C7A167938707807390D3
:10E81000073037160200370502001306C68393053A
:10E82000A0551305457DEFB0D03A01A001497D5AAE
:10E83000930A440237EB00E0916B95A8B24789E751
:10E84000EFF04FE0014569A8631509002808EF00C3
:10E85000B077EFF02FDFEF00006FEFF04FDD834771
:10E860004404E207E18763944701230204048347D9
:10E870005404E207E18763944701A3020404EFF024
:10E880006FDC6C002808EF00107525E52285EFF09D
:10E890003F9A31C9B2455685EF00D0412285EFF04D
:10E8A000BFA4EF00700319E123207B210549EFF09D
:10E8B0000FD8045CC1D4CE852285FD14EFF05FA093
:10E8C00004DC1C4899CB13050401EF00905311C5DB
:10E8D000B7E700E0116723A0E720EFF0AFD60545CA
:10E8E00005616F105FC42285EFF01FA0EF00C07EAE
:10E8F00075BF2285EFF05F9FEF00007E2285EFF06D
:10E900003F934DD581B7EF121FC141111DE1A167A2
:10E91000938707807390073037160200370502008F
:10E920001306C6839305307E1305457DEFB0702A2C
:10E9300001A02AC6EFF0AFCF3245085D2AC6EFF03E
:10E940006FD0324541016F105FBF15E5EF12BFBCBC
:10E95000A16793870780739007303716020085659B
:10E96000370502001306C683938585AC1305457DE4
:10E97000EFB0302601A09DCD372601209306C68238
:10E98000814701471306C682214883A84600639841
:10E99000A80093173700B2978CC3C8C321A891E78A
:10E9A00083A8060063930800B6870507A106E31E47
:10E9B00007FDFDF38280EF121FB641112A842EC697
:10E9C00032C4EFF0CFC6834744047D572246E207A6
:10E9D000E187B2456394E7002302040483475404AB
:10E9E0007D57E207E1876394E700A302040432C67F
:10E9F0002EC4EFF02FC51C5CA245324689E71305F3
:10EA00004402EF00F0382285EFF01F8E41016F10B5
:10EA1000DFB2EF12BFAE2A84EFF06FC1938781BCE3
:10EA20009843B7290120050798C31387C1BB184332
:10EA30009384C1BB1389C98661E780C09843854729
:10EA40006312F7069389C986130AC9124E85D10944
:10EA5000EFF00FF6E31C3AFF37250120130A8599E2
:10EA600013058599EFF0CFF4372501209309C59A56
:10EA70001305C59AEFF0CFF3372501201305059C48
:10EA8000EFF00FF3372501201305859EEFF04FF2CD
:10EA9000372501201305459DEFF08FF123A041BDDF
:10EAA00023A231BD938741BD9843050798C31387BF
:10EAB00081BD5C54144363F3F6001CC35147B38714
:10EAC000E702CA97D843144718C454C410479306A2
:10EAD000440054C214C798435CC8050798C3EFF0BC
:10EAE0006FB683A781BE99CB9C40D8575C5463779F
:10EAF000F700B7E700E0116723A0E7206F105FA3DE
:10EB000083A781BEC5F39C40D8575C54E3ECE7F87B
:10EB100080C049BF138701BC1C4394439387C1BD88
:10EB200081E67D5798C38280184358471843DDBF5C
:10EB30000DE5EF125F9EA167938707807390073002
:10EB40003716020037050200130686879305707298
:10EB50001305457DEFB0F00701A054493727012088
:10EB60001307479DAA870145639BE6009857B7277F
:10EB700001209387079C6304F700133517008280F8
:10EB8000EF12DF974111AA89B28442840329080356
:10EB9000B1C5014641483385C50003050500B308EA
:10EBA000C400238AA80201C50506E31606FFA301D7
:10EBB000040439466377E602A16793870780739060
:10EBC00007303716020037050200130686879305C3
:10EBD00070391305457DEFB0C07F01A0230A0802FC
:10EBE000C9BF58D478C013054400232404043EC68A
:10EBF00036C43AC2EFF00FDD13058401EFF08FDC6D
:10EC000012473D4681453307E64018CC314600C8DF
:10EC100040D01305C404EF101F93A246139524009F
:10EC200071154A95230C0404A30C0404230D040459
:10EC3000230E04043686CE854199EF106FFCB2474F
:10EC400008C091C380C341016F109F8EEF12BF8C2B
:10EC50008347B50591EB2A840859EFE03FFB2285F5
:10EC6000EFE0DFFA6F107F8D0547E38BE7FE094782
:10EC7000E38AE7FEA1679387078073900730371612
:10EC80000200856537050200130686879385C5F95E
:10EC90001305457DEFB0E07301A0EF123F863724E6
:10ECA00001201304849E9384C1BC9C40EDDFEFF0EF
:10ECB0000F985C4403A9C70013054900EFF04FD536
:10ECC000138781BC1C43FD171CC39C40FD179CC0CF
:10ECD000EFF04F974A85EFF07FF7F1B7EF121F8201
:10ECE0009384C1BB83A9C1BE2A849C408840411142
:10ECF000238E070411052EC6EFF08FD17D57938721
:10ED0000C1BBB245631CE40295C9B72701209387B4
:10ED1000479D9440D84398C610479440D0C694402D
:10ED20001047910654C29440910614C798405CCB9A
:10ED30009843050798C341016F108FFF98434E9485
:10ED400040C36379340103A541BC8C439105EFF0C6
:10ED50004FC9D5B703A501BC8C439105EFF06FC82F
:10ED60009387C1BD9843E378E4FC80C3E9B7EF1211
:10ED70008FFA41119DE3A167938707807390073055
:10ED80003716020037050200130686879305A02474
:10ED90001305457DEFB0E06301A0428463140802CF
:10EDA000A1679387078073900730371602003705F5
:10EDB0000200130686879305B0241305457DEFB046
:10EDC000406101A09308000646C632436304130362
:10EDD000A1679387078073900730371602003705C5
:10EDE000020013068687930530251305457DEFB095
:10EDF000405E01A0B2482328F8028947A30DF80419
:10EE00003C00EFF0FFD72285EFF0BFC02245410163
:10EE10006F10AFF2EF122FF01DE1A167938707800B
:10EE200073900730371602003705020013068687F5
:10EE3000930510751305457DEFB0A05901A0938788
:10EE4000C1BB9C432A849384C1BB6384A706EFE0C3
:10EE50001FFE2285EFF0DFCD39C9130944004A8532
:10EE6000EFF00FBB938781BD5854944363F3E600E2
:10EE700098C3D147B306F702B72701209387C78607
:10EE8000B697D443904614C450C49046232226011A
:10EE900023A4260194435CC8850694C39C40DC5798
:10EEA0006367F700B7E700E0116723A0E720EFE012
:10EEB0007FF96F108FE8EF120FE6411170002C0000
:10EEC000480002C202C4EF908FA81248A2473246FF
:10EED000B715020037F50000014781469385C588C4
:10EEE0001305A5C9EFF0BFE805C5EF10203E854723
:10EEF0006315F502A16793870780739007307D57EC
:10EF000023AEE1BC23A4A1BE23A601BEEFE07FDDBA
:10EF100083A7418441016F104FE2FD57E31AF5FECC
:10EF2000A1679387078073900730371602008565C5
:10EF30003705020013068687938505841305457DF2
:10EF4000EFB0204901A0938701BD9843050798C3FE
:10EF5000828003A5C1BE828083A701BD6397071687
:10EF6000EF126FDB9387C1BE8043050480C331E499
:10EF7000938701BC9843184305C7A167938707800F
:10EF800073900730371602008565370502001306B7
:10EF90008687938575AC1305457DEFB0804301A04E
:10EFA000138741BC9443104390C314C3938701BE9D
:10EFB0009843050798C3EFF0FFB59387C1BD9C4305
:10EFC000372701201386C1BD1307C7869385C1BBB0
:10EFD00001456373F4029C41D146DC57B387D702E5
:10EFE0003E971843854763F3E700054583A701BFB4
:10EFF00091C305456F106FD4514F938701BC944363
:10F00000944281E6FD571CC2F9B79C43DC47DC47BC
:10F01000D4436374D40014C27DBF83A8870003A8BF
:10F02000C700D44B1383470023A4080123221801EF
:10F0300083A846006394680023A2060103A8060083
:10F0400023AA07007D1823A00601945795CA03A898
:10F05000C70183A8070283AF46002324180183A8B1
:10F06000070223A208011388870163940F0123A2DA
:10F07000160103A8060023A407027D1823A0060199
:10F08000938681BD03A8C70283A8060063F4080124
:10F0900023A00601B306E803BA9683A8460083AF0F
:10F0A000880023A4170123A6F70183AF880023A2B9
:10F0B0006F0023A46800D4CB9C4285079CC29C416E
:10F0C000DC57E36CF8F205450DBF938741BE9843CA
:10F0D0000145050798C38280EF124FC2138401BD1A
:10F0E0001C40411185E7A167938707807390073023
:10F0F000371602008565370502001306868793855B
:10F10000358B1305457DEFB0C02C01A0EFE03FD259
:10F110001C40FD171CC01C4089CB01452AC6EFE0EE
:10F120007FD2324541016F10AFC083A781BCF5D7B4
:10F13000B72601203725012081479386069C1305B9
:10F14000C586D148854E59A8DC46DC47CC4F905344
:10F15000985790C503A807022322B8000328470048
:10F16000938587016313B80050C3104323A407029B
:10F170007D1610C38C47D047D84B1388470090C5E5
:10F180004CC24C436393050150C3104323AA0700AC
:10F190007D1610C3138781BDD0570C4363F3C500A0
:10F1A00010C3330716032A974C4383AF85008CC7DF
:10F1B00023A6F70183AF850023A20F0123A4050135
:10F1C0000C43D8CB85050CC31387C1BB18435857D4
:10F1D0006366E600138701BF2320D70198422DF70D
:10F1E00099C3EFF03F93138741BE0443138441BE9C
:10F1F00089CC8549EFF05FD609C5938701BF23A06D
:10F200003701FD14E5F82320040083A701BFE3863E
:10F2100007F0B7E700E0116723A0E7200545FDBD33
:10F22000EF126FAF41111DE1A167938707807390C3
:10F23000073037160200370502001306868793054C
:10F24000104F1305457DEFB0C01801A09DE1A167E7
:10F250009387078073900730371602003705020046
:10F26000130686879305204F1305457DEFB0601682
:10F2700001A083A701BD9DC3A167938707807390F9
:10F2800007303716020037050200130686879305FC
:10F29000304F1305457DEFB0C01301A02A842EC660
:10F2A000EFF07FCA1840B24503A5C1BEB307B7004F
:10F2B0001CC06371E50263E1E7020144EFF0DFE1A6
:10F2C00011E5B7E700E0116723A0E720228541019F
:10F2D0006F10AFA663E4E700E371F5FE8145338567
:10F2E000A740EFF0BF9F0544D1BF19E5B7E700E0A5
:10F2F000116723A0E7208280EF12EFA183A701BD51
:10F3000041119DC3A167938707807390073037161B
:10F3100002003705020013068687930590541305F3
:10F32000457DEFB0000B01A02AC6EFF0DFC13245EA
:10F330008145EFF0BF9AEFF03FDA11E5B7E700E063
:10F34000116723A0E72041016F102F9F03A701BD84
:10F35000938701BF01C7054798C3828023A0070098
:10F36000138781BD1843138681BDB727012093877A
:10F37000C7865148B3060703B385D700884105C542
:10F38000C841A106BE964841C8C16314D500544186
:10F39000D4C1D146B306D702B697DC43D44723AED7
:10F3A000D1BA18C2828015E7EF12EF96A167938752
:10F3B0000780739007303716020085653705020015
:10F3C00013068687938525C01305457DEFB0600041
:10F3D00001A07D1745B7EF126F922A84EFE03FA599
:10F3E0009389C1BB19E003A40900130944004A85AD
:10F3F000EFE01FE21C5489C713058401EFE05FE1D1
:10F40000B7240120CA851385449DEFE01FDC8347A4
:10F410008405054726896314F700230C04048347F9
:10F42000940505476314F700A30C04048347A4055F
:10F4300005476314F700230D0404EFE0BFA0138712
:10F4400081BE1843938481BE19C7EFE05F9EEFF041
:10F450006FECEFE03F9F83A70900639E87029C400B
:10F460008DCF83A701BD9DC3A1679387078073904C
:10F47000073037160200370502001306868793050A
:10F48000D06F1305457DEFA0D07401A0B7E700E071
:10F49000116723A0E7206F10AF899307499D984318
:10F4A00083A781BC6315F70023A00900EDB7EFF037
:10F4B000FFE9D5B7EF122F8605E5A167938707808F
:10F4C0007390073037160200856537050200130672
:10F4D00086879385C5C11305457DEFA0906F01A078
:10F4E0002E8483A5C1BBE105EFE0BFCF8545228512
:10F4F000EFF0CFFE6F106F84EF12EF8105E5A1678B
:10F5000093870780739007303716020085653705AB
:10F51000020013068687938565C31305457DEFA01A
:10F52000506B01A083A701BD85E7A1679387078082
:10F530007390073037160200856537050200130601
:10F5400086879385A5C31305457DEFA0906801A02C
:10F550009387C1BB94432A8737050080C98D8CCE21
:10F5600054438C438846D4CD8C4388D18C43884601
:10F57000E1054CC18C439C433285E1058CC698D78C
:10F580001C43854585071CC3EFF04FF56F00FFFA5C
:10F59000EF027FF82A8705E5A167938707807390BC
:10F5A0000730371602008565370502001306868787
:10F5B000938525C51305457DEFA0B06101A0938714
:10F5C000C1BB54432E858C4303A88600D4CD8C4305
:10F5D00023A0050303A807008C46610823A20501A8
:10F5E00003A807009C43610823A4060198D71C4385
:10F5F00085071CC311C27D55B285EFF02FEE6F0059
:10F60000DFF35C45DC4795E7EF02FFF0A1679387E6
:10F6100007807390073037160200856537050200B2
:10F6200013068687938525C81305457DEFA0705A7C
:10F6300001A0D04F945398579385870114C6D0C228
:10F6400050436313B60054C3144323A40702FD16AA
:10F6500014C303A701BDD45735E78C47D047D84B17
:10F6600090C5D04748434CC2938547006313B5000B
:10F6700050C3104323AA07007D1610C3138781BD12
:10F6800010436373D60014C351473386E60237270D
:10F6900001201307C78632975043084690C7C8C752
:10F6A00008464CC10CC6D8CB1C43014585071CC37A
:10F6B00083A7C1BBDC5763F6D700054723A8E1BE8B
:10F6C00005458280372701201307079C50430846D1
:10F6D000D0CF88D308464CC10CC698D7F1B7EF02FB
:10F6E0009FE383A701BD85E7A16793870780739098
:10F6F0000730371602008565370502001306868736
:10F700009385A5CB1305457DEFA0B04C01A0B707AD
:10F710000080DD8D5C450CC185E7A167938707807C
:10F72000739007303716020085653705020013060F
:10F730008687938525CC1305457DEFA0904901A0D0
:10F7400050411445184914C61445D0C250436313A0
:10F75000A60054C31443232805009047FD1614C384
:10F76000D447D84B9385470014C6D447D0C25043E2
:10F770006313B60054C3144323AA0700FD1614C331
:10F78000138781BDD45710436373D60014C3514708
:10F790003386E602372701201307C7863297504386
:10F7A000084690C7C8C708464CC10CC6D8CB1C43F6
:10F7B00085071CC383A7C1BBDC5763F5D70005478A
:10F7C00023A8E1BE6F007FD783A701BE1CC183A71A
:10F7D000C1BE5CC18280EF021FD4411105E5A16763
:10F7E00093870780739007303716020085653705C9
:10F7F0000200130686879385D5CF1305457DEFA0BC
:10F80000503D01A085E5A16793870780739007307D
:10F810003716020085653705020013068687938533
:10F82000E5CF1305457DEFA0D03A01A02EC62AC42E
:10F83000EFE0EFDF1387C1BB83A6C1BE1C432245A7
:10F84000B24583C7C70599CB1C43238E07040544E3
:10F85000EFE04FDF228541016F003FCE9C417D5795
:10F860000144E387E7FE03A601BE032805005841D3
:10F870006307C80063E5E60023A00500C9BF33861F
:10F88000E640E37BF6FE958FBA979CC1EFF0DFF37D
:10F8900001447DBF054723A8E1BE828003A5C1BB0B
:10F8A000828083A781BE054591C703A501BD13359D
:10F8B00015000605828011E50145828001456F0033
:10F8C000DFC7EF025FC583A7C1BB2A846385A70298
:10F8D000A16793870780739007303716020085650C
:10F8E00037050200130686879385F5041305457DC9
:10F8F000EFA0302E01A0BC4785E7A1679387078062
:10F90000739007303716020085653705020013062D
:10F910008687938505051305457DEFA0902B01A0F3
:10F9200054557841FD173CC5E38AE6F8C1FB9304C2
:10F9300045002685EFE0DF8D7C403D471D8F18CCCC
:10F94000138781BD14435CD463F3F6001CC3514795
:10F950003387E702B72701209387C7860545BA9703
:10F96000D843144718C454C41447C4C204C79843A6
:10F970005CC8050798C3A1B79387C1BB984394435C
:10F98000084FD4569843BD47958F1CCF8280EF0215
:10F99000FFB68947411163F5A702A16793870780E6
:10F9A000739007303716020085653705020013068D
:10F9B0008687938565261305457DEFA0902101A0DC
:10F9C0002A89AE8932C6EFE08FC69387C1BB9C43BC
:10F9D0009304090113972400BA97DC471384C1BB31
:10F9E0008DE31C4032460547CA97238CE70411CAB1
:10F9F00085453285EFF08FAEB7E700E0116723A0B1
:10FA0000E720EFE02FC4EFE08FC218409397240067
:10FA10003E97484719C5184063800902BA9723A644
:10FA200007001C402AC63E99230C0904EFE08FC151
:10FA3000324541016F00DFAF9306F5FFBA97D4C797
:10FA4000CDB7EF02BFAB094A41116375AA02A167A6
:10FA50009387078073900730371602008565370556
:10FA60000200130686879385052B1305457DEFA0BD
:10FA7000501601A0AA843289B6893AC62EC4EFE096
:10FA80000FBB9387C1BB9C431384C1BBA69783C79D
:10FA90008705630CFA021C4093962400A245B69792
:10FAA000F44793C5F5FF3247F58DECC71C408546FA
:10FAB000A697238CD70411CB3A858545EFF00FA28A
:10FAC000B7E700E0116723A0E720EFE0AFB7EFE072
:10FAD0000FB6638A09001C40138704010A07BA970E
:10FAE000DC4723A0F9001C4009470145A69783C7BE
:10FAF0008705631EF7001C40139724001349F9FF84
:10FB0000BA97F84705453379E90023A627051C4035
:10FB10002AC4BE94238C0404EFE0CFB222454101F5
:10FB20006F001FA1EF023F9F8947011163F5B702E4
:10FB3000A1679387078073900730371602008565A9
:10FB40003705020013068687938585301305457DAA
:10FB5000EFA0300801A005E5A167938707807390A7
:10FB600007303716020085653705020013068687C1
:10FB7000938595301305457DEFA0B00501A03ACEE1
:10FB800036CC32CA2EC82AC6EFE06FAA7247324579
:10FB9000C2455246E24619C7938705018A07AA97CC
:10FBA000DC471CC33307B500834787050948230C8E
:10FBB0000705114793F7F70F6368D704371702005B
:10FBC000130707858A06BA96984202878A05AA957E
:10FBD000F845598EF0C50547638EE70405452AC6EA
:10FBE000EFE04FA6324505616F003F958A05AA9563
:10FBF000F8450507F8C5C5B709476388E70CC1058F
:10FC00008A05AA95D0C5C1BF03A7C1BE69D7A167A0
:10FC10009387078073900730371602008565370594
:10FC20000200130686879385E5331305457DEFA013
:10FC3000407A01A0144558455C491306450098C612
:10FC4000584554C3D4436393C600D8C39843232A6A
:10FC500005007D1798C3938781BD5855944363F37E
:10FC6000E60098C3D147B306F702B7270120938770
:10FC7000C786B697D4438C4614C54CC58C46D0C1B4
:10FC800090C694435CC9850694C31C5585C7A1677B
:10FC90009387078073900730371602008565370514
:10FCA0000200130686879385D5341305457DEFA0A2
:10FCB000407201A083A7C1BBDC57E3F1E7F2B7E7CD
:10FCC00000E0116723A0E72011BF014509BFEF0243
:10FCD0009F84011105E5A167938707807390073022
:10FCE000371602008565370502001306868793855F
:10FCF00055381305457DEFA0C06D01A02A84094544
:10FD00006375B502A1679387078073900730371634
:10FD100002008565370502001306868793856538DE
:10FD20001305457DEFA0E06A01A03ECE3ACC36CA6D
:10FD300032C82EC6EFE02F956247B2454246D24602
:10FD4000F24709CB138805010A0822980328C80046
:10FD5000232007013308B400034788058948230C92
:10FD6000180511481377F70F6367D8043718020096
:10FD70008A0613084886C296944282868A05A2950E
:10FD8000F445558EF0C58546630DD7040544EFE074
:10FD90004F90228505616F004FFA8A05A295F445C0
:10FDA0008506F4C5CDB789466302D710C1058A051B
:10FDB000A295D0C5C9BF83A6C1BEF1D6A16793875E
:10FDC00007807390073037160200856537050200FB
:10FDD000130686879385D53C1305457DEFA0605FAC
:10FDE00001A0185405C7A167938707807390073057
:10FDF000371602008565370502001306868793854E
:10FE0000853D1305457DEFA0C05C01A003A701BDA2
:10FE1000505425EF0C445444584894C55444032886
:10FE20004700CCC2930544006313B80054C3144385
:10FE3000232A0400FD1614C3138781BD144363F302
:10FE4000C60010C35147B306E60237270120130747
:10FE5000C7863697544303A8860014C4232604019A
:10FE600003A886002322B8008CC658C81443850610
:10FE700014C303A7C1BB5857E37AC7F099C305471A
:10FE800098C3054723A8E1BE11B737270120130700
:10FE9000079C54438C4654CC0CD003A88600930591
:10FEA00084012322B8008CC618D4C9B70144C5B553
:10FEB000EF026FE6411105E5A16793870780739014
:10FEC000073037160200856537050200130686875E
:10FED0009385C5401305457DEFA0A04F01A089443F
:10FEE00063F5B402A16793870780739007303716D4
:10FEF0000200856537050200130686879385D54085
:10FF00001305457DEFA0E04C01A02A842EC432C623
:10FF1000EFD07FF7A245B307B4008A0503C7870572
:10FF2000A295238C9704FC458507FCC585476396FD
:10FF3000E70A1C54324685C7A167938707807390F0
:10FF400007303716020085653705020013068687DD
:10FF5000938535431305457DEFA0A04701A083A7F6
:10FF600001BD5854C1E30C4454445C4894C5544406
:10FF700003A84700CCC2930544006313B800D4C360
:10FF80009443232A0400FD1694C3938781BD9443B0
:10FF900063F3E60098C3D147B306F702B727012001
:10FFA0009387C786B697D44303A8860014C4232634
:10FFB000040103A886002322B8008CC65CC89443C1
:10FFC000850694C383A7C1BBDC5763F8E70019C259
:10FFD00085471CC2054723A8E1BEEFD09FEB410136
:10FFE0006F00AFD5B72701209387079CD4438C4679
:10FFF00054CC0CD003A88600930584012322B800BA
:020000021000EC
:100000008CC61CD46DBFEF020FD1EFD05FE213841A
:1000100001C01C40B1EB372501201309C5A313050E
:10002000C5A3EFE0EF9837250120930405A513053C
:1000300005A5EFE0EF97B72601203726012023AA78
:1000400021BF0147938646A61306C69FC1451145A9
:1000500023AC91BEEFE0EFBC08C019C5B715020094
:100060009385858BEFE07F8EEFD0DFDD6F00EFCCE7
:10007000EF026FCA4CC108C9AA876360B602184D67
:10008000158E05456379E6009385470003A581BF7A
:10009000EFE02F9501456F004FCA6375D600054507
:1000A000E3FBD5FE9385470003A541BFD5B7EF021B
:1000B0008FC62A84AE8432890C4CA6864A86A695C1
:1000C0002285EFF0FFFA19E16F002FC71C4C228543
:1000D000BE941C508297CDB7EF02EFC383A741BFF8
:1000E0004111AA84DC472EC6C04713054400EFE047
:1000F0002F9283474402324613F7470019CBA68557
:100100002285EFF0DFFA1C502285829741016F00B3
:10011000CFC2F99B2302F402FDB7EF02CFBF938653
:1001200041BF98421C4381EB938781BF904398C3A2
:1001300090C26F008FC05C47FD558843EFF0DFF938
:10014000F9BFEF02CFBA37190200411113094989EB
:1001500083A741BF984329CBDC47814C03AC070000
:10016000EFE07FDEEFE0FFDE83A7C1BF2A84938448
:10017000C1BF138A01C0636CF50288C063800C04A0
:1001800083A781BF90431336160003250A00B305E9
:100190008C40EFE05F82EFE03FF419EDB7E700E05D
:1001A000116723A0E72009A8854C014C55BFEFF04B
:1001B000DFF680C0EFE05FF2214C0DA00146E36660
:1001C00085FDEFE07FF1A2856285EFF0FFF0EDB7EE
:1001D0009247B2458297824763DD070003250A00F4
:1001E00001468A85EFE0CFDB25D582472245E3C172
:1001F00007FE22445C489DE3EFE0BFD59C40AA8CFB
:100200006374F500EFF07FF1824723A09401FD179E
:10021000E366FCFC8A07CA979C4382871305440067
:10022000EFD01FFFD1BF834744020C4C924693E7A7
:1002300017002302F4026686B6952285EFF05FE38D
:1002400051DD8347440213F7470001CF1C4C924510
:1002500066862285BE95EFF09FE51C502285829729
:10026000B5BFF99B2302F402CDBF83474402F99B3B
:100270002302F402A5B783474402924593E717008F
:100280002302F4020CCC9DE1A16793870780739051
:10029000073037160200370502001306068C930557
:1002A00090351305457DEFA0C01201A0E686668655
:1002B000E6952285EFF0DFDB15B78347440213F79D
:1002C000270055F72285EFD07F9409BFEF02AFA436
:1002D0004111EFF05FD383A701C095CB70002C00D4
:1002E000480002C202C4EF705FE8A24712483246DB
:1002F000B715020037050100394781469385858D82
:1003000013052514EFE0BFA623A2A1C01DE1A1673C
:100310009387078073900730371602003705020075
:100320001306068C930590111305457DEFA0600A16
:1003300001A0054541016F004FA0EF02CF9D411183
:10034000B68732C63E862AC203A501C079572EC49D
:1003500081468A853AC0EFE02FB241016F00EF9DE0
:1003600083A7818237177A0013070720B3D7E702E4
:1003700093F7F70F2385F1C01307803EB387E70299
:100380002394F1C08280B7F700E0D8438146799B7F
:10039000D8C303C7A1C03306A70290CBD4CB9843E0
:1003A0001367070198C398431367170298C3D8438C
:1003B000058B75DF9843799B98C38280B7F700E07F
:1003C000D8438146799BD8C303D781C03306A7029F
:1003D00090CBD4CB98431367070198C39843136716
:1003E000170298C3D843058B75DF9843799B98C350
:1003F0008280EF024F922A84116501118545110513
:10040000EF909FCC930700207C82371501408D47E9
:100410003EC44C00E147130505803EC6EF90DF92D5
:1004200022C837440140B70708000C0813050480B0
:100430003ECC02CA231E0100EFA0AFA785451305DD
:100440000480EFA0CFB205616F002F8FEF020F8BFA
:10045000B7440140AE8932890144938404806345E6
:1004600024014A856F00CF8C930500042685EFA0F8
:10047000EFB17DD9B3878900838507002685050400
:10048000C205C181EFA00FB0D9BF138781841C437F
:10049000B7260120938606C13E95636BD500B786CB
:1004A00001209386068063E5A60008C33E8582800E
:1004B000FD57EDBF73251034828073252034828070
:1004C0007325303482805D71A2C4A6C2CAC052DED8
:1004D00056DC86C62A84AE8455209387C18403A93E
:1004E0000700FD572A8AAE8A6301F9022286A68692
:1004F0002285A685EF80903109E901468146228553
:10050000A685EF70F065634C0500B6402644528521
:10051000D68596440649725AE25A616182808547BF
:100520003EC4970701009387E73B3EC602D422CC26
:1005300026CE22C826CA63070902014681463285B3
:10054000B685EF70C07B2AD02ED28947631EF90092
:10055000EF908007930710021CC1A25799EB025A33
:10056000925A65B702D002D22800E52275D1A2576F
:10057000FDD7EF906005A2571CC1D5B741113707D1
:10058000F07F22C426C206C63378B7002E84AA8420
:10059000630DE816AE87AA86635FB00E13DE454191
:1005A00063010E1A370710001306F7FFF18FD98F7A
:1005B000130E1EC01397170013761E0093D7F60173
:1005C000BA971397160011C67D838607BA971397BB
:1005D0002600135E1E40D945814E81463706200015
:1005E0003385C6001358F701FD1563C6A700898F30
:1005F000B306C500B29E8607C29706070582EDF1D5
:1006000013050002014381483706008019A863855D
:10061000D70E9355F70186077D15AE97060705821D
:100620000DC9B3051601E3D4F6FEB388C5003688BC
:1006300063CE050A958FB336B700958F0D8F93550E
:10064000F70186077D153293C286AE9706070582AD
:1006500069F9D98F9354130089CB93041300FD5784
:1006600085806314F300850E814413D71E40370440
:10067000E03F93FE1E003A9463850E00B7070080AA
:10068000DD8C13174E012297B24022442685BA858D
:100690009244410182801397150005833368A700B7
:1006A0002E87E30308FED9E193D5B600AD172E8758
:1006B000D606FDD913D6450141EA014611A02A8686
:1006C00006079315B70013051600E3DA05FE930835
:1006D00000023688B388A840BA85B396A60033577F
:1006E0001801338EC740B367B7006DBD13C8F8FF5C
:1006F0001358F80136983DBFE36DB7F0B388C500D5
:10070000E3C605FE3E88814715BF2A86AE86EF7098
:1007100090502686A286EF60906BB2402244AA8455
:100720002E872685BA859244410182802A86AE862C
:10073000EF80E0192A86AE86EF70605CAA842E876F
:10074000A1B72E87814795BF3688930800027D5652
:1007500079B701458280EFF21EDC83A741B54111D4
:100760003EC6EF10201B118963000514938741C218
:100770009843B246998E372701200327C7B40583D3
:100780006376D700324798C3EF30D054EF40200053
:1007900083A741C391C7EF30105619E123AA01C2C4
:1007A000938401C29840B247998F1307703E6376D5
:1007B000F700EF202020B2479CC09387C1C0984328
:1007C000B246998E0567130777386376D7003247AC
:1007D00098C3EF10005CB7270120938707B1D84773
:1007E00011CF1387C1C11043B246918E1306703EDC
:1007F0006376D600B246DC4314C38297B724012047
:1008000083A784ABA9CB138781C11C43B2461306CF
:10081000A00F9D8EB727012083A787B8ED83B387EC
:10082000C70263E9F600B2471CC3938784AB9C4BB5
:1008300091C38297938741C19843B246998E3D6791
:100840001307F7A56379D7003247938484AB98C325
:10085000DC4891C382973245938401C1412C9C406E
:1008600032471D8FBD679387F7A563F5E70099248D
:10087000B2479CC003C711C3BE841377F70F0DC7DF
:1008800003C711C31377070C1DE3B727012083A704
:1008900007B999C30545829703A741B523A6E1C2CD
:1008A00093070004A388F1C241016FF01EC903C77A
:1008B00011C31377070415CB83A6C1C203A741B5A3
:1008C0001389C1C2158F93064006E3FFE6FCB727E4
:1008D000012083A707B999C30145829783A741B532
:1008E0002320F900930700F875BF03C711C36207FF
:1008F0006187E35B07FA83A6C1C203A741B5158FE1
:1009000093064006E3F2E6FAA38801C271BFEFF254
:100910009EC037250120130505BAEF10902A6FF00D
:10092000DEC1EFF25EBFB7270120938707B3D85728
:100930003724012088D313674700D8D7118993073C
:1009400044B79C4F130444B701CD99C30145829726
:100950005C4C99C3014582970545352A6FF0FEBD71
:1009600099C3054582975C4CF5DB05458297FDB739
:1009700083A781B6232005009DCB944363DB06004B
:10098000D4479042634506029C4363D4070023A4E6
:10099000D1B683A781B691650146FD153548B708E4
:1009A0000080944363D7060019C223A4F1B6014521
:1009B000828094431393060163420304944393F6A5
:1009C00006108DCE944393F606208DCA9443C182BF
:1009D000ED8EF11614C16371D802944393F60602AA
:1009E00081EA19C223A4F1B69C475CC10545828007
:1009F000944393F61608F5D62320050023A017018B
:100A00000546DC4779BF03A781B6B706008014C34B
:100A1000584723A4E1B68280EFF2FEAF83C711C32B
:100A200093F7F70F81E78547A388F1C203A741B584
:100A3000938781C209CB98C3B727012083A747B901
:100A400082976FF09EAF0547FDB7B727012083A7B8
:100A500047B9014585CF03A701B40DCB144308471F
:100A6000938781C263D206028C43A16689069308EC
:100A7000300603A641B50D8E63E4C800FD1681EA79
:100A800014438606858214C323A007008280104386
:100A9000E34106FED5BF03A741B5B72701209387E1
:100AA000C7AA88A3239107002392070098C7A380B1
:100AB00007008280EFF23EA6B7240120138404BA17
:100AC0005C4041116C00138504BA3EC62322040029
:100AD000EF10204DB2476C00138504BA5CC05C4433
:100AE0003EC6EF10004C41016FF03EA5B727012034
:100AF0009387C7AA982319E388C7828098479306EB
:100B0000703E3307E54063F3E602EFF2DEA0BA235E
:100B100088C7914663F7E6000145EFF0DFF76FF015
:100B2000DEA10507BAA3EFF0FFF8D5BF8280EFF290
:100B30009E9E2A840145EFF01FF6B7270120938778
:100B4000C7AA11C8054798B3B7270120094723AEA4
:100B5000E7B46FF09E9EA3800700E5BF8280032864
:100B60008503630B0802EFF21E9BFC5D014791C7F2
:100B70000507420741839C43DDBF83A7050891C752
:100B80000507420741839C43DDBF814601468145FD
:100B9000029801456FF07E9A01458280014582806E
:100BA000EFF2FE945C42032A85000329C500004948
:100BB000AA8488239C33B289A2075D8DEF10B00F01
:100BC0009355650093F5C503B305B0404E85EF20FE
:100BD000904449E5DC44984C03DB8900998F63F825
:100BE00067014E85EF20104A05456FF0DE934A9A63
:100BF0004E890356A900B30A8A40832B490063F447
:100C0000CA045686DE852285EF8050218357A900CD
:100C10009844330444413E942286B3855B013A856F
:100C2000EF80D01F2A9403290900E31409FC4E85A4
:100C3000EF2050459C4C80C8DA979CCC9C4093E7B1
:100C400047009CC055B72285DE85EF80301D835755
:100C5000A9003E94E39957FD8044F1B7014571B76F
:100C600071CAEFF2DE88832BC5001C4D035B860042
:100C7000BA8AB387FB40368A32892A8463F76701D0
:100C80003285EF2030406FF01E8A1C450449B2893E
:100C9000BE9B03D6A900338C9B4083AC490063778D
:100CA000CC066286E6852685EF80501783D7A9009B
:100CB0001844B3847441BE942686B3858C013A856A
:100CC000EF80D015AA9483A90900E39409FC4A8512
:100CD000EF20503B032884036305080483451A0072
:100CE00083470A001448A205DD8D83472A005A87EE
:100CF0005686C207CD8F83453A002285E205DD8DF9
:100D000002981C44232C04001CC8B5BF2685E68528
:100D1000EF80D01083D7A900BE94E39687FB0444EC
:100D20005DB7184C1C4004C85A9793E7470018CC8D
:100D30001CC091BF828018519547631AF70CEFF2DF
:100D40000EFB1C492A847D55D9CF328AAE8455CA00
:100D5000832A84005844835B86003289BA9AC20A87
:100D600093DA0A019399070193D90901338B3A4128
:100D70000356A900420B135B0B01032C4900637659
:100D8000CB065A86E2853E85EF8050090357A900BD
:100D90001C44B3056C0133075741BA99C20993D972
:100DA00009013E854E86EF807007B30735010329A0
:100DB0000900E31909FA184C1CC852855E9718CC33
:100DC00018401367470018C0EF20D02BFE38184C8E
:100DD0002685B38B77415C44239B7403998FDEB4E3
:100DE000EF30A01101456FF00EF43E85E285EF80F3
:100DF000F0020357A900B307E500E31A67FB1C44A0
:100E00007DB70145EDF22E85EF306058E9BF65559D
:100E10008280EFF2AEEEB719012003C601C313873B
:100E200049C68147938949C693F6F70F63E5C60023
:100E30006D556FF0EEEF0328070293861700130736
:100E4000C70363040800B687C5B71309C003338915
:100E500027032E842A8A1306C0038145B3842901FF
:100E60002685EFF04EEE1305C902114693054400A6
:100E70004E95EF80A07A5E3080D8A685DCD083279F
:100E80008A0222859CD4EF308016B7150100938525
:100E9000C5B52285EF30A016B7150100938565D33F
:100EA0002285EF300015B71501009385E5B5228541
:100EB000EF308014B7150100228505469385C5B92A
:100EC000EF3080148D47DCCC95479CD09C200145A9
:100ED00093E787009CC0B1BF01CD3305A040B71791
:100EE00002009387878E1375F50F3E950821828047
:100EF00001458280EFF22EE29307C003B387F5022B
:100F000037140120130744C62A89AE841306C00390
:100F10008145130444C6BA973E85EFF0CEE26307DD
:100F200009001306C003CA85EF80406F9305C00314
:100F3000B385B402A2959C459CC9DCC96FF0EEDF75
:100F4000EFF2CEDB2A8A372501204111AE89B28427
:100F500081456146130585AB36C6EFF0CEDEB2465D
:100F600037240120130904B3B68519461305C900B7
:100F7000EF80C06A1146D285130504B3EF80006A82
:100F80001146CE8513054900EF804069130404B370
:100F9000A1E0B7070001FD171CC4814483C701C34A
:100FA00063CFF402EF10E04885475CD01567B727A0
:100FB0000120938747B2130707E298C3116713070D
:100FC00087A9D8C3254798C7014541016FF04ED680
:100FD0001146A68513058400EF8040647DBF93F51C
:100FE000F40F0145EFF01FF185044DBF1841B727FD
:100FF0000120938747B298C35841D8C3184598C772
:1010000082801855B7573412938787676311F71298
:10101000EFF2CECE1C512A84254563820710372972
:101020000120130640048145130509B3EFF0AED14A
:10103000B72401201306C0028145138544B7EFF0A1
:101040008ED01306C002A285138544B7EF80005DE1
:10105000938944B703A749014A86938744B72DEB88
:10106000B706020003D7066E9386066EAE222E9751
:10107000CE22F6222E9736979316270163D3060ABF
:10108000D8CBD84B9356E700FD8A89EAB746F8FFDC
:10109000FD16758FB7060500558FD8CBD84B9356E4
:1010A0003701FD8A89EAB746F8FFFD16758FB70646
:1010B0005000558FD8CBD84B9316670063CA0600F3
:1010C000B70600FEFD16758FB7060014558FD8CBF6
:1010D000D84B9356B70189E6B7060040558FD8CB59
:1010E000D85311E73717010013070797D8D3D44B0C
:1010F000014513D7E6007D8B2388D1C2930706B341
:1011000098CF13D736017D8B130620033307C70210
:10111000D8CF13976600635407000947B8C36FF030
:101120002EC1F976FD16758F8966558F91BF13050F
:10113000F00F828003C601C3B7170120938647C60C
:101140000147938747C66317E60081476313F70299
:101150000145828003A807036317A80009C5054558
:10116000EDD998A1828005071377F70F9387C703FE
:10117000D9BFD05A6319A60019C50545F9D993E717
:1011800007F89CA18280850793F7F70F9386C60323
:1011900075BFEFF2AEB6371901202300050003C773
:1011A00001C34111930749C68144130949C6631716
:1011B00097001305000241016FF08EB79387C703B4
:1011C00083A647FE63810618850493F4F40FC5B720
:1011D000B727012083A707B36C003EC6EF20F01DA0
:1011E00011469305C4026800EF8040436C004E85B1
:1011F000EF20901E1306C0033386C402B71501000A
:10120000938505BA4E854A96EF20F01E95473725FF
:1012100001206C00232834031CD0130505BAEF000D
:101220005058A6852285EFF0FFCC014569B70947E4
:101230006390E70AEF50B02EAA8963030512930A60
:10124000C4021146D6856800EF80403D324A37051A
:1012500000F0EF106029337AAA00370500E0EF10A4
:10126000A0286300AA04B7250120938505BA680069
:10127000EF10A06F1DE5B727012083A707B3123435
:101280006C004E853EC6EF5050031DE1D6851146D9
:101290006800EF80A03852306C004E85EF50F01C93
:1012A00039A012349385C1954E85EF50100101C5C8
:1012B000EFF09FC209B71306C0033386C402B71507
:1012C0000100938505C64E854A96EF50F0213DBF3B
:1012D0000D4713051002E390E7EEEF3060475C44E2
:1012E00012346C005EB9B727012083A707B3AA891F
:1012F0003EC6EF2090252A8A11C54E85EF30200981
:1013000052857DB79305C003B385B4024E85CA9557
:10131000EF20F04DB71501004E859385C5B5EF2040
:10132000104E9547A685228523283403232A3403AB
:101330001CD0EFF03FBC372501206C00130505BA27
:10134000EF003046DDB504A1DC4DC4C12E84E3902E
:1013500007EE03458402EF205016AA89E31A05E63A
:10136000454591BDEFF22E9B4EB52A84EF20F03813
:1013700009CD83476402228593E727002303F40203
:10138000EF40F06405456FF04E9BB727012083A71F
:1013900047B8A183858BFDD783476402858BFDD336
:1013A0008947A303F402054723AAE1C2E1BF83C72B
:1013B00001C36376F5041307C0033305E502B717CD
:1013C0000120938747C63E95584D232C050050C5F4
:1013D0000CC50CC94CC98D476313F702085905C1E8
:1013E0005A3993371600631CF700EFF2CE9293152B
:1013F0000601C1814EB9EFF0FFF66FF00E948280C6
:10140000EFF2CE8F14426944CDCE23200600328AFB
:101410001306C0033306C502B7140120138744C660
:10142000AA89AE87938444C63297032B870050471E
:1014300003298701404B329B63F326013689B30AA7
:101440008B4063F32A0981CB3E855686A285EF80C7
:10145000E01CB30755011307C0033387E9024A9420
:10146000330464412697832A870091C72286D68554
:101470003E85EF80A01A56949307C003B387F90204
:1014800023202A01A697984FC0CB3309274123ACCC
:101490002701631809009847D8CB98CB98436D9BD8
:1014A00098C39307C003B389F9028D470144CE94D2
:1014B000D84C6318F70063160900CE248858EFF063
:1014C0007FEA22856FF0CE8691C74A86A2853E8547
:1014D000EF80C0144A94E3912AFB9307C003B387BB
:1014E000F902A697804749BFEFF26E8000422320A1
:1014F000060055C4AA876945D9C51305C003B3873B
:10150000A70237150120130545C6B72A01208144DB
:10151000AA9703AB070393870AB3BC43938A0AB322
:10152000898B99E39304700C9307805C63F48700C4
:101530001304805C931C0401328A2E8993DC0C0115
:10154000130C800C0146E6850145EF208038AA89FE
:1015500029C948412286CA8523AE0A02EF80000CC1
:10156000CE855A85EF206071AA8B4E85EF208031A1
:1015700083A7CA0399CB8504C204C180EFF02FB9B9
:10158000E39284FD4D456FE01EFA63D60B005E8545
:10159000EFF09F94CDBF23208A000145EDB7694548
:1015A000DDB74545CDB7EFE29EF4004223200600AB
:1015B00055C4AA876945D9C51305C003B387A702D7
:1015C00037150120130545C6B72A01208144AA9783
:1015D00003AB070393870AB3BC43938A0AB3898B8F
:1015E00099E39304700C9307005C63F48700130481
:1015F000005C931C0401328A2E8993DC0C01130CCD
:10160000800C0146E6850145EF20A02CAA8929C956
:1016100048412286CA8523AE0A02EF802000CE858B
:101620005A85EF506063AA8B4E85EF20A02583A7D3
:10163000CA0399CB8504C204C180EFF04FADE39299
:1016400084FD4D456FE03EEE63D60B005E85EFF006
:10165000BF88CDBF23208A000145EDB76945DDB7BE
:101660004545CDB7EFE2BEE88329060023200600FA
:10167000638E090CAA872E8B6945A1C11305C0038F
:10168000B387A70237150120130545C6372A012065
:10169000B28B930A900C8144114C130A4AB7FD5C3B
:1016A000AA9703A90703FD1AC20A93DA0A016398ED
:1016B0000A0083A70B00C9CB01456FE0DEE6832754
:1016C000090163978709EFF08FA40357690719E3AE
:1016D0004545E5B783270A01858B99E3E36A37FF20
:1016E00003244A00637387003A8463F389004E84BD
:1016F000131604014182854691E38146DA854A85C5
:10170000EF40F022AA844A858DE4EF40502C83A755
:101710000B00B3898940AA84A29723A0FB00229BD7
:10172000E38C09F883270A01858BB5FFEFF0CFFA28
:1017300069B763999401EF40902983270A01858B4B
:10174000BDF379B7EF40B0282685CDB76945B5B769
:101750005D45A5B79307C003B307F502371701200E
:10176000130747C6BA9703A8070215476307E8009F
:10177000DD47232006003E858280EFE2DED9D84F88
:101780008D476318F700EFF0FFEDAA873E856FE005
:10179000DEDA01E7EFF05FD5CDBF89469307A00FF2
:1017A000E316D7FEEFF03FE0CDB7EFE2DED6A1477C
:1017B000AA840021638AF50263ECB7008547638140
:1017C000F502894713642400638EF5006FE0FED6AE
:1017D000C147638EF5009307000413640404EDB75A
:1017E0001364140080C0DDB713648400E5BF48595A
:1017F0001364040165D9EF209039EDB7EFE2BED153
:1018000041119305F1002A89A3070100EFF09F928F
:1018100015C5808793178401E18763D40702137489
:10182000F4071307C0033304E402B71701209387BA
:1018300047C63E94232A04022320040241016FE09C
:10184000DECF83C701C3E37BF4FE1307C003330776
:10185000E402B7170120138547C6938447C63A951B
:10186000544D0D47E39CE6FC832709010547DD172E
:1018700093F7F70F636DF700C145EFF01FF3930780
:10188000C0033304F40226942328040275B71C21F4
:1018900093E707041CC1E5B73717012083C601C3CE
:1018A000130747C68147638FF6001307C703032654
:1018B00047FC11CEB7270120938707B3D85713678A
:1018C0000701D8D7B727012003C5C7B58280850790
:1018D00093F7F70FC9BFEFE21EC4EFF0FFFBB72786
:1018E000012023AE07B46FE05EC583C701C36371F7
:1018F000F5029307C0033305F502B717012093875C
:1019000047C6AA9798431375F70F118B98C3828027
:1019100001458280B727012003C507B58280930760
:10192000C0033305F502B7170120938747C63E95DC
:101930001C5995CF145115475D45639BE602858977
:101940009A279DC1136787009AA73727012013079D
:1019500047B2144323A0D70A5443184723A2D70AF7
:1019600023A4E70A014582805D9B9AA7E5BF5D45F8
:1019700082801307C0033307E502B717012093865F
:1019800047C63697105395466319D604EFE2BEB8A2
:10199000045B585B938747C6630497005D479DE8E7
:1019A0001304C0033304850226853E94A2852328B0
:1019B0000402EF20C0639305F00F2685EF20404A14
:1019C000454709C9B715010048D8938525E1EF209F
:1019D000606301473A856FE05EB65D473A85828075
:1019E000EFE27EB31304C0033304850237150120F0
:1019F000130545C6DD442A94085801CD1850954773
:101A000081446318F700EF50802E2328040223201E
:101A1000040226856FE07EB2EFE2FEAF1304C0033E
:101A20003304850237150120130545C6DD442A9489
:101A3000085801CD1850954781446318F700EF20EE
:101A4000C024232804022320040226856FE0FEAE72
:101A5000EFE2DEAA9307C003B307F50237140120B3
:101A6000930944C62A894111130444C68144BE998E
:101A700003A5490301C92EC6EF207011B245AA84FF
:101A800023A009029307C003B307F902A297885B5A
:101A900009CD85E1EF20B00FAA8481E81305C003CA
:101AA0003305A9022A9423200402268541016FE010
:101AB0003EA885476396F5008545EF20902BF1BF42
:101AC00089476394F5008145CDBFD954F9BF03C759
:101AD00001C3637BE5041307C003B307E5023717AF
:101AE0000120130747C69546BA9790535D47631E7A
:101AF000D602EFE25EA2DC4F09476397E700EFF002
:101B00003FEE6205618531A00D47639AE700EFF073
:101B10003FF4EFF06FBC2A873A856FE01EA265475D
:101B2000E5FFEFF07FEFF1BF69473A858280B72785
:101B3000012003A587B8358105898280B727012058
:101B4000938707B305474111C8CB94DBD0DB8CDF0B
:101B5000D8D741018280B7270120054723A6E7B6E1
:101B60008280EFE25E9BB727012003A607B883A619
:101B70000185131786016187630B051483C781C331
:101B8000614889483388070336980323C8006310E7
:101B9000131503431500834805000328080022039A
:101BA0003363130183482500C20833E36800834888
:101BB0003500E208B3E86800639B0811E207E1879B
:101BC0003E856FE09E97B3885702B69803AEC80073
:101BD0006319060763170E06139887011358884187
:101BE000850793F7F70FE3E0C7FE6317060193F845
:101BF0001500FD57E38608FC8989FD57F1F19377BD
:101C0000F80F636BC8009377F30F6367C300FD574A
:101C1000E378C7FA9377F70F61473387E702BA96FD
:101C200023A6060001CD103118212206598E382135
:101C30004207598E38316207518F98C223880600B7
:101C40000DA863147E040DC9834E1500034E0500D4
:101C5000A20EB3EECE01034E2500420EB36EDE019E
:101C6000034E3500620E336EDE0183AE080063154D
:101C7000DE01238CF1C299B783C80801E3E2E8F7DB
:101C8000139787016187468FA1BFE31B8EF415C5AB
:101C9000834E1500034E0500A20EB3EECE01034E97
:101CA0002500420EB36EDE01034E3500620E336E28
:101CB000DE0183AE0800E30EDEFB83C80801E3E12A
:101CC000F8F31393870113538341C68F11BF3A88EA
:101CD0003A83814F014F8147E1428543094421B74F
:101CE000EFE2DE8198319C21368A22075D8FBC218C
:101CF0005441C2075D8FBC31E207D98F639BF60068
:101D000089E6D9573E856FE0BE820545EFE03FE2A8
:101D1000CDBFE5DB2E842A89AA852285B289EF0012
:101D2000D04465F11C300420370500F0A207C58FB0
:101D30002420C204C58F2430E204DD8CEF00C07A79
:101D4000E98C370500E0EF00207AE38CA4FAD28515
:101D50002285EFF01FE1AA87E34605FAE147B307C2
:101D6000F50203A501853E9589475CC5232A250117
:101D7000938759001307950094237D1714B3938616
:101D8000F7FF6396F900230805008147A5BFB687D2
:101D9000E5B7B727012003A507B803A801850147C8
:101DA000E14809430546130EF00E6363A7008280E5
:101DB000B3061703C2969C2ACC46850793F7F70F04
:101DC0009CAA63986500636AFE0005071377F70F06
:101DD000E9BFE39CC5FEE37AF6FE23A60600F5B74D
:101DE00021CDEFE24EF3C4412A84DC34C824A2079B
:101DF0005D8DEF00606BA1679387071093852401C9
:101E00006304F5009385E400D835DC2522075D8F57
:101E1000FC25C2075D8FFC35E207D98F5840B98F8A
:101E20001844F98F81EB814613866400B105228541
:101E3000EFF01FEB6FE06EF0828063030516EFE2B8
:101E4000EEEB3A26930790024111B2892E8AAA84BA
:101E500063E8E7004E85EF10F02241016FE04EEDA0
:101E6000032946008347D9000345C900130429010B
:101E7000A2075D8D152DA167938707106304F500F8
:101E80001304E900834A14001C200545A20AB3EAA2
:101E9000FA00192DE390AAFC834A54005C20130534
:101EA0004060A20AB3EAFA000125E395AAFA834A40
:101EB00034003C200565A20A13050580B3EAFA0048
:101EC000E523E399AAF8930AE4001146D685680051
:101ED000EF70C074D44013068400ADC2183C1C2CB3
:101EE00022075D8F3C2CC2075D8F3C3CE207D98FF7
:101EF0006396F60485466C002685EFF07FDE054B81
:101F00007C306820A2075D8D45238547630FF5026D
:101F10008947E311F5F46C002685EF102033B727CD
:101F2000012003A787ABE30707F2938787ABDC4762
:101F3000E38207F26C002685829729BF81466C00F8
:101F40002685EFF0FFD9014B65BFE3050BF009458E
:101F5000A12B68A0218168B01146D68513058401A4
:101F6000EF70C06B1146938544005685EF70006B8F
:101F7000350415099547FD5618207D197D1438B490
:101F8000A300E9003307FA001823FD1718B0A303D4
:101F9000E900E393D7FE9C4CCE85268582975DBDF4
:101FA0008280EFE2AED52A89AE8901469305A00270
:101FB0000D45EF1010127D544DC94041AA840545CE
:101FC000E52148A8218148B89306E9029307540007
:101FD0001547938541951386C1947D5503C8060026
:101FE000FD17FD16A38B07013388E50003480800A1
:101FF000A38007033308E600034808007D17A38089
:10200000070103C81600A3830701E319A7FC1146C3
:10201000930549001305C401EF704060CE85114659
:1020200013056402EF70805F0545BD2968A48569CA
:10203000218168B413850980852908A8218108B801
:1020400013054060952128A8218128B8138569804F
:10205000A1298327890148A4218148B4A6854A85FE
:1020600082972A842685EF10F00122856FE04ECCFE
:10207000EFE2CEC82E842A89AA852285B289EF0094
:10208000D00E01C559556FE0AECA1C30042037058B
:1020900000F0A207C58F2420C204C58F2430E204BB
:1020A000DD8C9921E98C370500E03D29E38CA4FC07
:1020B00018301C2022075D8F3C20C2075D8F3C300A
:1020C000E207D98FE1D385452285EFF09FA9E34C44
:1020D00005FAE147B304F50203A70185138A0185D8
:1020E00085472697544799EA5CC7EFF0DFA6A2859B
:1020F0004A85EFF01FEBE38809F831A0E387F6FE8D
:102100007D55E38409FE83270A000947A697D44733
:10211000E39BE6F603A44900138797001306E90240
:10212000930654008D070C237D17FD168CB20C22EC
:102130007D16ECB2E319F7FE056513050580AD26A3
:102140008327890148A4218148B4CE854A85829796
:102150001DBFEFE2AEBAAE8441112A89B94526858A
:102160003284EF10406B631E0510CA852285EF0094
:10217000C07F631505101C3083490400370500F04B
:10218000A207B3E7370183492400C209B3E7F90086
:1021900083493400E209B3E9F900B926B3F9A9008B
:1021A000370500E091261020143038203C30639C25
:1021B000A90813958600518D4207598DE207854580
:1021C0006C845D8D9305E0054C85392E4181137536
:1021D000F507C88508301C2022055D8D3C20C2070C
:1021E000C98F283062055D8D01262181488608301F
:1021F0001C2022055D8D3C20C207C98F2830620556
:102200005D8DDD24C8863400C04095477D56130798
:102210005400B385F6008C217D170CB3B305F9008B
:1022200083C59502FD176CB3E395C7FE05651305DD
:1022300005809D2C8327890148A4218148B4A68567
:102240004A8582970DA8A206D18E4207558FE207D4
:10225000D98F03274900B98F03278900F98F99C7C0
:102260008327C900715581CB1304C9002686A28536
:102270004A85EFF0FFDF41016FE08EAB9386C1949A
:1022800061B77955CDBFEFE20EA944412A842E896A
:10229000DC34C824A2075D8D012CA1679387071049
:1022A0006317F5009C388828A2075D8DF52A9307EF
:1022B000058091CB8567938767806302F50422854B
:1022C000EF10405C15A8A2854A85EFF07FB1DC34A1
:1022D000C824A2075D8DC92AA16793870710B94555
:1022E0006313F500C945B305B0402285EF10A05235
:1022F00079F5CA852285A92401456FE00EA42286BE
:10230000930599024A85EFF05FB3FDB7EFE2AEA007
:10231000B7270120938707AD5CD193075006A30927
:10232000F5029307E006230AF502B7270100938719
:1023300027155CC9B7270100938707371CCDB72540
:10234000012099472A842304F502232E050019460B
:10235000938595BC13059502EF70402C9307C05DE3
:102360001EB8930730032309F40201456FE0EE9C89
:10237000EFE26E9AB1642E8493841435EFF08FD916
:10238000118915CDFD1485CCEFE02FEC2A897DD580
:10239000AA87814401E8CA852685EFE0EFE7014579
:1023A0006FE0AE9932244C403E85EF7020273A24EE
:1023B0000040BA94C204B307E500C180E1BF5155A3
:1023C000C5B7EFE2AE93B727012083A787B9AA89E3
:1023D0001385C1C39384C1C382978C40A9C983C7A5
:1023E00011C31384C1C393F7F70F81E78547A3880F
:1023F000F1C2C2050D46C1810D454440EF10604D4C
:102400002A8915C52A8432244840A685EF70002108
:102410003E240040BE9465F8EFE0EFDE83A709019B
:10242000CE854A85829701C54A85EF10A0456FE0A9
:102430002E90EFE24E8E41113724012002C202C4D9
:1024400002C6EF00D078130504BAB725012019465B
:102450009385C5B313059502EF70401CB727012083
:1024600003A707B3938707B3130504BA3AC2984783
:10247000DC433AC43EC623AE01C423AC01C4EF1012
:10248000A03837280100B7270100740030004C0045
:10249000130868289387C7300147130504BAEF1063
:1024A000003141016FE06E899317850021815D8DB8
:1024B0004205418182809317850021815D8D42050F
:1024C000418182801357850193178501D98FB70603
:1024D000FF0013178500758FD98F4167130707F029
:1024E0002181798D5D8D8280EFE2EE82EFF09FFD9C
:1024F0006FE0AE84EFE22E8203A4C1C5AA8401EC92
:1025000003A581C511C5EF10803019C103A481C591
:1025100022856FE08E822285EF10602F05C19830F2
:102520009C2022075D8FBC20C2075D8FBC30E20774
:10253000D98F5840B98F1844F98FF9DB0040C1B7E3
:10254000EFD2FEFA4041AA84AE891C300820A207CF
:102550005D8DEFF05FF63181420541819147630661
:10256000F5002685EF10003231A41C300820A207A8
:102570005D8DEFF05FF419813C30137AC50328209C
:10258000A2075D8DEFF03FF3BE242A89E3EB47FD00
:102590009E24E3E8A7FCD2852285EF40F04171F14B
:1025A000CA852685EF10E046370500F0EFF0DFF32F
:1025B000370500E0EFF05FF34E89054B930B040104
:1025C0004A85EF10C02411E563130B12032909009B
:1025D0000DA293074900EDDB83264900F5D6183894
:1025E0001C2822075D8F3C28C2075D8F3C38E2071C
:1025F000D98F6382F604CA855E85852E0DED1C3861
:10260000834A0401370500F0A207B3E75701834A64
:102610002401C20AB3E7FA00834A3401E20AB3EAAA
:10262000FA00EFF07FECB3FAAA00370500E0EFF014
:10263000BFEBE39BAAF858345C2422075D8F7C240F
:10264000C2075D8F7C34E207D98FB9C3CE851305ED
:10265000C400212EE31705F05C34034AC40037059B
:1026600000F0A207B3E74701034AE400420AB36758
:10267000FA00034AF400620A336AFA00EFF0DFE678
:10268000337AAA00370500E0EFF01FE6E30BAAEC6F
:10269000E30909EC03497400682022093369A900A1
:1026A00011657D15EFF05FE03375A90011C5268532
:1026B000ED26AA8461C14041CE852685EF10604990
:1026C00055E91C340824A2075D8DEFF0DFDE137599
:1026D000F50F99476303F50AC5476309F508854770
:1026E0006312F50ACE852685EF40006D61A003A92F
:1026F000C1C56314390103290900014BE31209EC38
:102700001C340824A2075D8DEFF0FFDA1375F50F76
:10271000C547631EF500B3074401A823BC33A207D5
:102720005D8DEFF05FD993074004630DF502854A94
:102730001C340824A2075D8DEFF0FFD71375F50F49
:10274000C5476319F508229A83473A0003452A00D2
:10275000A2075D8DEFF03FD69307C076631CF506A8
:102760004E893DB7E39809F2814AD9B7CE852685CF
:10277000EF40201101456FD01EDBCE852685EF206E
:10278000702ACDBFCE8513050401C522E31B05DCED
:102790001C3803490401370500F0A207B3E72701FD
:1027A000034924014209B367F9000349340162096E
:1027B0003369F900EFF05FD33379A900370500E002
:1027C000EFF09FD2E30FA9D8C0C089452685EF401E
:1027D000B00341BBE3910AE669B3EFD25ED1AA89A7
:1027E0004289630F0612AE8AD1453A8AB284B68B0B
:1027F0003E8BEF10400279576311051203A4490084
:10280000A20B1C340824A2075D8DEFF0DFCA1375FC
:10281000F50F33657501EFF03FC91357850018B404
:1028200008A4EFF05FC9218142054181220533658B
:10283000650142054181EFF03FC798309C2008A414
:1028400022075D8FBC20218108B4C2075D8FBC3098
:10285000116513050550E207D98F13D787001CA80F
:1028600018B813D70701E1833CB838A83365AA002C
:10287000EFF09FC308A0218108B003D58900138A17
:1028800041C4EFF07FC228A0218128B003550A007F
:1028900023030400A3030400EFF01FC183570A00C1
:1028A00048A02181850748B02310FA0063810A02FD
:1028B00003C71A0083C70A0022075D8F83C72A0057
:1028C000C2075D8F83C73A00E207D98F99E71307E4
:1028D0004900814719C38327490013D787005CA4A7
:1028E00058B413D70701E18378A47CB4230504000E
:1028F000A3050400D1452285EF40100C28A42181B6
:1029000028B48357090385C303D7890063FDE70013
:102910002686CA854E8585232A873A856FD0BEC014
:102920004441C104F9BF832749012686CE854A85E3
:102930008297DDB7EFD23EBE01112A8432852ECEBA
:1029400036CC3ACA3EC832C6EFF0DFBA09CDC2472C
:102950005247E2463246F2452A882285EFF0FFE7E9
:1029600005616FD09EBD7155E5BF18311C2122074E
:102970005D8F3C21C2075D8F3C31E207D98F938682
:10298000F7FF75576366D70203C725030145098B17
:102990000DC3D841630FF70094453D8F758F11EB40
:1029A00013C5F6FFE98F3385A740133515008280E4
:1029B00005458280EFD2BEB303A481C4C544014B58
:1029C000138981C419E06FD01EB6FD1493F4F40F7F
:1029D000FDD87C3C032C040091C7FD177CBC228BE6
:1029E0006284CDB783294400814A03A549005C3144
:1029F0005821A207D98F85EF18311C215146220793
:102A00005D8F3C2193058400C2075D8F3C31E20756
:102A1000D98F5CC0EF60904085454E85EF400060E7
:102A20004E85EF108004AA8A4E85EF00B065832999
:102A3000440063960902032709001C40631CE40458
:102A40002320F900A2851545EF00B046138761C425
:102A50001E235A84B38A57412310570149B703A74D
:102A600049004E851C33034A0700A207B3E747011C
:102A7000034A2700420AB367FA00034A3700620A92
:102A8000336AFA00EF00707EAA9A4E85EF00905FDD
:102A9000D28945B72320FB0075B7EFD25EA544412C
:102AA0002A899C308820A2075D8DEFF0DFA0198174
:102AB0001375C503D1476312F526FC30E820A20741
:102AC0005D8DEFF05F9FBC302A8BA820A2075D8D43
:102AD000EFF07F9E9C30AA8C8820A2075D8DEFF0DE
:102AE0009F9D2A8C4A85EF005078B727012083A745
:102AF00047B803D761C42A8D8D832A97FD8B9389AC
:102B000061C463ECE72003A481C4814A138A81C4B1
:102B10001DE81545EF00F0372A8463000520714653
:102B2000814513054400EFD01EA28D477CBC83274E
:102B30000A0023208A001CC05146A6851305840084
:102B4000EF60D02D95ACD834DC2422075D8FFC24B7
:102B5000C2075D8FFC34E207D98F58486316F7022D
:102B600098389C2822075D8FBC28C2075D8FBC382F
:102B7000E207D98F184C6319F700DC30D4205A24AF
:102B8000A207D58F6306F720A28A004051B7CC4236
:102B900003C8550003C34500220833686800637CFE
:102BA000060D93D5860094A38CB393D50601E182DC
:102BB000ACA3B4B3630E072A74336C23A206CD8E84
:102BC0006364D6146362A814935689002300270116
:102BD00014B3935609011359890134A3A3012701A2
:102BE000782C014B058B630F0718638D081858402C
:102BF0004443D830D4202207558F631507189433E7
:102C00009823A206D98EB8234207D98EB83362071B
:102C1000558F61E75E2C03C904005146D1075EACB5
:102C20009C30930584002685A207B3E7270103C9DA
:102C300024004209B367F90003C93400620933690B
:102C4000F900EF60B01D4A2CEFF01F86A8A021818B
:102C5000A8B023830400A383040023850400A38574
:102C60000400D1452685EF402055A8A42181A8B4B1
:102C7000032B4400D5A063090609F43103C36500A2
:102C8000A206B3E666006361D60801CB74237833ED
:102C90002207558F6303E800814898319421220769
:102CA000558FB421C206558FB431E206D98E2E87D6
:102CB00065AA935689002300270114B3935609018E
:102CC0001359890134A3A301270174237833220700
:102CD000558FE307E6F0814821B75443EC23F833DE
:102CE000DC32D0222207A2074D8FD18F631AF70260
:102CF0009C329822A207D98FB8224207D98FB832C6
:102D000062075D8FB68731B74A85EF00105683D7CB
:102D100009003385A7402390A9004A85EF0090362B
:102D2000014B8DA0B1554A8583244900EF00B02E98
:102D3000CA855A85EF0030559C3003C90400A207AC
:102D4000B3E7270103C924004209B367F90003C9A7
:102D5000340062093369F900E31609FC03270A000D
:102D60001C406314E4022320FA00A2851545EF00FD
:102D700050145A85EF00704F83D709003385A74060
:102D80002390A9005A856FD00EFA23A0FA00F1BF54
:102D9000FC30E820896BA2075D8DEFF0CFF1FD1BC1
:102DA000337575014205418101E96A24EFF0AFF006
:102DB00033757501E31205D883D709003E9D239032
:102DC000A901FC30E820A2075D8DEFF0CFEE93174C
:102DD000250163C2070213153B017C2C4D810E05B2
:102DE000135C6C006695137CCC0393E717003305E6
:102DF00085417CAC4AAC83244900BC30A820A207A2
:102E00005D8DEFF04FEB9C302A8B8820A2075D8D03
:102E1000EFF06FEAFC30AA8BE820A20793DB6B008F
:102E20005D8DEFF04FE94E054D81131635003305EA
:102E3000CB0013FBCB0383274900330565414205D3
:102E40001357860041815440D8B313578500F8B317
:102E500023800700A380070023810700A3810700C8
:102E6000D0A3E8A385480147E39306D2E31307E420
:102E700023222401B5B3EFD20EE7032C4500011144
:102E800032CA03477C00AA8D03456C00220783DB0E
:102E90000503598DAE8CEFF00FE28966B377D5004C
:102EA000138ACBFEA146334ADA0283D48D00096728
:102EB0007D173EC63379E500B1144209C2041359A7
:102EC0000901C1800144514D3ACC420A135A0A010A
:102ED00093163A0093970601C1833EC89387DBFEA1
:102EE0003ECE89E4014505616FD0AEE3E247A68A94
:102EF000337BF900B24733EB6701F24763C6F40056
:102F0000C24A8967336BFB000146D1450945EF0092
:102F1000501CAA8939C948415146E285EF600070CA
:102F200003A64D0083AB49006A9623A2CD0003D6C9
:102F3000AD00B306A6412395DD00568D63090D044F
:102F400003D4AD0063738D006A844204418001E4C0
:102F500083AD0D00E5B7814509460D45EF007017BB
:102F6000AA8511E54E85EF00F0117D55ADBF03A692
:102F70004D0002A522A550C14E85EF00D030B3060A
:102F80008D40139D0601135D0D01E3130DFC5A8561
:102F9000EFF08FD12383AB002181A383AB00138596
:102FA0004A0142054181EFF02FD02381AB002181FE
:102FB000A381AB00D14523850B00A3850B005E8563
:102FC000EF40801F03A74C0152462385AB002181AF
:102FD000A385AB00CE8566850297B3845441529990
:102FE0004E85C2044209EF00F009C180135909015E
:102FF000228DC5BD3C296385B7002CA9A309050016
:1030000082805E2D184DB306F7002388B60E938696
:1030100027008507C207C18356ADBA972388C70E1C
:1030200082805A2D1C4D9306170056ADBA972388FF
:10303000B70E82805E2D184D13D68501B306F700BA
:103040002388C60E93861700C206C182BA9613D68D
:1030500005012388C60E93862700C206C182BA9650
:1030600013D685002388C60E938647008D07C207B6
:10307000C18356ADBA972388B70E828015C15E2DE5
:10308000184D130630049386170056ADBA97FD56B7
:103090002388D70E5E2D6376F60093F6370091E213
:1030A00082809386170056ADBA972388070EDDB746
:1030B000630C0516EFD22EC603290502DD57630205
:1030C0000916AA840146930540130145EF007000DC
:1030D000232AA9002A87FD57630505148346390171
:1030E0009387418581E69443850694C34043884392
:1030F0008547232C89002320A9001CA01CB09947D8
:103100003CA0A3010400EFF0EFBB9357850048A05B
:103110005CB09357050161817CA068B003248901EC
:10312000294723040400A304040023050400A30585
:10313000040023060400A306040023070400A307D9
:103140000400834729016388E700F11793F7F70F1D
:103150000547636AF700DC205CA4DC305CB4FC202B
:103160007CA4FC307CB423080400A30804002309D9
:103170000400A3090400230A0400A30A0400230B8B
:103180000400A30B0400230C0400A30C0400230D73
:103190000400A30D040083C58402814741461397B0
:1031A0000701418381466376B7003387F400834685
:1031B00097023307F40054AF8507E392C7FE130765
:1031C000C4029307C406230007000507E39DE7FE3A
:1031D0001307C40E238007008507E39DE7FE3755DC
:1031E000826313053536EFF0EFAD93578500230664
:1031F000A40EA306F40E03268901935705016181ED
:103200002307F40EA307A40E231E0900814713070A
:103210004004B306F6002388F60E8507E39BE7FE1D
:1032200081473E856FD06EB1D9573E85828011CDE2
:10323000EFD26EAE005101C8484811C1A125232A22
:103240000400232C04006FD04EAF82806300051869
:10325000EFD26EAC0051630904163828A1476315FC
:10326000F71698319C2122075D8FBC21C2075D8F24
:10327000BC31E207D98F18546398E714AA84B1458A
:103280002285EFF03FD72685EFF09FE26319051204
:103290000546930550032285EFF0BFD69145228560
:1032A000EFF03FD81146930520032285EFF07FD53C
:1032B0000854EFF06FA3AA852285EFF0BFD711461F
:1032C000930560032285EFF0DFD34850EFF0CFA1E4
:1032D000AA852285EFF01FD61D469305D0032285CF
:1032E000EFF03FD25E2C184C05462285B306F7005E
:1032F0002388C60E138627004206418252AC93866D
:10330000170083C59402C206C182BA962388B60EFE
:1033100093863700C206C18256AC83C5A4023A9692
:10332000BA962308B60E138647004206418252AC75
:1033300083C5B4023A962388B60E93865700C20618
:10334000C18256AC83C5C402BA962308B60E138652
:1033500067004206418252AC83C5D4029D07329772
:103360002388B60E5EAC83C7E4022308F70EEFF0A5
:10337000FFD04E2C48489385050FC205C181512DC1
:10338000034784021C4C4C484840D8A7034794028A
:1033900003A94400D8B70347A40293063004138658
:1033A0000196F8A70347B402F8B723A204002687C2
:1033B000EF30407A268523A22401EFF05FE73C3806
:1033C00085073CB885477EAC6FD02E978280EFD2C0
:1033D0008E941128BD24B727012083A787B191C3FC
:1033E00082976FD08E9537E700201307770A719B7D
:1033F00023A8E1C4B727012083A7C7B7231107007B
:103400008D07F19B93960701C182BA9716A32302F9
:10341000070023AAF1C40546D0A396A3B6A323A60A
:10342000E1C4828049C183A701C5636EF50683A507
:1034300041C5637AB50683A6C1C4130685FF230E72
:1034400005FE1387C1C46373D60010C3835685FF7E
:10345000BE966304D60203C8460063100802638E5A
:10346000D5000C436393B60010C38E22231CB5FE17
:103470009622B305F640BE96AEA28355A5FFB3864D
:10348000B7006302D60203C84600631E0800032883
:1034900007006313060114C3035785FF9AA203575D
:1034A00085FFBA97AEA382808D05C205C181F199CF
:1034B000C205C1813147AE8763F3E500B1473727C5
:1034C00001200326C7B7C207C1830D06719A636046
:1034D000F60A03A701C5636DE50883A641C56379B4
:1034E000D508930685FF835885FF998EC206C18251
:1034F000938588FF958DC205C18163EAF5066389CE
:10350000F50633031701034843006314080293854B
:1035100086001388C1C4AE97032E0800C207C1837A
:1035200083580300B305F70063166E022320B8002A
:1035300015A01388470163ED050393858600AE97B8
:103540001388C1C4C20703230800C183B305F70071
:10355000E3EE65FC23901501B6A123820500231C30
:10356000F5FE96216306D60036973EA3828001457C
:10357000828039C51307350042074183719B42079A
:103580004183B146BA876373D700B147372701201B
:103590000326C7B7C207C1830D06719A014563624E
:1035A000F60203A7C1C483AE01C59385C1C433032A
:1035B000F640B306D741C206C182615E63E466008D
:1035C000014582803385DE000348450083580500AD
:1035D000631708063308DE4046986362F8061383D3
:1035E000470163626804A107B697C207C1833388A5
:1035F000FE00231018012311D8002302080085467D
:103600001EA154A1835608006304D600F696BEA2FC
:103610006319A70083A641C58147502301EE91C3DA
:1036200098C12105828085475CA1DDB71A238547B3
:103630007697E5B7E39CE6FEEDD794C1DDB7C68685
:10364000B5BF83A5818583A6C185B7F70020938781
:10365000373237270120F19B130787BD13850601F9
:1036600003D805002320070001466318C800890617
:1036700011078905E396A6FE8280832807000506C8
:10368000420623A0170183D806001CC34182C697B7
:10369000E9BF9D4763EDA700B72701200A0593877F
:1036A00087BDAA97884309C5184198C38280014500
:1036B000828099C99317250037250120130585BD00
:1036C0003E951C419CC10CC18280EFC23EE3983103
:1036D0009C21AA8422075D8FBC212E84C2075D8FA6
:1036E000BC31E207D98F5841639FE70018301C2096
:1036F00022075D8F3C20C2075D8F3C30E207D98FE7
:10370000DCC06FC0FEE203A581C6014993094006F3
:1037100005C11841DC40032AC5006311F704854543
:10372000EF0030659307190093F7F70F63F729034C
:1037300083A701C7C5DF984319CFD440631DD700C5
:1037400014301820A206D98E38204207D98E38307E
:103750006207558F98C3DC47F1BF3E8952854DBF44
:10376000EFC27EDB411132C636C42A84EFF0FFF58A
:103770003246A246814719CA18321C2222075D8FA1
:103780003C22C2075D8F3C32E207D98F1CC48147BF
:1037900099CA98329C2222075D8FBC22C2075D8F96
:1037A000BC32E207D98F5CC441016FC01ED9EFC2A1
:1037B0009ED658CD138701C68348070041112322A6
:1037C00005002324050023260500230905022320E4
:1037D000050213831800A30A1503232805012A8470
:1037E0003EC623006700EFF0BFF7B24722858297FD
:1037F00011E99387C1C5984318C080C32285410150
:103800006FC0BED30144DDBF23ACA1C48280034599
:10381000250305898280AA870145A5C5BDC31396E6
:1038200005014182328863DB05003308C040BA27B6
:10383000420813580801054563650705D427D84396
:1038400081C60D456391A6020D8F9386070105453C
:103850006369D702D8C3BA2701453297BAA79A2716
:103860003A9692A78280FD16C206C1828548054518
:1038700063E9D80063D70500B62763E406010D8F1E
:10388000D1BF8280EFC29EC701440DCDAA850144FD
:103890000D498549FE25FD17C207C183FEA59DE39D
:1038A000DC2584411D4563882701FD17C207C183BC
:1038B00063EDF9001945EFF0DFDF05041374F40F31
:1038C000A685E9F822856FC0BEC62E85EFF09FB5AC
:1038D000EDB7EFC2BEC28547630DF50031C589471C
:1038E0006306F5048D476305F504014422856FC026
:1038F0003EC48144D104B904C204C1808947B2895D
:103900002E8963E9C70279CA1945EFF09FD82A8446
:1039100069DD232205002314250123152501232019
:10392000050023063501B5A0D144E9B78144E1B7CC
:103930008144E9B78D470144E31AF6FA1D45EFF0DB
:103940005FD52A845DD1B3079500CD07F19B37275A
:1039500001205CC1930747B7DC438D04F19893873E
:103960009703F19B2306350123200500231425012D
:10397000B3849740930947B763739900CA84854716
:1039800026A47EA4B30499400D4A2289854A634740
:10399000900085477EA4A306040089BF1D45EFF073
:1039A0005FCF09E52285EFF0FFED81B783A74900DE
:1039B00023164501232005002320A90093879703A0
:1039C00006A5F19B63F3F400A687130705013EA546
:1039D00058C1231755019D8C2A8955BF93873500FF
:1039E00013853401F19B71993E9542054181EFF0B9
:1039F0005FB82A84E30B05EEAA94CD04F19844C184
:103A00002314250123152501232005002306050085
:103A100049B71E2563FAF504EFC2FEAF2A84AE84CF
:103A2000B387F5402E2463E995025C2481EF638B14
:103A300095004C402285818DA695C205C181EFF08D
:103A4000BFA62A84084026A406A419C1EFF09FE36C
:103A5000232004006FC07EAE1A248D8CC2043E97D2
:103A60001AA4C18000407DBF8280814719E13E8554
:103A70008280850793F7F70F0841CDBF01C57E25EA
:103A800085077EA5828009CD99E182803A859E25B1
:103A900016251841B697C207C1831EA565FB0CC148
:103AA0008280EFC25EA72E84EFF0FFFD2285EFF04B
:103AB000FFFC6FC09EA83DCDEFC25EA42A84AE84F9
:103AC0005955ADC51A249E256362F7060149014A7E
:103AD0008359A400BE24B3894941B387274163C9F0
:103AE000F904939907014840CC4093D909015295B4
:103AF000CA954E86EF5090324E9A3E24420A4E9915
:103B00004209135A0A0113590901639447010040FD
:103B1000014ABE246365F900844099CC0149BA2466
:103B20009E246316F7029C409DC35D556FC05EA046
:103B3000C20955BF5955828009C801493A241E243B
:103B40006314F7001C40F5F3C1F40145C5B77DF4DB
:103B500041B7EFC2BE9A03294500AA89834799005D
:103B600003458900014AA2075D8DEFE0DF94937A57
:103B7000F50F03A441C63109938441C601E4014510
:103B80006FC01E9B1C280145639457035C488DC37E
:103B9000084CCA864E86A285829719C963080A0016
:103BA0005C442326FA009C4080C05CC405458149E2
:103BB0005C44228A71F53E84D1B7814799C9983116
:103BC0009C2122075D8FBC21C2075D8FBC31E207BB
:103BD000D98F1CC101458280814799C998319C21A8
:103BE00022075D8FBC21C2075D8FBC31E207D98FF0
:103BF0005CC1014582804CC910CD8280EFC21E900D
:103C0000AE842A89D1452685B289EFF0DFC015C977
:103C1000014681450545EFF0DFCB2A8409E57D5952
:103C20004A856FC0FE90A685EFF0BFE74E85EFE0B6
:103C30007F8C19ED7159E30594FE2285EFF09FC446
:103C4000C5B7B1552685EFF01FBD71F92684F9BFC0
:103C5000CA85630509008327090099E39305450098
:103C6000834709010347A9008346B9002A884E8685
:103C70002285EFE09FB62A897DBFEFC2DE89130659
:103C80004500EFF0BFF76FC05E8BEFC2DE88138791
:103C900041C61C43AA856390A7025C451CC301452D
:103CA000EFF03FA16FC07E89D84709C76314B70002
:103CB000D845D8C7DC47EDFBDDB7EFC2DE85AA8467
:103CC0000145EFF01F9D2A8411CD71468145EFC05B
:103CD0009E87930700F83CB4938741C6984304A895
:103CE00080C358C422856FC05E856D55828083A6CF
:103CF00081C603A601C883A501C703D54186938762
:103D00004186130715001315070113180701418198
:103D1000635308000565368719E7328719EB2E874C
:103D200019EF8AA382800358C701E30CA8FC584707
:103D3000E5B70358C701E306A8FC5847C5B70358C1
:103D4000C701E300A8FC5847E1BF1C496396071070
:103D5000EFC2CEFA4111AA84328411E62EC6EFF0EA
:103D60001FF9B2452A8403A701C731E703A781C61B
:103D700025EB83A9C1C61389C1C64E8759E783A71E
:103D800001C8CDEB85C198319C2122075D8FBC21F4
:103D9000C2075D8FBC31E207D98F89C711462685DE
:103DA000EF50D007C2AC23A634012320990001456F
:103DB00041016FC0EEF75E2F63928702104359CE28
:103DC000D1CD94319C21A206DD8EBC21C207DD8EAF
:103DD000BC31E207D58FD9C36302F608584771B7E3
:103DE0005E2F63928702104335CAADC994319C217E
:103DF000A206DD8EBC21C207DD8EBC31E207D58F65
:103E0000B1CF630DF6045847A5B75E2F63928702C2
:103E1000104329C6A1C594319C21A206DD8EBC2188
:103E2000C207DD8EBC31E207D58F8DCB6308F60269
:103E30005847A9B7DA2F631F870094319821A2064B
:103E4000D98EB8214207D98EB8316207558F944375
:103E50006386E600DC4735B74D558280555589BFEE
:103E6000EFC26EEB1C49411191C70144228541010B
:103E70006FC0AEEC2AC60D45EFF0BF812A8475D520
:103E8000B2451387C1C69C4D1CCDDE2D5EAD854766
:103E90001CC99E2593E727001EA5BC353CB5BC2553
:103EA0003CA59C411CC11C436394B702DC451CC368
:103EB00023A605000945EFF0CFFFB7470100938720
:103EC000A7CE1CD0938701C7984380C358C479BF3D
:103ED00023AEF1C681461387C1C789E7F1DA2320F3
:103EE0000700F9B7D0476317B60091C21CC3D84585
:103EF000D8C77DBF8546B287CDB7AA870358C5020C
:103F00001459D23B0C5583D807043305D840058299
:103F10002E95328763F3C8004687420741833307F3
:103F2000E540634507002397070382803387D54028
:103F30006356E00023970702014582808D8EF6B715
:103F4000E5BFEFC24EDD5E352A84BE95C2055E39FF
:103F5000C1814EB563F3B7005EB52285EFF0FFF97E
:103F60005E388983634BF50083476402228593E7BB
:103F700027002303F402EF2080256FC00EDCEFC280
:103F80008ED94111014409CDAA854841014411C58A
:103F90002EC6EFF03F8FB2452A841145EFF06FF146
:103FA000228541016FC06ED9EFC2EED6014401E512
:103FB00022856FC08ED80441EFF07FFC2A941374E1
:103FC000F40F2685EDB7EFC20ED541112AC6114573
:103FD000EFF02FEC2A8401C9B2455146EF5000643E
:103FE0004840EFF0BFA9228541016FC00ED50CCD2E
:103FF00082802328B50882802326B5088280232E5C
:10400000B50882800CD18280232CB508A30EC5028E
:1040100082801C4905476374F70429476381E704DC
:10402000EFC26ECF2A840325850809C5EFF09F856E
:104030002324040803254408FD577EBCEFF0DFF677
:10404000685C23220408EFF03FF603250408EFF034
:10405000BFF5232E0406232004086FC00ECE8280F5
:10406000EFC26EC8B7240120938704B3138741C7FA
:1040700003CC87011C43B71A0200850703AD81C634
:104080001CC313096006014A938404B3138441C717
:10409000938981C68D4C938A8A91138B4196631ABA
:1040A0000D0003A401C8938401C8631904246FC0E0
:1040B0004EC77D191379F90FE30B09FE03462D0551
:1040C00083260D01854D6302CC02834D0D0B638465
:1040D0000D100327CD0AB306BB0183C6F6FF050703
:1040E0002326ED0A637CD70C814D03270D019946E9
:1040F000631DD70003268D031440918E904C637688
:10410000D60093871D0093FDF70F83568D00814BDA
:10411000A18A95CE91466305D7009D466319D702C3
:1041200083284D0A83268D0A03250D0ACC4CB386BD
:10413000D802104003278D03198EAA96B3D6B60273
:1041400063FCC61093871D0093FDF70F854B032575
:104150004D0805C103278D0314401946998E031796
:104160000D053307C70263E6E600EFF0FFE3232205
:104170000D0803270D016314971183268D03184042
:10418000158F944C63E8E61063960D108347CD03BA
:104190000347DD03850793F7F70F230EFD0263EB5B
:1041A000E70083278D09230E0D02639207146A85A9
:1041B000EF20E0016A8A032DCD00D5B523260D0A34
:1041C00019476366B70193871D002308FD0A6A85B6
:1041D000EF20005E11BF0317ED03634507000507DD
:1041E000231FED0203270D08E30007F08315ED03FD
:1041F00003170D05E35AB7EE63F4DC020317CD0491
:104200008316ED04B1470D8736979376F60F63F367
:10421000C700B146D69694223317D7002318ED0471
:104220008356AD0503574D06231F0D0263F3E600C9
:1042300036874207418383560D040583231EED0410
:104240006376D70013971600231EED04231DDD04AB
:104250006A85EF20C03E51BD03471D0B814B3307DC
:1042600017032A973357B702E373C7EE6A85EF2027
:10427000404E03471D0B0507A308ED0AC9BDA5461F
:10428000E314D7F003278D031440998E984C06074A
:10429000E37CD7EE6A85EFD06FD66A85EFF07FD7E3
:1042A0008327CD0063020A042326FA008327CD0961
:1042B00089C703258D01ED558297638F0B008357C6
:1042C0004D020357CD0183258D0203250D0693066C
:1042D0004D006A86EF202026832BCD00EA85094514
:1042E000EFF02FBD5E8D65BB23A0F900C1B703259C
:1042F0008D01EA858297E30C05EA6DBD2285EFD03A
:10430000EFCF2285EFF0FFD00329C400A285094535
:1043100023A024014A84EFF0CFB941BBEFC2AE9F86
:104320001C412E846390B704DC451CC12326040085
:104330002285EFF01FCE1C4829476381E70205471D
:10434000638EE7008347640213F7170001CB93E7FE
:1043500027002303F4022285EF107067232804004E
:104360006FC0AE9D23AEF1C681461387C1C789E7F2
:10437000D5DE232007005DBFD0476317860091C2BA
:104380001CC35844D8C75DB78546B287CDB71C4912
:104390001D476366F70AEFC20E98371702008A07B7
:1043A0001307878FBA979C432A848287EFD00FC563
:1043B0001387C1C61C43639987005C441CC3232632
:1043C0000400A28509453DA823AEF1C681461387A6
:1043D000C1C789E7EDD623200700D5B7D0476317BB
:1043E000860091C21CC35844D8C7D1BF8546B28746
:1043F000CDB7EFD0AFC0A285138501C7EFF01FF294
:10440000A2850D45EFF0EFAA014531A8EFD00FBF0F
:10441000A285138581C6EFF07FF065B78545EF1063
:10442000B04F954701C96FC04E918545EF10D04EF2
:104430007DF9A5471CC82285EF107059F1B70145D9
:104440008280EFC24E8D41112E8511CE0E2632C6CE
:10445000EFF03FAF32463285EFF0CFC281473E8565
:1044600041016FC08E8D8147FDFAEFF05FF2AA87A0
:10447000FDB7EFC24E8A03A481C69304500619E02B
:104480006FC0AE8B0326840819CA832704098146AE
:10449000A2858DCF084C829719E123240408FD14CE
:1044A00093F4F40FF1DC8347640213F7170009CF8C
:1044B00093E727002303F4022285EF10505183472E
:1044C0006402F19B2303F402404455BF0145EFF021
:1044D0005FF7D9B7EFC22E84EFF0BFF9138781C71A
:1044E0001C23850793F7F70F1CA3858B99C3EFF067
:1044F0003FB76FC08E84EFC20E8203A481C69304BF
:104500005006014901E44A856FC02E8303268408C2
:1045100019CA832704098146A285B1C7084C82972E
:1045200019E123240408FD1493F4F40FE9DC834714
:10453000740285CB03476402937617009DC2FD1772
:1045400093F7F70FA303F4029DE3136727002303F8
:10455000E4022285EF10B04783476402F19B2303F6
:10456000F402404445B70145EFF0BFED55BF0509E2
:10457000CDBFEFB2DEF71849A94741112A84631E67
:10458000F700AA85138501C8EFF05FD9A285094518
:10459000EFF02F9241016FB01EF91C412E8B0329C1
:1045A00005063EC65C4183298502035AC5013EC407
:1045B000835A45028324C509832B8501EFD00FA4BC
:1045C000138581C6A285EFF07FD50325040819C1A4
:1045D000EFF09F9D685C19C1EFF01F9D0325440813
:1045E00019C1EFF07F9CA2850945EFF08F8C81C443
:1045F000ED555E858294E30F0BF8D6875287340021
:104600007000CE854A85EF10107369B793870186D5
:10461000884303A741C73A9588C38280EFB21EEE54
:104620002A890945EFF0EF86B7240120938444B727
:104630002A8425E19C488983858B89E7014422856A
:104640006FB01EEF83A701C803A641C7014581468D
:10465000938941C7F1E701C58545EFF09FF1094511
:10466000EFF02F832A8415E583A781C603A50900EF
:104670007D191379F90F1306F0078145DDEB09C4A5
:1046800085452285EFF0FFEE0945EFF08F802A8403
:1046900055D51306400B81452285EFB0DEEA93071E
:1046A00000045CA89C44231C040613078021231BE0
:1046B000F4065E385EB47EB4E1773EA4DC406374F9
:1046C000F700930780212310F404C1677D577CC451
:1046D00085472318F4047ABC231DF404EFF01FF37C
:1046E00083A741C768D428D01CDCB7470100938753
:1046F00027442328F408B727012003A747B293874C
:1047000047B268C82320E40AD8439C4728D8230E20
:1047100004022322E40A2324F40AA308040A05B7A6
:10472000985F3307E6406364D700BA863E85DC476E
:1047300015B7D42B636CD900636AD600985F330732
:10474000E5406365B7003686BA853E84DC473DB7F1
:10475000EFB27EDC13050004EFF05FEC6FB0FEDD1E
:10476000EFB27EDB2A842E85EFD0DFD811CD1E3943
:1047700081CF938787FD3E87C207C1836373F400AF
:10478000228713140701418022856FB01EDBEFB230
:104790009ED803A401C8938401C819E06FB0FED964
:1047A0002285EFD0AF852285EFF0BF860329C400B4
:1047B000A285094523A024014A84EFE09FEFF1BFC1
:1047C000EFB2DED31C49AA842E8AC827DC37A207A1
:1047D0005D8DEFD05FCE058929E94169130909FC98
:1047E00003270A0103A681C9DE2454334C23B29760
:1047F000A206D58D7423C206CD8E6C33E205D58D0D
:104800008356CA00AE96B386D74063D506028D8F15
:104810006359F000918DC205C840C181CEA4EFF06C
:104820004F9F23A044016FB0BED05285EFF0CFF769
:10483000014AC5BF5C374827A2075D8DEFD0BFC7CF
:10484000058915CD9C48C037C8272204498C4A8564
:10485000EFD09FC59C48698CC827DC37A2075D8DC7
:10486000EFD07FC51375E50313651500EFD0DFC3E7
:104870009C48418D42054181C8A72181C8B70324C6
:104880000A005285EFF0AFEF45D4228A91BFEFB214
:104890001EC683C781C82A84C18B138981C9F1C709
:1048A0008325090038558356450670553305B740B2
:1048B00083A741C8938441C8634405026316B700C7
:1048C0003307F640634E0700631EF60203A501CAD4
:1048D00078350348E50022073367070163F4E602F1
:1048E00003A501CA78350348E5002CD422073367B5
:1048F00007012312E4067CD411C70347040B19C334
:104900002308040A6C483387B7406342E02A03D780
:1049100041CA231A0406631907280357440668543A
:10492000B2962A976312D7280317E403634E07262B
:10493000639CF526834784050D47850793F7F70F9A
:10494000230CF404637CF7240357A4058357040461
:10495000BA97C207C1836374F700231DF4047C5C1B
:10496000639F07367040631A064003D641CA832707
:1049700009001454138A41CA6306067EB385F640C3
:104980001387F5FF634B074605471D8F118F369739
:104990006345E046B7290120938789BFC443139735
:1049A00005014183BE24938989BF63D3B7449E2404
:1049B000998FC207C183BA246346B742B305B0409A
:1049C000C205C1852685EFE01FE5DC4083D6C9001E
:1049D0000327090023A4F9001C5436971D8F239642
:1049E000E90003A7090193D687002320F9005CA3FF
:1049F00054B393D60701E18374A37CB383260900E3
:104A00001854B387E64063CB07745234938716007B
:104A1000998F918F6344F0746390E65CB724012012
:104A2000938784BF83D9C7009C4B938484BFC827D6
:104A3000DC37A2075D8DEFD01FA80D893335A000AC
:104A40004E9542055E3441812310AA0063FDA708FC
:104A50009C48C827DC37A2075D8DEFD0DFA505890C
:104A600031C19C4883C9D700C827A209B3E9A9006E
:104A70004165130505FCEFD03FA39C48B3F9A9009D
:104A8000C827DC37A2075D8DEFD0FFA21375E503C1
:104A9000EFD09FA19C4833E5A90042054181C8A7FA
:104AA0002181C8B75E34DEA49C48C827DC37A20742
:104AB0005D8DEFD05FA0098901C5DE24FD17DEA45E
:104AC000CE24C840EFE0FFF49C4883D9C400C82737
:104AD000DC37A2075D8DEFD01F9E0D893335A00016
:104AE000AA9923103A0183274408638D07329C4812
:104AF000C827DC37A2075D8DEFD0FF9B05896310C7
:104B00000532832A4408416B130B0BFC0325090073
:104B100003570A002A9763800A0803A60A014C3249
:104B20005422A205D58D7422C206D58D7432E206B8
:104B3000CD8E83D5CA00B695B305B74063D905328B
:104B4000158F635AE00483274408984B5C33542341
:104B5000A207D58F898FDEA49C48C827DC37A2071F
:104B60005D8DEFD05F95098901C5DE24FD17DEA4B8
:104B7000CE24C840EFE0FFE99C4883D9C400C82791
:104B8000DC37A2075D8DEFD01F930D893335A00070
:104B9000AA9923103A012322540969A4E391E7DC7E
:104BA0002285EF10F03465BB230C04044DBB345058
:104BB000B386D7406342D0128346640213F64600A0
:104BC00001CAED9A2303D4028356C405231DD404DD
:104BD0008316C4040356E40442078D86B296231854
:104BE000D404835664074183231AE4063697231BB3
:104BF000E40618487CC823090404230C04048D47E8
:104C000063F1E7020357A4058356C40583570404E0
:104C10006376D702BA97C207C1836374F700231D76
:104C2000F4048327040885E383270408230E040281
:104C300093B71700B307F0407EBC15B3B387F702F4
:104C4000B3C7E702C1BF984B48335C2322055D8D93
:104C50007C23C207C98F683362055D8DEFD0DF8882
:104C600083270408AA8903DAC7009C4BC827DC37CE
:104C7000A2075D8DEFD03F849C400D893335A000A5
:104C80005295B389F9404E95E340A0FA8329040870
:104C900083A709002320F4088357440785C383A70B
:104CA0000901C827DC37A2075D8DEFD0DF800589B9
:104CB00011C583574407FD17231AF40603A54900BD
:104CC000EFE0BFDA835784073385A740231CA4068F
:104CD0004E85EFF0CFAAB1B7231A040649B1984B1D
:104CE00083A9040048335C2322055D8D7C23C20721
:104CF000C98F683362055D8DEFD00FFF7C5CAA8A97
:104D0000B389594103DAC7009C4BC827DC37A20797
:104D10005D8DEFD04FFA0D893335A0005295B389E0
:104D2000A940E3C109C49C403850998FE34CF0C2BC
:104D30008329C40783A709007CDC8357440785C304
:104D400083A70901C827DC37A2075D8DEFD0AFF636
:104D5000058911C583574407FD17231AF40603A5D7
:104D60004900EFE09FD0835784073385A740231C79
:104D7000A4064E85EFF0AFA0DDB63C449840998F75
:104D8000E3D507BE8316C40403D741C7420693D5B3
:104D900036404182C205C181B307C7408D8FC2072B
:104DA000C18313950701B697C207C18741852316B2
:104DB000F40463570500198E2E96131506014185DC
:104DC0008316E4048D872322040413D726403387F7
:104DD000E6402A9742074183BA972317E404231831
:104DE000F40461B69EA423950400998D8440E1B635
:104DF0003307E04093150701E9B6958FE3D007C06C
:104E000083476402228593E727002303F402EF100F
:104E1000003CEDB61C412322F408EFF04F96032529
:104E200044086DF983560A005E3403270900228581
:104E3000958F369718D45EB4EFF02F8CDC409A270C
:104E400009C723A8F1C823A204009C48C827DC375F
:104E5000A2075D8DEFD02FE6058919C5938741C95B
:104E600098231367070298A3914A1D4B39AA5C3611
:104E70004826A2075D8DEFD00FE4058935C59C4813
:104E8000C827DC37A2075D8DEFD0EFE2098929ED55
:104E90009C4883C9D700C827A209B3E9A9005A854D
:104EA000EFD08FE09C48B3F9A900C827DC37A207F0
:104EB0005D8DEFD04FE01375E50313651500EFD05E
:104EC000AFDE33E5A9009C484205418113578500B8
:104ED000C8A7D8B783D9C400EFD0EFDD0D8933352B
:104EE000A000AA9923103A0183A90A005685EFF081
:104EF0000F89CE8A21B92320F9005C37482783DB4C
:104F0000C400A2075D8DEFD00FDB1C540D89333533
:104F1000A0005E953E959C4808D483DBC400C8275A
:104F2000DC37A2075D8DEFD00FD95E340D893335A4
:104F3000A0005E953385A7404AB42285EFE0FFFBD1
:104F4000CC409E2589CB938701C9884335CDEFE0BE
:104F50009FB323A204009C48C827DC37A2075D8DBD
:104F6000EFD06FD5058901CD138741C91C2393E785
:104F700007021CA31C4863945701232864019C402A
:104F800026852322F408EFE09FFF8324440899CC70
:104F9000984854335C23A206DD8E7C23C207DD8E45
:104FA0007C33E207D58F1454E387D7F48347640238
:104FB00013F7170001CFF99B93E727002303F402AF
:104FC0002285EF10C02039A08CC361B793E717008A
:104FD0002303F4026FB02ED52285EF1040188324EE
:104FE000440891E837250120130585BFEFE0BFFD98
:104FF0002322A408C5B70327090081491308F7FF36
:1050000013051700904854325C22A206DD8E7C22E4
:10501000C207DD8E7C32E207D58F639CE70237251D
:105020000120930785BFDA27DE24E3F5E7FA1305AD
:1050300085BFEFE05FF959DD638A090023A0A9006D
:10504000A685EFF0EFF779B7B6846DBF2322A408E9
:10505000C5BF63900902B306F74063DE0608372533
:105060000120130585BFEFE01FF62DD52322A408EC
:10507000C1BF83A8090183C5580083C64800A205A3
:10508000D58D83C66800C206D58D83C67800E2063A
:10509000CD8EB306D84063C00606B306F540634C18
:1050A000D00437250120130585BFEFE0DFF12A8406
:1050B00015D103A709015C334C23A207DD8D7C23A6
:1050C000C207CD8F6C3303D7C900E205CD8F83258E
:1050D00009003E970D8F635BE0009D8DC20503A51F
:1050E0004900C1812396B900EFE0BF9223A0890057
:1050F000A6852285B9B79440A689B9F6B307F740CB
:10510000E35AF0EC5C364826A2075D8DEFD0AFBACB
:105110000589E31105EC37250120130585BFEFE074
:105120009FEA88C0E30805EA98485C334C23A2074D
:10513000DD8D7C23C207CD8F6C33DA24E205CD8F61
:10514000832509003E970D8FE356E0E89D8DC2054B
:10515000C840C181CEA4EFE0DF8BADBD2285EF104A
:1051600000008DBD3387D740634807005A34850758
:10517000958F998FE350F0E68347640235BDEFB217
:105180008EB9938401CA03A904002A848347D900F5
:105190000345C900A2075D8DEFD0EFB13181420513
:1051A0004181954763FCA7029C405109C827DC3721
:1051B000A2075D8DEFD02FB0B727012003A687B7D8
:1051C00031816D150A054205931506014181C181A2
:1051D000814705488948114363E4A7006FB0EEB5E5
:1051E000B306F9009822630907016DDB630A170112
:1051F00098326DD7BA9711A08507C207C183E9BF5E
:105200009832E31D67FC13873700E359A7FCB822E7
:10521000B4322207558F6363E60011E32E871AA08C
:105220009107E1BFEFB22EAC4041AA8B1C300820A1
:105230004111A2071389C1C85D8DAE892320890061
:10524000EFD06FA78327090019811375C5032A942E
:1052500088239C3323A081CAA2075D8DEFD0AFA520
:105260009355650093F5C503B305B0405E85EFE047
:105270008FDA11E503D78B00CD4763E8E7005E8541
:10528000EFE04FE041016FB0CEA9138BC1C80325F9
:105290000B00CE854105EFD04FED75F103270B00D4
:1052A000370500F01C3B002BA207C18F202B4204C6
:1052B000C18F203B62045D8CEFD00FA3698C370552
:1052C00000E0EFD06FA2E30CA4FA83250B0003D714
:1052D0008B009946138605015E85B105EF10305DA0
:1052E00059FD938401CA9C40C827DC37A2075D8D15
:1052F000EFD06F9C3181F155B305B5025E85C205D3
:10530000C185EFE04FD125FD80401C300820A20769
:105310005D8DEFD04F9A08A0218108B080403C30CD
:105320002820A2075D8DEFD00F9928A0218128B0F9
:10533000804048305C2022055D8D7C20C207C98FEB
:10534000683062055D8DEFD02F9A935785005CB071
:10535000935705017CA09357850148A07CB08040FD
:1053600023ACA1C8938A81C908341C2422055D8D11
:105370003C24C207C98F283462055D8DEFD0CF96DB
:10538000935785001CB4935705013CA4935785019E
:1053900008A43CB4804023A2A1C8138941C87C342E
:1053A0006824A2075D8DEFD00F919C4068A42181F5
:1053B00068B4C827DC37A2075D8DEFD0CF8F137894
:1053C000F50F83D88B0093753800B335B000C695C0
:1053D00003A381C6C205944003260B009377F8030C
:1053E000C1812384F1C82392B1CA1A840145938CE8
:1053F00081C8138C41CA01E403A501C8E9A29C320B
:1054000003CE06005A30A207B3E7C7016312F70EB6
:10541000BC3203CE26005A2CA207B3E7C70163199A
:10542000F70C58365C2622075D8F7C26C2075D8FFD
:105430007C36E207D98F5840631CF70A183A1C2AB9
:1054400022075D8F3C2AC2075D8F3C3AE207D98F65
:105450001840631FF70819C55C4423A481C65CC5C6
:105460002326640003A74B00B72D012003268408E0
:1054700093878DBF23A801C8238A01C823A00700F2
:105480002396170198C723A2770194CB138A41C9A9
:10549000138D01C9938D8DBF09CE832704098146E1
:1054A000A285638A072C084C8297E31A05DC232423
:1054B000040883C70C0023AE81C813F74700938B01
:1054C000C1C9630D073018488947631AF72A385055
:1054D00083270900631FF72A83470A0093E78700A1
:1054E0002300FA0083476402F99B2303F40255A4C6
:1054F0002285404409B798329C2222075D8F5E3195
:105500006392E70C83C83600B822A208B3E8E8002B
:105510005A2D6319170B0343D6008348C600220394
:10552000336313018348E600C20833E3680083480D
:10553000F600E208B3E8680003234500631413098A
:105540000343160183480601220333631301834892
:105550002601C20833E3680083483601E208B3E855
:10556000680003230500631F130593764800E39842
:1055700006D0937628008DC603A80A001455B306FA
:10558000D84063C606028358C502B38616416340FD
:10559000D0029306C600C295410603250900F1A872
:1055A000137818006305080083A741C71CDDE38852
:1055B00005CC8347650293E727002303F502EF003C
:1055C000104175B9484505F903A301C73E8E1A8AF3
:1055D00063130A04DC36C826A2075D8DEFC0BFED59
:1055E0001189E31E05C8944003260B0003550C00E7
:1055F0009C32B83283C8060003C8260083A50A007F
:10560000A20722079306C600B3E717013367070115
:105610004106AA9559B783280A00638E0800183AF4
:105620001C2A22075D8F3C2AC2075D8F3C3AE207A5
:10563000D98F639EF812B832BC2222075D8F835740
:10564000CA016396E71201C98327CA0023A841C78C
:105650005CC523266A00937708019DC39C3283C8EA
:10566000060003A80A0003250900A2079306C60046
:10567000B3E717014106C2950505EF00D06B01B1F4
:1056800013782800E30D08BE03454A01EFE01FF937
:105690002A84E30605BE83270B0001479386070192
:1056A00099CA943B982BA206D98EB82B4207D98E63
:1056B000B83B6207558F18C00357CA019386C700CD
:1056C0005AAC014799CAD437D827A206D98EF827F1
:1056D0004207D98EF8376207558F944058C013059A
:1056E00004049C329822A207D98F03A70A005EB057
:1056F0008D471CC8930717001CD41CD8FC36F02615
:105700007D17A207D18F2312F406231EF4048327EA
:105710008A0138D41CCCB727012083D787B75EB461
:105720007EB483270A021CD083578A0093F7971907
:105730001EA483A781C623A481C65CC4EFF03FA446
:105740000355040493054400EFF08F812310A40453
:1057500085470147C946014681452285952B11C5DC
:1057600081452285EFE0FFE019BE228589BD528583
:10577000032ACA00B1BD0145EFE0BFCC3DB383A70A
:105780000A001854998F63C607005A34998FE3555D
:10579000F0D483470A0013F787006301073E93059F
:1057A000F1002285EFB01F9985476316F500184870
:1057B00089476302F71C2285EFC04F848327C40901
:1057C00081C7084CE9558297A285138581C6EFE011
:1057D000FFB4A2850945EFD0DFED71AA898B85C39F
:1057E0001C480547F917637CF7008347640222854C
:1057F00093E727002303F402EF00701D59BF83A72E
:1058000041C7A308040A130504041CDCEFF03F970A
:105810001C481D47F917E36EF7F6371702008A0791
:1058200013078792BA979C43828783C70C00494726
:10583000C98B6392E70C83270408984B48335C2399
:1058400022055D8D7C23C207C98F683362055D8D9B
:10585000EFC09FC9832709000505631EF50883571C
:10586000640703A70A0094408507231BF4069307E7
:10587000170068C81CD41CD8FC36F0260355040455
:10588000A207D18F7D172312F406914738D41CC884
:1058900093054400EFE0DFECA947B307F502035797
:1058A000A4052310A404231EF40485476315F70000
:1058B00006054205418183578407231DA40403255F
:1058C0000408FD17231CF4061C41230904042322A9
:1058D00004042320F40893B71700B307F0407EBCFC
:1058E000EFE0EFE983274409E38107F0084C014624
:1058F000A2858297DDBD83C70C00C18BE38B07E8CF
:10590000944003550C0083A50A009C32B83203264C
:105910000B0083C8060003C82600AA9503250900CA
:10592000A20722079306C600B3E7170133670701F2
:105930004106EF005040B1BD83C70C0013F70701CB
:1059400069C70325090078489307F5FF998F63C657
:1059500007083C50B307F5406341F00891471CC865
:105960001C508DC7084C0146A285829705C185450C
:105970002285EFE01FC003A54D0023A00B00E30329
:105980000590EFD03FF023A20D00EDB8228583549F
:10599000A405EFE0DFEF8357440781C7FD17231A03
:1059A000F4060547835704046395E4008607C2079D
:1059B000C183231DF40483470A0093F70702E38A97
:1059C00007DC83476402228593E727002303F40260
:1059D000EF00E07F9D471CC86DBB944003260B0081
:1059E00003580C009C32B83203C3060083C826005B
:1059F00083A50A00A20722079306C600B3E7670043
:105A0000336717014106C2952DB7898BE38307D809
:105A10001C5403A70A00FD17E39DE7D62285EF007B
:105A2000704585BB2285EFE09FE671B72285EFE0E8
:105A30001FE683470A0093F70702C1C303C70C00A0
:105A400083476402418B93E727002DC3345003271B
:105A50000900639DE6042303F4022285EF0020770A
:105A60002285EFE00FDB83A781C6631DF4005C4451
:105A700023A4F1C6A9471CC803A701C823A081C855
:105A800058C401BB23AEF1C6814689E7E5D623AEF3
:105A900001C6CDB7D0476318C40099C223AEF1C682
:105AA0005844D8C7C1BF8546B287C5B72303F4029F
:105AB0002285EF00C071A14739BF83C70C00C18B9D
:105AC000E38907CC385083270900E314F7CC9947C2
:105AD00019B72285EFE0BFDB83470A0093F707027F
:105AE000E38907CA83476402228593E727002303DB
:105AF000F402EF00C06D2285EFE0AFD183A781C62D
:105B0000E307F4F623AEF1C68146C9D3D047E306D6
:105B1000C4F88546B287D5BF2285EFE05FD783C73B
:105B20000C00C18BE38707C6385083270900E312B6
:105B3000F7C62285EFE0EFCD83A781C6E309F4F233
:105B400023AEF1C68146B9D3D047E308C4F48546F5
:105B5000B287D5BF2285EFE09FD383C70C00C18BEE
:105B6000E38907C2385083270900E314F7C283474B
:105B70000A0093E707012300FA0021B9C18B89C706
:105B80002285EFB0BFC789B10356440719C68327E2
:105B9000C40881C7084CA285829703260D000DC654
:105BA00083C70C00A18B89C75C3693E717005CB6EE
:105BB000832704098146A28595CB084C829709C5A5
:105BC00083270D002324F40883470A0093F7070274
:105BD00089CB8327040981460146A28581CF084CE1
:105BE0008297228523A00B00DD2371B30145EFE0EE
:105BF0005F85F1B70145EFE0DF84E5B7EFA2BE9125
:105C00002A894A2D41112E8432C6EFC0FF8908A08F
:105C1000218108B003554902EFC01F89324628A0F0
:105C2000218128B0935786000325890250A05CB0DB
:105C300093570601618270B07CA0EFC0BF88935774
:105C4000850008A41CB4443493570501618128B42D
:105C50004824A2043CA4C98C4165130505FCEFC08F
:105C6000BF84E98C4145EFC03F84458D42054181A9
:105C700048A4218148B40355E902EFC0FF8283574D
:105C8000E90268A4218168B4231BF9025C3448242A
:105C900023090400A207A30904005D8DEFC0BF81A2
:105CA00095671375F5035D8DEFC01F800357E902FB
:105CB0008327890248A4218148B423080400A3084B
:105CC0000400BA972328F902228541016FA0FE86BD
:105CD000EFA27E8179712EC63ACA2A89B28A368BA2
:105CE000BE8D01EE93F73600B3E7FD00595A91C31C
:105CF0008DC1528545616FA0DE828357650763FAC7
:105D0000C700834769027D5A93E707F82303F90226
:105D1000CDB793972D0013F72D00918BB14611E36A
:105D20008146B6973EC283270907372D0120130706
:105D30004DB73EC41C475843835489078A07B3D7DD
:105D4000E702130D4DB7E3FEF4FA41679306C7FF70
:105D5000E3E996FA92473082130707FC898393F7A9
:105D6000F70F950732C85246B207C2073AD2B24C73
:105D700013170B01C183058A41833ECCD68B814921
:105D8000814732CE36D03AD4035A09041247330A37
:105D9000EA4063D34B015E8A11453ED6131C0A01CB
:105DA000EFD03F8F135C0C012A8463060518232073
:105DB00005002322050063840914B25788C3F24703
:105DC00063810714C24701460145B305FC00C205C3
:105DD000C181EFD01FB048C0630F0514EFD0FFC8DA
:105DE000B247AA94C204C18081CF5C40E685C84313
:105DF000C167FD173376FA0092473E95EF301002E7
:105E00005C40DC431CC483278D0003274D008A07B8
:105E1000B3D7E70263E19712825763EE97104840C9
:105E200023168401D145EFD01F9F631605105C40F7
:105E30000355C901B38B8B41DC43C20B93DB0B01D0
:105E40001CC83ED6EFC04FE6B25788A3218188B365
:105E50001C48035549023ED6EFC00FE5B257A8A330
:105E60002181A8B31C4822453ED6EFC0AFE5B2570A
:105E700013578500D8B313570501F8A31848C8A3D2
:105E80006181E8B35C37482723090700A207C98F5F
:105E90001255A30907003ED6EFC00FE1B257E98FB4
:105EA00022553ED6EFC04FE0B2575D8D42051C48EB
:105EB000418113578500D8B7C8A72307B401EFC0A5
:105EC0008FDF1C481375F5033ED6E2475D8DEFC0AA
:105ED000AFDDB257C8A72181C8B7C167FD17337AB4
:105EE000FA00A247D29CD2973EC4A287E39E0BE859
:105EF000032AC90763190A06232E390751A2AA8962
:105F00007DBDC24501460145EFD0BF9C48C005C5D7
:105F1000EFD0BFB5AA94C204C180E3860BEEE28540
:105F200005460D45EFD0FF9AAA85484095E1EFD090
:105F30007F9523220400834769027D5A93E707F87F
:105F40002303F902E38709DA4E85EFE0EF8555B3C5
:105F500023A295018504C20423249401C180EFD0BB
:105F60009FB255B53E8A83270A00EDFF83270A01B9
:105F7000835BCA00C827DC37A2075D8DEFC0AFD3B3
:105F80000D893335A0005E956305051883270A0146
:105F9000C827DC37A2075D8DEFC0EFD10D89631AEA
:105FA000051693773B0081C785476314FB1603D71B
:105FB000C9008357CA00BA9703570904634BF71403
:105FC0000347EA0083C7E9006315F71403270A01B2
:105FD00048335C2322055D8D7C23C207C98F68335B
:105FE00062055D8DEFC04FD003A70901835BCA0036
:105FF0005C23AA9B483322055D8D7C23C207C98F91
:10600000683362055D8DEFC02FCE6394AB10C2473D
:10601000B15503A549009D8DC205C185EFD0AFFFE5
:10602000E31B05F003A549003E2599EB1C41FD1437
:10603000C20423A2F90023200500C180EFD09F8471
:1060400093771B00CDC783270A0183CBD700C827CE
:10605000A20BB3EBAB000545EFC00FC583270A01C8
:1060600033E5AB0042054181C8A72181C8B76395DC
:106070008900035CCA005284CE851145EFD06FE3DE
:1060800093773B0089C7850AC20A93DA0A01137B1A
:106090001B0063080B008347690293E70702230391
:1060A000F90283270907231C9906014AD69723285A
:1060B000F90683576907B38A5741231B5907E30A37
:1060C0000CC21C48E38707C25247098BE31307C27F
:1060D000C437C827A204C98C2145EFC0EFBC1C48B7
:1060E000458D42054181C8A72181C8B719B183A553
:1060F000490003254A00EFD01F9903D7C9008357F1
:10610000CA00BA972316FA0083A709002320FA00D1
:10611000B9BF23203A01ADB7EFA2EEBFAE868147EB
:10612000054701468145EFF0BFBA6FA00EC1AA87AF
:1061300008491D476308E5001308E5FF0947615555
:10614000636E0701014519CAEFA2EEBC36873E8592
:1061500081468147EFF0DFB76FA02EBE8280EFA2AD
:10616000EEB92A840146D1450545EFD08FF631CDF1
:1061700083476402AA842850F19B2303F402EFC0F2
:106180006FB4CC402A862285EFF05FA79A241309CA
:106190004400AA8999464A86A2852685EF00307177
:1061A0002388A9002181A388A90038243434994781
:1061B0004A86A2852685EFC0EFF72685EFD08FECC3
:1061C0000145A30304026FA0AEB67955EDBF83A7C6
:1061D000C1C96380A736EFA20EB183574506035AA3
:1061E000A50563F347013E8A83476502420A2A8474
:1061F000898B135A0A01645D95CB91E42285EFF0F7
:106200001FF66FA00EB2984848335C2322055D8DBF
:106210007C23C207C98F683362055D8DEFC0CFACA8
:10622000DE247848998F3E95E36AAAFC8329040806
:1062300063960908B72A0120894B938A4AB7370C1D
:106240000402130B4400FD5CADC0984848335C2346
:1062500022055D8D7C23C207C98F683362055D8D81
:10626000EFC08FA8DE247848998F3E95637CAA04FE
:106270008347040B9DEB984848335C2322055D8DD2
:106280007C23C207C98F683362055D8DEFC0CFA53F
:10629000DE247848998F3E958357440663F7A7001C
:1062A00085472326040A2308F40A8347640201452C
:1062B00093F7F7072303F402A9B7BE8983A7090060
:1062C000EDFF8DBF8327040895C38347640213F74E
:1062D000470409EF785C01CB144389EA562703573A
:1062E000040463F5E60093F7070AD9D39C407CDCED
:1062F0001C48638977039C4803C9D700C827220933
:106300003369A9004145EFC02F9A9C483365A90025
:1063100042054181C8A72181C8B783476402F19B28
:106320002303F402085403A90401EFC0AF99935763
:1063300085002304A900A304F90093570501618196
:10634000A305A9006A342305F90003A90401EFC0DD
:10635000AF957A341C542307A9002181A307A90013
:10636000BA977AB81CD8FC24858B99CB03A54A0030
:1063700003A904013365AC00EFC0CF94232AA90020
:106380001C4099E75A85EFC0EF9659C55C411CC087
:106390008317E40363949701231F04027C4095E371
:1063A00083A741C798487CC048335C2322055D8D94
:1063B0007C23C207C98F683362055D8DEFC0CF9221
:1063C00028C4C84003A90401994658412322250145
:1063D0005A863307E940931707013A25C183A285FE
:1063E0001D8F3AA51A251D8F420741831AA5230840
:1063F0000900A3080900EF00904B2308A9002181A0
:10640000A308A90038243434C84099475A86A28585
:10641000EFC04FD2A3030402984848335C232205FF
:106420005D8D7C23C207C98F683362055D8DEFC027
:10643000AF8B9C482A8983DDC400C827DC37A207BC
:106440005D8DEFC04F870D893335A0003C506E95B0
:106450004A95898F63D3070028D09C4803D9C4008C
:10646000C827DC37A2075D8DEFC0EF840D89333577
:10647000A0004A955DC98327040823A0040089E78A
:1064800023209408A68999A8984848335C232205BC
:106490005D8D7C23C207C98F683362055D8DEFC0B7
:1064A000AF8403A709012A8948335C2322055D8D47
:1064B0007C23C207C98F683362055D8DEFC0CF8230
:1064C0003305A94063500506130904088327090012
:1064D00081EB832709009CC023209900645CADB345
:1064E000984B48335C2322055D8D7C23C207C98FFE
:1064F000683362055D8DEFB03FFF9848AA8D483341
:106500005C2322055D8D7C23C207C98F6833620539
:106510005D8DEFB07FFD3385AD40E35C05FA032967
:1065200009006DB723A09900B1BF2685EFD03FA524
:1065300075B701458280EF927EFC4111AA8AAE8434
:10654000B289D14501460545368A3AC63E8BEFD021
:106550004FB86303050E324740412A893A85EFB0B0
:10656000BFF408A0218108B05A85EFB0FFF328A03E
:10657000218128B05685EFB0FFF49357850048A0DD
:106580005CB09357050161817CA068B02685EFB0AF
:106590007FF39357850008A41CB444349357050136
:1065A000618128B44824A2043CA4C98C4165130528
:1065B00005FCEFB07FEFE98C5145EFB0FFEE458D64
:1065C00042054181B727012048A4218148B403D561
:1065D00087B7EFB07FED68A45C34218168B44824AC
:1065E000A207230904005D8DA3090400EFB0BFECEE
:1065F00095671375F5035D8DEFB01FEB03578900A9
:1066000048A4218148B499465286CE8523080400C7
:10661000A30804004A85EF00902908A8218108B842
:1066200099470147930600085286CE854A85EFC0F8
:106630006FB04A85EFD00FA541016F907EEF8327A1
:10664000050885CBEF923EED3E8714438DE2745DE5
:1066500014C37CDD83472505232005082322050478
:1066600085072309F504EFF09FB66F901EED36877E
:10667000E9BF8280EF929EE88324050895C49C4080
:106680002A841309C5072320F5088327090099EFF9
:10669000832709009CC023209900834724052322D7
:1066A000040485072309F4046F909EE8984B48334F
:1066B0005C2322055D8D7C23C207C98F6833620588
:1066C0005D8DEFB07FE29848AA8948335C232205AC
:1066D0005D8D7C23C207C98F683362055D8DEFB085
:1066E000BFE03385A940E35505FA0329090071BFCE
:1066F00083270508B1CFEF921EE2834765022A8403
:10670000918BA9E7EFF01FF78356A4058357440642
:1067100013D7160063F4D70013D717008357040468
:10672000231EE404939617006354D700231ED40459
:106730000D47B387E7020357C405BA97231DF40436
:106740008347640293E747002303F4026F90FEDE61
:106750008280EF92BEDAAA840146D1450545EFD08A
:106760004F9729C52A84A850138944007D15EFB09E
:106770007FD54C402A862685EFF04FC81A24AA8977
:1067800099464A86A6852285EF0070122388A900C3
:106790002181A388A900B434994701474A86A68578
:1067A0002285EFC02F992285EFD0CF8D6F905ED8D4
:1067B000EF92DED40324050819E0605D5DC41C4837
:1067C000AA84C827DC37A2075D8DEFB0DFCE05892C
:1067D00059CD5E24C9EF054AD14501460545EFD0A4
:1067E0004F8F2A8959C118484C41268550335C2364
:1067F00022065D8E7C23C207D18F703362065D8EC8
:10680000EFF0CFBFAA8963070A0640355C254165D2
:106810002204130505FC5D8CEFB01FC9698C45454A
:10682000EFB09FC8498C93170401C1832386F900F8
:10683000A183A386F9000357890013844400994675
:106840002286A6854A85EF0090062388A90021812B
:10685000A388A900B434994701472286A6854A85B2
:10686000EFC04F8D4A85EFD0EF816F907ECC014A0B
:10687000D545A5B718448327490003070700D8ABBF
:106880005DBFEF925EC6404106252A891C30082074
:106890004111A2075D8D2E8AEFB0FFC121813D8994
:1068A00009050A0563C2A4021C300820A2075D8DF9
:1068B000EFB07FC09355650093F5C503B305B040B5
:1068C0004A85EFC05FF519C54A85EFC0BFFB41019E
:1068D0006F903EC5832A4900130C0401D28562855E
:1068E000EFC0AF8883C71A002A8B03C50A00A2072E
:1068F0005D8DEFB05FBC83C73A00AA8B03C52A0049
:10690000A2075D8DEFB03FBB93074004AA86631DCD
:10691000F506930730046399FB1283270A02638507
:106920000712C44363820412D44089CE58345C24D5
:1069300022075D8F7C24C2075D8F7C34E207D98FEC
:106940006394F61083C77A0003C76A00A207D98F41
:1069500099CB03578900C54662869305C4004A85D2
:10696000EF00E07435F1E1554A85EFC0DFEA29FD1B
:10697000638C040E9C4CA9DBC84C5E879306C40054
:106980004A86A6858297A1B783A481CA014D814D0D
:10699000938C81CA1306C07689E463070D0AEA84E2
:1069A00055B7BE28639CD708984063150B0439E39C
:1069B00063160D009C28918B91E3268DDE2863924F
:1069C0007709CC4089CD58345C2422075D8F7C2424
:1069D000C2075D8F7C34E207D98F6394F506E383A9
:1069E0000DF6DC4423A6FD0083A70C0023A09C0029
:1069F000DCC489BF1C3883490401A207B3E737010F
:106A000083492401C209B3E7F90083493401E2094B
:106A1000B3E9F900E38EE9F8370500F036C6EFB0C8
:106A2000BFACB3F9A900370500E0EFB0FFABB24649
:106A30001306C076E38EA9F6E31C0BF6A68DC444BC
:106A4000A1BFE39DC6FEFDBD18381C2822075D8F3F
:106A50003C28C2075D8F3C38E207D98F03274A00E4
:106A6000E314F7E68144F9BDE3100BE61C38042873
:106A7000370500F0A207C58F2428C204C58F24382B
:106A8000E204DD8CEFB05FA6E98C370500E0EFB0E3
:106A9000BFA5E38BA4E21C300820A2075D8DEFB0F8
:106AA0009FA193558500BD8989058A054A85EFC058
:106AB0009FD68D454A85892B01BD83A881CAAA86A8
:106AC0000143C687138881CA9DE799C998319C21E3
:106AD00022075D8FBC21C2075D8FBC31E207D98FD1
:106AE0009CC225C6B2AA01456316030023A616015F
:106AF0002320D8008280638BD702BA2B6316C7028B
:106B000003AE070063140E0055558280F5DD883111
:106B100098212205598DB8214207598DB831620755
:106B2000498F7DD3E302EEFEDC4779BF0543EDBF1D
:106B3000AE2B639AC500050642064182C687DDD3A7
:106B4000E318E6FED1B7DC47DDBF2167C6870566DF
:106B50007D17F5B7EF929E9A3E292A89AE89B28AAF
:106B6000368B3A8AADC7A1454E85EFC0DFCACE84C9
:106B700001CD0146A1450545EFC0BFD5AA847D548E
:106B800029CDCE85EFC0FFF103552901C040EFB0FC
:106B9000BF9108A0218108B05A85EFB0FF908327EC
:106BA000090028A0218128B023030400A3030400C6
:106BB000130B4A0095C703274A004A8B6382E702FA
:106BC0005D54638C34012685EFC0DFCB39A00146CC
:106BD000AA85EFF09FEE2A8459D522856F905E95A5
:106BE0008A24EFB07F8C48A0218148B083470901F7
:106BF000858B99EB9A24C5465686DA8526854529E4
:106C00000DC168A0218168B00347A9008346B9007F
:106C10005288C5475686DA852685EFB01FBC2A8480
:106C20004DB7FD577CA07CB0C5B7EF92DE8E411109
:106C30002A8432852EC636C432C2EFB0BF8B19C942
:106C4000A2461246B2452A872285EFF0BFF04101E5
:106C50006F90BE8E7155E5BFEF92FE8B56291306DD
:106C60004500EFF09FFC6F905E8DEF92DE8A3E292B
:106C70002A84AE843289B1CB814799C898309C2050
:106C800022075D8FBC20C2075D8FBC30E207D98F21
:106C900018285CC0231A24011367470018A818405D
:106CA00005EF85CF13054400EFB0DF84AA87715547
:106CB00095C3DC431CC083A681CA938781CA3687EB
:106CC00005E354C480C3014531A00146AA85EFF015
:106CD000DFDE5DD16F907E86F9FF23200400E1BFE7
:106CE000E30387FE5847E9BF0CCD50CD8280EF9279
:106CF0009E82138781CA1C43AA856390A7025C45C4
:106D00001CC30545EFC0FF9A6F903E83D84709C763
:106D10006314B700D845D8C7DC47EDFBDDB7EF9269
:106D20008EFF0545EFC0FF962A8409C913060002AD
:106D30008145EF905E81930700F83CB422856F9007
:106D4000CEFFEF92AEFB2A842E8AB28993054002D1
:106D500001460545EFC0FFB731CD0329040040418E
:106D6000AA847146CA8523004401A300340123028A
:106D70000400A302040023030400A303040013057A
:106D80008400EF20B009AE2423010400A301040015
:106D900022851D2128A0218128B08547014793061F
:106DA00000081306C90081452685EFB0BFB82685C7
:106DB000EFC05FAD6F90CEF7EF926EF34041AA84C3
:106DC00041111C300820AE89A2075D8DEFB0AFEEF7
:106DD000135965001379C903B30A2041C20A93DA33
:106DE0000A41D6852685EFC01FA339E19E248D4632
:106DF00063F0F604DC4098236312D7049827938647
:106E00008700883F3D8B0A0736972C2303483700BD
:106E1000982F22059433598DB82F903BA205420735
:106E2000498FA83FB3E505016205598DEFA01FD139
:106E30002685EFC03FA541016F90EEEEA147E31913
:106E4000F7FE1C38034A0401370500F0A207B3E738
:106E50004701034A2401014B420AB367FA00034A7F
:106E60003401620A336AFA00EFB00FE82A8C370562
:106E700000E0EFB06FE7AA8BCE8513050401EFB0F9
:106E8000DFAE19E533758A0133057541333BA00048
:106E9000EFA0FFC951DDE30D0BF89A249D47E3F9FC
:106EA000E7F82685252649F542099305200226851F
:106EB00013590941EFC03F9663040512CA85268520
:106EC000EFC07F9535F58E2401460945EFC07FA0C0
:106ED0002A8A39DDA685EFC01FBE39F9D6855285CD
:106EE00003244A00EFC03F9321F52685EFC09F9908
:106EF000D28458345C24143822075D8F7C24A20687
:106F000003AA4400C2075D8F7C343D651305F57FFD
:106F1000E207D98F18281CA8D98E38284207D98EA5
:106F200038386207558F9356870058A454B4935647
:106F30000701618378B413D7870018B813D7070106
:106F4000E18374A438A83CB8834A3A0083472A00F6
:106F500023000A00A20AB3EAFA00EFB0EFD463E913
:106F6000AA08056513050580EFB00FD483473A00E2
:106F700003472A00A207D98F85073E954205418124
:106F80002301AA002181A301AA001C340824A2071E
:106F90005D8DEFB04FD2A1671375F50F5D8DEFB02A
:106FA000AFD008A4218108B4D14523050400A3056E
:106FB00004002285112428A4218128B4CA852685AD
:106FC000EFC07F85E31605E64E88854701479306A7
:106FD000000801469305C4002685EFB01F8089BDD7
:106FE0009305E0FD2685EFC01F83E30405F089B516
:106FF000056513050580EFB02FCB83473A000347A3
:107000002A00A207D98F95BFEF92EED013F6F50FA5
:1070100011058D45EFF0FFD26F902ED2EF92AECFDB
:1070200013F6F50F1105AD45EFF0BFD16F90EED01F
:10703000EF926ECE3308B5004208AA860147135876
:1070400008018548B307D840C207C18363E4F80448
:1070500093D71500939617003695F956B387D70244
:10706000BE95C205C18181C51C21A2073E9741651D
:107070009306F5FF93570701758F3385E700C177B6
:10708000E98F99C3758D050542054181EFB0CFC1E8
:107090006F90AECA9C3290228906A207D18F1396B8
:1070A0008700A183D18FC207C1833E9761BFEF9252
:1070B0000EC4B727012083A787B8BA84411113975C
:1070C00057006349070E416B2A89AE8A328A81498B
:1070D00001447D1B854B631E0908638B09004167D2
:1070E000931784007D172180F98F1374F40F5D8C42
:1070F00003C51A0083C70A0003470A0022055D8DF5
:1071000083C72A0003463A004169C2075D8D83C7E1
:107110003A0062067D19E207C98F03451A0022056D
:10712000498F03452A004205598D498E3375260142
:10713000418233F7270132953A95C1833E952A94CF
:107140003685EFB06FB62A942685EFB0EFB522955D
:1071500013540501337525012A9413550401337422
:10716000240122951345F5FF4205418141016F90AD
:107170008EBB8355A9000325490036C6EFF05FEBAF
:107180002A9493570401337464013E948357A900F1
:10719000B246858B89CF931784002180B3893B4108
:1071A000B3F767011374F40F93F9F90F5D8C03299A
:1071B000090015B701455DBFEF92EEB5EFF05FE74F
:1071C0001345F5FF420541816F902EB7EF920EB344
:1071D000C169AA8401490144FD19054A95E0630B80
:1071E00009004167931784007D172180F98F13747C
:1071F000F40F5D8C1345F4FF420541816F904EB34F
:10720000AE24C840EFF0DFE22A94935704013374B0
:1072100034013E94BE24858B89CF9317840021804E
:1072200033092A41B3F737011374F40F1379F90FB7
:107230005D8C844065B7B687B2882A832E88639DAB
:10724000061463F9C50A4167636EE61AB7070001C1
:107250006363F63493568601E147179700001307DE
:10726000E776369703470700BA97130700021D8F8A
:1072700019CB3398E500B357F500B318E60033E8AF
:1072800007013313E50013D608013355C80293965E
:107290000801C182935703013377C802B385A60260
:1072A00042073368F700637AB80046989307F5FF02
:1072B000636418016367B8303E853308B8403357BC
:1072C000C8024203135303013378C802B386E602AF
:1072D000420833686800637BD80046989307F7FF3D
:1072E0006365180179176363D8003E874205598D9D
:1072F0008145828001E60547B358C702416763EACA
:10730000E80EB707000163ECF82893D68801E1473F
:10731000179700001307876B369783460700BE96C2
:1073200093070002958FE5EB939E08013387154183
:1073300013DF080193DE0E01854593570301335592
:10734000E7033377E703B306D5034207D98F63FA20
:10735000D700C6971307F5FF63E4170163E6D72646
:107360003A85958F33D7E703420313530301B3F7ED
:10737000E703B30ED703C207B3E7670063FBD70188
:10738000C6979306F7FF63E51701791763E3D70103
:1073900036874205598D828063E2D504C16763E276
:1073A000F604B707000163E4F61E13D786016148AF
:1073B0009797000093878761BA9703C70700130E5A
:1073C00000024297330EEE40631A0E0C63EDB61CBA
:1073D0003335C5001345150081458280814501453F
:1073E00082809307F00F63F3D71C13D786002148E0
:1073F000C1B71307F00FC686E37C17F193D6880058
:10740000A14739B71307F00FB286E378C7E4935664
:107410008600A14799B5B398F80033D6D50013DF9D
:107420000801335EE6033397F500B356D500558F58
:10743000939E080193DE0E013313F5009355070167
:10744000B376E603B387CE03C206CD8E63FBF600A8
:10745000C6961306FEFF63E4161763F2F616791E4E
:10746000C6969D8E33D6E60393170701C183B3F604
:10747000E6033385CE02139706015D8F637BA70079
:1074800046979307F6FF636817136376A71279167A
:10749000469793150E01098FD18D45B5B357E60078
:1074A000B396C601DD8E33D3E50013DF0601B35773
:1074B000E303939E060193DE0E013398C501335713
:1074C000E50033680701935808013316C60133738A
:1074D000E303B385FE024203B368130163FBB80004
:1074E000B6981387F7FF63EAD80C63F8B80CF9175E
:1074F000B698B388B84033D7E80342081358080158
:10750000B3F8E8033383EE02C208B3E5080163FB76
:107510006500B6951308F7FF63EDD50863FB6508B2
:107520007917B695C207416FD98F1307FFFFB3F6DE
:10753000E70093D80701718F4182B38EE602B385CD
:107540006540B386C60213D80E013387E802BA96A7
:10755000C2963386C80263F3E6007A9693D8060192
:10756000469663E2C5026385C5003E8581458280FB
:1075700041677D17F98EC206B3FEEE003315C501D3
:10758000F696E374D5FE1385F7FF8145828013D705
:107590000601414831BD93560601C1477DB993D6D6
:1075A0000801C147B5B3814505458280368701484A
:1075B00001B5428785BF3E86E9BDBA871DBF328EC1
:1075C0004DB579154698D5B97915C69759BB370881
:1075D000100001117D183377B80026CA3378D8001F
:1075E00093D4450113D34601131E37004EC61357DB
:1075F000D5010E089357D60193F4F47F1373F37FEC
:1076000006CE22CC4AC893D9F50193DEF601336742
:10761000C701131F350033E80701931F3600338E6F
:1076200064406380D9196356C0136304031CB70612
:1076300080009307F07F3368D800638FF436930798
:10764000800363C0C735FD4763CDC74713050002FC
:107650003305C541B3D7CF01B316A8003399AF00A6
:10766000DD8E33392001B357C80133E926011D8F60
:1076700033092F41B3372F013306F74093178600A4
:1076800063D40724370780007D173374E600630C4A
:10769000042C2285EF105068130785FF9307000222
:1076A000998FB357F9003316E400D18F3319E900ED
:1076B0006341972A33059740130615007D47634DB4
:1076C000C73813070002118FB356C9003319E900F8
:1076D0003397E700558F333920013369270133D6BB
:1076E000C70081449377790081CF1377F9009147E0
:1076F0006308F70013074900333927014A963A898E
:107700009317860063D6071C138514009307F07F38
:10771000CE856304F520B70780FFFD17F18F93989E
:10772000D70113593900A607B3E82801B1831375AF
:10773000F57F9396C7005205F2406244B182FE0580
:10774000C98ECD8ED2444249B2494685B68505617F
:107750008280631E0E0A138314001373E37F631782
:107760000322B367E701B368F801639D041A6387D6
:107770000740638608443309FF41B30707413336A6
:107780002F013386C7409317860063D6074C338991
:10779000EF41B307E84033B62F013386C740F6897F
:1077A00091B76350C00F6300030CB70680009307C6
:1077B000F07F3368D800638AF43A9307800363CB81
:1077C000C713FD4763DFC73513090EFE9307000299
:1077D000B3562801630AFE00130900043309C941A6
:1077E00033192801B3EF2F013339F0013369D90080
:1077F00031A2B367F801638A071C9307FEFF638C0D
:1078000007389306F07F6309DE1A3E8E0DBDB3057F
:10781000934063910422B367E7016387073293873C
:10782000F5FF638107449306F07F638CD520BE8506
:107830009307800363CCB72AFD4763CFB73C930718
:1078400000028D8F3319F700B356BF00B317FF0046
:107850003369D900B337F0003357B7003369F90003
:107860003308E84041ACB367F801638007349307FD
:10787000FEFF638A07209306F07F6308DE2E3E8EAC
:107880002DBF631E0E149386140093F7E67F639159
:107890000734B367E7016395042C6380073EB36741
:1078A000F801638E07303309FF01B3070701333F47
:1078B000E9013386E7019317860063D70700B7070E
:1078C00080FFFD177D8E854493777900E39F07E065
:1078D0009317D60193583900B3E8F8009357360050
:1078E0001307F07F638DE404B207B18313F5F47FCF
:1078F000CE8581B53369F801333920017A99B337E0
:10790000E9013386E70093178600E3DF07FA850471
:107910009307F07F6396F418CE851305F07F8147B7
:10792000814801BDC1EB6384083A93163600931772
:10793000D8018D82B3E8D700F68993573800B3E7B2
:10794000F800F9DB81451305F07FB707080081488F
:10795000CDB3370680FF7D167D8E93777900998CA5
:10796000E39507D8B5B74A85EF10103B130785019B
:10797000FD47E3D5E7D2130685FFB317C9000149D8
:1079800005BB3369F80133392001DDB13309FF410B
:107990003306074133342F013304864093178400A4
:1079A00063CD0724B3688900E39308CE81478149FA
:1079B00081441DBFE39808F80E059317D7010D8188
:1079C000B3E8A700935737009DBF0E059317D70163
:1079D0000D81B3E8A700F2849357370011B7330540
:1079E000934063820412B70680009307F07F558F9F
:1079F000630DF32E9307800363CBA720FD4763C37A
:107A0000A72A93070002898F3319F700B356AF00F6
:107A1000B317FF003369D900B337F0003357A7001D
:107A20003369F9003A987E99B337F9013386070133
:107A30009A84D1BDB70680009307F07F558FE31974
:107A4000F3DE931736008D839318D801B3E817013E
:107A5000F68993573800E5B5130715FE9306000223
:107A600033D7E700630AD600930600043386C64086
:107A70003396C7003369C900333920013369E900FF
:107A80000146814491B53309FF01B307070133363D
:107A9000E9013E96931786008544E3D707E28944BF
:107AA000B70780FFFD17F18F1357190013791900DD
:107AB000336927019398F70133E9280113D617009A
:107AC00015B113090EFE93070002B3562801630A8D
:107AD000FE00130900043309C94133192801B3EF2B
:107AE0002F013339F0013369D90059B63369E70101
:107AF0003339200133892F41B3B72F013306F840C2
:107B00009A84F689A5BEB367E701638207189307D5
:107B1000F5FF6384071C9306F07F6304D5123E854E
:107B2000D1BD93070002B387C741B316F80033995C
:107B3000FF0033D6CF01D18E33392001B357C801AE
:107B400033E926013E975DBB931736008D8393186A
:107B5000D801B3E81701AE8493573800F68949B3CA
:107B6000EDC33369F801E31F09DC0E059317D70154
:107B70000D81B368F50093573700D1B36381080EC8
:107B8000931636009317D8018D82B3E8D700F68993
:107B90009357380091BB3309FF41B3070741333F87
:107BA0002F013386E7418544D1BC0E059317D701D9
:107BB0000D81B368F500F2849357370015B30E05B5
:107BC0009317D7010D81B3E8A7009357370029BB5E
:107BD0009307F07FE382F6D43309FF013336E901DE
:107BE000B3070701B2979398F7011359190033E9C6
:107BF000280113D61700B684C1B93389EF41330782
:107C0000E84033B62F013304C740F68949B43369DD
:107C1000E7013339200101BD938705FE9306000279
:107C2000B357F700638AD50093060004B385B640C6
:107C30003317B700336FEF003339E0013369F900D0
:107C400055BD931736008D839318D801B3E81701FB
:107C500093573800EDB1B368C900E39708C6814770
:107C6000814959B13389EF41B307E84033B62F0159
:107C70003386C740F689854411B4931636009317AE
:107C8000D8018D82B3E8D70093573800B1B9931665
:107C900036009317D8018D82B3E8D700AA84935792
:107CA00038003DB9930705FE93060002B357F7006D
:107CB000630AD500930600043385A6403317A70056
:107CC000336FEF003339E0013369F900A9BB814517
:107CD0001305F07FB7070800A9BC3309FF01B307FC
:107CE00007013336F9013E9675B3931636009317A4
:107CF000D8018D82B3E8D7009357380089B1397124
:107D000093D7450122DC4AD856D22A891394C5005C
:107D100006DE26DA4ED652D45AD05ECE13F5F77F61
:107D2000318093DAF501630B05109307F07F630B45
:107D3000F514135AD9010E0433648A00370A8000FF
:107D4000336A4401131B3900930415C00144814B6D
:107D500013D846011399C6001378F87FB2881359D7
:107D6000C90093D9F601630E08089307F07F6300FA
:107D7000F8041357D6010E0933692701130818C0F8
:107D8000B70780003367F90093183600B3840441C5
:107D90008145BD4733C83A0163E4871A97970000CD
:107DA0009387C7BA0A043E9410403E960286336712
:107DB000C90093841480631207101364240081485F
:107DC0008945C1BF1306F07F81470147B207F250D2
:107DD00062545206B1837E08D18FB3E70701D254B3
:107DE0004259B259225A925A025BF24B3A85BE85E9
:107DF0002161828001481306F07FB7070800014720
:107E0000F1B73367C9004DC7630809304A8532C4EA
:107E1000EF1080702246130755FFF547930685FF44
:107E2000998F3319D900B357F60033E72701B318F8
:107E3000D60026959304353F8145A1BF336A2401BE
:107E400063030A0636C632C46306042A2285EF108D
:107E5000A06C2246B246AA84130755FF754A138BBD
:107E600084FF330AEA4033146401335A4901336A08
:107E70008A00331B69011305D0C0B3049540014447
:107E8000814BF9B5336A240163180A002144014B80
:107E90009304F07F894B6DBD228A4A8B3144930451
:107EA000F07F8D4B75B51144014B8144854B4DB529
:107EB0001364140081488545E9BD136434004A8782
:107EC0008D45C1BD630A052E8547898F93068003C2
:107ED00063DDF632014681470147CDBDCE86894735
:107EE000638DF53A8D47E387F5F085473688E38360
:107EF000F5FE1385F43FE357A0FC93F778006396F3
:107F0000072893D638009317770063D80700B70780
:107F100000FFFD177D8F138504409307E07FE3C3C7
:107F2000A7EA1316D70193179700B1833367D600DA
:107F30001376F57F61BDD6865287DA88DE8545B730
:107F400063614723630DEA20DA86FD145284014BF6
:107F50009317870013D388013363F300935E030103
:107F6000B357D403131F0301135F0F0193D5060109
:107F7000139E88003374D4033307FF024204C18D7B
:107F800063FBE5009A951386F7FF63EE652663FCB5
:107F9000E526F9179A95998D33D7D503C206C18284
:107FA000B3F5D5033306EF02C205D58D63FBC500DB
:107FB0009A959306F7FF63E6652463F4C524791761
:107FC0009A95C20741645D8F9307F4FF3375F700FC
:107FD00093580701935F0E01B377FE00B302F502D9
:107FE000B386C540B383F80293D502013386AF024E
:107FF0001E962E963385F803637376002295C1682A
:10800000FD1893550601337616014206B3F81201A6
:10801000AA95469663E6B6126382B6123306CB4043
:108020008D8E333BCB00338B66411385F43F630C5D
:108030006317B358DB0393550601337BDB03B306A9
:108040001F03420B33EB6501637BDB001A9B9385B7
:10805000F8FF636D6B20637BDB20F9181A9B330BF1
:10806000DB40B356DB0342064182337BDB03330F35
:10807000DF02420B33666601637BE6011A96938545
:10808000F6FF6367661E6375E61FF9161A96C20847
:10809000B3E8D8009395080193D20801C181B38E4B
:1080A000F5023306E641B385BF0293D60E01B387CE
:1080B000F202BE95AE96B38F5F0263F4F600C1671D
:1080C000BE9FC165FD1593D70601ED8EC206B3FEB6
:1080D000BE00BE9FF696637FF6091A969387F8FF57
:1080E0006369661A6368F619630FF61BBE8893E826
:1080F000180011B54A85EF10204213075501F145CC
:10810000930405022246B246E3DAE5D4130485FF60
:10811000331A8900014B85B3328532C4EF10C03F5A
:1081200013075501F146AA87224613050502E3D637
:10813000E6CEE1173317F6008148E5B9E370CBEEE0
:10814000729B3335CB011A95AA961305F7FF637816
:10815000D30263E6B6106382D5102A87C1B5E36502
:108160001BDF93551B009316FA0113541A00CD8E92
:108170007E0BF9BBE31DF6F7E38F06D6B9BFE31E0E
:10818000D3FCE378CBFD2A8751BD93F7F8009146E5
:10819000E389D7D693B7C8FF9386480093C71700E3
:1081A0008D823E978DB381468547E34CA0FEFD58F6
:1081B000E31C05D0930410C085471385E441B31632
:1081C000A70033D6F8003395A800D18E3335A00030
:1081D000C98E13F676003357F70001CE93F7F600F9
:1081E00011466388C70093874600B3B6D700369719
:1081F000BE869317870063D8070405468147014769
:10820000F1B636877DBBB28779B3FD46E3D7F6FA80
:108210000556098E930600023356C7006388D700BF
:108220009387E443B317F700B3E8F800B3361001BF
:10823000D18E13F67600814701CE93F7F6001146F2
:108240000147E392C7FA931797001316D701B1833A
:1082500013D73600518F014695BEE370CBF0729B69
:108260003335CB011A957917AA964DBBAE88C5BB9D
:10827000AE8631BD93171E0033BEC70172931A96A6
:10828000F9183E8EE315F6E7E307DEC693E818001B
:108290009DB1BE88E30AF6FF99BD36881306F07FCC
:1082A0008147014725B6E367DEFCBE88E310DEFEAA
:1082B00099B113D74501B7071000FD1713D8460130
:1082C0001377F77F9308F07F33F3B7002A8EF58F8B
:1082D000FD81B28E1378F87FFD8263081703630077
:1082E00018030DEBB368A300631408005D8E29CA60
:1082F000638508046388D502054595ED8280B3E85F
:10830000C700E38008FE795582803365A30065FDD0
:10831000630CE802631408005D8E79DEE39ED5FCF1
:10832000E34CE8FC63480701E3E867FC6303F302FE
:10833000637FF30081E57D558280F5DE054582800F
:108340000145E39B08FA82805D8E69DA6DBF0145C5
:108350008280E3E3CEFB0145E372DEFBE5F1E1BFA2
:1083600013D74501B7071000FD1713D8460113773F
:10837000F77F9308F07F33FEB700AA8EF58FFD815B
:10838000328F1378F87FFD82630E1703630D180197
:1083900029E3B368AE00631F08005D8E01EE014360
:1083A000638C080421A8B3E8C70009436396080456
:1083B0006DD305A0638408046385D50205438DCD84
:1083C0007D531DA8B368AE00094363970802630A92
:1083D000E802631408005D8E75D2E391D5FEE34F89
:1083E000E8FC63490701E3EBC7FD630FFE000143AF
:1083F0006374FE00F1D505431A858280EDFE7D533E
:10840000E5BF5D8E79DACDBFE36ADFFB0143E3F5BB
:10841000EEFFF5F175B739714AD813D945014ED63B
:1084200052D456D29399C50006DE22DC26DA5AD001
:108430005ECE1379F97F2A8A93D9C90093DAF501C0
:10844000630D090E9307F07F6306F9181354D501E5
:108450008E09B36934013704800033E48900931432
:108460003500130919C08149814B13D74601139A6E
:10847000C6001377F77FB285135ACA0013DBF601E3
:10848000630B07109307F07F6303F7049357D6013C
:108490000E0A33EA4701130717C0B7078000B36716
:1084A000FA00931536003A99814833C76A01BD46F0
:1084B0003A851308190063E836171786000013067B
:1084C000E64C8A09B29983A60900B2968286B36700
:1084D000CA001309F97F6399071293E929008145BE
:1084E0008948E1B701479307F07F370408008144CA
:1084F0003204D20731807E075D8C598CA285F25000
:10850000625426854259D254B259225A925A025B79
:10851000F24B216182805A853E84AE84C68B8947A6
:10852000638DFB0E8D47E38FFBFA85472A87639E99
:10853000FB3881470144814465BF33E4A90061C031
:1085400036C632C4638C092A4E85EF00F07C224681
:10855000B246AA87130755FF7544938487FF198C89
:10856000B399990033548A0033643401B3149A00E8
:1085700013D746011309D0C0139AC6001377F77FAB
:108580003309F9408149814BB285135ACA0013DB84
:10859000F601E31907EEB367CA00B1C7630F0A22F9
:1085A000528532C4EF00507722462A87930655FF42
:1085B000F547930587FF958F331ABA00B357F60036
:1085C000B3E74701B315B6003309E9401309D9C031
:1085D0008148E1BD33E4A90001ECA14981441309BC
:1085E000F07F894B59B593E919008145854875BDE0
:1085F0004E84AA84B1491309F07F8D4BBDB59149D2
:1086000081440149854B95B593E93900D2878D485E
:1086100069BD89475685E397FBF02A879307F07F6A
:1086200001448144F1B5C16E1386FEFF93D6040167
:1086300013DE0501F18CF18D338695023383B6028A
:108640009358060133059E021A95AA98B382C60371
:1086500063F36800F692C16F1383FFFF33F5670081
:1086600093D30701B3F76800C207337366003E93E4
:108670003306950293D80801B387A602135F06015B
:10868000B3849302BE94FA94B38E760263F3F4003B
:10869000FE9E416A9307FAFF935F0401B376F400EC
:1086A000B3F9F4007D8EC1803384D502C209338FC3
:1086B000D401B299CE98B307DE02935E0401B3856C
:1086C000BF02AE97BE9E330EFE0363F3BE00529E02
:1086D000C1679385F7FF33F6BE006D8C4206229684
:1086E00093DE0E01B305D502769E3385AF0213D417
:1086F0000501B386D302AA96A296B38FF30363F360
:10870000A600BE9F41657D15B3F7A600C2076D8D1B
:10871000AA97B3855800B3B93501FA97B295338457
:10872000370133B6C500B30EC4013385CE003334F0
:108730003401B3B7E701C18F33BECE0113D40601B4
:108740003336C5003E943366CE0093949500329440
:108750007E94B3E46400260493567501B33490000C
:10876000DD8193179500CD8C558CDD8C93177400AB
:1087700063DB070093D7140085889316F401DD8C22
:10878000D58C058042899307F93F6359F00893F629
:10879000740081CE93F6F40011466388C600938678
:1087A0004400B3B496002694B6849316740063D83C
:1087B0000600B70700FFFD177D8C9307094093065D
:1087C000E07F63CFF60E93D634009314D4012604D1
:1087D000D58C318093F7F77F21BB328532C4EF000F
:1087E000B05393065501F147130705022246E3D122
:1087F000D7DC6115B317A6008145F9B3EF00D0515E
:1088000013075501F145930705022246B246E3D509
:10881000E5D461153314AA00814499BB85469D8E29
:10882000B1E71309E941B3972401B3D4D400331954
:108830002401B337F000B3649900DD8C93F7740022
:10884000B356D40081CF93F7F40011466388C70074
:1088500093874400B3B49700A696BE84939786008E
:1088600063D8070485470144814459B11306800346
:10887000E341D6CC7D46E356D6FA0556B307F6401B
:10888000930500023356F4006387B6001309E943E9
:10889000B3172401DD8CB3349000D18C93F67400AF
:1088A000014499CA93F7F40011468146E392C7FA4E
:1088B000139496003180F6068D80D58C81470DB9D2
:1088C0009307F07F0144814425B142896DBD37078C
:1088D00010007D1701113373B70093D84601758FCF
:1088E000935ED60122CC26CA0E0393D4450193573A
:1088F000D5010E0706CE4AC84EC693F8F87F130E70
:10890000F07F33E7EE0093F4F47F13D4F50133E303
:108910006700131F3500FD82931E36006380C8195F
:1089200093C61600B38514416305D4126351B01881
:10893000638B081AB70780005D8F6381C459930762
:10894000800363C4B734FD4763C5B748930700028B
:108950008D8FB3D9BE003318F700B39EFE00336885
:1089600038013357B700B339D001336838013303C6
:10897000E340B3090F41B3373F013306F340931788
:10898000860063D30724370980007D1933792601D7
:10899000630F092C4A85EF003038130785FF9307D2
:1089A0000002998FB3D7F9003316E900D18FB3993C
:1089B000E9006344972A058F13061700FD4663C537
:1089C000C63A13070002118FB3D6C9003398E900E5
:1089D0003397E700558F33380001B369070133D669
:1089E000C700814493F7790081CF93F6F90091474E
:1089F0006388F6009386490033B836014296B689FB
:108A00009317860063D6071C138714009307F07F23
:108A100005886306F720B70780FFFD17F18F1398CD
:108A2000D70193D93900A60733683801B18313778A
:108A3000F77F9396C7005207B1827E04D98EC18E0C
:108A4000F2406244D2444249B2494285B68505614A
:108A500082806356B00A638A0812B70780005D8F70
:108A60006387C42D9307800363C7B718FD4763D29C
:108A7000B73C138805FE93070002B3590701638AC8
:108A8000F50093070004B385B7403317B700B3EE82
:108A9000EE003338D0013368380195A2B367D701AF
:108AA0009385148099E393C61600630AD404D1E138
:108AB0009387140093F7E77F6399071EB367E30179
:108AC0003368D701639204166382073C6316084239
:108AD000131835009316D3011358380033E80601F4
:108AE0009357330019A2B367D7016385071A938799
:108AF000F5FF638B073A638CC523BE8589B56399FF
:108B0000051C9386140093F7E67FC1EFB367E3017A
:108B100063900436638D0744B367D70163940746B7
:108B20000E051318D3010D813368A8009357330045
:108B30006DA8B385984063970420B367E301638D04
:108B400007309387F5FF638907401305F07F638340
:108B5000A520BE859307800363C2B72AFD4763C87B
:108B6000B73C930700028D8F3318F3003356BF00D4
:108B7000B317FF003368C800B339F0003353B300B4
:108B80003368380133076740B5ACB367D7016383F7
:108B900007109387F5FF638F071E6380C52FBE857F
:108BA000D1B59307F07F638BF606FA9E33B6EE01DC
:108BB000B307E300B2971398F70193DE1E00B36981
:108BC000D80113D61700B68493F77900E39F07E026
:108BD0009317D60113D839003368F800A685935748
:108BE00036001307F07F6380E506B207B18313F701
:108BF000F57F05883DBD3367D7013338E000B30901
:108C0000E801B3B7E9013386670093178600E3DD17
:108C100007FA85049307F07F639CF418058813070F
:108C2000F07F8147014831B5639107106301083C2B
:108C3000131836009317D701135838003368F8001B
:108C4000368493573700B367F800E9DB0144130714
:108C5000F07FB70708000148E9BB370680FF7D16A3
:108C60007D8E93F77900998CE39107D895B74E855F
:108C7000EF00900A13078501FD47E3D2E7D2130600
:108C800085FFB397C90081492DB33368D7013338C5
:108C90000001C5B1131835009317D30113583800DC
:108CA0003368F800935733002DBFB309DF41330910
:108CB000E34033363F013309C9409317890063CA43
:108CC000072033E82901E31508CC8147014431BF6F
:108CD000B385984063810414B70680009307F07F42
:108CE0003363D3006381F8209307800363CCB722FA
:108CF000FD4763C9B72C930700028D8F3318F3002B
:108D0000B356BF00B317FF003368D800B339F00083
:108D10003353B300336838011A97B309D801B3B796
:108D2000D9013386E700C684CDB5E31108F21318E4
:108D300035009317D301135838003368F800935760
:108D4000330011B7370580009307F07F3363A3002A
:108D5000E392F8E00E061318D7010D823368C800BD
:108D6000935737003684C5B505179306000233D7ED
:108D7000E700630AD600930600043386C6403396A4
:108D8000C700B3E9C90033383001B369E8000146D0
:108D900081441DBDB309DF01B307E30033BFE9011F
:108DA0003386E701931786008544E3DF07E08944B3
:108DB000B70780FFFD17F18F13D7190013F81900BB
:108DC000336807019399F701B3E9090113D6170036
:108DD00011B9138805FE93070002B3590701638A8E
:108DE000F50093070004B385B7403317B700B3EE1F
:108DF000EE003338D00133683801A5BE3363E30198
:108E000033386000B3890E41B3B73E013306F740F3
:108E1000C6843684ADB6B367E301638707189387CA
:108E2000F5FF638C071C9306F07F638ED50ABE8521
:108E300065BD930700028D8FB3D9BE003318F700CC
:108E4000B39EFE00336838013357B700B339D00101
:108E5000336838013A9365B3131836009317D70176
:108E60001358380033E8070136849357370095BB11
:108E7000BDCB3367D701E31B07DC0E051318D30105
:108E80000D813368A8009357330075BBE30F08E2E8
:108E9000131836009317D701135838003368F800B9
:108EA00036849357370091B3B309DF41B307E340EA
:108EB000333F3F013386E7418544D1B41318350071
:108EC0009316D3011358380033E806019357330043
:108ED0009DBBB389EE413306674033B93E01330988
:108EE0002641368475B40E061318D7010D823368F7
:108EF000C8009357370081BBB309DF41B307E34094
:108F000033363F013386C7409317860063D7070A7D
:108F1000B389EE41B3076740B3BE3E013386D74104
:108F20003684C9B43363E30133386000FDB313887A
:108F300005FE93070002B3590301638AF500930706
:108F40000004B385B7403313B300336F6F00333879
:108F5000E001336838017DB5B389EE41B30767405E
:108F6000B3BE3E013386D7413684854409BC13180D
:108F700036009317D701135838003368F800935719
:108F80003700A5B1B309DF01B307E30033BFE9013F
:108F90003386E70193178600E3D807C2B70780FF3F
:108FA000FD177D8E85440DB10E061318D7010D8275
:108FB0003368C800935737002DB133E8C900E30682
:108FC00008D019B1138805FE93070002B3590301B5
:108FD000638AF50093070004B385B7403313B300E9
:108FE000336F6F003338E001336838013DB301441B
:108FF0001307F07FB70708002DBCB309DF01B307E3
:10900000E300B3BED9013386D70169BB13D745014D
:10901000B7071000FD171347F7FF13D84601FD8D62
:10902000F58F931657011378F87F99CA1307F07FCD
:1090300001456303E8008280D18F3335F0008280E0
:10904000C98D0545E5D5828093D74501B706100047
:109050001387F6FF93F7F77F1306E03F2A886D8F9B
:109060000145FD816354F60099C182808280130618
:10907000E0417D55E34BF6FE130530431D8D7D46E3
:10908000558F634AA6009387D7BE3317F700335531
:10909000A800598D828013053041B307F540335540
:1090A000F7008280411106C622C426C205CD93571F
:1090B000F541B3C4A7009D8C2A842685B129930667
:1090C000E041898EA9477D8093F6F67F63CDA702A4
:1090D0002D47098FB3D7E4005505B207B394A40018
:1090E000B18329A00144814681478144B207D20659
:1090F000B1837E04D58FC18FB24022442685BE85C0
:109100009244410182805515B397A400B207B18300
:109110008144E9BF15CD411122C406C62A84ED2E33
:109120009306E041898EA94793F6F67F63DCA70298
:109130005515B317A400B207B1830147B2402244CA
:10914000B207D206B183D58F3A85BE8541018280B0
:1091500081478146B207D206B1830147D58F3A8550
:10916000BE8582802D47098FB357E400B2071307ED
:1091700055013317E400B183D1B7B367B5009DCF74
:10918000411122C426C24AC006C6AA842E892E8452
:10919000A1C12E8551269306E043898E9307304363
:1091A00063C4D7069317C9002D46268793F6F67F2A
:1091B000B183635CA60C130655FF0DA88147814659
:1091C000B207D206B1830147D58F3A85BE8582802A
:1091D000A1262A869306E04313050502898E13070C
:1091E000A00293F6F67F634CA70C55061307B00256
:1091F000098FB317C90033D7E4005D8F9317C700F9
:10920000B1833397C40051A09307604363D9D70259
:1092100013078501930785036347070C3396E40022
:1092200001472144098C518F930704FE3337E00036
:1092300063CF0708B354F9008147D98C3E84A14716
:1092400063C1A706370780FF7D1713F67400B37755
:10925000E40005C613F6F40091456300B6021386D8
:109260004400B3349600A6979395870063D9050808
:109270009306F043F98F898EB2841397D7018D80BE
:10928000A607458FB18393F6F67FB2402244B2071A
:10929000D206B183D58F924402493A85BE854101F9
:1092A000828013078002130685FF098F33D7E400FD
:1092B000B317C4003364F700B394C40061B79307D5
:1092C00056FFB397F400B207B18301477DBF7D46D7
:1092D00093171900018EB397C700B3D48400DD8CB7
:1092E000B357890099BF7D461D8E13D7140033579D
:1092F000C7003316F900598E3397F4001DB7B284B6
:10930000ADBF135775011377F70F4111930717007E
:1093100022C426C21314950006C693F7E70F2580D2
:109320009354F50185C79357340013070738760423
:10933000B2075207B1831395F401D98FC98FB24098
:10934000228522449244BE854101828005EB39C4C6
:109350002285D922A94763C6A7042D47098F930701
:1093600055013357E4003314F4009317C700130773
:109370009038098FB1831377F77F5DBF01CC135706
:109380003400B7070800D98FB2077604B1831307FA
:10939000F07F79BF1307F07F814759BF01478147AD
:1093A00041BF130755FF3317E40001447DBF93D637
:1093B00045019397C50093F6F67FB1831386160097
:1093C0008E071357D5011376E67FFD815D8F9318C5
:1093D000350035CE138806C89307E00F63DD07011B
:1093E0008147139597009306F00FDE062581FE0551
:1093F000558D4D8D82806355000B931765000E07C8
:10940000B337F000D98F93D8D801B3E7170113F71A
:1094100077006301071013F7F70091466303D70045
:109420009107370700047D8F75C7130718001306CF
:10943000F00F9376F70FE305C7FA9A07A583139504
:109440009700DE062581FE05558D4D8D8280B36720
:10945000170199EE85CF95479A07A5831395970035
:1094600093F6F60FDE062581FE05558D4D8D828023
:10947000A5DBB7074000139597009306F00FDE06B3
:1094800081452581FE05558D4D8D8280814713953F
:1094900097008146DE062581FE05558D4D8D828023
:1094A000A5576348F804F94737068000B38707419A
:1094B0007D45598E6351F5047957330707411305EC
:1094C00000023357E6006388A700938626CAB316C6
:1094D000D600B3E8D800B3371001D98F13F777005F
:1094E000014815FB139757008546E34807F481466A
:1094F000A5B781468DB7938626C83397D8003337F2
:10950000E000B316D600B3D8F800B367D700B3E7CE
:10951000F800E9B7C28689B7C167637EF502930791
:10952000F00F1307000263ECA70097770000938702
:10953000E749AA9703C507003305A7408280218128
:109540009777000093878748AA9703C5070061476C
:109550003305A7408280B7070001636EF500618183
:109560009777000093878746AA9703C5070021478E
:109570003305A74082804181977700009387074594
:10958000AA9703C5070041473305A7408280938708
:1095900081869C434111328806C6AA882E87C84717
:1095A000368697770000938767526317080097778E
:1095B00000009387E70F3E88C68697750000938565
:1095C000E5513920EF10C017938781868843828048
:1095D000397132D436D63EDA3AD842DC46DE938749
:1095E00081862E86AA858843341006CE36C6892AFF
:1095F000F2402161828001476314E60001458280C8
:10960000B307E5000507B386E50083C7070083C6F7
:10961000F6FFE383D7FE3385D7408280B3C7A5002A
:109620008D8B3307C50081E78D4763EEC700AA879E
:109630006370E50A83C6050085078505A38FD7FEFD
:10964000E3EAE7FE828093763500AA8791CA83C653
:10965000050085078505A38FD7FE93F63700FDB774
:109660009376C7FF138606FE63F0C70683A3050043
:1096700083A2450083AF850003AFC50083AE05011B
:1096800003AE450103A3850183A8C5019385450267
:1096900023A0770003A8C5FF23A2570023A4F70146
:1096A00023A6E70123A8D70123AAC70123AC67009B
:1096B00023AE17019387470223AE07FF75B790418A
:1096C0009107910523AEC7FEE3EBD7FEE3E4E7F68F
:1096D00082801C46FD171CC663DA0700184E63C55E
:1096E000E700A9476394F5006F0010681C422E85BF
:1096F0001387170018C22380B7008280011122CC83
:1097000026CA4AC84EC652C406CE2A89AE893284B9
:10971000B304D6007D5A63149400014511A8834513
:1097200004004E864A85EFF0DFFA0504E31545FF95
:10973000F2406244D2444249B249224A05618280E1
:10974000357122CD26CB4AC94EC706CF52C556C366
:109750005AC1DEDEE2DCE6DAAA89AE8432893684DA
:1097600009C51C4D99E3EF10507A97770000938755
:109770006746639DF40C83A4490083D7C400A18B82
:10978000E5CB9C48F5C793070002A304F1029307B9
:10979000000302D22305F10222C6930B5002977AEE
:1097A0000000938AAA36054C294B4A84834704005B
:1097B00099C36392770FB30C2441638E0C00E68645
:1097C0004A86A6854E85EFF07FF3FD576306F51EAA
:1097D0009256E69636D283470400638F071CFD57E6
:1097E0001309140002C802CE3ECA02CCA309010428
:1097F00082D48345090015465685EF20801A13044C
:109800001900C24759E913F7070109C713070002F6
:10981000A309E10413F7870009C71307B002A309DE
:10982000E104834609001307A0026380E608F247BB
:109830004A84814625460347040093051400130714
:1098400007FD6379E60AB5CA3ECE85A89777000082
:109850009387473A6395F40083A4890039BF9777CB
:10986000000093872735E39AF4F083A4C90031B749
:10987000A6854E85EF00B05B19D57D55FA406A4448
:10988000DA444A49BA492A4A9A4A0A4BF65B665C64
:10989000D65C0D618280050411BF33055541331537
:1098A000AC00C98F3EC82289A9B73247930647004A
:1098B000184336C6634907023ACE034704009307AC
:1098C000E002631FF704034714009307A002631B21
:1098D000F702B2470904138747009C433AC663C1A5
:1098E00007023ECA35A83307E04093E727003ACE87
:1098F0003EC8E1B7B387670385462E84BA9725BF74
:10990000FD57C5B7050402CA81468147254603476E
:10991000040093051400130707FD6378E606F1F2CF
:10992000834504000D46177500001305A51EEF20A2
:10993000400711CD977700009387C71D1D8D9307B2
:109940000004B397A700424505045D8D2AC88345EE
:1099500004001946177500001305051C13091400AF
:109960002304B102EF20E00325C19707000093878D
:10997000C71E95E74247B2471377071009CF9107F3
:109980003EC69257D2973ED20DB5B3876703854640
:109990002E84BA97ADBF9D07E19BA107D5B778008C
:1099A000970600009386C6D526860C084E8565224C
:1099B000FD572A8AE317F5FC83D7C40093F7070401
:1099C000E39D07EA12555DBD780097060000938677
:1099D00026D326860C084E85B927D9BF797122D4A3
:1099E0004AD052CC56CA5AC806D626D24ECE3A8A49
:1099F000AE8A32843689428B0147635806003707A6
:109A000000803344C7001307D0022380E70093F49B
:109A1000F8FD930760048D466388F40093075004B3
:109A200089466393F4000509DA879308C100130897
:109A300081004A87D6852286EF003065930770043F
:109A4000AA896396F400137A1A00630A0A0493073A
:109A50006004338A29016397F40203C7090093075E
:109A60000003631EF700014681465685A285EF205C
:109A7000307211C585473389274123202B01832765
:109A80000B003E9A014681465685A285EF20507014
:109A900011E152C613070003B24763E24703B2471E
:109AA0004257B2502254B38737411CC34E8592545B
:109AB0000259F249624AD24A424B456182809386FA
:109AC000170036C62380E700C1BF2300C500130777
:109AD00025009307B00263D60500B305B040930795
:109AE000D002A300F500A54763DAB704411193073C
:109AF000F100BE88294813033006B3E60503138638
:109B0000F7FF93860603A38FD7FEB3C60503634D05
:109B1000B30093860603F917A30FD6FE63E9170176
:109B20003305A74041018280B287B685F9B7850722
:109B300083C6F7FF0507A30FD7FECDB79307000332
:109B400013074500938505032301F500A301B50024
:109B50003305A740828019713ACE86DEA2DCA6DAF0
:109B60002E84CAD8CED6D2D4B689DAD0DECEE2CC14
:109B70003289D6D2E6CAEAC8EEC6AA84EF1070507F
:109B8000832B05005E85EF00101D032B0400724738
:109B900002DC93760B102A8C034A84011C43F1CA21
:109BA0009386470014C39C43081098433AD0D84387
:109BB0003AD298473AD4DC473ED6EF20906A28C480
:109BC0006CC4832CC404177700001307A7F5832AFD
:109BD0008404032D0700832D470093971C00858381
:109BE0006A86EE865685BE853ECEEFF02FC241EDE9
:109BF000F2476A86EE865685BE85EFE06FF66354BF
:109C0000A008014681465685E685EFE06FF563566C
:109C100005009307D002A301F40493077004977A18
:109C20000000938AAAF063F64701977A0000938AAE
:109C30002AF0137BBBFF8D47232064011CC8014B16
:109C40004E87CA867018A2852685C12EFD5C631ECC
:109C500095157D55F6506654D6544659B659265A30
:109C6000965A065BF64B664CD64C464DB64D09618E
:109C700082809D07E19B9386870014C39843DC4351
:109C800038C47CC43DBF5686E6865685E685EFF02F
:109C9000EFB711CD93077004977A0000938A8AE991
:109CA000E3F947F9977A0000938A0AE959B75C40CB
:109CB0007D57137DFA0D6395E70899475CC05440C2
:109CC00013670B403C18D6853EC018C0930731037C
:109CD00002C2D2881308410366862685EFF01FD0A2
:109CE00093077004AA8AD255631BFD00F55763C51C
:109CF000F5005C4063D8B708791A137AFA0F930716
:109D0000500663E64705FD155286130504052EDA55
:109D1000EFF0BFDB625785462A8BB307A7001CC84C
:109D200063C5E6001840058B19C385071CC8834727
:109D30003103E38707F09307D002A301F40409B7C6
:109D400013077004E31DEDF6BDFB854785BF930740
:109D50006006631BFA025C40635BB0000CC881E7DD
:109D60001840058B09CF8507AE971CC809A889E75D
:109D700018408546058B19C39386270014C82CCC40
:109D8000014B75B7130A7006E25763C9F5001C4012
:109D90000CC8858BEDD793871500C1BF0547634479
:109DA000B00009470D8FBA97C9B71C4013F7074099
:109DB00015E314485686CA8526858299E30B95E9F2
:109DC0001C40898B63960724F2574844E354F5E816
:109DD0003E8549B513075006637B471928446C44F8
:109DE00001468146EF20D03A39E9854617560000F2
:109DF00013064662CA8526858299E30C95E552577B
:109E0000E2576345F7001C40858BDDDBE2865E860A
:109E1000CA8526858299FD57E30DF5E2014A930A2A
:109E2000A4017D5BE257FD17E35CFAF88546568690
:109E3000CA8526858299E30E65E1050AE5B7D25702
:109E40006346F0068546175600001306A65CCA85D1
:109E500026858299E30F95DFD2576257D98F81E724
:109E60001C40858BB1DFE2865E86CA852685829995
:109E7000FD57E300F5DE014A130BA401FD5BD25749
:109E8000B307F040634BFA00E2565686CA85268532
:109E90008299FD57E316F5F26DBB85465A86CA8551
:109EA00026858299E30775DB050AD1BF3C4C625ACF
:109EB00063D347013E8A635A4001D2865686CA85DB
:109EC00026858299FD57E306F5D8814C130DA40130
:109ED000FD5D09A885466A86CA8526858299E30ABA
:109EE000B5D7850C032B8405D28763530A008147BD
:109EF000B307FB40E3C0FCFE5257E257634DF70245
:109F00001C40858B8DEBE2575257338AE740634400
:109F1000EB00338A6741635B4001D28633866A0176
:109F2000CA8526858299FD57E305F5D2814A130B30
:109F3000A401FD5B15A0E2865E86CA85268582990E
:109F4000FD57E312F5FC31B385465A86CA8526854E
:109F50008299E30075D1850A5257E257998F52874B
:109F600063530A000147998FE3C0FAFE91BDE256A0
:109F700005476344D700858BB5C785465686CA8595
:109F8000268582997D5AE30645CDE2865E86CA859E
:109F900026858299E30F45CB28446C4401468146CF
:109FA000EF20101F1DC9E25613861A00CA85FD1640
:109FB00026858299E30F45C9DA8613060405F9B5AB
:109FC00085465686CA8526858299E30475C9050AA1
:109FD000E257FD17E346FAFEC5B7014A930AA4010A
:109FE000FD5BFDB785465686CA8526858299E315B1
:109FF00095FD85B185465686CA8526858299E30AF0
:10A0000065C5050A5C447257998FE345FAFE6DBB3E
:10A01000014A930A94017D5BF5B7797156CA9C4950
:10A02000BA8A984522D426D24ECE52CC06D64AD0F1
:10A030005AC85EC6AA892E84B284368A63D3E700E2
:10A04000BA879CC00347340419C385079CC01C40D1
:10A0500093F7070281C79C4089079CC0032904002D
:10A0600013796900631A0900130B9401FD5B5C44CA
:10A070009840998F634CF9041C408346340493F74D
:10A080000702B336D000A5EB13063404D2854E8503
:10A09000829AFD576303F5041C4011469840998B42
:10A0A000544481446397C700B384E64063D30400FB
:10A0B00081441C4418486354F700998FBE940149A9
:10A0C00069047D5B63982405014509A885465A8685
:10A0D000D2854E85829A631E75017D55B2502254F9
:10A0E00092540259F249624AD24A424BB24B4561FC
:10A0F00082800509ADBF3307D40013060003A30116
:10A10000C7040347540493871600A2978906A381C6
:10A11000E7049DBF85462286D2854E85829AE30E4E
:10A1200065FB050945B7797122D426D24AD04ECEB7
:10A1300006D652CC56CA5AC8B68983C6850193073B
:10A1400090063289AA842E8413863504638DF60224
:10A1500063E2D706930780056389F61863EDD7009D
:10A160006382062293073004638FF60A930A24045D
:10A170002301D404D1A0930730066386F60A93071F
:10A180004006E395F6FE1C40084393F60708930546
:10A190004500CDC61C410CC363D807001307D0028D
:10A1A000B307F040A301E404977600009386069974
:10A1B000294775A8930700076385F61663E5D7025C
:10A1C0009307E006638CF6189307F006E390F6FA1F
:10A1D0000C401C4313F80508138547006308080664
:10A1E00008C39C4395A893075007E383F6FE9307A3
:10A1F0008007638CF61293073007E399F6F61C4349
:10A20000D04181459386470014C383AA0700568531
:10A21000EF10207901C53305554148C05C401CC88A
:10A22000A301040471A81C43930A240493864700E5
:10A230009C4314C32301F4048547D5B793F6070460
:10A240001C410CC3B1DAC207C187B9B793F5050445
:10A2500008C3C1D983D707001307F0066388E60E49
:10A26000977600009386868D2947A30104044C400D
:10A270000CC463C5050008406D9908C099E3B28A13
:10A2800091CDB28AB3F5E702FD1AB69583C50500F4
:10A290002380BA00B3D5E70263F0E70CA147631E41
:10A2A000F7001C40858B91CB58401C4863C7E700E2
:10A2B00093070003A38FFAFEFD1A3306564110C818
:10A2C0004E87CA867000A2852685EFF01FD57D5A7D
:10A2D000631E450B7D55B250225492540259F249E7
:10A2E000624AD24A424B45618280A382D504977666
:10A2F00000009386A6840C40084313F805081C410F
:10A300001105630D080208C313F7150001C793E593
:10A3100005020CC04147B1FB0C4093F5F5FD0CC0A4
:10A32000A9B79C4193E707029CC193078007A3024A
:10A33000F404977600009386A68175BF13F8050490
:10A3400008C3E30308FCC207C1837DBF9766000012
:10A350009386C67E214711BFAE872DB794411C431B
:10A36000CC4913F80608138547006306080008C3A4
:10A370009C438CC301A808C393F606049C43F5DAFA
:10A380002390B70023280400B28A1DBF14485686C4
:10A39000CA8526858299E30F45F31C40898B8DE79A
:10A3A000B2474844E359F5F23E8535B785465686AF
:10A3B000CA8526858299E30F65F1050A5C44324718
:10A3C000998FE345FAFEE9BF014A930A94017D5B48
:10A3D000F5B739713EDA2ED232D436D63AD842DCCD
:10A3E00046DE9387818622CC804326CA06CEAA8485
:10A3F00011C41C4C81E72285EF1020310C4454100D
:10A400002686228536C6EFF0AFB3F2406244D244CE
:10A4100021618280011126CA4AC806CE22CC4EC6CE
:10A4200052C4AA842E8909C51C4D99E3EF10E02D72
:10A430009C4C804481E72685EF10202D9767000013
:10A4400093874779631CF402C0408357C400A18BF3
:10A45000B1C71C48A1C7FD59294A1C4483450900BE
:10A46000FD17B1E91CC463DE07062286A9452685CF
:10A47000E528FD576308F502294535A097670000D8
:10A48000938747776314F4008044C1B7976700004F
:10A4900093874772E31BF4FAC04445BFA285268523
:10A4A000792255D97D55F2406244D2444249B2499D
:10A4B000224A056182801CC4050963D70700184C35
:10A4C00063CBE700638945011C401387170018C060
:10A4D0002380B70059B7228626857920E31F35F7F8
:10A4E000D1B71C401387170018C029472380E70005
:10A4F00061B793878186AA8588436FF0BFF1357174
:10A500003ECBB707008093C7F7FF3ECE3EC8C1776A
:10A510009387872032C536C73AC942CD46CF3ECA57
:10A52000938781862AC42ACC884334012E862C0046
:10A5300086DE36C2EF10F06AA24723800700F6508D
:10A540000D618280AA8703C7050085078505A38F53
:10A55000E7FE75FB8280AA87850703C7F7FF6DFFBB
:10A560003385A7407D158280011122CC26CA4AC8B6
:10A5700006CE4EC6AA842E89328409C51C4D99E3A5
:10A58000EF10A018976700009387C764631BF40659
:10A59000C0401C4C1CC48357C400A18BD9C31C48A9
:10A5A000C9C31C4808409379F90F1379F90F1D8D21
:10A5B0005C486347F500A2852685EF10E00235E58B
:10A5C0001C440505FD171CC41C401387170018C048
:10A5D000238037015C486389A7008357C400858BBB
:10A5E00089CBA9476317F900A2852685EF00D07FA4
:10A5F0000DEDF24062444A85D2444249B2490561B8
:10A600008280976700009387E75E6314F4008044BC
:10A6100049B7976700009387E759E31CF4F6C044F5
:10A620008DBFA285268521202DDD7D59D9B7411109
:10A630009387818626C2844322C44AC006C62A89DB
:10A640002E8491C49C4C81E72685EF10000C9767FF
:10A65000000093872758631CF402C0400317C4000E
:10A6600093170701C18393F68700BDEE93F60701A8
:10A670009DEEA5472320F900136707042316E40085
:10A680007D55B2402244924402494101828097673D
:10A690000000938727566314F4008044C1B797677E
:10A6A000000093872751E31BF4FAC04445BF918B08
:10A6B00095C74C5891C9930744046385F5004A85B2
:10A6C000EF105026232A04028357C40023220400DB
:10A6D00093F7B7FD2316F4001C481CC08357C40031
:10A6E00093E787002316F4001C4889EF8357C400C2
:10A6F0001307002093F707286386E700A2854A85A1
:10A70000EF10401F8357C40013F7170005C75C48BC
:10A7100023240400B307F0401CCC1C480145B5F3CA
:10A720008317C40013F7070829DF93E707042316EC
:10A73000F400B9B7898B014791E3584818C4F1BFB9
:10A740004111194506C6EF10F07A0545EF20405A31
:10A75000011122CC1C49804906CE26CA4AC84EC6E1
:10A7600052C456C263C187127D1413182400938902
:10A770004501338A0901130945014A9883270A00D4
:10A78000032708008507B354F7026366F706C1681C
:10A790004E834A8E814E014FFD1811030326C3FFDD
:10A7A000110E337716014182330797023306960262
:10A7B000769793560701B3771701B307FF40369694
:10A7C0008326CEFF935E06013376160133F716011A
:10A7D000BA97C18213D70741918EBA9613DF06410B
:10A7E000B3F71701C206D58F232EFEFEE3776AFA70
:10A7F00083270800BDCBAA8AEF10E07063490504E7
:10A8000041668504CA8501457D16910903A8C9FFE3
:10A8100098419105B376C800158DB376C700AA9606
:10A82000935707011358080113D70641B38707410F
:10A83000BA9713D50741F18EC207D58F23AEF5FE27
:10A84000E3753AFD93172400CA9798431DC72685E0
:10A85000F2406244D2444249B249224A924A0561D6
:10A8600082808327080089E77D147118E36B09FF54
:10A8700000C951B7984309E77D14F117E36CF9FE5D
:10A8800023A88A00E9B70145E1B775713ED85C514C
:10A8900022C526C34AC1CEDED2DCE2D406C7D6DA50
:10A8A000DAD8DED6E6D2EAD0EECE36C23AC646CA0C
:10A8B000AA842E843289C2892E8A328C89EF41453E
:10A8C000EF10600DC8D023220500232405002320AB
:10A8D000050023260500DC508C4389CDD8438547ED
:10A8E0002685B397E7009CC5D8C1EF10401ADC500D
:10A8F00023A00700635309048547131C190023A0F4
:10A90000F900135C1C00B707F07F3377FC00631479
:10A91000F70642578967320C9387F770135CCC00B7
:10A920001CC3336C8C00E3050C32D24791EB976764
:10A9300000009387E7273EC039A823A00900E1B7AC
:10A94000976700009387C7263EC0976700009387EC
:10A95000572652471CC3BA402A4402459A440A4922
:10A96000F659665AD65A465BB65B265C965C065D1F
:10A97000F64D49618280014681462285E28522CEDC
:10A9800062D4EF20E00005E1425785471CC397578A
:10A990000000938727A83EC0D247D5DF9757000015
:10A9A000938757A77DB7B800F4006286A2852685F5
:10A9B00013594C01EF1060671379F97FAA89A64AF1
:10A9C000630D0910A2577245130919C09395C7006A
:10A9D000B181B707F03FDD8D02DC976700009387F8
:10A9E00067189043D443EFD09FEE9767000093879A
:10A9F000E7179043D443EFD01FA2976700009387D7
:10AA000067179043D443EFC09FBC2A8B4A85AE8B17
:10AA1000EFE04FE997670000938747169043D443D0
:10AA2000EFD07F9F2A86AE865A85DE85EFC03FBA7B
:10AA30002A8BAE8BEF10707C2A84014681465A85A2
:10AA4000DE85EFD0FF91635B05002285EFE08FE5A7
:10AA50005A86DE86EF10D07311C17D140547D947A1
:10AA60003AD663E387021317340097670000938791
:10AA7000E71CBA979043D4437245A255EFD05F8E3E
:10AA8000635305007D1402D633892A41930BF9FFE5
:10AA9000014B63D60B00054B330B2B41814B634EAF
:10AAA0000406A29B22CC814A1247A54763E5E7141E
:10AAB0009547854C63D6E7009307C7FF3EC2814C9C
:10AAC00012478D47630EF71063CFE704894702C82A
:10AAD000630DF70685473EC88DA0364993070002EF
:10AAE00056991307294363D5E70213050004198D0E
:10AAF000930729413315AC003354F400418DEFE046
:10AB00006FE1B70710FEBE9585477D193EDCF1B5B4
:10AB10003385E7403315A400DDB7330B8B40B30A10
:10AB2000804002CC51B712479147630EF7000547AA
:10AB30003AC8124795476306F70AFD573EC4FD5DC4
:10AB4000C94702C619A885473EC8B2476348F00AFC
:10AB5000854705473EC4854D3AC603A944021147BF
:10AB600023220900930647018325490063FCD70887
:10AB70002685EF005069DC502320A9009C433EC08D
:10AB8000B94763E6B71D63840C1C635E800A937744
:10AB9000F40013973700935C444097670000938755
:10ABA000E709BA9793F60C0198430949DC4385C637
:10ABB000976600009386060690527245D452A255BD
:10ABC0003AD03ED2EFD0AF930257925793FCFC009D
:10ABD0002A8A2E8C0D49176D0000130DAD0389A82C
:10ABE00002C8B247A2973EC4938D1700EE87E34692
:10ABF000B0F785479DB7854C02C2E9BDB2473EC458
:10AC0000BE8DA1BF85052322B9000607A1BF93F61B
:10AC10001C0081CE03260D0083264D003A85BE859B
:10AC2000EFD06FFF05092A87AE8793DC1C40210D0A
:10AC3000E39F0CFC3A86BE865285E285EFD02F8CCE
:10AC40002A8A2E8C81A0094915CCB30C804093F739
:10AC5000FC001397370097670000938727FEBA9789
:10AC60009043D4437245A25593DC4C40176D0000CD
:10AC7000130D4DFAEFD02FFA2A8A2E8C8147639C50
:10AC80000C12DDFFB2576387071417670000130724
:10AC900067EF104354435285E28552D0EFD04FEC1A
:10ACA000635A0512638B0D12A2476350F00A1737DF
:10ACB00000001307277F8257104354433E85E285E7
:10ACC000EFD06FF5A247130DF4FF2A8A2E8C0509E9
:10ACD00062874A853EDE52DABA8C3AD0EFE08FBC0A
:10ACE000525802573709C0FC4286BA86EFD0AFF2FD
:10ACF00097660000938686E99042D442528CEFC05A
:10AD00001F8DF2572A8A2E99E1EF976700009387EB
:10AD100067E8525802579043D4434285BA85EFD032
:10AD20001FBB5286CA862A8CAE8CEFD08FD8634A5E
:10AD3000A054B7070080B3C727015286BE8662853C
:10AD4000E685EFD0EFE1634B0552724A225CB647CD
:10AD500063C7073039476344873013173400976758
:10AD600000009387A7EDBA9703AB070083AB4700BA
:10AD7000B24763D207206340B02163910D509767BB
:10AD80000000938727E19043D4435A85DE85EFD0B6
:10AD90008FE85286E286EFD0CFD1814A01496357CE
:10ADA000054A824702470504138A170093071003D8
:10ADB0002300F70045A113F71C0009CB03260D0063
:10ADC00083264D000509EFD00FE5854793DC1C4035
:10ADD000210D75B5228DEE87E5BD228D8147CDBD54
:10ADE0009386F7FF1396360097660000938606E574
:10ADF000B2968842CC428246B6973EDAC247E9C351
:10AE000097670000938787D92A86AE868843CC430C
:10AE10004ADE52D0EFC0BFEE025872571739000019
:10AE2000130949684286BA86EFD07FAA024A2AD01F
:10AE30002ED2E6856285EF10503C2ADEEFE08FA629
:10AE40002A86AE866285E685EFD07FA8F2572A8CE7
:10AE5000AE8C2A86AE8602559255050A9387070363
:10AE6000A30FFAFEEFD0EFC46348A00E976700006F
:10AE7000938747D18843CC436286E686EFD03FA5CF
:10AE80002A86AE8602559255EFD0AFC26342A01813
:10AE9000D257E30CFAEA032609008326490002553B
:10AEA0009255EFD04FD703260900832649002AD0B8
:10AEB0002ED26285E685EFD00FD62A8CAE8C95BF58
:10AEC0005286CA86EFD02FD5525A02492AD02ED2A6
:10AED000E6856285EF1070322ADEEFE0AF9C2A86AD
:10AEE000AE866285E685EFD09F9E7257D2570509E0
:10AEF00013070703A30FE9FE2A8CAE8C6312F90631
:10AF000017690000130989C903260900832649002F
:10AF100002559255EFC0AFEB2A86AE866285E68574
:10AF2000EFD02FB96346A00E0256925603250900B2
:10AF300083254900EFD0BF992A86AE866285E685D3
:10AF4000EFD00FC293070003E35105E00347FAFF78
:10AF50009306FAFF6304F7006A8459A8368AFDB79E
:10AF600097370000938707549043D443EFD0AFCA7C
:10AF70002A8CAE8CB1BFE287BE8C8247528C973A46
:10AF80000000938A2A5213891700BE9D5A86DE86D6
:10AF90006285E685EFC0BFD6EF1030262A8DEFE040
:10AFA0006F905A86DE86EFD00FC72A86AE866285FE
:10AFB000E685EFD0DF9193070D03A30FF9FE2A86F4
:10AFC000AE864A8A639E2D07EFC06FE05A86DE8602
:10AFD0002A8CAE8CEFD0EFAD634BA0025A86DE8692
:10AFE0006285E685EF10D01A01E593771D0085E3B1
:10AFF000CE852685EF00B029C25723000A0005043C
:10B0000080C3D247E389079423A04701A9B2228DC8
:10B01000130790038346FAFF9307FAFF639AE6004B
:10B020008246639DF60013070003050D2380E600AA
:10B0300003C7070005072380E70039BF3E8AD9BF51
:10B0400003A60A0083A64A000509EFD0CFBC01463B
:10B0500081462A8CAE8CEF10B0130DF951BF4247D8
:10B0600063000710924605476345D70C62579387E4
:10B07000374309E7264793076003998F568DDA8C8B
:10B08000854526853E9BBE9BEF0030392A89635E4D
:10B090009001635C7001E68763D39B01DE87330B0D
:10B0A000FB40B38CFC40B38BFB4063800A04C24777
:10B0B000C5CF6354A003CA856A862685EF00F04B8E
:10B0C0004E86AA852A892685EF00F0362ACECE85BF
:10B0D0002685EF00D01BF247BE893386AA4111C6F0
:10B0E000CE852685EF007049AA8985452685EF0023
:10B0F000D032E247AA8A635BF0063E86AA8526859F
:10B10000EF00B04712478547AA8A014D63C8E7069A
:10B11000014D63120A069317CC00528DA9EFB705B3
:10B12000F07F337CBC0063080C04050B850B054DD8
:10B1300099A0138DFDFF63CAAA01338DAA4163DE76
:10B140000D00B30CBB41814725BFE247B30A5D4107
:10B15000D6973ECCEA8A014DDDB7DA8CEE870DB783
:10B16000568DDA8C014925B756869DBF1247854713
:10B17000014DE3DFE7F8E247054589CF83A70A01E0
:10B180008D078A07D697C843EF00301E9307000249
:10B190003385A7405E957D8951C193070002898F51
:10B1A0001147635AF706F1473385A7402A9BAA9CAB
:10B1B000AA9B63586001CE855A862685EF00D0474A
:10B1C000AA8963587001D6855E862685EF00D04631
:10B1D000AA8AB257B1C7D6854E85EF00D0526351C7
:10B1E0000504CE85814629462685EF00900EC2478C
:10B1F0007D14AA89638C0726CA858146294626853F
:10B20000EF00300DA2472A896345F00812478947AD
:10B2100063D1E70829A8E38EE7F83E85710579B781
:10B220006345B0071247894763D1E7066EC4A2475A
:10B2300091EFD685814615462685EF009009AA8AAA
:10B24000AA854E85EF00304CE34DA0B4B247024AC8
:10B2500013C4F7FF014BD6852685EF005003E309A1
:10B2600009D863080B0063062B01DA852685EF00F9
:10B270001002CA852685EF0090019DBB814A0149D5
:10B28000F1B76A84814A014929BEC2476EC4638608
:10B29000071E63589001CA8566862685EF00D0395F
:10B2A0002A894A8563060D02832549002685EF0019
:10B2B0008075032609012A8B9305C90009060A0631
:10B2C0003105EFE0AFB50546DA852685EF00D036CB
:10B2D000824722474A8B138C1700BA973EC6937752
:10B2E0001A002A893EC4D6854E85EFF06FC6DA85EE
:10B2F0002A8D930D05034E85EF00F0404A86AA8BF8
:10B30000D6852685EF0050435045930CFCFF2A8AD2
:10B31000054711E6AA854E85EF00F03E2A87D285C3
:10B3200026853AC8EF00A07692474247628AB3E684
:10B33000E700A247DD8E81EE130790036388ED04DA
:10B3400063547001930D1D032380BC0129B763CAA8
:10B350000B009247B3EB7701A247B3EBFB00639579
:10B360000B04E353E0FECE8505462685EF00D02C86
:10B37000D685AA89EF0030396346A00071F513F72E
:10B380001D0079D313079003E39EEDFA9307900312
:10B390002380FC00930690038347FAFF1307FAFF0C
:10B3A000638CD708850745A0635BE0001307900313
:10B3B000E38EEDFC93871D002380FC0069BDB2473E
:10B3C000A30FBCFF63818705CE858146294626856C
:10B3D000EF002070AA8981462946DA852685631800
:10B3E0002B01EF00006F2A8B2A89050CEDBDEF00C1
:10B3F000406ECA852A8B814629462685EF00606DFE
:10B400002A89E5B7014BCE8505462685EF00D02277
:10B41000D685AA89EF00302FE34EA0F601E593F719
:10B420001D00ADFB930700030347FAFF9306FAFFE5
:10B43000E313F7E2368ACDBF82476399E7000247FC
:10B440000504930710032300F70031B53A8AA9B722
:10B450005247975700009387E7743EC09757000004
:10B460009387C774631707CE6FF0EFCEA24763468A
:10B47000F00012478947E3CCE7DA024AD6854E85C9
:10B48000EFF00FAD8247050A930D05033307FA402D
:10B49000A247A30FBAFFE357F7F6CE8581462946A8
:10B4A0002685EF000063AA89D1BF83D7C5000111AB
:10B4B00022CC26CA06CE4AC84EC613F78700AA84F5
:10B4C0002E8479EFD841634DE000B841634AE00033
:10B4D0000145F2406244D2444249B249056182804A
:10B4E00058547DD703A904009396370123A0040084
:10B4F00063DE060670488357C400918B99C75C4091
:10B500001D8E5C5899C33C401D8E5C540C50814686
:10B5100026858297FD570357C400631DF5009440AC
:10B52000F54763E9D706B70740208507B3D7D700AB
:10B53000858BADC31C48232204001CC09317370120
:10B5400063D80700FD576314F5009C4091E368C879
:10B550004C5823A02401ADDD930744046385F50016
:10B560002685EF00303C232A04029DB70C5001468B
:10B57000854626850297FD572A86E31EF5F69C40F0
:10B58000BDDB75476385E70059476394E70423A053
:10B5900024013DBF136707042316E4007D5515BF42
:10B5A00083A90501E38609F203A905008D8B23A079
:10B5B000350133093941014791E3D84918C4E359AA
:10B5C00020F11C540C50CA864E862685829763490A
:10B5D000A0008357C40093E707042316F4007DBF3F
:10B5E000AA993309A940E1BF9C49A5C3011122CC06
:10B5F00006CE2A8411C51C4D81E72EC63922B245DC
:10B60000975700009387075D639CF5004C40839734
:10B61000C5009DC722856244F24005616FF0FFE8D6
:10B62000975700009387075D6394F5000C44C5B7F6
:10B630009757000093870758E39BF5FC4C44C1BF24
:10B64000F2406244014505618280014582804111DA
:10B6500022C406C62A842316B5002317C50023205A
:10B6600005002322050023240500232205062328A4
:10B670000500232A0500232C0500214681451305DA
:10B68000C505EF405EEC971700009387E70A5CD092
:10B69000971700009387470D1CD4971700009387D6
:10B6A00087115CD4971700009387471400D01CD8EB
:10B6B000B24022444101828097050000938505F342
:10B6C00099AA411126C2130680069384F5FFB3841C
:10B6D000C4024AC02E8922C406C693854407EF00DF
:10B6E000F02E2A8401CD23200500232225013105D7
:10B6F00008C4138684068145EF40FEE42285B240EB
:10B70000224492440249410182801C4DA5E7411127
:10B7100006C622C497070000938747FA1CD5938773
:10B72000C1969C43232405042326050423280504ED
:10B730006314F50085471CCD2A84352848C022852E
:10B740001D2808C42285052848C448400146914563
:10B75000EFF0FFEF08440546A545EFF05FEF4844E2
:10B760000946C945EFF0BFEE85471CCCB2402244E4
:10B7700041018280828041119387C19626C2844311
:10B780004AC006C69C4C22C42A8981E72685EFF070
:10B79000DFF7938484048044DC40FD1763D6070000
:10B7A0009C40B9CF8440C5BF0317C40039E7C177B7
:10B7B00085072322040623200400232204002324D7
:10B7C00004005CC423280400232A0400232C040062
:10B7D000214681451305C405EF40FED6232A040205
:10B7E000232C040223240404232604042285B240CB
:10B7F000224492440249410182801304840671BFAD
:10B8000091454A85EFF0FFEB88C049FDB147232001
:10B81000F9000144E1BF797122D44AD052CC56CA12
:10B820005AC85EC606D626D24ECE2A8AAE8A1304DF
:10B8300085040149054BFD5B09ECB25022544A8551
:10B8400092540259F249624AD24A424BB24B456184
:10B850008280044483294400FD1963D40900004018
:10B86000E1BF83D7C400637BFB008397E400638759
:10B870007701A6855285829A3369A900938484064C
:10B88000E1BF938781869C43885309E51755FE1FC6
:10B89000130505021305050F82801971A6DAAE841F
:10B8A0008395E500A2DC86DE328463DC050083D765
:10B8B000C40023A0060093F7070885E7930700401C
:10B8C0001DA0300836C6EF00F078B246E34105FE11
:10B8D0007247BD67F98F7977BA9793B717009CC203
:10B8E000F1BF930700041CC0F6506654D6540145BE
:10B8F0000961828083D7C500011122CC06CE26CAF9
:10B900004AC8898B2E8489CF930774041CC01CC835
:10B9100085475CC8F2406244D24442490561828056
:10B9200074003000AA84EFF05FF7A2452A892685CB
:10B93000EF00D00901ED8317C40013F7072079FB4E
:10B94000F19B93E727002316F4007DBF97070000C3
:10B950009387C7D69CD48357C40008C008C893E710
:10B9600007082316F400A2475CC8B24791CF83159D
:10B97000E4002685EF00307101C98357C400F19BB4
:10B9800093E717002316F4008357C4003369F900C6
:10B990002316240141B793878186AA8588436F00C7
:10B9A000F00293F5F50F2A966314C50001458280D5
:10B9B00083470500E38DB7FE0505FDB763F3A504D6
:10B9C000B386C500637FD5029345F6FF8147FD1717
:10B9D0006393F50082803387F600034807003387BE
:10B9E000C7002A9723000701DDB73387F500834698
:10B9F00007003307F50085072300D700E317F6FE9D
:10BA000082808147E5BF5C51411122C44AC006C60D
:10BA100026C22A842E8989EF4145EFF0DFF748D00E
:10BA200023220500232405002320050023260500EA
:10BA30004450DC4495C75850931729005847BA978B
:10BA400088431DED8544B3942401138654000A06EF
:10BA5000854522856D2511CD2322250104C51DA014
:10BA60001306100291452285592D5C50C8C4DC474D
:10BA7000F9F30145B24022449244024941018280D7
:10BA8000184198C32328050023260500E5B75C511B
:10BA9000011122CC06CE2A8499EF41452EC6EFF043
:10BAA0009FEFB24548D02322050023240500232020
:10BAB00005002326050091C95450DC411397270047
:10BAC000DC46BA97984398C18CC3F2406244056142
:10BAD000828079714ECEAA89416522D426D22E84E5
:10BAE000844906D64AD0D10501487D159C4191056F
:10BAF000050833F7A7003307C702C183B387C7021E
:10BB0000369793560701698FB69793D60701C207F8
:10BB1000BA9723AEF5FEE34B98FCA1C21C4463C761
:10BB2000F4024C404E8536C68505EFF0DFED104837
:10BB30009305C4002A8909060A063105EFD01FAE15
:10BB4000A2854E85EFF0BFF4B2464A849387440045
:10BB50008A07A297D4C3850404C82285B250225410
:10BB600092540259F249456182804177698FAA87D0
:10BB7000014519E3C2074145370700FF7D8F19E3EF
:10BB80002105A207370700F07D8F19E31105920701
:10BB9000370700C07D8F19E309058A0763C90700CD
:10BBA0001397170005056344070013050002828000
:10BBB0001C4113F777000DC393F61700014799E670
:10BBC00013F7270011C785831CC105473A8582807A
:10BBD00089831CC10947DDBF93960701C1820147D4
:10BBE00099E2C183414793F6F70F99E22107A183B8
:10BBF00093F6F70099E21107918393F6370099E2E3
:10BC00000907898393F6170081E68583050799C3A1
:10BC10001CC16DBF1307000255BF411122C42E8401
:10BC2000854506C6EFF03FDE40C9B24022440547D5
:10BC300018C94101828098491C4A797126D206D6DA
:10BC400022D44AD04ECEAE846354F700B2842E86FE
:10BC500083A90401032906019C44CC4033842901B3
:10BC600063D38700850532C6EFF0FFD9324613084B
:10BC70004501131324004293C28763ED6702938545
:10BC80004401939829005106131E2900C166AE98FD
:10BC9000329EFD166364C6036356800071138327CA
:10BCA0000300F1CB00C9B250225492540259F24918
:10BCB0004561828023A007009107C1B7832F06004A
:10BCC000B3FFDF00638A0F04428FAE82814403A773
:10BCD000020083230F00110FB37ED700B38EFE0343
:10BCE000B3F7D30093D303019102BE9E935707018C
:10BCF000B387F703A69E13D70E01B3FEDE009E970F
:10BD0000BA9793D40701C207B3E7D701232EFFFEEA
:10BD1000E3EF12FB23209F0083522600638A020474
:10BD200083270800C28E2E8F814F03270F0083D3F5
:10BD30002E00F58F758F33075702910E110F1E9746
:10BD40007E97931F0701B3E7FF0023AEFEFE8357E4
:10BD5000EFFF83AF0E004183B3875702B3FFDF00CD
:10BD6000FE97BA9793DF0701E3611FFD23A0FE0052
:10BD70001106110805B77D1405B7011126CA4AC876
:10BD80004EC606CE22CC52C4937736002A89B2849E
:10BD9000AE8989CFFD17175700001307A7F68A074A
:10BDA000BA9790438146EFF0DFD2AA898984A5CC67
:10BDB0008327490291EF4145EFF0FFBD2322A902FD
:10BDC0002322050023240500232005002326050047
:10BDD000032A490203248A0019E8930510274A859B
:10BDE000EFF0BFE32324AA002A842320050093F761
:10BDF000140081CFCE8522864A85EFF0DFE32A8AC0
:10BE0000CE854A85EFF0BFC8D289858489CC0840A9
:10BE100009E92286A2854A85EFF0FFE108C02320C8
:10BE200005002A84E9B7F24062444E85D244424973
:10BE3000B249224A05618280797126D2AE844ECE03
:10BE400083A9040122D4CC41135456409C44A299A6
:10BE50004AD056CA06D652CCAA8A1389190063C49E
:10BE60002709568532C6EFF01FBA324693074501BF
:10BE70002A8ABE8601479106634A870663530400F7
:10BE8000014494480A04338787008A069387440153
:10BE90007D8ABE9625C2130800023308C84081453A
:10BEA0008843110791073315C500C98D232EB7FEAE
:10BEB00083A5C7FFB3D50501E3E4D7FE0CC399C141
:10BEC000138929007D1923282A015685A685EFF0BC
:10BED0001FBCB2502254528592540259F249624A10
:10BEE000D24A456182808505860795BF23AE06FE4E
:10BEF000050751B7910703A6C7FF1107232EC7FEF9
:10BF0000E3EAD7FEC1B71C499849998F8DE30A0728
:10BF10005105D105B306E500BA95F116F115904229
:10BF200098416308E600FD576363E60085473E8558
:10BF30008280E364D5FEE5BF011126CAAE844EC6F9
:10BF4000B285AA89268522CC06CE4AC83284EFF073
:10BF50009FFB05E181454E85EFF0FFAA85471CC98F
:10BF6000232A0500F2406244D2444249B2490561A5
:10BF70008280054963460500A28701492684BE8464
:10BF80004C404E85EFF03FA80323040183A8040131
:10BF900013064401131E2300138844018A08C16E4E
:10BFA00023262501329EC29893064501014FFD1EAE
:10BFB0001842832F08009106B375D701B3F7DF014C
:10BFC000FA959D8D93DF0F0193570701B387F741D2
:10BFD00013D70541BA9713DF0741B3F5D501C2075F
:10BFE000CD8F110823AEF6FE1106E36318FDC1657F
:10BFF000FD156368C601F1169C4295C723286500AC
:10C0000095B71C429106110633F7B7007A9713587B
:10C010000741C183C29713DF07416D8FC207D98FD4
:10C0200023AEF6FEF9B77D13F9B7797122D42E84C9
:10C03000854526D24AD0B2844ECE52CC3A8906D615
:10C04000368AEFF05F9C370710009307F7FFE58F04
:10C05000D18093F4F47FAA89B5E03EC62DC42800B0
:10C0600022C4EFF0FFB4A24621CD3247930700026D
:10C07000898FB317F700D58F3357A70023AAF9008C
:10C080003AC6324423AC890033348000050423A827
:10C090008900B9C49384D4BCAA9493075003232085
:10C0A0009A003385A7402320A900B25022544E8520
:10C0B00092540259F249624A45618280D98F71BF18
:10C0C00023AAD9007DBF6800EFF09FAEB2471305E9
:10C0D0000502054423AAF900854723A8F90055BFA6
:10C0E000931724001305E5BCCE972320AA00884BA4
:10C0F0001604EFF09FA7098C232089007DB73386B3
:10C10000C502011122CC06CEB28532C6C1202A84D6
:10C1100009C532468145EF400EC32285F240624494
:10C1200005618280DDC183A7C5FF411122C406C617
:10C1300026C21384C5FF63D307003E94AA84EF0090
:10C14000607E9387C1CA9C4381EF2322040023A60B
:10C1500081CA2244B2402685924441016F00A07CEE
:10C16000637EF40014403307D4006396E7009843DD
:10C17000DC43369718C05CC0D9BFBA87D84319C30F
:10C18000E37DE4FE94433386D700631F86001040AE
:10C19000B29694C33386D700E31DC7FA10435843C1
:10C1A000B29694C3D8C375B76375C400B1479CC039
:10C1B0004DB71040B306C4006316D700144358436C
:10C1C000B29614C058C0C0C369B78280011126CA94
:10C1D00093843500F19806CE22CC4AC84EC6A104FD
:10C1E000B14763F2F404B14463E1B4042A89EF0077
:10C1F00060739387C1CA98433A8431E0938701CB37
:10C200009C4391E781454A85A12923A8A1CAA68517
:10C210004A85B921FD5963173507B1472320F90035
:10C220004A85112729A0E3D104FCB1471CC101456F
:10C23000F2406244D2444249B249056182801C40C6
:10C24000858F63CE0702AD4663F6F6001CC03E94B0
:10C2500004C031A05C406312870223A6F1CA4A855C
:10C26000D9251305B4009307440061993307F540BD
:10C2700061D33A94898F1CC065BF5CC3CDB7228758
:10C280004040A5BF130435007198E30385FCB30556
:10C29000A4404A85F126E31D35FB41B781E5B2850F
:10C2A0006FF0DFF2011122CC06CE26CA4AC84EC674
:10C2B000328401EEEFF01FE70149F24062444A8503
:10C2C000D2444249B24905618280AE84AA89A92D2F
:10C2D0002689E37485FEA2854E85EFF03FEF2A891B
:10C2E00069DDA6852286EFD06FB3A6854E85EFF077
:10C2F0007FE3E1B701114AC803A9850022CC52C4EB
:10C300005AC006CE26CA4EC656C22E84328B368AF4
:10C3100063EE260983D7C50013F7074851C70440C9
:10C320008C495848AA8AB389B4408D44B384E40246
:10C330000947B3C4E402138716004E9763F3E40081
:10C34000BA8493F70740D9C3A6855685EFF01FE856
:10C350002A890DE5B14723A0FA008357C4007D5513
:10C3600093E707042316F400F2406244D2444249A2
:10C37000B249224A924A024B056182800C484E869D
:10C38000EFD0CFA98357C40093F7F7B793E7070817
:10C390002316F4002328240144C84E99B384344161
:10C3A0002320240104C4528963732A01528908405E
:10C3B0004A86DA85EFF08FE01C440145B3872741B8
:10C3C0001CC41C403E992320240179BF2686568533
:10C3D000EFF0DFEC2A895DFD0C485685EFF09FD425
:10C3E00095BF83D7C500717126D34AD14ECF06D7EA
:10C3F00022D552CD56CB5AC95EC762C566C393F7E4
:10C400000708AA892E89B284B9C39C49A9E3930578
:10C41000000436C6EFF09FDB2320A9002328A900E3
:10C42000B24615E1B14723A0F9007D55BA502A5410
:10C430009A540A59FA496A4ADA4A4A4BBA4B2A4C80
:10C440009A4C4D61828093070004232AF9009307D8
:10C450000002A30CF1029307000302DA230DF1029C
:10C4600036CE930B5002974A0000938A2A6A054CF5
:10C47000294B26848347040099C3639D7709B30C35
:10C480009440638E0C00E6862686CA854E85EFF0C2
:10C490007FE6FD576302F51AD256E69636DA8347F1
:10C4A0000400638B0718FD579304140002D002D6D2
:10C4B0003ED202D4A301010682DC83C504001546E6
:10C4C0005685EFF00FCE13841400825731E513F731
:10C4D000070109C713070002A301E10613F787004C
:10C4E00009C71307B002A301E10683C604001307BE
:10C4F000A002638BE602B257268481462546034795
:10C50000040093051400130707FD6374E6068DC647
:10C510003ED61DA00504B9BF330555413315AC0007
:10C52000C98F3ED0A28451BF72479306470018437B
:10C5300036CE634907023AD6034704009307E00268
:10C54000631FF704034714009307A002631BF7025D
:10C55000F2470904138747009C433ACE63C10702A0
:10C560003ED235A83307E04093E727003AD63ED0C5
:10C57000E1B7B387670385462E84BA9749B7FD575D
:10C58000C5B7050402D2814681472546034704000A
:10C5900093051400130707FD6378E606F1F283455F
:10C5A00004000D46174500001305C556EFF06FBF98
:10C5B00011CD974700009387E7551D8D9307000421
:10C5C000B397A700025505045D8D2AD0834504006A
:10C5D0001946174500001305255493041400230C35
:10C5E000B102EFF00FBC35C197D7FFFF9387E75635
:10C5F00095E70257F2471377071009CF91073ECE10
:10C60000D257D2973EDAB5B5B387670385462E84F5
:10C61000BA97ADBF9D07E19BA107D5B778089706EC
:10C620000000938666CD4A860C104E85EFD0AFD2BF
:10C63000FD572A8AE316F5FC8357C9007D5593F709
:10C640000704E39507DE5255D5B378089706000036
:10C65000938686CA4A860C104E85EFD0DFACC9BFE0
:10C66000411122C42A842E859757FF1F23A2075AFF
:10C6700006C6EF309FE1FD576319F5009757FF1F7E
:10C68000938707599C4391C31CC0B2402244410187
:10C690008280FD4763F6B700D9471CC17D55828073
:10C6A0007C41011122CC06CE2E862A8491C7139795
:10C6B0002500BA97984319EB228532C69D28AA8592
:10C6C000228562443246F24005611DA88546014537
:10C6D0006308D700FD566319D700D9471CC005452C
:10C6E000F2406244056182802E8523A007000297F4
:10C6F0000145FDB793878186AA8588436FF07FF94E
:10C70000411122C42A842E85B2859757FF1F23A189
:10C71000075006C67523FD576319F5009757FF1F8D
:10C720009387074F9C4391C31CC0B24022444101F0
:10C730008280BDA3411122C42E848395E50006C6E4
:10C74000F52A634905007C48AA977CC8B240224478
:10C75000410182808357C4007D777D17F98F2316AE
:10C76000F400EDB783D7C500011122CC26CA4AC810
:10C770004EC606CE93F70710AA842E843289B68956
:10C7800091C78395E5008946014635228357C40049
:10C790007D777D17F98F2316F4008315E40062443A
:10C7A000F240CE864A86B24942492685D244056186
:10C7B0003DA8411122C42E848395E50006C6E528D4
:10C7C000FD570357C400631BF500FD77FD17F98F74
:10C7D0002316F400B2402244410182808567D98F3C
:10C7E0002316F40068C8FDB78395E50025A841111C
:10C7F00022C42A842E85B28536869757FF1F23A927
:10C80000074006C6EF309FC4FD576319F5009757E0
:10C81000FF1F9387E73F9C4391C31CC0B240224453
:10C8200041018280411122C42A842E859757FF1F1F
:10C8300023A0073E06C6A921FD576319F5009757A7
:10C84000FF1F9387E73C9C4391C31CC0B240224426
:10C8500041018280411122C42A842E85B2859757D6
:10C86000FF1F23A7073A06C62521FD576319F500C8
:10C870009757FF1F9387C7399C4391C31CC0B24091
:10C88000224441018280411122C42A842E85975777
:10C89000FF1F23AF073606C62129FD576319F50090
:10C8A0009757FF1F9387C7369C4391C31CC0B24064
:10C8B000224441018280411122C42A842E85B285FE
:10C8C00036869757FF1F23A5073406C61121FD574B
:10C8D0006319F5009757FF1F938787339C4391C3D4
:10C8E0001CC0B24022444101828085E141116C00AC
:10C8F000014511CA795581CA834706009CC1034589
:10C9000006003335A00041018280014519CA7955DE
:10C9100089CA834706009CC1034506003335A00041
:10C92000828082808280828083A7C5FF1385C7FFB3
:10C9300063D50700AA959C413E958280411122C48F
:10C940002A842E85B28536869757FF1F23A2072C8F
:10C9500006C67926FD576319F5009757FF1F938781
:10C96000272B9C4391C31CC0B240224441018280CA
:10C9700091CD9307F00F63F7C7009307A0081CC180
:10C980007D5582802380C5000545828001458280D7
:10C9900013D74501B7071000FD1713D846011377C9
:10C9A000F77F9308F07F33FEB700AA8EF58FFD81E5
:10C9B000328F1378F87FFD82630B170105436306FE
:10C9C000180163140701630DFE001A858280B368A5
:10C9D000AE000543E39B08FEE319E8FED18FF5F7AF
:10C9E0000543E394EEFF0143E381D5FE054371FF68
:10C9F0003365AE003333A000C9BF93D74501B706F6
:10CA000010001387F6FF93F7F77F1306E03F6D8F53
:10CA1000FD81635CF6001306D041635AF6003705CA
:10CA200000801345F5FF2E95828001458280130614
:10CA300030431D8E7D48558F635DC800930630419D
:10CA4000B387F640B357F7003305F040E5F13E8574
:10CA500082809387D7BEB317F7003355C500C98FBF
:10CA6000E5B70328C500184154410C4521659307DB
:10CA7000F5FF13560801139E35007D8E9358D7019C
:10CA800093D7D601131308018E064111B3E7C701EE
:10CA9000B3E6160113530301131E37009308160063
:10CAA0007915F5810E033EC436C272C033F5A80075
:10CAB0001358F801B3E5650005C9717713070740FE
:10CAC0003A961307E07F635DC7041306F07F0147C2
:10CAD00081473207520631837E08518F3367070141
:10CAE0003E85BA8541018280D58FCD8FB3E7C701DE
:10CAF00005E2F1CB8147954693D536001397970011
:10CB00009396D701B3E7B60031831376F67FD1B79A
:10CB1000CDDF01481306F07F37070800814755BF76
:10CB20006346C00A9307C0FC634FF60E9307D00319
:10CB30003386C7409357564037070800D98D139561
:10CB400027000A8781462EC6B308A10011077D8AF7
:10CB5000B3E6C60163091701032E07001107B3E608
:10CB6000C601E31B17FF0D471D8F79CA930801010A
:10CB7000AA9883A808FF130E0002330ECE40B39884
:10CB8000C801B3E6160175CB0A070A95B30EE1009A
:10CB90008A880C41032345009108B3D5C50033139F
:10CBA000C301B3E5650023AEB8FE1105E3931EFF94
:10CBB0009145B387F540B24508082A97B3D5C5001B
:10CBC0002328B7FE61A80146014721B71397460005
:10CBD000139547003367C701F182F183920533371C
:10CBE000E000C98ECD8FD98E13F7760011C713F7E9
:10CBF000F6009145631CB702370780007D8FE30D77
:10CC000007EE05061307F07FE301E6EC370780FF28
:10CC10007D177D8F9317D7018D8226071376F67FB8
:10CC2000D58F31837DB585468147014613B7C6FF51
:10CC300013471700BA973707800091067D8FC1B759
:10CC40008A85B388A50083A808009105050623AE50
:10CC500015FFE358C7FE1147B307F7408A078A97C5
:10CC6000180823A007009107E39DE7FE0247B336AB
:10CC7000D0009247D98E014685BF854701472DBF19
:10CC8000930780051757FF1F2324F7F87D558280EF
:10CC9000930780051757FF1F232CF7F67D558280D9
:10CCA000930780051757FF1F2324F7F67D558280D1
:10CCB000930780051757FF1F232CF7F40145828047
:10CCC000930780051757FF1F2324F7F47D558280B3
:10CCD000930780051757FF1F232CF7F27D5582809D
:10CCE000930780051757FF1F2324F7F27D55828095
:10CCF00001A00000650003020304030504060D0003
:10CD0000FE09FE0AFF015F02C404032005006E074E
:10CD100021074943C7210922079B5A476209230E6D
:10CD20003D464F294906A53228A52401240F4D422E
:10CD300057362851926D49940C5A04250D4D424F97
:10CD4000A474CC8A498B9400260E45424F964449E0
:10CD50005689A22952022706195BC700280BDB3E21
:10CD600057122551B7280B290CDB3E471665519702
:10CD70002889002A0A2D5257A5B23445002B0A2DC6
:10CD80004A57180D5218012C079B3E8F52022D0650
:10CD90000D52C7202E089B3E4FB224002F0B4D4250
:10CDA000672DCC8A591802300B4D425796D4BC25BA
:10CDB000B508310B4D42572625614F8300320B4D8C
:10CDC00042CF926961D67110330C4D42C72066B5CF
:10CDD00035D49205340F4D425F984949949492415D
:10CDE0000B1300350C4D42C7B1620A432D59003672
:10CDF0000D4D42CF9289E19064B66401370C4D42EB
:10CE0000C72066611666610D380D4D42CF92D992EA
:10CE100025B3250B00390D4D42CF92D992210CB587
:10CE200064013A0BC33E4FB2E448B224003B0AC34C
:10CE30003E4FB2E48852023C084D4267D6B5033DEE
:10CE400009254AC7A06383003E094D4247DAAD2356
:10CE5000003F0C4D42CF92696156CCA108400D4D68
:10CE600042CF92999644492CE910410C4D42579675
:10CE7000D46CC390D90242104D42C71055A2244A27
:10CE8000A64A94448302430B4D42CF9289BD250BA1
:10CE90000044124D42C71055A2244AA2244AA2249B
:10CEA0001A1400450B4D42C7B13824617110460B6E
:10CEB0004D42C7B13824612300470C4D42CF9289BF
:10CEC0004D9B962C00480B4D4247E6360C995B0073
:10CED0004908CB42C712F5654A0B4D42D716F612E8
:10CEE0004512004B0D4D4247664A4A5A1255322DA3
:10CEF0004C094D4247D88F83004D0D4D4247A62D1A
:10CF00004BA2249A5B004E0D4D4247364D4AA22457
:10CF1000D24D0B4F0A4D42CF92F92D5900500C4D76
:10CF200042C79064B641091B01510A553ECF92F9A0
:10CF3000A5B206520D4D42C79064B6412955322D17
:10CF4000530C4D42CF9289E91A6AC90254094D42E5
:10CF5000C72085FD0455094D4247E66FC902560DAD
:10CF60004D4247E696949228C9C208570D4D424754
:10CF7000E62551122551BA00580E4D4247A625A567
:10CF800024AB44494D0B590C4D4247A625A5240B13
:10CF90003B015A0C4D42C720666156CCC2415B0929
:10CFA000DB3EC710F5A7015C0B4D424798866931FF
:10CFB0000D035D09DB3EC7D49F86005E081D5A57EE
:10CFC00096D4025F060D3EC72060061263471461C7
:10CFD0000B3542CF9A0C9AA42801620C4D42475857
:10CFE0001C92CC6D5000630A3542CF9289B5640122
:10CFF000640B4D4267CBA0B9254300650C3542CF89
:10D00000920D4398250B00660C4D42975409B321AD
:10D010000ADB00670C453ACF92D99221D492056879
:10D020000A4D4247D862D2DC026908C3424F2875D4
:10D03000196A0B543A5FACB54952A2006B0D4D42D0
:10D0400047D89494B424AA64016C08CB4287D42FA7
:10D05000036D0D354287D2A2244AA2245A006E09DC
:10D0600035424762D2DC026F0A3542CF92B9250BB6
:10D0700000700C453AC79064B641098B00710A45AF
:10D080003ACFA0D992216C720935424762121B0136
:10D09000730C3542CF92256A92250B00740C4542E1
:10D0A0004F980D51D81429007509354247E649516A
:10D0B00002760B354247664B4A491601770B3542DB
:10D0C0004766499444E902780B35424796D4C22C0E
:10D0D000A905790C453A47E6A428A1962C007A09BF
:10D0E0003542C7A0751C047B0B5D3E9F1436A961B9
:10D0F000AB007C064943C7037D0B5D3E871AB64AE9
:10D100006193067E091D5A4FA424520200000008B4
:10D110000464055BFFFF04000E55424F9A0F63380D
:10D120002461380804010F55424F298987311C9228
:10D13000301C040402135D3AC72085A1964449942B
:10D1400044499484590204030C5542579623C3263C
:10D15000760404040D4D42D79285E19084693A0427
:10D16000050D4D42CF9289E91A6AC902040609CB1E
:10D1700042C712F56504070D55424F29890729EC6E
:10D18000340804080C4D42D716F612451200040963
:10D19000124D428F94444994448952511225B10052
:10D1A000040A134D42471225511225D1905494443C
:10D1B000492C00040B114D42C72085A19644499487
:10D1C00044499404040C0F5D425F293325252D89C1
:10D1D0002A9916040D0D55424F9A67D22599262D8E
:10D1E000040E0E55424796CC992D19C2CA02040F5F
:10D1F0000C5D3A47E66FC314460004100D4D4257CC
:10D2000096D46CC390D90204110E4D42C79084C5C8
:10D2100021C96C830204120E4D42C79064B641C905
:10D220006C830204130A4D42C74DEC23000414130F
:10D23000553E979444499444499444499424C316D0
:10D2400004150C4D42C7B138246171100416114DFC
:10D25000424792288952D9B2A5A2244A0104170D47
:10D260004D42CF92852535D4920504180E4D424784
:10D2700066BA244A324D5A0004190E55424796CCDC
:10D28000997449A6490B041A0E4D4247664A4A5AF8
:10D290001255322D041B114D42D712255112255122
:10D2A000122591A605041C0E4D4247B60CC99228C2
:10D2B00089E616041D0C4D4247E6360C995B0004C6
:10D2C0001E0B4D42CF92F92D5900041F094D42C744
:10D2D000CDDF0204200D4D42C790646E831216010B
:10D2E00004210C4D42CF9289BD250B0004220A4D2A
:10D2F00042C72085FD0404230D4D4247E62D194207
:10D300002D59000424104D4257B65494444994CAF0
:10D3100016460004250F4D4247A625A524AB4449D7
:10D320004D0B0426145D3A4794444994444994446F
:10D33000499444C9201604270B4D4247E6960C61D8
:10D34000070428134D4247922889922889922889F8
:10D350009228C9300429145D3A4792288992288975
:10D360009228899228C93016042A0E4D4287D8384F
:10D3700055A2244A1600042B0C4D4247661B12E9A5
:10D380008312042C0D4D4247D83824996D50000467
:10D390002D0D4D42C75A4C86B0964C00042E134DAD
:10D3A00042479454944449864449944449A404040B
:10D3B0002F0E4D42CFA0D992214A4A9A1604300C22
:10D3C0003542CF9A0C9AA4280104310E4D4267B21F
:10D3D000844392B9250B0004320D3542C790648313
:10D3E000926983020433093542C74D6C0404340F3B
:10D3F0003D3E97944449944449326C0104350D35BF
:10D4000042CF920D4398250B0004360D35424792CA
:10D41000289569A9280504370C3542CF9245AA966C
:10D420002C0004380B354247665A92490B04390DDB
:10D430004D424796CC996949262D043A0C3542470E
:10D4400026255325D302043B0D3542D71225511210
:10D45000259116043C0D354247B62C8992685A0036
:10D46000043D0B354247A60D43660B043E0B354287
:10D47000CF92B9250B00043F093542C7CD5B0004AC
:10D48000400D453AC79064B641098B0004410B3505
:10D4900042CF9289B5640104420A3542C7A51436C9
:10D4A0000104430D453A47E6A428A1962C00044404
:10D4B00011553A57982D15255112A5B28511000422
:10D4C000450B35424796D42A352D044610453A4738
:10D4D000944449944449940C620104470B354247F3
:10D4E000664B86B00004480F35424792288992283F
:10D4F00089920C03044910453A4792288992288959
:10D50000920C6301044A0C354287184E9528590045
:10D51000044B0C354247A60D89745002044C0D355E
:10D520004247180E49A60D0A00044D0C3542C7901B
:10D530004663382800044E0F35424794549464489B
:10D5400094444A00044F0D3542CFA069C990445A13
:10D550000004500F4D424F9A234B360C61962C001D
:10D5600004510F4D424F29C9976C18C22C59000421
:10D5700052135D3A4FB68549A4949228899228CCDB
:10D58000120004530C4D42579623C326360204540E
:10D590000B3542CF204E613A0404550D3542CF92EF
:10D5A000256A92250B00045609C3424F28751904B9
:10D5B000570C4D424F29C9C54E830004580C543AAC
:10D5C0005FACB54952A20004590E35428F9444898C
:10D5D0005251120B00045A0E3542471225D1905475
:10D5E00094C402045B104D424FB68549A49492281E
:10D5F000899228045C0E4D4257962399944C954C81
:10D600000B045D0D4D424F9A67A62599B400045E48
:10D610000F5D3A4796CC9993A2845AB200045F0BEF
:10D62000453A47E66D98C20804600E4D424F9B4B49
:10D63000A2244AA2740104610C35424F9B922889AE
:10D64000D2050462104D424F3644613855A2244A37
:10D65000160004630D45424F986DE154899205040C
:10D6600064124D4247B444499444C31225511245B3
:10D670000204650D354247B444C3122551240466A3
:10D68000114D4257982551122535255112A50004F8
:10D69000670D3542579644494D4994020468124D2E
:10D6A00042479444499424C3654886644806046903
:10D6B0000E3542479444C9B00CC9900C046A104D11
:10D6C00042C72D2925D152511225510A046B0D351F
:10D6D00042C7A0949268A92805046C114E4247B233
:10D6E000F42F43942C4AB2244B01046D0E3542476B
:10D6F000322489940CCB900C046E10653A4F14E9D7
:10D700004B16466A982CE902046F105D3A4F14E9F3
:10D710004B16A961B2A40B000470114D4247922828
:10D720008992288952D9C21200047110453A479251
:10D73000288992288952D9C20804720E4D42CF928C
:10D74000D98621B3250B0004730CB4428F120D93BC
:10D750009428000474114D42473425511255A224D7
:10D760004AB2300204750D354247342551254AB27C
:10D770000804761156424794457934446D4996849D
:10D78000690604770F4D4247D41A4D495489922CAB
:10D79000020478155D3A4F964449940CC9900CC91F
:10D7A000902C89982500047910453A4F7248866478
:10D7B000489644CC1200047A0D5D3E57B654345F4F
:10D7C0002A5B04047B0D453E57B654344B658B00F1
:10D7D000047C125D428F14293AD2A6244AA2244A1C
:10D7E0001700047D1055428F14293AD2A6244AA26C
:10D7F0007401047E105542C7A59CD49444499444B6
:10D80000E902047F0F4D42C7A59CD4944449942E4D
:10D810000004800C5D3ACF9219BB8E150004810B79
:10D820003D3ECF9289E9580104820D354A57922531
:10D830008954C992080483091E62EF30A800048449
:10D84000081662CF94090485081562CF2205048664
:10D85000081562CF12090488106E3A4F98E461925D
:10D86000730B933C4C0204890E6E3A4F184EA9CEAE
:10D870002D0CA754048A10653A4796CC997449A692
:10D88000492B2600048B0F5D3A4796CC99694926AF
:10D89000AD9800048C0F4D424F986DE15489922849
:10D8A0005900048D0D3D424FB68553254A1600049C
:10D8B0008E0E4D42C790642EC9A0646208048F0E7C
:10D8C000453AC7906496645032310404900A554238
:10D8D000E73084FD0804910A3D42E730841D0104CD
:10D8E000920E4D42CF904449986D611B0004930CF9
:10D8F0003542CF90444316D60004940C553EC7B130
:10D900003824995B0504950B3D3EC77148325B0591
:10D9100004960E5E3A47D29FC6704AFA452D049788
:10D920000D463A47D2D336255DD40204980E5D3AAF
:10D93000CF92852535D492AD0604990D453ACF9204
:10D9400045AA966C3500049A125D3A4794444929D9
:10D9500089B424AA44492416049B0E453A4794945A
:10D96000B424AA446201049C104D4247A62496D2D6
:10D9700094448952D102049D0D3542479258A644E1
:10D98000A96801049E0F4D424F34244D9A2D892AD7
:10D990005100049F0F4D424F986D5152D292A812E0
:10D9A0000504A00F4D428794444949B32551250AE7
:10D9B00004A10D3542879494B424AA440104A2140E
:10D9C0005D3A479444499444C99044499444492455
:10D9D0001604A310453A479444C9904449944462BC
:10D9E0000104A4134D42473224511225D1944449D5
:10D9F0009444490404A50F3542473224D194444944
:10DA000094440004A6145D3AC7944449944489524E
:10DA1000511225518A590204A710453AC7944489E6
:10DA2000525112A598250004A810553ECF92895155
:10DA3000525112A5B2A50204A90C3D3ECF1246498F
:10DA4000CB960A04AA0D5D3ACF9289BD255B9A0058
:10DA500004AB0D453ACF9289B5644B130004AC0C6E
:10DA60005D3AC720857D142B0004AD0C453AC7A54F
:10DA70001416C50A0004AE0D4D4247A625A5240B79
:10DA80003B0104AF0D453A47A625A5240B9B000496
:10DA9000B00F4D4247A625A5248B06292C0104B1C1
:10DAA0000F453A47A625A5248B06298C0004B213FE
:10DAB0005E3A47966451922561254BA22CC9D40247
:10DAC00004B30E463A4716256125CA924C2D04B47C
:10DAD000145D3AC7524AA2244AA2244AA2244A8682
:10DAE000B00004B50F453AC7524AA2244AA26408BE
:10DAF0000B04B6115D3A47944449944449148D454A
:10DB0000B10004B70D453A47944449148DA1580417
:10DB1000B80F4D4247E6922895214AA2240C04B939
:10DB20000C35424766A90C51120604BA0C4D424707
:10DB3000581C92CC5B0004BB0B4C4247D6B6444EFB
:10DB40000104BC0F4D42975489926858C252A400F8
:10DB500004BD0D354297140D4B18450A0004BE1143
:10DB60005D3A975489926858C252A4A5090004BF2F
:10DB70000E453A97140D4B18455A9A0004C009CB2C
:10DB800042C712F56504C1125D424796CC49A224F2
:10DB90004A655A2A4AA21404C20F4D424796CC49FC
:10DBA000A254A6A5A21404C3115D3A47664A4A5A74
:10DBB0001255322D8C140004C40E453A47262553C5
:10DBC00025D3C2480104C5135D3AD7122551122549
:10DBD00051122591A615130004C60F453AD71225F8
:10DBE00051122591564C0004C70E5D3A47E6360C9B
:10DBF000995B18290004C80D453A47A60D43660BEA
:10DC0000230504C90D5D3A47E6360C995B310104E2
:10DC1000CA0D453A47A60D43662B260004CB0E5D80
:10DC20003A47E62D19C29A16260004CC0D453A470C
:10DC3000664B8630D3C20404CD105D3A47B60CC99A
:10DC4000922889E6564C0004CE0E453A47B62C89F8
:10DC500092685A310104D01055424796EC4896D448
:10DC6000B461C8B40004D10E4D424796EC6B3268E3
:10DC700092A20404D21055424F29C9912CA969C31C
:10DC800090690104D30E4D424F29C9D764D0244571
:10DC90000904D4124D424FB244499444893225516B
:10DCA00012250304D50C3542CF96244B29E90204F2
:10DCB000D60F55424796CCC3180E49180E0204D70A
:10DCC0000F4D424796EC4B360C61962C0004D80E53
:10DCD0004D42CF9285E13064B6640104D90D3542DE
:10DCE000CF9285C390250B0004DA1055424F29C905
:10DCF000972C1C864C4B160004DB0F4D424F29C954
:10DD0000972C1C862C590004DC1055424F2989930E
:10DD100044A96CD952510A04DD0F4D424F29899311
:10DD200044A94C4B452904DE0F55424F29C9972C75
:10DD30008C542D590004DF0E4D424F29C9972C52A7
:10DD4000B5640104E00D4D42C72066B535D4920597
:10DD500004E10D453AC7A0D5D6504B160004E20D9C
:10DD60004D42C7A066D22599262D04E30D4542C732
:10DD7000A066A62599B40004E40E55424F298933C4
:10DD8000E9924C931604E50E4D424F298933D39204
:10DD90004C5A0004E60D55424F29C997CC5BB2009E
:10DDA00004E70D4D424F29C997CC2D590004E80FC7
:10DDB0004D42CF926943A20C992D590004E90D35CB
:10DDC00042CF920D893264C90204EA1055424F29AC
:10DDD000C9976C489421D3920504EB104D424F290A
:10DDE000C9976C4894214B160004EC0E55424F29FC
:10DDF00089D7CA1066C90404ED0E4D424F298987A0
:10DE0000341AC3410104EE0E4D42C7A066264509EF
:10DE1000B5640104EF0E553AC7A0664E8A126AC96E
:10DE20000204F00F55424F29893393A2845AB2005D
:10DE300004F10F5D3A4F298933274509B564010480
:10DE4000F20F55424F24C5994951422D590004F310
:10DE50000F5D3A4F24C59993A2845AB20004F40D81
:10DE600055424F2989335B32840D04F50D4D424FE5
:10DE70002989335B32840504F80E55424F298933D2
:10DE80006D48A4072504F90E4D424F2989336D488A
:10DE9000A4831205000C4D4267CBA0B925430005B1
:10DEA000010BCC425FCB103925030502104D4257C0
:10DEB00058939228499444A92C0005030E4D4257CB
:10DEC000D82625519228950505040E4D424F96847B
:10DED0006D51254AB20405050C3542871A66512555
:10DEE0004B0005060C5D3A8F546C52C36A18050747
:10DEF0000C453AC71A466A9886010508134D428FA9
:10DF000094444994444994244AA224520205090F96
:10DF100035428F94444994244A222500050A134D22
:10DF200042471225511225D194244AA224520205B7
:10DF30000B0F3542471225D194244A222500050CA7
:10DF40000D4D42CF92894D9B962C00050D0C35420C
:10DF5000CF9289D1962C00050E0E4D42C720855DCB
:10DF6000A2244AB204050F0D3542C720859528C961
:10DF700012000000D00F00004E100000DA0F000069
:10DF80006A120000501200005012000062120000DD
:10DF90006A1200006A1200000001641401060C4BB2
:10DFA00000093D000004C8FA10080000800040008D
:10DFB00047494E545F535441545F554E5245414377
:10DFC000480D000047494E545F535441545F495037
:10DFD0005F434F4E464C490D000000005048592009
:10DFE0004C696E6B20537563636573730D0000009D
:10DFF00000C1814001C0804101C0804100C1814019
:10E0000001C0804100C1814000C1814001C0804108
:10E0100001C0804100C1814000C1814001C08041F8
:10E0200000C1814001C0804101C0804100C18140E8
:10E0300001C0804100C1814000C1814001C08041D8
:10E0400000C1814001C0804101C0804100C18140C8
:10E0500000C1814001C0804101C0804100C18140B8
:10E0600001C0804100C1814000C1814001C08041A8
:10E0700001C0804100C1814000C1814001C0804198
:10E0800000C1814001C0804101C0804100C1814088
:10E0900000C1814001C0804101C0804100C1814078
:10E0A00001C0804100C1814000C1814001C0804168
:10E0B00000C1814001C0804101C0804100C1814058
:10E0C00001C0804100C1814000C1814001C0804148
:10E0D00001C0804100C1814000C1814001C0804138
:10E0E00000C1814001C0804101C0804100C1814028
:10E0F00000C0C101C30302C2C60607C705C5C404E8
:10E10000CC0C0DCD0FCFCE0E0ACACB0BC90908C857
:10E11000D81819D91BDBDA1A1EDEDF1FDD1D1CDC47
:10E1200014D4D515D71716D6D21213D311D1D010B7
:10E13000F03031F133F3F23236F6F737F53534F4A7
:10E140003CFCFD3DFF3F3EFEFA3A3BFB39F9F83817
:10E1500028E8E929EB2B2AEAEE2E2FEF2DEDEC2C07
:10E16000E42425E527E7E62622E2E323E12120E077
:10E17000A06061A163A3A26266A6A767A56564A467
:10E180006CACAD6DAF6F6EAEAA6A6BAB69A9A868D7
:10E1900078B8B979BB7B7ABABE7E7FBF7DBDBC7CC7
:10E1A000B47475B577B7B67672B2B373B17170B037
:10E1B0005090915193535292965657975595945427
:10E1C0009C5C5D9D5F9F9E5E5A9A9B5B9959589897
:10E1D000884849894B8B8A4A4E8E8F4F8D4D4C8C87
:10E1E00044848545874746868242438341818040F7
:10E1F000654D42525455526563656976650000006D
:10E20000784D425254555265636569766546534D63
:10E2100000000000784D425254555472616E736D87
:10E22000697446534D000000784D4252545554696C
:10E230006D6572543335457870697265640000000D
:10E240007573526376427566666572506F73203CD3
:10E25000204D425F5345525F5044555F53495A45E4
:10E260005F4D4158000000002E2E2F6D6F646275C7
:10E27000732F7274752F6D627274752E63000000B7
:10E2800065536E645374617465203D3D2053544161
:10E2900054455F54585F49444C450000282065525E
:10E2A00063765374617465203D3D20535441544559
:10E2B0005F52585F494E49542029207C7C202820F9
:10E2C000655263765374617465203D3D205354411B
:10E2D00054455F52585F5243562029207C7C2028A9
:10E2E00020655263765374617465203D3D2053541C
:10E2F0004154455F52585F4552524F522029000009
:10E30000655263765374617465203D3D20535441DA
:10E3100054455F52585F49444C450000784D425582
:10E3200074696C53657442697473000075634E427E
:10E33000697473203C3D2038000000002E2E2F6DA4
:10E340006F646275732F66756E6374696F6E732F79
:10E350006D627574696C732E63000000504F5254E7
:10E3600020737461727420696E69740D000000007E
:10E37000504F52542044495341424C450D00000037
:10E38000504F5254206E6F7420697469740D0000F0
:10E39000AC260000B8260000C2260000CA260000F5
:10E3A000D2260000DA260000E2260000EA2600005D
:10E3B000F2260000FA26000002270000AC2E000022
:10E3C000AC2E0000BC2E0000F22E0000FA2E000041
:10E3D000FE2E0000022F0000022F00006C2F000014
:10E3E0008A2F0000A42F00009E2F0000942F000011
:10E3F000AA2F00007E2E0000C8310000E03100008E
:10E40000F631000010320000D0310000D0310000A1
:10E41000D0310000D031000026320000623200000E
:10E420007A320000903200006A320000AA32000006
:10E430006A320000D4320000E63200006A32000086
:10E440006A320000BE32000038330000543300004E
:10E4500076330000A2330000C633000032340000DF
:10E46000523400004E33000081E4141B7EAED43FD2
:10E4700000005CC20000803BABAAAAAAAAAA1E4068
:10E480000000004000008040B4D934E70C684A3FE7
:10E490006666666666661A409A9999999999B93F2F
:10E4A0000000000000002440333333333333C33FD4
:10E4B000486172644661756C745F48616E646C6536
:10E4C000720D00006D65706320203A253038780D9C
:10E4D0000A0000006D63617573653A253038780D68
:10E4E0000A00000020202020203A253038780D0A2C
:10E4F000000000000A3A00003E3A00005C3A0000CA
:10E500006C3A00007C3A0000000000000020AC40A3
:10E51000454550524F4D77746979650D00000000F4
:10E520009A410000B4410000B8410000BC41000025
:10E53000C0410000E0410000F4410000FA41000049
:10E54000FE4100000242000006420000537973744D
:10E55000656D2073746172742025690D0A000000D6
:10E560005E4600007E4700007E47000088470000AE
:10E57000A8470000A8470000AE470000D2470000AF
:10E58000DC47000056470000624700007647000065
:10E590006C4700005C4700007E4700005C470000BD
:10E5A0007E4700007E4700007E4700007E47000057
:10E5B0007E4700007E4700007E4700007E47000047
:10E5C0007E4700007E4700007E4700007E47000037
:10E5D000E24700005C4700002C4600004246000075
:10E5E0002C470000424600002C4700004246000035
:10E5F0002C4700005C4700005C4700005C470000BF
:10E6000042460000424600004246000042460000EA
:10E6100042460000424600004246000042460000DA
:10E6200042460000424600004246000042460000CA
:10E6300042460000424600004246000042460000BA
:10E640004246000042460000424600004E4700009D
:10E650004248000042460000424800004246000096
:10E66000424800007E4A00007E4A00007E4A0000C8
:10E670007E4A00002C480000604A00003848000034
:10E680002C4800002E4A000042460000A04800002E
:10E6900042460000A048000042460000A04800009A
:10E6A00042460000A048000042460000A04800008A
:10E6B000424600008A48000042460000A44800008C
:10E6C000484A000042460000C0490000424600009F
:10E6D000C049000042460000C04900004246000018
:10E6E000C049000042460000C04900004246000008
:10E6F000A0480000424600004E490000784A000051
:10E70000784A00007C4A0000784A00000C4A000069
:10E71000784A000042460000B84800004246000027
:10E720000C490000424600000C490000424600002F
:10E730000C490000424600000C490000424600001F
:10E740000C49000042460000B84800004246000064
:10E75000B848000042460000B848000042460000A9
:10E760000C490000424600000C49000042460000EF
:10E770000C49000042460000124A000042460000D8
:10E78000A048000042460000A0480000784A00006F
:10E79000B24C0000E04B0000FA4B0000F44B0000CC
:10E7A000B24C00000800000009000000000000005A
:10E7B0000C0000000B00000001000000030000003E
:10E7C0000400000005000000060000000700000033
:10E7D000020000000A000000D700C800E900EB00BA
:10E7E000EA00E7000501E60004010A0169005B0098
:10E7F0005B00330033002F002F003B003B0037004D
:10E8000037000000000000000000B600AE00AE00BF
:10E81000B200B200AA00AA00C000C000C400C40038
:10E82000A000A000B800B8006C0068006E006D0089
:10E83000D9006700700070007400740080008000D0
:10E840008400840090009000940094007800780088
:10E8500088008800980098007C007C008C008C0068
:10E860009C009C00B7006A005F005F00A400A40049
:10E870006B0000000000060008000000000000001F
:10E8800000000000000009000A000B000C000D0051
:10E8900007000F00130014001500160017001800E1
:10E8A00019001A001B001C001D001E0020001F0084
:10E8B0000000000000000100010002000200100042
:10E8C000110012002B002B002700270057005700D3
:10E8D000C800CA0063006500D7000E00D500D6004E
:10E8E00000000000636F6E74726F6C2025690D0A62
:10E8F000000000001D0009000A000B000C000100D0
:10E9000002000E000F000D00250026002700000069
:10E91000EC00EE00F000F200F400F600F800FA005F
:10E92000FC00FE0000010201E4000000CB00CD006D
:10E93000C900CF00D1000601D800DA00DC00DE00FB
:10E94000E0000000000020410000000000005940ED
:10E9500000007A449A3F1CC69A3F1C460000C842F9
:10E960000000C8C200401C4500401CC5000000005B
:10E9700033333333F387C3C033333333F387C34085
:10E98000C8550000C4550000C0550000BC5500002B
:10E99000805500003A570000A2560000D8560000EB
:10E9A000B6560000C0560000F256000004570000A2
:10E9B00078580000B0570000CE570000BE57000046
:10E9C000C4570000F6570000185800003E5A0000D7
:10E9D000F25800003C590000165900001A59000076
:10E9E000705900009C590000D65A0000DE5B000000
:10E9F0000A5B00001A5B0000EE5A0000105B00008A
:10EA00004A5B0000725B00008C5C0000A25C0000AE
:10EA1000A65C0000AA5C0000AE5C0000EA5C00009E
:10EA2000F45C0000005D00000C5D0000245D00004F
:10EA3000185D0000385D0000425D0000525D00007E
:10EA4000625D0000725D0000265E0000265E000030
:10EA5000885E0000A65E0000B65E0000E05E00007A
:10EA6000EA5E0000065F0000285F00003E5F0000D5
:10EA700020610000186100005C600000725F00000F
:10EA80005A5F00003A6000002A6100006E600000DA
:10EA9000885F0000CC5F0000C65F0000626000007D
:10EAA000E4640000E4640000E4640000E464000046
:10EAB000E4640000BA650000DA6200004E660000FF
:10EAC000886600003266000088660000DA62000096
:10EAD00088660000886600003266000088660000D4
:10EAE000DA62000088660000886600003266000076
:10EAF000886600006E6300009C63000022640000D2
:10EB0000F0630000566300002463000056640000B8
:10EB10005C62000076640000FA650000FA6500009F
:10EB2000FA650000FA650000E0610000246300005F
:10EB3000B461000012620000B6620000DA620000F8
:10EB4000BA650000FA650000FA6500005E68000022
:10EB500042670000526800001868000078670000F3
:10EB600094670000AE670000C6670000FA66000008
:10EB700058670000BC6800008C6800007A680000DC
:10EB8000806900000069000000690000346900002D
:10EB9000346900004A6A00007A6A00006C6C000068
:10EBA0005A6D0000506D0000346D00009A6C00003A
:10EBB000D86A00009C6A0000EC6F00009A6C0000AC
:10EBC000E26E0000E26E0000D86A0000D86A000021
:10EBD0000A700000B06B0000AE6A00003E6C0000DE
:10EBE000266C0000266C0000F66B0000F66B00003F
:10EBF000026D00009A6C0000E26E0000206B0000C5
:10EC0000446B00007A6F0000B66F0000E26E0000F7
:10EC1000686D0000746E00009E6D0000B26D000013
:10EC2000DE690000A46D0000E26D0000066E0000C9
:10EC3000DCF00100F0F0010008F101008CEF0100B0
:10EC400090EF01009CEF0100B0EF0100C0EF010068
:10EC5000D8EF0100E8EF010004F0010018EE010018
:10EC600020EE010030EE010004000000070000006B
:10EC7000080000000200000018F1010020F101006E
:10EC800028F1010040EE010050EF01008CEE010080
:10EC9000B0EE01002CEF010014F0010018F00100AB
:10ECA00030F001004CF0010010040200CCF0010033
:10ECB000D4F00100AE00B200AA00C000C400A00061
:10ECC00010007000740078007C0011008000840047
:10ECD00088008C0012009000940098009C0067004F
:10ECE0006900680068006C006E006D006A00B80082
:10ECF0003B00370033002F00A800A9006B00B600CE
:10ED0000B7001000A4005F005B0000000E00C80008
:10ED1000CA0063006500000005000100000000005B
:10ED200000000A0013000700060000001B000A0094
:10ED300009000D000F001F00570008000000000030
:10ED400001002B002700200017000B00000000002E
:10ED5000000000000C00000078FF010054FF0100DB
:10ED60000CFF010030F1010034F1010038F1010025
:10ED70003CF1010040F1010044F1010048F10100C3
:10ED800078FF0100C8F0010044F4010078FF0100A1
:10ED900054FF01000CFF01006CF0010074F0010051
:10EDA0007CF0010040EE010064EE01008CEE0100F9
:10EDB000B0EE01002CEF0100AC060200AC06020030
:10EDC000AC06020040EE010064EE01008CEE010092
:10EDD000B0EE0100D4EE0100DCEE0100F4EE010023
:10EDE00010EF0100010000000A00000064000000B4
:10EDF000E803000017B7D1386F12833A0AD7233CD3
:10EE0000CDCCCC3D0000803F000020410000C84236
:10EE100000007A4400401C46D092D0A000000000C0
:10EE20003120D0BAD0B0D0BDD0B0D0BB00000000EF
:10EE30003220D0BAD0B0D0BDD0B0D0BBD0B000005E
:10EE40004845504120D0A4D0B8D0BBD18CD182D17C
:10EE50008020D0B7D0B0D181D0BED180D0B5D0BDC8
:10EE600000000000D09DD0B5D0B2D0BED0B72E20CB
:10EE7000D0BFD0BED0B4D0B4D0B5D1802E20D183F5
:10EE8000D181D182D0B0D0B221000000D09DD0B8C5
:10EE9000D0B7D0BAD0BED0B520D0BDD0B0D0BFD1C1
:10EEA00080D18FD0B6D0B5D0BDD0B8D0B5000000DD
:10EEB000D092D18BD181D0BED0BAD0BED0B520D027
:10EEC000BDD0B0D0BFD180D18FD0B6D0B5D0BDD05D
:10EED000B8D0B50044696E7075740000D09DD0B58F
:10EEE000D181D0BFD18020D0BAD0B0D0BDD0B0D0E9
:10EEF000BB203100D09DD0B5D0B8D181D0BFD1805A
:10EF000020D0BAD0B0D0BDD0B0D0BB2032000000ED
:10EF1000D09DD0B5D0B8D181D0BF2E20D0B4D0B044
:10EF2000D182D187D0B8D0BAD0B00000D097D0B0BD
:10EF3000D181D0BED180D0B5D0BD20D0BFD180D0BE
:10EF4000B5D0B4D184D0B8D0BBD18CD182D180001F
:10EF5000D09DD0B5D0B2D0BED0B7D0BCD0BED0B688
:10EF6000D0BDD0BE00000000312028D09ED181D07D
:10EF7000BDD0BED0B2D0BDD0BED0B92900000000F7
:10EF8000322028D094D0BED0BF2E29005641560042
:10EF9000436F6E7374204C302C3200005641562063
:10EFA0002B20436F6E7374204C302C320000000015
:10EFB000D097D0B0D0BAD180D18BD182D0BE000052
:10EFC000D09CD0B8D0BDD0B8D0BCD0B0D0BBD18C44
:10EFD000D0BDD0B0D18F0000D0A1D180D0B5D0B4F9
:10EFE000D0BDD18FD18F0000D09CD0B0D0BAD1810C
:10EFF000D0B8D0BCD0B0D0BBD18CD0BDD0B0D18F28
:10F0000000000000D09ED182D0BAD180D18BD182B5
:10F01000D0BE00004341560056415620D09FD0B08C
:10F02000D181D181D0B8D0B22E20D0A20000000072
:10F0300056415620D09AD0BED0BCD0BD2E20D0BADA
:10F04000D0BED0BDD182D1802E00000056415620C6
:10F05000D09FD180D0B5D0BED0B1D1802E20D0A24B
:10F060002CD0A1D09E322CD09D000000302D31300C
:10F0700020D09200322D313020D09200342D323009
:10F0800020D0BC4100000000D092D18BD0BAD0BBC0
:10F0900000000000D092D0BAD0BB0000D0A0D0B504
:10F0A000D0B6D0B8D0BC20D0A4D09CD0A70000004F
:10F0B000D0A0D0B5D0B6D0B8D0BC204341562F5642
:10F0C00041562D425000000070706D00D0BC2F637F
:10F0D00020000000D09FD0B020000000D09ED18240
:10F0E000D0BED0BFD0BBD0B5D0BDD0B8D0B5000059
:10F0F000D09ED185D0BBD0B0D0B6D0B4D0B5D0BD25
:10F10000D0B8D0B500000000D090D0B2D182D0BE2F
:10F11000D0BCD0B0D18200004449707574000000AA
:10F1200052532D34383500005443502049500000CC
:10F13000302E3100302E3500312E3000322E30008E
:10F14000332E3000352E300031302E3000000000DC
:10F150005CFF79C4252B30382E326600256920D01B
:10F160009FD0B000257825782578257825782578D2
:10F1700000000000D09ED181D182D0B0D0BDD0BEE1
:10F18000D0B2D0BBD0B5D0BD00000000D09AD0B076
:10F19000D0BBD0B8D0B1D180D0BED0B2D0BAD0B070
:10F1A00000000000D0A0D0B0D0B1D0BED182D0B08D
:10F1B00000000000253033692E253033692E2530BC
:10F1C00033692E2530336900256920D09200000074
:10F1D000D0A1D182D0B0D180D1823F00D097D0B021
:10F1E000D0B1D0BBD0BED0BA00000000202020207B
:10F1F000D09FD0B5D180D0B5D0B7D0B0D0B3D1806A
:10F20000D183D0B7D0B8D182D18C3F20202020002C
:10F21000253030303030306920D187D0B0D181D026
:10F22000BED0B2202530306920D0BCD0B8D0BDD1FE
:10F2300083D18200206B657920646F776E0D0000AA
:10F24000F0FF79445CFF7944E7FB1F412530372EFE
:10F250003366000025322E31662043002530322EE1
:10F260003166204300000000253034692070706D45
:10F27000000000002530336920252500D0A4D0B03F
:10F28000D0BAD18200000000D09ED182D0BAD18005
:10F290002E000000D097D0B0D0BAD1802E00000050
:10F2A0002530362E316620257300000025362E319C
:10F2B0006620257300000000D09ED182D0BCD0B55E
:10F2C000D0BDD0B8D182D18C20D0BAD0B0D0BBD0F4
:10F2D000B8D0B1D0BED180D0B2D0BAD1833F000077
:10F2E000D09AD0B0D0BBD0B8D0B1D180D0BED0B23F
:10F2F000D0BAD0B02E2E2E00D09ED182D0BAD0B0AF
:10F30000D0BBD0B8D0B1D180D0BED0B2D0B0D18235
:10F31000D18C20303F000000253033690000000010
:10F32000253169002530372E32660000252B303616
:10F330002E316600252B30372E3166002530362ED3
:10F340003166000025362E34660000002530352E4B
:10F35000316600002020202020D0A1D0B1D180D063
:10F36000BED181D0B8D182D18C20D0B6D183D1800A
:10F37000D0BDD0B0D0BB3F20202000002530346964
:10F3800020D0BC5E332FD187000000002D2D2D2D05
:10F3900020D0BC5E332FD1870000000025303269B9
:10F3A0002E253032692E253032690000D0B1D0BE12
:10F3B000D0BBD0B5D0B5203930250000D181D0B533
:10F3C000D182D0B8203C20256920D09200000000D6
:10F3D000D181D0B5D182D0B8203E20256920D092ED
:10F3E00000000000D0BFD0BED0B4D0B4D0B5D18022
:10F3F000D0B6D0B8D0B2D0B0D182D18C20D183D108
:10F4000081D182D0B0D0B2D0BAD1830030302F3089
:10F4100030000000253032692F25303269000000AD
:10F4200025692043000000002530336920D09FD09B
:10F43000B00000002D2D2D20D09FD0B00000000086
:10F4400025692025250000002530346900000000D2
:10F4500025692F2569000000D09FD180D0B8D0BE8B
:10F46000D180D0B8D182D0B5D18220D180D0B5D0D2
:10F47000B32E3A00D09FD180D0B8D0BED1802E20FC
:10F48000D180D0B5D0B3D183D0BB2E00D0A2D0B81C
:10F49000D0BF20D0B4D0B0D182D187D0B8D0BAD02C
:10F4A000B02E3A00253032693A253032693A25309B
:10F4B00032690000000F0C000100000020FE010076
:10F4C0007A000000000219000000000058FF01004F
:10F4D00000000000000225460200000010FF0100AD
:10F4E00038000000004625000200000018FF01005F
:10F4F00039000000000232000200000044FE01005A
:10F500003700000001023E000200000020FF010061
:10F510003A000000000F0C000100000020FE010076
:10F520007B000000000219000000000034FF010011
:10F5300000000000000225460200000010FF01004C
:10F540003D000000004625000200000018FF0100F9
:10F550003E000000000232000200000044FE0100F4
:10F560003C00000001023E000200000020FF0100FC
:10F570003F000000000F0C000100000020FE010011
:10F580007C0000000002190000000000ECFE0100F9
:10F5900000000000000225460200000010FF0100EC
:10F5A00042000000004625000200000018FF010094
:10F5B00043000000000232000200000044FE01008F
:10F5C0004100000001023E000200000020FF010097
:10F5D00044000000000F0C000100000020FE0100AC
:10F5E0007D000000000219000000000090FE0100F4
:10F5F000000000000002250002000000B0FE010033
:10F600003B0000000002320002000000C4FE0100C6
:10F610004000000001023E0002000000D8FE010090
:10F6200045000000000F0C0001000000F4FC010088
:10F6300077000000000219000200000050FD0100E8
:10F6400054000000010225000200000068FD0100D6
:10F6500053000000000F0C0001000000F4FC01004A
:10F660007800000000021900000000007CFD01008D
:10F6700000000000000225000100000094FD0100D0
:10F680005F0000000002320002000000A4FD010043
:10F690005C00000001023E0002000000B4FD010019
:10F6A0005D000000000F0C0001000000F4FC0100F0
:10F6B0007700000000021900000000007CFD01003E
:10F6C000000000000002250000000000C4FD010051
:10F6D000000000000002320002000000A4FD010052
:10F6E0004F00000001023E0002000000B4FD0100D6
:10F6F00050000000000F0C0001000000F4FC0100AD
:10F700007E000000000219000000000008FD01005A
:10F7100000000000000225000100000030FD010093
:10F7200013000000000232000100000040FD010053
:10F730001400000001023E0002000000AC060200BE
:10F740006C00000000000C00010000003805020001
:10F7500002000000000019000100000020F9010073
:10F760002500000000002500010000004C050200FB
:10F770002D00000000003200010000009002020095
:10F780002E0000000000322801000000AC0602003C
:10F790002F00000001003E000100000090FC01006D
:10F7A0003000000000020C000100000070FC0100AD
:10F7B0001A0000000002190001000000AC0602005F
:10F7C0001B00000000023200000000001C050200C7
:10F7D0000000000001023E000100000008020200DB
:10F7E0002600000000020C000100000070FC010077
:10F7F0001A0000000002190001000000AC0602001F
:10F800001B000000000225000100000090FC010028
:10F810004700000001023200010000009CFC0100D2
:10F820000500000000020C000100000010050200AD
:10F830000300000000021900010000006C02020039
:10F840000400000000022500010000006C0402001A
:10F85000080000000002320001000000A8040200BD
:10F860000700000001023E0001000000AC0602009B
:10F870000600000000020C0001000000DC04020091
:10F88000240000000002190001000000F80402003A
:10F8900012000000000225000100000020FC010011
:10F8A000050000000002320000000000FC0402001D
:10F8B0000000000001023E0501000000AC0602004D
:10F8C0000900000000020C000100000028010200F5
:10F8D000270000000002190001000000480102009A
:10F8E0002900000000022500010000005401020070
:10F8F000280000000002320001000000AC060200F7
:10F900002A00000001023E0001000000AC060200D7
:10F910002B000000D09A2ED09F2ED0A10000000016
:10F92000D0A3D181D182D0B0D0B2D0BAD0B00000B3
:10F9300000020C000100000038FC01006000000023
:10F94000000219000100000048FC010061000000F5
:10F95000000225000100000058FC010062000000C8
:10F96000000232000100000060FC010063000000A2
:10F9700001023E000100000068FC0100640000007C
:10F98000000F0C00010000007CFF01006E00000071
:10F9900000021900020000002CF101000600000026
:10F9A00000022500020000004804020017000000C9
:10F9B000000232000200000054040200180000009F
:10F9C00001023E0002000000600402000A00000084
:10F9D000000F0C0000000000D8030200000000002F
:10F9E0000002190000000000F803020000000000FF
:10F9F000000225000200000018040200220000009E
:10FA00000002320002000000300402002300000067
:10FA100001023E000200000014F901001000000085
:10FA2000000F0C00000000006C030200000000004A
:10FA300000021900000000008C030200000000001A
:10FA40000002251402000000AC06020020000000A5
:10FA5000007325000000000038F4010000000000E1
:10FA60000002320000000000B003020000000000AD
:10FA700000733E000000000038F4010000000000A8
:10FA800001023E1402000000AC060200210000004A
:10FA9000000F0C00010000007CFF0100730000005B
:10FAA0000002190002000000FC0202000C0000002D
:10FAB0000002250002000000180302000B000000F5
:10FAC00000023200020000003403020019000000AE
:10FAD00001023E0002000000500302001E00000070
:10FAE000000F0C0000000000C00202000000000037
:10FAF00000021900000000007CFD01000000000071
:10FB00000002250002000000A4FD01001500000015
:10FB10000002320002000000B4FD010016000000E7
:10FB200001023E0002000000E00202000F0000009F
:10FB3000000F0C0001000000F4FC01007E0000003A
:10FB4000000219000000000008FD01000000000094
:10FB500000022500010000007802020013000000EE
:10FB600000023200010000009002020014000000B8
:10FB700001023E0002000000A00202001C00000082
:10FB8000000F0C000000000018020200000000003E
:10FB90000002190002000000380202000D000000FF
:10FBA0000002250002000000540202001F000000B5
:10FBB00000023200020000004801020003000000C1
:10FBC00001023E00020000006C020200040000007E
:10FBD000000F0C0000000000A00102000000000067
:10FBE0000002190000000000C00102000000000037
:10FBF0000002250000000000E801020000000000F3
:10FC0000000232000100000008020200260000008D
:10FC100001023E0002000000AC0602002C000000C1
:10FC2000D09DD0B0D0BFD180D18FD0B6D0B5D0BD0F
:10FC3000D0B8D0B500000000D0A220D0BFD0B0D145
:10FC400081D1812E20310000D0A220D0BFD0B0D1F0
:10FC500081D1812E20320000542C41493100000016
:10FC6000434F322C41493200482C414933000000B7
:10FC7000D0A2D0B5D0BAD183D189D0B8D18520D087
:10FC8000B0D0B2D0B0D180D0B8D0B93A0000000026
:10FC9000D0A0D0B5D0B6D0B8D0BC0000D09DD0B0E8
:10FCA000D0BFD180D18FD0B6D0B5D0BDD0B8D0B56F
:10FCB00000000000D0A2D0B8D0BF20D183D181D124
:10FCC00082D180D0BED0B9D181D182D0B2D0B03A69
:10FCD00000000000D0A2D0B5D181D182D0BED0B278
:10FCE000D18BD0B920D180D0B5D0B6D0B8D0BC3A65
:10FCF00000000000D09DD0B0D181D182D180D0BE93
:10FD0000D0B9D0BAD0B80000D0A2D0B5D0BAD18383
:10FD1000D189D0B8D0B920D0BFD0B5D180D0B5D09E
:10FD2000BFD0B0D0B420D0B4D0B0D0B2D0BB2E00B1
:10FD3000D09AD0B0D0BDD0B0D0BB203100000000F0
:10FD4000D09AD0B0D0BDD0B0D0BB203200000000DF
:10FD5000D0A2D0B8D0BFD0BED180D0B0D0B7D0BCA8
:10FD6000D0B5D18000000000D0A2D0B8D0BF20D143
:10FD700080D0B5D0B3D183D0BB2E0000D09FD09817
:10FD800020D180D0B5D0B3D183D0BBD18FD182D098
:10FD9000BED18000D09AD0B0D0BDD0B0D0BBD0B052
:10FDA00020000000D09AD0BED18DD1842E20D09FCB
:10FDB00000000000D09AD0BED18DD1842E20D098E2
:10FDC00000000000D092D0B5D0B4D0BED0BCD18B52
:10FDD000D0B920D0BAD0B0D0BDD0B0D0BB20322E58
:10FDE00000000000D09FD09820D180D0B5D0B3D1F2
:10FDF00083D0BBD18FD182D0BED180200000000043
:10FE0000D092D0B5D0B4D183D189D0B8D0B920D0D8
:10FE1000BAD0B0D0BDD0B0D0BB20312E0000000091
:10FE2000D09DD0B0D181D182D180D0BED0B9D0BA4E
:10FE3000D0B8202020202000D09AD0B0D0BDD0B0A3
:10FE4000D0BB0000D0A2D0B8D0BF0000D09FD0BEA1
:10FE5000D181D0B5D0B7D0BED0BDD0BDD0BED0B589
:10FE600020D180D0B5D0B3D183D0BBD0B8D1802E33
:10FE700000000000D0A3D181D182D0B0D0B2D0BADE
:10FE8000D0B020D0B4D0B0D1822E205420000000B9
:10FE9000D0A3D181D182D0B0D0B2D0BAD0B820D046
:10FEA000B4D0B0D182D187D0B8D0BAD0BED0B20051
:10FEB000D0A3D181D182D0B0D0B2D0BAD0B02054AA
:10FEC00000000000D0A3D181D182D0B0D0B2D0BA8E
:10FED000D0B020434F320000D0A3D181D182D0B026
:10FEE000D0B2D0BAD0B0204800000000D094D0B832
:10FEF000D0B0D0BFD0B0D0B7D0BED0BD20D0B4D05D
:10FF0000B0D182D187D0B8D0BAD0B020480000009C
:10FF1000D0BED18200000000D0B4D0BE00000000EE
:10FF2000D0A1D0BCD0B5D189D0B5D0BDD0B8D0B5D6
:10FF300000000000D094D0B8D0B0D0BFD0B0D0B7BF
:10FF4000D0BED0BD20D0B4D0B0D182D187D0B8D06F
:10FF5000BAD0B020434F3200D094D0B8D0B0D0BF88
:10FF6000D0B0D0B7D0BED0BD20D0B4D0B0D182D127
:10FF700087D0B8D0BAD0B02054000000D09DD0B007
:10FF8000D181D182D180D0BED0B9D0BAD0B8202012
:10FF90002020202000000000D090D0B2D182D0BE1E
:10FFA00020D0BAD0BED180D1802E3020D1872E0073
:10FFB000D0A3D0B1D0BED180D0BAD0B0202844498F
:10FFC000342920D0BCD0B8D0BD000000D09AD0B029
:10FFD000D0BBD0B8D0B1D1802E20302C20D1812EF2
:10FFE0003A000000D092D180D0B5D0BCD18F20D1C2
:10FFF00083D181D180D0B5D0B42E20D1812E000004
:020000022000DC
:10000000D09A2ED09F2ED0A120D0BAD0B0D0BDD0C3
:10001000B0D0BB20310000004620D0BAD0B0D0BD57
:100020002E20312C20D0BC5E32000000D09A2ED081
:100030009F2ED0A120D0BAD0B0D0BDD0B0D0BB20A0
:10004000320000004620D0BAD0B0D0BD2E20322CD5
:1000500020D0BC5E32000000D090D0B2D0B0D180B1
:10006000D0B8D0B9D0BDD0B0D18F20D183D181D17B
:1000700082D0B0D0B2D0BAD0B0000000D0A1D0BCF5
:10008000D0B5D18920320000D0A3D181D182D0B0A7
:10009000D0B2D0BAD0B80000D09CD0B8D0BD2E001D
:1000A000D09CD0B0D0BAD1812E000000D0A1D18098
:1000B000D0B5D0B42E000000D095D0B4D0B8D0BD0B
:1000C000D0B8D186D18B20D0B8D0B7D0BCD0B5D1E4
:1000D00080D0B5D0BDD0B8D18F000000D0A3D181E1
:1000E000D182D0B0D0B2D0BAD0B00000D0A2D0B8B7
:1000F000D0BFD0BED180D0B0D0B7D0BCD0B5D18029
:1001000020D092D0A0000000D0A3D181D1822E2097
:10011000D0BA203100000000D0A3D181D1822E209E
:10012000D0BA203200000000D097D0B0D0BFD0B8F5
:10013000D181D18C20D0B6D183D180D0BDD0B0D0E8
:10014000BBD0B03A00000000D094D0B0D182D0B083
:100150003A000000D092D180D0B5D0BCD18F3A0007
:100160002020D094D0BBD18F20D0BFD0B5D180D0AB
:10017000B5D0B7D0B0D0B3D180D183D0B7D0BAD0BA
:10018000B820000020202020D0BDD0B0D0B6D0BCF8
:10019000D0B8D182D0B520D092D092D09ED0940049
:1001A000D09DD0B0D181D182D180D0BED0B9D0BACB
:1001B000D0B8202020202020392F3130000000002E
:1001C0002020D094D0BBD18F20D181D0B1D180D08C
:1001D000BED181D0B020D0B6D183D180D0BDD0B037
:1001E000D0BBD0B000000000202020202020D0BDB7
:1001F000D0B0D0B6D0BCD0B8D182D0B520D092D0BB
:1002000092D09ED094000000D097D0B0D0BFD0B88C
:10021000D181D0B5D0B93A00D09DD0B0D181D182B2
:10022000D180D0BED0B9D0BAD0B820202020202094
:10023000382F313000000000D09AD0BED0BDD1821E
:10024000D180D0B0D181D182D0BDD0BED181D18278
:10025000D18C0000D09ED181D1822E20D0B2D0B5D9
:10026000D0BDD18220D1812E00000000D092D1805B
:10027000D0B5D0BCD18F0000D092D0B5D0BDD18246
:10028000D0B8D0BBD18FD182D0BED18000000000C9
:10029000D0A4D0B8D0BBD18CD182D18000000000D6
:1002A000D09ED182D0BAD0B0D0BBD0B8D0B1D1809E
:1002B000D0BED0B2D0B0D182D18C203000000000AE
:1002C000D09DD0B0D181D182D180D0BED0B9D0BAAA
:1002D000D0B8202020202020362F31300000000010
:1002E000D092D180D0B5D0BCD18F20D183D181D153
:1002F00080D0B5D0B42E20D181000000D09DD0B0E8
:10030000D0BFD180D18FD0B6D0B5D0BDD0B8D0B508
:10031000206D696E00000000D0A1D0B1D180D0BEA8
:10032000D18120D0B0D0B2D0B0D180D0B8D0B82058
:100330006D696E00D09DD0B0D0BFD180D18FD0B6C6
:10034000D0B5D0BDD0B8D0B5206D61780000000028
:1003500043D0B1D180D0BED18120D0B0D0B2D0B006
:10036000D180D0B8206D617800000000D09DD0B061
:10037000D181D182D180D0BED0B9D0BAD0B820201E
:1003800020202020342F313000000000D09DD0B03C
:10039000D1872E20D181D0BED0BFD1802E20D18454
:1003A000D0B8D0BBD18CD182D180D0B000000000B9
:1003B000D09AD0BED0BDD0B5D1872E20D181D0BEAD
:1003C000D0BFD1802E20D184D0B8D0BBD18CD182E7
:1003D000D180D0B000000000D09DD0B0D181D182BA
:1003E000D180D0BED0B9D0BAD0B8202020202020D3
:1003F000332F313000000000D0A3D181D182D0B0A2
:10040000D0B2D0BAD0B820D180D0B5D0B62E20206E
:10041000D0BC5E332FD18700D0A0D0B5D0B6D0B835
:10042000D0BC20312028D09ED181D0BD2E29000003
:10043000D0A0D0B5D0B6D0B8D0BC20322028D0942F
:10044000D0BED0BF2E290000495020D09FD0BED1B1
:1004500080D18200D0A8D0BBD18ED0B700000000E0
:10046000D09CD0B0D181D0BAD0B00000D0A0D0B54F
:10047000D0B6D0B8D0BC20D183D0BFD180D0B0D03E
:10048000B2D0BB2E00000000D09FD180D0BED18260
:10049000D0BED0BAD0BED0BB20D181D0B2D18FD007
:1004A000B7D0B82E00000000D090D0B4D180D0B525
:1004B000D181204D6F64427573000000D0A2D0B08E
:1004C000D0B9D0BCD0B0D183D18220D181D0B2D12B
:1004D0008FD0B7D0B8000000632E0000D0A2D0B5F6
:1004E000D0BCD0BF2E20D0B2D0BED0B7D0B4D18334
:1004F000D185D0B0000000004D414300D09CD0BE5B
:10050000D182D0BED187D0B0D181D18B0000000084
:10051000D094D0B0D182D0B000000000D096D1836A
:10052000D180D0BD61D0BB20D0B0D0B2D0B0D1800E
:10053000D0B8D0B900000000D0A1D0BED181D18206
:10054000D0BED18FD0BDD0B8D0B50000D0A4D0B02F
:10055000D0BAD1822E20D180D0B0D181D1852E00C9
:1005600000007F43436F6E666967000049324300B5
:1005700053657269616C00004C4344004144430080
:100580004D50544350000000757365720000000028
:100590004B4559424F4152440000000044656654A7
:1005A00061736B00000090400000204200000000DA
:1005B0000000000000FEAF40D0A0D0B5D0B6D0B84B
:1005C000D0BC20D0BED0BDD0B1D0BED0BDD0B2D076
:1005D000BBD0B5D0BDD0B8D18F20D0BAD0BED0BDA1
:1005E000D184D0B8D0B3D183D180D0B0D186D0B8A7
:1005F000D0B80000D092D0B5D180D181D0B8D18F01
:1006000020D09FD09E20253032692E253032692E91
:1006100025303269000000008E840000C484000090
:1006200038850000C484000024860000CA840000CD
:10063000F284000056870000628700007287000085
:1006400066870000728700007287000072870000D2
:100650006A870000728700007287000072870000BE
:1006600072870000728700007287000072870000A6
:100670006E870000D4890000E4890000E88900004A
:10068000E48900006E8B0000E48900001C8B0000F0
:10069000E4890000908B000000401C46646368659C
:1006A00072720D002569202025690D0A00000000E6
:1006B00000001841000000007B14AE47E17A943F2F
:1006C0000000000000000040000000000000C03FEB
:1006D0000000000000001040000000000000324058
:1006E00000000000010001000200000004000400FE
:1006F0001C002000B400240014002000100000069C
:100700007374617274207769636831320D00000080
:1007100024B600002EB600005AB6000094B60000C1
:1007200098B60000A4B6000054B6000048B6000019
:1007300072B600003CB60000000102030405060783
:1007400008090A0B0C0D0E0F101100001F1C1F1EB4
:100750001F1E1F1F1E1F1E1F52544320494E495467
:100760000D00000000080000000010000000100054
:100770000000100000001000000010000000100039
:100780000020000000000800002C01400000004094
:100790000004004000080040000C00400010004031
:1007A0000014004000340140004C01402E2E2F4622
:1007B00072656552544F532F706F727461626C652D
:1007C0002F4D656D4D616E672F686561705F342ECA
:1007D00063000000657272206174206C696E652090
:1007E0002564206F662066696C6520222573222EA1
:1007F000200D0A20000000002E2E2F467265655243
:10080000544F532F706F727461626C652F4743436E
:100810002F524953432D562F706F72742E63000070
:100820002E2E2F4672656552544F532F6576656E96
:10083000745F67726F7570732E6300002E2E2F46E3
:1008400072656552544F532F71756575652E63003F
:10085000D6FB0000CCFB0000ECFB0000FEFB000020
:10086000F8FB000086FD00007CFD00009AFD000002
:10087000ACFD0000A6FD00002E2E2F4672656552CD
:10088000544F532F7461736B732E630049444C456E
:100890000000000026020100260201006A02010099
:1008A00076020100BA0201002602010026020100C0
:1008B0006A02010076020100546D725100000000CE
:1008C0002E2E2F4672656552544F532F74696D65F5
:1008D00072732E6300000000546D72205376630023
:1008E00073717274000000000011121314151617B2
:1008F00018191A1B1C1D1E1FAC430100F2430100F6
:100900000C4401001C4401001C4401000844010087
:10091000084401002A4401000102030405060707F8
:1009200007070707070000002A580100385901008F
:10093000245A01002C5A0100D25A0100245A010005
:10094000185B0100545B0100F875FFFF7C74FFFF2A
:100950008C75FFFF9475FFFF8C75FFFFAC74FFFF74
:100960008C75FFFF9475FFFF7C74FFFF7C74FFFFA5
:10097000AC74FFFF9475FFFFEE75FFFFEE75FFFF90
:10098000EE75FFFFAC74FFFF9E7CFFFF907BFFFFC7
:10099000907BFFFF8E7BFFFF967BFFFF967BFFFF29
:1009A0005C7BFFFF8E7BFFFF967BFFFF5C7BFFFF87
:1009B000967BFFFF8E7BFFFF8A7CFFFF8A7CFFFF19
:1009C0008A7CFFFF5C7BFFFF00010202030303033D
:1009D00004040404040404040505050505050505CF
:1009E00005050505050505050606060606060606AF
:1009F0000606060606060606060606060606060697
:100A0000060606060606060607070707070707077E
:100A10000707070707070707070707070707070766
:100A20000707070707070707070707070707070756
:100A30000707070707070707070707070707070746
:100A4000070707070707070708080808080808082E
:100A50000808080808080808080808080808080816
:100A60000808080808080808080808080808080806
:100A700008080808080808080808080808080808F6
:100A800008080808080808080808080808080808E6
:100A900008080808080808080808080808080808D6
:100AA00008080808080808080808080808080808C6
:100AB00008080808080808080808080808080808B6
:100AC00008080808080808082C2066756E63746911
:100AD0006F6E3A2000000000617373657274696F75
:100AE0006E2022257322206661696C65643A206657
:100AF000696C6520222573222C206C696E65202587
:100B000064257325730A0000232D302B200000007C
:100B1000686C4C00656667454647000000000000B1
:100B2000FFFFFFFFFFFFEF7F494E4600696E660043
:100B30004E414E006E616E003031323334353637FF
:100B400038394142434445460000000030313233D9
:100B500034353637383961626364656600000000F9
:100B6000000000000000F83F61436F63A787D23F99
:100B7000B3C8608B288AC63FFB799F501344D33F8C
:100B8000000000000000F03F0000000000001C40DA
:100B90000000000000001440000000000000E03FE2
:100BA000496E66696E697479000000004E614E00FE
:100BB0000000000000000000000000000000000035
:100BC0000000000000000000000000000000000025
:100BD0000000000000000000000000000000000015
:100BE0000000000000000000000000000000000005
:100BF00000000000000000000000000000000000F5
:100C000000000000000000000000000000000000E4
:100C10000080E03779C34143176E05B5B5B89346F8
:100C2000F5F93FE9034F384D321D30F94877825AC4
:100C30003CBF737FDD4F1575000000000000F03FE2
:100C400000000000000024400000000000005940A7
:100C50000000000000408F40000000000088C340FA
:100C600000000000006AF8400000000080842E416F
:100C700000000000D01263410000000084D79741BB
:100C80000000000065CDCD41000000205FA00242C1
:100C9000000000E876483742000000A2941A6D4236
:100CA000000040E59C30A2420000901EC4BCD64229
:100CB00000003426F56B0C430080E03779C34143D4
:100CC00000A0D8855734764300C84E676DC1AB434A
:100CD000003D9160E458E143408CB5781DAF154468
:100CE00050EFE2D6E41A4B4492D54D06CFF0804443
:100CF000F64AE1C7022DB544B49DD9794378EA4458
:100D000005000000190000007D0000004300000005
:100D1000504F534958000000002020202020202060
:100D2000202028282828282020202020202020209B
:100D300020202020202020202088101010101010AB
:100D400010101010101010101004040404040404F7
:100D50000404041010101010101041414141414191
:100D60000101010101010101010101010101010173
:100D70000101010110101010101042424242424283
:100D80000202020202020202020202020202020243
:100D900002020202101010102000000000000000EB
:100DA0000000000000000000000000000000000043
:100DB0000000000000000000000000000000000033
:100DC0000000000000000000000000000000000023
:100DD0000000000000000000000000000000000013
:100DE0000000000000000000000000000000000003
:100DF00000000000000000000000000000000000F3
:100E000000000000000000000000000000000000E2
:0C0E1000000000000000000000000000D6
:100E1C00110000008A2300000400000000230000E1
:100E2C000300000094210000100000001A210000B3
:100E3C0006000000D820000017000000102200005F
:100E4C0001000000B21E0000050000004C1F000055
:100E5C000F000000B81F000002000000402000003E
:100E6C000000000000000000000000000000000076
:100E7C000000000000000000000000000000000066
:100E8C000000000000000000000000000000000056
:100E9C0004001400280050007800C80090010000E5
:100EAC0000000C00010000000801020069000000B5
:100EBC00000019000100000030FD01006700000077
:100ECC000000256901000000AC0602006A00000069
:100EDC000000250001000000AC06020065000000C7
:100EEC000000320001000000180102006800000040
:100EFC0000003E000100000040FD01006600000003
:100F0C0001643E0000000000AC060200000000007E
:100F1C0000000C0001000000DC0002006900000071
:100F2C0000640C0000000000AC0602000000000091
:100F3C00000019000100000030FD010067000000F6
:100F4C000064190000000000AC0602000000000064
:100F5C000000320001000000EC0002005400000010
:100F6C0001003E000100000068FD0100530000007C
:100F7C0001003220010000007CF20100650000003D
:100F8C00000F0C000100000020FE010079000000A1
:100F9C000002190002000000AC0602004D00000027
:100FAC000002192801000000AC06020080000000BD
:100FBC0000023200000000004CFE010000000000A6
:100FCC0001023E0002000000AC06020046000000D8
:100FDC00010225000200000074FE01003B0000002D
:100FEC00000F0C0001000000F4FC01007600000072
:100FFC000002190000000000E4FD010000000000E8
:10100C00000225000000000000FE010000000000AE
:10101C000002320002000000A4FD0100510000009B
:10102C0001023E0002000000B4FD0100520000006D
:10103C00000F0C000100000020FE010079000000F0
:10104C00000219000200000038FE010057000000E9
:10105C00010225000200000044FE010058000000BF
:10106C00000F0C00010000007CFF01006F0000006D
:10107C000002190000000000B8000200000000008F
:10108C000002250002000000AC060200480000002F
:10109C00000232000100000090FC0100470000003B
:1010AC0001023E0001000000AC06020056000000E8
:1010BC00000F0C00010000007CFF0100700000001C
:1010CC00000219000000000088000200000000006F
:1010DC000002251E020000009800020031000000F2
:1010EC000064250001000000AC060200480000006E
:1010FC000002321E02000000A000020033000000BB
:10110C000064320001000000AC0602004800000040
:10111C0000643E0001000000AC0602004800000024
:10112C0001023E1E02000000AC0002003200000072
:10113C00000F0C00010000007CFF0100710000009A
:10114C00000219000000000058000200000000001E
:10115C000064250001000000AC06020048000000FD
:10116C000002251E0200000030FD010034000000CA
:10117C000064320001000000AC06020048000000D0
:10118C000002321E0200000040FD0100350000008C
:10119C0000023E0E020000007C0002004E00000027
:1011AC0001783E0001000000AC0602006B0000005C
:1011BC00000F0C00010000007CFF01007400000017
:1011CC000002190002000000000002005B00000099
:1011DC00000225000200000018000200360000008A
:1011EC0000023200020000002C0002005A00000035
:1011FC0001023E0002000000440002005900000001
:10120C00000F0C00010000007CFF010075000000C5
:10121C00000219000200000098FF010055000000B8
:10122C000002250002000000B0FF01004A0000008F
:10123C000002320002000000CCFF01004B00000055
:10124C0001023E0002000000E4FF01000F0000005C
:10125C00000F0C0001000000F4FC01007200000003
:10126C0000021900000000006001020000000000F4
:10127C0000022500000000008401020000000000B4
:10128C0001023E0002000000AC0602001D0000003E
:10129C00000F0C0001000000F4FC01006D000000C8
:1012AC0000021900020000006C040200080000009B
:1012BC00000225000200000088040200110000005A
:1012CC000002320002000000A80402000700000027
:1012DC0000023E0A02000000BC0402000E000000E6
:1012EC0001783E0000000000D8040200000000005D
:1012FC000100000090000020030002001600160000
:10130C000000000002000000E4F7010001000300EF
:10131C0000000000000001000300000024F80100A0
:10132C0002000100000000000400010004000000A5
:10133C008004002000000000150005000080030060
:10134C000500000080F90100000000000400060008
:10135C00008003000600000090FA0100000000006D
:10136C00050007000080030007000000F4F60100F0
:10137C0000000000060008000080030008000000C8
:10138C00500200200000000007000900008003004C
:10139C0009000000A00200200000000008000A0064
:1013AC00008003000A000000200300200000000061
:1013BC0009000B00008003000B000000A0030020BC
:1013CC00000000000A000C00008003000C0000006C
:1013DC00F0030020000000000B000D000080030053
:1013EC000D000000D0010020000000000C000E00D9
:1013FC00008003000E00000054F601000000000005
:10140C000D000F00008003000F000000A4F6010087
:10141C00000000000E00100000800300100000000F
:10142C0070010020000000000F001100008003007C
:10143C0011000000B4F401000000000010001200C4
:10144C00008003001200000014F5010000000000F1
:10145C0011001300008003001300000074F501005C
:10146C0000000000120014000080030014000000B3
:10147C00D4F50100000000001300150000800300EB
:10148C0015000000400400200000000014000400BF
:10149C00008003001600000030F90100000000007D
:1014AC0001000100000003000100000044F70100EE
:1014BC00030002000B000B00000000000200000003
:1014CC00A4F7010001000300000000000C810100E2
:1014DC000300000024F801000200010000000000DD
:1014EC000400010004000000800400200000000043
:1014FC000F000500008003000500000080F90100CA
:10150C00000000000400060000800300060000003C
:10151C00D0F9010000000000050007000080030066
:10152C000700000020FA010000000000060008007F
:10153C00008003000800000090FA01000000000089
:10154C00070009000080030009000000E0FA010018
:10155C000000000008000A00008003000A000000E0
:10156C0030FB01000000000009000D0000800300AA
:10157C000B00000074F801000000000001000100E5
:10158C00000003000C000000C4F801000000000083
:10159C0000840083000002000D00000080FB0100AD
:1015AC00000000000A000E00008003000E00000086
:1015BC00D0FB0100000000000D000F0000800300B4
:1015CC000F00000040040020000000000E0004008A
:1015DC00008003000000000000000000000000007C
:1015EC0000000000000000000000000000000000EF
:1015FC0001020304060708090000000001020304AD
:10160C000102030406070809080002401C000240FE
:10161C003000024044000240580002406C0002407E
:10162C0080000240080402401C04024030040240C6
:10163C0044040240580402406C04024080040240FE
:10164C000030014000380040003C004000380140B0
:10165C000044004000480040004C004000000000E6
:10166C00D00B0200F00B0200B00B020000000000D7
:10167C00000000000000000000000000000000005E
:10168C00000000000000000000000000000000004E
:10169C00000000000000000000000000000000003E
:1016AC00000000000000000000000000000000002E
:1016BC0000000000000000000000000043000000DB
:1016CC00000000000000000000000000000000000E
:1016DC0000000000000000000000000043000000BB
:1016EC0000000000000000000000000000000000EE
:1016FC00000000000000000000000000430000009B
:10170C0000000000000000000000000000000000CD
:10171C00000000000000000000000000430000007A
:10172C0000000000000000000000000000000000AD
:10173C00000000000000000000000000430000005A
:10174C00000000000000000000000000000000008D
:10175C00000000000000000000000000430000003A
:10176C00000000000000000000000000000000006D
:10177C00000000000000000000000000430000001A
:10178C00000000000000000000000000000000004D
:10179C0000000000000000000000000070C9010003
:1017AC00EAC8010000000000180D020048F001001A
:1017BC00AC060200AC060200AC060200AC0602004D
:1017CC00AC060200AC060200AC060200AC0602003D
:1017DC00AC060200FFFFFFFFFFFFFFFFFFFFFFFF55
:1017EC00FFFF000001004153434949000000000085
:1017FC0000000000000000000000000000000000DD
:10180C000000000000004153434949000000000063
:10181C0000000000000000000000000000000000BC
:10182C000000000000000000C0A80101C0A8010ACF
:10183C00FFFFFF00FFFF000002000000010000009E
:10184C00020506070E0F0800010000000100000051
:10185C00000E2707010000000204060832080000F1
:10186C000000000010000000AAAAAAAA0E000000A6
:10187C00101C012001000000F4DB00200000CDABA7
:10188C00E0060200F00602006E19000000100000D5
:10189C004C08002015C0FF00153FFF00153EFF004F
:1018AC000002040404040406010204006C006D0030
:1018BC006A006B0070006E0071006F0064006600BF
:1018CC00680000003F0047004F00000043004B0041
:1018DC00530000000C000D000F00BFFF6400C80097
:1018EC00040302019CF00100B0F0010068EF01005C
:1018FC0080EF01002D2D2D2D000000001000110097
:10190C00120000003F0047004F00000043004B0056
:10191C005300000088F0010094F001002F003F00FC
:10192C0047004F00330043004B0053007C008C00F9
:10193C009C00000074008400940000007000800083
:10194C009000000003040500780088009800000057
:10195C00100011001200000000240140002801407A
:10196C000054004000580040010204081000000020
:10197C0000800120FFFFFFFFFFFF000000000000C0
:10198C000000000000000000FFFFFFFF03060C1822
:10199C00306078004C0800200000104200000C421F
:1019AC00000020410000A0400000704100001643E0
:1019BC000000964300001644000020420000A041A5
:1019CC000000FA4400007A440000C842000048427B
:0419DC00499D003DE4
:020000024000BC
:100000003200080D2D0006102800D2132300B61868
:100010001E00061F1900102714008B310F004C3FE3
:100020000A007C510500EF690000EB8A0000000027
:100030000000000000009643C520903F00001644D9
:10004000D57811400000614448E15A4000009644D0
:10005000DD2492400080BB4417D9B6400000E14443
:100060003333DB40004003450000004100001645EB
:10007000713D124100C02845D7A32441EF020CC8AE
:10008000B75400201306500D8145138584BEEF0040
:100090008CCB930640061306500D938584BE014514
:1000A000EFB01C808947631C052A138484BE182086
:1000B0001309C00581476304272B1306500D8145A2
:1000C000138584BEEF002CC8930720503EA0F14753
:1000D0005CA0930700FC3CB8B7070AC09387871A57
:1000E0005CC8B70701FF9387871A1CCCFD575EAC2D
:1000F000930710107EA0B7C7C5FA938717B01CC42A
:10010000B73714059387072F5CC48547A304F4060B
:10011000A305F4069307F0302316F406B717002062
:1001200083A587B815471305700578BC2300240103
:10013000EF305CC0B717002087A7C7B81305B0051C
:10014000B7190020D38507E0EF30DCBEB7170020D9
:1001500087A7C7B81305F005D38507E0EF309CBD2E
:10016000B717002087A707B913057002D38507E0EA
:10017000EF305CBCB717002087A747B91305B00262
:10018000D38507E0538907E0EF30DCBA87A709B9C8
:100190001305F002D38507E0EF30DCB9CA851305FB
:1001A0003003EF303CB987A709B913057003B719BD
:1001B0000020D38507E0EF30FCB7CA851305B003F4
:1001C000EF305CB7B717002087A787B91305F00396
:1001D000D38507E0EF301CB6CA8513053004EF3035
:1001E0007CB587A789B91305F004D38507E0EF3004
:1001F0007CB4CA8513053005EF30DCB387A789B915
:1002000013057004D38507E0EF30DCB2CA8513050F
:10021000B004EF303CB2930740F8A301F4069967AD
:10022000938737802312F40689472303F406930744
:10023000601F1EB0B7072C01938767092324F40CB5
:10024000B717002083A5C7B91305E00AEF309CAEAD
:10025000B717002083A507BA1305200BEF309CAD1C
:10026000B717002083A547BA1305A00AEF309CAC4E
:100270009305000013050007EF30DCABB717002033
:1002800083A587BA13054007EF30DCAAB717002013
:1002900083A5C7BA1305C007EF30DCA9930500009A
:1002A00013050008EF301CA9B717002083A507BB72
:1002B00013054008EF301CA88D472317F406B71725
:1002C000002083A547BB1305C008EF30BCA69305EB
:1002D000000013050009EF30FCA5B717002083A527
:1002E00087BB13054009EF30FCA4B717002083A596
:1002F000C7BB1305C009EF30FCA3B717002087A7C1
:1003000007BC1305000AD38507E0EF30BCA2B7177E
:10031000002087A707BC1305400AD38507E0EF300C
:100320007CA1930700109306803E1306500D938521
:1003300084BE0145231BF40AEFB0CCED19E537E587
:10034000010013050551EFA0CD9A93064006130650
:10035000500D938584BE0145EFB08CD485473E8512
:100360006F000C9DEF022C9B7971A9473ED23ED0C5
:10037000B7470000938727184C0801453ED602CCAA
:10038000EF0090284C080545EF0010284C0809455F
:10039000EF0090274C080D45EF0010274C08114541
:1003A000EF009026B7470000938787212C00014576
:1003B0003EC802C6EFB0BCB22C000545EFB03CB25F
:1003C0002C000945EFB0BCB12C000D45EFB03CB19D
:1003D00045616F008C96EF020C94011199475C8483
:1003E000938741A63EC89387C1A63EC6B70714644B
:1003F000D1073ECA8947230CF1008567938787BBE5
:10040000FC85B74700009387871C28003ECEEFB0DD
:10041000BCCA05616F006C92EF02EC8F371401408B
:1004200085654111130504C0F1460146938505C059
:1004300002C002C202C402C6EFC08CE6F146014609
:10044000130504C09305000CEFC08CE5B7970400BA
:100450009387073E3EC0B70700403EC2B70700047F
:100460003EC48A85916701457C86EFC08CEA8A8507
:100470000545EFC00CEA0145EFC08CFC0545EFC017
:100480002CFC41016F006C8BEF024C87011137147B
:100490000140EFC00CE6F146014613050480C1455A
:1004A000EFC00CE0130504C08D45EFC06CDD930573
:1004B000000337150140EFC0ACDC13050480930541
:1004C000400EEFC0ECDBB724014013850480930598
:1004D0000078EFC0ECD913050440B165EFC04CD9EA
:1004E000856537150140EFC0ACD8130504408D4534
:1004F000EFC00CD8130504409305000EEFC04CD795
:10050000130504409145EFC0ACD613050440856542
:10051000EFC00CD6E1460146130504C0A965EFC043
:100520002CD891677C866C0093078004130504C067
:100530003ECA231701002318010023190100EF9080
:10054000BC80130504C08565EFC08CD2914537157A
:100550000140EFC0ECD11305044093050004EFC047
:100560002CD1370613808D65E14641061305044002
:10057000938505A0EFC0CCD2130504C0930580037A
:10058000EFC00CCF13050440C145EFC06CCE056928
:10059000930509C037150140EFC08CCD1385048049
:1005A0009305C007EFC0CCCE130504C0930500101F
:1005B000EFC00CCEC1651385048093850580EFC024
:1005C0002CCD81450145EF90ECC313050440930504
:1005D0000004EFC0CCD0130504C093050020EFC089
:1005E0002CC9B709308013862900138504809146F1
:1005F0008945EFC0ECCA1386290013850480E146C3
:100600008545EFC0ECC9E14601461305048093051A
:100610000040EFC0ECC813050480A165EFC04CC5D5
:1006200013050480A165EFC08CCC85451165EF9062
:100630009CAB11454120EF204CBAB7B51D00654673
:10064000938595150945EFC07CFB9305000209458C
:10065000EFC0BCC8BD659D46130689BB938505A642
:100660002145EFD02C861306401F9D452145EFD034
:100670006C932145EFD0AC9B2145EFC05CC4680072
:1006800002C602C802CA02CC02CEEFB07CE38545A6
:100690000145EF906CB49305803E0145EF908CB618
:1006A000D1319D450545EF00206EEFD06CCE056140
:1006B0006FF01BE8EFF23BE6B7460000B7B50A0063
:1006C000814705479386A6480546938505E6EFC012
:1006D000BCF6371501409305000213050540EFC035
:1006E0000CC137540020F965814601461305840D7D
:1006F000938545F7EF000C82F565938545CF13058B
:10070000840DEF00CCE41305840DEFF07BFE6FF059
:10071000DBE200000000000000000000FF1F0000FE
:1007200000000000000000000080FFF907780000D2
:10073000000000000000000000FCFF7F00C000007F
:100740000000000000000000801F001C008001006D
:100750000000000000000000E00C00180000030092
:10076000000000000000038071000020000006006F
:100770000000000000E003E01C0000000000060094
:100780000000000000E00730060000000000060C3A
:100790000000000000E0071C0600000000000C78CC
:1007A0000000000000E0070EFC01000000000CE06B
:1007B0000100000000E08703C01F000000000E8061
:1007C0000300000000E0C701007000000000060008
:1007D0000F00000000E0E70000C00000000006007D
:1007E0003C00000000E07F000080010000000600E7
:1007F0007800000000C03F000080010000000600FB
:10080000E000000000C01F000080010000000600A2
:10081000C003000000C00F000080010000000600BF
:100820008007000000C00F000080010000000C00E5
:10083000000F000000C00F000080010000000C004D
:10084000001E000000E00F00008001000000180002
:10085000003C000000E00F000080010000003800B4
:100860000078000000F01F000080010000003C0044
:1008700000F0000000F81F0000C0000000001E0093
:1008800000E0010000BC1F0000E0000000000F00BD
:1008900000C0030000BC1F0000E0070000000000D3
:1008A00000800700001E3F00000000000000000064
:1008B00000000F00000F3F000000000000000000DB
:1008C00000001E00000F3F000000000000000000BC
:1008D00000003E0080073E0000E007000000F0013D
:1008E000000C3C00C0037EC0FFE087E3FF0FFE0F5B
:1008F000000F7800C0037EC0FFE3C7E7FF0FFF1FB4
:10090000C00FF800E003FEC0FFE7E3EFFF8FFF3FFB
:10091000F01FF000E007FCC0EFE7F3E7FFCFFF7F39
:10092000F80FE001F00FFCC0CFE7FB037CE00F7F86
:10093000FC03E003F01FFCC1CFE7FF01FCE0077EF2
:10094000FE00C003F83FF8C1CFE7FF00FCE0077EE0
:100950007E00C00778FFF8C1EFE7FF00FCE0077EEC
:100960003E0080077CFEF9C3FFE3FF01FCE0077E49
:100970003F00000F3CFCF3C3FFE1FB03FCE0077EFC
:100980007F00000F3CF8FFC77FE0F307FCE00F3F5C
:10099000FE01001F3EE0FFC70FE0F307FCC0FF3F72
:1009A000FE1F001E1EC0FFCF0FE0E307FCC0FF1FAD
:1009B000FC1F003E1E80FFCF0FE0C707FC00FF0FAB
:1009C000F81F003C1F00FEDF0FE08701FC00FE0364
:1009D000E01F007C0F00FC1F000000000000000072
:1009E000000000780F00F03F000000000000000051
:1009F000000000F80F00E07F000000000000000091
:100A0000000000F8070080FF010000000000000067
:100A1000000000F0000000FE0700000000000000E1
:100A2000000000F0000000F83F000000000000009F
:100A3000000000F0000000E0FF00000000000000E7
:100A4000000000E000000080FF0700000000000040
:100A5000000000E000000000FC3F0000000000007B
:100A60000000000000000000F0FF01000000000096
:100A7000000000000000000080FF3F0000000000B8
:100A8000000000000000000000F8FF0F0000000060
:100A900000000000000000000080FFFFFF7F00005A
:100AA00000000000000000000000FCFFFFFF00004D
:100AB00000000000EFF23BA63785000001468D459F
:100AC000130525C7A52E6FF05BA7EFF2DBA4130576
:100AD000C00CEF306CA123A2A1AC6FF01BA6EFF20B
:100AE0009BA303A501ADEFE01C8FEF00FCB1084113
:100AF000EFE07C8EEF700CEC0841EFE0DC8DEF1046
:100B00007CED0841EFE03C8DEF20FCE10841EFE097
:100B10009C8C6FF09BA2EFF21BA0EF20DCE02A84FC
:100B200037680020B7670020B7050200374500008E
:100B30001308C8A29387C782154785461306000885
:100B4000938545561305259AEFE06CA208C0EF1077
:100B50007CE82A8437680020B7670020B7050200C8
:100B6000373500001308C8E89387C7A8194785469A
:100B7000130600109385C55613056555EFE02C9FAD
:100B800008C0EF007CA82A8437880020B7770020AF
:100B9000B7050200371500001308C89E9387C77E6B
:100BA0002147854613060008938505571305A56E52
:100BB000EFE0EC9B08C0EF30ECF02A84377800209F
:100BC000B7670020B7050200374500001308C8C307
:100BD0009387C7141D4785461306002093858557C4
:100BE0001305E52EEFE0AC9808C0EF105CDE2A8418
:100BF00037580020B7570020B705020037350000EE
:100C00001308C87C9387C73C194785461306001014
:100C10009385C55713054500EFE06C9508C03778FC
:100C2000002037040200B7770020375500009305F5
:100C300004581308C878154785461306C02B9387B8
:100C4000C7C91305853AEFE08C9223A8A1ACEF70D9
:100C50006CD6AA8437880020B7870020B705020029
:100C6000379500001308C8249387C7A421478546F9
:100C70001306002093858558130565D0EFE02C8F6F
:100C800088C037980020B78700203785000093057B
:100C900004581308C8F29387C72A214785461306CC
:100CA000003213054511EFE08C8C37680020B767E0
:100CB0000020B7050200374500001308C80E9387CF
:100CC000C7EE11478546130600089385055913059D
:100CD0008528EFE0CC8937A80020B7970020B7051A
:100CE0000200378500001308C8A71547854613067C
:100CF000C02B9385C5599387C7F8130545E8EFE0E6
:100D00000C8723A6A1ACE13B6FF03B83EFF2BB80E5
:100D1000EF00BC812A8437A500201305C536EFD02B
:100D2000AC9708C0EF00FC8D2A8437A5002013057E
:100D3000053DEFD06C9608C06FF03B80EFF2ABFD45
:100D4000EFB08CB6B7A6002037A600202A84014752
:100D50009386C63E1306C6AD89454145EFD06CEC7F
:100D600008C0EF20FCBBB7A6002037A600202A84CD
:100D70000147938686381306C6AF85454145EFD0B7
:100D80004CEA08C06FF06BFBEFF2EBF8C1670111A2
:100D900089073ECA37140120B70718009387072038
:100DA000AE841304C4CD6C003ECC2A8908C402C6AC
:100DB00002C802CEEFC08CA837B60000B7B500005D
:100DC000014789464A851306C65E9385E55EEFC0F6
:100DD0006CAD3745004005469305000613050580B8
:100DE000EF90ECCB371501408565130505C0EFB0DA
:100DF0001CCF89652946938505712685EFC01C8027
:100E000004D005616FF06BF3F1473305F502B717B6
:100E1000012093874764D8413E959C4958C17D176E
:100E20001CC9DC453337E00058A95CC59C4D230B39
:100E30000500232405001CCD01458280EFF20BEC58
:100E4000371402405C4C37070018AE89D98F5CCC50
:100E5000377700401C43328AAA8493E707101CC3EB
:100E6000EF900CB61C5041672A89D98F1CD01C50BA
:100E700041777D17F98F1CD00545EF902C890144EF
:100E8000930AA00F13051004EF90CCA701ED631493
:100E900054016FF0EBE9050451451374F40FEFF0C2
:100EA000ECD1CDB79307A00FE305F4FEB7170240CE
:100EB000985321641367071098D39853418F98D3A0
:100EC000EF900CB9EF90CCB9EF908CB81305F4FF0C
:100ED000EF902CB5EF90CCB7EF900CAD37370040CA
:100EE000835707805286CE8593E717002310F7803B
:100EF0004D45EFB05CE14A85EF90ECAF370502005D
:0E0F00001305857523AE91B8EF90ADDE59B79D
:00000001FF
