:100000006F90006713000000130000001300000051
:100010001300000013000000130000001300000094
:100020001300000013000000130000001300000084
:08003000130000007300100032
:1000380000000000000000004A3600004E360000B4
:1000480000000000B695000000000000000000005D
:10005800B8950000BA9500000000000000000000FC
:1000680086DD000000000000000200000000000023
:10007800C0950000C2950000C495000068CD00003E
:10008800C8950000CA950000CC950000CE950000E8
:10009800D0950000D2950000D495000092C60000CB
:1000A80060C70000DA9500002EC80000FCC80000F8
:1000B800E0950000E29500007EC20000E695000091
:1000C800E8950000EA950000EC950000D4360000A1
:1000D800F0950000F2950000F4950000F6950000F8
:1000E80034380000FA9500000CD30000FE9500009B
:1000F8000096000002960000049600000696000094
:1001080026D100000A96000008DA00000E960000CA
:100118001096000012960000149600001696000033
:10012800DAD300001A9600001C9600001E96000004
:100138002096000022960000A8D400002696000011
:10014800D6DA00002A9600002C9600002E960000B1
:100158003096000032960000349600003696000073
:1001680038960000A83700003C9600003E96000034
:100178004096000042960000449600004696000013
:10018800489600004A9600004C9600004E960000E3
:1001980050960000529600005496000056960000B3
:1001A800589600005A9600005C9600005E96000083
:1001B8006096000062960000649600006696000053
:1001C800689600006A9600006C9600006E96000023
:1001D8000000000000000000000000000000000017
:1001E8000000000000000000000000000000000007
:0801F8000000000000000000FF
:10020000130181F806C216C41AC61EC822CA26CC1B
:100210002ACE2ED032D236D43AD63ED842DA46DC76
:100220004ADECEC0D2C2D6C4DAC6DEC8E2CAE6CC46
:10023000EACEEED0F2D2F6D4FAD6FED8F3220030CF
:1002400096DA83A201BC23A02200F32510342EC02D
:100250009305000273A0458003A18194EFF0401044
:1002600003A301BC03210300824273901234D652CF
:10027000739002309240A2423243C2435244E2445D
:10028000724582551256A2563257C2575258E258FA
:1002900072598649164AA64A364BC64B564CE64C0E
:1002A000764D865D165EA65E365FC65F13018107DA
:1002B0007300203013000000130000001300000042
:1002C00013000000130000001300000013000000E2
:1002D00013000000130000001300000013000000D2
:1002E00013000000130000001300000013000000C2
:1002F00013000000130000001300000013000000B2
:1003000083A28194938202E07390023403A101BC22
:10031000024182403243C2435244E2447245825514
:100320001256A2563257C2575258E258725986494D
:10033000164AA64A364BC64B564CE64C764D865D61
:10034000165EA65E365FC65FD652A102739002307B
:10035000A2421301810782801300000013000000F5
:100360001300000013000000130000001300000041
:100370001300000013000000130000001300000031
:100380001300000013000000130000001300000021
:100390001300000013000000130000001300000011
:1003A0001300000013000000130000001300000001
:1003B00013000000130000001300000013000000F1
:1003C00013000000130000001300000013000000E1
:1003D00013000000130000001300000013000000D1
:1003E00013000000130000001300000013000000C1
:1003F00013000000130000001300000013000000B1
:10040000F322003093F272FF130380781203B3E2F9
:100410006200711523205500130585FA10C12115BE
:10042000232005009302000063870200711523203A
:100430000500FD12D5BF71150CC1828000000000BF
:1004400000000000000000000000000000000000AC
:10045000000000000000000000000000000000009C
:10046000000000000000000000000000000000008C
:10047000000000000000000000000000000000007C
:10048000000000000000000000000000000000006C
:10049000000000000000000000000000000000005C
:1004A000000000000000000000000000000000004C
:1004B000000000000000000000000000000000003C
:1004C000000000000000000000000000000000002C
:1004D000000000000000000000000000000000001C
:1004E000000000000000397101436EC619A0397187
:1004F00041536AC866CA62CC5ECE19A039710153F5
:100500005AD056D252D44ED64AD826DA22DC06DE4B
:1005100033016140828241114AC026C222C406C60C
:100520008282B24D4101024D924C224CB24B4101AC
:10053000024B924A224AB249410102499244224462
:10054000B240410182803D432A876373C30293779F
:10055000F700BDEFADE5937606FF3D8ABA960CC372
:100560004CC30CC74CC74107E36BD7FE11E2828036
:10057000B306C3408A069702000096966780A600DD
:100580002307B700A306B7002306B700A305B700EB
:100590002305B700A304B7002304B700A303B700E3
:1005A0002303B700A302B7002302B700A301B700DB
:1005B0002301B700A300B7002300B700828093F5A2
:1005C000F50F93968500D58D93960501D58D61B76E
:1005D000939627009702000096968682E78086FA17
:1005E0009680C1171D8F3E96E374C3F8A5B7EFF24E
:1005F0001FF0AE96939906013A8B1307160093D914
:10060000090142074183CE86AA842E84B28A034A16
:100610002509EF00D00901C90549933B1A006395EC
:1006200089002389440901B783470B00B377F90098
:100630008DC723894409014785465686A2852685AC
:10064000EF0040750504060942041379F90F418053
:10065000E31709FC050B0549D9B783C71409FDF356
:1006600023897409C9BFEFF27FE932971319070193
:10067000B689AE9613590901C2064A87C1822A8BF0
:10068000AE8A32843E8AEF00900201C993847900D9
:10069000C204C1808D806313890059BD2286050480
:1006A0005287CE86D6855A8542049137269A418054
:1006B000DDB7EFF2BFE4329793140701B689AE9627
:1006C000C180C2062687C1822A8A2E893284EF0021
:1006D000007E01EDB1BD228605040147CE86CA85A4
:1006E00052854204EF00006B4180E39684FEDDB743
:1006F000EFF27FE21C418145902B834785034859E7
:100700003306F6020E0681350DBDA1471CA11385E7
:1007100081CB8280EFF23FE03687AE84B286B71598
:100720000000371600004111130686229385C52F5D
:100730002A84EF00D05C1305F100C13F9087B71603
:100740000000AA852687938686ED2285EF00101388
:100750004101E5B3AA959C218831A2073E95420547
:100760004181828001458280EFF2FFDA9C21AE84D4
:100770002A841CA19C311CB1BC213CA1BC313CB1E0
:10078000DC215CA1DC315CB1FC217CA1FC317CB1C1
:100790009C251CA59C351CB5BC253CA5BC353CB591
:1007A000DC255CA5DC355CB5FC257CA5FC357CB581
:1007B0009C29C5451CA92685713F2AA8CD452685BB
:1007C000513F4AA8D545268571376AA8BDB3104167
:1007D0000348C5001C223307B8001377F70FB3D6C0
:1007E00007419D4763ECE70093F7F60F58A57D5549
:1007F0003315B5001345F5FF7D8D828093071600F4
:100800001CC11C32214633060641B397C700D58F61
:10081000611793F7F70F1377F70FC9BFEFF2BFCF49
:100820002CD183458507930405062A8423060506F3
:100830002685713F834594072305A4062685413FFD
:1008400083472409A305A4062307F40693B71700DA
:10085000A307F406DDB1EFF21FCC2E848D3F7D148B
:100860008547B39787001D8D62056185F9B185477E
:10087000638CF60091C68947638AF6000D8D11A03E
:1008800032954205418182802E95E5BF118DD5BFFD
:100890008547638CF60091C68947638AF6003295D6
:1008A00011A02E95420541818280118DE5BF0D8DED
:1008B000D5BFEFF25FC38344850603499506411116
:1008C0002A84AE89328B834BA40693FAF90F338ABC
:1008D0009B40137AFA0F63743A01937AFA0F034735
:1008E0000407939C8401131C89010355440693DC7F
:1008F0008C41135C8C41BA866286E6853AC6493FD4
:100900003247835D64066286BA862A8DE6856E85E7
:10091000B93F2A86324763080B028347E40623095E
:10092000F408D686EA852285B521CE9493F4F40F97
:1009300063E14903B3847441050993F9F40F137912
:10094000F90F814449B78347D406E5F38347F4069A
:10095000F9B723049406A30484074101D9B6EFF242
:100960001FB92A84130A0506553D8345A4075285FD
:100970008309B406CD358345B4072A8C5285E13D01
:100980008345C4072A8B5285F9358304A406AA8AB5
:10099000635D90084E9B834B0407330B6041035506
:1009A0004406620B135B8B41DE865A86E285CD35A9
:1009B0002312A4062A89035564065A86DE86E28538
:1009C0007D352313A40685472A86638CFB06638046
:1009D0000B0689476387FB088D47638BFB0A2A87D1
:1009E000CA86CA852285E12129C1231404068345CC
:1009F00064075285E93B834574072A895285C13BC8
:100A0000AA840146CA8522856D35A68522850546BC
:100A10004D3585455285653B6DF583079406E3C8E2
:100A200037FD8347E4062309F4085685EDBCCA94D4
:100A300093960401B304350113970401C1824183E5
:100A40004DB7B3073941AA940509931609011397C5
:100A500004018507C18241831399070113590901D4
:100A600049B70547B3049740B307990033073741A7
:100A70009304190093960401B305E500930415004F
:100A80001397040113960501C18241834182E9B79E
:100A9000B304954013061500B306390185041317F6
:100AA0000601C20613960401C1824183418215BF2B
:100AB0003C4D1307F00FDD076368B702130700060C
:100AC000637DB70003578508BA97983335C39423DD
:100AD000E39CB6FE13852700828013070004E376AB
:100AE000B7FE03576508CDB7EFF2FFA20354A50880
:100AF000AE843E94228981454A85A9392A94894544
:100B00004A8589391109E36895FE1C301820A2072F
:100B1000D98F13978700A183D98FC207C18399CB3F
:100B20006395F4001305340009BC3C203E94F1BFEA
:100B3000014582800145CDBFEFF2FF9D2A848D3FA4
:100B40000DC5AA852285D9398345A40793040406D7
:100B5000268511338345B4072308A4082685E53983
:100B60008345C4072685C539C9BA0145F5BFEFF2EB
:100B70001F9823050506AA84AE8AF12BC1671309C5
:100B800000FC014A0144138BF7FF9389E7FF930BA5
:100B900000FC83C50A00DC4026858297AA85630392
:100BA0006503850AE30735FF26857937131A0501A2
:100BB000135A0A0163147901038904095294420407
:100BC0004180C1BF8387A40691CF03870409BA97E8
:100BD0003E943304444142044180635520014A94C9
:100BE0004204418022856FF01F94A306B5068280DF
:100BF000EFF2DF908347050705472A842E89B284E8
:100C0000B689638FE7029DC709476383E7040D47F1
:100C10006384E704CE8523122407231394062285D8
:100C2000413DAA85014589C52285153B4205418183
:100C30006FF01F907C4D8297AA94C204C180D9BFE7
:100C40007C4D82973309A940420913590901D9B74C
:100C50007C4D8297898CD5B77C4D82972A99EDB7C8
:100C6000EFF2FF884169AA8C2E84B284B689130AF8
:100C7000F9FFD521014C7919854A094B8D4B83A782
:100C80004C0083C5090066858297AA8663034505E3
:100C90008509E30625FF2686A2856685913F83C7E1
:100CA0000C076380570391CB6381670363817703EC
:100CB0002A9C420C135C0C01D9B72A94420441804F
:100CC000C5BFAA94C204C180E5B7098CC5BF898C91
:100CD000D5BF62856FF03F85EFF2FF83B717000045
:100CE0009387C70B5CC1AD3F6FF03F853C4DA9CBEF
:100CF00003061508830625088347D5082307C5087A
:100D0000A307D50895CF0547639FE70083073508FC
:100D10006354F6002307F5088307450863D2D7021A
:100D2000A307F50882808307E50703070508BA973C
:100D30006354F6002307F5086354D700A307E508BA
:100D40008280B7070000938747767CCD8280384D3C
:100D5000630DB700EFF22FFC2A842CCC1305450756
:100D60002134228561376FF04FFD8280EFF2AFFAB8
:100D7000B71700009387C70B5CC1D53B6FF0EFFB43
:100D8000EFF26FF97E3D1D8E5C55420641828297DF
:100D90006FF0AFFA8347C508C1CBD9C6854763F961
:100DA000D70089476317F7068505958DC205C18170
:100DB000058B25EF8357C5046368F6068357E50462
:100DC0006374F606AE96C206C18283578504035843
:100DD000A50463F9B60463F605059306F8FFC20699
:100DE000C18263F3D704BE8863F3B700AE889395DE
:100DF0000801C181C28763F30601B687B386B74095
:100E0000C206C182EFF22FF11C599C4782976FF006
:100E1000CFF28D47E31EF7F80506158E4206418294
:100E200041BFBE85E3EF05FB828083578504E3ED78
:100E3000F5FE8357A504E3F9F5FEB296C206C1821A
:100E40008357C5040358E50463F9C60263760603B5
:100E50009306F8FFC206C182E3F8D7FCBE8863F3AD
:100E6000C700B288139608014182C28763F3060166
:100E7000B687B386C74069B73E86E36F06FD6DB798
:100E8000894763E5B7002309B508828085472309B0
:100E9000F50882806379B60085476364D500B3B7EF
:100EA000C6003E858280E36CD5FE8147DDBFEFF250
:100EB0008FE62A84AE848355E5040355C50436893C
:100EC000BA86C93F01C98355A40403558404CA8660
:100ED0002686C9376FF06FE60343250993787600BD
:100EE0008547339817011378F80F014E63E56700C3
:100EF000428E6309F30403230500619A5C5903439E
:100F000003013306660242064182B295BE950DCFBB
:100F100005479C218508FD16B367FE00B347F8001E
:100F2000C2069CA193F87800C18263900804323D08
:100F300083472509B2956365F700054E638EE70286
:100F400005481DA8014845BFAE96C206C1829C2136
:100F50008505B367FE00B347F800A38FF5FE9397AE
:100F60000501C183E395D7FE828093171E00060812
:100F700013FEF70F1378F80FC9FE828083458503AF
:100F80001441834895031397050141839317370054
:100F90005EBD9C2A13980801135808018E073EBDB8
:100FA000931738007EBD903AC6956356B600330756
:100FB0000641420741830E072310F504BA97231117
:100FC000F504DE2A2312F504FE2A2313F504828099
:100FD000EFF26FD465376FF04FD6EFF2CFD34D33CA
:100FE0006FF0AFD5EFF22FD3035765058356250574
:100FF00003564505835505052A84553D09E5230615
:1010000004086FF08FD385472306F4080357840440
:10101000835704056374F7002314F40483572405ED
:101020000357A40463F4E7002315F404835744052D
:101030000357C4046374F7002316F404835764054C
:101040000357E404E3FFE7FA2317F4045DBFEFF26C
:101050008FCC03574504231405042315E5043841B8
:1010600078C549376FF06FCDEFF2EFCA1C59417761
:1010700038C9DC4378C982976FF02FCCEFF2AFC943
:1010800093071010230CC502A30C0502A306050646
:10109000A3060508A30805082319F5081C4354D521
:1010A0004CD918D9232C05042A84829722856D3FB8
:1010B00022854139230804066FF02FC8D1C9A947FA
:1010C0006388F508034765022DE79307B00F63FABD
:1010D000B70095472303F50285890EB1C165F9155F
:1010E000B9A09307700F63F7B70091472303F50288
:1010F0008D89E5B79307F00E63F7B7008D4723039B
:10110000F5029D89D9BF9307F00D63F7B7008947B2
:101110002303F502BD89D1B79307F00B63F7B7003E
:1011200085472303F502FD894DBFC205C1812E8588
:1011300082801E3193F5F5037D179A07DD8DC20578
:101140001377F70FC1812303E5020EB16DD379B791
:10115000C165FD15E9BF230305028280EFF2AFBB35
:101160001C492E8681469305000282976FF0EFBCE2
:10117000EFF26FBA1C49B2862E86DD4582976FF07A
:10118000CFBBEFF24FB94111CC871306F100854573
:10119000C53741016FF06FBAEFF2EFB75C452E86AD
:1011A0008146D54582976FF04FB9EFF2CFB65C45D7
:1011B000B2862E86DD4582976FF02FB8EFF20FB41E
:1011C0004111AA842E845D49E549130AE00FD54AEE
:1011D0000C20638C25036367B90063F0550341015C
:1011E0006FF00FB563FBB902E39B45FF1030930529
:1011F00090022685D087E92439A01030DC4481464E
:10120000D087268582970904E1B71C301306F100C8
:1012100085452685DC87513FFDB7DC448146014684
:101220002685050482976DB79387C5FE93F7F70F60
:1012300015476362F704EFF20FAE79678A07130769
:1012400047F9BA979C4341113289AE842A84828738
:1012500081452937CA8522852D37054541016FF023
:10126000CFAD854536C6DD3DB2461C484A86A685CB
:1012700022858297E5B701458280EFF22FA82E8460
:10128000CC212A89B2898E0593F5F50393E50504EF
:10129000213783C569004A8593E5850BF53D7C20A0
:1012A000A1CF542058309387860093F7870F958FEE
:1012B00093F7F70F9375F70F63F4E70093F5F70FC4
:1012C000AE960D8F10408E0593F4F50FA68554A0B1
:1012D00058B04A85D93D0C405C30AE9404C091EBC7
:1012E00083A709001CC083C749005CB07C20FD17A0
:1012F0007CA05C209D8BC5F76FF08FA3EFF2AFA1B0
:10130000A94741112A84638CF50863EAB700A54711
:101310006381F5088144268541016FF00FA2AD4736
:101320006381F50CBD47E397F5FE9C423689D432C4
:101330003EC483574900508713978700A183D98FF4
:101340007C869D4763E1D7025C4581460546E145C1
:1013500082974A862C0022850D375C4481460146DF
:10136000E545228582971886BD478544E3E5E7FA7F
:101370005C4481460946E145228582974A862C00D5
:101380002285E53D5C4481460146E54522858297FC
:1013900059B7F9659385C5FA65208544ADBF7520B9
:1013A0005C4481460546E145228582979385C18646
:1013B000228529355C4481460146E5452285829790
:1013C0005C44E14581460946228582979385C18622
:1013D0002285ED335C4481460146E54522858297AE
:1013E0006DBF5C4581461DE60546E14582979385C4
:1013F00001872285E1335C4481460146E54522852B
:1014000082975C44E145814609462285829793850F
:1014100001877DBF0546E1458297938541872285F7
:10142000713B5C4481460146E545228582975C44D8
:10143000E14581460946228582979385418749BFC8
:101440000CC1BC292301F5028280EFF2CF8C5C49EC
:1014500081460146930580022A8482975C44814636
:101460000146D14522858297228505469305B00421
:1014700081281C40228593059002D023912022854B
:1014800001469305B0042D281C4022859305900247
:10149000D0233D20228505469305B00415201C402D
:1014A000930590022285D03321286FF00F89EFF247
:1014B0008F861C4581460146A54582976FF0EF87D0
:1014C000EFF26F855C49814682976FF00F87014587
:1014D0008280B71700009387E74C1CC55CC51CC908
:1014E0005CC9FD5723200500A30105022303050263
:1014F000232C05002302F5022304F5028280EFF27B
:101500008F8141112A842EC632C436C23AC0D137E7
:10151000B2452246924602470CC450C414C858C86B
:101520002285713741016FF04F811385019B8280C5
:1015300005458280EFE23FFE854741112A8663F52B
:10154000A7008D4763E4A70283A5019B37E5000050
:1015500074001305851B02C6EFE0705F01C9B24736
:1015600091C7B7E700E0116723A0E72005454101D7
:101570006FE0BFFCEFE23FFA2A8403A5019B7D5791
:10158000814605468D45EFC070198547630FF5000C
:1015900011C98947630BF5008D476308F5000545C0
:1015A0006FE0BFF923200400DDBF08C0CDBFEFE22C
:1015B0009FF683A5019C411137E5000074000546A4
:1015C0001305851B02C6EFE0905801C9B24791C7C9
:1015D000B7E700E0116723A0E72041016FE0FFF5C6
:1015E000EFE27FF303C7D19B9385D19B238EE19AD2
:1015F00003A5419BEFC0C03483A781A082976FE011
:10160000DFF31385019C82801385819B8280EFE24A
:101610009FF085476380F60489476381F60401479C
:1016200081461384419B014608C0EFC04023084017
:1016300037160000B7150000014789461306E65A21
:101640009385055EEFC0202A0840EFC0402805457D
:101650006FE0BFEE056793060060E1B7056793068C
:101660000040C1B7EFE23FEB2E8483A7419B15C535
:101670009385D19B3E85EFC0A02C37150140930583
:101680000020130505C0EFB0C04703A5019C8545A8
:101690000DC0EFC0F0256FE05FEA3E85EFC0002C83
:1016A0003715014093050020130505C0EFB06044D5
:1016B000E9BFEFC0501CC5B7EFE2FFE52A8437153C
:1016C000014093050020130505C0EFB0804203A53B
:1016D000419B9375F40FEFC0002505456FE0FFE5D2
:1016E00083C7C19B1CA105458280EFE2DFE203A511
:1016F000019C7D57814605468545EFC030028547F0
:10170000E317F5FE83A7C1A08297D5B7EFE2BFE04C
:1017100008218545EF00E13C7D572386E1806FE09D
:10172000DFE1EFE25FDF41118545054502C202C4FA
:1017300023160100EF80701C83A7818237470F00BA
:1017400013070724B3D7E7024C00370500402315E1
:1017500001007C8489679387F7703EC2EF80F03A7E
:101760000546854537050040EF80906C8545370577
:101770000040EF80706A854537050040EF80F073C8
:10178000B7E700E0056723A2E71041016FE0FFDA49
:10179000EFE2FFD541111385819C371A0020EF90AD
:1017A000200D0144BD3F938C4180130C8AA1938B83
:1017B0008180114B93140401C180138534014205CB
:1017C0004181EF206054B3878C0088A31385740196
:1017D00042054181EF204053B3078C0088A3138555
:1017E000B40142054181EF202052B3878B0088A3CA
:1017F0000504E31164FD9386819C13868180930523
:101800008AA113854180EF9050579567938707E22F
:101810003EC29167938787A93EC44800A5473EC64C
:10182000EFF0007E1933184123ACE19C41016FE0D9
:101830009FCFEFE2BFCC0111C88793F745002E84FC
:10184000B9C39379F50F1307C0033387E902B717BC
:101850000120938747C6BA97D44798473697D44B09
:101860009C4F3386F6006374C700B307D740938458
:10187000419D8E203ECE13076010AE976371F70630
:101880001305F1006135937784009DCB9384C1806B
:1018900098209307F00F6315F70288878545EF00BE
:1018A000410988870566130686B6B305C502B717D2
:1018B00000209387072DBE95EFF0B0309C879CA049
:1018C0009377040181C77D572386E1801374040454
:1018D00001C47D572386E18005616FE07FC53739FC
:1018E00000201309099A7008CA954E85EFF09032CE
:1018F0009E2072473E97420741839AA09947E3F49E
:10190000E7F88356490093978600A182D58FC207D6
:10191000C18393865700E3D8E6F69907E312F7F6FA
:101920000545EFF03FC103A5819D7D5785460546DE
:101930008545EFC0A05EB73500201386419C938596
:1019400085AA4E85EFF050629384819D01C51305F1
:10195000F1006D3B88408945EFC080792DB7EFE2FB
:101960009FBBEFF09078937715002A8499C737E5ED
:101970000100130545FCEF8011399377240099C7C6
:1019800037E50100130585FDEF80F13793774400BB
:1019900099CBEFF07079118919C537E5010013056E
:1019A00005FFEF805136418819CC0145EFF03075C5
:1019B000AA8519C10145B53D0545EFF05074AA85CA
:1019C00019C10545BD356FE05FB7EFE2DFB439718E
:1019D0001304601F11C12A841306C0038145480007
:1019E000EFE07FB68D4722D64C001384D18013855B
:1019F000D1803ED0EFF0207B814719E90820EFF03D
:101A00009078854711C508208945EF00810D8147F1
:101A10003E8521616FE07FB2EFE2FFAF1385D18099
:101A2000EFF0DFCE6FE07FB1B73700209387079AE2
:101A30001CC19387419D9A230545239007009AA1D5
:101A40008280EFE25FADB73700202E862E84AA8514
:101A5000138587AA938487AAEF70913D23A2819C66
:101A60001384819D0840854523A8919CEFC0406860
:101A700008407D57854605468945EFC0204A054503
:101A80006FE0BFABEFE23FA983A701A182976FE0B0
:101A9000DFAAEFE25FA8B726000095652A86954782
:101AA0000547938646A8938505E20D45EFB0103AA9
:101AB00005456FE09FA8EFE21FA60D45EFB070014E
:101AC0006FE0BFA7EFE23FA50D45EFB0302D6FE00F
:101AD000DFA6EFE25FA4D53D01E50D456FE0FFA570
:101AE0000145EDBF8280EFE21FA33D376FE0FFA409
:101AF000EFE27FA201112A84AE8468089305A10158
:101B000032C61D3715C9724715453C333423A20729
:101B1000D58F93968700A183D58FC207C18391EBA0
:101B2000BC8532461D0798C0E5171EA2FD571CA0B4
:101B3000014505616FE07FA01545E5BFEFE2BF9D60
:101B40009307160013D787401D06238FF5FE2E85B9
:101B5000A38EE5FE93150601C1816515DD35954718
:101B600011C181473E856FE05F9DAA95C2057966E8
:101B700079681307F00F9306F00FC1811306460032
:101B80001308481093170501C1836396F500139558
:101B90008600598D828005058347F5FFB98F33078D
:101BA000F6001823C297358F9423E9BFEFE2BF9662
:101BB00032842E852146A285EFF07FA585476310EC
:101BC000F5029567938707B01305300263E4870039
:101BD000130580027D3D054781476303E5008D477E
:101BE0003E856FE09F95EFE21F938145054523AE4B
:101BF000019CEFF03FA7C1356FE03F94EFE2BF914A
:101C000081450145EFF01FA6753D6FE01F93EFE2A0
:101C1000FF8E1384819E1E201307F00F4111637104
:101C2000F702B7E60100796637E50100938646259D
:101C3000130646209305B0091305C527EF707116EA
:101C40001E200D476366F700154541016FE05F8E6A
:101C50002E890E20AA8937350020930405BB130571
:101C600005BB32C619376DF19C20324685042380AE
:101C7000F9001E20F5171EA223209900F9B7EFE204
:101C80009F8983A4C19D85476399F4061384A19E0F
:101C900006A0AA87A38FF5FE1E201385F5FF3E96AA
:101CA0004206418212A00E2023A2A19E7D3D1A2051
:101CB0009376F50F21814207418393071700C207EE
:101CC000C1831EA0B7370020938707BB3E9714A39C
:101CD0001A201375F50F85454207418393061700B7
:101CE000C206C18216A0BA9788A3014523A0919E7F
:101CF000EFF05F9701456FE05F841545EDBFEFE2C0
:101D00009F8183A7019E411185C3B7E601007966D3
:101D100037E5010093864629130646219305400EB8
:101D20001305C527EF70F1071305F100EFF05F9B76
:101D30009387C19D98438546630FD70019C789468D
:101D40006302D7048D476314F700EFF0DFD6014537
:101D500041016FE08FFE9386819E239006009A22B8
:101D600013160701418213071600420741839AA206
:101D7000948737370020130707BB329714A309470E
:101D800098C3E1B71387819E16231306F00F636390
:101D9000D6021E2393960701C18293871600C207BD
:101DA000C1831EA39887B7370020938707BBB697D8
:101DB00098A361BF0D47E9B7EFE2EFF583A7C19D97
:101DC00005476381E702B7E60100796637E5010060
:101DD0009386463113068622930500121305C52704
:101DE000EF70217C9384019E984019C7630BF70024
:101DF000014422856FE06FF481450545EFF09F8631
:101E0000C5BF1384A19E1E20C207C18395C39384BE
:101E1000419E9C40882362056185EFF0FF899C40CC
:101E200085079CC01E20FD17C207C1831EA0C9B72D
:101E30000D45EFF02FF02A848145054523A00400CD
:101E4000EFF05F827DB7EFE20FED1387C19D144382
:101E5000094641111384C19D638FC6028D47638873
:101E6000F604014595CA1443B9C214436381C604FC
:101E7000184301456304F702B7E60100796637E5C8
:101E800001009386062B1306C623930580151305C0
:101E9000C527EF7001710545EFF0CFE985472AC6E8
:101EA0001CC0EFF03FC2324541016FE00FE9014530
:101EB000F5B7962115476398E60858213031930607
:101EC000E07C2207518F131687002183598E42062A
:101ED00041821307F6FF42074183AA870D4563E657
:101EE000E606EFE24FE3B823943323900500220780
:101EF000558F854694A396219354360093F4F40F9E
:101F0000850696A19376760081C6850493F4F40F36
:101F100084B396212E8413852700850696A19315F8
:101F2000870021834D8F93051700C2058146C1812B
:101F3000EF30803601C5092B6FE02FE01E200145F0
:101F4000BE9406A0D5BF0D45828082809A21954718
:101F50006311F70658218D4731EF38311306D00F42
:101F60009306F7FF93F6F60F6376D604EFE2AFDA47
:101F70003C210C314111A207CD8F93958700A1839D
:101F8000CD8F93851700130717F0C205133717007D
:101F900085460546C1816800A30601005886EF30DA
:101FA000A02F814719C14D21AA873E8541016FE0CD
:101FB000CFD88D473E85828096211547637FD7060F
:101FC00058213031AA872207518F131687002183A9
:101FD000598E420641821357360093767600137766
:101FE000F70F81C605071377F70F9306F6FFC206B2
:101FF000C1821308F07A0D456363D804D43363902B
:10200000E604EFE24FD1B8232E848C3322071385E8
:1020100067004D8F931687002183558F0507931511
:1020200007018546C181EF30202701C531296FE0C6
:10203000CFD095471EA00145DDBF0D45828082802F
:10204000962115476397E608582130319306E07CC6
:102050002207518F131687002183598E4206418231
:102060001307F6FF42074183AA870D4563E5E6069D
:10207000EFE26FCAB8239433239005002207558FEF
:10208000894694A396219354360093F4F40F850661
:1020900096A19376760081C6850493F4F40F84B3F9
:1020A00096212E8413852700850696A19315870017
:1020B00021834D8F93051700C205C181EF30C026E3
:1020C00001C559266FE06FC71E200145BE9406A0CA
:1020D000D5BF0D45828082809A219547631CF70207
:1020E000EFE26FC33C210C318546A207CD8F93955B
:1020F0008700A183CD8F93851700C2050546C18156
:102100000D05EF30600A814719C13D2EAA873E8533
:102110006FE0AFC28D473E858280EFE2CFBF9A214C
:10212000954463F7E406582130319306700722077F
:10213000518F131687002183518F13160701418297
:102140001307F6FF42074183AA870D4563EDE602B8
:10215000D433131716001377F70F6396E602B823EC
:102160002E848C332207138567004D8F93168700CA
:102170002183558F0507931507018546C181EF30EF
:10218000A00201C5D1246FE04FBB06A00145E5BF09
:102190000D45D5BF96211547639AE606EFE2AFB726
:1021A00054211306C007AA8793940601C1801387A0
:1021B000F4FF420741830D456362E6042E84B82391
:1021C0008C332310040088A31220860622070506FC
:1021D00012A04D8F94B393158700162021834D8F45
:1021E000930517008506C20516A026868146C18183
:1021F00013852700EF20507B01C5B9246FE0EFB3B2
:102200001E2086040145BE9406A0CDBF0D458280E8
:102210009A21A54763F2E70EEFE24FAE5C21383119
:102220002A84A207D98F93998700A183B3E7F90085
:102230009399070193D909019387F9FFC207C183D5
:102240001307C0070D456367F70A1C247030130796
:102250008007A207D18F13968700A183D18F139691
:10226000070141829307F6FFC207C1836364F70841
:10227000183493171600639FE70624202E890C302C
:10228000A2047C20CD8C4C30A2078546CD8F93953F
:102290008700A183CD8F93851700C205C1811305E7
:1022A000A400EF20707039E923100900DD471CA05D
:1022B00083570900139A190093958400850723100A
:1022C000F900A300440183570900A180CD8C9385B8
:1022D00014008507C2052310F90081464E86C1818E
:1022E00013052400EF20506C11E9835709003E9A32
:1022F000231049016FE0CFA301458280B122DDBFE9
:10230000962115476390E608582130319306B007AF
:102310002207518F131687002183518F131607014F
:1023200041821307F6FF42074183AA870D4563EDFB
:10233000E604EFE24F9E2E843E858C331147BC238A
:102340002310040018A11A20A207931416000507F1
:102350001AA004B1CD8F939587001A20A183CD8F49
:10236000938517000507C2051AA0C1810905EF2052
:10237000B05001C5D1286FE04F9C1E200145BE948E
:1023800006A0D5BF0D4582808280EFE2CF9803D4AE
:10239000C19EAE84B73500202286938505CB050506
:1023A000EF700129050482A001456FE00F99A14754
:1023B00063F3C702EFE22F96B7E60100796637E5CF
:1023C0000100938606341306063393058003130534
:1023D0000535EF70011D13D735009307170033083B
:1023E000E5003E958547B397C700FD17C2070E0766
:1023F0003387E540C183B397E700182103460800FF
:1024000093C7F7FF2207518F9D89F98FB396B600C6
:10241000DD8EC206C1862300D800C206C182A18219
:1024200014A1828093D735003E951C3108219D89E7
:10243000A207C98F05453315C500B3D7B7407D1531
:102440007D8D1375F50F82809D4763E7A700938705
:102450008187AA978823828011458280EFE2AF8B23
:102460009388F5FF93F8F80F9307600F63F6170151
:10247000094422856FE06F8C238AB1802E886DF924
:10248000B687B7260000B285938666BE23A0D1A08A
:10249000B72600009386C6BF23A2D1A0B7260000AE
:1024A0009386E6C723ACD19EB72600009386E6C08C
:1024B00023AAD19E23AE019EB72600009386E6CFC5
:1024C00023A4D1A0B7260000938686DB23A6D1A043
:1024D000B7260000938666E423A8D1A04285BA8679
:1024E0003E86EFF0AFEC2A8449F5EFF06F8409C522
:1024F000054723A8E180B5BF0D44A5BFEFE2AF813A
:102500002A8437E5010013050537EF70D17F228556
:10251000EFF02FDC2A8419C937E50100130545388F
:10252000EF70717E054723A8E18019A8EFF04F8076
:1025300019E937E5010013054539EF70D17C0D44E9
:1025400022856FD09FFFB7270000938747AE23A057
:10255000F1A0B7270000938767AE23A2F1A0B727A9
:102560000000938707AF23AAF19EB7270000938747
:10257000C7B323ACF19E23AE019E7D57238AE18031
:1025800055B7EFD25FF9138401811840854719458B
:102590006318F70083A701A0829701452320040058
:1025A0006FD0BFF9EFD23FF783A7018141111944E2
:1025B0006395070C6800EFE0FFFB0547AA876304FB
:1025C000E50001445DA832476303A7088946E31A82
:1025D000D7FE03A581A10C213707002023A8F19E77
:1025E00013060700238AB1A08147138481A11389B0
:1025F00041A19384019F130707004148142291CA07
:102600006391D5088E07BA97DC439385E1A1829741
:1026100088C083C7C1A1D5D794409387E1A185C263
:1026200003470900104085458EA3136707F818A2D9
:1026300092231840930516008EA3329714A3922379
:1026400003A7819F0C4003C5418102979DBF83A7CB
:10265000419F9384C1A11386E1A1938581A1138534
:10266000C1A182972A8431FD9C2003C74181630365
:10267000F700A1FB0945EFE0FFEB228541016FD098
:10268000DFEB85072106E39B07F761B79307400659
:102690003345F502A9474205418163E8A706F9677A
:1026A0009387473A0A053E951C418287238005009F
:1026B000930760041CA2828089479CA19307800233
:1026C000D5BF91479CA1E547F5B795479CA1D14758
:1026D000D5B79D479CA1BD47F1BFA1479CA1A94784
:1026E000D1BFAD479CA1A147F1B7B1479CA19D4780
:1026F000D1B7B9479CA1994775BFBD479CA19547E4
:1027000055BFC1479CA1914775B7D147E5BFEFD2EF
:102710009FE07971BD47AA842E84368593056100B8
:10272000130671005C83DC83EFF05FF69C83034E3D
:1027300061009308C05D93960701C182B388F84099
:1027400013982700139716008608B30EC041139301
:102750002600814701458145054FD14F634A170146
:1027600005476369F70A81471EA045616FD0FFDC0A
:1027700093161700A6960396060063DBCE046359F2
:10278000C605B30607418606A6968396060063C56E
:10279000C604B306E8008606A69683960600634D37
:1027A000D60211C19DCD814593861700101886076A
:1027B000B297135617001A974207050593F6F60FBE
:1027C000239CC7FC41831375F50F63EDDF00B687CB
:1027D00009074207418359B719C16384E50185455B
:1027E000E1B795463000054781472E220A220507AA
:1027F0001377F70F898DAE97C207C1830906E36689
:10280000D7FEFD16B3C7D702C207C1838607C2072A
:10281000C18399BFBE86F9B7EFD2FFCFB386C50299
:10282000AA88014701450148634FD7002E8681469B
:10283000C285EF409121EF609115EFD0104AEF6013
:1028400051386FD09FCF93171700C6978397070013
:1028500032974207B387F702418313DEF741AA9705
:1028600033B3A70072983E851A987DBF856793871A
:102870000777AA971A2136211105158F231EE5FE29
:10288000E39AA7FE828005668147014781461306C9
:1028900086BB139817002A9803180800939807011D
:1028A00093D8080163D406014687C2868907E3925C
:1028B000C7FE05839AA136858280EFD2DFC5094520
:1028C000EFA0D04D0145EF90B04903A5C1A31384FB
:1028D00001A50147938701A585461146814523201F
:1028E0000400EFD000401C4091C7B7E700E011673B
:1028F00023A0E7206FD07FC4EFD2FFC10545EF9042
:10290000F0161384B1A3931505010420C185054574
:10291000EF907026B7470020860493870744A69758
:102920008AA31C209946850793F7F70F1CA01387ED
:10293000818163F4F6040C23373501408546054652
:102940001305058023000400EF60B06403A5C1A354
:10295000138441A50147938741A5854609468145D2
:1029600023200400EFD0E0371C4091C7B7E700E018
:10297000116723A0E7206FD05FBCBA978C23373450
:1029800001401305048085460546EF60906085454B
:1029900013050480EF60705EF9BF9D4763E8A702EE
:1029A000EFD27FB7AA852A847D45EF10A0133705A3
:1029B00000201305050806042A941A20B7470020B2
:1029C0009387474BDAA39AAB6FD03FB782801385CA
:1029D000C1A38280138501A48280EFD23FB21D7112
:1029E000EF90A025AD450D45EF900030AD45114568
:1029F000EF90802F23A201A4B707040013840700DF
:102A0000814493890700294A3E20139904011359F0
:102A10000901D3F717D01E204A863EFAD3F717D004
:102A20007E200C183EF8D3F717D05E200D453EFEF1
:102A3000D3F717D0850411043EFCEF90C03D4A86C1
:102A40000C181145EF90203DE39044FDEF900022DB
:102A5000A9450145EF90002E9389C9022946CE85EC
:102A60000145EF908041A9450545EF90A02C2946EE
:102A7000CE850545EF906040A9450945EF90802B34
:102A8000CE8529460945EF90403F93070010B706D1
:102A900008007010894501452316F102EF90D0100F
:102AA00093070002BEC8B72701409387C744BECA38
:102AB000B7370020938707CDBECC8547BEC6856754
:102AC000938787BB231EF1048C00856713060002E1
:102AD0000A85BEC482C082C2EF609135B73600005D
:102AE0009386A68B014685450A85EF9010290145FE
:102AF000EF909037373700001307878F81460546E0
:102B0000B7050E000545EF90701483C581813735F8
:102B100001409D46054613050580EF609047054539
:102B2000EF60B05237450020930945571306003235
:102B3000814513054557EFD01FA1374400201304EA
:102B4000444B130900193755002023203401231268
:102B5000240193094589232404001306003281458A
:102B600013054589EFD03F9E8D475EAC938781A2C8
:102B70001CCCB7470020938707455CD0B74700209F
:102B8000938747461CD8B7470020938787475CDC6C
:102B9000B74700209387C7483CC4B74700209387B6
:102BA000074A7CC8B7470020938787533CD0B74774
:102BB00000209387C7547CD4B747002093870756DB
:102BC0002318240123263401232A0400231004029D
:102BD00006B42316040246B8231C040223109404EE
:102BE000231204042316940423180404231C9404BD
:102BF000231E0404231294062314040623189406A7
:102C0000231A0406231E9406231004083CDC2561C5
:102C10006FD01F92EFD23F907D45EF10E00EB704CA
:102C2000002093840408060526951E2137440020C1
:102C30001304444B7D455EA0EF10000D0605AA94D9
:102C40009E20130520021EA8EF1080082AA4130559
:102C50004002EF10E0076AA86FD03F8E1A251C4192
:102C60000607BA978EA31E255A218507C207C1837E
:102C70001EA563E4E70023140500828052211A2573
:102C800081469305F6FFC205C1818147631CD600CA
:102C90000315A5003305C502898F33C5C702420558
:102CA0004185828011E32E877D17420703280500A6
:102CB0004183931817004698031808008506C2063A
:102CC000C297C182E1B7EFD27F8341112A8A1305EF
:102CD000800DEF1060033744002085472A891304D4
:102CE000444B6307FA0A89476307FA0C1305440249
:102CF000EFF0DFF8420513064006938541A44181B9
:102D0000EF80D0702A844145EF100000AA89228507
:102D1000EF608141B7E7010003A6074A83A6474A4F
:102D2000EF50A17093870188D297802385476382F3
:102D3000F90A89476383F90EB7E7010003A6874ABA
:102D400083A6C74A1344F4FF33742401EF50E16DA6
:102D5000EF6021672AC6EF60015CB7E7010003A6B8
:102D6000074B83A6474B1374F40FEF50A160B26773
:102D700063540500D30700F0A2851305800D3EE6DD
:102D8000EF009070B2674101538507E06FD04FFAB2
:102D90004545EF007077AA8913050403EFF01FEE95
:102DA000938541A413064006890542054181EF80C1
:102DB000F0652A84A9BF4945EF001075AA8913055B
:102DC000C403EFF0BFEB938541A4130640069105C1
:102DD000E9BFB7E7010003A6874A83A6C74AEF50B9
:102DE000C164EF60015E2AC6EF60E152B7E70100FF
:102DF00003A6074B83A6474BEF50C157634B05040F
:102E0000B7E7010007A78749B267D397E7A0A9C72B
:102E1000336489001374F40F85B7B7E7010003A684
:102E2000874B83A6C74BEF504160EF6081592AC69C
:102E3000EF60614EB7E7010003A6074C83A6474C3D
:102E4000EF50415363470500B7E7010007A7C749A3
:102E500065BFD30700F06DBF1344F4FF3374240142
:102E600055BFB94763E6A714EFD2EFEA7967931627
:102E700025001307073D36971C432A848287374570
:102E8000002013054551EFF07FDF42054181EF60DF
:102E9000A122B7E7010003A6074A83A6474AEF50DD
:102EA000C158EF600152D30705F029A0938701A311
:102EB000B6979C63538507E06FD02FE83745002015
:102EC0001305C54CEFF09FDBD37705D0538507E0A2
:102ED000EF606144B7E7010003A6074A83A6474AAB
:102EE000EF50A154B7E7010003A6074983A647495D
:102EF0007DB70145EFF03FDD7DB70545E5BF0945ED
:102F0000D5BF994719456303F4001D45B147330503
:102F1000F502B74700209387474B3E95EFF01FD649
:102F200013170501994741830D456303F4001145CB
:102F3000896593850571B305B7028567FD17998F7C
:102F4000D3F707D053F705D0D377F718D38507E029
:102F5000EF80F052B7E70100D30705F007A78748D5
:102F6000D397E7A0A1DBD307E720A9B73745002017
:102F700013050552EFF09FD0B7E70100D37705D0D6
:102F800007A7C748D3F7E71035B70395A1A4D377B0
:102F900005D00DB7374500201305C552E1BF039595
:102FA000C1A4F5B787A701A231B787A741A219B776
:102FB000D30700F0538507E0828052211A2581460D
:102FC0009305F6FFC205C1818147631CD600031536
:102FD000A5003305C502898F33C5C7024205418567
:102FE00082800328050093181700469803180800EC
:102FF000C29711E32E877D1785064207C2064183DB
:10300000C182E1B7EFD22FCE41119307B05D7C832F
:1030100023120100EFB03075B7E7010083AB07481A
:1030200003AC4748B74A0020938A4A4B2AC6154446
:10303000014B01498144B73900205E8DE28D938CAC
:10304000CA06094A85456800EFC0C01E630609002C
:10305000630F49010549FDB7373501408545130523
:103060000580EF6080710945EFA0A0261DAA0547E5
:103070003400194681450145EFC0F01DA247898BF8
:10308000A1C73749002013090944138A8A0183150F
:1030900009005285310AEFF07FBC0909E3994CFF22
:1030A000A947B3F7F402054B6312F4027D141374BD
:1030B000F40F11E02544373501408545130505809F
:1030C000EF60A06B014B19A0E31C0BFCA247918B96
:1030D0006382070C056A138909CD130A0A774A9A95
:1030E0008315090001450909EF90E028231FA9FE77
:1030F000E31849FF138509CDEFF04FF79305210041
:10310000138509CDEFF02FF8AA86930561000946D3
:10311000138509CDEFF0AFDF2C839307A05D63EF3C
:10312000B7040946138509CDEFF00FEFD30705F07B
:10313000539517C01319050113590901D37719D0F5
:10314000538507E0EF60211D5E86E286EF50E12D9A
:10315000EF60212723A2A1A24C004A85EF8010280E
:10316000D37715D0538507E0EF60E11A6A86EE86C3
:10317000EF50A12BEF60E12423A0A1A285659385E8
:1031800085BB0145EF90C04F0145EF90E04D0945EB
:10319000EFA02014850493F4F40FA54763F3970080
:1031A0008144094979BD9C4221476369F708EFD200
:1031B000EFB479678A071307C740BA979C43B68470
:1031C0003289AE892A848287EF90F027098919C154
:1031D00001459DA02285EF90702A85479CC0CDBFF8
:1031E000EF90902505896DD59305A00D2285EF9070
:1031F000102B8947E5B7EF903024098971D92285D2
:10320000EF907024CE852285EF9090288D47F9B7F6
:10321000EF9090221375050845DDCA852285EF9051
:103220003027A14765BFEF903021137545084DD178
:103230002285EF90702305456FD08FAF01458280C6
:103240009C4229476364F70CEFD24FAB79678A073A
:1032500013070743BA979C43B6843289AE892A8400
:103260008287EF90501E098919C1014571A82285F6
:10327000EF90D02085479CC0CDBFEF90F01B058913
:103280006DD59305A00D2285EF9070218947E5B794
:10329000EF90901A098971D92285EF90D01ACE85C6
:1032A0002285EF90F01E9147F9B7EF90F018137553
:1032B000450845DD2285EF90701CA9476DBFEF9052
:1032C000B01705895DD19305A00D2285EF90501EA2
:1032D000994755B7EF905016098941D92285EF904B
:1032E00090169D4749BFEF9030151375050435DDE5
:1032F0002285EF90501D2285EF90F0122300A90047
:103300002285EF90701605456FD08FA2014582800F
:103310009C411D476367F718EFD24F9E79678A0774
:103320001307C745BA979C432A84411113451500DA
:10333000368AB2842E898287B28693050003294695
:10334000EFF07FE68547631BF5042320A90023A047
:103350000400A9A0B286930500031306F100EFF064
:103360003FEE8547631CF5029C87A18BEDF38947EF
:103370002320F900E9BFB75700209387C7BD131674
:1033800034003E96A6869945EFF09FEB854763177C
:10339000F50023A004008D472320F90041016FD0E0
:1033A0002F99B2860E043756002005041306C6BDB9
:1033B00022969D45EFF0DFE88547E311F5FE23A057
:1033C00004009147D1BF37570020931A3400930966
:1033D000C7BD13862A00A6864E96A145EFF05FE68C
:1033E0008547E31DF5FA338759011C2314332C2339
:1033F000C207A206D58FCD8F3707800093D5B700BF
:103400006379F700B70500FFAE97AD839395070189
:10341000C18131453304A402374500202310BA008E
:103420001305454BC205C1852295EFF03F839547B3
:1034300081B7B2860E04375600200D041306C6BDB0
:103440002296A545EFF0DFDF8547E319F5F49947AC
:1034500005B7B7590020131A34009389C9BD130664
:103460004A00A6864E96A945EFF09FDD8547E317F3
:10347000F5F233348000314525043304A402D29997
:1034800083C5390083C7490037450020A205BE9592
:10349000C2051305454BC1852295EFF02FFC9D47D2
:1034A000C1BD82800547A38CE1A2238D01A2828049
:1034B00003C5A1A3828003C791A349CF138691A31B
:1034C000138581A31821938681A32548B75700202F
:1034D000938547BB6362E80283D6A1A493171700C4
:1034E000AE9796A39307A7008607BE9583D7C1A47E
:1034F000050718A19EA18280EFD2EF81938747BB79
:10350000138547010147814503D807008907C29504
:1035100003D827014297E319F5FEA947B3C5F50281
:10352000374400201304444B1305200223000600F7
:10353000238006003347F7022EA4C205C1817AA872
:10354000492B6E281305400269230547238DE1A20C
:103550006FC0BFFE8280EFC27FFA37140140411175
:10356000A16513050480EF90C0591305803EEFB0AC
:103570001059A16513050480EF90A057B7440020AF
:103580001305803E9384444BEFB070571D44EFC049
:10359000B36802C402C6EFF0EFE7938AC400EFB04D
:1035A000901C2A8B02C002C2130920038247638445
:1035B0008700639A270192476384870063952701F8
:1035C0000545EFB0D053EFB0101A33056541420501
:1035D0004181E54763F3A704824763868700054579
:1035E000EF90806802C49247638687000145EF90A0
:1035F000A06702C62685EFF05F9CD37705D01389BC
:1036000001A356852720F900EFF03F9BD37705D023
:103610002722F900EFF03FEA59B7954763F8A70072
:10362000824791E34AC0924791E34AC29386A1A49C
:1036300030008A850145EFF0BFCD9386C1A47000AC
:103640004C000545EFF0DFCC95B77300203037E52F
:10365000010019711305854C82FE86FC8AFA8EF8EA
:1036600092F696F49AF29EF0A2EEA6ECAAEAAEE8E2
:10367000B2E6B6E4BAE2BEE042FE46FC4AFA4EF8D2
:1036800052F656F45AF25EF062EE66EC6AEA6EE8C2
:1036900072E676E47AE27EE0EF60F166EFC0D06237
:1036A000AA8537E501001305C54DEF60D153EFC082
:1036B0001062AA8537E501001305C54EEF60B152CF
:1036C000EFC05061AA8537E501001305C54FEF60D3
:1036D000915101A0317106DF16DD1ADB1ED92AD700
:1036E0002ED532D336D13ACF3ECD42CB46C972C762
:1036F00076C57AC37EC182FE86FC8AFA8EF892F67F
:1037000096F49AF29EF0A2EEA6ECAAEAAEE8B2E631
:10371000B6E4BAE2BEE042FE46FC4AFA4EF852F681
:1037200056F45AF25EF062EE66EC6AEA6EE872E611
:1037300076E47AE27EE0EF70A07313050008EF6094
:103740004061FA50EA525A53CA533A55AA551A568A
:103750008A567A47EA475A48CA483A4EAA4E1A4FFA
:103760008A4F7670E6705671C6713672A6721673FD
:1037700086737664E6645665C6653666A666166721
:1037800086677278E2785279C279327AA27A127BAD
:10379000827B726CE26C526DC26D326EA26E126FE1
:1037A000826F296173002030197182FE86FC8AFACB
:1037B0008EF892F696F49AF29EF0A2EEA6ECAAEAA1
:1037C000AEE8B2E6B6E4BAE2BEE042FE46FC4AFA31
:1037D0004EF852F656F45AF25EF062EE66EC6AEA81
:1037E0006EE872E676E47AE27EE0EF70104876707A
:1037F000E6705671C6713672A67216738673766459
:10380000E6645665C6653666A6661667866772788C
:10381000E2785279C279327AA27A127B827B726C18
:10382000E26C526DC26D326EA26E126F826F0961D0
:10383000730020301971294582FE86FC8AFA8EF8C1
:1038400092F696F49AF29EF0A2EEA6ECAAEAAEE800
:10385000B2E6B6E4BAE2BEE042FE46FC4AFA4EF8F0
:1038600052F656F45AF25EF062EE66EC6AEA6EE8E0
:1038700072E676E47AE27EE0EF70800185453705F6
:103880000040EF6090637670E6705671C6713672D4
:10389000A672167386737664E6645665C6653666E8
:1038A000A666166786677278E2785279C279327AAC
:1038B000A27A127B827B726CE26C526DC26D326EA8
:1038C000A26E126F826F096173002030EFC2BFC415
:1038D00003A5C1A5411170008145EFC0A05EB247AC
:1038E00091C7B7E700E0116723A0E72041016FC04F
:1038F000DFC4EFC25FC203A581A54111238001A6E9
:1039000081467000938501A6EFA05058B24791C739
:10391000B7E700E0116723A0E72041016FC0FFC1B6
:10392000138581A582801385C1A58280AA870A217B
:103930001307500D6364A704EFC2FFBD9847054607
:10394000AC23B433630BC70019C70946630EC70025
:1039500001456FC09FBE0D2EE5BF854799E1B33786
:10396000D000BE85BD22EDB713978501C206558FE5
:103970004D8FCC23A205D98DE92ED9BF0545828074
:10398000EFC27FB99305500519E193054004054541
:10399000EF9070797D5685450145EFC080006FC07E
:1039A000DFB9EFC2BFB57971854513050004EF603B
:1039B0000071F16505678946014693850520054537
:1039C000EF90F06937460000B7450000014789468F
:1039D0001306C68C9385258F0545EF90D07005455D
:1039E0007969EF90D06E01441309C9503C0803A5D2
:1039F00081A5B38A87002946D685EFA0B05B938462
:103A0000018205E185479CC001441C183E94034790
:103A100084FE93075005631FF70089479CC0054447
:103A2000F1B79C401147FD17E362F7FC8A07CA977C
:103A30009C4382870545EFF0BFF4014445BF03C7AF
:103A40000A00894763F8E7000545EFF07FF38547F3
:103A50009CC0E5B78D479CC0094449BF0504137459
:103A6000F40F9147E3F487F89CC049B70504137439
:103A7000F40FA147E3FC87F69547FDB705041374DF
:103A8000F40FB147E3F487F6EF5030738945280807
:103A9000EF505073EF5010758347A101E316F5FA0C
:103AA00083479101220531463ED68347B1014C1030
:103AB0005D8DBC862312A1020A852313F102BC8707
:103AC0002314F102EF50D1360A85EFF03FE62DFDC9
:103AD000ADBFB75700209387C7BE3E950CA1A1810B
:103AE0000CB18280EFC23FA39307300641112A84B4
:103AF0006306F500930750066316F5002EC6EF40E7
:103B0000006CB2452285EFF0DFFCB75500209385AD
:103B1000C5BE0947A9460946A2952285EF80E00265
:103B200041016FC09FA1EFC21F9F81451305000D8A
:103B3000EFF05FFB6FC07FA0EFC2FF9D9307800691
:103B40002A8493F4F50F630EF50C63E3A706C947C7
:103B500063E1A704C1476370F512A1476306F5103E
:103B6000B5476303F50E9947631CF5028D47014580
:103B700063EDB70A63880510B75500209385C5BE6D
:103B800084A50947A9460546A1052145EF70F07BAC
:103B900001A8FD47630DF50893077006630DF50452
:103BA000B75700209387C7BE3E9404A00545B5A82B
:103BB0009307600B630BF50463E2A7029307A0066B
:103BC0006301F5066368F5069307B006E31AF5FC92
:103BD000E14763E7B70AE9F58544D9B79307900D44
:103BE000630BF50663EDA7009307A5F2C207C18337
:103BF0000547E367F7FA8547E3E0B7FE55B7930754
:103C0000B00DE31FF5F8914725A08D470D4563EEF4
:103C1000B700B757002003C557C5A685EF30B014CD
:103C200041B789470945E3FDB7F66FC01F91994732
:103C30000145D5BF894763F3B7008944B7570020D2
:103C400083C527CA2685D9BF93074006E3FAB7F490
:103C500093044006B1B791470145E3E8B7FCB75775
:103C60000020A38F97CA2DBFB757002083C727BF57
:103C700001459DD75DBF89470145E3F397F275B7CD
:103C8000E14439BF814429BFB75700209387C7BE9D
:103C90003E950CA18280EFC21F882A84EFF0DFE9F5
:103CA00001CDB75500209385C5BE0947A9460546F5
:103CB000A2952285EF7070696FC03F88B7570020CA
:103CC0009387C7BEAA97983388232207598D82808D
:103CD000B75700209387C7BE3E951C310821A20725
:103CE0005D8D420541858280B75700209387C7BE0E
:103CF000AA979833A82322074205498F8823498F22
:103D0000A8336205598D8280B75700209387C7BEBC
:103D10003E9508218280B75700209387C7BE3E9505
:103D200093D785000CA11CB193D70501E1813CA17B
:103D30002CB18280B75700209387C7BE3E9593D79A
:103D400085000CA11CB193D70501E1813CA12CB1E8
:103D50008280EFC24FFC2A84EFF0DFFDB7550020D0
:103D60009385C5BE0947A9461146A2952285EF70E5
:103D7000D05D6FC08FFC3E211A21C20733E5E700FA
:103D800082808AA14181AAA18280B75700209387AF
:103D9000C7BEAA979833A82322074205498F8823D4
:103DA000498FA8336205598D8280EFC2CFF6411149
:103DB0002AC41305B00599C11305F005EFF0FFFC07
:103DC000530700F0A267D30605F0530507E0D3A719
:103DD000E7A0B9EFD3A7E6A0A1EFD317F7A05387C9
:103DE000F72099E35397F720530507E03EE636E4C2
:103DF000EF506152A2662A84AE84538506E0EF50EC
:103E000081512A86AE862285A685EF3091702A865A
:103E1000AE86EF408161530700F0B2672E87D3076B
:103E2000F7A081E7370700802D8FBA85EF506159E1
:103E300041016FC08FF0011122CC4ACA06CE4EC894
:103E40002A892E841305000A99C11305400AEFF050
:103E5000DFF3D30700F0D30609F0530705F05385CD
:103E600007E0D3A7F6A09DEF4A853AE6EF50A14AB6
:103E700032672A89AE89530507E0EF50C1492A8687
:103E8000AE864A85CE85EF40415AB7E7010003A6CA
:103E9000075283A64752EF404159EF508152A28505
:103EA000EFF0BFF0F24062445249C249056182809E
:103EB000EFC26FE62A841305B00599C11305F0051A
:103EC000EFF0BFEC530700F0D30704F0AA84D3A7A8
:103ED000E7A0D307E720A9E32285EF50C143D3072A
:103EE00004F0530700F0D317F7A081E7B70700806D
:103EF000BD8DEFC0805EEF50C14C538704F0D307F7
:103F000005F0D30604F0D3F7E710530700F0D3977A
:103F1000E6A099C3D397F720538507E06FC0EFE180
:103F2000EFC26FDF4111AE84EFF09FF82A841305D2
:103F3000000A99C01305400AEFF03FE5D30705F0EA
:103F4000530700F02AC6D3A7E7A0530507E09DEB6F
:103F50002285EF50413CB2672A84AE84538507E046
:103F6000EF50613B2A86AE862285A685EF30715AD6
:103F7000B7E7010003A6075283A64752EF307159F5
:103F8000EF50214441016FC04FDBEFC2CFD8B7578C
:103F9000002083C747C591C705476387E7006FC007
:103FA000CFD9EFF09FE0E5BFEFF0FFE8CDBFEFC264
:103FB0008FD6B757002083C747C591C7054763878A
:103FC000E7006FC08FD7EFF0BFEEE5BFEFF05FF512
:103FD000CDBFEFC2AFD22A8439711305000D2E89EF
:103FE000B289B684EFF09FCD636085082A8A1305F5
:103FF000200DEFF0BFCCB307454163DA07006363E0
:1040000045077D14330444412A94420441801D45F0
:104010003305A4020947D1461D466C001305550D12
:1040200042054181EF7000761886814795461376E8
:10403000170019E68507C207C1830583E399D7FEF8
:104040002300F9009C86B8809CA41C87DCC09C8758
:104050009CB4834721012390E9002381F900216169
:104060006FC00FCD2A8465B723000900CDBFEFC212
:104070008FCA0111AA841305200DEFF03FC42A84D2
:1040800068004482EF80905D4808EF80B0601D4575
:104090003305A4028347C1013886A946DC82E24782
:1040A00078841D465C838347D1011305550D420575
:1040B000DC831C8709474C0041815C85EF70F02848
:1040C00013051400420541819307100363F3A70011
:1040D0000145375400209307C4BE2389A70C13055C
:1040E000000DA389070CEFF07FBD93071003930524
:1040F000C4BE63E7A70005052388A50CA388050CAB
:104100000947A94611469385050D1305000DEF706B
:10411000D02305616FC06FC2EFC2EFBF37540020DC
:104120001304C4BE9305C40C0947A94611461305E0
:10413000C00CEF709021930564020947A94605461B
:1041400013056002EF707020930524020947A94609
:10415000094613052002EF70501F930544020947DA
:10416000A946094613054002EF70301E0947A946CB
:1041700005469305340D1305300DEF70101D6FC00B
:10418000CFBB914763E0A704EFC2EFB8F96793870D
:1041900087530A053E951C41828785659385058076
:1041A0003725014013050580EF8010141375F50FB6
:1041B0006FC0AFB88565EDB78965DDB79165CDB7DF
:1041C000A165F9BF01458280954763E5A704EFC269
:1041D0008FB4F9679387C7540A053E951C418287BF
:1041E000930500043725014013050580EF80D00FAB
:1041F0006FC0AFB493050002F5B7C145E5B7A1455F
:10420000D5B79145C5B73715014093050010130583
:1042100005C0E9BF01458280EFC2EFAF8547630C5F
:10422000F50209C989476305F5048D476307F5045D
:104230006FC0AFB089E937150140C145130505408E
:10424000EF80300BF5B737150140C1451305054028
:10425000EF80300BF1BF99E5A145371501401305FB
:1042600005C0F9BFA14537150140130505C0CDB7FD
:1042700099E1C145DDB7C145FDB781E59305000270
:10428000E9BF93050002C5B7EFC2EFA8EFC0A314C2
:10429000EF703063EFB0A006EF705068EF70F04C35
:1042A000C5BFEFC24FA7B75700202386A7CC114543
:1042B000EF90200213064006FD550945EFB0606EF1
:1042C0006FC0AFA7138541A78280EFC2CFA4B757B5
:1042D000002083A507113755002013060040130561
:1042E000C5CDEF5081321375F50F6FC00FA5EFC22A
:1042F0000FA037140140130504409145EF80700072
:104300001305044093050008EF80A07F85653715ED
:104310000140EF80007F2945EFA0707E856537154D
:104320000140EF80007D2945EFA0707D130504401A
:1043300093050008EF80E07B856537150140EF802D
:10434000407C2945EFA0B07B856537150140EF80A3
:10435000407A2945EFA0B07A930500081305044080
:10436000EF80207A1305F003EFF0BFF30545EFA0CF
:1043700010799305000813050440EF80807713053A
:10438000F003EFF01FF20545B7590020B7540020A5
:10439000EFA0F076B75A00209389C90D13040440AA
:1043A0009384C4CCA14B7D5685450145EFB0605F39
:1043B00083A54903130600401385CACDEF5041275A
:1043C000138ACACD0149930500082285EF806073E6
:1043D00013050004EFF0FFEC136B890B5A85EFF027
:1043E0005FEC930500082285EF80A07013050004A0
:1043F000EFF03FEB5A85EFF0DFEA93070008114535
:1044000023A244019CC423800400239604000509D0
:10441000EF80306C13064006FD5509451379F90FFE
:10442000EFB02058130A0A08E31F79F9ADBFEFC2B5
:104430008F8EB71401402A8413850440EF80E06B0F
:10444000935524409317E4008D89DD8D9167F11712
:104450007D8DC98DC205C18113850440EF80A0699F
:10446000B724014013850480EF8020690E04137582
:10447000F58713740478498C93150401C181138561
:104480000480EF8040676FC04F8BEFC2CF8883C737
:1044900081A741113754002002C6938481A71304D9
:1044A000C4CCA5EB37190140930500021305094060
:1044B000EF8020651C2085651305094085C7EF80C6
:1044C00040640820EFF0BFF62314040037150140C4
:1044D000914513050540EF80C06185479CA04101CF
:1044E0006FC0AF85EF80E0605A249307F003930517
:1044F00000081305094063EBE700EF80805F3A2472
:104500005C40BA978823EFF09FF2C9B7EF80605FF5
:10451000FDB737150140914513050540EF80605EFA
:104520005E241307F0078507C207C1836361F704A0
:104530005EA43E241A248507C207C1833EA463E516
:10454000E7021145EF90800503A541A77C000147D4
:104550008D4605468945EFB0C078B24791C7B7E7A9
:1045600000E0116723A0E720238004008DBF2316FD
:104570000400C1B7EFB23FFA0945EF509017EF3092
:104580001005EFB0305FEFB0337071651305052093
:10459000EFB07067EFC00352EFB0532EEFC0037A55
:1045A000EFC0C376EFC02357EFD08F9E83A58182E3
:1045B00037E5010013054556EF50F162EFA0F0100A
:1045C00001A0EFB25FF51545EFF00FF411C10945F9
:1045D000A38CA1A66FB07FF603C591A78280EFB22E
:1045E000FFF101112A890545EFF00FF2B7540020C1
:1045F000930730062A8A9384841863ED271F37F7C0
:104600000100931719001307C7883E97A6978223C6
:104610009307B0038359070063E52703796793176E
:10462000290013078757BA979C43828719C8EF3030
:10463000303C8947631AF50085476317FA00EF405D
:10464000800205616FB0DFEEEF30903A11E563153F
:104650000A00EFE03FE5F5B7239E0402DDB78D4782
:10466000138991A763FA870683470900A1CB9D6749
:10467000138717406302E402938727406310F40412
:1046800085450545EFF02FE1B707EFBE37E700E0BE
:10469000938707083CC739A881450545EFF0AFDF90
:1046A000B707EFBE9387070837E700E03CC78347AB
:1046B000090089E7834709009EA061B79307500569
:1046C0006315F400EFF02FC6F5B79307A00AE313C4
:1046D000F4FEEF30005EF9BF23008900631FF40091
:1046E000EFF09FA313054006EFA07041B707EFBEA0
:1046F00037E700E0938707083CC78347090081EB51
:104700001545EFF06FE085478145630DF5000347E0
:1047100009008947E317F7F21545EFF0EFDEE312E2
:1047200005F285451545EFF00FD721BF03C791A7C7
:104730008947E318F7F01305F9FF06052695EFF012
:104740008FE3AA8513F5F90FEF401061DDBD2285D7
:10475000EFE0AFA4FDB5DE28E375F4EEA2854E854B
:10476000D9B7BE28E3FF87EC9E2CFDB7DE28E3FA1D
:1047700087ECFE28D5B79E2CE3F587ECC5B783C739
:1047800091A7E38007ECD9BFDD47E3EC87EAFE2081
:104790004808230AF1009E24A30AF100BE24230B3B
:1047A000F100EF80407971BD9307B003F9BF7D142C
:1047B00042044180F947E3E687E8DE244808230EF7
:1047C000F100FE243ECC9E28A30EF100EF80607B1A
:1047D0008DBD7D1442044180AD47F1BF9307200693
:1047E000D9BF83C791A7E38E07E4A2854E85EFF07A
:1047F0006FAF81BD1307C9F906079307B9F931E90E
:1048000093161900A6968E22B7F601009386C68DE0
:104810003697C2070223C1833147E364F7E2796721
:104820008A0713078766BA979C43828793F5F50F2B
:104830002285EFF06FB031B513F5F50FEF30101999
:1048400009B51305F9FF06052695EFF0CFD2AA8525
:1048500045A82697860783590700B7F60100130776
:1048600089F31316170093864680BE9493170701A9
:10487000B296C183130720048222E364F7DC7967D0
:104880008A071307C769BA979C438287EF40500B8A
:10489000E30905DAEF40700C06059387418AAA9771
:1048A000822326855DB7EF40B009E30C05D8EF40C1
:1048B000D00A06059387C189DDB72685EFF0AFCB17
:1048C000AA84EF405125B7F7010003A6879883A675
:1048D000C7982A89AE89EF30F12963450502B7F7F9
:1048E000010003A6079983A647994A85CE85EF3034
:1048F000911D6356A000B7F7010083A40797A68512
:1049000022856DA8B7F7010083A4C796CDBF268581
:10491000EFF06FC6D30705F0530700F02AC4D39712
:10492000E7A0D30700F095E3EF40F11EB7F70100D1
:1049300003A6079983A64799EF30F118A26763563B
:10494000A000B7F7010087A70797D38507E04DBF01
:1049500013058006EFF04FBB89476308F5022685F3
:10496000EFF06FC1B7F70100D30705F007A747972E
:10497000D317F7A081EBB7F7010007A78797D39765
:10498000E7A0E1D7D307E720C9B72685EFF0AFBE90
:10499000B7F70100D30705F007A7C797D317F7A00C
:1049A00081EBB7F7010007A70798D397E7A099C352
:1049B000D307E720D38507E01305C00BEFF06FB9ED
:1049C00049B19305F9F193B5150026852EC6EFF090
:1049D0008FBA2AC413058006EFF00FB3A267B24561
:1049E00019C985476300F502B7F7010007A7C79704
:1049F000D317F7A079B7538507E0EFF00FBBD307C4
:104A000005F0DDB7538507E0EFF0EFC2CDBF93F5BA
:104A1000F90F39BDCE852285EFF0EFA71305600BA6
:104A2000EFF08FAEAA8513B51900EF20503011B901
:104A30009967138797E86394E90085451DA09387DC
:104A4000A7E8E390F9C0894529A89967138787E902
:104A5000E385E9FE63693701938777E98145E3924E
:104A6000F9BE2285C9B1138797E9E38EE9FC9387E4
:104A7000A7E98D45E387F9FEE9B6CE85DDB7CE859A
:104A80002285B5B3EFB23FA941111305F100EF3014
:104A900020789C8791E30145375400201304842C2F
:104AA0002314A40CEF3020752315A40C1305600209
:104AB000EFF08FA5231FA40C1305000DEFF00FA03E
:104AC000B75700202317A40C03D5C72601ED2328D0
:104AD000040C232A040C232C040C231E040C410177
:104AE0006FB0BFA51375F50F7D15B75600204205B1
:104AF000138906179384C1A7938606171386C1A747
:104B00009305F1004181EFF0CFCC83478900231852
:104B1000F40C832749002319F40C83479900231AC6
:104B2000F40C9C20231BF40C9C30231CF40CBC20A4
:104B3000231DF40C9C87231EF40C55B7EFB21F9C69
:104B4000411101453EE6EFE0CFB1814537590020E4
:104B5000EFF0EFC51304892C9305840CEFF06FA2DE
:104B60000545EFE00FB08545EFF06FC49305C40C29
:104B7000EFF02FA1EF40E048B7F7010087A6C795F7
:104B8000D30705F09305040D53F7D710531507C04D
:104B900042054185537705D0D377D718538507E071
:104BA000EFF02F9EEF40A044D30705F0539517C0B8
:104BB000231AA40CEF404040231BA40CEF30105DDF
:104BC000231CA40CEF30905C9147AA84B26763EA7F
:104BD000A7047967931725001307877ABA979C4330
:104BE00082871305E00AEFF04F9A8145EFF02FBC62
:104BF000D30705F03DA01305A00AF5B71305600B18
:104C00003EE6EFF06F9085476301F50A9317850143
:104C1000E187D9C389476304F5088D476304F50824
:104C2000B267538507E09305A40DED98EFF06F95FB
:104C300013050000B9C8EF30A0558145EFF02FB73C
:104C4000AA8413058006EFF02F8C89476307F506C9
:104C50002685EF40416C2A891305800BAE89EFF061
:104C6000CF92EF40416BB7F7010003A6079683A6EA
:104C70004796EF30010A4A86CE86EF30017B4A869E
:104C8000CE86EF201116EF40C1739305E40DEFF0CF
:104C90004F8F41016FB0DF891305200BA9B7EF409B
:104CA000C07CA1B7EF30B040A1B71305C007EFF04B
:104CB000CF8D3DBFD30700F0ADB71305C00BEFF0AC
:104CC000CF8CD30705F0538704F0D3F7E700538563
:104CD00007E065BFEFB29F8237F90100375400202B
:104CE0008149938A41881309C98D13048418138A52
:104CF000C188214BB3873A0186239387C4F986077D
:104D0000CA978A238604A294EFE05FFBB3073A01B7
:104D10008AA0862389099387C4F98607CA978A23BC
:104D20008604A294EFE05FFE8AA0E39569FD938478
:104D30004189138A640083D9040089049387C9F9DF
:104D40008607CA978A23EFF04F8493951900A2959E
:104D5000EFF02F83E3119AFE8354440E1305000DE8
:104D6000EFE0DFF5637895001305000DEFE01FF528
:104D70002312A40E6FB0CFFBEFB24FF8B7F40100CF
:104D800093844494B7F90100375400204111138AE9
:104D9000C400938949801304841803D9040089044A
:104DA000930789F38607CE978A23EFE01FFE9305CA
:104DB000C9F98605A295EFE0DFFCE39044FF1305F7
:104DC000000AEFE09FFC9305C40FEFE09FFB130583
:104DD000400AEFE09FFB93058414EFE09FFAEF4059
:104DE000203663030510EF40403793141500938776
:104DF000418AA6978A23EFE05FF92AC61385C18905
:104E000026950A21EFE07FF8D30705F032675305B6
:104E100007E09305E40D3EE6EFE0BFF6B267B7F4B6
:104E200001009305240E538507E093848492138A2E
:104E3000A401EFE01FF5930A400E094B03D90400CB
:104E40006319590B13058006EFE01FEC6313650B24
:104E50001305C00BEFE07FF39305C9F98605A29512
:104E60008904EFE01FF2E39B44FDB7F40100938453
:104E70000495138AA40003D904008904930789F3D5
:104E80008607CE978A23EFE05FF09375B9FF93858D
:104E900005F293B51500EFF08F919305C9F98605DA
:104EA000A295EFE01FEEE3189AFC79691309097FD8
:104EB000130A4901835409000909938784F386077B
:104EC000CE978A239384C4F98604EFE0FFE3A2948B
:104ED0008AA0E3112AFF1305E006EFE03FDE23146A
:104EE000A41041016FB0CFE4D30700F05387F7203F
:104EF00039BF930789F38607CE978A23A1BFEFB204
:104F00008FE10545EFE05FE08547631BF500130582
:104F1000300DEFE07FDFAA851305900DEFE0DFD6BF
:104F20006FB0AFE1EFB28FDD9307300663E9A710F2
:104F300083C791A7375900201304891801451EA083
:104F4000EF4020669305E403EFE0BFE30545EF4043
:104F5000406593052404EFE0DFE20945EF4060641B
:104F600093056404EFE0FFE1938941A8138541A80C
:104F7000EF70D06E375500209304C5171305C51781
:104F8000EF7050710545EF60107D83C70900231154
:104F9000A40E130500027EA083C719001EA483C7B8
:104FA0002900930989183EA49C245EA4DC407EA4B9
:104FB0009C34930489187D491EA8EFE03FD00ABCB9
:104FC0004D4422850504EFE03FD442048AB041807D
:104FD0008904E31824FF37F401001304C49037F95F
:104FE0000100130AA4011309C988062009048604D4
:104FF000B30799008A23CE94EFE01FD18AA0E3166D
:105000008AFE0545EFE05FD011E9EFE06FCA7D153C
:105010003335A000B75700202392A71C0545EFE0C9
:10502000BFCE8547631BF500EF30801C6915133533
:105030001500B75700202392A71C6FB06FCF05450E
:10504000EFE09FCC01E5EFF0FFC865BF9387418299
:10505000982305C323800700EFF07FEA1305300D86
:10506000EFE09FCAAA8537F501001305C58FEF5001
:105070008137EFF07FD071B7EFB26FC7AA8A0545CD
:105080002E843289EFE05FC806059387418BAA978B
:10509000054503DA0700EFE03FC7330789009307B0
:1050A000000263DFE700931715001385C18A3E9560
:1050B0001E2105456368440BD297850763C4E70A40
:1050C0007D141317040141839307300663EEE7084C
:1050D000B7F7010087A78796796BB7540020538CE8
:1050E00007E08149130BCB7B9384842C930B400303
:1050F000B3073B018843EFD0DFD653070CF0D3074B
:1051000005F0B38534019109D3F7E710539507C033
:10511000D37705D0D3F7E718538507E0EFE07FC6D4
:10512000E39879FDEF20303ACAB8EF20F038EAB8BA
:10513000EF3060092396A40C1305800DEFE0DFBC6F
:105140008ABCEF3010059385A403EFE09FC31307DB
:10515000CAF94207B756002041839386862C631F05
:10516000090001456FB02FBC0545EFE0FFB901E52F
:10517000EFF05F91E9BFEFF07F9CD1BF81476343C0
:105180004401BA87B307F4408607B69792237D1986
:10519000890A2182238FCAFE9E2342090504A38F18
:1051A000FAFE1359090165BFEFB24FB541112A89C3
:1051B00005452E84B28436C6EFE01FB506059387F9
:1051C000418BAA97054583D90700EFE0FFB33387EA
:1051D00084009307A002B24663DFE700931715002F
:1051E0001385018B3E951E210545636F3407CE97CD
:1051F000850763CBE7067D14A9CA85476395F60644
:10520000138AC9F9420AB75A0020135A0A01938A2D
:105210008A18B1C8814763433401D2870347090024
:10522000B307F4408607D69722079AA30909834655
:10523000F9FF13150401FD14558F4181C2049AA38F
:105240000504EFF0CFB9C180E9B71315040141811E
:10525000EFF05FCD1387C9F94207B75600204183AD
:105260009386861889E4014541016FB06FAC814790
:1052700063433401BA87B307F4408607B697922395
:10528000FD1409092182230FC9FE9E23C2040504CF
:10529000A30FF9FEC180F9B7EFB24FA69384F5FFD3
:1052A000C204C1803387C400914763CDE7063289C9
:1052B0002E84AA899DC6854701456395F6043384EB
:1052C000C5004204418013891400420913590901A1
:1052D0006309890283C509002685CA84EF603043CB
:1052E000DDB7375A00204A9413058A184204EF604C
:1052F0007043418013891400420913590901631551
:10530000890001456FB0CFA2A685054613058A180E
:10531000EFD04F91AA86A68505464E85EFD02F89FE
:10532000CA84C9BF0545F9BFFD15C205C1813387D0
:10533000C500954763CAE706EFB26F9B375B002055
:105340002A84935A360093DB350013058B18B284F8
:1053500093F9750013891A00EF60304F228A130BFE
:105360008B18B38B8B4033057A014205418121466E
:10537000CE855A957D19050AEFD0CF8A4209A30F31
:10538000AAFE13590901E31009FEA1479D88B384C1
:105390009740331595001375F50F56943355954086
:1053A00008A001456FB02F9805458280EFB2AF96F7
:1053B00015648544130404B02145EFE0FF946313A2
:1053C00095021D45EFE05F94AA850547A2860D462C
:1053D0000145EFD0AF886DF1EFD0AF9A71FDEFD0FE
:1053E0006F9CEDBF0145EFD06F91F5B703C641A9A2
:1053F0003757002081461307473C894593F7F60F3E
:1054000063FDC70036888506B308D70083C8F8FF58
:10541000E396B8FE4297854614A39306F6FFB75568
:105420000020014793F6F60F9385453C85486313AA
:10543000E60082800DE181EFB6873388F5000343F3
:1054400008006311130389472300F8008280FD17C9
:1054500093F7F70FDDB7850793F7F70FE3EFC7FC77
:105460008147E1BF05071377F70FD1B70A05938787
:10547000C18BAA9788438280EFB2EF89B7070400F7
:1054800037550020938747711307A0039306000840
:10549000014681451305C50DEFB0EF9C6FB0EF8954
:1054A000EFB26F87EF609041184123A6E1AA6FB079
:1054B000CF8883A501AB5148814713064006338747
:1054C000070393F6F70F2E9718236306A7008507A7
:1054D000E397C7FE854636858280375700209307BD
:1054E000473C23A2070023A007002394070083C69C
:1054F00091AA5146B386C60283A701AB0146014576
:105500001307473C8945854805432948B697D44346
:10551000814703AE4600631ABE0005051375F50FFB
:1055200019EE3306F7000CA2054683CE0600850768
:1055300013FEF70F639A6E00238AC1A98280330E8F
:10554000F70023001E01D5B7C106E39407FD828052
:10555000EFA2DFFA83C791AA51477D153387E7028F
:1055600083A701AB1375F50F138991AABA97114759
:105570006360A70637F70100130787990A053A9574
:1055800018410287A22B1DC8937704F0C207216738
:10559000C183930607106387D70663EDF602996609
:1055A000938606306382D7086385E7049377F40F08
:1055B00091C73E85EFF0FFEF2300A9006FA05FF7D2
:1055C000822BD1B7C227C1B7E22775BFA22765BF1B
:1055D000822755BF930607306389D7021307074018
:1055E000E396E7FC938761AA982369D37D1798A374
:1055F00075BFEFF09FEE09472384E1AA0547238694
:10560000E1A86DB7238301AA55B7938461AA83C922
:1056100004001305000D8509EFE04FEAE3D8A9F86F
:105620009C2085079CA059B7B707EFBE37E700E07D
:10563000938707083CC79DBFEFA2FFEDEF20F03432
:105640000547938701AB630CE5003707002013077C
:10565000876998C30545EF1010706FA01FEE3707DC
:1056600000201307074E1305900698C3EFE0CFE91B
:105670002A841305600BEFE02FE9AA852285EF103D
:10568000906E0145C9BFAA8879162E85994563E5B4
:10569000C50EEFA25FE8B7F501000A069385C59A2B
:1056A0002E9610420286639C0800EFE0EFE542056B
:1056B0004181239CA1A8A38901A86FA01FE8EFE066
:1056C000EFDFC5BF83D581A96397080093F5F50F78
:1056D000EFE06FDCDDB7EFE0EFC0C5B7138731A9AE
:1056E0001C23850793F7F70F63E4F6001CA3F1B7BB
:1056F00023000700D9B7938731A9982319E394A30E
:105700006DBF7D1798A355BF83C631A9938881A922
:1057100013952600B7F601009386C6DFAA9683D5B7
:1057200008009442138681A9AE966365D700239042
:10573000D80061B763130800BA871EA2BDBF83C635
:1057400031A9938881A913952600B7F601009386A5
:10575000C6DFAA9683D508009442138681A93385B3
:10576000F5406366D500958D2390B800B9B76313F3
:1057700008003E871AA291B78280EFA23FD85387D4
:1057800007F08D474111D30607F0014963E7D700C1
:105790001388818B369803490800F915994763E20D
:1057A000B702B7F701009387879C8A05BE959C4195
:1057B00036848287EFE06FDD23AEA1A80504A389BC
:1057C00081A841016FA0DFD683A5C1A9EFE06FD802
:1057D000CDBF03C731A93696938731A90507137743
:1057E000F70F6349E60098A39823E31C87FC0504A0
:1057F00080A3C1BF23800700C5BF83C731A93696E8
:10580000138731A999C31386F7FF1376F60F630444
:10581000C40010A37DB77D1400A365B783C431A96C
:1058200063F59600FD1493F4F40F37F401001304AC
:10583000C4E093972400A2979389C1A99C6307A70A
:105840000900D377F700D387D7A095C7530507E0A2
:10585000CA948A04EF30312CA2942AC488402EC600
:10586000EF30712B2246B246EF10B157EF30713551
:1058700023A0A900B9B727A0D900A1B783C431A933
:1058800063F59600FD1493F4F40F37F4010013044C
:10589000C4E0939724009389C1A9A29787A6090021
:1058A0009C63D3F7F6085307F7A005C7538506E0B6
:1058B000CA948A04EF303126A2942A8A8840AE8A9C
:1058C000EF3071252A86AE865285D685EF3061018C
:1058D00071BF27A0E900F5B5F915994763E6B71E32
:1058E000EFA2DFC1B7F701009387479E8A05BE95F7
:1058F0009C41AA8482870144138901AA9149338576
:10590000840042054181EFE02FC0B307890088A3DE
:105910000504E31634FFA38901A86FA07FC10144E9
:10592000138901AA9149B3078900338584008C2328
:10593000420541810504EFE00FB6E31634FFF1BFE5
:1059400003C731A9B946938731A905071377F70F24
:1059500063EFE60098A398238D461376B70F63058F
:10596000D600AD46E31BD7FA050798A37DB7238081
:105970000700D5B783C731A9138731A991CF938683
:10598000F7FF93F6F60F93F5B60F0D466388C50043
:105990002D466385C600B6871CA341B7F917EDBF36
:1059A00083C731A937F601000947938501AA130679
:1059B000C6DF636FF7008A07B297B8319C43BA9786
:1059C0001307F00F6364F700BCB181BFFD57EDBF53
:1059D00019476361F702F11793962700B296B82131
:1059E0009C42BA971307F00F6364F700BCA135B768
:1059F000FD57EDBF29476362F702E1178A07B297A7
:105A000098319C43BA971307F00F6364F7009CB179
:105A100029B77D57A380E1AA09B7138747FF8D47B0
:105A20003367F70294210A0732971C431307F00FDC
:105A3000B6976364F7009CA1CDB57D572380E1AA9A
:105A4000E9BD83C731A937F601000947938501AA4B
:105A50001306C6DF636EF7008A07B297B8319C431E
:105A60006365F7001D8FB8B14DBDA381050075B505
:105A700019476360F702F11793962700B296B82191
:105A80009C426365F7001D8FB8A141BD23810500CD
:105A900069B52947636CF700E1178A07B297983117
:105AA0009C43E368F7F61D8F98B185BD138747FFC8
:105AB0008D473367F70294210A0732971C43E3EEC0
:105AC000F6F69D8E94A191BD8280EFA2DFA42E8474
:105AD0001DE1138581ABEF706038938781ABB823EC
:105AE00094339023B7F501009385C54B2285EF4091
:105AF00051226FA09FA47D159D47E3ECA7FEB7F749
:105B00000100938707A00A053E951C418287A3895F
:105B100001A8C5B7138581ABEF70E041D9BF03C7BA
:105B200031A99D46938731A905071377F70F63EDD8
:105B3000E60098A3982389466305D7009546E31AA3
:105B4000D7FA050798A375B723800700E5B783C781
:105B500031A9138731A981CFFD1793F7F70F894634
:105B60006389D70095466386D7001CA359B79D4724
:105B7000EDBFFD17DDBF83C731A937F6010005472B
:105B8000938681AB1306C6DF636DF7008A07B29771
:105B9000B8229C43BA971307B0036366F706BCA20A
:105BA00089BF1147636EF700F5178A07B2979832DD
:105BB0009C43BA971307B0036367F7069CB215BFFF
:105BC0001387A7FF89473367F7028C220A073297AA
:105BD0001C435D47AE976364F7009CA219BF98A26F
:105BE00009BF83C731A937F601000547938681AB0A
:105BF0001306C6DF636EF7008A07B297B8229C438C
:105C00006365F7001D8FB8A2EDB523810600D5B5F9
:105C10001147636FF700F5178A07B29798329C43D4
:105C20006365F7001D8F98B2E9B5A3800600D1B572
:105C30001387A7FF89473367F7028C220A07329739
:105C40001C4363E5F5009D8D8CA265B5238006009D
:105C50004DB5EFA2BF8A2A840545AE84EFE0CF8A16
:105C6000AA89EF10900E930720072A8963E587041D
:105C7000130424F9420441809147054663EB8700F1
:105C8000B7F70100938707A20A043E941C4082875D
:105C90000946B7F50100CA86938585462685EF40FB
:105CA00051076FA0FF881546EDB71946DDB71D46B1
:105CB000CDB72A86F9BF13059006EFE0EF8493076E
:105CC000E00763E2870C1304D4F842044180A9473B
:105CD00063EA8700B7F70100938747A30A043E945D
:105CE0001C4082871D46E38609FA11465DB71546BA
:105CF000E38109FA0D4671BF89471D46E31BF5F89C
:105D0000214641BF89472146E315F5F8254651B79D
:105D100089472546E31FF5F62946A5BF8947294649
:105D2000E319F5F62D46B5B789472D46E303F5F699
:105D3000EF30004129051376F50FA1BF89473146A1
:105D4000E309F5F4F5B789473546E304F5F4EF3098
:105D5000203F2D05CDB789473946E30CF5F2EF30EA
:105D6000203E3105C9BF89473D46E304F5F2EF30D7
:105D7000203D3505C9B789474146E30CF5F0EF30C2
:105D8000203C39054DBF23800400930700086305BC
:105D9000F40293071008630DF4029307F007E3126F
:105DA000F4F08947E31FF5EEB7F501009385054749
:105DB0002685EF40617AF5B51305600BEFD0DFF46F
:105DC0008D47E310F5EEB7F501009385C548CDB7D3
:105DD0001305600BEFD05FF38947E314F5ECB7F5DB
:105DE00001009385454AE9B7EFA24FF19307B0054B
:105DF0004111AA89AE84328463F7A7381305600B7A
:105E00003A8AEFD07FF02A89EF205038938749FAF9
:105E1000C207C18341476367F70837F701008A0764
:105E2000130707A6BA979C438287EF300033930786
:105E3000C00506056395F9021387418E2A970A2348
:105E4000854763F3870237F7010003278725930708
:105E500000008D460D46A285EFF03F92A1A09387EA
:105E6000C18DAA978A23E9BF19ECEFD01FF2EF305A
:105E7000814AAE86B7F501002A8693854526268598
:105E8000EF40216905A003A5C1A9D5B7EF201013E4
:105E9000B7F701000A05938707C6AA978C432685A2
:105EA000EF40816B41016FA0AFE8EF30002BB7F7F7
:105EB00001000A05938747DACDB7EF30602805C1A6
:105EC000EF30A02909ED1945EFC0BFF9EF30A1442B
:105ED000AE86B7F501002A869385C5264DB7938512
:105EE000C18C75BF8547E31CF9FE1D45F1BF8D4789
:105EF000E317F9FEEF30E010EF30E141AE86B7F581
:105F000001002A86938545279DBF8D47E319F9FC3B
:105F1000EF30E00DD30705F0B7F5010093850528B4
:105F2000539607C02685EF40C15EADBF8D47E3188D
:105F3000F9FAEF306008B7F501002A869385C52885
:105F4000D5B7238004000544E30189FA8D47E31B9C
:105F5000F9F4EF30802059DDE30C85FAD9BF2380B6
:105F600004001379D90F8547E31EF9F2B7F5010054
:105F7000938545292DB79147E3E6A7F2B7F70100CE
:105F8000938747AA0A053E951C4182871305E00ABC
:105F9000EFD0BFDF8145EFE08F8123AAA1AA2AC6F7
:105FA00013058006EFD05FD6B267B7F701000A0588
:105FB000938707CCAA979843538507E03AC0EF3000
:105FC000813502472A86AE8615AA1305A00AC9B7ED
:105FD0001305600BEFD05FD38547630DF50493176E
:105FE0008501E187B1C389476303F5048D47E31B4E
:105FF000F5EAEF20D00B2A84EF302016B7F7010026
:106000000A05938787D9AA97984322853AC0EF302B
:1060100081300247AE86B7F501002A869385452C6C
:106020002685EF40014FBDBD1305200B95B7EF301E
:10603000C0438DB71305C007EFD03FD56DBF130523
:106040008006EFD07FCC89476307F500B7F50100E4
:106050009385C545A9B5B7F501009385054581B57B
:1060600091476317F500B7F501009385052A05BD33
:1060700011E5B7F501009385C52A15B5EF2040114C
:106080008145EFD0DFF223AAA1AA13058006EFD045
:10609000BFC78947138441AB6307F5060840EF305B
:1060A00081272A891305800BAE89EFD01FCEEF30F0
:1060B0008126B7F7010003A6079683A64796EF103F
:1060C00051454A86CE86EF2041364A86CE86EF106D
:1060D0004151EF30012F08C00840EF30C1232AC0E2
:1060E000130580062EC2EFD03FC2B7F701000A05A4
:1060F000938707CCAA97984302469246B7F50100CA
:106100009385852B31BF1305C00BEFD01FC81C60D2
:10611000530705F0D3F7E7001CE07DBF0145EFC052
:106120005FD48DBD0545EFC0DFD38545ADB515C046
:106130008D47E319F4D6EF20A00B89476312F504CD
:10614000EFE08FC915EDEF20005285472300FA00DC
:1061500091BBEF20E0099947631FF50083C7C1A8F1
:1061600091C7B7F501009385052D15BBB7F5010063
:106170009385852F2DB3B7F501009385053105B3C0
:10618000EF20E04ED9B79307F5FC37F701001396DF
:1061900017001307C7CC3297C20703590700C18302
:1061A0001307A002E360F7D037F701008A0713074F
:1061B00087ABBA979C438287854763ED8700631757
:1061C000041A4A85EFD05FB42A86B705020093858A
:1061D000856289BB05488547614785462286CA8511
:1061E0000145B1AA23800600854763F5870005486D
:1061F0008147CDA2631DF40003C581A99317250033
:1062000037F50100130545C53E950C4149B94A854E
:10621000EFD09FAFE5B723800600854763F4870280
:106220009947631CF40013059006EFD0FFAD83D5AA
:1062300081A9EF104033EFF04FAA054881470D4781
:10624000814669BF19E84A85EFD01FAC9317250036
:1062500037F50100130505CB45BF03D581A9FDB76F
:10626000238006001305600BEFD01FAA8D47631330
:10627000F504854763F287029947E31AF4F683D45D
:1062800081A91305600BEFD03FA893B41400AA8531
:106290002685EF10C029A1BF19E84A85EFD0DFA6F7
:1062A0009317250037F50100130505D7B1BF03D5B6
:1062B00081A9FDB723800400F5B6854763F4870004
:1062C0000548B5BF11E84A85EFD01FA42A86B7F567
:1062D000010093858533B9B103D681A9CDBF93075A
:1062E00080056310F5021305700B36C0EFD0DFA1F7
:1062F0007D15931715001385418D3E9503590500B3
:106300008246238006008547E3E387EE19E84A8545
:10631000EFD09F9F9317250037F50100130505DB8C
:10632000E5B503D581A9FDB7854763FD8700014821
:1063300081471307703E89462286CA850545EFF0DE
:106340008FB48DB6631804124A85EFD03F972A8622
:10635000B7F5010093850533F1B68547E3F187E68C
:10636000014881471307300689468DBD03D681A9B0
:10637000A9BD23800600854763F68700054881474D
:1063800005477DBD19E84A85EFD01F989317250072
:1063900037F50100130585C485BD03D581A9FDB777
:1063A00023800600854763F9870299476312F40248
:1063B000938481A98A2013351500EF10E0588620B8
:1063C0001305600BEFD05F94AA852685EF10A01906
:1063D000054885470947ADB519E84A85EFD0DF92F2
:1063E0009317250037F50100130545C731BD03D5C7
:1063F00081A9FDB7EF20D05419ED1305B00DEFD0F2
:10640000BF9011C94A85EFD03F90B7F701000A0548
:10641000938707CC59B4EF20B052B7F701000A05B3
:10642000938787D99DBC23800600854763F9870041
:1064300013059006EFD05F8DE30605A64DBB19E866
:106440004A85EFD07F8C9317250037F5010013059F
:1064500005CC5DBB03D581A9FDB7854763F78700F0
:10646000014881471307A00FE1BB09E44A85EFD03B
:10647000BF89F1BD03D681A9E1BD13058006EFD028
:10648000BF8889476300F502854763F0871EB7F729
:10649000010037F7010083A78797032747978546B1
:1064A0000D460DAA854763F08702B7F7010037F75D
:1064B000010083A707980327C79785461146A28541
:1064C0001305C00B51BA11EC1305C00BEFD0FF8BB5
:1064D000EF207164AE86B7F501002A869385C53436
:1064E00079BA03A5C1A9EDB79305B5FC854993B564
:1064F00015006303340D51CC8D476304F4029947B2
:10650000938441AB630CF404B7F7010003A5C7976C
:10651000EFD0FFA988C0930700002A87854611465F
:1065200055A84A852EC0EFD05F868245EFD03FA8A0
:10653000B7F7010087A7C795530705F0A947094793
:10654000D377F710539507C03345F502D37705D0BD
:1065500027AEF1A8A389E1A86FF0DF9487A7C1A9AE
:10656000130580062EC09CE0EFD00FFA824509C9C2
:10657000630D35018C404A85EFD0AFFD6FF09F92DF
:106580008840EFD09F8288C0F5B78840EFD0BF8A9F
:10659000DDBF4A852EC0EFD04FFF8245EFD03FA12F
:1065A00023AAA1AAEF203157AE86B7F501002A86AB
:1065B000938545356FF0BF8C03A5C1A9E5B7854725
:1065C00063FE870037F701000327072693070000C3
:1065D00091460546A2854A856FF01F8811EC4A85D1
:1065E000EFD0AFFAEF203153AE86B7F501002A861F
:1065F0009385C5356FF0BF8803A5C1A9E5B7854769
:1066000063FA870037F70100930700000327C725C7
:10661000894631B711EC4A85EFD02FF7EF20B14F03
:10662000AE86B7F501002A869385C5336FF03F85A6
:1066300003A5C1A9E5B7854763F98702B7F701004C
:1066400037F7010083A7C7960327079785461546A6
:1066500051B7854763FB8700B7F7010083A7C7964B
:1066600037F70100032707971DBD11EC4A85EFD0CE
:10667000CFF1EF20514AAE86B7F501002A86938507
:1066800045346FF0CFFF03A5C1A9E5B7854763F592
:10669000870093070000E9B711EC4A85EFD0EFEED1
:1066A000EF207147AE86B7F501002A8693854536FF
:1066B0006FF0EFFC03A5C1A9E5B7EF92DFE5930703
:1066C00030020111AA842E8463F6A7201305000D61
:1066D0009384C4FD3A8932C6A30F0100C204EFD0EF
:1066E000EFDDC180B147AA8663E79704B7F70100E1
:1066F000938747B68A04BE949C403246828715C26F
:106700008D47631AF60281451305200DEFD08FBD2A
:1067100081451305000DEFD0EFBC85472300F9003C
:1067200019A883C7C1A899CBB7F501009385C536D1
:106730002285EF30716205616F903FE0B70502007E
:106740009385456CF5B7EF10D0292A86B7F501007F
:10675000938545392285EF30D15BF1BF1305F101F7
:10676000EF10102B8347F10189C7131605014186ED
:10677000F1BFB7F501009385453A5DBF4DDD9387C5
:1067800081ABB82394339023B7F501009385C54BB3
:106790002285EF30115845B759DDB7570020938750
:1067A000873BB7F501009837D44390279385453B45
:1067B000C5B751D183C741AA13972700B7F7010086
:1067C0009387C7C9BA978C43A5B735D583C741AA64
:1067D00005476380E70485C309476383E7020D47E4
:1067E000E39BE7F42D45EFD02FD2B7F501002A86C1
:1067F0009385853E85B7B7F501009385453C0DBF70
:106800002545EFD06FD0B7F501002A869385453D29
:1068100091B7B7F501009385C53F19BF11E5B7F5ED
:1068200001009385454229B7938461AA9020B7F56A
:1068300001009385C54205062285EF30914D8820E1
:10684000B75600209386863B138681AB938541AA79
:10685000EFD02FF8CDB52A86B70502009385856263
:10686000D5BD1D45EFC0EFDFD30705F0B7F501003B
:1068700093858543539617C01376F60FE1BD130534
:10688000700DEFD06FC80A059387418CAA9725BF7A
:10689000EF10101689476310F5020545EFC06FDC55
:1068A000D30705F0B7F5010093850544539617C04B
:1068B0004206418245B5B7F501009385C5448DBDBB
:1068C00013056002EFD04FC4B7F501002A86938507
:1068D000854549B5930715FE37F7010093961700D4
:1068E000130747D23697C20703590700C1831147E0
:1068F000E363F7E437F701008A07130787B9BA970C
:106900009C438287854763FCC70001488147130782
:10691000703E8946CA850545EFE0FFD629BD11EADC
:106920004A85EFD0AFB92A86B7F5010093850533C4
:1069300015B503D681A9CDBF854763F8C702B7F760
:1069400001009305E5FD03A5C797B335B00032C636
:10695000EFD00FD6D30705F001488147539717C0F2
:106960008D4632464207418375B711EA4A85EFD01A
:10697000EFB42A86B7F5010093850546E1BB03D63F
:1069800081A9CDBF854763F9C700014813073006C9
:106990008946CA85014549B711E64A85EFD0CFB689
:1069A0002A865DBD03D681A945BDEF92DFB60111F0
:1069B000B687A30B0100238005002E893284BA8696
:1069C00081C703C731A998A399C285479CA29307A1
:1069D00035F9C207C1835147636AF700CA85EFF0F2
:1069E0004FA70345710105616F903FB59307F5FC13
:1069F000C207C1831307B0036369F700130771016E
:106A00002286CA85EFF04FBEE9BF930715FEC20785
:106A1000C18345476369F700130771012286CA8560
:106A2000EFF0BFC97DBF37F70100931715001307BB
:106A300007D3BA978623F947E3E5A7FA37F70100AA
:106A4000931725001307C7BABA979C438287238000
:106A50000600854763F7870005488147054781465B
:106A600079A019E82685EFD02FAA93172500138562
:106A7000C18E3E950C4135A203D581A9FDB7238077
:106A800006008547E3EA87FC09E82685EFD0CFA713
:106A9000931725001385C18BE9BF03D581A9CDBF0D
:106AA00023800600854763FD870005488147094725
:106AB0007DB723800600854763F487000548C5BF7E
:106AC00019E82685EFD04FA49317250037F501006C
:106AD000130505C979BF03D581A9FDB709CC854741
:106AE0006307F4020148854713073006854622866E
:106AF000A685014525A42685EFD00FA12A86B705D6
:106B00000200938585624A85EF30B120D9BDB54733
:106B1000138481A96316F5000C202685EFD0CF964B
:106B20001220F1BFEF10206AA1470146137715002C
:106B300001C705061376F60FFD17058193F7F70FCA
:106B40001375F50FE5F765BFEF10E067E30B05E898
:106B500003C721A983C751AA138451AA09C7335770
:106B6000F540058B15E321471D46850793F7F70F81
:106B70006373F6008147B356F540858A89E67D1731
:106B80001377F70F7DF31CA00545EFD0EF971C207E
:106B90001397270019E9B7F701009387C7DBBA9766
:106BA0008C434A85EF30511B2DBDB7F70100938709
:106BB000C7DDF5B7854763FF87009307000037F708
:106BC00001000327C72589461146A2852685EFE0E7
:106BD000DFBA01BD05E02685EFD02F9BEF20A17322
:106BE000AE86B7F501002A869385C5334A85EF3016
:106BF0005112C5BB03A5C1A9D5B7854763F7870067
:106C0000B7F7010083A787165DBF09EC2685EFD093
:106C1000CF97EF204170AE86B7F501002A869385A5
:106C2000C516E9B703A5C1A9EDB72685EFC06FA3C7
:106C3000D30705F0B7F5010093854517539607C0B4
:106C4000D9B52808EF30D0428348D1010348C101AB
:106C50008347B1010347A1018346910103468101A6
:106C6000B7F501009385C5174A85EF30910A95BBAA
:106C7000EF1060588547630AF5008947630CF500FB
:106C8000B7F501009385C51829BFB7F501009385B5
:106C9000451A01BFB7F501009385C51B19B709C88F
:106CA0008547630BF404A2852685EFE0FFC215BB80
:106CB0002685EFD06F852AC61385140042054181D1
:106CC000EFD08F842AC41385240042054181EFD080
:106CD000AF832AC21385340042054181EFD0CF82B1
:106CE0001247A2463246AA87B7F501009385C51C14
:106CF0004A85EF301102F5B1138601AA3C323822E1
:106D000014321022D5B7854763FD870001488147BB
:106D10001307703E89462286A6850545EFE0BF969B
:106D2000C9B1631B04242685EFC05FF92A86B7F535
:106D3000010093850533C1BB2685EFC08F92D30731
:106D400005F0B7F501009385051E539617C042065E
:106D5000418255BBCA852285EFE03FD759B115E482
:106D6000375500201305853BEF60C012B757002050
:106D70009387873B9837D4439027B7F501009385D5
:106D8000453B4A85EF30E178A9B97D149D47E3EA98
:106D900087C4B7F70100938787C20A043E941C405A
:106DA0008287A38901A835B9375500201305853B93
:106DB000EF60201D3DB103C731A99D46938731A9DE
:106DC00005071377F70F63EDE60098A3982389462C
:106DD0006305D7009546E316D7C0050798A311B100
:106DE00023800700E5B783C731A9138731A991CB69
:106DF000FD1793F7F70F89466387D700954663849D
:106E0000D7001CA3F9BEFD17EDBF83C731A9B75644
:106E1000002037F6010005479386863B1306C6DF40
:106E2000636DF7008A07B29798369C43BA971307A9
:106E300030066367F7069CB66DB61147636DF700C1
:106E4000F5178A07B297D8429C43BA9731476368CF
:106E5000F706DCC279B61387A7FF89473367F702C5
:106E60008C260A0732971C437D47AE976364F70070
:106E70009CA685BE98A6B5B683C731A9B756002093
:106E800037F6010085459386863B1306C6DF63ED22
:106E9000F5008A07B29798369C4363F5E7001D8F8B
:106EA00098B681B68CB635BE1147636EF700F517FC
:106EB0008A07B297D8429C4363F5E7001D8FD8C27A
:106EC0000DB6CCC239BE1387A7FF89473367F702D7
:106ED00088260A0732971C4363F5A7001D8D88A6F4
:106EE00009B68CA6FDBC854763F38708B147631ECE
:106EF000F5002945EFC05FE17D15131705014183BA
:106F00009307400601488946DDB6AD476313F50295
:106F10003145EFC07FDF7D151317050141832545FE
:106F20003AC2EFC07FDE050593170501C183124702
:106F3000D1BFF9476313F5022945EFC0FFDC050512
:106F400093170501C1832D453EC2EFC0FFDB7D15C0
:106F5000131705014183924775B73145EFC0DFDA5A
:106F6000050593170501C1831307F00F61BF09E4FD
:106F70002685EFC07FD95DBB03D681A94DBB15E047
:106F800083C7C1A8E38F07A4EF10802611E5B7F5EA
:106F900001009385851E31B1B7F501009385451F2A
:106FA00009B18D47E31FF4A2EF10802419E1EFC06F
:106FB0006FCF8547A30BF1002DB415C08D47E312A9
:106FC000F4A2EFD06F9513054006EF804033B7076A
:106FD000EFBE37E700E0938707083CC719B483C7C3
:106FE000C1A8E38007A0B7F501009385452055BEF1
:106FF000EF00704D2AC2EF00304C1246B7F5010089
:10700000AA86938585224A85EF30A150D9BA23807C
:107010000600854763F6870005488147194781B414
:1070200019E82685EFC05FCE9317250037F50100DC
:107030001305C5D73DBC03D581A9FDB7375700203F
:1070400003C641A91307473C8147894593F6F70FCB
:1070500063E7C600054705452386E1A8828093863D
:1070600017003305D7000345F5FF6310B504EF9211
:107070008FCA3E978D4614A383C691AA5146B38604
:10708000C60203A701AB92070D46814536975843C8
:107090008146BA97CA270147239BA1A8EFF0FF902A
:1070A00005472386E1A86F904FC9B68745B7375784
:1070B000002003C641A91307473C81478D4593F63D
:1070C000F70F63E6C60009472384E1AA828093860E
:1070D00017003308D7000348F8FF631EB802EF9289
:1070E0008FC33E97894614A383C691AAD145B38620
:1070F000B60203A701AB92072A868145369758430B
:107100008146BA97CA270147EFF03F8A094723848F
:10711000E1AA6F908FC2B6875DB7EF92CFBFB286FC
:107120002E86AA85375500201305C50DEF90DFBACE
:107130006F90AFC0EF922FBE375500201305C50DDD
:10714000EF900FDB6F906FBFEF92EFB91389C1AA79
:10715000032509001971EF70407C938901AB1384FA
:1071600091AA5DC903250900938501A90146EF7025
:1071700060648547938401A96310F50A9830371538
:1071800001409307000293050004130505406316B0
:10719000F70EEF5010179830930700046319F704A7
:1071A00083C681AA1147138981AA6397E6069420B2
:1071B00003C771AA938771AAE1C615461367170022
:1071C0006382C60C98238D476318F70437F50100D6
:1071D0001305C524EF30213395472300F9000547F7
:1071E0002386E1A8EFE06FAF1945EFF05FEC983030
:1071F000930700086312F702138981AA0347090065
:107200000D4A6309471391476308F70089468820B0
:10721000630CD706EFE0CFB31820D14683A709004F
:107220003307D702B75900209389493CB75400204F
:10723000BA97C043EFF01FF0130B040A0328440071
:10724000054D0C3030206307A813630F08108947E1
:107250006308F8161C2089E741048509E3108BFEBA
:10726000138721A91C23A946850793F7F70F63EC21
:10727000F6281CA309616F90CFAAEF50900721BF99
:107280001367270098A33DBF63004509636BAA00FD
:10729000E314E5F883C7C1A8C9C70145EFE00F951E
:1072A000A5BF630AF5029547E318F5F69387C1A8D1
:1072B000982301C72380070085B71820D14683A7EC
:1072C00009003307D70223000900BA97A82BEFE083
:1072D0004F9E08A091B79384C1A89C2091E7854751
:1072E0009CA0EFE08F9F0DBFEFF05FD58547631A3D
:1072F000F5001545EFF0BFDB2380040023000900F3
:1073000021BF2300490109BF83C7C1A80545D9F79B
:107310001820D14683A709003307D702BA97C82798
:107320007DB71820D14683A709003307D702BA9743
:10733000E82771BF9C206361F70237F7010013074C
:1073400007C88A07BA97904303D561A901478146C8
:107350008145EFF08FE5C9B5114719456383E70013
:107360001545EFF0DFD44DBD14441385C40DEF90E7
:10737000BF96CDB5131906011444135909014A8665
:107380001385C40D034A3400EF901F954A249306D9
:10739000A10101461307B1016C08EFF00FE16C0881
:1073A0001385C40DEF909F9C93050008B38545415C
:1073B0001375F50F898DC20574084A86C18175B7AA
:1073C000131906011444135909014A861385C40D83
:1073D00042C6EF907F9003C609004A241307B1010B
:1073E00075169306A101133616006C08EFF0EFDB5B
:1073F0006C081385C40DEF907F9783C781AA834AD9
:107400003400137AF50FF9C383C709006370FD0CCC
:10741000139D0A0193180A01135D0D019305F007EE
:1074200093D80801B385A5413248B3851541939D92
:10743000050193DD0D016391070583C7C1A8D9C775
:1074400003C721A9954763E3E708130669FF4206CE
:10745000C6862D474182EE851385C40D46C6EF9042
:107460004FA581451385C40DEF909FA185451385D8
:10747000C40DEF908FF7B24803C709008D4763171B
:10748000F7040347B101130669FF420685474182AD
:107490006317F7068345A101E9572D478505B38595
:1074A000F50299469385F507B385A541C205C181CB
:1074B0001385C40DEF90EF9F89451385C40DEF90A0
:1074C0003F9C85451385C40DEF902FF29305F0077F
:1074D000B3855541B3854541C20574084A86C181CB
:1074E0001385C40DEF904FFF1385C40D8545EF90B4
:1074F0003F9981451385C40DEF902FEFA1BB2D4718
:10750000C686EE8575B723000700ADB3B707002028
:10751000938707172380070205476317E500238039
:1075200007042388A70482802380E704828001C99E
:10753000EF827FFE2E85EFF07FFD6F900F80B70703
:10754000002005472388E718828001C503C501ACE8
:107550008280294582807D153335A000B707002041
:107560002388A74A8280EF827FF9370400203709F9
:107570000020AE841304044E1309093A21ED81451D
:1075800013058006EFC04FF08547B70900209389A7
:1075900009102300F9022D47A547231AF40C2322D2
:1075A00034012317E40A85476381F40AADCC094A04
:1075B0006383440F8D47638EF4100149B7070020A1
:1075C00005472388E734B7F701009387C763232E65
:1075D000F41051AAB7070020938707092300090276
:1075E0005CC00547AA896307E51489460149631C05
:1075F000D51623880702A9472317F40A231AF40C87
:107600006380E52663800524638EA5288D47638506
:10761000F52C0149B707002023880734B7F701008C
:107620009387C76B6DB72388F9042380E1ACB70754
:107630000F00B107232EF40EB7071500B50723225C
:10764000F412BD47231EF4188DBF35472380E1ACEB
:10765000B7071000B9072322F412BD472319F4100D
:10766000B7070E00B107232EF40EB7071500BD07AC
:10767000232CF412C147231EF418B7070020938768
:10768000071723880904C4CB05452328F4120549AC
:10769000EFF0DFE725B72388F904B7070E00B1073D
:1076A000232EF40EB7071000B9072322F412B707F0
:1076B0001500BD07232CF412C147231EF418B70789
:1076C0000020B146938707222380D1AC2328F412EF
:1076D000EDB51305A006EFC02FE31339150023887D
:1076E00009040D45EFF09FE2B707002093870717C5
:1076F0002328F41223AA470145472380E1ACBD4764
:107700002319F410B7070E00B107232EF40EB707A4
:107710001000B9072322F412B7071100BD07232C6C
:10772000F412B7071200C1072326F414D147231E11
:10773000F41869B52388A7022547AD472300A9029D
:107740002317F40A231AE40C6388A50485CD89491C
:10775000638F35078D47638FF5080149B707002010
:1077600005472388E7341305600BEFC0EFD9AA85DE
:107770004A85EFF0DFDB638E041A8D4763F0971CB8
:107780006F801FDB29472380E1ACD547231FF40E10
:10779000B547231EF418D1B731472380E1ACB94770
:1077A000231FF40EB7071500B907232CF412B707EF
:1077B0000020938707174147CCCB2319E410231EE1
:1077C000E4182328F4120549EFF05FD441BF238069
:1077D000F1ACB7071500B507232CF412B70700204A
:1077E000414793870722231FE40E231EE418232812
:1077F000F412A5B71305A006EFC00FD11339150079
:107800000D45EFF0BFD0B707002093870717232857
:10781000F41223AA370141472380E1ACC147231961
:10782000F410B947231FF40EB7071100B907232C32
:10783000F412B7071200C1072326F414D147231E00
:10784000F41829BF31472380E1ACB70715003D4745
:10785000B507231FE40E2322F412231EE41855BBA0
:1078600035472380E1ACB947231FF40EBD472319E8
:10787000F410B7071000B9072322F412B707150058
:10788000BD07232CF412C147231EF418B7070020AC
:1078900093870717CCCB05452328F4120549EFF051
:1078A000FFC68DBB35472380E1ACBD47231FF40ED7
:1078B000B7071000B5072322F412B7071500BD075C
:1078C000232CF412C147231EF418B7070020938716
:1078D00007222328F41235BB1305A006370A00201F
:1078E000EFC08FC2130A0A17454713391500232A20
:1078F0003A010D452380E1ACEFF05FC1B947231F8A
:10790000F40EB7071000B9072322F412BD4723195C
:10791000F410B7071100BD07232CF412B7071200AB
:10792000C1072326F414D14723284413231EF41837
:10793000D5B1B70700202388072E99B5B7070020D7
:1079400005472388E72E2DBDEF82FFBCB70400203A
:10795000370400209384043A1304044E05C1814582
:1079600013058006EFC04FB285472380F402B707A6
:107970000020938707105CC06F803FBCB7070020D2
:107980002380040293870709FDB7EF823FB71851A0
:107990000CDD50DDD30606F01C632A84D397F6A0D5
:1079A00085CB10C3485C032A8402832AC402EF10EB
:1079B00091162A89AE892A86AE865285D685EF0031
:1079C0009110635EA00023242403232634032DA0FA
:1079D000538705F0D397E7A0F1D70CC3E1B7085C54
:1079E000EF1071132A89AE892A86AE865285D68514
:1079F000EF005118E34905FC6F809FB3EF82BFB1E0
:107A000041112A842E8532C62EC4EF10D110587C25
:107A1000A267324608D4D317F7A04CD410D881CB34
:107A2000530507E0EF10310F08D44CD429A0187C7F
:107A3000D397E7A0F5F741016F803FB0EF82BFAA6F
:107A40005C51538705F02A849C63B7E40100AE8C37
:107A5000D3F7E708538507E0EF10F10B03A6844B3B
:107A600083A6C44BEF00E12A2A8B4848AE8BEF1067
:107A7000910AB7E7010003A6074B83A6474B2A8A62
:107A8000AE8A5A85DE85EF00511A2A89084CAE89E4
:107A9000EF1071082A86AE864A85CE85EF00F11870
:107AA00010545454EFF0F03353870CF01C782A89AB
:107AB000AE89D377F708538507E0EF10D10503A609
:107AC000844B83A6C44BEF00C1245286D686EF00B8
:107AD000D1152A86AE864A85CE85EF0091602A8927
:107AE00008D4485C4CD4AE89EF10F1022A8CAE84E5
:107AF0002A86AE864A85CE85EF00E17C6353A006D8
:107B00002324840344D45A86DE865285D685EF002A
:107B1000D11110545454EFF0D02CAA892E892A8602
:107B2000AE866285A685EF00F104634F0500085C10
:107B3000EF10617E4E86CA862A8CAE84EF00A17853
:107B40006344A0004E8CCA84032904026285A68582
:107B5000EF1031072320A9002328940305456F80E7
:107B60005F9C085CEF10217B2A8DAE8D2A86AE8645
:107B70004A85CE85EF001100E35705F82324A403BE
:107B80002326B40349B7D38705F0530706F0D3077C
:107B9000F7A099E7EF823F98EFF03FDF6F80FF9902
:107BA0008280538605F0D30700F0D30606F0538792
:107BB00006F0D317F6A0A9E7D397F6A0B1E3D31741
:107BC000F7A09DEF5C4118410CC5D3F517D0B7F76E
:107BD000010007A5879650C514C9D3F5A5184CC94F
:107BE00010CD85475377B71858ED631BF70053F650
:107BF000C708D3F6D708D3F7E70850E914ED5CEDD2
:107C000082801C416380B702D30700F0586953F7A4
:107C1000E70858E9186D53F7E70818ED586DD3F7E2
:107C2000E7085CED0CC18280EF82FF8E411136C601
:107C3000B706020050D103A686570CD19305000069
:107C40002A843AC43EC242C0EFF03FD402489306B1
:107C5000400654C0C2852285EFF0BFFAB267924752
:107C60002247D38507E0BE863A862285EFF07FF370
:107C700041016F809F8CEF821F8A0145EF40A02D4C
:107C80001DC5138781AC1C239306B003850793F7AA
:107C9000F70F1CA363FDF600938741AC8C431305DB
:107CA000C00C2300070085058CC3EFC0CF866F8012
:107CB000DF8823A201AC828003A541AC9307C003F7
:107CC0003375F502828003A541AC9307C003335599
:107CD000F5028280B71702409843B706FFF84111BA
:107CE0001367170098C3D84337060200758FD8C3AF
:107CF0009843B706F7FEFD16758F98C39843B706ED
:107D0000FCFFFD16758F98C3D843B70681FFFD169B
:107D1000758FD8C39843B70600ECFD16758F98C3CE
:107D20003707FF0098C723A6070202C402C698437C
:107D3000C166558F98C3B716024009679C42F18F00
:107D40003EC6A24785073EC4B24781E7A247E397F4
:107D5000E7FEB71702409C431397E70063570706F7
:107D600085473EC632478547631FF704B717024071
:107D7000D843B706C1FFFD16D8C3D843D8C3D843EC
:107D800013670740D8C3D843758FD8C3D843B70605
:107D90003900558FD8C39843B7060001558F98C353
:107DA000984393166700E3DD06FED843B7160240FA
:107DB000719BD8C3D84313672700D8C32147DC423F
:107DC000B18BE39EE7FE4101828002C661BF371698
:107DD00002405C429146B18B138781826385D70054
:107DE000A1466388D702B7177A00938707201CC380
:107DF000B7170240DC43918393F6F700B7070020E2
:107E00009387877DB69794231C43B3D7D7001CC3B1
:107E1000828054425042C167C982BD8A7D8E938759
:107E2000260085CABD466389D702C1466389D70249
:107E3000C54581466393B700C1470DE6374602400A
:107E400003260680418A15C637167A0013060620D7
:107E50002DA08146C947D5B78546B547F9BF8146AC
:107E6000BD47E1BF3716024050429315E600E3DDFF
:107E700005FC37163D0013060690B387C7021CC3E6
:107E8000A5DA1C438583A5B7EF82EFE55D71EFD0DE
:107E90002FE17D5685450145EF70B030B7F7010001
:107EA00003AA079683AA4796B7F7010087A7C79545
:107EB000B707020081493EE087A7075C814401447F
:107EC0003EE23545EFB05FE4630035053545EFB080
:107ED000BFE3AA891305400633053541EF10C11DE4
:107EE0005286D686EFF0F062B707020003A6875CE1
:107EF00083A6C75CEF006153EF104116931505018F
:107F0000C1810145EF1050318947638BF41C8D47C7
:107F10006382F41A639E0418EFD00FD6EFC08FBAB5
:107F2000084101478D4605468145EF70F040054503
:107F3000EFB09FDDB707020087A7C75B23ACA1ACFA
:107F4000D38D07E0138981ADB70B0200375B0020AA
:107F5000370C02003945EFA0DFF0D30705F0538757
:107F60000DF05315F7A03DC90945EFA09FEFD307CA
:107F700005F002675395E7A035C12945EFA07FEED4
:107F8000D30705F012675395E7A029C993850B5DC8
:107F90006808EF2001586C081305CB0DEF801FDD3A
:107FA000930700081375F50F3385A74089473345BC
:107FB000F5027008930580021375F50FEFF0EF9549
:107FC000EFC04FB0084101478D4605468145EF702F
:107FD000B036EFA03FA00841EF601065EF50303F92
:107FE0000545EF70C0319307007D6399F40AEFF007
:107FF0006F9403450900930C0008094DEFD00FC79B
:10800000AA856808EF2041556C081305CB0DEF8059
:10801000FFD51375F50F3385AC403345A5037008C4
:10802000D1451375F50FEFF04F8FEFD0EFE0094515
:10803000EFB09FCD2AC60D45EFB01FCD2AC4114524
:10804000EFB09FCCA24632462A879305CC606808E1
:10805000EF20214C6C081305CB0DEF803FD1137539
:10806000F50F3385AC403345A503700893058002B6
:108070001375F50FEFF06F8AEFC0CFA408410147E9
:108080008D4605468145EF70302B3D220841EF605B
:10809000B059EFA03F940841EF6010598504C20425
:1080A0008567C180938787BBE396F4EA8D4411BD51
:1080B000854401BD2145EFB03FC58547AA846319BA
:1080C000F500EF906FD40841EF601056238A91AC11
:1080D000EFC02FCF03A501AD8944EF60F054D5B3B5
:1080E00005041374F40FEF50902EEFF0EF8563F05A
:1080F0008402EFC08F9D2A8419C9EFC0AF9C08414C
:1081000001478D4605468145EF7010230144130554
:108110004006EF70C01E75B3EF82EFBF238A01AC3B
:10812000EF80B31A03A5C1AC0147894601468145DA
:10813000EF709020138441AD1C2081EBEF302011B3
:10814000EF90C07619C1EF909F810545EF70201B1D
:10815000E5B7B7A70020938707311CC1B7A7002058
:10816000938707B19CC1930700101CC28280B7A7F8
:108170000020938787431CC1B7A70020938707F18E
:108180009CC1930700101CC2828003A581AD828030
:10819000EF826FB81305600BEFB01FB7138441B1C6
:1081A00019E587A7C1AE1CE008406F800FB90145F3
:1081B000EFA03FCB08C0CDBF1385C1B0828005477B
:1081C000238CE1B0828003C561B08280EF82AFB4BE
:1081D000AA851305500D23A401B0EFB0FFAA6F804C
:1081E000CFB587A701B1539517C042054181828061
:1081F00003A501B2828083A701B2094709456388BC
:10820000E700014563E5E700ED1713B5270082801D
:1082100003A701B289476311F704EF82CFAF854707
:1082200041111CA10145EFA0DFC3EF10C10EEF808B
:10823000C02A2AC4130570052EC6EFB01FB5EF1073
:10824000810D2246B246EF00411EEF00316142052A
:10825000418141016F806FAE23000500014582809E
:10826000EF826FAB41111305B003EFB01FB22AC606
:1082700013057003EFB07FB1B2452A8637A5002001
:10828000930600001305854DEFF0BF9113053003F1
:10829000EFB0BFAF2AC61305F002EFB01FAFB24573
:1082A0002A8637A500209306000013058549EFF0C4
:1082B0005F8F0145EFA0FFBA41016F800FA8EF82E9
:1082C000EFA341112A841945EFB01FA4AA8909E937
:1082D0000545EF305054AA851305600DEFB0DF9AC5
:1082E0001305600DEFB05FA2AA850545EF3030425F
:1082F000938481B0638909029C403D4585079CC0F9
:10830000EFB09FA0930740063305F5029C4063C77A
:10831000A70081451305500DEFB01F971305500DB1
:10832000EFB09F9E31A0014523A00400EF30B04E76
:1083300083A701B2138901B26301053281E7954732
:108340002320F900639A09000945EF30D04CAA8533
:108350001305700DEFB05F931305700DEFB0DF9A4A
:108360001820938781B16314A700982331CB13059C
:10837000700D23800700EFB03F9908A093073006E7
:1083800019C1930750063E85EFB05F93D37715D0A0
:108390001305700527A8F1B03EE6EFB01F9F530705
:1083A00005F0B267D3F7E718538507E0EF00B17621
:1083B0002A86AE86EF006107EF10A10023A6A1AECA
:1083C00083C761B0938461B0B18B81C7914723208B
:1083D000F9002285EF00B046034704029307900599
:1083E00063FEE7081C30D9CB9C20858B85E31C44B9
:1083F00011671307F76485071CC46379F700054507
:10840000EFB0FFC69C2093E717009CA0EFC0CF9C65
:1084100019CD83270900ADCB9145371501402320A5
:108420000900EF40006D81450945EF30502E83274C
:108430000900ED9BB1CB0D45EF30F03D31C59C20DF
:10844000C18B85E35C4411671307F76485075CC43F
:108450006379F7004145EFB09FC19C2093E7070186
:108460009CA08327090019476361F70637070200BC
:108470008A0713070763BA979C4382879C202324AB
:108480000400F99B9CA059B79C2023260400BD9BA7
:108490009CA0C1BF8145A30004000145EF303027F7
:1084A00093050000014523AE01ACEF10E00A9305EF
:1084B00000000545EF10400A930500000945EF1044
:1084C000A009232C04002380040041016F804F8603
:1084D000044CA30004003945850404CCEFB0DF82CE
:1084E000930740063305F502E37195FE9947232073
:1084F000F900EFA03FFBD1BFEFA09FFB79D513059B
:10850000B00223AE01ACEFB05F882AC6130570023B
:10851000EFB0BF87B24537A400202A86930600003B
:1085200013058449EFF0EFE713060000B285130549
:108530008449EFF0AFCC89472320F90079B71C4874
:10854000254785076368F7001CC885450145EF305E
:10855000101CA5BF232804000145EFA09F9023AC69
:10856000A1AEAA8537A5002013058549EFF00FCDF0
:1085700087A7C1ADB7F7010007A787960545D3F7D1
:10858000E7189389C1AE138981AFD38507E03EE632
:10859000EF00907CB707020007A7876CB267D3078C
:1085A000F7A0BDCF8727090007A70900D397E7A049
:1085B000A5CB9C20898B99EF5C40130770708507D1
:1085C0005CC06379F7000945EFB07FAA9C2093E770
:1085D00027009CA007A70900872709003AE6D37760
:1085E000F708D3A7F720538507E0EF00D152326791
:1085F0002A89AE89530507E0EF00F151B707020061
:1086000003A6076D83A6476DEFF030622A86AE861B
:108610004A85CE85EFF010561325150008B035B702
:108620009C2023220400F59B6DB79C20B18B99E31D
:108630002320090093050000054523AE01ACEF009F
:10864000B07181450145EF30900C9C20A3000400DF
:10865000232C0400F59B9CA08DBDED9BE38407CEED
:1086600023200900C5B1194723A0E1B28280094740
:1086700023A0E1B28280EF727FE841112A8B1305BB
:10868000B00DEFB06FE82A8A1945EFB0EFE7938499
:10869000C182631005109C20138451B0138941B02E
:1086A00081CF81451305B00DEFB00FDE23800400AC
:1086B0002300040023000900EF303017834709002E
:1086C0009374F500638B97061C2089E785471CA0EF
:1086D00023200B0083250B001305D00693094006C9
:1086E0002EC6EFB06FE233063503B2453705020000
:1086F0001305C56BEF10314F832A0B001305D0060D
:10870000850A23205B01EFB02FE03305350363E8D2
:10871000AA02938661B09C22230099008A0493F7F1
:10872000F70E9CA2B70602009386C664B6949440E6
:1087300023000400138761B082861C20C1FF13054B
:10874000B00DEFB06FDC85476318AA001305B00DBC
:10875000EFB08FDB933715003E85EF00702A3DA008
:1087600081451305B00DEFB02FD2D1BF8545D5BFE0
:108770008945C5BF8D45F5B79145E5B793E7070135
:1087800081451305B00D1CA3EFB00FD041016F70F0
:108790003FDA85479CA0938761B098231305900D1D
:1087A0003D9B98A3EFB04FD6AA8565BFEF72BFD6A9
:1087B0001305B00DEFB04FD56F703FD8EF72BFD536
:1087C000EFF0DFFE6F707FD7EF725FD3AA891305DA
:1087D000B00DEFB06FD3AA8413059006EFB0CFD2DF
:1087E00089472A896311F50C138481AE89E8232017
:1087F00004000C400545EF0030566F707FD3914761
:108800006398F400B7F7010087A7C7951CE0D5B7B8
:1088100013058006EFB04FCF938401AF630925079E
:1088200081454E85EFB0AFF8EF00F12E2A89130590
:10883000800BAE89EFB06FD5EF00F12DB7F70100D7
:1088400003A6079683A64796EFF0A04C4A86CE86ED
:10885000EFF0B03D4A86CE86EFE0B058EF007136BB
:108860008545EFB08FF288C00545EFA08FDFAA8560
:1088700037A500201305854DEFF04F9C87A701AE6B
:10888000B7F7010007A78796D3F7E71841B7130595
:10889000C00BEFB08FCFD30705F0538709F0D3F7A4
:1088A000E7009CE0D1B731D993050000A1B7EF7282
:1088B0009FC61305A006EFB02FC50605938741900C
:1088C000AA978A23EFB06FCC6F703FC7EF72BFC417
:1088D0000111AA841305A006EFB00FC30547854711
:1088E0006388E40011C509478D476303E5008947A4
:1088F000139417009387C18FA2978A23EFB0EFC814
:108900009387418FA2972AC68A2337A40020EFB00D
:10891000CFC7B245930600002A8613058451EFF0B5
:108920004FA81305E00AEFB04FC62AC61305A00AE8
:10893000EFB0AFC5B2452A8613058451EFF0AFA45E
:10894000A6851305F101A30F0100EF005004834732
:10895000F101AA8489CB13057006EFB0EFBA854701
:1089600081456313F500854513058451EFF06FA928
:10897000EFF0FFF323AAA1AEA68513058451EFF013
:10898000EF8B03A541AE05616F703FBB03A541B2FC
:10899000828003A5C1AE8280EF725FB603A701B2E9
:1089A00099472A89138401B26301F7181385850159
:1089B000AE89EFF05FCC138561B0EF00B01E138578
:1089C00061B0EF00F00D1C4021476362F7023707EA
:1089D00002008A071307C768BA979C43828723ACB3
:1089E0000900238301B0EF00D00089471CC06F70DD
:1089F0003FB42300090083C761B013F7070111E7F3
:108A0000139787016187635B070291471CC09384BA
:108A100081B203A904001305B006050923A02401AF
:108A2000EFB08FAEB7870500938707E43305F502F3
:108A3000E36FA9FA23A0040099474DBF93F70706F7
:108A400099C3A147E1B783A709012547850723A853
:108A5000F900E37EF7FA1305600BEFB0EFAAAA84E2
:108A60001305B00DEFB04FAA138941B22320A9001E
:108A7000EFF00FFF2A8A23A809001305A00DEFB01D
:108A8000AFA80547631DE5028D472320F9001305B4
:108A9000A00AEFB08FAF23A6A1AE37A50020D285E4
:108AA00013058549EFE09FF907A7C1ADB7F70100AE
:108AB00087A78796D377F718D38507E00DA8832774
:108AC00009008946638DD70263E9F6001305E00AC1
:108AD000E381E7FC9305000019A80D47E389E7FA55
:108AE0001147E399E7FEB7F7010083A5C795014554
:108AF000EF009026EFF0CFE9EFF01FCD09BF638BB9
:108B0000E40013978401618719CB638DF4008D47CE
:108B1000E395F4F889452685EFF05FDBADBF1305DB
:108B2000200B85BFEF007014BDB71305E006EFB052
:108B3000EF98130740063305E5029384C1B19C40CA
:108B400063EAA7028347090099E7EFA0BF9585472D
:108B50002300F90069BDEFA0BF95E30A05E8894746
:108B60002300090023A004001CC081450545EF3007
:108B7000003AB5BD85079CC08545CDBF83C761B0B0
:108B800093F7070981E72320040095B593050000BA
:108B90000145EF00701C93050000054535A0370521
:108BA00002001305456BEF10111683C761B013F770
:108BB000070211CF930500000545EF00F019B7F744
:108BC000010083A5C7950145EF0010190DB593F776
:108BD0000704D5DB930500000145EF00F017B7F758
:108BE000010083A5C79555BFEF72FF925C212A84CF
:108BF00006216386070E2D45EFB00F914205418196
:108C000063E6A40C138761B0142393F7860085E311
:108C10003C2013064006850793F7F70F3CA06378C6
:108C2000F60093E68600214514A3EFB04FC4254516
:108C30000620EFB06F8D42054181636C9508138764
:108C400061B0142393F7460085E33C3013064006D9
:108C5000850793F7F70F3CB06378F60093E646007C
:108C6000114514A3EFB0AFC031450620EFB0CF8956
:108C700042054181636F950029450620EFB0CF88FA
:108C80004205418163E7A400938761B098234D9B1F
:108C900098A31A20CD4763E1E7047C2009478507A4
:108CA00093F7F70F7CA06371F70237150140930526
:108CB000000413050540EF30D064EFB0EFC5930713
:108CC00000105EA023A001B26F703F872301040053
:108CD000B9BFA301040049BF23030400F5B7294528
:108CE000EFB08F824205418163E4A40085475CA018
:108CF0001A2093078002E3F9E7FC5C30F1D729459D
:108D0000EF60E05FB707EFBE37E700E09387070843
:108D10003CC75DBFEF728FFE39711306400281457B
:108D20006808EF705F8289470545230EF100EFA0C8
:108D3000BFFDAA891305B00223A001B2238301B0AD
:108D4000EFB0AF842AC613057002EFB00F84B246AD
:108D5000B7A400202A871386C1AE9385C1AD014810
:108D60009307000013858449EFE01FEC37040200ED
:108D7000138961B00326046B930500006396090014
:108D8000B7F7010083A5879613858449EFE0BFDF1D
:108D90001305B003EFA07FFF2AC613057003EFA0F1
:108DA000DFFEB246B7A400202A87014893070000DF
:108DB0001385844D138601AF938501AEEFE0DFE6A6
:108DC0008727046B930500001385844D538607E0C5
:108DD00037A400208944EFE01FDB1305B002EFA0A9
:108DE000DFFA2AC613057002EFA03FFAB2462A87BF
:108DF00001481305845193070000138641AF938502
:108E000041AEEFE07FE2B707020087A7076B1305CB
:108E1000845193050000538607E0EFE0DFD6294533
:108E2000EF60E04DEFB04FFBE30B95FE2945EFA05F
:108E30004F83D30705F0539517C0239EA1AE13852A
:108E4000C1AFEFF07FDA639209026808EFF02FC735
:108E50008347090091453715014091CFEF30704AA3
:108E600085450945EF30A00A5DBF6C08138571B0D8
:108E7000EFF09FB2F1BFEF30D0478145DDB7EF7221
:108E8000EFE71314150093874191A297AA848A23D0
:108E90004111EFA09FEF9387C190A2972A8A8A235E
:108EA000EFA0BFEEAA8A1385C19126950821EF9005
:108EB0005FFB93878192A2972AC68A23EFA0DFE403
:108EC0008547B2676302F5028947630AF50A53854D
:108ED00007E0EF004144B7E7010003A6874B83A6F4
:108EE000C74BEFE0106325A8B7E7010007A7874944
:108EF000D307F7A0DDCF538507E0EF00C141B707E7
:108F0000020003A6876D83A6C76DEFF0901DB7071B
:108F1000020003A6076E83A6476EEFF000515307C9
:108F20000AF0D3870AF02A89AE89D3F7E708538578
:108F300007E0EF00413E2A86AE864A85CE85EFF0F7
:108F4000C04E2A895285AE89EF00E13C2A86AE8662
:108F50004A85CE85EFE0E068EF00A1469387019255
:108F6000A2972AC68A23EFA05FE2530705F0B267F3
:108F7000D3F7E700538507E041016F706FDBB7E778
:108F8000010007A7C749D307F7A085C7538507E0A6
:108F9000EF006138B707020003A6876E83A6C76E8D
:108FA000EFF03014B707020003A6076F83A6476FE0
:108FB0000DBFD30700F07DBFEF72EFD50945EFF08D
:108FC0001FECB7F70100D30705F007A74797D317A2
:108FD000F7A091E7530700F0D397E7A099C3D30711
:108FE000E720539517C01375F50F6F700FD5EF720B
:108FF0008FD20545EFF0BFE80545EFF05FE86F70F1
:10900000CFD3EF724FD10145EFF07FE7B7F7010003
:10901000D30705F007A78797D397E7A091EFB7F796
:10902000010007A74797D317F7A099C3D307E720F5
:10903000538507E06F706FD0D30700F0D5BFEF7294
:10904000EFCB1C31AA84A1CF584D85679387077752
:10905000631FF7020545EF90DFE0D30705F0539556
:1090600017C0131405011305800C4180EFA01FC524
:10907000636B8502238004021305700DEFA0DFC827
:1090800019E583C5040213056002EFA0FFBFDC4CA5
:109090000567130707778507DCCC6374F70023AEF9
:1090A00004006F70EFC81305A00CEFA03FC1636709
:1090B000A400930740062380F4027DBF1305800CB3
:1090C000EFA0DFBFAA891305A00CEFA03FBF2A893C
:1090D000330434411305800CEFA05FBE420441808D
:1090E0003305A940D37714D0537705D0B7F70100E3
:1090F000D3F7E71807A74797D3F7E710539417C09C
:109100002380840295BFEF720FC185476388F50005
:1091100089476380F50201456F702FC2EF907FD4BD
:10912000B7E7010087A78749530705F05315F7A054
:10913000E5B7EF901FD3B7E7010087A7C749EDB7A1
:10914000EF726FBD1305600BEFA01FBC1375D50F39
:109150007D15133515006F704FBEEF72CFBB130531
:10916000600BEFA07FBA85476315F50001456F706E
:10917000CFBC1305A006EFA03FB96DD91305A0061B
:10918000EFA09FB88947E304F5FE0545CDB7EF7220
:109190008FB8854441112A84639B95001D452EC6D6
:1091A000EF903FCCB2450CA041016F700FB98D47D5
:1091B000639DF5021305A006EFA01FB56309950096
:1091C0008947630BF50004A0EFF0BFE3F1BF230074
:1091D0000400EFF0DFE1C9BF23000400EFF0DFDDA2
:1091E000D37715D0538507E0C1B70145EF907FC70E
:1091F00065BF9387C1B223A0070023920700828036
:10920000EF726FB1AA8481451305A00DEFA0DFA70F
:109210001384C1B289C8EFF0DFFD81451305600DED
:10922000EFA09FA61DA01145EF20F05E5820B707C4
:10923000000148B0938707F009EF5840F98F1307F2
:1092400000106394E70085475CA05C307CA06F70E1
:10925000CFAE5840F98F130700106394E700232026
:10926000040004401305C006850404C0EFA0DFA974
:109270008567938707773305F50263E7A400230228
:1092800004002320040051BF1305A00D8545EFA065
:10929000BF9F1305600DEFA03FA745F98545BDBFF2
:1092A000EF726FA741112A8413059006EFA0DFA586
:1092B00089476307F5001C2093F7F7F91CA0ADA0C0
:1092C0001C2013F707062DEF0145EF909FB9AA84E4
:1092D0001305000CEFA09F9E538704F0D37705D0B1
:1092E000938441B35315F7A0814719C19C4085076A
:1092F00005459CC0EF90FFB62AC61305400CEFA0B1
:10930000FF9B537705D0B267138781B35395E7A0CE
:10931000814719C11C43850794401CC3BDCA81CB3A
:1093200023A004002320070041016F700FA1BD6737
:109330009387F7A5E3FAD7FE1C2093E70702BDBF8A
:1093400093F7070285C70145EF90BFB1AA841305C3
:10935000E00AEFA0BF96D37705D0538704F053956A
:10936000E7A079D11C2093F7F7FD89BF0545EF9061
:109370005FAFAA841305E00AEFA05F94D37705D00E
:10938000538704F05395E7A045D11C2093F7F7FBD2
:1093900035B73D671307F7A5E378F7F81C2093E787
:1093A000070429BFEF722F971C212A8493F7F70730
:1093B0001CA11305600BEFA03F9589476300F506DC
:1093C0008D476318F5041305A006EFA0FF9393875C
:1093D000C1913E9504211305A006EFA0FF9206055A
:1093E00093878192AA978A23EFA01F92AA85268548
:1093F000EFF07FD10DC19387C1B398439306C0129C
:10940000050798C363F7E600182094C3136707F8AD
:1094100018A06F708F9223AE01B2E5BF1305700BD9
:10942000EFA09F8E7D151375F50F9387C191AA97B5
:1094300084239387819206053E950A21EFA0DF8C55
:10944000AA852685EFF03FCC79D59387C1B39843A1
:109450009306C012050763E4E60098C35DBF94C39A
:109460001C2093E707F81CA06DB7EF722F89130536
:10947000E00AEFA09F91AA841305A00AEFA0FF9035
:10948000538704F0D30705F01305700BD3F7E708F3
:10949000538A07E0EFA05F877D151374F50F93875C
:1094A000C191A29788230604EF90BF9BEFF0B066AE
:1094B0002A89138581922A940A20AE89EFA0DF843D
:1094C0000DC58547630EF502B707020003A6876E38
:1094D00083A6C76E4A85CE85EFF0A040B70702008D
:1094E00003A6076F83A6476F09A8B7E7010003A685
:1094F000874B83A6C74B4A85CE85EFE090011DA020
:10950000B707020003A6876D83A6C76D4A85CE857F
:10951000EFF0203DB707020003A6076E83A6476E53
:10952000EFE0B0702A895285AE89EFF0D05E2A86CE
:10953000AE864A85CE85EFE0506F2A892685AE89B2
:10954000EFF0705D2A86AE864A85CE85EFE0600931
:10955000EFF030676F60DFFDEF62FFFBB7A7002021
:109560001317250093878755BA978CC32A84EF2059
:109570001001D30705F08547539617C04206418274
:10958000630DF40011C48947630BF4006F60FFFAA8
:1095900085452145EF404022D5BF8945DDBF914536
:1095A000CDBFB7A700200A0593878755AA978843A0
:1095B000828001A001A001A001A001A001A001A042
:1095C00001A001A001A001A001A001A001A001A093
:1095D00001A001A001A001A001A001A001A001A083
:1095E00001A001A001A001A001A001A001A001A073
:1095F00001A001A001A001A001A001A001A001A063
:1096000001A001A001A001A001A001A001A001A052
:1096100001A001A001A001A001A001A001A001A042
:1096200001A001A001A001A001A001A001A001A032
:1096300001A001A001A001A001A001A001A001A022
:1096400001A001A001A001A001A001A001A001A012
:1096500001A001A001A001A001A001A001A001A002
:1096600001A001A001A001A001A001A001A001A0F2
:109670009781FF1F938181BA17F100201301819810
:10968000177501001305457B9775FF1F9385859717
:109690001386C19A63FAC5008322050023A05500F2
:1096A00011059105E3EAC5FE1385019B978500200E
:1096B000938545566377B500232005001105E36DBA
:1096C000B5FEFD42739002BCFD4273904280B782AA
:1096D00000009382028073A002309772FFFF938292
:1096E000E29593E2320073905230EFE0AFDE97B232
:1096F000FFFF938262E873901234730020305C4164
:109700003707F1E01307F7EF944D7D8F9C41D58F1C
:10971000D44DD58FD441A206D58FD98F5CC11C45BD
:1097200037F7F1FF1307D77FD4457D8F9C49D58F3D
:1097300094458606D58FD98F1CC55C55370710FF19
:109740007D177D8FDC29FD1793F7F70FD207D98F8F
:109750005CD582805C4193F5F50F01C6DD8D4CC16F
:10976000828093C5F5FFFD8DDDBF08450D8105891C
:10977000828008450981058982801C4591C537078B
:109780005000D98F1CC582803707B0FF7D17F98F35
:10979000D5BFA54763F7B7048D47138765FF330728
:1097A000F7020328C5009D47B397E70093C7F7FF6B
:1097B000B3F70701B396E600DD8E54C5994763E31E
:1097C000C70495477D163306F6025859FD47B397EF
:1097D000C70093C7F7FFF98F3396C5005D8E50D948
:1097E00082800D473387E502032805019D47B39723
:1097F000E70093C7F7FFB3F70701B396E600DD8EE6
:1098000014C96DBFB14763E2C702954765163306B9
:10981000F6021859FD47B397C70093C7F7FFF98FB2
:109820003396C5005D8E10D9828095474D1633065C
:10983000F6025855FD47B397C70093C7F7FFF98F56
:10984000B395C500DD8D4CD58280B7270140938745
:109850000740984711C5B7068000558F98C782808A
:10986000B70680FFFD16758FD5BF5841144193D7B9
:109870008500F58F99C713F5F50F798D3335A00065
:10988000828001458280EF621FC901112A8423046E
:109890000100A5441C8463F9F40423040100A546D7
:1098A00021461C8463FFF6062315010023040100F2
:1098B00095461C8463F1F60E38853C8599460D4625
:1098C000B3F7D702056513050580B3D7C702335731
:1098D000D702BA97C207C1837C853C8505611D8D7F
:1098E000420541856F607FC51C4493E787001CC417
:1098F0002285EFF09FE76DFD1C4493E747001CC4F1
:109900002285EFF01FE76DFD78441C841410860754
:10991000B6972396E7FE1C84850793F7F70F5C84C0
:1099200095BFA30401009C846378F6001C8485071E
:1099300093F7F70F5C84B5B798849C840C100607E6
:10994000850786072E97AE970357C7FE83D7C7FEB6
:1099500063FDE7029C848607AE9783D7C7FE7C85AC
:109960009C84988485078607AE9783D5C7FE931796
:1099700017001810BA972396B7FE9C8438850C10F0
:1099800085078607AE972396E7FE9C84850793F7A5
:10999000F70FDC8449BF1C841010388589078607BF
:1099A000B29783D7C7FEBA97C207C1837C851C8450
:1099B000850793F7F70F5C84EDBDB7370240054785
:1099C00098C782808147B73602406396B700B737A1
:1099D000024088438280139727002A9718438507FF
:1099E00098C2E5B7B73702408843828085473395F0
:1099F000A70089C937770040832707405D8D232062
:109A0000A7408280B777004003A707401345F5FFC2
:109A1000798D23A0A74082804111B777004002C60C
:109A2000938707403EC6B247A1073E952AC6B24774
:109A30008CC341018280B7F7FF1F03A54770828066
:109A40009317350063DA0700B707024083A7074082
:109A50007D8D3335A00082809317250063D70700E2
:109A6000B707024083A7074DE5B7B70702409C43FD
:109A7000C5B79317350063D70700B707024023A285
:109A8000A74082809317250063D70700B7070240DD
:109A900023AAA74C8280B7070240C8C38280EF6226
:109AA0009FA7EFF0FFF96F605FA9EF62DFA6EFF00D
:109AB0005FFC6F609FA8EF621FA685451165F925C1
:109AC00081451165E1256F605FA7930700043CC1E4
:109AD000930700027CC1930700087CD12320050076
:109AE000B7070004232205002324050023260500D0
:109AF00023280500232A0500232C0500232E05001A
:109B00002320050223220502232405022326050221
:109B100023280502232A0502232C0502232E0502F1
:109B2000232405042326050423280504232A0504E9
:109B3000232C0504232E05042320050623240506D3
:109B40002326050623280506232A0506232C0506B9
:109B5000232E05062320F508B70700022322F50867
:109B60002322F50AB7070200370720002326F50A4B
:109B700093070010232405082326E5082328050859
:109B8000232A0508232C0508232E05082320050A6F
:109B90002324050A2328F50A232A050A232C050A6B
:109BA0008280411102C6B78602409C4A41672E0559
:109BB0007D17F18B798D9A055D8D93F5057CC98DA7
:109BC00093E51500B70750008CCAF917324705070F
:109BD0003AC6984A058B01C73247E3F9E7FE324798
:109BE000B7075000FD1701456307F700B78702402C
:109BF000C84B42054181410182804111B787024033
:109C000002C6984BC166FD162E05758D718B9A059F
:109C1000598D93F5057CC98DD0CB93E535008CCB60
:109C2000B7070500B7860240F917324705073AC65D
:109C3000984A058B01C73247E3F9E7FE3245B7077B
:109C40000500FD173335F5004101828023A2A1B440
:109C50002A878147B708104013030060130EF6FFF0
:109C60006396C700B797024088CB8280B3866702AD
:109C7000232017012A88AE9614C79306070163F3C1
:109C8000C70136882326070185073687D1BF91662D
:109C900023A0A1B40147AA873703008093860660FA
:109CA000130E0060930EF6FF6316C700B7970240CD
:109CB000C8C782803308C70323A06700D4C3AA881B
:109CC0002E9823A40701138807016373D701C28864
:109CD00023A617010507C287C1BF379702401C435F
:109CE00093E717001CC38280B7970240C8CB8280DD
:109CF000379702401C4FB7061000D58F1CCF8280CB
:109D0000EF627F81378402401C4093E787001CC0CC
:109D1000EFF01FFE1C40896693E747001CC0B79711
:109D20000240984F558F98CF984F1367270098CFD0
:109D30006F60BF8099C5379702405C4F5D8D48CFFB
:109D40008280B7970240D84F1345F5FF798DC8CF71
:109D50008280B707014023AAA74082809C4513F761
:109D6000070113F8F70001C7D8413368E8008E21D6
:109D700013F7F50F39C318418146854E3D4F930FB8
:109D8000800293028004214E3396DE00B3F8C500B2
:109D9000631116039398260033131F011343F3FF37
:109DA0003377E300B318180133E7E800639FF70542
:109DB00050C98506E39AC6FD18C11307F00F6375F5
:109DC000B70454412146854E3D4F930F80029302C4
:109DD0008004414EB398CE0033F715016392E80238
:109DE0001317260001173313EF001343F3FFB37665
:109DF000D3003317E800D98E639DF701232A15019C
:109E00000506E319C6FD54C18280E39457FA10C9D0
:109E10004DB7E39757FE23281501DDB7B70701407B
:109E2000635A0504DC4F93560501131805013707E3
:109E3000300013F6F60013580801B376E5006350BE
:109E40000506639BE602930606010D46B316D6008F
:109E500093C6F6FFF58F99C9135755011377F73F4E
:109E600012073317E800D98F6357050437070140FD
:109E70005CCF8280DC4345BF1317B50063560700F3
:109E80008D46B396C600E9B7135755011377F73FD0
:109E900012073317E8001347F7FFF98F6DBF639080
:109EA000E602370601405442370700F17D17F98F6B
:109EB000758F58C2D5F1370701405CC382801317F4
:109EC000B500635C07008D46B396C60093C6F6FFE7
:109ED000FD8EB707000FD58FF1BF1357550112073D
:109EE0003317E8001347F7FF7D8FB707000FD98FAF
:109EF000D1B723A4A1B48280377700401C4309C5A1
:109F000093E707101CC3828093F7F7EFE5BFB716FE
:109F10000240DC4251777D17F98F5D8DC8C2828087
:109F2000B717024023800702238007020547630614
:109F3000E50011476306E50082802380A702828046
:109F400015472380E7028280371702405C43914621
:109F5000B18B6385D700A1466382D706B7177A0015
:109F6000938707201CC1371602405C423707002048
:109F70001307877E9183BD8BBA9794231C41B3D777
:109F8000D7005CC15442A1829D8ABA969422B3D66E
:109F9000D70014C55442AD829D8A36971823B3D793
:109FA000E7005CC5584239839376370013870183F5
:109FB00036971823B3D7E7021CC982805C43584305
:109FC000C166C983758FB7F6FF1F83A6C670BD8BA8
:109FD00089071396160163480600C5460146639239
:109FE000D702C94739A88946638FD702BD46638E19
:109FF000D702C146638ED702C54601466393D70098
:10A00000C1471DEF3747024003270780418B05C733
:10A0100037177A0013070720B307F7021CC121D6B0
:10A020001C41858381B701466DBF0546B547D1BF49
:10A030000146BD47F9B737173D0013070790E9BF41
:10A04000B7150240D8559316F700D85563DF0604BC
:10A0500011833D8B9306170037177A0013070720EB
:10A060003357D70218C1D455A182BD8A8DE29546D7
:10A070003307D702058318C13717024058571441D8
:10A080003D8B050733D7E60218C1184171B78545E6
:10A090006394B600E546E9BFBD456396B600D14678
:10A0A0003387E602C9BF8906E5BF3D8B93061700DB
:10A0B00037177A00130707203357D702F1B799C52E
:10A0C000371702405C4B5D8D48CB8280B71702404A
:10A0D000D84B1345F5FF798DC8CB828099C53717CA
:10A0E00002401C4F5D8D08CF8280B7170240984F09
:10A0F0001345F5FF798D88CF828099C537170240C7
:10A100005C4F5D8D48CF8280B7170240D84F134512
:10A11000F5FF798DC8CF8280935755000547639925
:10A12000E700B71702409C4333D5A700058982801A
:10A1300009476396E700B71702409C53F5B7B71776
:10A140000240DC53D5B7371702405C5793F7F7F05E
:10A150005D8D48D78280B7160240DC5645777D1763
:10A16000F98F5D8DC8D6828009C9371702401C431C
:10A17000B7060010D58F1CC38280B71602409C42E0
:10A18000370700F07D17F98F9CC2828099C5371779
:10A1900002401C575D8D08D78280B7170240985740
:10A1A0001345F5FF798D88D78280B737004003D7F4
:10A1B0004780136707012392E7808280373700408A
:10A1C00083574780C207C183BD9BC207C183231247
:10A1D000F7808280B736004083D7868103D5C68159
:10A1E00003D78681C207131605014207C183418345
:10A1F0004182938606806386E700CA2E4207598D06
:10A20000828013950701518D8280EF62CFB041119A
:10A210002AC6EFF09FF93245B737004013570501C2
:10A220004205239CE7804181239EA780EFF01FF920
:10A2300041016F608FB0EF620FAE41112AC6EFF09F
:10A24000DFF63245B7370040135705013D8B420515
:10A250002394E78041812396A780EFF03FF64101E8
:10A260006F60AFAD373700408357478093F70702E1
:10A27000E5DF82803737004083574780C207C183BC
:10A28000DD9BC207C1832312F78037370040835715
:10A290004780A18BEDDF82801E2189C593E70704EB
:10A2A0001EA18280C207C18393F7F7FBC207C18357
:10A2B000C5BF85479181B395B7005E21C205C181B5
:10A2C00001C6DD8D4EA1828093C5F5FFFD8DDDBFFA
:10A2D0004EA582804A2582800A256D8D3335A000E7
:10A2E00082805E21162513F7F50005453317E5003A
:10A2F000C207758FC18301CB91813315B5007D8D68
:10A300003335A0008280014582801E21373701400D
:10A31000930607C0C207C1836300D504B706004097
:10A32000630CD502938606406308D502B716004039
:10A33000138606806302C502938606C0630ED500AD
:10A3400013070740630AE50037570140930607C02B
:10A350006304D5006316E500BA2193F7F7F8D98FA7
:10A3600037170040630CE500130707406308E5005A
:10A3700093F7F7CFFA21C207C183D98F1EA1DE213F
:10A380005EB59E211EB5B7370140138707C0630E27
:10A39000E50093870740630AF500B757014013872C
:10A3A00007C06304E5006314F5009C251EB98547CA
:10A3B0005EA982801E31922103D82500C207C18385
:10A3C000F99BC207C1831EB11E3156211A2DC20747
:10A3D000C183420741831377C7F8518F9225F59BBC
:10A3E000C20633660601D18F37360140130806C016
:10A3F000C182630E050113060640630AC500375685
:10A400000140130806C0630405016310C502B225AC
:10A41000DD9B03D8E500D18FD221ED9B93F6F6CFDB
:10A42000D18FD22533660601D18E56A11AADFA21FD
:10A430005AB91EB182801E3165771307F7CFC20764
:10A44000C183BD9BC207C1831EB11E31562103D8F3
:10A450008500C20713960601162DC18393F7F7FDF9
:10A46000758F96214182A206558FB62142074183FE
:10A47000B3E606019206D58FB7360140C2071388AE
:10A4800006C0C183630E050193860640630AD500AA
:10A49000B7560140138806C063040501631ED50248
:10A4A000B62593F7F7F703D8C5009206D58FD621C6
:10A4B000C207C183920693F7F7FBD58FFD7693868B
:10A4C000F63FF18EF225C207C183336606010A0604
:10A4D000D18E13960601418252A11AADFA211ABDFE
:10A4E0001EB182801E3103D88500C207C18393F755
:10A4F000F7EFC207C1831EB11E3156215A2DC20784
:10A50000139606014207962141831377C7F8558FAA
:10A51000B621C18393F7F7DFB3E60601A206D58F14
:10A52000B7360140C207138806C04182C183630E5B
:10A53000050193860640630AD500B756014013888B
:10A5400006C063040501631FD502FD769386F67F7E
:10A55000F58FB62503D8C500A206D58FD621C20730
:10A56000C183A20693F7F7BFD58FF576FD16F18E5E
:10A57000F225C207C183336606011206D18E1396F7
:10A580000601418252A15AADFA215ABD1EB1828004
:10A590001A31FD77FD17F98F1EB1035805025621B8
:10A5A0005E2D65771396060196211307F7CF7D8FF1
:10A5B000F977A206FD17558FB3F70701B62103D827
:10A5C000850042074182B3E60601B206D58FB73651
:10A5D0000140C207138806C04183C183630E050191
:10A5E00093860640630AD500B7560140138806C01B
:10A5F00063040501631BD500F176FD16F18ED225AB
:10A600001A06D18E13960601418252A15AADFA2143
:10A610002310E5041EB182801E2189C593E717002F
:10A620001EA18280C207C183F99BC207C183CDBF2F
:10A630005E2501C6DD8D4EA5828093C5F5FFFD8D9B
:10A64000DDBF1E2DC207C183DD9BDD8D0EAD828077
:10A650001A2DFD779387F77FF98FA205CD8FC2075B
:10A66000C1831EAD82805E2DC207C183DD9BDD8D5F
:10A670004EAD82805A2DFD779387F77FF98FA20523
:10A68000CD8FC207C1835EAD82805E21C207C183C8
:10A6900093F7F7F8C207C1835EA15E21DD8D4EA15D
:10A6A00082801E294A25ED8F4205418189C76D8D23
:10A6B0003335A00082800145828093C5F5FFC20535
:10A6C000C1810EA98280EF521FE51629F577FD178B
:10A6D000F58FF621DA257971D58F1EA95625FD77DC
:10A6E0009387379FF58FD6212A842EC6D58F96253E
:10A6F000D58FB625D58F5EA55E29C207C18393F796
:10A70000F7CFD98F5EA96808EFF01F84B7470140E3
:10A7100093870780B245631AF404A257562465470D
:10A72000B387E702C206C186984163D206040607D2
:10A7300052244206B3D7E702130740064186B3D638
:10A74000E702B3F7E7029206635506028E07938786
:10A750002703B3D7E70213F77700B367D700C20721
:10A76000C1831EA445616F505FDD925745BF0A0744
:10A77000C1B7920793872703B3D7E702BD8BD58F65
:10A78000F9BF91C55E250967D98F5EA582805A25DC
:10A79000F977FD17F98FD5BF93F5F51F4EA182808C
:10A7A0000A216D8D3335A000828013F7F50F8546A1
:10A7B0001583B397B6006311D7025A25F98F1A2172
:10A7C00001454207418381CB0545A181B315B50001
:10A7D0006D8F3335E000828089466314D7001A29D3
:10A7E000F1BF5A29E1BF83A741B49843634B0702E5
:10A7F0009843370600304E05518F98C3984337066B
:10A8000000804D81518F98C3C8C38CC737970240D1
:10A81000114650CB23220700DC47054523A2F1B4A3
:10A82000828001458280EF521FCF856585479385E1
:10A8300005806318F50037150140EF20802B6F501D
:10A84000DFCF37150140EF20C02BD5BFEF52BFCC73
:10A850008547930500406318F50037150140EF2048
:10A8600040296F509FCD37150140EF208029D5BF7B
:10A8700037F7FF1F81471307D77E99463306F74006
:10A880000C223306F50085070CA2E399D7FE8280DF
:10A89000938781B598433A9588C3828003A781B591
:10A8A00023AAE1B4B787024003A7471C25EF03A7FB
:10A8B0004719894763F8E706EF52FFC503D581B60C
:10A8C000F945138481B6EFF0CFAD93572500858B02
:10A8D000A9C74D99131605010A204182F945EFF0E9
:10A8E000CFB1378702408327071093E71700232053
:10A8F000F71083270710858BEDFFB787024003A76A
:10A90000471C11CB238E01B4D843B706008093C6F1
:10A91000E6FF758FD8C36F505FC2136545004205CF
:10A9200041814DBFB787024003A7471C19CB238E37
:10A9300001B4D843B706008093C6E6FF758FD8C32D
:10A9400082808280EF529FBB938481B68A20954596
:10A95000138481B6EFF0EFA42A898A208545EFF0B1
:10A960004FA49377F901138961B6638A071483476B
:10A970000900C1E30A208547F9452300F900A382B5
:10A98000F1B6EFF00FA21376C5FF420693771500DC
:10A990004182A9CF136626000A20F945EFF0EFA502
:10A9A0000A208145EFF0EF9F1376E5FF42060A206B
:10A9B0004182136606208145EFF02FA40A208145CD
:10A9C000EFF02F9E136635200A2042064182814512
:10A9D000EFF0AFA283A701B613074006B3F7E70273
:10A9E00093872703238AF1826F509FB41366160062
:10A9F00065B705476397E70089472300F900A382FD
:10AA000001B6938761B703870700634607069384FF
:10AA1000518394202147639AE6040A20F945EFF018
:10AA20004F981376350F0A20F94590A0EFF0EF9C70
:10AA3000238004000A208145EFF0AF961376E5FFEE
:10AA400042060A204182136606208145EFF0EF9A04
:10AA50000A208145EFF0EF94136635200A20420664
:10AA600041828145EFF06F9921A0130700F898A368
:10AA7000238A01B695BF9387D1B798239306170011
:10AA800094A39546E316D7FE1375050275F19384DA
:10AA90005183238007009C2011490A20F945E38057
:10AAA00027F9EFF00F901376350F0A201366460052
:10AAB000F94590A0EFF06F9423802401A5BF0347D0
:10AAC000090085476312F708138751B61C23A14676
:10AAD0008A20850793F7F70F1CA3639BD7002300F9
:10AAE0000700230009002146F945EFF00F91EDBD65
:10AAF000F945EFF00F8B1376C5FF420693771500EB
:10AB00004182A1C3136626000A20F945EFF0EF8EBB
:10AB10000A208145EFF0EF881376E5FF42060A2010
:10AB20004182136606208145EFF02F8D0A20814572
:10AB3000EFF02F87136635204206418281450A20B7
:10AB40006DB713661600C9B7138441B7834A040072
:10AB5000138A61B783460A0093871A001307000817
:10AB600093F7F70F6394E6063D476384EA001CA061
:10AB7000A5BD8A202300040023000900138451830B
:10AB800021492146F945A38E01B623000A0023007E
:10AB90002401EFF08F86230024018A208145EFF005
:10ABA0004F801376E5FF42068A2041821366062015
:10ABB0008145EFF08F848A208145EFE09FFE136688
:10ABC00035204206418281458A2005B79389518309
:10ABD00003C709001DE71147E39BEAF88A20F945FE
:10ABE00023000400EFE0FFFB1376350F8A20136685
:10ABF0004600F9452380C900EFF02F8023805901DA
:10AC000069BF91466318D7023D47E392EAF68A206E
:10AC10002300040021442146F945A38E01B62300F8
:10AC2000090023000A0023808900EFE01FFD238034
:10AC30008900A5B71CA093074006E397FADA8A209B
:10AC400021668145EFE07FFB238E01B6A38E01B61E
:10AC5000238E01B4A1472300040023000900230030
:10AC60000A002380F9002146F945B9BFEF52BF8A97
:10AC7000938751B798231377F70F2DC303A781B597
:10AC800083A681B7158F9306301F63F7E604374715
:10AC900002402380070083270780138481B60A209F
:10ACA00093E747002320F78021668145EFE0FFF41A
:10ACB000238E01B6A38E01B6238A01B6238301B683
:10ACC0000A20238E01B4238B01B621472146F94582
:10ACD000A38AE182EFE07FF26F503F861389C1B70C
:10ACE00083470900138441B6C1EB83C661B60547AB
:10ACF000138961B693844183636BD70003D581B612
:10AD00009545EFE01FEA7D8919C1238004009387F0
:10AD100081B59043938681B794428C20158E93869B
:10AD200081B5138781B76361B6040346090085477F
:10AD30006311F604138601B61C42B74503009385E0
:10AD40001540B387B702B7A52600938595ECAE975B
:10AD50001CC213064006B3F7C702938727039CA0C3
:10AD60009C421CC3EFF01FBE1C20BDD72300040073
:10AD7000A5B793072003E5B71C209384C1B5A5C3ED
:10AD800083A781B503A781B7998F1307900F6378C5
:10AD9000F70423000400138481B60A208545EFE000
:10ADA0005FE09377450085EFEF50F0380A20216689
:10ADB0008145EFE09FE4A38E01B6238A01B60A2005
:10ADC000238301B6238B01B621472146F945230091
:10ADD000090023800400A38AE182EFE01FE29C20A7
:10ADE000E38C07EE03A741B583A781B5998F1307BD
:10ADF0003006E373F7EEEFF07FAAF9BDEF52AFF143
:10AE000041118545414502C202C402C6EFF00FADB3
:10AE10008D477C82C1473EC64C008D4737150140A7
:10AE20003EC4EFE0BFF3856593850580371501408B
:10AE3000EF10304C9305004037150140EF10704B78
:10AE400041016F508FEFEF520FED0145EFF0CFB1A1
:10AE50004145EFF04FAF3565EFF0EFAF0545EFF04F
:10AE6000AFB01305D003EFF02FAB65DD6F50EFEC03
:10AE7000EF526FEA138481B60A209545138981B693
:10AE8000EFE03FD2AA840A208545EFE09FD1937777
:10AE900045002A8495C38DE0374702408327078009
:10AEA000ED9B2320F7800547A38AE1B603A781B570
:10AEB00023ACE1B66F506FE82285EF50D0271374B2
:10AEC000440293074002631AF40803550900C14580
:10AED000EFE03FCD1189B786024019E5FD8885472F
:10AEE000B78602406385F4069C4205671307078016
:10AEF000D98F9CC2B78702409843D176FD16758FD3
:10AF000098C39146238ED1B6D843B70600808506F4
:10AF1000558FD8C303A707101367170023A0E710A6
:10AF20003787024083270710858BEDFF0547238E67
:10AF3000E1B403A781B523AAE1B4EFE07FDCB787D2
:10AF400002409C43AD83858B2388F1B4A5B79C4216
:10AF50007D771307F77FF98F69BF37470240832753
:10AF60000780ED9B2320F7800547A38AE1B603A75E
:10AF700081B523ACE1B6E1B7EF524FD831713796C6
:10AF80000240B7067000370760005C4AF58FE39E09
:10AF9000E7FE83C7C1B79384C1B795C703D581B610
:10AFA000F945138481B6EFE0DFBF1376C5FF420693
:10AFB000937715004182638C0722136626000A20CE
:10AFC000F945EFE09FC30964EFE03FD1130404713A
:10AFD000379902407D14420429454180EF50E03BFF
:10AFE00009C483270900858BF5F73705020013058F
:10AFF0008571EFF040514800EFE03FAD85473EC21C
:10B00000930700203ED6B70700023EC5856693072A
:10B0100000083ECD370720001389068093070004FF
:10B02000378402403AC94AD202CC02D002D802DEAA
:10B0300082C482C882CA82CC02C33ECF02D31C48DB
:10B04000938616A0378501808D9B1CC8B245A24708
:10B0500010401305150CCD8FB78520FF9385F51093
:10B060006D8ED18F4246B7950240D18F5246D18F17
:10B070007246D18F2256D18F5256D18F6256D18FC0
:10B08000D58F1CC01C40B7061000D58F1CC086474A
:10B090009646D58FB646D58F5CC0F6471CC48657FA
:10B0A0005CC43656A657144CD18F4656D18F56568F
:10B0B000D18F6656D18F4166130616F4F18ED58F67
:10B0C0009656C206D58F1CCC8A46F657D58F5CCCD7
:10B0D0005A46BA47944DD18F3746DEF8130636F2FA
:10B0E000F18ED58F8A56D58FB70620029386060C2F
:10B0F000D58F9CCD9386819CDC32CC22A207CD8F4C
:10B100003CC083C6919C83C7819C8545A206DD8E89
:10B1100083C7A19CC207DD8E83C7B19CE207D58F90
:10B120007CC0B70702002328E41093870702232678
:10B13000F410EFE03FC037A50020B7D500209309F9
:10B14000455D0946938545FF1305455DEFE01FB05A
:10B1500037A50020B7A50020130A45561D46938544
:10B16000455F13054556EFE09FB223A641B723A8DC
:10B1700031B71C407D771307F77FF98F1CC083C759
:10B1800001B591C71C4033E9270123202401B7866C
:10B1900002409C4251777D17F98F9CC2EFE05FB669
:10B1A0009C20138481B6B9E70A2021668145EFE02F
:10B1B000DFA4A38E01B6238A01B6238301B60A2039
:10B1C000238E01B4238B01B621472146F945238004
:10B1D0000400A38AE182EFE05FA205472382E1B683
:10B1E00003A781B523ACE1B629616F506FB4136634
:10B1F0001600F1B30A20F945EFE0BF9A1376C5FFB8
:10B20000420693771500418291CB136626000A20EF
:10B21000F945EFE09F9E9C20E9F379B7136616008D
:10B22000FDB783A7C1B41307000293F7070F639F0D
:10B23000E700B79702409C533707FE1FF98F99C765
:10B24000EF526FADEFF05FD36F502FAF8280EF52B0
:10B250008FACEF50006DEF504051EFF03FA1EFF099
:10B260005FFC6F508FADEF520FAB378702401C4B26
:10B270002E8481458D9B1CCB50411C411443D18FA2
:10B28000378620FF1306F610F18ED58F1445D58F23
:10B290005445D58F1449D58F5449D58F144DD58F2A
:10B2A000544DD58F1451D58F5451D58F1455D58FFA
:10B2B0005455D58F1459D58F5459D58F1CC31C4361
:10B2C000B7061000D58F1CC3545D1C5DD58F34416B
:10B2D000D58F7441D58F3445D58F7445D58F34497A
:10B2E000D58F7449D58F5CC33C4D1CC77C4D5CC762
:10B2F00030557C51144FD18F4166130616F4F18EF0
:10B30000D58F745537960240D58F3459D58F7459DF
:10B31000D58F3451C206D58F1CCF745D3C5DD58F5F
:10B320005CCF8326450883270508184ED58FB7467E
:10B33000DEF8938636F2758FD98F03278508D98F6B
:10B340000327C508D98F03270509D98F0327450986
:10B35000D98F03278509D98F0327C509D98F0327DB
:10B36000050A2285D98F1CCE2166EFE01F89214670
:10B37000F9452285EFE07F8805456F500F9CEF521D
:10B38000EF9731718545AA847165EFE05FD38547FA
:10B390002394F1B6EFF03FAB374702408327078095
:10B3A00009641304047193E747002320F780EFE05A
:10B3B0008FF0138981B6EFE05F92B79902407D1458
:10B3C000420429454180EF40507D09C483A709000C
:10B3D000858BF5F74800EFE04FEF8567938707808F
:10B3E0003ED285473EC2930700203ED683550900D2
:10B3F000B70700023EC593070008370420003ECD82
:10B4000048009307000422C93ECF02CC02D002D8E4
:10B4100002DE82C882C482CA82CC02C302D3EFF0A9
:10B420009FE4DC30D820B7860240A207D98FBCC287
:10B4300098309C203785018022075D8FBC20854590
:10B440001305150CC2075D8FBC30E207D98FFCC213
:10B45000B707020023A886109387070223A6F610D9
:10B46000EFE05F8D29616F50AF8CEF52CF8AB797B5
:10B470000240C04B13170401635A070213770408F4
:10B480001DC303A7C1B4C1461377070F6319D700C3
:10B49000F847B7060080584714C323A407001305D4
:10B4A0000008EFE07F842165EFE01F849317F4002C
:10B4B00063DA07029377040489C713050004EFE0F9
:10B4C000BF829377140081C70545EFE0FF81635881
:10B4D0000400EFF0FF9937050080EFE0FF80416541
:10B4E000EFE09F806F506F85EF52EF822A84130543
:10B4F0004006EF40F06DEFE00FD423A6A1B4EFF0CB
:10B50000FF8F3C3058202285B98F5830B98F37478C
:10B51000030013071740B387E70237A72600130776
:10B5200097ECBA9723A0F1B6EFF07FE537A500209E
:10B53000B7D500201304455D0946938545FF1305E3
:10B54000455DEFE0AFF037A50020B7A500209304DC
:10B5500045561D469385455F13054556EFE02FF38D
:10B5600023A691B623A881B60967B7E700E023A414
:10B57000E710A38607446F405FFCEF42DFF93971A3
:10B58000930700603ECA9307405B3ECC8567938774
:10B5900047273ECE930720033ED0930730103ED27C
:10B5A000B727554089073ED4B7B700009387C784B3
:10B5B0003ED6B7B70000938767823ED8B7A7000092
:10B5C0009387677E3EDAB7573412938787672A8955
:10B5D00048082EC632C4B68402DC3EDEEF50B023EB
:10B5E0002A8419E92246B245A6864A85EF5090166C
:10B5F0002A842685EFF05FEF228521616F40FFF3FB
:10B600008280EF425FF1371401209304C4CD884457
:10B610004111EF10102FDC442547FD176366F70436
:10B62000370702008A0713078772BA979C4313757E
:10B63000F50F1304C4CD828789470E285CC4A1810D
:10B640000DA00C280844EF10F02CA9475CC429A8D1
:10B6500008448145EF10102C8D47CDBF058905C5E5
:10B6600095450844EF10102B41016F401FED1E2C33
:10B67000584881453E97850708A3C2073A2CC183E5
:10B680001EACE3E0E7FE0C2048407C0001478D46FD
:10B69000054602C6EF40E064B247F9D7B7E700E0DD
:10B6A000116723A0E720C9B7954741BF0C2808447C
:10B6B000EF105026994759BF1A2C3E2CE375F7FC22
:10B6C0005C489306170016ACBA978C2359BFEF421B
:10B6D0009FE4371401204111A5471304C4CD5CC475
:10B6E0000CA0B71401402AC6EF40801C48C08565F5
:10B6F000138504C0EF10E04008449945EF109021F5
:10B7000032460820FD55EF40C0292A840545EF3018
:10B71000103F138504C08565EF10A03D8547114596
:10B720006313F400014541016F403FE1EF42BFDE8A
:10B73000371401204111A1471304C4CD5CC40CA0EF
:10B74000B71401402AC6EF40A01648C0856513858E
:10B7500004C0EF10003B08449545EF10B01B324683
:10B760000820FD55EF40E0232A848565138504C039
:10B77000EF102038854711456313F400014541015E
:10B780006F40BFDBEF429FD7371401201304C4CDB5
:10B790004111B6894CC832AC18A03AC60AA8231C7D
:10B7A0000400EF40E010324748C04E85BA85EFF004
:10B7B000FFF7AA840DE9371901408565130509C013
:10B7C000EF102034084485478D455CC4EF10901479
:10B7D0000820FD554E86EF40C01CAA8485651305E0
:10B7E00009C0EF100031854701456383F40011451E
:10B7F00041016F40FFD3EF427FD037140120930700
:10B80000C4CD2A8A8853B7440040AE8932891304D4
:10B81000C4CDEF105056938A048089455685EFE0D9
:10B82000BFAB15C9D28513850480EFE07FAA08500D
:10B83000B7440040138A0480EF10F05385455285C9
:10B84000EFE09FA90DC113850480EFE0BFA823801E
:10B85000A900014539A00850EF103053E37FA9FA41
:10B8600019456F40FFCC0850EF103052E378A9FC27
:10B87000C5BFEF425FCAAA843715014041118565F3
:10B88000130505C0EF10E02726869305F100154546
:10B89000EFF07FF69C872A84858B91C375D5371589
:10B8A00001408565130505C0EF10A02422854101E4
:10B8B0006F40BFC8EF429FC4B71401209387C4CD27
:10B8C0002A89885341113684AE8A328AEF1070205B
:10B8D0003745004001469305000613050580EFE05B
:10B8E0005F9D2285EFF0FFF8371501408565130550
:10B8F00005C0EF10002122869305F1000D45EFF001
:10B900009FEF22869305F10013558900EFF0BFEEFB
:10B910001375F90F22869305F100EFF0DFEDAA8988
:10B9200001499384C4CD93170901C18363FB470187
:10B93000B3852A0122860145EFF0FFEBAA890509AC
:10B940007DD1371501408565130505C0EF10601ADC
:10B950003745004005469305000613050580EFE0D6
:10B960005F958850EF1090434E8541016F405FBC5A
:10B97000EF427FBA371401404111130504C08565B9
:10B98000EF10201805469305F1001945EFF0BFE6CA
:10B99000AA840545EF40D023130504C08565EF1048
:10B9A0004015268541016F405FB9EF423FB52A84BB
:10B9B000371501404111130505C02E8A8565B684EF
:10B9C000B289EF10001426869305F1000945EFF0C7
:10B9D0009FE226869305F10013558400EFF0BFE146
:10B9E0001375F40F26869305F100EFF0DFE02A8946
:10B9F000014493170401C18363FD3701B3078A0033
:10BA0000882326869305F100EFF0FFDE2A890504DE
:10BA10006DD1371501408565130505C0EF10600D28
:10BA20004A8541016F40DFB0EF427FAC2A8C374539
:10BA30000040B2842E8B0146930500061305058055
:10BA4000368AEFE01F8733079C00A167114963C95D
:10BA5000E706BDC48149930B0004B71A0120528543
:10BA6000EFF03FE19377FC03B387FB40C207C1834C
:10BA70003E8463F3F4002684420441802286B305A9
:10BA80003B0113850AD0EFD0B03A5285EFF05FEE5C
:10BA90002A891DE5D286228693850AD06285EFF039
:10BAA000DFF02A8911ED818CA299C2046294C20947
:10BAB000131C0401C18093D90901135C0C01C5F06A
:10BAC0003745004005469305000613050580EFE065
:10BAD0004FFE4A856F403FA5EF425FA23714012019
:10BAE0001304C4CD4111B6894CC832AC18A03AC673
:10BAF0000AA8231C0400EF30B05B324748C04E85D3
:10BB0000BA85EFF0BFC2AA840DE9371901408565F7
:10BB1000130509C0EF00F07E0844914789455CC4D5
:10BB2000EF10405F0820FD554E86EF309067AA84E5
:10BB30008565130509C0EF00D07B85470145638308
:10BB4000F400114541016F40BF9EEF425F9ABA8BEE
:10BB5000A1673307C50063C1E7082A89328411450C
:10BB600035CA2E8B368A8149130C0004B71A01207E
:10BB70009377F903B307FC40C207C183BE846373A4
:10BB8000F400A284C204C180B3053B01268613855C
:10BB90000AD0EFD0F029DE855285EFF03FB91DE9DC
:10BBA00089455285EFF0BFB215E50947D286268652
:10BBB00093850AD04A85EFF03FF209ED058CA699EE
:10BBC00042042699C2094209418093D909011359B7
:10BBD000090159FC6F403F951145EDBF9E21411170
:10BBE0002AC43EC6B24722479306C00DB387D70288
:10BBF000930640023307D702BA97A183C207C183D5
:10BC00007C833C8328839EA1410182809E21411137
:10BC10002AC43EC63247A24693070010918FB387CD
:10BC2000D7023306E602B297A183C207C1837C83A1
:10BC30003C8328839EA141018280B717012093870E
:10BC400007D523A0070023A2070023940700B717F6
:10BC50000120938707D423A0070023A2070023A471
:10BC6000070023960700239F01B68280938741B87F
:10BC700023A0070023A20700239001B882809147E8
:10BC8000D38705F063E7A702931715003715012046
:10BC9000130505D53E951C21A9C314313717012082
:10BCA0001307071DB697FD17C207C183B14563F59A
:10BCB000D700D30700F015A06389F6003386B702DA
:10BCC0003A9618625306F7A001CEB146B387D70261
:10BCD000BA97D4639867C3F7D770538507E082801B
:10BCE000FD17C207C183E1B785476383F5043717A2
:10BCF00001200605130707D52A971C2385E793869D
:10BD0000E1B79E221306400605453388B70063421B
:10BD100006031CB3FD171386F5FFAE9710A39EA272
:10BD200001458280FD1501456385B7000945828084
:10BD30000D45828085476382F5040605938741B8E7
:10BD4000AA9798230DE703D701B893060005054588
:10BD50002E9763C5E6021387F5FF9386E1B798A394
:10BD60009A22014598B37D172E979AA28280FD15DD
:10BD700001456305B700094582800D4582808D47E6
:10BD8000D38705F063E5A70293171500138541B823
:10BD90003E951C21A9C31431371701201307C7D5BD
:10BDA000B697FD17C207C183B14563F5D700D30726
:10BDB00000F015A06389F6003386B7023A96186240
:10BDC0005306F7A001CEB146B387D702BA97D46322
:10BDD0009867C3F7D770538507E08280FD17C207C5
:10BDE000C183E1B7530606F0D30707F0D38607F007
:10BDF000538706F0D3F5D708D3F6C6105375E60877
:10BE0000C7F7E7685377C708D3F5A518D3F7E7183E
:10BE10000CE19CE182809317150037150120130572
:10BE200005D53E951C216378F604EF42CFEE003134
:10BE3000B1472E8922961314060141803304F4027F
:10BE400003270900832789008326C90003264900A8
:10BE5000B71401209384041D930584001305440046
:10BE60002695A695EFF01FF88727C900269401456F
:10BE70001CE06F408FEC09458280931715001385F5
:10BE800041B83E951C21850763C3C702EF422FE6E8
:10BE9000371A01200149AE8A9309F6FFAA84B14BF3
:10BEA000130ACAD56347390101456F40CFE70945F9
:10BEB0008280803093163900338BDA004A94330441
:10BEC0007403A106D6969C4203270B00D442032696
:10BED0004B0005091379F90F9305840013054400FD
:10BEE000D2955295EFF01FF087274B0052941CE03B
:10BEF00055BFB1473305F502B71701209387076D8A
:10BF00003E959C45230005001CC501458280B14734
:10BF10003305F502B71701209387076DAA978CA305
:10BF200001458280371701201307076D13060703A9
:10BF300085470C23142181CDDD8E860714A193F74C
:10BF4000F70F91E385473107E315E6FE828093C53D
:10BF5000F7FFED8EDDB7B1473305F502B7170120C6
:10BF60009387076DAA9788238280EF422FD93714D1
:10BF700001201304446481448949130A4006854A18
:10BF800015495C40638537071C4C268582977828C5
:10BF9000630CA7041C4485071CC429E7184863796F
:10BFA000F7005C4068A893C7F7FF858BA98F5CA852
:10BFB000850493F4F40F7104E39524FD37140120F4
:10BFC0001304046D8144114958401C440C2019E3AA
:10BFD00093B515002685850482973104E39624FFE6
:10BFE0006F400FD5584465BF23240400D1B75C28A7
:10BFF000850793F7F70F638447015CA855BF1C4082
:10C00000230A0400985B6315570123A807024DB764
:10C0100023A6070271BFF1473305F502B7170120C8
:10C0200093874764AA97C82B8280B717012093870C
:10C030004764938647F7014503C7470806059117EC
:10C04000058B598DE39AF6FE82803717012013077E
:10C0500047641306C70885474C2B142181CDDD8E1C
:10C06000860714A193F7F70F91E385477107E3154E
:10C07000E6FE828093C5F7FFB3E6B60293F6F60FAD
:10C08000C5B7EF424FC9B717012083A78770411189
:10C090004886CC86AA972380070003A501B92E8481
:10C0A00081467D566C00EF20E0439307000863143F
:10C0B000F40023A601B841016F402FC8138501B9D0
:10C0C0008280B717012003D5C7708280EF42AFC4CA
:10C0D0003E2937140120130404703EA85C4903492B
:10C0E000050054455CC81C451829AA844A863E852B
:10C0F00081451CC454C418A823002401EF40AFC4D8
:10C10000D8404A86814558C0EF40EFC303A501B926
:10C110008145EF20002601456F402FC2EF420FBE40
:10C12000B714012001449384047005498949094AE0
:10C130009C20636DF400B62881CA9387C1B89843E8
:10C14000050763E9E60698C36F408FBEDC48228589
:10C15000829763112503DC40A297982301CB2380AB
:10C160000700930500042285EFF0BFF10504137466
:10C17000F40F7DBF984422971C23850793F7F70F90
:10C180001CA3D8402297142389EA9428E3E0D7FE21
:10C190002300270193050008F9B7F03463E4C700D2
:10C1A00063872601F024E3E3C7FCE39146FD230007
:10C1B0003701CDB793050002014523A00700EFF03A
:10C1C0005FEC59B7EF422FB505E5B7170240984F1E
:10C1D0001367072098CFD84713670720D8C7D847D9
:10C1E0001377F7DFD8C73165EFD07FD26F40EFB458
:10C1F0008547E31AF5FEB7170240984F13670740CB
:10C2000098CFD84713670740D8C7D8471377F7BFE9
:10C21000D1BFEF424FB01317250093870193BA9710
:10C220008043370700FC7D171C44AA8493E717005E
:10C230001CC45C40F98F5CC01C4493E787001CC49D
:10C240002285EFD08FD26DFD1C4493E747001CC4BC
:10C250002285EFD00FD26DFD2285EFD0CFE286048C
:10C260009387C1B9A6978AA36F402FAD0A0593871C
:10C270000193AA979C43E84742054181828031712E
:10C280002AD7372501402ED506DF16DD1ADB1ED949
:10C2900032D336D13ACF3ECD42CB46C972C776C5EE
:10C2A0007AC37EC182FE86FC8AFA8EF892F696F4F4
:10C2B0009AF29EF0A2EEA6ECAAEAAEE8B2E6B6E4E6
:10C2C000BAE2BEE0930500221305054042FE46FC9B
:10C2D0004AFA4EF852F656F45AF25EF062EE66EC06
:10C2E0006AEA6EE872E676E47AE27EE0EFD0EFD7B3
:10C2F00001C583A741B982973735014093050022D4
:10C3000013050580EFD06FD601C583A781B9829749
:10C31000FA50EA525A53CA533A55AA551A568A56EF
:10C320007A47EA475A48CA483A4EAA4E1A4F8A4FA5
:10C330007670E6705671C6713672A6721673867381
:10C340007664E6645665C6653666A66616678667D1
:10C350007278E2785279C279327AA27A127B827B41
:10C36000726CE26C526DC26D326EA26E126F826F91
:10C3700029617300203006059387C1B9AA97839776
:10C3800007000145AE9763C0070291CD856613870C
:10C39000F6FF3A8563D9D7002E856386E5001395AD
:10C3A0000701418182808280EF424F950111AA846A
:10C3B0002E8AB28A8145130600020A85B689EF40AB
:10C3C0008F982685EFF01FE085473EC21397240023
:10C3D00093870193BA9780438A8502C0228502C45D
:10C3E0004EC602C8230A410102CC02CE3709020020
:10C3F000EFD0EFB081471309097563954703B7077D
:10C400000E00638FF9021C4437071000D98F1CC43B
:10C410001C44268593E707101CC4EFF09FDF0561DD
:10C420006F400F91138B1700D6979C238946137684
:10C43000FB0FCA978C232285EFD0AFB5DA8775BF83
:10C440001C443707F0FF7D17F98FD1B7EF420F8BF0
:10C450007971AA842E8A3289B6893AC6EFF09FD6BE
:10C46000324713942400138641B9229618C281459D
:10C47000130600020808EF400F8D85472302F102E2
:10C4800093870193A297804352CEB7070E00630DA6
:10C49000FA021C4437071000D98F1CC40C082285EF
:10C4A000EFD0EFA54E86CA8513052002EF00F006F7
:10C4B0000546930500222285EFD0CFA92685EFF00F
:10C4C0005FD545616F40CF861C443707F0FF7D176D
:10C4D000F98FE1B7EF422F842A8437050020EF005F
:10C4E00050001C40814501451397270093878183A5
:10C4F000BA97944318445C40D98F5844D98F184850
:10C50000D98FB397D700377700402320F740032611
:10C5100007408547B397D700D18F2320F740EFD04E
:10C52000AFCF6F408F81EF321FFF131425000945F5
:10C53000411133158500EFD08FD68547631FF50075
:10C54000B717012093878771A2979C432AC68297C9
:10C55000324533158500EFD04FD541016F30FFFDD7
:10C56000B70700200A059387877FAA9794434167FE
:10C5700079179C42F98F9CC28280EF323FF80441C8
:10C580003D49994741112A84AE893319990063E4E2
:10C59000970A371702405C4B93E717005CCB3707CD
:10C5A00002405C4333E92701232227015C44CDC7C5
:10C5B00005476386E70A8567930A00201389078089
:10C5C000B71501201397240093858571BA9594C1FE
:10C5D00026853A8A32C4EFF0BFF8370700200C48AE
:10C5E0001307877F5C4052971843CD8F0C44144348
:10C5F000B3E75701CD8FE175BD05ED8ED58FB3E75C
:10C60000270193E707081CC35E2C2246CE855CC336
:10C610005C481385B4011CC71C4C5CC71C4393E7E2
:10C6200027001CC3994763F4970013851404F5256C
:10C6300041016F30FFEF8545094536C632C4EFD062
:10C640001FA8B707024003A74740B24622463369F6
:10C65000270123A2274199BF814A014995B7930A2F
:10C66000001013090040A9BFB70700200A059387EF
:10C67000877FAA9798431C4393E717001CC38280C7
:10C68000B70700200A059387877FAA979C43CCC3EE
:10C690008280317106DF16DD1ADB1ED92AD72ED52E
:10C6A00032D336D13ACF3ECD42CB46C972C776C5DA
:10C6B0007AC37EC182FE86FC8AFA8EF892F696F4E0
:10C6C0009AF29EF0A2EEA6ECAAEAAEE8B2E6B6E4D2
:10C6D000BAE2BEE0014542FE46FC4AFA4EF852F686
:10C6E00056F45AF25EF062EE66EC6AEA6EE872E6C2
:10C6F00076E47AE27EE0EFF01FE3FA50EA525A5312
:10C70000CA533A55AA551A568A567A47EA475A489A
:10C71000CA483A4EAA4E1A4F8A4F7670E670567142
:10C72000C6713672A672167386737664E6645665B1
:10C73000C6653666A666166786677278E2785279AD
:10C74000C279327AA27A127B827B726CE26C526D71
:10C75000C26D326EA26E126F826F2961730020303B
:10C76000317106DF16DD1ADB1ED92AD72ED532D35A
:10C7700036D13ACF3ECD42CB46C972C776C57AC3D1
:10C780007EC182FE86FC8AFA8EF892F696F49AF2C0
:10C790009EF0A2EEA6ECAAEAAEE8B2E6B6E4BAE2F1
:10C7A000BEE0054542FE46FC4AFA4EF852F656F403
:10C7B0005AF25EF062EE66EC6AEA6EE872E676E4E1
:10C7C0007AE27EE0EFF03FD6FA50EA525A53CA536B
:10C7D0003A55AA551A568A567A47EA475A48CA48D5
:10C7E0003A4EAA4E1A4F8A4F7670E6705671C6714D
:10C7F0003672A672167386737664E6645665C665ED
:10C800003666A666166786677278E2785279C279CC
:10C81000327AA27A127B827B726CE26C526DC26DAC
:10C82000326EA26E126F826F2961730020303171F7
:10C8300006DF16DD1ADB1ED92AD72ED532D336D124
:10C840003ACF3ECD42CB46C972C776C57AC37EC1C8
:10C8500082FE86FC8AFA8EF892F696F49AF29EF0A0
:10C86000A2EEA6ECAAEAAEE8B2E6B6E4BAE2BEE010
:10C870000D4542FE46FC4AFA4EF852F656F45AF27C
:10C880005EF062EE66EC6AEA6EE872E676E47AE200
:10C890007EE0EFF05FC9FA50EA525A53CA533A5554
:10C8A000AA551A568A567A47EA475A48CA483A4E0B
:10C8B000AA4E1A4F8A4F7670E6705671C67136725C
:10C8C000A672167386737664E6645665C665366628
:10C8D000A666166786677278E2785279C279327AEC
:10C8E000A27A127B827B726CE26C526DC26D326EE8
:10C8F000A26E126F826F296173002030317106DFE2
:10C9000016DD1ADB1ED92AD72ED532D336D13ACF2F
:10C910003ECD42CB46C972C776C57AC37EC182FE80
:10C9200086FC8AFA8EF892F696F49AF29EF0A2EEBF
:10C93000A6ECAAEAAEE8B2E6B6E4BAE2BEE0114579
:10C9400042FE46FC4AFA4EF852F656F45AF25EF0AF
:10C9500062EE66EC6AEA6EE872E676E47AE27EE01F
:10C96000EFF07FBCFA50EA525A53CA533A55AA55CF
:10C970001A568A567A47EA475A48CA483A4EAA4E41
:10C980001A4F8A4F7670E6705671C6713672A6726B
:10C99000167386737664E6645665C6653666A66663
:10C9A000166786677278E2785279C279327AA27A0B
:10C9B000127B827B726CE26C526DC26D326EA26E23
:10C9C000126F826F29617300203093F7060113F80C
:10C9D000F60099C33368C80093F7F50FB9C31C413B
:10C9E0000147854E3D4F930F800293028004214EF4
:10C9F0003396EE00B3F8C5006311160393182700B1
:10CA000033131F011343F3FFB377F300B318180177
:10CA1000B3E7F800639FF60550C90507E31AC7FDA1
:10CA20001CC19307F00F63F5B70458412146854EAA
:10CA30003D4F930F800293028004414EB398CE0085
:10CA4000B3F715016392F802931726008117331389
:10CA5000FF001343F3FF3377E300B317F8005D8F54
:10CA6000639DF601232A15010506E319C6FD58C189
:10CA70008280E39456FA10C94DB7E39756FE2328F7
:10CA80001501DDB7EF323FA9C1460D46EFF0FFF3C8
:10CA90006F30BFAAEF323FA881460D46EFF0FFF29C
:10CAA0006F30BFA9EF323FA791460D46EFF0FFF17F
:10CAB0006F30BFA8EF323FA641112A84AE8409CE61
:10CAC000371702401C4F36C6854593E717001CCF29
:10CAD0003285EFD0AFB4B2460D46A6852285EFF081
:10CAE000DFEE41016F307FA508456D8D3335A00025
:10CAF00082800CC982804CC58280484542054181B4
:10CB000082804CC98280EF321FA11145CD2A214578
:10CB1000FD224145ED2213050002D5221305000434
:10CB2000F92A6F309FA1EF321F9F0111AA842E8432
:10CB300059E93705200075226800EFD0EFC0D247D1
:10CB400037470F001307072433D7E7028A041385FA
:10CB500081932695144161651305056A93150701B4
:10CB6000C181CEA2922242064182799A4206418236
:10CB700092A21040636FC5040606B3D7C7021146E0
:10CB8000139707014183BA876373C70091478505EF
:10CB9000C205C207C181C1838EB2DEAE9E225A2079
:10CBA000322493E717009EA29E22518FC207C183B1
:10CBB00093F757BFD98F9EA21A245E24D98F9EA6C1
:10CBC00005616F309F978547E318F5F637054000FC
:10CBD0009DB76A20B165FD15631DB5028D4533060D
:10CBE000B602B3D7C702C207C1831396470119E241
:10CBF00093E717002166D18F1306C0123307C702CF
:10CC00001306803E3347C7020507420741839AB2A5
:10CC100069B7E5453306B602B3D7C7021166C20746
:10CC2000C183D18FD9B70A0593878193AA979C4373
:10CC30008A2B1375F50F82800A0593878193AA9733
:10CC40009C43CA2B82800A0593878193AA979C43B1
:10CC50008A2F82800A0593878193AA9798431E237F
:10CC600093E717001EA382800A0593878193AA97F2
:10CC700098431E2393E707201EA382800A0593870B
:10CC80008193AA9798431E2393E707101EA38280DF
:10CC90000A0593878193AA979C438EAB82800A05ED
:10CCA00093878193AA979C4393F5E50F8EAB82807F
:10CCB0000A0593878193AA979C4393E5150093F502
:10CCC000F50F8EAB82800A0593878193AA979843CC
:10CCD0001E23C207C18393F7F7BFC207C1831EA3F8
:10CCE0008280B7170240D84F498FD8CF984B498FD1
:10CCF00098CB984B1345F5FF798D88CB8280B71779
:10CD00000240984F498F98CFD847498FD8C7D84706
:10CD10001345F5FF798DC8C7828037E700E0960597
:10CD2000B307A70093F5F50F2380B740935755003D
:10CD30009387070485468A07B396A600BA9794C3DB
:10CD400082809377350099EF130740063377E50229
:10CD5000854719E7930700193375F50293371500D6
:10CD60003E8582808147EDBF557122DF3ED386C765
:10CD7000B737004096C59AC39EC12ADD2EDB32D953
:10CD800036D73AD542D146CF72CD76CB7AC97EC757
:10CD900082FE86FC8AFA8EF892F696F49AF29EF05B
:10CDA000A2EEA6ECAAEAAEE8B2E6B6E4BAE2BEE0CB
:10CDB0001384078083D7078042FE46FC4AFA4EF868
:10CDC00052F656F45AF25EF062EE66EC6AEA6EE8EB
:10CDD00072E676E47AE27EE0858B99CB83A701BA8E
:10CDE00082975E20C207C183F99BC207C1835EA000
:10CDF000EFD04FC77A54BE40AE421E438E436A55B1
:10CE0000DA554A56BA562A579A570A58FA486A4E75
:10CE1000DA4E4A4FBA4F7670E6705671C671367266
:10CE2000A672167386737664E6645665C6653666C2
:10CE3000A666166786677278E2785279C279327A86
:10CE4000A27A127B827B726CE26C526DC26D326E82
:10CE5000A26E126F826F696173002030EF32AFEB08
:10CE60002A84EFD02FB7D567938707183375F5025B
:10CE70008567938707E13357F5023375F50293070A
:10CE8000C00318A03357F5023375F50218B028A077
:10CE90006F30AFEAEF32AFE55564AA891304041886
:10CEA000EFD04FB3335485029304207B1309C0168F
:10CEB000130AD016637089022685EFF09FE8850477
:10CEC00039C163074401130424E9C204C180DDB7FA
:10CED000C204C180370A020001496D4B130A4A7629
:10CEE000854B714C930A190063628B0293074006CD
:10CEF000B3F4F402050423A2590123848900A38416
:10CF000099006F304FE2130434E9C1B72685EFF082
:10CF10005FE319C9631A7901E30A84FD0D141399BB
:10CF20000A01135909017DBF529983470900E36F34
:10CF3000F4FA1D8CEDB7EF320FDEAA84EFD08FA983
:10CF4000D567938707183355F502802005671307C7
:10CF500007E19306C0033304E40298303307D70295
:10CF6000B307F502A8203A942A9405453E94EFC0F1
:10CF7000BFF82285EFD06FA9EFD0CFAE05456F3057
:10CF8000CFDBEF32CFD62A84EFD0CFA483499400F1
:10CF90009307300663EC370BB73AE101378BE201B8
:10CFA0002A8A81441309207B938A0A38130B0B5079
:10CFB000938BF97C4A85EFF0DFD82DC5DA9405090B
:10CFC000420913590901E3D72BFF832A4400B70B09
:10CFD0000200556BFD1A232254010149938B4B76B5
:10CFE000130B0B189389097D054C636F59030024BB
:10CFF0005565130505187D143304A4028545337562
:10D00000AA022A9437050018EFD02F8F0545EFC0EC
:10D01000BFEE26942285EFD04F9FEFD0AFA40145FD
:10D020006F306FD0D69461BFB3872B019C234E85A0
:10D03000B3876703BE94EFF0DFD001C563138901A6
:10D04000DA94050942091359090145B70545C9BFD5
:10D05000EF326FCCAA842E8429E50565EFF03FCA34
:10D06000B7170020938707838A043624BE941E24B2
:10D070009840D58F5440D58F5624D58F7624D58FA0
:10D080001628D58F1440D58F93E74710C207C18368
:10D090001EA35E2F93F747105EAF3E281EAB6F3086
:10D0A000CFC9854711656386F4008947E39AF4FA8E
:10D0B0002165EFF01FC36DB7EF32EFC585472A84B6
:10D0C0006315F5022E89B284B6853A8613054003AE
:10D0D000EFF0BFC463060900B717012023AC277522
:10D0E00089C4B717012023AE9774371500200A04AE
:10D0F00013050583229508418545EFD0EF996F30E0
:10D10000CFC3B71700200A0593870783AA979C43CC
:10D11000CA278280B71700200A0593870783AA973A
:10D120009C43CEA7828031712AD7374500402ED547
:10D1300006DF16DD1ADB1ED932D336D13ACF3ECD0B
:10D1400042CB46C972C776C57AC37EC182FE86FCD1
:10D150008AFA8EF892F696F49AF29EF0A2EEA6EC77
:10D16000AAEAAEE8B2E6B6E4BAE2BEE0930510077A
:10D170001305058042FE46FC4AFA4EF852F656F474
:10D180005AF25EF062EE66EC6AEA6EE872E676E407
:10D190007AE27EE0EFD0EF9411C5B717012083A7A4
:10D1A000C775829737450040930500061305058033
:10D1B000EFD02F9311C5B717012083A787758297EA
:10D1C000FA50EA525A53CA533A55AA551A568A5631
:10D1D0007A47EA475A48CA483A4EAA4E1A4F8A4FE7
:10D1E0007670E6705671C6713672A67216738673C3
:10D1F0007664E6645665C6653666A6661667866713
:10D200007278E2785279C279327AA27A127B827B82
:10D21000726CE26C526DC26D326EA26E126F826FD2
:10D220002961730020309306F5FF954763FDD7020F
:10D23000A1473707100063EAA700931725003705B9
:10D2400002001305C5773E951841B7170240D44731
:10D25000D98ED4C7D0479346F7FFF18ED4C7944FE9
:10D26000558F98CF8280130700026386F60093875C
:10D270000194B6979823B7170240944BD98E94CB5C
:10D28000904B9346F7FFF18E94CBD44F558FD8CF68
:10D290008280EF324FA8B70702001317250093874B
:10D2A000077ABA9784432A8485452685EFD06FBFD5
:10D2B0008547631EF50051453304A402371501204C
:10D2C0001305857622955C458297F9579EA86F30A5
:10D2D000CFA6B70702000A059387077AAA979C434F
:10D2E000239207029A23136717009AA38280EF32D2
:10D2F0008FA2B70702000A059387077AAA97884387
:10D30000C205C181EFD06FB86F302FA3317106DF36
:10D3100016DD1ADB1ED92AD72ED532D336D13ACF15
:10D320003ECD42CB46C972C776C57AC37EC182FE66
:10D3300086FC8AFA8EF892F696F49AF29EF0A2EEA5
:10D34000A6ECAAEAAEE8B2E6B6E4BAE2BEE00D4563
:10D3500042FE46FC4AFA4EF852F656F45AF25EF095
:10D3600062EE66EC6AEA6EE872E676E47AE27EE005
:10D37000EFF03FF2FA50EA525A53CA533A55AA55BF
:10D380001A568A567A47EA475A48CA483A4EAA4E27
:10D390001A4F8A4F7670E6705671C6713672A67251
:10D3A000167386737664E6645665C6653666A66649
:10D3B000166786677278E2785279C279327AA27AF1
:10D3C000127B827B726CE26C526DC26D326EA26E09
:10D3D000126F826F296173002030317106DF16DD14
:10D3E0001ADB1ED92AD72ED532D336D13ACF3ECD2D
:10D3F00042CB46C972C776C57AC37EC182FE86FC1F
:10D400008AFA8EF892F696F49AF29EF0A2EEA6ECC4
:10D41000AAEAAEE8B2E6B6E4BAE2BEE01D4542FED4
:10D4200046FC4AFA4EF852F656F45AF25EF062EEB4
:10D4300066EC6AEA6EE872E676E47AE27EE0EFF0A5
:10D440005FE5FA50EA525A53CA533A55AA551A564A
:10D450008A567A47EA475A48CA483A4EAA4E1A4F5D
:10D460008A4F7670E6705671C6713672A672167360
:10D4700086737664E6645665C6653666A666166784
:10D4800086677278E2785279C279327AA27A127B10
:10D49000827B726CE26C526DC26D326EA26E126F44
:10D4A000826F296173002030317106DF16DD1ADBCF
:10D4B0001ED92AD72ED532D336D13ACF3ECD42CB44
:10D4C00046C972C776C57AC37EC182FE86FC8AFAD7
:10D4D0008EF892F696F49AF29EF0A2EEA6ECAAEAE4
:10D4E000AEE8B2E6B6E4BAE2BEE0114542FE46FC62
:10D4F0004AFA4EF852F656F45AF25EF062EE66ECD4
:10D500006AEA6EE872E676E47AE27EE0EFF07FD8CF
:10D51000FA50EA525A53CA533A55AA551A568A56DD
:10D520007A47EA475A48CA483A4EAA4E1A4F8A4F93
:10D530007670E6705671C6713672A672167386736F
:10D540007664E6645665C6653666A66616678667BF
:10D550007278E2785279C279327AA27A127B827B2F
:10D56000726CE26C526DC26D326EA26E126F826F7F
:10D57000296173002030B70702000A059387077AF4
:10D58000AA979C43239207028280B70702000A05EC
:10D590009387077AAA979C43CA338280B707020011
:10D5A0000A059387077AAA9798431E23C207C18367
:10D5B000F99BC207C1831EA38280B707020013171D
:10D5C00025009387077ABA979C439A27420741839D
:10D5D000619B420741839AA751473306E502962390
:10D5E0003717012013078776C206C18293F6F6C863
:10D5F00032975223D18E96A316233A23D6B79AB7E1
:10D6000009E537370140231807C20547DAAB8280A6
:10D61000EF227FF041112A842EC632C4EFF0BFC042
:10D62000B24503A78182D147B306F4022246B71759
:10D6300001209387877622853357B702B69792A346
:10D64000BAA3EFF09FF741016F203FEFEF22BFEC4D
:10D6500001112A843AC83EC62ECE32CC36CAEFF02B
:10D660009FBC5145B308A40262463715012013053B
:10D670008576F245D246469512A103A8818254C50B
:10D68000231205003358B802231105012285EFF05B
:10D69000DFF2B7060200131624009386067AB296CC
:10D6A00094427956B24792AACA264247136515009A
:10D6B000CAA68D461305E0026309D40091461305FE
:10D6C00020046304D4001305C0033E86BA85EFF03E
:10D6D000CFE405616F207FE6EF22FFE301112A848A
:10D6E000B6842EC632C402C802CA02CC02CEEFF003
:10D6F0009FB3D1473307F4022246B245B717012042
:10D7000013190601938787761359090122850A04A4
:10D710003306B602BA9783A581822390270123920C
:10D72000070033D6C502B2A3EFF03FE9C167370562
:10D730000200938707071305057A3EC82295231B2D
:10D740002101231C010093F71400004189CB0C0830
:10D750002285EFC03FC681452285EFC09FEE93F73B
:10D76000240089CB0C082285EFC0FFCC814522859F
:10D77000EFC01FEE93F7440089CB0C082285EFC061
:10D780007FD681452285EFC01FEEA18889C80C088D
:10D790002285EFC0FFDF81452285EFC0BFED1E204F
:10D7A000216793E707081EA083574404D98F2312EB
:10D7B000F40405616F207FD8EF22FFD5B707020080
:10D7C0000A059387077AAA978043A167FD17035735
:10D7D0004404411102C27D8F2312E4040357440420
:10D7E00002C402C6F98F2312F404C16793870707A6
:10D7F0003EC089477C84708393F71500AE8489C747
:10D800008A852285EFC01FBB93F7240089C78A85CC
:10D810002285EFC05FC293F7440089C78A852285BD
:10D82000EFC05FCCA18889C48A852285EFC05FD60E
:10D83000835744042167D98F2312F40441016F20D8
:10D84000DFCFB70702000A059387077AAA979843A4
:10D85000A16683574704D58F2312F7048280EF22F5
:10D86000FFC9854741112A842E8A3289B684BA8934
:10D870006304F50415CD89476305F5048D476305F9
:10D88000F504B1477C85B71700209387C7830A0446
:10D890003E9408408A8552C023123101231321018E
:10D8A000648423160100EFC01FE241016F205FC8AE
:10D8B0001165EFF0CFC4F1B737050200EFF06FC28A
:10D8C000C9B737050400DDBF37050800C5BFB71766
:10D8D00000200A059387C783AA97984389665E2725
:10D8E000D58F5EA78280EF221FC385472E89B28421
:10D8F0002A84B6853A866300F5028D476302F502F5
:10D90000372501200E041305C5812295232025010A
:10D9100044C16F209FC213056003EFF00FC0CDB765
:10D9200013054004DDBFB71700200A059387C7839E
:10D93000AA979C43CEA3DA2713670704DAA782804D
:10D9400023A2B1BAB71700200A059387C783AA9705
:10D9500098435E2793E707025EA78280B7170020EF
:10D960000A059387C783AA9798435E27C207C18396
:10D9700093F7F7FDC207C1835EA78280EF221FB82D
:10D98000371400201309C483931925004E99AA84E3
:10D9900003250900930560621304C483EFC0FFE010
:10D9A0008547631BF5020325090093056062EFC0FC
:10D9B000DFDF032709005E27C207C18393F7F7FB68
:10D9C000C207C1835EA7372701209397340013074E
:10D9D000C781BA97DC4382974E9408409305505212
:10D9E000EFC0BFDC8547631FF5001C4037250120D1
:10D9F0008E04DA2383A741BA1305C581269598A31F
:10DA00001C4182976F20DFB2317106DF16DD1ADB11
:10DA10001ED92AD72ED532D336D13ACF3ECD42CBDE
:10DA200046C972C776C57AC37EC182FE86FC8AFA71
:10DA30008EF892F696F49AF29EF0A2EEA6ECAAEA7E
:10DA4000AEE8B2E6B6E4BAE2BEE0054542FE46FC08
:10DA50004AFA4EF852F656F45AF25EF062EE66EC6E
:10DA60006AEA6EE872E676E47AE27EE0EFF01FF1B1
:10DA7000FA50EA525A53CA533A55AA551A568A5678
:10DA80007A47EA475A48CA483A4EAA4E1A4F8A4F2E
:10DA90007670E6705671C6713672A672167386730A
:10DAA0007664E6645665C6653666A666166786675A
:10DAB0007278E2785279C279327AA27A127B827BCA
:10DAC000726CE26C526DC26D326EA26E126F826F1A
:10DAD000296173002030317106DF16DD1ADB1ED993
:10DAE0002AD72ED532D336D13ACF3ECD42CB46C9F6
:10DAF00072C776C57AC37EC182FE86FC8AFA8EF82A
:10DB000092F696F49AF29EF0A2EEA6ECAAEAAEE89D
:10DB1000B2E6B6E4BAE2BEE00D4542FE46FC4AFA81
:10DB20004EF852F656F45AF25EF062EE66EC6AEA8D
:10DB30006EE872E676E47AE27EE0EFF03FE4FA50D7
:10DB4000EA525A53CA533A55AA551A568A567A4730
:10DB5000EA475A48CA483A4EAA4E1A4F8A4F767038
:10DB6000E6705671C6713672A67216738673766445
:10DB7000E6645665C6653666A66616678667727879
:10DB8000E2785279C279327AA27A127B827B726C05
:10DB9000E26C526DC26D326EA26E126F826F29619D
:10DBA000730020301567B73700401307575598C3E7
:10DBB0001147D8C30567130707FA98C72D671307DE
:10DBC000A7AA98C335671307C7CC98C38280AD67EF
:10DBD000373700409387A7AA1CC38280938781BBF5
:10DBE0009843636DA702D043B386C7006316D50080
:10DBF00054413E85B296D4C35041B306C500631A62
:10DC0000D70083A681BA6306D70054431843B2965F
:10DC100054C118C16303F50088C38280BA87C9B7AD
:10DC200049CDEF225F8F032745FF83A7C1BA2A841E
:10DC3000B376F7009DE2A167938707807390073062
:10DC400037060200370502001306467C9305401292
:10DC50001305C57EEFC0207901A0832605FF9DC274
:10DC6000A167938707807390073037060200370556
:10DC700002001306467C930550121305C57EEFC0C3
:10DC8000807601A093C7F7FFF98F232AF5FEEF10E6
:10DC9000C02C938701BB9443032744FF130504FF63
:10DCA000369798C3EFF09FF3938741BB98430507DE
:10DCB00098C3EF10A0436F205F888280B7E700E031
:10DCC00041572387E7402386E740B7F700E023A0CA
:10DCD000070023A20700814694C70147D8C783A540
:10DCE00081821307803E814633D6E5023D4790CBC3
:10DCF000D4CB98C38280EF221F82411102C6F32742
:10DD000050303EC6B2470D478D8B6384E702A16752
:10DD1000938707807390073037160200370502009B
:10DD2000130606819305600B1305C57EEFC0A06B3B
:10DD300001A0B787012093870700BD8B9DC3A16712
:10DD4000938707807390073037160200370502006B
:10DD5000130606819305B00B1305C57EEFC0A068BE
:10DD600001A0EFF0BFF5B7E700E0056723A0E710DB
:10DD7000116723A0E71023A00184EF206FD801458D
:10DD800041016F208FFB197182FE86FC8AFA8EF8A2
:10DD900092F696F49AF29EF0A2EEA6ECAAEAAEE80B
:10DDA000B2E6B6E4BAE2BEE042FE46FC4AFA4EF8FB
:10DDB00052F656F45AF25EF062EE66EC6AEA6EE8EB
:10DDC00072E676E47AE27EE073110134A16793870C
:10DDD000078073900730B7F700E023A20700EF1029
:10DDE000E01811C5B7E700E0116723A0E720A1679D
:10DDF0009387878873900730731101347670E670CB
:10DE00005671C6713672A672167386737664E664AE
:10DE10005665C6653666A666166786677278E278C6
:10DE20005279C279327AA27A127B827B726CE26C6E
:10DE3000526DC26D326EA26E126F826F09617300F5
:10DE40002030A16793870780739007309387018400
:10DE50009843050798C38280138701841C438DE78C
:10DE6000EF226FEBA1679387078073900730371617
:10DE700002003705020013060681930520101305E2
:10DE8000C57EEFC0405601A0FD171CC391E7A167F6
:10DE900093878788739007308280216513050580FA
:10DEA000731505308280731005308280EF22AFE653
:10DEB00041111DE1A16793870780739007303716E2
:10DEC00002003705020013068683930550061305EA
:10DED000C57EEFC0405101A0F1473EC63247630402
:10DEE000F702A16793870780739007303716020007
:10DEF00037050200130686839305D0061305C57EF9
:10DF0000EFC0604E01A02A842320050011055D2C7E
:10DF100085471CAC228541016F202FE2EF220FDEE6
:10DF20001DE1A167938707807390073037160200C1
:10DF300037050200130686839305A0141305C57EDA
:10DF4000EFC0604A01A0B70900FFB3F93501AE8404
:10DF500063840902A167938707807390073037169F
:10DF6000020037050200130686839305B0141305DB
:10DF7000C57EEFC0404701A09DE1A1679387078060
:10DF800073900730371602003705020013068683A8
:10DF90009305C0141305C57EEFC0E04401A02A8993
:10DFA000B28A368B3A8AEF1010110DE563040A022B
:10DFB000A1679387078073900730371602003705F3
:10DFC0000200130686839305F0141305C57EEFC087
:10DFD000804101A0EF00707803240900B3F78400AA
:10DFE00063170B029DE78149630C0A02B3355001A8
:10DFF000E20563050B00B7070004DD8D5286C58D71
:10E0000013054900EF108050D289014411A8E39C08
:10E01000F4FC63870A0093C7F4FFE18F2320F90023
:10E02000EF10C00C638C090211E5B7E700E011673F
:10E0300023A0E720EF109015931765002A8463CD85
:10E040000700EFF01FE003240900B3F78400631A10
:10E050000B0091EBEFF05FE02204218022856F201E
:10E060002FCDE399F4FEE3870AFE93C4F4FFE18C1D
:10E0700023209900C5B7EF220FCA41111DE1A16706
:10E080009387078073900730371602003705020028
:10E09000130686839305101E1305C57EEFC0A034BA
:10E0A00001A0B70700FFED8F9DC3A167938707808D
:10E0B0007390073037160200370502001306868377
:10E0C0009305201E1305C57EEFC0E03101A02A8410
:10E0D0002EC6EFF01FD7B245084093C5F5FFE98D76
:10E0E0000CC02AC6EFF05FD7324541016F20EFC464
:10E0F000EF22CFC041111DE1A16793870780739084
:10E100000730371602003705020013068683930591
:10E1100010221305C57EEFC0002D01A0370700FFB8
:10E120006D8F1DC3A16793870780739007303716E3
:10E13000020037050200130686839305202213058B
:10E14000C57EEFC0402A01A02A842EC69309C500CF
:10E15000EF00B0601C40B245084837090001CD8F80
:10E160001CC081447D19370A00020C40639CA90041
:10E1700093C4F4FFED8C04C0EF00507708404101D8
:10E180006F200FBB1841832A4500B3772701131670
:10E190005700B3F6B7006345060089E65685F1B728
:10E1A000E39ED7FE9316770063D30600DD8CB3E5BC
:10E1B0004501EF100054DDB7EF22EFB5EFF05FF34C
:10E1C0006F20AFB7930785007D575CC118C55CC54C
:10E1D0001CC92320050082802328050082805C4121
:10E1E0009847DCC198C598474CC38CC71C4188C967
:10E1F00085071CC182809841FD5693078500631EE8
:10E20000D7001C49D843D8C10CC79CC5CCC31C41FE
:10E2100088C985071CC18280B687D4439042E37DBC
:10E22000C7FECDB7544118451C4998C654C3D443C2
:10E230006393A600D8C39843232805007D1798C38D
:10E2400088438280EF222FAD41112AC6EFF07FBFB5
:10E250003245005DEFF05FC01335140041016F20BF
:10E26000CFADEF224FAB32893041045D2A8409EEF5
:10E270001C41014591E70844EF1020652324040068
:10E28000850404DC6F206FAB631009024841EFB0D6
:10E29000203A5C4038400145BA9718445CC0E3E13D
:10E2A000E7FE1C405CC0E9BF4845EFB060383C4029
:10E2B00058441440B307F0403E9758C46375D700E4
:10E2C0001844BA975CC489470145E31BF9FACDD8D5
:10E2D000FD147DB7304115C2EF22EFA35845144518
:10E2E000AA87329758C56364D700184158C52E8550
:10E2F000CC47EFB0E0336F204FA48280EF22AFA174
:10E300002A84EFF01FB48344540413094402E20446
:10E31000E18463489002FD57A302F404EFF0DFB3F9
:10E32000EFF03FB28344440413090401E204E184A2
:10E3300063459002FD572302F404EFF0FFB16F2014
:10E34000CF9F5C50E9DB4A85EF10E02C19C1EF103C
:10E35000A055FD14E204E1846DBF1C48E1DF4A854D
:10E36000EF10602B19C1EF102054FD14E204E1847A
:10E37000C1B7EF224F9A41111DE1A1679387078032
:10E3800073900730371602003705020013064685E2
:10E39000930500111305C57EEFC0E00401A05C5D8C
:10E3A0002EC62A84BDC73841B3B7E702BDE3EFF0FC
:10E3B0005FA93040585C1440232C0402B307E602E6
:10E3C000B24554C03387F600918FB6975CC4FD57B1
:10E3D0002302F40418C4A302F4049DE11C4899CB61
:10E3E00013050401EF10202311C5B7E700E0116702
:10E3F00023A0E720EFF05FA6054541016F20EF93D2
:10E4000013050401EFF01FDC13054402EFF09FDB5E
:10E41000D5B7A1679387078073900730371602003E
:10E420003705020013064685930550141305C57E73
:10E43000EFB0707B01A0EF220F8E01119DE2A1676A
:10E440009387078073900730371602003705020064
:10E4500013064685930590151305C57EEFB0B07879
:10E4600001A019C105C685E5A16793870780739050
:10E47000073037160200370502001306468593055C
:10E4800020181305C57EEFB0107601A0F1FD9307AB
:10E4900080043ECE72476304F702A167938707802A
:10E4A00073900730371602003705020013064685C1
:10E4B0009305B0161305C57EEFB0F07201A0F247C8
:10E4C00085472383F60491E1368690C2C8DEACC24C
:10E4D0003685854536C6EFF0DFE9B24605613685FB
:10E4E0006F20AF85EF22AF80011132C61DE1A16719
:10E4F00093870780739007303716020037050200B4
:10E50000130646859305E0321305C57EEFB0B06D66
:10E5100001A02A842E89B6848DE53C419DC3A16764
:10E520009387078073900730371602003705020083
:10E53000130646859305F0321305C57EEFB0B06A29
:10E5400001A089476398F402585C85476304F70289
:10E55000A16793870780739007303716020037054D
:10E56000020013064685930500331305C57EEFB000
:10E57000906701A0EF10203415E5B247014C85C724
:10E58000A16793870780739007303716020037051D
:10E59000020013064685930530331305C57EEFB0A0
:10E5A000906401A0014C094BFD59930B040137EA1B
:10E5B00000E0916AA5A8B24789E7EFF0FF8901451D
:10E5C00055A063150C002808EF104021EFF0DF88FC
:10E5D000EF00B018EFF0FF8683474404E207E187BD
:10E5E000639437012302040483475404E207E1875C
:10E5F00063943701A3020404EFF01F866C0028081F
:10E60000EF10A01E35EDEFF0DF83185C5C5C631E3D
:10E61000F704EFF07F84B2455E85EF00F06A228553
:10E62000EFF0DFCDEF00902C29C9054CEFF07F8192
:10E63000185C5C5C6364F700E39F64F72686CA8518
:10E640002285EFF01FC25C5089C713054402EF001A
:10E65000907C11C5B7E700E0116723A0E720EFF039
:10E66000AFFF054505616F101FECEFF0EFFE22854F
:10E67000EFF0DFC8EF0090274DBF23205A2175B778
:10E680002285EFF0BFC7EF00702615BFEF121FE71E
:10E6900041111DE1A16793870780739007303716FA
:10E6A0000200370502001306468593052040130536
:10E6B000C57EEFB0505301A02A84B2898DE53C415C
:10E6C0009DC3A167938707807390073037160200B8
:10E6D0003705020013064685930530401305C57EB5
:10E6E000EFB0705001A089476398F602585C8547E7
:10E6F0006304F702A167938707807390073037168A
:10E7000002003705020013064685930540401305B5
:10E71000C57EEFB0504D01A036C62EC4EFF0EFF726
:10E72000185C5C5C2A8AA245B2466366F70089479A
:10E7300081446393F602834454041C5C368622852C
:10E7400013998401EFF0FFB113598941FD57631705
:10E75000F9025C5089EB85445285EFF0CFF42685B1
:10E7600041016F10FFDC13054402EF00D06A65D54C
:10E77000E38309FE854723A0F900F1BF9307F00763
:10E780006314F902A16793870780739007303716E7
:10E79000020037050200130646859305D04813058D
:10E7A000C57EEFB0504401A08504E204E184A302D9
:10E7B000940455B7EF12BFD3011132C61DE1A16712
:10E7C00093870780739007303716020037050200E1
:10E7D00013064685930510551305C57EEFB0B0406E
:10E7E00001A02A84AE898DE53C419DC3A167938732
:10E7F00007807390073037160200370502001306B2
:10E800004685930550551305C57EEFB0D03D01A058
:10E81000EF10600A15E5B247014985C7A1679387E4
:10E820000780739007303716020037050200130681
:10E8300046859305A0551305C57EEFB0D03A01A0DB
:10E8400001497D5A930A440237EB00E0916B95A889
:10E85000B24789E7EFF04FE0014569A86315090069
:10E860002808EF00B077EFF02FDFEF00006FEFF038
:10E870004FDD83474404E207E187639447012302A5
:10E88000040483475404E207E18763944701A30229
:10E890000404EFF06FDC6C002808EF00107525E52C
:10E8A0002285EFF03F9A31C9B2455685EF00D0413D
:10E8B0002285EFF0BFA4EF00700319E123207B2134
:10E8C0000549EFF00FD8045CC1D4CE852285FD1434
:10E8D000EFF05FA004DC1C4899CB13050401EF00A6
:10E8E000905311C5B7E700E0116723A0E720EFF0D0
:10E8F000AFD6054505616F101FC32285EFF01FA03D
:10E90000EF00C07E75BF2285EFF05F9FEF00007EB5
:10E910002285EFF03F934DD581B7EF12DFBF411154
:10E920001DE1A167938707807390073037160200B7
:10E9300037050200130646859305307E1305C57E14
:10E94000EFB0702A01A02AC6EFF0AFCF3245085DC4
:10E950002AC6EFF06FD0324541016F101FBE15E59A
:10E96000EF127FBBA167938707807390073037163C
:10E97000020085653705020013064685938585AC40
:10E980001305C57EEFB0302601A09DCD37260120AE
:10E990009306C682814701471306C682214883A891
:10E9A00046006398A80093173700B2978CC3C8C37A
:10E9B00021A891E783A8060063930800B68705079E
:10E9C000A106E31E07FDFDF38280EF12DFB44111C3
:10E9D0002A842EC632C4EFF0CFC6834744047D5745
:10E9E0002246E207E187B2456394E700230204046C
:10E9F000834754047D57E207E1876394E700A3024D
:10EA0000040432C62EC4EFF02FC51C5CA24532466A
:10EA100089E713054402EF00F0382285EFF01F8EDE
:10EA200041016F109FB1EF127FAD2A84EFF06FC1EB
:10EA30009387C1BC9843B7290120050798C3138762
:10EA400001BC1843938401BC1389C98661E780C067
:10EA5000984385476312F7069389C986130AC9123A
:10EA60004E85D109EFF00FF6E31C3AFF3725012060
:10EA7000130A859913058599EFF0CFF43725012006
:10EA80009309C59A1305C59AEFF0CFF337250120F6
:10EA90001305059CEFF00FF3372501201305859E24
:10EAA000EFF04FF2372501201305459DEFF08FF170
:10EAB00023A241BD23A431BD938781BD984305079F
:10EAC00098C31387C1BD5C54144363F3F6001CC3A1
:10EAD0005147B387E702CA97D843144718C454C4B0
:10EAE00010479306440054C214C798435CC80507F6
:10EAF00098C3EFF06FB683A7C1BE99CB9C40D8579F
:10EB00005C546377F700B7E700E0116723A0E720C4
:10EB10006F101FA283A7C1BEC5F39C40D8575C5499
:10EB2000E3ECE7F880C049BF138741BC1C43944322
:10EB3000938701BE81E67D5798C38280184358476A
:10EB40001843DDBF0DE5EF121F9DA1679387078076
:10EB50007390073037160200370502001306068946
:10EB6000930570721305C57EEFB0F00701A05449FC
:10EB7000372701201307479DAA870145639BE600BD
:10EB80009857B72701209387079C6304F700133534
:10EB900017008280EF129F964111AA89B2844284A5
:10EBA00003290803B1C5014641483385C500030563
:10EBB0000500B308C400238AA80201C50506E316B0
:10EBC00006FFA301040439466377E602A167938731
:10EBD00007807390073037160200370502001306CE
:10EBE0000689930570391305C57EEFB0C07F01A07B
:10EBF000230A0802C9BF58D478C01305440023244F
:10EC000004043EC636C43AC2EFF00FDD130584019A
:10EC1000EFF08FDC12473D4681453307E64018CCC4
:10EC2000314600C840D01305C404EF10DF91A2465E
:10EC30001395240071154A95230C0404A30C0404B5
:10EC4000230D0404230E04043686CE854199EF106B
:10EC50002FFBB24708C091C380C341016F105F8D85
:10EC6000EF127F8B8347B50591EB2A840859EFE0BB
:10EC70003FFB2285EFE0DFFA6F103F8C0547E38B07
:10EC8000E7FE0947E38AE7FEA16793870780739051
:10EC9000073037160200856537050200130606891E
:10ECA0009385C5F91305C57EEFB0E07301A0EF129F
:10ECB000FF84372401201304849E938401BD9C406B
:10ECC000EDDFEFF00F985C4403A9C700130549007E
:10ECD000EFF04FD51387C1BC1C43FD171CC39C40EC
:10ECE000FD179CC0EFF04F974A85EFF07FF7F1B723
:10ECF000EF12DF80938401BC83A901BF2A849C406A
:10ED000088404111238E070411052EC6EFF08FD1E4
:10ED10007D57938701BCB245631CE40295C9B727B0
:10ED200001209387479D9440D84398C6104794404C
:10ED3000D0C694401047910654C29440910614C71F
:10ED400098405CCB9843050798C341016F104FFE74
:10ED500098434E9440C36379340103A581BC8C432E
:10ED60009105EFF04FC9D5B703A541BC8C43910580
:10ED7000EFF06FC8938701BE9843E378E4FC80C34B
:10ED8000E9B7EF124FF941119DE3A167938707801F
:10ED90007390073037160200370502001306068904
:10EDA0009305A0241305C57EEFB0E06301A0428463
:10EDB00063140802A16793870780739007303716A2
:10EDC000020037050200130606899305B0241305D7
:10EDD000C57EEFB0406101A09308000646C63243ED
:10EDE00063041303A1679387078073900730371676
:10EDF0000200370502001306068993053025130526
:10EE0000C57EEFB0405E01A0B2482328F8028947D2
:10EE1000A30DF8043C00EFF0FFD72285EFF0BFC050
:10EE2000224541016F106FF1EF12EFEE1DE1A16776
:10EE3000938707807390073037160200370502006A
:10EE400013060689930510751305C57EEFB0A0590A
:10EE500001A0938701BC9C432A84938401BC6384F2
:10EE6000A706EFE01FFE2285EFF0DFCD39C91309B9
:10EE700044004A85EFF00FBB9387C1BD58549443BB
:10EE800063F3E60098C3D147B306F702B727012022
:10EE90009387C786B697D443904614C450C490460F
:10EEA0002322260123A4260194435CC8850694C32B
:10EEB0009C40DC576367F700B7E700E0116723A0C9
:10EEC000E720EFE07FF96F104FE7EF12CFE4411139
:10EED00070002C00480002C202C4EF908FA71248B5
:10EEE000A2473246B715020037F5000001478146B8
:10EEF0009385458A1305E5CAEFF0BFE805C5EF1015
:10EF0000203E85476315F502A167938707807390BC
:10EF100007307D5723A0E1BE23A6A1BE23A801BED2
:10EF2000EFE07FDD83A7418441016F100FE1FD57C2
:10EF3000E31AF5FEA16793870780739007303716B1
:10EF4000020085653705020013060689938505844E
:10EF50001305C57EEFB0204901A0938741BD9843BA
:10EF6000050798C3828003A501BF828083A741BDA6
:10EF700063970716EF122FDA938701BF80430504CA
:10EF800080C331E4938741BC9843184305C7A16708
:10EF90009387078073900730371602008565370521
:10EFA000020013060689938575AC1305C57EEFB084
:10EFB000804301A0138781BC9443104390C314C3C2
:10EFC000938741BE9843050798C3EFF0FFB5938739
:10EFD00001BE9C4337270120138601BE1307C78655
:10EFE000938501BC01456373F4029C41D146DC5713
:10EFF000B387D7023E971843854763F3E70005457B
:10F0000083A741BF91C305456F102FD3514F9387FD
:10F0100041BC9443944281E6FD571CC2F9B79C431E
:10F02000DC47DC47D4436374D40014C27DBF83A89B
:10F03000870003A8C700D44B1383470023A408010B
:10F040002322180183A846006394680023A20601C6
:10F0500003A8060023AA07007D1823A006019457E1
:10F0600095CA03A8C70183A8070283AF46002324DB
:10F07000180183A8070223A208011388870163945B
:10F080000F0123A2160103A8060023A407027D187E
:10F0900023A006019386C1BD03A8C70283A806006A
:10F0A00063F4080123A00601B306E803BA9683A817
:10F0B000460083AF880023A4170123A6F70183AF7E
:10F0C000880023A26F0023A46800D4CB9C4285074C
:10F0D0009CC29C41DC57E36CF8F205450DBF938759
:10F0E00081BE98430145050798C38280EF120FC186
:10F0F000138441BD1C40411185E7A16793870780B8
:10F100007390073037160200856537050200130635
:10F1100006899385358B1305C57EEFB0C02C01A001
:10F12000EFE03FD21C40FD171CC01C4089CB0145BD
:10F130002AC6EFE07FD2324541016F106FBF83A72F
:10F14000C1BCF5D7B726012037250120814793861A
:10F15000069C1305C586D148854E59A8DC46DC4778
:10F16000CC4F9053985790C503A807022322B800AC
:10F1700003284700938587016313B80050C31043E9
:10F1800023A407027D1610C38C47D047D84B1388A1
:10F19000470090C54CC24C436393050150C31043D4
:10F1A00023AA07007D1610C31387C1BDD0570C4397
:10F1B00063F3C50010C3330716032A974C4383AF8C
:10F1C00085008CC723A6F70183AF850023A20F011A
:10F1D00023A405010C43D8CB85050CC3138701BCC0
:10F1E000184358576366E600138741BF2320D701B1
:10F1F00098422DF799C3EFF03F93138781BE0443E4
:10F20000138481BE89CC8549EFF05FD609C5938709
:10F2100041BF23A03701FD14E5F82320040083A794
:10F2200041BFE38607F0B7E700E0116723A0E720BE
:10F230000545FDBDEF122FAE41111DE1A16793877A
:10F240000780739007303716020037050200130657
:10F2500006899305104F1305C57EEFB0C01801A0B5
:10F260009DE1A167938707807390073037160200EE
:10F2700037050200130606899305204F1305C57E46
:10F28000EFB0601601A083A741BD9DC3A16793871E
:10F290000780739007303716020037050200130607
:10F2A00006899305304F1305C57EEFB0C01301A04A
:10F2B0002A842EC6EFF07FCA1840B24503A501BFCD
:10F2C000B307B7001CC06371E50263E1E7020144C4
:10F2D000EFF0DFE111E5B7E700E0116723A0E720D9
:10F2E000228541016F106FA563E4E700E371F5FE2D
:10F2F00081453385A740EFF0BF9F0544D1BF19E595
:10F30000B7E700E0116723A0E7208280EF12AFA0EB
:10F3100083A741BD41119DC3A16793870780739067
:10F3200007303716020037050200130606899305D9
:10F3300090541305C57EEFB0000B01A02AC6EFF074
:10F34000DFC132458145EFF0BF9AEFF03FDA11E5BA
:10F35000B7E700E0116723A0E72041016F10EF9DA0
:10F3600003A741BD938741BF01C7054798C382806A
:10F3700023A007001387C1BD18431386C1BDB7275B
:10F3800001209387C7865148B3060703B385D7008A
:10F39000884105C5C841A106BE964841C8C163144D
:10F3A000D5005441D4C1D146B306D702B697DC4349
:10F3B000D44723A0D1BC18C2828015E7EF12AF95C5
:10F3C000A167938707807390073037160200856521
:10F3D0003705020013060689938525C01305C57EEF
:10F3E000EFB0600001A07D1745B7EF122F912A847E
:10F3F000EFE03FA5938901BC19E003A409001309BC
:10F4000044004A85EFE01FE21C5489C713058401BC
:10F41000EFE05FE1B7240120CA851385449DEFE04A
:10F420001FDC83478405054726896314F700230CF6
:10F4300004048347940505476314F700A30C0404F0
:10F440008347A40505476314F700230D0404EFE088
:10F45000BFA01387C1BE18439384C1BE19C7EFE094
:10F460005F9EEFF06FECEFE03F9F83A70900639E84
:10F4700087029C408DCF83A741BD9DC3A167938721
:10F480000780739007303716020037050200130615
:10F4900006899305D06F1305C57EEFA0D07401A037
:10F4A000B7E700E0116723A0E7206F106F8893078C
:10F4B000499D984383A7C1BC6315F70023A00900A9
:10F4C000EDB7EFF0FFE9D5B7EF12EF8405E5A167DF
:10F4D00093870780739007303716020085653705DC
:10F4E0000200130606899385C5C11305C57EEFA0EA
:10F4F000906F01A02E8483A501BCE105EFE0BFCF92
:10F5000085452285EFF0CFFE6F102F83EF12AF807D
:10F5100005E5A167938707807390073037160200CF
:10F5200085653705020013060689938565C31305B3
:10F53000C57EEFA0506B01A083A741BD85E7A16701
:10F54000938707807390073037160200856537056B
:10F550000200130606899385A5C31305C57EEFA097
:10F56000906801A0938701BC94432A8737050080E7
:10F57000C98D8CCE54438C438846D4CD8C4388D1DE
:10F580008C438846E1054CC18C439C433285E105A0
:10F590008CC698D71C43854585071CC3EFF04FF5F3
:10F5A0006F00BFF9EF023FF72A8705E5A167938750
:10F5B0000780739007303716020085653705020013
:10F5C00013060689938525C51305C57EEFA0B06196
:10F5D00001A0938701BC54432E858C4303A8860069
:10F5E000D4CD8C4323A0050303A807008C466108F3
:10F5F00023A2050103A807009C43610823A4060178
:10F6000098D71C4385071CC311C27D55B285EFF006
:10F610002FEE6F009FF25C45DC4795E7EF02BFEFEE
:10F62000A1679387078073900730371602008565BE
:10F630003705020013060689938525C81305C57E84
:10F64000EFA0705A01A0D04F94539857938587012B
:10F6500014C6D0C250436313B60054C3144323A44A
:10F660000702FD1614C303A741BDD45735E78C47E5
:10F67000D047D84B90C5D04748434CC293854700EC
:10F680006313B50050C3104323AA07007D1610C3AF
:10F690001387C1BD10436373D60014C3514733862B
:10F6A000E602372701201307C786329750430846E2
:10F6B00090C7C8C708464CC10CC6D8CB1C430145EF
:10F6C00085071CC383A701BCDC5763F6D700054739
:10F6D00023AAE1BE05458280372701201307079C36
:10F6E00050430846D0CF88D308464CC10CC698D7A3
:10F6F000F1B7EF025FE283A741BD85E7A16793877A
:10F7000007807390073037160200856537050200C1
:10F71000130606899385A5CB1305C57EEFA0B04CD3
:10F7200001A0B7070080DD8D5C450CC185E7A167AE
:10F730009387078073900730371602008565370579
:10F74000020013060689938525CC1305C57EEFA01C
:10F75000904901A050411445184914C61445D0C21F
:10F7600050436313A60054C3144323280500904755
:10F77000FD1614C3D447D84B9385470014C6D4470D
:10F78000D0C250436313B60054C3144323AA0700E6
:10F79000FD1614C31387C1BDD45710436373D6003D
:10F7A00014C351473386E602372701201307C78663
:10F7B00032975043084690C7C8C708464CC10CC68C
:10F7C000D8CB1C4385071CC383A701BCDC5763F55A
:10F7D000D700054723AAE1BE6F003FD683A741BEED
:10F7E0001CC183A701BF5CC18280EF02DFD241113F
:10F7F00005E5A167938707807390073037160200ED
:10F80000856537050200130606899385D5CF130554
:10F81000C57EEFA0503D01A085E5A16793870780D5
:10F82000739007303716020085653705020013060E
:10F8300006899385E5CF1305C57EEFA0D03A01A0D8
:10F840002EC62AC4EFE0EFDF138701BC83A601BFF9
:10F850001C432245B24583C7C70599CB1C43238E61
:10F8600007040544EFE04FDF228541016F00FFCC24
:10F870009C417D570144E387E7FE03A641BE032870
:10F88000050058416307C80063E5E60023A00500B2
:10F89000C9BF3386E640E37BF6FE958FBA979CC1DD
:10F8A000EFF0DFF301447DBF054723AAE1BE82806C
:10F8B00003A501BC828083A7C1BE054591C703A5EE
:10F8C00041BD133515000605828011E50145828092
:10F8D00001456F009FC6EF021FC483A701BC2A84A5
:10F8E0006385A702A1679387078073900730371657
:10F8F0000200856537050200130606899385F50425
:10F900001305C57EEFA0302E01A0BC4785E7A16797
:10F910009387078073900730371602008565370597
:10F92000020013060689938505051305C57EEFA021
:10F93000902B01A054557841FD173CC5E38AE6F8A9
:10F94000C1FB930445002685EFE0DF8D7C403D47F9
:10F950001D8F18CC1387C1BD14435CD463F3F6002C
:10F960001CC351473387E702B72701209387C78617
:10F970000545BA97D843144718C454C41447C4C2A1
:10F9800004C798435CC8050798C3A1B7938701BC17
:10F9900098439443084FD4569843BD47958F1CCF46
:10F9A0008280EF02BFB58947411163F5A702A167C5
:10F9B00093870780739007303716020085653705F7
:10F9C000020013060689938565261305C57EEFA000
:10F9D000902101A02A89AE8932C6EFE08FC69387B5
:10F9E00001BC9C439304090113972400BA97DC4798
:10F9F000138401BC8DE31C4032460547CA97238C13
:10FA0000E70411CA85453285EFF08FAEB7E700E015
:10FA1000116723A0E720EFE02FC4EFE08FC218406A
:10FA2000939724003E97484719C518406380090200
:10FA3000BA9723A607001C402AC63E99230C090446
:10FA4000EFE08FC1324541016F009FAE9306F5FF95
:10FA5000BA97D4C7CDB7EF027FAA094A411163759F
:10FA6000AA02A167938707807390073037160200B8
:10FA7000856537050200130606899385052B130556
:10FA8000C57EEFA0501601A0AA843289B6893AC675
:10FA90002EC4EFE00FBB938701BC9C43138401BCD1
:10FAA000A69783C78705630CFA021C40939624002F
:10FAB000A245B697F44793C5F5FF3247F58DECC7DD
:10FAC0001C408546A697238CD70411CB3A858545E3
:10FAD000EFF00FA2B7E700E0116723A0E720EFE007
:10FAE000AFB7EFE00FB6638A09001C40138704012B
:10FAF0000A07BA97DC4723A0F9001C4009470145D3
:10FB0000A69783C78705631EF7001C401397240040
:10FB10001349F9FFBA97F84705453379E90023A659
:10FB200027051C402AC4BE94238C0404EFE0CFB206
:10FB3000224541016F00DF9FEF02FF9D89470111C0
:10FB400063F5B702A1679387078073900730371674
:10FB50000200856537050200130606899385853006
:10FB60001305C57EEFA0300801A005E5A1679387C6
:10FB7000078073900730371602008565370502004D
:10FB800013060689938595301305C57EEFA0B00551
:10FB900001A03ACE36CC32CA2EC82AC6EFE06FAAF0
:10FBA00072473245C2455246E24619C7938705015E
:10FBB0008A07AA97DC471CC33307B500834787052C
:10FBC0000948230C0705114793F7F70F6368D7041B
:10FBD00037170200130787868A06BA96984202876B
:10FBE0008A05AA95F845598EF0C50547638EE70446
:10FBF00005452AC6EFE04FA6324505616F00FF9329
:10FC00008A05AA95F8450507F8C5C5B70947638869
:10FC1000E70CC1058A05AA95D0C5C1BF03A701BFDE
:10FC200069D7A16793870780739007303716020062
:10FC3000856537050200130606899385E5331305AC
:10FC4000C57EEFA0407A01A0144558455C491306D3
:10FC5000450098C6584554C3D4436393C600D8C3DF
:10FC60009843232A05007D1798C39387C1BD585533
:10FC7000944363F3E60098C3D147B306F702B7276E
:10FC800001209387C786B697D4438C4614C54CC5CC
:10FC90008C46D0C190C694435CC9850694C31C555C
:10FCA00085C7A167938707807390073037160200D6
:10FCB000856537050200130606899385D53413053B
:10FCC000C57EEFA0407201A083A701BCDC57E3F121
:10FCD000E7F2B7E700E0116723A0E72011BF014575
:10FCE00009BFEF025F83011105E5A16793870780D4
:10FCF000739007303716020085653705020013063A
:10FD00000689938555381305C57EEFA0C06D01A007
:10FD10002A8409456375B502A167938707807390AC
:10FD2000073037160200856537050200130606897D
:10FD3000938565381305C57EEFA0E06A01A03ECE2D
:10FD40003ACC36CA32C82EC6EFE02F956247B2458C
:10FD50004246D246F24709CB138805010A08229889
:10FD60000328C800232007013308B400034788058F
:10FD70008948230C180511481377F70F6367D804D7
:10FD8000371802008A061308C887C29694428286F2
:10FD90008A05A295F445558EF0C58546630DD704B6
:10FDA0000544EFE04F90228505616F000FF98A0549
:10FDB000A295F4458506F4C5CDB789466302D710F0
:10FDC000C1058A05A295D0C5C9BF83A601BFF1D6DA
:10FDD000A167938707807390073037160200856507
:10FDE00037050200130606899385D53C1305C57EA9
:10FDF000EFA0605F01A0185405C7A1679387078033
:10FE00007390073037160200856537050200130628
:10FE100006899385853D1305C57EEFA0C05C01A0D2
:10FE200003A741BD505425EF0C445444584894C591
:10FE3000544403284700CCC2930544006313B80020
:10FE400054C31443232A0400FD1614C31387C1BDF1
:10FE5000144363F3C60010C35147B306E6023727C5
:10FE600001201307C7863697544303A8860014C49D
:10FE70002326040103A886002322B8008CC658C894
:10FE80001443850614C303A701BC5857E37AC7F08F
:10FE900099C3054798C3054723AAE1BE11B7372781
:10FEA00001201307079C54438C4654CC0CD003A864
:10FEB0008600930584012322B8008CC618D4C9B7E4
:10FEC0000144C5B5EF022FE5411105E5A167938710
:10FED00007807390073037160200856537050200EA
:10FEE000130606899385C5401305C57EEFA0A04F74
:10FEF00001A0894463F5B402A167938707807390DA
:10FF0000073037160200856537050200130606899B
:10FF10009385D5401305C57EEFA0E04C01A02A844F
:10FF20002EC432C6EFD07FF7A245B307B4008A05CE
:10FF300003C78705A295238C9704FC458507FCC55C
:10FF400085476396E70A1C54324685C7A1679387A5
:10FF50000780739007303716020085653705020069
:10FF600013060689938535431305C57EEFA0A04788
:10FF700001A083A741BD5854C1E30C4454445C48DC
:10FF800094C5544403A84700CCC2930544006313AE
:10FF9000B800D4C39443232A0400FD1694C3938766
:10FFA000C1BD944363F3E60098C3D147B306F7029B
:10FFB000B72701209387C786B697D44303A8860046
:10FFC00014C42326040103A886002322B8008CC68B
:10FFD0005CC89443850694C383A701BCDC5763F8CF
:10FFE000E70019C285471CC2054723AAE1BEEFD02E
:10FFF0009FEB41016F006FD4B72701209387079CC7
:020000021000EC
:10000000D4438C4654CC0CD003A8860093058401BD
:100010002322B8008CC61CD46DBFEF02CFCFEFD027
:100020005FE2138441C01C40B1EB37250120130966
:10003000C5A31305C5A3EFE0EF983725012093046E
:1000400005A5130505A5EFE0EF97B7260120372694
:10005000012023AC21BF0147938646A61306C69F05
:10006000C145114523AE91BEEFE0EFBC08C019C5F4
:10007000B71502009385058DEFE07F8EEFD0DFDDB1
:100080006F00AFCBEF022FC94CC108C9AA876360CC
:10009000B602184D158E05456379E6009385470035
:1000A00003A5C1BFEFE02F9501456F000FC9637530
:1000B000D6000545E3FBD5FE9385470003A581BF28
:1000C000D5B7EF024FC52A84AE8432890C4CA68680
:1000D0004A86A6952285EFF0FFFA19E16F00EFC579
:1000E0001C4C2285BE941C508297CDB7EF02AFC244
:1000F00083A781BF4111AA84DC472EC6C0471305E0
:100100004400EFE02F9283474402324613F7470042
:1001100019CBA6852285EFF0DFFA1C502285829745
:1001200041016F008FC1F99B2302F402FDB7EF027A
:100130008FBE938681BF98421C4381EB9387C1BFDA
:10014000904398C390C26F004FBF5C47FD558843F2
:10015000EFF0DFF9F9BFEF028FB937190200411153
:100160001309C98A83A781BF984329CBDC47814CF7
:1001700003AC0700EFE07FDEEFE0FFDE83A701C006
:100180002A84938401C0138A41C0636CF50288C03D
:1001900063800C0483A7C1BF904313361600032568
:1001A0000A00B3058C40EFE05F82EFE03FF419ED09
:1001B000B7E700E0116723A0E72009A8854C014CB0
:1001C00055BFEFF0DFF680C0EFE05FF2214C0DA0ED
:1001D0000146E36685FDEFE07FF1A2856285EFF0E1
:1001E000FFF0EDB79247B2458297824763DD070083
:1001F00003250A0001468A85EFE0CFDB25D582473B
:100200002245E3C107FE22445C489DE3EFE0BFD5F1
:100210009C40AA8C6374F500EFF07FF1824723A025
:100220009401FD17E366FCFC8A07CA979C4382870A
:1002300013054400EFD01FFFD1BF834744020C4C8D
:10024000924693E717002302F4026686B69522854C
:10025000EFF05FE351DD8347440213F7470001CF1E
:100260001C4C924566862285BE95EFF09FE51C509A
:1002700022858297B5BFF99B2302F402CDBF834745
:100280004402F99B2302F402A5B783474402924536
:1002900093E717002302F4020CCC9DE1A16793873A
:1002A00007807390073037160200370502001306E7
:1002B000868D930590351305C57EEFA0C01201A071
:1002C000E6866686E6952285EFF0DFDB15B7834785
:1002D000440213F7270055F72285EFD07F9409BF1A
:1002E000EF026FA34111EFF05FD383A741C095CB1D
:1002F00070002C00480002C202C4EF705FE7A24702
:1003000012483246B71502003705010039478146C9
:100310009385058F13056515EFE0BFA623A4A1C043
:100320001DE1A1679387078073900730371602009D
:10033000370502001306868D930590111305C57EBF
:10034000EFA0600A01A0054541016F000F9FEF0279
:100350008F9C4111B68732C63E862AC203A541C092
:1003600079572EC481468A853AC0EFE02FB2410109
:100370006F00AF9C83A7818237177A00130707208D
:10038000B3D7E70293F7F70F2387F1C01307803E37
:10039000B387E7022396F1C08280B7F700E0D84325
:1003A0008146799BD8C303C7E1C03306A70290CB2F
:1003B000D4CB98431367070198C398431367170278
:1003C00098C3D843058B75DF9843799B98C3828087
:1003D000B7F700E0D8438146799BD8C303D7C1C0A3
:1003E0003306A70290CBD4CB98431367070198C379
:1003F00098431367170298C3D843058B75DF98435A
:10040000799B98C38280EF020F912A8411650111B4
:1004100085451105EF909FCC930700207C8237150E
:1004200001408D473EC44C00E147130505803EC6A0
:10043000EF90DF9222C837440140B70708000C084C
:10044000130504803ECC02CA231E0100EFA0AFA713
:10045000854513050480EFA0CFB205616F00EF8DD5
:10046000EF02CF89B7440140AE89328901449384B9
:100470000480634524014A856F008F8B9305000437
:100480002685EFA0EFB17DD9B3878900838507006A
:1004900026850504C205C181EFA00FB0D9BF13871F
:1004A00081841C43B7260120938606C13E95636B69
:1004B000D500B78601209386068063E5A60008C3B1
:1004C0003E858280FD57EDBF7325103482807325F1
:1004D000203482807325303482805D71A2C4A6C22C
:1004E000CAC052DE56DC86C62A84AE845520938765
:1004F000C18403A90700FD572A8AAE8A6301F90265
:100500002286A6862285A685EF80903109E90146DC
:1005100081462285A685EF70F065634C0500B640E4
:1005200026445285D68596440649725AE25A61613C
:10053000828085473EC4970701009387273C3EC6CB
:1005400002D422CC26CE22C826CA6307090201465D
:1005500081463285B685EF70C07B2AD02ED289477E
:10056000631EF900EF908007930710021CC1A25789
:1005700099EB025A925A65B702D002D22800E522BE
:1005800075D1A257FDD7EF906005A2571CC1D5B712
:1005900041113707F07F22C426C206C63378B70060
:1005A0002E84AA84630DE816AE87AA86635FB00E18
:1005B00013DE454163010E1A370710001306F7FFDB
:1005C000F18FD98F130E1EC01397170013761E00DC
:1005D00093D7F601BA971397160011C67D83860745
:1005E000BA9713972600135E1E40D945814E814667
:1005F000370620003385C6001358F701FD1563C682
:10060000A700898FB306C500B29E8607C29706076A
:100610000582EDF113050002014381483706008091
:1006200019A86385D70E9355F70186077D15AE97F8
:10063000060705820DC9B3051601E3D4F6FEB3889B
:10064000C500368863CE050A958FB336B700958FFF
:100650000D8F9355F70186077D153293C286AE97AD
:100660000607058269F9D98F9354130089CB930447
:100670001300FD5785806314F300850E814413D762
:100680001E403704E03F93FE1E003A9463850E003F
:10069000B7070080DD8C13174E012297B240224429
:1006A0002685BA85924441018280139715000583FF
:1006B0003368A7002E87E30308FED9E193D5B6007F
:1006C000AD172E87D606FDD913D6450141EA01465E
:1006D00011A02A8606079315B70013051600E3DA62
:1006E00005FE930800023688B388A840BA85B39601
:1006F000A60033571801338EC740B367B7006DBDEE
:1007000013C8F8FF1358F80136983DBFE36DB7F0F2
:10071000B388C500E3C605FE3E88814715BF2A861B
:10072000AE86EF7090502686A286EF60906BB24046
:100730002244AA842E872685BA859244410182806C
:100740002A86AE86EF80E0192A86AE86EF70605C5E
:10075000AA842E87A1B72E87814795BF3688930834
:1007600000027D5679B701458280EFF2DEDA83A779
:1007700081B541113EC6EF10201B1189630005149D
:10078000938781C29843B246998E37270120032769
:10079000C7B405836376D700324798C3EF30D0548F
:1007A000EF40200083A781C391C7EF30105619E1B5
:1007B00023AC01C2938441C29840B247998F13077A
:1007C000703E6376F700EF202020B2479CC09387ED
:1007D00001C19843B246998E05671307773863764F
:1007E000D700324798C3EF10005CB72701209387EA
:1007F00007B1D84711CF138701C21043B246918E7B
:100800001306703E6376D600B246DC4314C382976B
:10081000B724012083A784ABA9CB1387C1C11C4394
:10082000B2461306A00F9D8EB727012083A787B875
:10083000ED83B387C70263E9F600B2471CC3938711
:1008400084AB9C4B91C38297938781C19843B246F6
:10085000998E3D671307F7A56379D70032479384D4
:1008600084AB98C3DC4891C382973245938441C1DD
:10087000412C9C4032471D8FBD679387F7A563F5D8
:10088000E7009924B2479CC003C751C3BE841377C5
:10089000F70F0DC703C751C31377070C1DE3B72725
:1008A000012083A707B999C30545829703A781B59E
:1008B00023A8E1C293070004A38AF1C241016FF0AB
:1008C000DEC703C751C31377070415CB83A601C343
:1008D00003A781B5138901C3158F93064006E3FF73
:1008E000E6FCB727012083A707B999C30145829782
:1008F00083A781B52320F900930700F875BF03C7CC
:1009000051C362076187E35B07FA83A601C303A7AC
:1009100081B5158F93064006E3F2E6FAA38A01C279
:1009200071BFEFF25EBF37250120130505BAEF1046
:10093000902A6FF09EC0EFF21EBEB727012093876A
:1009400007B3D8573724012088D313674700D8D777
:100950001189930744B79C4F130444B701CD99C341
:10096000014582975C4C99C3014582970545352A1C
:100970006FF0BEBC99C3054582975C4CF5DB05451D
:100980008297FDB783A7C1B6232005009DCB944372
:1009900063DB0600D4479042634506029C4363D460
:1009A000070023A6D1B683A7C1B691650146FD1500
:1009B0003548B7080080944363D7060019C223A6C0
:1009C000F1B6014582809443139306016342030408
:1009D000944393F606108DCE944393F606208DCA69
:1009E0009443C182ED8EF11614C16371D802944311
:1009F00093F6060281EA19C223A6F1B69C475CC1B0
:100A000005458280944393F61608F5D62320050009
:100A100023A017010546DC4779BF03A7C1B6B70677
:100A2000008014C3584723A6E1B68280EFF2BEAE21
:100A300083C751C393F7F70F81E78547A38AF1C2B4
:100A400003A781B59387C1C209CB98C3B7270120FB
:100A500083A747B982976FF05EAE0547FDB7B7270A
:100A6000012083A747B9014585CF03A741B40DCB2A
:100A7000144308479387C1C263D206028C43A16620
:100A800089069308300603A681B50D8E63E4C8007D
:100A9000FD1681EA14438606858214C323A007004D
:100AA00082801043E34106FED5BF03A781B5B72777
:100AB00001209387C7AA88A32391070023920700E8
:100AC00098C7A38007008280EFF2FEA4B72401201C
:100AD000138404BA5C4041116C00138504BA3EC60D
:100AE00023220400EF10204DB2476C00138504BA96
:100AF0005CC05C443EC6EF10004C41016FF0FEA3A9
:100B0000B72701209387C7AA982319E388C7828053
:100B100098479306703E3307E54063F3E602EFF231
:100B20009E9FBA2388C7914663F7E6000145EFF020
:100B3000DFF76FF09EA00507BAA3EFF0FFF8D5BF6F
:100B40008280EFF25E9D2A840145EFF01FF6B72701
:100B500001209387C7AA11C8054798B3B72701207A
:100B6000094723AEE7B46FF05E9DA3800700E5BFA1
:100B7000828003288503630B0802EFF2DE99FC5D97
:100B8000014791C70507420741839C43DDBF83A707
:100B9000050891C70507420741839C43DDBF814695
:100BA00001468145029801456FF03E9901458280DA
:100BB00001458280EFF2BE935C42032A850003293F
:100BC000C5000049AA8488239C33B289A2075D8DA1
:100BD000EF10B00F9355650093F5C503B305B04012
:100BE0004E85EF20904449E5DC44984C03DB8900B6
:100BF000998F63F867014E85EF20104A05456FF025
:100C00009E924A9A4E890356A900B30A8A40832BC2
:100C1000490063F4CA045686DE852285EF805021A0
:100C20008357A9009844330444413E942286B385F7
:100C30005B013A85EF80D01F2A9403290900E31451
:100C400009FC4E85EF2050459C4C80C8DA979CCC1F
:100C50009C4093E747009CC055B72285DE85EF8016
:100C6000301D8357A9003E94E39957FD8044F1B7A6
:100C7000014571B771CAEFF29E87832BC5001C4DE9
:100C8000035B8600BA8AB387FB40368A32892A849E
:100C900063F767013285EF2030406FF0DE881C4536
:100CA0000449B289BE9B03D6A900338C9B4083AC18
:100CB00049006377CC066286E6852685EF8050176B
:100CC00083D7A9001844B3847441BE942686B385A3
:100CD0008C013A85EF80D015AA9483A90900E3948A
:100CE00009FC4A85EF20503B032884036305080470
:100CF00083451A0083470A001448A205DD8D834707
:100D00002A005A875686C207CD8F83453A0022852E
:100D1000E205DD8D02981C44232C04001CC8B5BFDD
:100D20002685E685EF80D01083D7A900BE94E39690
:100D300087FB04445DB7184C1C4004C85A9793E7DE
:100D4000470018CC1CC091BF828018519547631A88
:100D5000F70CEFF2CEF91C492A847D55D9CF328A9F
:100D6000AE8455CA832A84005844835B8600328946
:100D7000BA9AC20A93DA0A019399070193D9090131
:100D8000338B3A410356A900420B135B0B01032C32
:100D900049006376CB065A86E2853E85EF8050098E
:100DA0000357A9001C44B3056C0133075741BA9996
:100DB000C20993D909013E854E86EF807007B307BB
:100DC000350103290900E31909FA184C1CC852859A
:100DD0005E9718CC18401367470018C0EF20D02B3F
:100DE000FE38184C2685B38B77415C44239B7403F3
:100DF000998FDEB4EF30A01101456FF0CEF23E8541
:100E0000E285EF80F0020357A900B307E500E31A7B
:100E100067FB1C447DB70145EDF22E85EF3060582D
:100E2000E9BF65558280EFF26EEDB719012003C668
:100E300041C3138749C68147938949C693F6F70F83
:100E400063E5C6006D556FF0AEEE0328070293868A
:100E500017001307C70363040800B687C5B7130953
:100E6000C003338927032E842A8A1306C0038145D1
:100E7000B38429012685EFF00EED1305C902114652
:100E8000930544004E95EF80A07A5E3080D8A68509
:100E9000DCD083278A0222859CD4EF308016B715D8
:100EA0000100938505B72285EF30A016B715010024
:100EB0009385A5D42285EF300015B71501009385E1
:100EC00025B72285EF308014B7150100228505462D
:100ED000938505BBEF3080148D47DCCC95479CD0C3
:100EE0009C20014593E787009CC0B1BF01CD33052D
:100EF000A040B7170200938707901375F50F3E9532
:100F00000821828001458280EFF2EEE09307C00362
:100F1000B387F50237140120130744C62A89AE842B
:100F20001306C0038145130444C6BA973E85EFF00B
:100F30008EE1630709001306C003CA85EF80406F86
:100F40009305C003B385B402A2959C459CC9DCC936
:100F50006FF0AEDEEFF28EDA2A8A372501204111DA
:100F6000AE89B28481456146130585AB36C6EFF084
:100F70008EDDB24637240120130904B3B685194625
:100F80001305C900EF80C06A1146D285130504B36A
:100F9000EF80006A1146CE8513054900EF80406955
:100FA000130404B3A1E0B7070001FD171CC481447A
:100FB00083C741C363CFF402EF10E04885475CD09C
:100FC0001567B7270120938747B2130707E298C335
:100FD0001167130787A9D8C3254798C70145410161
:100FE0006FF00ED51146A68513058400EF8040648E
:100FF0007DBF93F5F40F0145EFF01FF185044DBF60
:101000001841B7270120938747B298C35841D8C3E6
:10101000184598C782801855B75734129387876749
:101020006311F712EFF28ECD1C512A84254563829D
:10103000071037290120130640048145130509B321
:10104000EFF06ED0B72401201306C002814513854E
:1010500044B7EFF04ECF1306C002A285138544B704
:10106000EF80005D938944B703A749014A869387BF
:1010700044B72DEBB706020003D7866F9386866FC1
:10108000AE222E97CE22F6222E9736979316270160
:1010900063D3060AD8CBD84B9356E700FD8A89EA7A
:1010A000B746F8FFFD16758FB7060500558FD8CBEC
:1010B000D84B93563701FD8A89EAB746F8FFFD16EB
:1010C000758FB7065000558FD8CBD84B9316670055
:1010D00063CA0600B70600FEFD16758FB70600143A
:1010E000558FD8CBD84B9356B70189E6B706004049
:1010F000558FD8CBD85311E73717010013074798FE
:10110000D8D3D44B014513D7E6007D8B238AD1C2B7
:10111000930706B398CF13D736017D8B13062003B0
:101120003307C702D8CF13976600635407000947F7
:10113000B8C36FF0EEBFF976FD16758F8966558FCF
:1011400091BF1305F00F828003C641C3B71701207A
:10115000938647C60147938747C66317E6008147D2
:101160006313F7020145828003A807036317A800F1
:1011700009C50545EDD998A1828005071377F70FBA
:101180009387C703D9BFD05A6319A60019C505456F
:10119000F9D993E707F89CA18280850793F7F70FA9
:1011A0009386C60375BFEFF26EB537190120230091
:1011B000050003C741C34111930749C68144130980
:1011C00049C6631797001305000241016FF04EB640
:1011D0009387C70383A647FE63810618850493F4AB
:1011E000F40FC5B7B727012083A707B36C003EC62D
:1011F000EF20F01D11469305C4026800EF804043C4
:101200006C004E85EF20901E1306C0033386C40287
:10121000B7150100938545BB4E854A96EF20F01E19
:101220009547372501206C00232834031CD0130573
:1012300005BAEF005058A6852285EFF0FFCC014596
:1012400069B709476390E70AEF50B02EAA89630394
:101250000512930AC4021146D6856800EF80403D0E
:10126000324A370500F0EF106029337AAA003705BB
:1012700000E0EF10A0286300AA04B72501209385A1
:1012800005BA6800EF10A06F1DE5B727012083A7FE
:1012900007B312346C004E853EC6EF5050031DE17B
:1012A000D68511466800EF80A03852306C004E851C
:1012B000EF50F01C39A012349385C1954E85EF5044
:1012C000100101C5EFF09FC209B71306C0033386B2
:1012D000C402B7150100938545C74E854A96EF5065
:1012E000F0213DBF0D4713051002E390E7EEEF300C
:1012F00060475C4412346C005EB9B727012083A7B5
:1013000007B3AA893EC6EF2090252A8A11C54E85CB
:10131000EF30200952857DB79305C003B385B40231
:101320004E85CA95EF20F04DB71501004E85938587
:1013300005B7EF20104E9547A68522852328340354
:10134000232A34031CD0EFF03FBC372501206C006A
:10135000130505BAEF003046DDB504A1DC4DC4C16C
:101360002E84E39007EE03458402EF205016AA89ED
:10137000E31A05E6454591BDEFF2EE994EB52A8494
:10138000EF20F03809CD83476402228593E72700D8
:101390002303F402EF40F06405456FF00E9AB7277F
:1013A000012083A747B8A183858BFDD783476402BB
:1013B000858BFDD38947A303F402054723ACE1C223
:1013C000E1BF83C741C36376F5041307C003330548
:1013D000E502B7170120938747C63E95584D232C49
:1013E000050050C50CC50CC94CC98D476313F702E5
:1013F000085905C15A3993371600631CF700EFF2FC
:101400008E9193150601C1814EB9EFF0FFF66FF092
:10141000CE928280EFF28E8E14426944CDCE23208C
:101420000600328A1306C0033306C502B714012032
:10143000138744C6AA89AE87938444C63297032B88
:101440008700504703298701404B329B63F32601F5
:101450003689B30A8B4063F32A0981CB3E855686D1
:10146000A285EF80E01CB30755011307C003338743
:10147000E9024A94330464412697832A870091C77E
:101480002286D6853E85EF80A01A56949307C00326
:10149000B387F90223202A01A697984FC0CB3309BE
:1014A000274123AC2701631809009847D8CB98CB74
:1014B00098436D9B98C39307C003B389F9028D4786
:1014C0000144CE94D84C6318F70063160900CE246B
:1014D0008858EFF07FEA22856FF08E8591C74A86A3
:1014E000A2853E85EF80C0144A94E3912AFB9307BE
:1014F000C003B387F902A697804749BFEFE23EFFDA
:1015000000422320060055C4AA876945D9C51305A2
:10151000C003B387A70237150120130545C6B72AB4
:1015200001208144AA9703AB070393870AB3BC4306
:10153000938A0AB3898B99E39304700C9307805CB8
:1015400063F487001304805C931C0401328A2E89A3
:1015500093DC0C01130C800C0146E6850145EF205D
:101560008038AA8929C948412286CA8523AE0A0241
:10157000EF80000CCE855A85EF206071AA8B4E85D6
:10158000EF20803183A7CA0399CB8504C204C180B0
:10159000EFF02FB9E39284FD4D456FE0DEF863D69E
:1015A0000B005E85EFF09F94CDBF23208A0001459C
:1015B000EDB76945DDB74545CDB7EFE25EF30042D3
:1015C0002320060055C4AA876945D9C51305C00361
:1015D000B387A70237150120130545C6B72A012096
:1015E0008144AA9703AB070393870AB3BC43938A4A
:1015F0000AB3898B99E39304700C9307005C63F43E
:1016000087001304005C931C0401328A2E8993DC4A
:101610000C01130C800C0146E6850145EF20A02C3F
:10162000AA8929C948412286CA8523AE0A02EF80C9
:101630002000CE855A85EF506063AA8B4E85EF203F
:10164000A02583A7CA0399CB8504C204C180EFF00B
:101650004FADE39284FD4D456FE0FEEC63D60B0089
:101660005E85EFF0BF88CDBF23208A000145EDB72E
:101670006945DDB74545CDB7EFE27EE78329060032
:1016800023200600638E090CAA872E8B6945A1C111
:101690001305C003B387A70237150120130545C6FC
:1016A000372A0120B28B930A900C8144114C130A03
:1016B0004AB7FD5CAA9703A90703FD1AC20A93DA89
:1016C0000A0163980A0083A70B00C9CB01456FE0AC
:1016D0009EE58327090163978709EFF08FA40357DD
:1016E000690719E34545E5B783270A01858B99E327
:1016F000E36A37FF03244A00637387003A8463F385
:1017000089004E84131604014182854691E3814687
:10171000DA854A85EF40F022AA844A858DE4EF40BD
:10172000502C83A70B00B3898940AA84A29723A0D9
:10173000FB00229BE38C09F883270A01858BB5FF08
:10174000EFF0CFFA69B763999401EF4090298327AE
:101750000A01858BBDF379B7EF40B0282685CDB758
:101760006945B5B75D45A5B79307C003B307F50253
:1017700037170120130747C6BA9703A80702154772
:101780006307E800DD47232006003E858280EFE204
:101790009ED8D84F8D476318F700EFF0FFEDAA876A
:1017A0003E856FE09ED901E7EFF05FD5CDBF89465A
:1017B0009307A00FE316D7FEEFF03FE0CDB7EFE2BF
:1017C0009ED5A147AA840021638AF50263ECB70085
:1017D00085476381F502894713642400638EF50011
:1017E0006FE0BED5C147638EF50093070004136414
:1017F0000404EDB71364140080C0DDB713648400E3
:10180000E5BF48591364040165D9EF209039EDB75D
:10181000EFE27ED041119305F1002A89A307010070
:10182000EFF09F9215C5808793178401E18763D4F9
:1018300007021374F4071307C0033304E402B71755
:101840000120938747C63E94232A040223200402E2
:1018500041016FE09ECE83C741C3E37BF4FE1307D3
:10186000C0033307E402B7170120138547C69384EA
:1018700047C63A95544D0D47E39CE6FC8327090182
:101880000547DD1793F7F70F636DF700C145EFF0DC
:101890001FF39307C0033304F402269423280402A1
:1018A00075B71C2193E707041CC1E5B73717012062
:1018B00083C641C3130747C68147638FF6001307EA
:1018C000C703032647FC11CEB7270120938707B330
:1018D000D85713670701D8D7B727012003C5C7B565
:1018E0008280850793F7F70FC9BFEFE2DEC2EFF002
:1018F000FFFBB727012023AE07B46FE01EC483C7E8
:1019000041C36371F5029307C0033305F502B717AE
:101910000120938747C6AA9798431375F70F118B39
:1019200098C3828001458280B727012003C507B58F
:1019300082809307C0033305F502B7170120938710
:1019400047C63E951C5995CF145115475D45639B7D
:10195000E60285899A279DC1136787009AA73727D2
:101960000120130747B2144323A0D70A5443184752
:1019700023A2D70A23A4E70A014582805D9B9AA788
:10198000E5BF5D4582801307C0033307E502B71743
:101990000120938647C63697105395466319D6049F
:1019A000EFE27EB7045B585B938747C663049700FA
:1019B0005D479DE81304C0033304850226853E94E9
:1019C000A28523280402EF20C0639305F00F26852B
:1019D000EF20404A454709C9B715010048D893850B
:1019E00065E2EF20606301473A856FE01EB55D4711
:1019F0003A858280EFE23EB21304C00333048502CD
:101A000037150120130545C6DD442A94085801CD39
:101A10001850954781446318F700EF50802E232813
:101A200004022320040226856FE03EB1EFE2BEAE41
:101A30001304C0033304850237150120130545C67E
:101A4000DD442A94085801CD185095478144631805
:101A5000F700EF20C0242328040223200402268557
:101A60006FE0BEADEFE29EA99307C003B307F50296
:101A700037140120930944C62A894111130444C62E
:101A80008144BE9903A5490301C92EC6EF207011F8
:101A9000B245AA8423A009029307C003B307F90241
:101AA000A297885B09CD85E1EF20B00FAA8481E879
:101AB0001305C0033305A9022A94232004022685B6
:101AC00041016FE0FEA685476396F5008545EF204E
:101AD000902BF1BF89476394F5008145CDBFD95460
:101AE000F9BF03C741C3637BE5041307C003B30712
:101AF000E50237170120130747C69546BA9790535A
:101B00005D47631ED602EFE21EA1DC4F09476397D3
:101B1000E700EFF03FEE6205618531A00D47639A63
:101B2000E700EFF03FF4EFF06FBC2A873A856FE0F3
:101B3000DEA06547E5FFEFF07FEFF1BF69473A852B
:101B40008280B727012003A587B835810589828067
:101B5000B7270120938707B305474111C8CB94DB12
:101B6000D0DB8CDFD8D741018280B7270120054721
:101B700023A6E7B68280EFE21E9AB727012003A6CC
:101B800007B883A60185131786016187630B0514C7
:101B900083C7C1C361488948338807033698032344
:101BA000C80063101315034315008348050003287C
:101BB000080022033363130183482500C20833E37E
:101BC000680083483500E208B3E86800639B0811A9
:101BD000E207E1873E856FE05E96B3885702B698CC
:101BE00003AEC8006319060763170E061398870132
:101BF00013588841850793F7F70FE3E0C7FE631793
:101C0000060193F81500FD57E38608FC8989FD5706
:101C1000F1F19377F80F636BC8009377F30F636765
:101C2000C300FD57E378C7FA9377F70F614733870F
:101C3000E702BA9623A6060001CD1031182122062C
:101C4000598E38214207598E38316207518F98C218
:101C5000238806000DA863147E040DC9834E150069
:101C6000034E0500A20EB3EECE01034E2500420E38
:101C7000B36EDE01034E3500620E336EDE0183AEBD
:101C800008006315DE01238EF1C299B783C80801ED
:101C9000E3E2E8F7139787016187468FA1BFE31B53
:101CA0008EF415C5834E1500034E0500A20EB3EE4B
:101CB000CE01034E2500420EB36EDE01034E350009
:101CC000620E336EDE0183AE0800E30EDEFB83C8D6
:101CD0000801E3E1F8F31393870113538341C68F9F
:101CE00011BF3A883A83814F014F8147E1428543D2
:101CF000094421B7EFE29E8098319C21368A220761
:101D00005D8FBC215441C2075D8FBC31E207D98F82
:101D1000639BF60089E6D9573E856FE07E810545D5
:101D2000EFE03FE2CDBFE5DB2E842A89AA8522853C
:101D3000B289EF00D04465F11C300420370500F073
:101D4000A207C58F2420C204C58F2430E204DD8C95
:101D5000EF00C07AE98C370500E0EF00207AE38CD1
:101D6000A4FAD2852285EFF01FE1AA87E34605FA9F
:101D7000E147B307F50203A501853E9589475CC598
:101D8000232A2501938759001307950094237D1773
:101D900014B39386F7FF6396F90023080500814783
:101DA000A5BFB687E5B7B727012003A507B803A8E5
:101DB00001850147E14809430546130EF00E6363B0
:101DC000A7008280B3061703C2969C2ACC468507DB
:101DD00093F7F70F9CAA63986500636AFE000507F6
:101DE0001377F70FE9BFE39CC5FEE37AF6FE23A65F
:101DF0000600F5B721CDEFE20EF2C4412A84DC34AF
:101E0000C824A2075D8DEF00606BA1679387071060
:101E1000938524016304F5009385E400D835DC251F
:101E200022075D8FFC25C2075D8FFC35E207D98F45
:101E30005840B98F1844F98F81EB814613866400AE
:101E4000B1052285EFF01FEB6FE02EEF8280630378
:101E50000516EFE2AEEA3A26930790024111B289E5
:101E60002E8AAA8463E8E7004E85EF10F022410134
:101E70006FE00EEC032946008347D9000345C900F3
:101E800013042901A2075D8D152DA1679387071003
:101E90006304F5001304E900834A14001C2005457F
:101EA000A20AB3EAFA00192DE390AAFC834A54006F
:101EB0005C2013054060A20AB3EAFA000125E3950D
:101EC000AAFA834A34003C200565A20A130505805E
:101ED000B3EAFA00E523E399AAF8930AE40011466D
:101EE000D6856800EF70C074D44013068400ADC27C
:101EF000183C1C2C22075D8F3C2CC2075D8F3C3C9C
:101F0000E207D98F6396F60485466C002685EFF0CC
:101F10007FDE054B7C306820A2075D8D4523854719
:101F2000630FF5028947E311F5F46C002685EF1085
:101F30002033B727012003A787ABE30707F2938776
:101F400087ABDC47E38207F26C002685829729BFC6
:101F500081466C002685EFF0FFD9014B65BFE30594
:101F60000BF00945A12B68A0218168B01146D685E8
:101F700013058401EF70C06B1146938544005685AC
:101F8000EF70006B350415099547FD5618207D1933
:101F90007D1438B4A300E9003307FA001823FD17B5
:101FA00018B0A303E900E393D7FE9C4CCE852685A9
:101FB00082975DBD8280EFE26ED42A89AE890146A8
:101FC0009305A0020D45EF1010127D544DC94041FC
:101FD000AA840545E52148A8218148B89306E9026D
:101FE000930754001547938541951386C1947D55F9
:101FF00003C80600FD17FD16A38B07013388E50013
:1020000003480800A38007033308E60003480800DC
:102010007D17A380070103C81600A3830701E319F6
:10202000A7FC1146930549001305C401EF704060F9
:10203000CE85114613056402EF70805F0545BD290A
:1020400068A48569218168B413850980852908A859
:10205000218108B813054060952128A8218128B85E
:1020600013856980A1298327890148A4218148B467
:10207000A6854A8582972A842685EF10F00122855D
:102080006FE00ECBEFE28EC72E842A89AA852285C7
:10209000B289EF00D00E01C559556FE06EC91C30F2
:1020A0000420370500F0A207C58F2420C204C58F85
:1020B0002430E204DD8C9921E98C370500E03D29CC
:1020C000E38CA4FC18301C2022075D8F3C20C20743
:1020D0005D8F3C30E207D98FE1D385452285EFF053
:1020E0009FA9E34C05FAE147B304F50203A7018574
:1020F000138A018585472697544799EA5CC7EFF014
:10210000DFA6A2854A85EFF01FEBE38809F831A02E
:10211000E387F6FE7D55E38409FE83270A0009471D
:10212000A697D447E39BE6F603A4490013879700DC
:102130001306E902930654008D070C237D17FD1644
:102140008CB20C227D16ECB2E319F7FE056513057F
:102150000580AD268327890148A4218148B4CE8516
:102160004A8582971DBFEFE26EB9AE8441112A897C
:10217000B94526853284EF10406B631E0510CA8571
:102180002285EF00C07F631505101C3083490400D1
:10219000370500F0A207B3E7370183492400C209DD
:1021A000B3E7F90083493400E209B3E9F900B9263D
:1021B000B3F9A900370500E091261020143038202B
:1021C0003C30639CA90813958600518D4207598DB8
:1021D000E20785456C845D8D9305E0054C85392EBD
:1021E00041811375F507C88508301C2022055D8DD7
:1021F0003C20C207C98F283062055D8D01262181F0
:10220000488608301C2022055D8D3C20C207C98FFE
:10221000283062055D8DDD24C8863400C0409547B6
:102220007D5613075400B385F6008C217D170CB33F
:10223000B305F90083C59502FD176CB3E395C7FE9E
:102240000565130505809D2C8327890148A42181FC
:1022500048B4A6854A8582970DA8A206D18E42076A
:10226000558FE207D98F03274900B98F03278900CB
:10227000F98F99C78327C900715581CB1304C90011
:102280002686A2854A85EFF0FFDF41016FE04EAA66
:102290009386C19461B77955CDBFEFE2CEA7444193
:1022A0002A842E89DC34C824A2075D8D012CA16705
:1022B000938707106317F5009C388828A2075D8D67
:1022C000F52A9307058091CB856793876780630222
:1022D000F5042285EF10405C15A8A2854A85EFF031
:1022E0007FB1DC34C824A2075D8DC92AA16793871A
:1022F0000710B9456313F500C945B305B040228501
:10230000EF10A05279F5CA852285A92401456FE016
:10231000CEA22286930599024A85EFF05FB3FDB7FE
:10232000EFE26E9FB7270120938707AD5CD193073B
:102330005006A309F5029307E006230AF502B72722
:102340000100938767165CC9B72701009387473858
:102350001CCDB725012099472A842304F502232E9A
:1023600005001946938595BC13059502EF70402C26
:102370009307C05D1EB8930730032309F40201459B
:102380006FE0AE9BEFE22E99B1642E8493841435F6
:10239000EFF08FD9118915CDFD1485CCEFE02FEC2E
:1023A0002A897DD5AA87814401E8CA852685EFE080
:1023B000EFE701456FE06E9832244C403E85EF70A8
:1023C00020273A240040BA94C204B307E500C18034
:1023D000E1BF5155C5B7EFE26E92B727012083A741
:1023E00087B9AA89138501C4938401C482978C405C
:1023F000A9C983C751C3138401C493F7F70F81E7B9
:102400008547A38AF1C2C2050D46C1810D454440EE
:10241000EF10604D2A8915C52A8432244840A685CC
:10242000EF7000213E240040BE9465F8EFE0EFDE3F
:1024300083A70901CE854A85829701C54A85EF1099
:10244000A0456FE0EE8EEFE20E8D411137240120A2
:1024500002C202C402C6EF00D078130504BAB72541
:10246000012019469385C5B313059502EF70401CF2
:10247000B727012003A707B3938707B3130504BA4F
:102480003AC29847DC433AC43EC623A001C623AEF5
:1024900001C4EF10A03837280100B72701007400ED
:1024A00030004C001308A829938707320147130511
:1024B00004BAEF10003141016FE02E8893178500B8
:1024C00021815D8D420541818280931785002181A4
:1024D0005D8D4205418182801357850193178501E7
:1024E000D98FB706FF0013178500758FD98F416705
:1024F000130707F02181798D5D8D8280EFE2AE8137
:10250000EFF09FFD6FE06E83EFE2EE8003A401C663
:10251000AA8401EC03A5C1C511C5EF10803019C113
:1025200003A4C1C522856FE04E812285EF10602F84
:1025300005C198309C2022075D8FBC20C2075D8FAB
:10254000BC30E207D98F5840B98F1844F98FF9DBB6
:102550000040C1B7EFD2BEF94041AA84AE891C3019
:102560000820A2075D8DEFF05FF6318142054181C1
:1025700091476306F5002685EF10003231A41C3028
:102580000820A2075D8DEFF05FF419813C30137ACB
:10259000C5032820A2075D8DEFF03FF3BE242A89F2
:1025A000E3EB47FD9E24E3E8A7FCD2852285EF40BC
:1025B000F04171F1CA852685EF10E046370500F03D
:1025C000EFF0DFF3370500E0EFF05FF34E89054BE6
:1025D000930B04014A85EF10C02411E563130B121D
:1025E000032909000DA293074900EDDB832649006A
:1025F000F5D618381C2822075D8F3C28C2075D8F4E
:102600003C38E207D98F6382F604CA855E85852E41
:102610000DED1C38834A0401370500F0A207B3E72B
:102620005701834A2401C20AB3E7FA00834A3401FE
:10263000E20AB3EAFA00EFF07FECB3FAAA0037053A
:1026400000E0EFF0BFEBE39BAAF858345C242207CC
:102650005D8F7C24C2075D8F7C34E207D98FB9C3BC
:10266000CE851305C400212EE31705F05C34034A20
:10267000C400370500F0A207B3E74701034AE400AE
:10268000420AB367FA00034AF400620A336AFA00A6
:10269000EFF0DFE6337AAA00370500E0EFF01FE63F
:1026A000E30BAAECE30909EC034974006820220952
:1026B0003369A90011657D15EFF05FE03375A9005E
:1026C00011C52685ED26AA8461C14041CE852685A7
:1026D000EF10604955E91C340824A2075D8DEFF026
:1026E000DFDE1375F50F99476303F50AC5476309E4
:1026F000F50885476312F50ACE852685EF40006D03
:1027000061A003A901C66314390103290900014B23
:10271000E31209EC1C340824A2075D8DEFF0FFDA08
:102720001375F50FC547631EF500B3074401A823D1
:10273000BC33A2075D8DEFF05FD993074004630DB2
:10274000F502854A1C340824A2075D8DEFF0FFD7FF
:102750001375F50FC5476319F508229A83473A00A8
:1027600003452A00A2075D8DEFF03FD69307C076A0
:10277000631CF5064E893DB7E39809F2814AD9B743
:10278000CE852685EF40201101456FD0DED9CE855C
:102790002685EF20702ACDBFCE8513050401C52202
:1027A000E31B05DC1C3803490401370500F0A207D0
:1027B000B3E72701034924014209B367F90003493C
:1027C000340162093369F900EFF05FD33379A9006E
:1027D000370500E0EFF09FD2E30FA9D8C0C08945CC
:1027E0002685EF40B00341BBE3910AE669B3EFD21F
:1027F0001ED0AA894289630F0612AE8AD1453A8A51
:10280000B284B68B3E8BEF104002795763110512EC
:1028100003A44900A20B1C340824A2075D8DEFF02D
:10282000DFCA1375F50F33657501EFF03FC9135714
:10283000850018B408A4EFF05FC9218142054181E9
:1028400022053365650142054181EFF03FC79830AD
:102850009C2008A422075D8FBC20218108B4C207F8
:102860005D8FBC30116513050550E207D98F13D772
:1028700087001CA818B813D70701E1833CB838A813
:102880003365AA00EFF09FC308A0218108B003D5EB
:102890008900138A81C4EFF07FC228A0218128B06B
:1028A00003550A0023030400A3030400EFF01FC133
:1028B00083570A0048A02181850748B02310FA00F9
:1028C00063810A0203C71A0083C70A0022075D8FCB
:1028D00083C72A00C2075D8F83C73A00E207D98FFA
:1028E00099E713074900814719C38327490013D784
:1028F00087005CA458B413D70701E18378A47CB4A3
:1029000023050400A3050400D1452285EF40100CE7
:1029100028A4218128B48357090385C303D78900DC
:1029200063FDE7002686CA854E8585232A873A857A
:102930006FD07EBF4441C104F9BF83274901268679
:10294000CE854A858297DDB7EFD2FEBC01112A847D
:1029500032852ECE36CC3ACA3EC832C6EFF0DFBA48
:1029600009CDC2475247E2463246F2452A882285BF
:10297000EFF0FFE705616FD05EBC7155E5BF183120
:102980001C2122075D8F3C21C2075D8F3C31E2078D
:10299000D98F9386F7FF75576366D70203C7250360
:1029A0000145098B0DC3D841630FF70094453D8F56
:1029B000758F11EB13C5F6FFE98F3385A7401335EB
:1029C0001500828005458280EFD27EB203A4C1C487
:1029D000C544014B1389C1C419E06FD0DEB4FD14A6
:1029E00093F4F40FFDD87C3C032C040091C7FD1731
:1029F0007CBC228B6284CDB783294400814A03A525
:102A000049005C315821A207D98F85EF18311C216C
:102A1000514622075D8F3C2193058400C2075D8FDC
:102A20003C31E207D98F5CC0EF60904085454E8510
:102A3000EF4000604E85EF108004AA8A4E85EF00BB
:102A4000B0658329440063960902032709001C40EE
:102A5000631CE4042320F900A2851545EF00B0466D
:102A60001387A1C41E235A84B38A574123105701E8
:102A700049B703A749004E851C33034A0700A20744
:102A8000B3E74701034A2700420AB367FA00034A43
:102A90003700620A336AFA00EF00707EAA9A4E8508
:102AA000EF00905FD28945B72320FB0075B7EFD2C6
:102AB0001EA444412A899C308820A2075D8DEFF036
:102AC000DFA019811375C503D1476312F526FC30C9
:102AD000E820A2075D8DEFF05F9FBC302A8BA82015
:102AE000A2075D8DEFF07F9E9C30AA8C8820A20704
:102AF0005D8DEFF09F9D2A8C4A85EF005078B727B7
:102B0000012083A747B803D7A1C42A8D8D832A97B4
:102B1000FD8B9389A1C463ECE72003A4C1C4814A5F
:102B2000138AC1C41DE81545EF00F0372A846300FD
:102B300005207146814513054400EFD0DEA08D4786
:102B40007CBC83270A0023208A001CC05146A6852E
:102B500013058400EF60D02D95ACD834DC24220717
:102B60005D8FFC24C2075D8FFC34E207D98F584883
:102B70006316F70298389C2822075D8FBC28C2078D
:102B80005D8FBC38E207D98F184C6319F700DC3031
:102B9000D4205A24A207D58F6306F720A28A0040CA
:102BA00051B7CC4203C8550003C34500220833681F
:102BB0006800637C060D93D5860094A38CB393D5EF
:102BC0000601E182ACA3B4B3630E072A74336C230D
:102BD000A206CD8E6364D6146362A814935689004E
:102BE0002300270114B3935609011359890134A313
:102BF000A3012701782C014B058B630F0718638D08
:102C0000081858404443D830D4202207558F631504
:102C1000071894339823A206D98EB8234207D98E79
:102C2000B8336207558F61E75E2C03C90400514633
:102C3000D1075EAC9C30930584002685A207B3E7DC
:102C4000270103C924004209B367F90003C934000E
:102C500062093369F900EF60B01D4A2CEFF01F865E
:102C6000A8A02181A8B023830400A38304002385A6
:102C70000400A3850400D1452685EF402055A8A473
:102C80002181A8B4032B4400D5A063090609F431BF
:102C900003C36500A206B3E666006361D60801CBF4
:102CA000742378332207558F6303E80081489831F5
:102CB00094212207558FB421C206558FB431E20604
:102CC000D98E2E8765AA935689002300270114B355
:102CD000935609011359890134A3A30127017423D1
:102CE00078332207558FE307E6F0814821B7544334
:102CF000EC23F833DC32D0222207A2074D8FD18F8C
:102D0000631AF7029C329822A207D98FB822420791
:102D1000D98FB83262075D8FB68731B74A85EF0029
:102D2000105683D709003385A7402390A9004A8510
:102D3000EF009036014B8DA0B1554A8583244900A0
:102D4000EF00B02ECA855A85EF0030559C3003C97C
:102D50000400A207B3E7270103C924004209B367AF
:102D6000F90003C9340062093369F900E31609FC6C
:102D700003270A001C406314E4022320FA00A28502
:102D80001545EF0050145A85EF00704F83D70900A6
:102D90003385A7402390A9005A856FD0CEF823A091
:102DA000FA00F1BFFC30E820896BA2075D8DEFF0DF
:102DB000CFF1FD1B337575014205418101E96A249C
:102DC000EFF0AFF033757501E31205D883D7090032
:102DD0003E9D2390A901FC30E820A2075D8DEFF015
:102DE000CFEE9317250163C2070213153B017C2C1C
:102DF0004D810E05135C6C006695137CCC0393E744
:102E00001700330585417CAC4AAC83244900BC30B3
:102E1000A820A2075D8DEFF04FEB9C302A8B882015
:102E2000A2075D8DEFF06FEAFC30AA8BE820A207C5
:102E300093DB6B005D8DEFF04FE94E054D8113166E
:102E400035003305CB0013FBCB0383274900330543
:102E5000654142051357860041815440D8B313574A
:102E60008500F8B323800700A380070023810700B3
:102E7000A3810700D0A3E8A385480147E39306D2C6
:102E8000E31307E423222401B5B3EFD2CEE5032CEC
:102E90004500011132CA03477C00AA8D03456C002E
:102EA000220783DB0503598DAE8CEFF00FE28966B4
:102EB000B377D500138ACBFEA146334ADA0283D416
:102EC0008D0009677D173EC63379E500B1144209CC
:102ED000C20413590901C1800144514D3ACC420A40
:102EE000135A0A0193163A0093970601C1833EC80C
:102EF0009387DBFE3ECE89E4014505616FD06EE22B
:102F0000E247A68A337BF900B24733EB6701F24709
:102F100063C6F400C24A8967336BFB000146D145A2
:102F20000945EF00501CAA8939C948415146E2853C
:102F3000EF60007003A64D0083AB49006A9623A2A0
:102F4000CD0003D6AD00B306A6412395DD00568D16
:102F500063090D0403D4AD0063738D006A844204D9
:102F6000418001E483AD0D00E5B7814509460D457B
:102F7000EF007017AA8511E54E85EF00F0117D5521
:102F8000ADBF03A64D0002A522A550C14E85EF009E
:102F9000D030B3068D40139D0601135D0D01E31380
:102FA0000DFC5A85EFF08FD12383AB002181A383E1
:102FB000AB0013854A0142054181EFF02FD02381F8
:102FC000AB002181A381AB00D14523850B00A385F4
:102FD0000B005E85EF40801F03A74C0152462385FE
:102FE000AB002181A385AB00CE8566850297B384B3
:102FF000544152994E85C2044209EF00F009C18044
:1030000013590901228DC5BD3C296385B7002CA940
:10301000A309050082805E2D184DB306F7002388B2
:10302000B60E938627008507C207C18356ADBA97AF
:103030002388C70E82805A2D1C4D9306170056AD6B
:10304000BA972388B70E82805E2D184D13D685015E
:10305000B306F7002388C60E93861700C206C18206
:10306000BA9613D605012388C60E93862700C2069A
:10307000C182BA9613D685002388C60E9386470070
:103080008D07C207C18356ADBA972388B70E8280D9
:1030900015C15E2D184D130630049386170056ADEA
:1030A000BA97FD562388D70E5E2D6376F60093F609
:1030B000370091E282809386170056ADBA97238835
:1030C000070EDDB7630C0516EFD2EEC40329050227
:1030D000DD5763020916AA84014693054013014592
:1030E000EF007000232AA9002A87FD576305051405
:1030F000834639019387418581E69443850694C3CD
:10310000404388438547232C89002320A9001CA025
:103110001CB099473CA0A3010400EFF0EFBB93570C
:10312000850048A05CB09357050161817CA068B020
:1031300003248901294723040400A3040400230570
:103140000400A305040023060400A30604002307CB
:103150000400A3070400834729016388E700F117EF
:1031600093F7F70F0547636AF700DC205CA4DC30B7
:103170005CB4FC207CA4FC307CB423080400A308CD
:10318000040023090400A3090400230A0400A30A7D
:103190000400230B0400A30B0400230C0400A30C65
:1031A0000400230D0400A30D040083C5840281479D
:1031B000414613970701418381466376B700338701
:1031C000F400834697023307F40054AF8507E39277
:1031D000C7FE1307C4029307C406230007000507B0
:1031E000E39DE7FE1307C40E238007008507E39DD8
:1031F000E7FE3755826313053536EFF0EFAD935791
:1032000085002306A40EA306F40E03268901935716
:10321000050161812307F40EA307A40E231E0900F4
:10322000814713074004B306F6002388F60E85078E
:10323000E39BE7FE81473E856FD02EB0D9573E8590
:10324000828011CDEFD22EAD005101C8484811C186
:10325000A125232A0400232C04006FD00EAE828007
:1032600063000518EFD22EAB00516309041638280D
:10327000A1476315F71698319C2122075D8FBC2169
:10328000C2075D8FBC31E207D98F18546398E714E9
:10329000AA84B1452285EFF03FD72685EFF09FE263
:1032A000631905120546930550032285EFF0BFD63A
:1032B00091452285EFF03FD81146930520032285E2
:1032C000EFF07FD50854EFF06FA3AA852285EFF0C9
:1032D000BFD71146930560032285EFF0DFD3485036
:1032E000EFF0CFA1AA852285EFF01FD61D469305EA
:1032F000D0032285EFF03FD25E2C184C0546228584
:10330000B306F7002388C60E1386270042064182C3
:1033100052AC9386170083C59402C206C182BA9646
:103320002388B60E93863700C206C18256AC83C589
:10333000A4023A96BA962308B60E138647004206B0
:10334000418252AC83C5B4023A962388B60E938666
:103350005700C206C18256AC83C5C402BA96230880
:10336000B60E138667004206418252AC83C5D40272
:103370009D0732972388B60E5EAC83C7E40223080C
:10338000F70EEFF0FFD04E2C48489385050FC2058D
:10339000C181512D034784021C4C4C484840D8A79A
:1033A0000347940203A94400D8B70347A402930635
:1033B000300413860196F8A70347B402F8B723A296
:1033C00004002687EF30407A268523A22401EFF0FF
:1033D0005FE73C3885073CB885477EAC6FD0EE95FB
:1033E0008280EFD24E931128BD24B727012083A7F6
:1033F00087B191C382976FD04E9437E700201307AF
:10340000770A719B23AAE1C4B727012083A7C7B716
:10341000231107008D07F19B93960701C182BA978C
:1034200016A32302070023ACF1C40546D0A396A33C
:10343000B6A323A8E1C4828049C183A741C5636EB6
:10344000F50683A581C5637AB50683A601C5130673
:1034500085FF230E05FE138701C56373D60010C3D5
:10346000835685FFBE966304D60203C846006310E8
:103470000802638ED5000C436393B60010C38E22FE
:10348000231CB5FE9622B305F640BE96AEA2835528
:10349000A5FFB386B7006302D60203C84600631EC9
:1034A0000800032807006313060114C3035785FFB0
:1034B0009AA2035785FFBA97AEA382808D05C205F5
:1034C000C181F199C205C1813147AE8763F3E5003F
:1034D000B147372701200326C7B7C207C1830D06AE
:1034E000719A6360F60A03A741C5636DE50883A678
:1034F00081C56379D508930685FF835885FF998E2A
:10350000C206C182938588FF958DC205C18163EA99
:10351000F5066389F5063303170103484300631476
:10352000080293858600138801C5AE97032E080014
:10353000C207C18383580300B305F70063166E0208
:103540002320B80015A01388470163ED0503938578
:103550008600AE97138801C5C20703230800C18304
:10356000B305F700E3EE65FC23901501B6A12382B5
:103570000500231CF5FE96216306D60036973EA370
:1035800082800145828039C5130735004207418397
:10359000719B42074183B146BA876373D700B14735
:1035A000372701200326C7B7C207C1830D06719ACA
:1035B00001456362F60203A701C583AE41C5938549
:1035C00001C53303F640B306D741C206C182615E2E
:1035D00063E46600014582803385DE0003484500D0
:1035E00083580500631708063308DE404698636277
:1035F000F8061383470163626804A107B697C20700
:10360000C1833388FE00231018012311D800230240
:10361000080085461EA154A1835608006304D60005
:10362000F696BEA26319A70083A681C581475023E1
:1036300001EE91C398C12105828085475CA1DDB769
:103640001A2385477697E5B7E39CE6FEEDD794C14C
:10365000DDB7C686B5BF83A5818583A6C185B7F7CB
:1036600000209387373237270120F19B130787BD4E
:103670001385060103D805002320070001466318BF
:10368000C800890611078905E396A6FE8280832873
:1036900007000506420623A0170183D806001CC3B5
:1036A0004182C697E9BF9D4763EDA700B727012078
:1036B0000A05938787BDAA97884309C5184198C30F
:1036C00082800145828099C9931725003725012002
:1036D000130585BD3E951C419CC10CC18280EFC283
:1036E000FEE198319C21AA8422075D8FBC212E84A3
:1036F000C2075D8FBC31E207D98F5841639FE70055
:1037000018301C2022075D8F3C20C2075D8F3C30A3
:10371000E207D98FDCC06FC0BEE103A5C1C6014975
:103720009309400605C11841DC40032AC500631116
:10373000F7048545EF0030659307190093F7F70FFD
:1037400063F7290383A741C7C5DF984319CFD44046
:10375000631DD70014301820A206D98E38204207E6
:10376000D98E38306207558F98C3DC47F1BF3E8948
:1037700052854DBFEFC23EDA411132C636C42A84AB
:10378000EFF0FFF53246A246814719CA18321C22D3
:1037900022075D8F3C22C2075D8F3C32E207D98F42
:1037A0001CC4814799CA98329C2222075D8FBC2293
:1037B000C2075D8FBC32E207D98F5CC441016FC084
:1037C000DED7EFC25ED558CD138741C683480700C8
:1037D0004111232205002324050023260500230987
:1037E00005022320050213831800A30A15032328CA
:1037F00005012A843EC623006700EFF0BFF7B247F9
:103800002285829711E9938701C6984318C080C327
:10381000228541016FC07ED20144DDBF23AEA1C429
:1038200082800345250305898280AA870145A5C5B5
:10383000BDC3139605014182328863DB050033085E
:10384000C040BA27420813580801054563650705BB
:10385000D427D84381C60D456391A6020D8F938668
:10386000070105456369D702D8C3BA2701453297D6
:10387000BAA79A273A9692A78280FD16C206C182FD
:103880008548054563E9D80063D70500B62763E49A
:1038900006010D8FD1BF8280EFC25EC601440DCDFF
:1038A000AA8501440D498549FE25FD17C207C1833C
:1038B000FEA59DE3DC2584411D4563882701FD1796
:1038C000C207C18363EDF9001945EFF0DFDF05049E
:1038D0001374F40FA685E9F822856FC07EC52E8586
:1038E000EFF09FB5EDB7EFC27EC18547630DF500E0
:1038F00031C589476306F5048D476305F504014426
:1039000022856FC0FEC28144D104B904C204C180C3
:103910008947B2892E8963E9C70279CA1945EFF050
:103920009FD82A8469DD232205002314250123154D
:1039300025012320050023063501B5A0D144E9B7B0
:103940008144E1B78144E9B78D470144E31AF6FAAF
:103950001D45EFF05FD52A845DD1B3079500CD07F3
:10396000F19B372701205CC1930747B7DC438D04E7
:10397000F19893879703F19B2306350123200500D7
:1039800023142501B3849740930947B763739900C3
:10399000CA84854726A47EA4B30499400D4A22898F
:1039A000854A6347900085477EA4A306040089BF2B
:1039B0001D45EFF05FCF09E52285EFF0FFED81B700
:1039C00083A7490023164501232005002320A900D1
:1039D0009387970306A5F19B63F3F400A68713076B
:1039E00005013EA558C1231755019D8C2A8955BF55
:1039F0009387350013853401F19B71993E954205FB
:103A00004181EFF05FB82A84E30B05EEAA94CD0460
:103A1000F19844C123142501231525012320050015
:103A20002306050049B71E2563FAF504EFC2BEAEB2
:103A30002A84AE84B387F5402E2463E995025C2482
:103A400081EF638B95004C402285818DA695C20540
:103A5000C181EFF0BFA62A84084026A406A419C19C
:103A6000EFF09FE3232004006FC03EAD1A248D8C3D
:103A7000C2043E971AA4C18000407DBF8280814766
:103A800019E13E858280850793F7F70F0841CDBF86
:103A900001C57E2585077EA5828009CD99E18280BA
:103AA0003A859E2516251841B697C207C1831EA5E3
:103AB00065FB0CC18280EFC21EA62E84EFF0FFFDD5
:103AC0002285EFF0FFFC6FC05EA73DCDEFC21EA3C5
:103AD0002A84AE845955ADC51A249E256362F70623
:103AE0000149014A8359A400BE24B3894941B387DF
:103AF000274163C9F904939907014840CC4093D901
:103B000009015295CA954E86EF5090324E9A3E2446
:103B1000420A4E994209135A0A0113590901639442
:103B200047010040014ABE246365F900844099CCF6
:103B30000149BA249E246316F7029C409DC35D553B
:103B40006FC01E9FC20955BF5955828009C80149DF
:103B50003A241E246314F7001C40F5F3C1F4014518
:103B6000C5B77DF441B7EFC27E9903294500AA8904
:103B70008347990003458900014AA2075D8DEFE064
:103B8000DF94937AF50F03A481C63109938481C62B
:103B900001E401456FC0DE991C2801456394570379
:103BA0005C488DC3084CCA864E86A285829719C987
:103BB00063080A005C442326FA009C4080C05CC471
:103BC000054581495C44228A71F53E84D1B781471D
:103BD00099C998319C2122075D8FBC21C2075D8F56
:103BE000BC31E207D98F1CC101458280814799C948
:103BF00098319C2122075D8FBC21C2075D8FBC31AB
:103C0000E207D98F5CC1014582804CC910CD82800A
:103C1000EFC2DE8EAE842A89D1452685B289EFF0C7
:103C2000DFC015C9014681450545EFF0DFCB2A8489
:103C300009E57D594A856FC0BE8FA685EFF0BFE7C5
:103C40004E85EFE07F8C19ED7159E30594FE2285D6
:103C5000EFF09FC4C5B7B1552685EFF01FBD71F9D0
:103C60002684F9BFCA85630509008327090099E303
:103C700093054500834709010347A9008346B9001E
:103C80002A884E862285EFE09FB62A897DBFEFC243
:103C90009E8813064500EFF0BFF76FC01E8AEFC283
:103CA0009E87138781C61C43AA856390A7025C4543
:103CB0001CC30145EFF03FA16FC03E88D84709C73C
:103CC0006314B700D845D8C7DC47EDFBDDB7EFC2BA
:103CD0009E84AA840145EFF01F9D2A8411CD714670
:103CE0008145EFC05E86930700F83CB4938781C698
:103CF000984304A880C358C422856FC01E846D55A4
:103D0000828083A6C1C603A641C883A541C703D547
:103D10004186938741861307150013150701131871
:103D200007014181635308000565368719E732872B
:103D300019EB2E8719EF8AA382800358C701E30C81
:103D4000A8FC5847E5B70358C701E306A8FC584745
:103D5000C5B70358C701E300A8FC5847E1BF1C4999
:103D600063960710EFC28EF94111AA84328411E6DE
:103D70002EC6EFF01FF9B2452A8403A741C731E7E9
:103D800003A7C1C625EB83A901C7138901C74E87C5
:103D900059E783A741C8CDEB85C198319C21220703
:103DA0005D8FBC21C2075D8FBC31E207D98F89C707
:103DB00011462685EF50D007C2AC23A6340123203C
:103DC0009900014541016FC0AEF65E2F63928702F4
:103DD000104359CED1CD94319C21A206DD8EBC2159
:103DE000C207DD8EBC31E207D58FD9C36302F60866
:103DF000584771B75E2F63928702104335CAADC929
:103E000094319C21A206DD8EBC21C207DD8EBC311F
:103E1000E207D58FB1CF630DF6045847A5B75E2FE3
:103E200063928702104329C6A1C594319C21A20642
:103E3000DD8EBC21C207DD8EBC31E207D58F8DCB74
:103E40006308F6025847A9B7DA2F631F8700943139
:103E50009821A206D98EB8214207D98EB8316207BF
:103E6000558F94436386E600DC4735B74D55828015
:103E7000555589BFEFC22EEA1C49411191C7014433
:103E8000228541016FC06EEB2AC60D45EFF0BF8160
:103E90002A8475D5B245138701C79C4D1CCDDE2DF4
:103EA0005EAD85471CC99E2593E727001EA5BC353E
:103EB0003CB5BC253CA59C411CC11C436394B70286
:103EC000DC451CC323A605000945EFF0CFFFB7472B
:103ED00001009387E7CF1CD0938741C7984380C3E5
:103EE00058C479BF23A0F1C88146138701C889E768
:103EF000F1DA23200700F9B7D0476317B60091C263
:103F00001CC3D845D8C77DBF8546B287CDB7AA8721
:103F10000358C5021459D23B0C5583D80704330506
:103F2000D84005822E95328763F3C8004687420742
:103F300041833307E54063450700239707038280E9
:103F40003387D5406356E0002397070201458280FE
:103F50008D8EF6B7E5BFEFC20EDC5E352A84BE95C6
:103F6000C2055E39C1814EB563F3B7005EB52285E7
:103F7000EFF0FFF95E388983634BF50083476402F5
:103F8000228593E727002303F402EF2080256FC0EA
:103F9000CEDAEFC24ED84111014409CDAA8548417D
:103FA000014411C52EC6EFF03F8FB2452A8411455A
:103FB000EFF06FF1228541016FC02ED8EFC2AED570
:103FC000014401E522856FC04ED70441EFF07FFC2C
:103FD0002A941374F40F2685EDB7EFC2CED34111A6
:103FE0002AC61145EFF02FEC2A8401C9B24551468B
:103FF000EF5000644840EFF0BFA9228541016FC037
:10400000CED30CCD82802328B50882802326B50824
:104010008280232EB50882800CD18280232CB508A3
:10402000A30EC50282801C4905476374F704294723
:104030006381E704EFC22ECE2A840325850809C5D3
:10404000EFF09F852324040803254408FD577EBC18
:10405000EFF0DFF6685C23220408EFF03FF603255B
:104060000408EFF0BFF5232E0406232004086FC0D8
:10407000CECC8280EFC22EC7B7240120938704B331
:10408000138781C703CC87011C43B71A0200850739
:1040900003ADC1C61CC313096006014A938404B36F
:1040A000138481C79389C1C68D4C938A0A93138B5D
:1040B0004196631A0D0003A441C8938441C8631953
:1040C00004246FC00EC67D191379F90FE30B09FEA6
:1040D00003462D0583260D01854D6302CC02834DD9
:1040E0000D0B63840D100327CD0AB306BB0183C6F5
:1040F000F6FF05072326ED0A637CD70C814D0327C5
:104100000D019946631DD70003268D031440918E3F
:10411000904C6376D60093871D0093FDF70F83566E
:104120008D00814BA18A95CE91466305D7009D46AF
:104130006319D70283284D0A83268D0A03250D0AA9
:10414000CC4CB386D802104003278D03198EAA9653
:10415000B3D6B60263FCC61093871D0093FDF70F1C
:10416000854B03254D0805C103278D0314401946CF
:10417000998E03170D053307C70263E6E600EFF0DB
:10418000FFE323220D0803270D01631497118326F3
:104190008D031840158F944C63E8E61063960D105C
:1041A0008347CD030347DD03850793F7F70F230EFE
:1041B000FD0263EBE70083278D09230E0D02639256
:1041C00007146A85EF20E0016A8A032DCD00D5B57A
:1041D00023260D0A19476366B70193871D0023083C
:1041E000FD0A6A85EF20005E11BF0317ED036345EA
:1041F00007000507231FED0203270D08E30007F062
:104200008315ED0303170D05E35AB7EE63F4DC02E3
:104210000317CD048316ED04B1470D8736979376C7
:10422000F60F63F3C700B146D69694223317D70032
:104230002318ED048356AD0503574D06231F0D02C9
:1042400063F3E60036874207418383560D040583F6
:10425000231EED046376D70013971600231EED048A
:10426000231DDD046A85EF20C03E51BD03471D0BB1
:10427000814B330717032A973357B702E373C7EE0F
:104280006A85EF20404E03471D0B0507A308ED0A82
:10429000C9BDA546E314D7F003278D031440998EBA
:1042A000984C0607E37CD7EE6A85EFD06FD66A8517
:1042B000EFF07FD78327CD0063020A042326FA009C
:1042C0008327CD0989C703258D01ED558297638F1B
:1042D0000B0083574D020357CD0183258D02032523
:1042E0000D0693064D006A86EF202026832BCD0015
:1042F000EA850945EFF02FBD5E8D65BB23A0F9006F
:10430000C1B703258D01EA858297E30C05EA6DBDEF
:104310002285EFD0EFCF2285EFF0FFD00329C40034
:10432000A285094523A024014A84EFF0CFB941BBFF
:10433000EFC26E9E1C412E846390B704DC451CC105
:10434000232604002285EFF01FCE1C4829476381F5
:10435000E7020547638EE7008347640213F71700FF
:1043600001CB93E727002303F4022285EF10706747
:10437000232804006FC06E9C23A0F1C881461387D8
:1043800001C889E7D5DE232007005DBFD04763174A
:10439000860091C21CC35844D8C75DB78546B28712
:1043A000CDB71C491D476366F70AEFC2CE96371793
:1043B00002008A0713070791BA979C432A848287D1
:1043C000EFD00FC5138701C71C43639987005C4476
:1043D0001CC323260400A28509453DA823A0F1C8DB
:1043E0008146138701C889E7EDD623200700D5B79A
:1043F000D0476317860091C21CC35844D8C7D1BFA9
:104400008546B287CDB7EFD0AFC0A285138541C72F
:10441000EFF01FF2A2850D45EFF0EFAA014531A89C
:10442000EFD00FBFA2851385C1C6EFF07FF065B74F
:104430008545EF10B04F954701C96FC00E90854577
:10444000EF10D04E7DF9A5471CC82285EF1070599A
:10445000F1B701458280EFC20E8C41112E8511CE3D
:104460000E2632C6EFF03FAF32463285EFF0CFC2B4
:1044700081473E8541016FC04E8C8147FDFAEFF0C8
:104480005FF2AA87FDB7EFC20E8903A4C1C69304E9
:10449000500619E06FC06E8A0326840819CA832764
:1044A00004098146A2858DCF084C829719E1232407
:1044B0000408FD1493F4F40FF1DC8347640213F74E
:1044C000170009CF93E727002303F4022285EF109A
:1044D000505183476402F19B2303F402404455BFCB
:1044E0000145EFF05FF7D9B7EFC2EE82EFF0BFF909
:1044F0001387C1C71C23850793F7F70F1CA3858B70
:1045000099C3EFF03FB76FC04E83EFC2CE8003A4D4
:10451000C1C693045006014901E44A856FC0EE818B
:104520000326840819CA832704098146A285B1C7D6
:10453000084C829719E123240408FD1493F4F40F26
:10454000E9DC8347740285CB034764029376170046
:104550009DC2FD1793F7F70FA303F4029DE31367C2
:1045600027002303E4022285EF10B047834764024B
:10457000F19B2303F402404445B70145EFF0BFED42
:1045800055BF0509CDBFEFB29EF61849A9474111A5
:104590002A84631EF700AA85138541C8EFF05FD90E
:1045A000A2850945EFF02F9241016FB0DEF71C4163
:1045B0002E8B032905063EC65C4183298502035ADA
:1045C000C5013EC4835A45028324C509832B850156
:1045D000EFD00FA41385C1C6A285EFF07FD50325C8
:1045E000040819C1EFF09F9D685C19C1EFF01F9D91
:1045F0000325440819C1EFF07F9CA2850945EFF01F
:104600008F8C81C4ED555E858294E30F0BF8D687BD
:10461000528734007000CE854A85EF10107369B759
:1046200093870186884303A781C73A9588C3828010
:10463000EFB2DEEC2A890945EFF0EF86B7240120BE
:10464000938444B72A8425E19C488983858B89E734
:10465000014422856FB0DEED83A741C803A681C760
:1046600001458146938981C7F1E701C58545EFF092
:104670009FF10945EFF02F832A8415E583A7C1C672
:1046800003A509007D191379F90F1306F007814579
:10469000DDEB09C485452285EFF0FFEE0945EFF01B
:1046A0008F802A8455D51306400B81452285EFB0B3
:1046B0009EE9930700045CA89C44231C040613078E
:1046C0008021231BF4065E385EB47EB4E1773EA4FD
:1046D000DC406374F700930780212310F404C16762
:1046E0007D577CC485472318F4047ABC231DF40449
:1046F000EFF01FF383A781C768D428D01CDCB7472D
:104700000100938767452328F408B727012003A7F2
:1047100047B2938747B268C82320E40AD8439C472E
:1047200028D8230E04022322E40A2324F40AA3082F
:10473000040A05B7985F3307E6406364D700BA867A
:104740003E85DC4715B7D42B636CD900636AD6006D
:10475000985F3307E5406365B7003686BA853E84C7
:10476000DC473DB7EFB23EDB13050004EFF05FEC32
:104770006FB0BEDCEFB23EDA2A842E85EFD0DFD8F0
:1047800011CD1E3981CF938787FD3E87C207C18334
:104790006373F400228713140701418022856FB0F0
:1047A000DED9EFB25ED703A441C8938441C819E0B3
:1047B0006FB0BED82285EFD0AF852285EFF0BF86DF
:1047C0000329C400A285094523A024014A84EFE0FF
:1047D0009FEFF1BFEFB29ED21C49AA842E8AC82750
:1047E000DC37A2075D8DEFD05FCE058929E94169ED
:1047F000130909FC03270A0103A6C1C9DE245433A7
:104800004C23B297A206D58D7423C206CD8E6C338D
:10481000E205D58D8356CA00AE96B386D74063D5E0
:1048200006028D8F6359F000918DC205C840C18189
:10483000CEA4EFF04F9F23A044016FB07ECF5285EE
:10484000EFF0CFF7014AC5BF5C374827A2075D8D5F
:10485000EFD0BFC7058915CD9C48C037C8272204B3
:10486000498C4A85EFD09FC59C48698CC827DC37A6
:10487000A2075D8DEFD07FC51375E50313651500A5
:10488000EFD0DFC39C48418D42054181C8A72181FB
:10489000C8B703240A005285EFF0AFEF45D4228A4F
:1048A00091BFEFB2DEC483C7C1C82A84C18B13890C
:1048B000C1C9F1C78325090038558356450670558F
:1048C0003305B74083A781C8938481C86344050238
:1048D0006316B7003307F640634E0700631EF60207
:1048E00003A541CA78350348E5002207336707016D
:1048F00063F4E60203A541CA78350348E5002CD4E9
:104900002207336707012312E4067CD411C703474B
:10491000040B19C32308040A6C483387B740634269
:10492000E02A03D781CA231A04066319072803570C
:1049300044066854B2962A976312D7280317E403F3
:10494000634E0726639CF526834784050D4785073C
:1049500093F7F70F230CF404637CF7240357A405A3
:1049600083570404BA97C207C1836374F700231DF9
:10497000F4047C5C639F07367040631A064003D6DC
:1049800081CA832709001454138A81CA6306067EEC
:10499000B385F6401387F5FF634B074605471D8F28
:1049A000118F36976345E046B7290120938789BF69
:1049B000C443139705014183BE24938989BF63D300
:1049C000B7449E24998FC207C183BA246346B74275
:1049D000B305B040C205C1852685EFE01FE5DC4088
:1049E00083D6C9000327090023A4F9001C54369775
:1049F0001D8F2396E90003A7090193D68700232082
:104A0000F9005CA354B393D60701E18374A37CB38C
:104A1000832609001854B387E64063CB07745234E9
:104A200093871600998F918F6344F0746390E65CCE
:104A3000B7240120938784BF83D9C7009C4B9384FC
:104A400084BFC827DC37A2075D8DEFD01FA80D8972
:104A50003335A0004E9542055E3441812310AA00F3
:104A600063FDA7089C48C827DC37A2075D8DEFD0FF
:104A7000DFA5058931C19C4883C9D700C827A20991
:104A8000B3E9A9004165130505FCEFD03FA39C489D
:104A9000B3F9A900C827DC37A2075D8DEFD0FFA2CC
:104AA0001375E503EFD09FA19C4833E5A9004205AB
:104AB0004181C8A72181C8B75E34DEA49C48C827BD
:104AC000DC37A2075D8DEFD05FA0098901C5DE2428
:104AD000FD17DEA4CE24C840EFE0FFF49C4883D944
:104AE000C400C827DC37A2075D8DEFD01F9E0D895B
:104AF0003335A000AA9923103A0183274408638D17
:104B000007329C48C827DC37A2075D8DEFD0FF9B9A
:104B1000058963100532832A4408416B130B0BFC93
:104B20000325090003570A002A9763800A0803A691
:104B30000A014C325422A205D58D7422C206D58DAD
:104B40007432E206CD8E83D5CA00B695B305B74060
:104B500063D90532158F635AE00483274408984BC4
:104B60005C335423A207D58F898FDEA49C48C827C5
:104B7000DC37A2075D8DEFD05F95098901C5DE2482
:104B8000FD17DEA4CE24C840EFE0FFE99C4883D99E
:104B9000C400C827DC37A2075D8DEFD01F930D89B5
:104BA0003335A000AA9923103A012322540969A49D
:104BB000E391E7DC2285EF10F03465BB230C04049D
:104BC0004DBB3450B386D7406342D0128346640253
:104BD00013F6460001CAED9A2303D4028356C40596
:104BE000231DD4048316C4040356E40442078D86AF
:104BF000B2962318D404835664074183231AE4062B
:104C00003697231BE40618487CC823090404230CA8
:104C100004048D4763F1E7020357A4058356C405D6
:104C2000835704046376D702BA97C207C1836374BB
:104C3000F700231DF4048327040885E38327040871
:104C4000230E040293B71700B307F0407EBC15B3E0
:104C5000B387F702B3C7E702C1BF984B48335C2361
:104C600022055D8D7C23C207C98F683362055D8D87
:104C7000EFD0DF8883270408AA8903DAC7009C4B9A
:104C8000C827DC37A2075D8DEFD03F849C400D899B
:104C90003335A0005295B389F9404E95E340A0FA10
:104CA0008329040883A709002320F40883574407B5
:104CB00085C383A70901C827DC37A2075D8DEFD024
:104CC000DF80058911C583574407FD17231AF406B1
:104CD00003A54900EFE0BFDA835784073385A74077
:104CE000231CA4064E85EFF0CFAAB1B7231A040601
:104CF00049B1984B83A9040048335C2322055D8D9C
:104D00007C23C207C98F683362055D8DEFD00FFF2A
:104D10007C5CAA8AB389594103DAC7009C4BC82737
:104D2000DC37A2075D8DEFD04FFA0D893335A00037
:104D30005295B389A940E3C109C49C403850998F6A
:104D4000E34CF0C28329C40783A709007CDC8357A6
:104D5000440785C383A70901C827DC37A2075D8DF7
:104D6000EFD0AFF6058911C583574407FD17231A05
:104D7000F40603A54900EFE09FD0835784073385ED
:104D8000A740231CA4064E85EFF0AFA0DDB63C443F
:104D90009840998FE3D507BE8316C40403D781C713
:104DA000420693D536404182C205C181B307C74050
:104DB0008D8FC207C18313950701B697C207C187BC
:104DC00041852316F40463570500198E2E9613159A
:104DD000060141858316E4048D872322040413D73A
:104DE00026403387E6402A9742074183BA97231724
:104DF000E4042318F40461B69EA423950400998D5D
:104E00008440E1B63307E04093150701E9B6958F7A
:104E1000E3D007C083476402228593E7270023037A
:104E2000F402EF10003CEDB61C412322F408EFF031
:104E30004F96032544086DF983560A005E34032714
:104E400009002285958F369718D45EB4EFF02F8C29
:104E5000DC409A2709C723AAF1C823A204009C4872
:104E6000C827DC37A2075D8DEFD02FE6058919C56D
:104E7000938781C998231367070298A3914A1D4B12
:104E800039AA5C364826A2075D8DEFD00FE405896C
:104E900035C59C48C827DC37A2075D8DEFD0EFE20F
:104EA000098929ED9C4883C9D700C827A209B3E91D
:104EB000A9005A85EFD08FE09C48B3F9A900C82714
:104EC000DC37A2075D8DEFD04FE01375E503136566
:104ED0001500EFD0AFDE33E5A9009C4842054181C3
:104EE00013578500C8A7D8B783D9C400EFD0EFDD2A
:104EF0000D893335A000AA9923103A0183A90A002D
:104F00005685EFF00F89CE8A21B92320F9005C374E
:104F1000482783DBC400A2075D8DEFD00FDB1C5454
:104F20000D893335A0005E953E959C4808D483DBFF
:104F3000C400C827DC37A2075D8DEFD00FD95E34DF
:104F40000D893335A0005E953385A7404AB422858C
:104F5000EFE0FFFBCC409E2589CB938741C9884376
:104F600035CDEFE09FB323A204009C48C827DC376F
:104F7000A2075D8DEFD06FD5058901CD138781C95B
:104F80001C2393E707021CA31C48639457012328A2
:104F900064019C4026852322F408EFE09FFF8324D0
:104FA000440899CC984854335C23A206DD8E7C23B8
:104FB000C207DD8E7C33E207D58F1454E387D7F424
:104FC0008347640213F7170001CFF99B93E727008B
:104FD0002303F4022285EF10C02039A08CC361B7EF
:104FE00093E717002303F4026FB0EED32285EF108E
:104FF00040188324440891E837250120130585BF14
:10500000EFE0BFFD2322A408C5B7032709008149AB
:105010001308F7FF13051700904854325C22A206CC
:10502000DD8E7C22C207DD8E7C32E207D58F639C49
:10503000E70237250120930785BFDA27DE24E3F551
:10504000E7FA130585BFEFE05FF959DD638A0900D0
:1050500023A0A900A685EFF0EFF779B7B6846DBF5E
:105060002322A408C5BF63900902B306F74063DE9C
:10507000060837250120130585BFEFE01FF62DD563
:105080002322A408C1BF83A8090183C5580083C691
:105090004800A205D58D83C66800C206D58D83C69B
:1050A0007800E206CD8EB306D84063C00606B3068C
:1050B000F540634CD00437250120130585BFEFE090
:1050C000DFF12A8415D103A709015C334C23A20721
:1050D000DD8D7C23C207CD8F6C3303D7C900E20579
:1050E000CD8F832509003E970D8F635BE0009D8D7A
:1050F000C20503A54900C1812396B900EFE0BF9224
:1051000023A08900A6852285B9B79440A689B9F65F
:10511000B307F740E35AF0EC5C364826A2075D8DF2
:10512000EFD0AFBA0589E31105EC3725012013054F
:1051300085BFEFE09FEA88C0E30805EA98485C3342
:105140004C23A207DD8D7C23C207CD8F6C33DA247C
:10515000E205CD8F832509003E970D8FE356E0E8E9
:105160009D8DC205C840C181CEA4EFE0DF8BADBDEF
:105170002285EF1000008DBD3387D74063480700BC
:105180005A348507958F998FE350F0E68347640280
:1051900035BDEFB24EB8938441CA03A904002A84F6
:1051A0008347D9000345C900A2075D8DEFD0EFB159
:1051B000318142054181954763FCA7029C4051091A
:1051C000C827DC37A2075D8DEFD02FB0B7270120AD
:1051D00003A687B731816D150A05420593150601AF
:1051E0004181C181814705488948114363E4A70093
:1051F0006FB0AEB4B306F9009822630907016DDB06
:10520000630A170198326DD7BA9711A08507C207B4
:10521000C183E9BF9832E31D67FC13873700E35968
:10522000A7FCB822B4322207558F6363E60011E36E
:105230002E871AA09107E1BFEFB2EEAA4041AA8BD8
:105240001C3008204111A207138901C95D8DAE8968
:1052500023208900EFD06FA78327090019811375D8
:10526000C5032A9488239C3323A281CAA2075D8D9B
:10527000EFD0AFA59355650093F5C503B305B040D6
:105280005E85EFE08FDA11E503D78B00CD4763E849
:10529000E7005E85EFE04FE041016FB08EA8138B11
:1052A00001C903250B00CE854105EFD04FED75F107
:1052B00003270B00370500F01C3B002BA207C18F12
:1052C000202B4204C18F203B62045D8CEFD00FA3E2
:1052D000698C370500E0EFD06FA2E30CA4FA8325B8
:1052E0000B0003D78B009946138605015E85B10537
:1052F000EF10305D59FD938441CA9C40C827DC37CC
:10530000A2075D8DEFD06F9C3181F155B305B502D9
:105310005E85C205C185EFE04FD125FD80401C3080
:105320000820A2075D8DEFD04F9A08A0218108B018
:1053300080403C302820A2075D8DEFD00F9928A037
:10534000218128B0804048305C2022055D8D7C2082
:10535000C207C98F683062055D8DEFD02F9A9357D1
:1053600085005CB0935705017CA09357850148A048
:105370007CB0804023AEA1C8938AC1C908341C24E4
:1053800022055D8D3C24C207C98F283462055D8DDE
:10539000EFD0CF96935785001CB4935705013CA4DA
:1053A0009357850108A43CB4804023A4A1C8138965
:1053B00081C87C346824A2075D8DEFD00F919C409A
:1053C00068A4218168B4C827DC37A2075D8DEFD0BF
:1053D000CF8F1378F50F83D88B0093753800B335D2
:1053E000B000C69503A3C1C6C205944003260B00B6
:1053F0009377F803C1812386F1C82394B1CA1A8434
:105400000145938CC1C8138C81CA01E403A541C82E
:10541000E9A29C3203CE06005A30A207B3E7C701C7
:105420006312F70EBC3203CE26005A2CA207B3E754
:10543000C7016319F70C58365C2622075D8F7C265E
:10544000C2075D8F7C36E207D98F5840631CF70A8C
:10545000183A1C2A22075D8F3C2AC2075D8F3C3A0E
:10546000E207D98F1840631FF70819C55C4423A6CB
:1054700081C65CC52326640003A74B00B72D01201D
:105480000326840893878DBF23AA01C8238C01C8F3
:1054900023A007002396170198C723A2770194CB76
:1054A000138A81C9138D41C9938D8DBF09CE83277E
:1054B00004098146A285638A072C084C8297E31A67
:1054C00005DC2324040883C70C0023A081CA13F73A
:1054D0004700938B01CA630D073018488947631A48
:1054E000F72A385083270900631FF72A83470A00E9
:1054F00093E787002300FA0083476402F99B2303A4
:10550000F40255A42285404409B798329C22220710
:105510005D8F5E316392E70C83C83600B822A20823
:10552000B3E8E8005A2D6319170B0343D6008348EC
:10553000C6002203336313018348E600C20833E345
:1055400068008348F600E208B3E8680003234500DA
:1055500063141309034316018348060122033363CE
:10556000130183482601C20833E3680083483601EB
:10557000E208B3E8680003230500631F1305937670
:105580004800E39806D0937628008DC603A80A0049
:105590001455B306D84063C606028358C502B386C5
:1055A00016416340D0029306C600C295410603250A
:1055B0000900F1A8137818006305080083A781C7C4
:1055C0001CDDE38805CC8347650293E727002303AE
:1055D000F502EF00104175B9484505F903A341C72D
:1055E0003E8E1A8A63130A04DC36C826A2075D8D34
:1055F000EFC0BFED1189E31E05C8944003260B00E0
:1056000003550C009C32B83283C8060003C826003C
:1056100083A50A00A20722079306C600B3E7170175
:10562000336707014106AA9559B783280A00638E9C
:105630000800183A1C2A22075D8F3C2AC2075D8F9A
:105640003C3AE207D98F639EF812B832BC22220797
:105650005D8F8357CA016396E71201C98327CA0089
:1056600023AA41C75CC523266A00937708019DC31E
:105670009C3283C8060003A80A0003250900A2077C
:105680009306C600B3E717014106C2950505EF0072
:10569000D06B01B113782800E30D08BE03454A0121
:1056A000EFE01FF92A84E30605BE83270B000147BC
:1056B0009386070199CA943B982BA206D98EB82BE2
:1056C0004207D98EB83B6207558F18C00357CA01ED
:1056D0009386C7005AAC014799CAD437D827A20687
:1056E000D98EF8274207D98EF8376207558F944034
:1056F00058C0130504049C329822A207D98F03A72F
:105700000A005EB08D471CC8930717001CD41CD834
:10571000FC36F0267D17A207D18F2312F406231E34
:10572000F40483278A0138D41CCCB727012083D7FF
:1057300087B75EB47EB483270A021CD083578A00E1
:1057400093F797191EA483A7C1C623A681C65CC47C
:10575000EFF03FA40355040493054400EFF08F815C
:105760002310A40485470147C94601468145228587
:10577000952B11C581452285EFE0FFE019BE2285FA
:1057800089BD5285032ACA00B1BD0145EFE0BFCCF7
:105790003DB383A70A001854998F63C607005A3493
:1057A000998FE355F0D483470A0013F7870063010C
:1057B000073E9305F1002285EFB01F9985476316D8
:1057C000F500184889476302F71C2285EFC04F8413
:1057D0008327C40981C7084CE9558297A2851385A0
:1057E000C1C6EFE0FFB4A2850945EFD0DFED71AA95
:1057F000898B85C31C480547F917637CF7008347ED
:105800006402228593E727002303F402EF00701D52
:1058100059BF83A781C7A308040A130504041CDC2D
:10582000EFF03F971C481D47F917E36EF7F637175F
:1058300002008A0713070794BA979C43828783C79D
:105840000C004947C98B6392E70C83270408984BE7
:1058500048335C2322055D8D7C23C207C98F6833E2
:1058600062055D8DEFC09FC9832709000505631E92
:10587000F5088357640703A70A0094408507231B94
:10588000F4069307170068C81CD41CD8FC36F02611
:1058900003550404A207D18F7D172312F406914704
:1058A00038D41CC893054400EFE0DFECA947B307E8
:1058B000F5020357A4052310A404231EF40485470E
:1058C0006315F70006054205418183578407231DB0
:1058D000A40403250408FD17231CF4061C41230916
:1058E0000404232204042320F40893B71700B30709
:1058F000F0407EBCEFE0EFE983274409E38107F045
:10590000084C0146A2858297DDBD83C70C00C18B80
:10591000E38B07E8944003550C0083A50A009C32F2
:10592000B83203260B0083C8060003C82600AA95D8
:1059300003250900A20722079306C600B3E7170153
:10594000336707014106EF005040B1BD83C70C002B
:1059500013F7070169C70325090078489307F5FF86
:10596000998F63C607083C50B307F5406341F008C0
:1059700091471CC81C508DC7084C0146A2858297D0
:1059800005C185452285EFE01FC003A54D0023A07A
:105990000B00E3030590EFD03FF023A20D00EDB81C
:1059A00022858354A405EFE0DFEF8357440781C7C6
:1059B000FD17231AF4060547835704046395E40092
:1059C0008607C207C183231DF40483470A0093F7A7
:1059D0000702E38A07DC83476402228593E72700F6
:1059E0002303F402EF00E07F9D471CC86DBB944089
:1059F00003260B0003580C009C32B83203C3060088
:105A000083C8260083A50A00A20722079306C600C2
:105A1000B3E76700336717014106C2952DB7898B3D
:105A2000E38307D81C5403A70A00FD17E39DE7D6BC
:105A30002285EF00704585BB2285EFE09FE671B7B8
:105A40002285EFE01FE683470A0093F70702C1C3F0
:105A500003C70C0083476402418B93E727002DC3E3
:105A6000345003270900639DE6042303F4022285D2
:105A7000EF0020772285EFE00FDB83A7C1C6631D0F
:105A8000F4005C4423A6F1C6A9471CC803A741C87B
:105A900023A281C858C401BB23A0F1C8814689E76D
:105AA000E5D623A001C8CDB7D0476318C40099C27A
:105AB00023A0F1C85844D8C7C1BF8546B287C5B72F
:105AC0002303F4022285EF00C071A14739BF83C7C9
:105AD0000C00C18BE38907CC385083270900E314FD
:105AE000F7CC994719B72285EFE0BFDB83470A005F
:105AF00093F70702E38907CA83476402228593E785
:105B000027002303F402EF00C06D2285EFE0AFD140
:105B100083A7C1C6E307F4F623A0F1C88146C9D321
:105B2000D047E306C4F88546B287D5BF2285EFE0AB
:105B30005FD783C70C00C18BE38707C63850832724
:105B40000900E312F7C62285EFE0EFCD83A7C1C6B7
:105B5000E309F4F223A0F1C88146B9D3D047E308A2
:105B6000C4F48546B287D5BF2285EFE09FD383C7B3
:105B70000C00C18BE38907C2385083270900E31466
:105B8000F7C283470A0093E707012300FA0021B90F
:105B9000C18B89C72285EFB0BFC789B103564407BF
:105BA00019C68327C40881C7084CA285829703269B
:105BB0000D000DC683C70C00A18B89C75C3693E727
:105BC00017005CB6832704098146A28595CB084C53
:105BD000829709C583270D002324F40883470A0010
:105BE00093F7070289CB8327040981460146A285E2
:105BF00081CF084C8297228523A00B00DD2371B34F
:105C00000145EFE05F85F1B70145EFE0DF84E5B7DF
:105C1000EFA27E902A894A2D41112E8432C6EFC010
:105C2000FF8908A0218108B003554902EFC01F89F0
:105C3000324628A0218128B0935786000325890287
:105C400050A05CB093570601618270B07CA0EFC099
:105C5000BF889357850008A41CB4443493570501AA
:105C6000618128B44824A2043CA4C98C4165130571
:105C700005FCEFC0BF84E98C4145EFC03F84458DF2
:105C80004205418148A4218148B40355E902EFC08F
:105C9000FF828357E90268A4218168B4231BF902BB
:105CA0005C34482423090400A207A30904005D8D85
:105CB000EFC0BF8195671375F5035D8DEFC01F8041
:105CC0000357E9028327890248A4218148B42308A5
:105CD0000400A3080400BA972328F9022285410191
:105CE0006FA0BE85EFA23E8079712EC63ACA2A897E
:105CF000B28A368BBE8D01EE93F73600B3E7FD0016
:105D0000595A91C38DC1528545616FA09E818357B9
:105D1000650763FAC700834769027D5A93E707F86E
:105D20002303F902CDB793972D0013F72D00918B24
:105D3000B14611E38146B6973EC283270907372D46
:105D4000012013074DB73EC41C47584383548907AD
:105D50008A07B3D7E702130D4DB7E3FEF4FA4167A4
:105D60009306C7FFE3E996FA92473082130707FCD0
:105D7000898393F7F70F950732C85246B207C207D7
:105D80003AD2B24C13170B01C183058A41833ECC32
:105D9000D68B8149814732CE36D03AD4035A090492
:105DA0001247330AEA4063D34B015E8A11453ED65F
:105DB000131C0A01EFD03F8F135C0C012A84630689
:105DC0000518232005002322050063840914B25717
:105DD00088C3F24763810714C24701460145B305F2
:105DE000FC00C205C181EFD01FB048C0630F05148D
:105DF000EFD0FFC8B247AA94C204C18081CF5C40F3
:105E0000E685C843C167FD173376FA0092473E9591
:105E1000EF3010025C40DC431CC483278D00032755
:105E20004D008A07B3D7E70263E19712825763EE0A
:105E30009710484023168401D145EFD01F9F631669
:105E400005105C400355C901B38B8B41DC43C20B89
:105E500093DB0B011CC83ED6EFC04FE6B25788A3B8
:105E6000218188B31C48035549023ED6EFC00FE597
:105E7000B257A8A32181A8B31C4822453ED6EFC043
:105E8000AFE5B25713578500D8B313570501F8A3F0
:105E90001848C8A36181E8B35C3748272309070085
:105EA000A207C98F1255A30907003ED6EFC00FE124
:105EB000B257E98F22553ED6EFC04FE0B2575D8D05
:105EC00042051C48418113578500D8B7C8A723074E
:105ED000B401EFC08FDF1C481375F5033ED6E247CF
:105EE0005D8DEFC0AFDDB257C8A72181C8B7C167CC
:105EF000FD17337AFA00A247D29CD2973EC4A287FC
:105F0000E39E0BE8032AC90763190A06232E390703
:105F100051A2AA897DBDC24501460145EFD0BF9C73
:105F200048C005C5EFD0BFB5AA94C204C180E386BE
:105F30000BEEE28505460D45EFD0FF9AAA85484055
:105F400095E1EFD07F9523220400834769027D5AB3
:105F500093E707F82303F902E38709DA4E85EFE0B8
:105F6000EF8555B323A295018504C204232494012F
:105F7000C180EFD09FB255B53E8A83270A00EDFF5E
:105F800083270A01835BCA00C827DC37A2075D8D1F
:105F9000EFC0AFD30D893335A0005E9563050518BA
:105FA00083270A01C827DC37A2075D8DEFC0EFD138
:105FB0000D89631A051693773B0081C785476314E3
:105FC000FB1603D7C9008357CA00BA9703570904C1
:105FD000634BF7140347EA0083C7E9006315F7141E
:105FE00003270A0148335C2322055D8D7C23C20709
:105FF000C98F683362055D8DEFC04FD003A70901DB
:10600000835BCA005C23AA9B483322055D8D7C23F9
:10601000C207C98F683362055D8DEFC02FCE6394D0
:10602000AB10C247B15503A549009D8DC205C1857E
:10603000EFD0AFFFE31B05F003A549003E2599EB28
:106040001C41FD14C20423A2F90023200500C180D5
:10605000EFD09F8493771B00CDC783270A0183CBA2
:10606000D700C827A20BB3EBAB000545EFC00FC5A7
:1060700083270A0133E5AB0042054181C8A721818E
:10608000C8B763958900035CCA005284CE85114568
:10609000EFD06FE393773B0089C7850AC20A93DA92
:1060A0000A01137B1B0063080B008347690293E717
:1060B00007022303F90283270907231C9906014AD3
:1060C000D6972328F90683576907B38A5741231BBC
:1060D0005907E30A0CC21C48E38707C25247098BE1
:1060E000E31307C2C437C827A204C98C2145EFC0F7
:1060F000EFBC1C48458D42054181C8A72181C8B726
:1061000019B183A5490003254A00EFD01F9903D791
:10611000C9008357CA00BA972316FA0083A709005B
:106120002320FA00B9BF23203A01ADB7EFA2AEBEDB
:10613000AE868147054701468145EFF0BFBA6FA0A3
:10614000CEBFAA8708491D476308E5001308E5FF8D
:1061500009476155636E0701014519CAEFA2AEBB3D
:1061600036873E8581468147EFF0DFB76FA0EEBCF2
:106170008280EFA2AEB82A840146D1450545EFD012
:106180008FF631CD83476402AA842850F19B230304
:10619000F402EFC06FB4CC402A862285EFF05FA7EF
:1061A0009A2413094400AA8999464A86A28526851D
:1061B000EF0030712388A9002181A388A900382429
:1061C000343499474A86A2852685EFC0EFF72685A5
:1061D000EFD08FEC0145A30304026FA06EB5795593
:1061E000EDBF83A701CA6380A736EFA2CEAF835766
:1061F0004506035AA50563F347013E8A83476502B6
:10620000420A2A84898B135A0A01645D95CB91E472
:106210002285EFF01FF66FA0CEB0984848335C237C
:1062200022055D8D7C23C207C98F683362055D8DB1
:10623000EFC0CFACDE247848998F3E95E36AAAFC84
:106240008329040863960908B72A0120894B938A99
:106250004AB7370C0402130B4400FD5CADC09848EC
:1062600048335C2322055D8D7C23C207C98F6833C8
:1062700062055D8DEFC08FA8DE247848998F3E952A
:10628000637CAA048347040B9DEB984848335C2346
:1062900022055D8D7C23C207C98F683362055D8D41
:1062A000EFC0CFA5DE247848998F3E9583574406EA
:1062B00063F7A70085472326040A2308F40A8347C7
:1062C0006402014593F7F7072303F402A9B7BE89D7
:1062D00083A70900EDFF8DBF8327040895C383477B
:1062E000640213F7470409EF785C01CB144389EA91
:1062F00056270357040463F5E60093F7070AD9D33A
:106300009C407CDC1C48638977039C4803C9D70008
:10631000C82722093369A9004145EFC02F9A9C483C
:106320003365A90042054181C8A72181C8B78347C9
:106330006402F19B2303F402085403A90401EFC093
:10634000AF99935785002304A900A304F90093573C
:1063500005016181A305A9006A342305F90003A999
:106360000401EFC0AF957A341C542307A9002181A2
:10637000A307A900BA977AB81CD8FC24858B99CBBF
:1063800003A54A0003A904013365AC00EFC0CF9414
:10639000232AA9001C4099E75A85EFC0EF9659C5FA
:1063A0005C411CC08317E40363949701231F04021C
:1063B0007C4095E383A781C798487CC048335C2321
:1063C00022055D8D7C23C207C98F683362055D8D10
:1063D000EFC0CF9228C4C84003A904019946584190
:1063E000232225015A863307E940931707013A25EE
:1063F000C183A2851D8F3AA51A251D8F42074183AF
:106400001AA523080900A3080900EF00904B2308F0
:10641000A9002181A308A90038243434C840994731
:106420005A86A285EFC04FD2A3030402984848338E
:106430005C2322055D8D7C23C207C98F683362050A
:106440005D8DEFC0AF8B9C482A8983DDC400C827CF
:10645000DC37A2075D8DEFC04F870D893335A00073
:106460003C506E954A95898F63D3070028D09C488D
:1064700003D9C400C827DC37A2075D8DEFC0EF84C5
:106480000D893335A0004A955DC98327040823A0F0
:10649000040089E723209408A68999A898484833DE
:1064A0005C2322055D8D7C23C207C98F683362059A
:1064B0005D8DEFC0AF8403A709012A8948335C23AF
:1064C00022055D8D7C23C207C98F683362055D8D0F
:1064D000EFC0CF823305A9406350050613090408B5
:1064E0008327090081EB832709009CC023209900A2
:1064F000645CADB3984B48335C2322055D8D7C23EF
:10650000C207C98F683362055D8DEFB03FFF9848C1
:10651000AA8D48335C2322055D8D7C23C207C98F79
:10652000683362055D8DEFB07FFD3385AD40E35C80
:1065300005FA032909006DB723A09900B1BF26858C
:10654000EFD03FA575B701458280EF923EFB411128
:10655000AA8AAE84B289D14501460545368A3AC633
:106560003E8BEFD04FB86303050E324740412A8976
:106570003A85EFB0BFF408A0218108B05A85EFB08A
:10658000FFF328A0218128B05685EFB0FFF4935780
:10659000850048A05CB09357050161817CA068B07C
:1065A0002685EFB07FF39357850008A41CB44434CC
:1065B00093570501618128B44824A2043CA4C98CE6
:1065C0004165130505FCEFB07FEFE98C5145EFB055
:1065D000FFEE458D42054181B727012048A4218166
:1065E00048B403D587B7EFB07FED68A45C34218150
:1065F00068B44824A207230904005D8DA3090400A0
:10660000EFB0BFEC95671375F5035D8DEFB01FEB31
:106610000357890048A4218148B499465286CE8503
:1066200023080400A30804004A85EF00902908A865
:10663000218108B899470147930600085286CE8504
:106640004A85EFC06FB04A85EFD00FA541016F902A
:106650003EEE8327050885CBEF92FEEB3E87144381
:106660008DE2745D14C37CDD834725052320050876
:106670002322050485072309F504EFF09FB66F90E8
:10668000DEEB3687E9BF8280EF925EE78324050860
:1066900095C49C402A841309C5072320F508832745
:1066A000090099EF832709009CC0232099008347A4
:1066B00024052322040485072309F4046F905EE770
:1066C000984B48335C2322055D8D7C23C207C98F1C
:1066D000683362055D8DEFB07FE29848AA89483340
:1066E0005C2322055D8D7C23C207C98F6833620558
:1066F0005D8DEFB0BFE03385A940E35505FA03296E
:10670000090071BF83270508B1CFEF92DEE0834710
:1067100065022A84918BA9E7EFF01FF78356A40541
:106720008357440613D7160063F4D70013D7170016
:1067300083570404231EE404939617006354D70080
:10674000231ED4040D47B387E7020357C405BA9745
:10675000231DF4048347640293E747002303F402F4
:106760006F90BEDD8280EF927ED9AA840146D1452A
:106770000545EFD04F9729C52A84A85013894400B6
:106780007D15EFB07FD54C402A862685EFF04FC8A7
:106790001A24AA8999464A86A6852285EF00701296
:1067A0002388A9002181A388A900B434994701470F
:1067B0004A86A6852285EFC02F992285EFD0CF8DFE
:1067C0006F901ED7EF929ED30324050819E0605DF9
:1067D0005DC41C48AA84C827DC37A2075D8DEFB0D2
:1067E000DFCE058959CD5E24C9EF054AD145014662
:1067F0000545EFD04F8F2A8959C118484C4126854D
:1068000050335C2322065D8E7C23C207D18F703308
:1068100062065D8EEFF0CFBFAA8963070A06403596
:106820005C2541652204130505FC5D8CEFB01FC992
:10683000698C4545EFB09FC8498C93170401C1830B
:106840002386F900A183A386F900035789001384E6
:10685000440099462286A6854A85EF009006238843
:10686000A9002181A388A900B43499470147228651
:10687000A6854A85EFC04F8D4A85EFD0EF816F9096
:106880003ECB014AD545A5B71844832749000307E5
:106890000700D8AB5DBFEF921EC5404106252A898F
:1068A0001C3008204111A2075D8D2E8AEFB0FFC178
:1068B00021813D8909050A0563C2A4021C30082014
:1068C000A2075D8DEFB07FC09355650093F5C503BA
:1068D000B305B0404A85EFC05FF519C54A85EFC0E2
:1068E000BFFB41016F90FEC3832A4900130C0401D2
:1068F000D2856285EFC0AF8883C71A002A8B03C593
:106900000A00A2075D8DEFB05FBC83C73A00AA8B77
:1069100003C52A00A2075D8DEFB03FBB930740047B
:10692000AA86631DF506930730046399FB1283273B
:106930000A0263850712C44363820412D44089CEDD
:1069400058345C2422075D8F7C24C2075D8F7C3421
:10695000E207D98F6394F61083C77A0003C76A00F1
:10696000A207D98F99CB03578900C5466286930544
:10697000C4004A85EF00E07435F1E1554A85EFC067
:10698000DFEA29FD638C040E9C4CA9DBC84C5E87B2
:106990009306C4004A86A6858297A1B783A4C1CA7C
:1069A000014D814D938CC1CA1306C07689E46307FB
:1069B0000D0AEA8455B7BE28639CD7089840631532
:1069C0000B0439E363160D009C28918B91E3268D0F
:1069D000DE2863927709CC4089CD58345C242207A5
:1069E0005D8F7C24C2075D8F7C34E207D98F63946E
:1069F000F506E3830DF6DC4423A6FD0083A70C0017
:106A000023A09C00DCC489BF1C3883490401A20771
:106A1000B3E7370183492401C209B3E7F900834989
:106A20003401E209B3E9F900E38EE9F8370500F033
:106A300036C6EFB0BFACB3F9A900370500E0EFB040
:106A4000FFABB2461306C076E38EA9F6E31C0BF645
:106A5000A68DC444A1BFE39DC6FEFDBD18381C2809
:106A600022075D8F3C28C2075D8F3C38E207D98F33
:106A700003274A00E314F7E68144F9BDE3100BE66F
:106A80001C380428370500F0A207C58F2428C2044B
:106A9000C58F2438E204DD8CEFB05FA6E98C3705A2
:106AA00000E0EFB0BFA5E38BA4E21C300820A207F2
:106AB0005D8DEFB09FA193558500BD8989058A053D
:106AC0004A85EFC09FD68D454A85892B01BD83A895
:106AD000C1CAAA860143C6871388C1CA9DE799C95E
:106AE00098319C2122075D8FBC21C2075D8FBC318C
:106AF000E207D98F9CC225C6B2AA014563160300DE
:106B000023A616012320D8008280638BD702BA2BDC
:106B10006316C70203AE070063140E00555582804A
:106B2000F5DD883198212205598DB8214207598D0C
:106B3000B8316207498F7DD3E302EEFEDC4779BFAF
:106B40000543EDBFAE2B639AC500050642064182A0
:106B5000C687DDD3E318E6FED1B7DC47DDBF21678A
:106B6000C68705667D17F5B7EF925E993E292A899B
:106B7000AE89B28A368B3A8AADC7A1454E85EFC041
:106B8000DFCACE8401CD0146A1450545EFC0BFD582
:106B9000AA847D5429CDCE85EFC0FFF1035529018C
:106BA000C040EFB0BF9108A0218108B05A85EFB076
:106BB000FF908327090028A0218128B02303040027
:106BC000A3030400130B4A0095C703274A004A8B0E
:106BD0006382E7025D54638C34012685EFC0DFCB0E
:106BE00039A00146AA85EFF09FEE2A8459D5228567
:106BF0006F901E948A24EFB07F8C48A0218148B00A
:106C000083470901858B99EB9A24C5465686DA8518
:106C1000268545290DC168A0218168B00347A900D8
:106C20008346B9005288C5475686DA852685EFB077
:106C30001FBC2A844DB7FD577CA07CB0C5B7EF922E
:106C40009E8D41112A8432852EC636C432C2EFB0E1
:106C5000BF8B19C9A2461246B2452A872285EFF09A
:106C6000BFF041016F907E8D7155E5BFEF92BE8AF6
:106C7000562913064500EFF09FFC6F901E8CEF9293
:106C80009E893E292A84AE843289B1CB814799C836
:106C900098309C2022075D8FBC20C2075D8FBC30DE
:106CA000E207D98F18285CC0231A24011367470014
:106CB00018A8184005EF85CF13054400EFB0DF8416
:106CC000AA87715595C3DC431CC083A6C1CA9387AC
:106CD000C1CA368705E354C480C3014531A00146CB
:106CE000AA85EFF0DFDE5DD16F903E85F9FF2320AE
:106CF0000400E1BFE30387FE5847E9BF0CCD50CD48
:106D00008280EF925E811387C1CA1C43AA8563907B
:106D1000A7025C451CC30545EFC0FF9A6F90FE813A
:106D2000D84709C76314B700D845D8C7DC47EDFB7F
:106D3000DDB7EF924EFE0545EFC0FF962A8409C9E4
:106D4000130600028145EF901E80930700F83CB4C3
:106D500022856F908EFEEF926EFA2A842E8AB28977
:106D60009305400201460545EFC0FFB731CD032929
:106D700004004041AA847146CA8523004401A3004F
:106D8000340123020400A302040023030400A3032C
:106D9000040013058400EF20B009AE242301040091
:106DA000A301040022851D2128A0218128B0854748
:106DB0000147930600081306C90081452685EFB0F8
:106DC000BFB82685EFC05FAD6F908EF6EF922EF2C2
:106DD0004041AA8441111C300820AE89A2075D8D74
:106DE000EFB0AFEE135965001379C903B30A204120
:106DF000C20A93DA0A41D6852685EFC01FA339E17E
:106E00009E248D4663F0F604DC4098236312D70479
:106E1000982793868700883F3D8B0A0736972C2357
:106E200003483700982F22059433598DB82F903B93
:106E3000A2054207498FA83FB3E505016205598DB8
:106E4000EFA01FD12685EFC03FA541016F90AEEDA9
:106E5000A147E319F7FE1C38034A0401370500F087
:106E6000A207B3E74701034A2401014B420AB36773
:106E7000FA00034A3401620A336AFA00EFB00FE8FD
:106E80002A8C370500E0EFB06FE7AA8BCE8513059B
:106E90000401EFB0DFAE19E533758A0133057541A2
:106EA000333BA000EFA0FFC951DDE30D0BF89A249E
:106EB0009D47E3F9E7F82685252649F5420993051C
:106EC0002002268513590941EFC03F96630405123D
:106ED000CA852685EFC07F9535F58E240146094584
:106EE000EFC07FA02A8A39DDA685EFC01FBE39F921
:106EF000D685528503244A00EFC03F9321F52685AD
:106F0000EFC09F99D28458345C24143822075D8FD7
:106F10007C24A20603AA4400C2075D8F7C343D6531
:106F20001305F57FE207D98F18281CA8D98E3828B9
:106F30004207D98E38386207558F9356870058A478
:106F400054B493560701618378B413D7870018B8F7
:106F500013D70701E18374A438A83CB8834A3A00E8
:106F600083472A0023000A00A20AB3EAFA00EFB01E
:106F7000EFD463E9AA08056513050580EFB00FD4C7
:106F800083473A0003472A00A207D98F85073E9519
:106F9000420541812301AA002181A301AA001C34DA
:106FA0000824A2075D8DEFB04FD2A1671375F50FCE
:106FB0005D8DEFB0AFD008A4218108B4D145230581
:106FC0000400A30504002285112428A4218128B4EB
:106FD000CA852685EFC07F85E31605E64E8885477E
:106FE00001479306000801469305C4002685EFB0CB
:106FF0001F8089BD9305E0FD2685EFC01F83E30454
:1070000005F089B5056513050580EFB02FCB8347E3
:107010003A0003472A00A207D98F95BFEF92AECF5F
:1070200013F6F50F11058D45EFF0FFD26F90EED0FE
:10703000EF926ECE13F6F50F1105AD45EFF0BFD10F
:107040006F90AECFEF922ECD3308B5004208AA86DE
:107050000147135808018548B307D840C207C183C8
:1070600063E4F80493D71500939617003695F95604
:10707000B387D702BE95C205C18181C51C21A20775
:107080003E9741659306F5FF93570701758F33854A
:10709000E700C177E98F99C3758D050542054181E8
:1070A000EFB0CFC16F906EC99C3290228906A207C3
:1070B000D18F13968700A183D18FC207C1833E97DA
:1070C00061BFEF92CEC2B727012083A787B8BA84E9
:1070D0004111139757006349070E416B2A89AE8A05
:1070E000328A814901447D1B854B631E0908638BED
:1070F00009004167931784007D172180F98F13746D
:10710000F40F5D8C03C51A0083C70A0003470A0009
:1071100022055D8D83C72A0003463A004169C207F4
:107120005D8D83C73A0062067D19E207C98F03456A
:107130001A002205498F03452A004205598D498EC0
:1071400033752601418233F7270132953A95C18381
:107150003E952A943685EFB06FB62A942685EFB017
:10716000EFB5229513540501337525012A94135563
:1071700004013374240122951345F5FF4205418132
:1071800041016F904EBA8355A9000325490036C6C8
:10719000EFF05FEB2A9493570401337464013E943B
:1071A0008357A900B246858B89CF9317840021802D
:1071B000B3893B41B3F767011374F40F93F9F90FE7
:1071C0005D8C0329090015B701455DBFEF92AEB490
:1071D000EFF05FE71345F5FF420541816F90EEB593
:1071E000EF92CEB1C169AA8401490144FD19054A53
:1071F00095E0630B09004167931784007D17218098
:10720000F98F1374F40F5D8C1345F4FF420541812F
:107210006F900EB2AE24C840EFF0DFE22A9493578D
:107220000401337434013E94BE24858B89CF9317B7
:107230008400218033092A41B3F737011374F40F16
:107240001379F90F5D8C844065B7B687B2882A83BD
:107250002E88639D061463F9C50A4167636EE61ABA
:10726000B70700016363F63493568601E147179729
:10727000000013072777369703470700BA971307CD
:1072800000021D8F19CB3398E500B357F500B318F2
:10729000E60033E807013313E50013D60801335540
:1072A000C80293960801C182935703013377C8023D
:1072B000B385A60242073368F700637AB8004698A0
:1072C0009307F5FF636418016367B8303E853308A0
:1072D000B8403357C8024203135303013378C8023E
:1072E000B386E602420833686800637BD80046989C
:1072F0009307F7FF6365180179176363D8003E872A
:107300004205598D8145828001E60547B358C70281
:10731000416763EAE80EB707000163ECF82893D6EB
:107320008801E147179700001307C76B369783461C
:107330000700BE9693070002958FE5EB939E080128
:107340003387154113DF080193DE0E0185459357FE
:1073500003013355E7033377E703B306D503420749
:10736000D98F63FAD700C6971307F5FF63E41701B7
:1073700063E6D7263A85958F33D7E7034203135345
:107380000301B3F7E703B30ED703C207B3E7670000
:1073900063FBD701C6979306F7FF63E517017917DB
:1073A00063E3D70136874205598D828063E2D504B5
:1073B000C16763E2F604B707000163E4F61E13D762
:1073C00086016148979700009387C761BA9703C702
:1073D0000700130E00024297330EEE40631A0E0CA4
:1073E00063EDB61C3335C500134515008145828019
:1073F0008145014582809307F00F63F3D71C13D7B3
:1074000086002148C1B71307F00FC686E37C17F149
:1074100093D68800A14739B71307F00FB286E378F7
:10742000C7E493568600A14799B5B398F80033D6C0
:10743000D50013DF0801335EE6033397F500B3563A
:10744000D500558F939E080193DE0E013313F5008E
:1074500093550701B376E603B387CE03C206CD8EFC
:1074600063FBF600C6961306FEFF63E4161763F28D
:10747000F616791EC6969D8E33D6E603931707013E
:10748000C183B3F6E6033385CE02139706015D8F01
:10749000637BA70046979307F6FF6368171363762D
:1074A000A7127916469793150E01098FD18D45B510
:1074B000B357E600B396C601DD8E33D3E50013DF84
:1074C0000601B357E303939E060193DE0E01339842
:1074D000C5013357E5003368070193580801331697
:1074E000C6013373E303B385FE024203B36813019D
:1074F00063FBB800B6981387F7FF63EAD80C63F80C
:10750000B80CF917B698B388B84033D7E8034208E7
:1075100013580801B3F8E8033383EE02C208B3E559
:10752000080163FB6500B6951308F7FF63EDD50806
:1075300063FB65087917B695C207416FD98F1307AA
:10754000FFFFB3F6E70093D80701718F4182B38E36
:10755000E602B3856540B386C60213D80E013387B1
:10756000E802BA96C2963386C80263F3E6007A96BA
:1075700093D80601469663E2C5026385C5003E8541
:107580008145828041677D17F98EC206B3FEEE0009
:107590003315C501F696E374D5FE1385F7FF8145D3
:1075A000828013D70601414831BD93560601C14779
:1075B0007DB993D60801C147B5B3814505458280A1
:1075C0003687014801B5428785BF3E86E9BDBA8747
:1075D0001DBF328E4DB579154698D5B97915C69728
:1075E00059BB3708100001117D183377B80026CA3F
:1075F0003378D80093D4450113D34601131E3700C6
:107600004EC61357D5010E089357D60193F4F47F55
:107610001373F37F06CE22CC4AC893D9F50193DECB
:10762000F6013367C701131F350033E80701931FC5
:107630003600338E64406380D9196356C0136304E7
:10764000031CB70680009307F07F3368D800638F70
:10765000F4369307800363C0C735FD4763CDC74742
:10766000130500023305C541B3D7CF01B316A800F7
:107670003399AF00DD8E33392001B357C80133E9A8
:1076800026011D8F33092F41B3372F013306F740F1
:107690009317860063D40724370780007D1733745F
:1076A000E600630C042C2285EF105068130785FF59
:1076B00093070002998FB357F9003316E400D18F76
:1076C0003319E9006341972A3305974013061500E3
:1076D0007D47634DC73813070002118FB356C900A9
:1076E0003319E9003397E700558F333920013369A7
:1076F000270133D6C70081449377790081CF137770
:10770000F90091476308F70013074900333927014F
:107710004A963A899317860063D6071C138514008E
:107720009307F07FCE856304F520B70780FFFD1730
:10773000F18F9398D70113593900A607B3E82801B0
:10774000B1831375F57F9396C7005205F2406244EA
:10775000B182FE05C98ECD8ED2444249B2494685DA
:10776000B68505618280631E0E0A138314001373AD
:10777000E37F63170322B367E701B368F801639DF2
:10778000041A63870740638608443309FF41B3073F
:10779000074133362F013386C7409317860063D6DF
:1077A000074C3389EF41B307E84033B62F013386E6
:1077B000C740F68991B76350C00F6300030CB7064A
:1077C00080009307F07F3368D800638AF43A930708
:1077D000800363CBC713FD4763DFC73513090EFE74
:1077E00093070002B3562801630AFE001309000440
:1077F0003309C94133192801B3EF2F013339F0019F
:107800003369D90031A2B367F801638A071C930773
:10781000FEFF638C07389306F07F6309DE1A3E8E05
:107820000DBDB305934063910422B367E7016387FD
:1078300007329387F5FF638107449306F07F638CDB
:10784000D520BE859307800363CCB72AFD4763CF5D
:10785000B73C930700028D8F3319F700B356BF0072
:10786000B317FF003369D900B337F0003357B700BF
:107870003369F9003308E84041ACB367F80163802D
:1078800007349307FEFF638A07209306F07F63089F
:10789000DE2E3E8E2DBF631E0E149386140093F7CA
:1078A000E67F63910734B367E7016395042C638037
:1078B000073EB367F801638E07303309FF01B30752
:1078C0000701333FE9013386E7019317860063D749
:1078D0000700B70780FFFD177D8E854493777900F9
:1078E000E39F07E09317D60193583900B3E8F800F7
:1078F000935736001307F07F638DE404B207B1831A
:1079000013F5F47FCE8581B53369F8013339200151
:107910007A99B337E9013386E70093178600E3DFEE
:1079200007FA85049307F07F6396F418CE85130554
:10793000F07F8147814801BDC1EB6384083A93160B
:1079400036009317D8018D82B3E8D700F689935794
:107950003800B3E7F800F9DB81451305F07FB7077E
:1079600008008148CDB3370680FF7D167D8E937762
:107970007900998CE39507D8B5B74A85EF10103B8D
:1079800013078501FD47E3D5E7D2130685FFB3173B
:10799000C900014905BB3369F80133392001DDB164
:1079A0003309FF413306074133342F013304864046
:1079B0009317840063CD0724B3688900E39308CE4E
:1079C0008147814981441DBFE39808F80E0593174C
:1079D000D7010D81B3E8A700935737009DBF0E056F
:1079E0009317D7010D81B3E8A700F28493573700AE
:1079F00011B73305934063820412B70680009307E2
:107A0000F07F558F630DF32E9307800363CBA72080
:107A1000FD4763C3A72A93070002898F3319F70034
:107A2000B356AF00B317FF003369D900B337F00086
:107A30003357A7003369F9003A987E99B337F901B3
:107A4000338607019A84D1BDB70680009307F07F83
:107A5000558FE319F3DE931736008D839318D80101
:107A6000B3E81701F68993573800E5B5130715FEFB
:107A70009306000233D7E700630AD600930600049A
:107A80003386C6403396C7003369C90033392001B5
:107A90003369E9000146814491B53309FF01B30719
:107AA00007013336E9013E96931786008544E3D7F4
:107AB00007E28944B70780FFFD17F18F13571900BC
:107AC00013791900336927019398F70133E92801E5
:107AD00013D6170015B113090EFE93070002B35613
:107AE0002801630AFE00130900043309C941331950
:107AF0002801B3EF2F013339F0013369D90059B6AA
:107B00003369E7013339200133892F41B3B72F019E
:107B10003306F8409A84F689A5BEB367E70163820D
:107B200007189307F5FF6384071C9306F07F63042F
:107B3000D5123E85D1BD93070002B387C741B31666
:107B4000F8003399FF0033D6CF01D18E33392001AD
:107B5000B357C80133E926013E975DBB9317360042
:107B60008D839318D801B3E81701AE84935738007A
:107B7000F68949B3EDC33369F801E31F09DC0E054B
:107B80009317D7010D81B368F50093573700D1B330
:107B90006381080E931636009317D8018D82B3E8DF
:107BA000D700F6899357380091BB3309FF41B307DB
:107BB0000741333F2F013386E7418544D1BC0E0591
:107BC0009317D7010D81B368F500F28493573700FE
:107BD00015B30E059317D7010D81B3E8A70093578E
:107BE000370029BB9307F07FE382F6D43309FF0106
:107BF0003336E901B3070701B2979398F701135998
:107C0000190033E9280113D61700B684C1B93389A6
:107C1000EF413307E84033B62F013304C740F689FC
:107C200049B43369E7013339200101BD938705FE6B
:107C300093060002B357F700638AD5009306000449
:107C4000B385B6403317B700336FEF003339E00127
:107C50003369F90055BD931736008D839318D80109
:107C6000B3E8170193573800EDB1B368C900E39743
:107C700008C68147814959B13389EF41B307E840CC
:107C800033B62F013386C740F689854411B4931665
:107C900036009317D8018D82B3E8D7009357380088
:107CA000B1B9931636009317D8018D82B3E8D70087
:107CB000AA84935738003DB9930705FE9306000246
:107CC000B357F700630AD500930600043385A64036
:107CD0003317A700336FEF003339E0013369F90040
:107CE000A9BB81451305F07FB7070800A9BC33097C
:107CF000FF01B30707013336F9013E9675B39316BA
:107D000036009317D8018D82B3E8D7009357380017
:107D100089B1397193D7450122DC4AD856D22A89D4
:107D20001394C50006DE26DA4ED652D45AD05ECE63
:107D300013F5F77F318093DAF501630B0510930794
:107D4000F07F630BF514135AD9010E0433648A00D3
:107D5000370A8000336A4401131B3900930415C0AD
:107D60000144814B13D846011399C6001378F87F5C
:107D7000B2881359C90093D9F601630E0808930716
:107D8000F07F6300F8041357D6010E093369270109
:107D9000130818C0B70780003367F900931836003E
:107DA000B38404418145BD4733C83A0163E4871A6F
:107DB00097970000938707BB0A043E9410403E96B5
:107DC00002863367C900938414806312071013641A
:107DD000240081488945C1BF1306F07F81470147D0
:107DE000B207F25062545206B1837E08D18FB3E7D6
:107DF0000701D2544259B259225A925A025BF24BAD
:107E00003A85BE852161828001481306F07FB7075D
:107E100008000147F1B73367C9004DC7630809304F
:107E20004A8532C4EF1080702246130755FFF5478C
:107E3000930685FF998F3319D900B357F60033E7BE
:107E40002701B318D60026959304353F8145A1BF7D
:107E5000336A240163030A0636C632C46306042A61
:107E60002285EF10A06C2246B246AA84130755FF64
:107E7000754A138B84FF330AEA4033146401335A82
:107E80004901336A8A00331B69011305D0C0B3046A
:107E900095400144814BF9B5336A240163180A0007
:107EA0002144014B9304F07F894B6DBD228A4A8B9C
:107EB00031449304F07F8D4B75B51144014B8144DF
:107EC000854B4DB51364140081488545E9BD1364A5
:107ED00034004A878D45C1BD630A052E8547898FC9
:107EE0009306800363DDF632014681470147CDBD2D
:107EF000CE868947638DF53A8D47E387F5F0854750
:107F00003688E383F5FE1385F43FE357A0FC93F72F
:107F100078006396072893D638009317770063D8C4
:107F20000700B70700FFFD177D8F138504409307F7
:107F3000E07FE3C3A7EA1316D70193179700B18335
:107F40003367D6001376F57F61BDD6865287DA880F
:107F5000DE8545B763614723630DEA20DA86FD14A9
:107F60005284014B9317870013D388013363F300C6
:107F7000935E0301B357D403131F0301135F0F0173
:107F800093D50601139E88003374D4033307FF0290
:107F90004204C18D63FBE5009A951386F7FF63EEFB
:107FA000652663FCE526F9179A95998D33D7D50395
:107FB000C206C182B3F5D5033306EF02C205D58DE3
:107FC00063FBC5009A959306F7FF63E6652463F4A7
:107FD000C52479179A95C20741645D8F9307F4FF12
:107FE0003375F70093580701935F0E01B377FE00D6
:107FF000B302F502B386C540B383F80293D50201FC
:108000003386AF021E962E963385F803637376008F
:108010002295C168FD189355060133761601420674
:10802000B3F81201AA95469663E6B6126382B612B9
:108030003306CB408D8E333BCB00338B66411385AB
:10804000F43F630C6317B358DB0393550601337B8E
:10805000DB03B3061F03420B33EB6501637BDB00DD
:108060001A9B9385F8FF636D6B20637BDB20F91807
:108070001A9B330BDB40B356DB0342064182337B52
:10808000DB03330FDF02420B33666601637BE601DD
:108090001A969385F6FF6367661E6375E61FF916E9
:1080A0001A96C208B3E8D8009395080193D2080144
:1080B000C181B38EF5023306E641B385BF0293D684
:1080C0000E01B387F202BE95AE96B38F5F0263F4E2
:1080D000F600C167BE9FC165FD1593D70601ED8E01
:1080E000C206B3FEBE00BE9FF696637FF6091A96DF
:1080F0009387F8FF6369661A6368F619630FF61BC6
:10810000BE8893E8180011B54A85EF102042130786
:108110005501F145930405022246B246E3DAE5D45F
:10812000130485FF331A8900014B85B3328532C4AD
:10813000EF10C03F13075501F146AA8722461305E9
:108140000502E3D6E6CEE1173317F6008148E5B91C
:10815000E370CBEE729B3335CB011A95AA961305CB
:10816000F7FF6378D30263E6B6106382D5102A87DF
:10817000C1B5E3651BDF93551B009316FA01135439
:108180001A00CD8E7E0BF9BBE31DF6F7E38F06D602
:10819000B9BFE31ED3FCE378CBFD2A8751BD93F72B
:1081A000F8009146E389D7D693B7C8FF9386480075
:1081B00093C717008D823E978DB381468547E34C68
:1081C000A0FEFD58E31C05D0930410C0854713851D
:1081D000E441B316A70033D6F8003395A800D18E3A
:1081E0003335A000C98E13F676003357F70001CE61
:1081F00093F7F60011466388C70093874600B3B62D
:10820000D7003697BE869317870063D807040546C4
:1082100081470147F1B636877DBBB28779B3FD460A
:10822000E3D7F6FA0556098E930600023356C700C7
:108230006388D7009387E443B317F700B3E8F800E7
:10824000B3361001D18E13F67600814701CE93F735
:10825000F60011460147E392C7FA931797001316E9
:10826000D701B18313D73600518F014695BEE37015
:10827000CBF0729B3335CB011A957917AA964DBB7B
:10828000AE88C5BBAE8631BD93171E0033BEC70195
:1082900072931A96F9183E8EE315F6E7E307DEC6E9
:1082A00093E818009DB1BE88E30AF6FF99BD3688B1
:1082B0001306F07F8147014725B6E367DEFCBE88E1
:1082C000E310DEFE99B113D74501B7071000FD1783
:1082D00013D846011377F77F9308F07F33F3B70085
:1082E0002A8EF58FFD81B28E1378F87FFD826308A8
:1082F0001703630018030DEBB368A30063140800B1
:108300005D8E29CA638508046388D502054595ED0D
:108310008280B3E8C700E38008FE79558280336528
:10832000A30065FD630CE802631408005D8E79DE2E
:10833000E39ED5FCE34CE8FC63480701E3E867FCF7
:108340006303F302637FF30081E57D558280F5DEF0
:10835000054582800145E39B08FA82805D8E69DADB
:108360006DBF01458280E3E3CEFB0145E372DEFB96
:10837000E5F1E1BF13D74501B7071000FD1713D88A
:1083800046011377F77F9308F07F33FEB700AA8E7C
:10839000F58FFD81328F1378F87FFD82630E17030E
:1083A000630D180129E3B368AE00631F08005D8EFA
:1083B00001EE0143638C080421A8B3E8C700094318
:1083C000639608046DD305A0638408046385D50211
:1083D00005438DCD7D531DA8B368AE000943639757
:1083E0000802630AE802631408005D8E75D2E39107
:1083F000D5FEE34FE8FC63490701E3EBC7FD630FDC
:10840000FE0001436374FE00F1D505431A858280A6
:10841000EDFE7D53E5BF5D8E79DACDBFE36ADFFB0C
:108420000143E3F5EEFFF5F175B739714AD813D979
:1084300045014ED652D456D29399C50006DE22DCB1
:1084400026DA5AD05ECE1379F97F2A8A93D9C900E9
:1084500093DAF501630D090E9307F07F6306F918AF
:108460001354D5018E09B36934013704800033E415
:10847000890093143500130919C08149814B13D722
:108480004601139AC6001377F77FB285135ACA00C4
:1084900013DBF601630B07109307F07F6303F70408
:1084A0009357D6010E0A33EA4701130717C0B707DF
:1084B0008000B367FA00931536003A99814833C7B4
:1084C0006A01BD463A851308190063E83617178616
:1084D00000001306264D8A09B29983A60900B296B8
:1084E0008286B367CA001309F97F6399071293E97B
:1084F000290081458948E1B701479307F07F370498
:10850000080081443204D20731807E075D8C598C8B
:10851000A285F250625426854259D254B259225A49
:10852000925A025BF24B216182805A853E84AE846E
:10853000C68B8947638DFB0E8D47E38FFBFA85471A
:108540002A87639EFB3881470144814465BF33E439
:10855000A90061C036C632C4638C092A4E85EF007B
:10856000F07C2246B246AA87130755FF75449384D0
:1085700087FF198CB399990033548A00336434010E
:10858000B3149A0013D746011309D0C0139AC6003A
:108590001377F77F3309F9408149814BB285135A2C
:1085A000CA0013DBF601E31907EEB367CA00B1C7CF
:1085B000630F0A22528532C4EF00507722462A8781
:1085C000930655FFF547930587FF958F331ABA0039
:1085D000B357F600B3E74701B315B6003309E940D6
:1085E0001309D9C08148E1BD33E4A90001ECA149D8
:1085F00081441309F07F894B59B593E919008145EE
:10860000854875BD4E84AA84B1491309F07F8D4B0E
:10861000BDB5914981440149854B95B593E9390030
:10862000D2878D4869BD89475685E397FBF02A8735
:108630009307F07F01448144F1B5C16E1386FEFFBC
:1086400093D6040113DE0501F18CF18D338695027A
:108650003383B6029358060133059E021A95AA98F1
:10866000B382C60363F36800F692C16F1383FFFF02
:1086700033F5670093D30701B3F76800C20733737C
:1086800066003E933306950293D80801B387A6028D
:10869000135F0601B3849302BE94FA94B38E7602FC
:1086A00063F3F400FE9E416A9307FAFF935F0401AF
:1086B000B376F400B3F9F4007D8EC1803384D50223
:1086C000C209338FD401B299CE98B307DE02935E0C
:1086D0000401B385BF02AE97BE9E330EFE0363F363
:1086E000BE00529EC1679385F7FF33F6BE006D8CC6
:1086F0004206229693DE0E01B305D502769E33859F
:10870000AF0213D40501B386D302AA96A296B38F03
:10871000F30363F3A600BE9F41657D15B3F7A60082
:10872000C2076D8DAA97B3855800B3B93501FA9782
:10873000B2953384370133B6C500B30EC401338517
:10874000CE0033343401B3B7E701C18F33BECE015D
:1087500013D406013336C5003E943366CE0093949D
:10876000950032947E94B3E4640026049356750118
:10877000B3349000DD8193179500CD8C558CDD8C42
:108780009317740063DB070093D714008588931652
:10879000F401DD8CD58C058042899307F93F63593C
:1087A000F00893F6740081CE93F6F40011466388C6
:1087B000C60093864400B3B496002694B6849316FC
:1087C000740063D80600B70700FFFD177D8C930780
:1087D00009409306E07F63CFF60E93D634009314DE
:1087E000D4012604D58C318093F7F77F21BB3285E5
:1087F00032C4EF00B05393065501F1471307050249
:108800002246E3D1D7DC6115B317A6008145F9B341
:10881000EF00D05113075501F14593070502224699
:10882000B246E3D5E5D461153314AA00814499BB5F
:1088300085469D8EB1E71309E941B3972401B3D46E
:10884000D40033192401B337F000B3649900DD8CF0
:1088500093F77400B356D40081CF93F7F400114618
:108860006388C70093874400B3B49700A696BE847C
:108870009397860063D8070485470144814459B122
:1088800013068003E341D6CC7D46E356D6FA05565F
:10889000B307F640930500023356F4006387B60031
:1088A0001309E943B3172401DD8CB3349000D18C54
:1088B00093F67400014499CA93F7F4001146814677
:1088C000E392C7FA139496003180F6068D80D58C1A
:1088D00081470DB99307F07F0144814425B1428956
:1088E0006DBD370710007D1701113373B70093D8A2
:1088F0004601758F935ED60122CC26CA0E0393D40F
:1089000045019357D5010E0706CE4AC84EC693F8C7
:10891000F87F130EF07F33E7EE0093F4F47F13D467
:10892000F50133E36700131F3500FD82931E360007
:108930006380C81993C61600B38514416305D41229
:108940006351B018638B081AB70780005D8F63818D
:10895000C4599307800363C4B734FD4763C5B74860
:10896000930700028D8FB3D9BE003318F700B39E72
:10897000FE00336838013357B700B339D00133688C
:1089800038013303E340B3090F41B3373F013306E6
:10899000F3409317860063D30724370980007D19BD
:1089A00033792601630F092C4A85EF00303813070D
:1089B00085FF93070002998FB3D7F9003316E900BA
:1089C000D18FB399E9006344972A058F13061700E6
:1089D000FD4663C5C63A13070002118FB3D6C9001E
:1089E0003398E9003397E700558F33380001B369B6
:1089F000070133D6C700814493F7790081CF93F6FE
:108A0000F90091476388F6009386490033B8360130
:108A10004296B6899317860063D6071C1387140005
:108A20009307F07F05886306F720B70780FFFD17DF
:108A3000F18F1398D70193D93900A607336838010D
:108A4000B1831377F77F9396C7005207B1827E04F4
:108A5000D98EC18EF2406244D2444249B249428525
:108A6000B685056182806356B00A638A0812B7072B
:108A700080005D8F6387C42D9307800363C7B71899
:108A8000FD4763D2B73C138805FE93070002B35934
:108A90000701638AF50093070004B385B7403317D5
:108AA000B700B3EEEE003338D0013368380195A239
:108AB000B367D7019385148099E393C61600630AC0
:108AC000D404D1E19387140093F7E77F6399071EDD
:108AD000B367E3013368D701639204166382073CEE
:108AE00063160842131835009316D3011358380043
:108AF00033E806019357330019A2B367D7016385A2
:108B0000071A9387F5FF638B073A638CC523BE85ED
:108B100089B56399051C9386140093F7E67FC1EF2E
:108B2000B367E30163900436638D0744B367D701ED
:108B3000639407460E051318D3010D813368A8000E
:108B4000935733006DA8B385984063970420B367AB
:108B5000E301638D07309387F5FF638907401305B1
:108B6000F07F6383A520BE859307800363C2B72A85
:108B7000FD4763C8B73C930700028D8F3318F3009D
:108B80003356BF00B317FF003368C800B339F00095
:108B90003353B3003368380133076740B5ACB3676C
:108BA000D701638307109387F5FF638F071E6380E8
:108BB000C52FBE85D1B59307F07F638BF606FA9E6D
:108BC00033B6EE01B307E300B2971398F70193DED3
:108BD0001E00B369D80113D61700B68493F7790045
:108BE000E39F07E09317D60113D839003368F800E4
:108BF000A685935736001307F07F6380E506B2071A
:108C0000B18313F7F57F05883DBD3367D70133384E
:108C1000E000B309E801B3B7E901338667009317B1
:108C20008600E3DD07FA85049307F07F639CF41860
:108C300005881307F07F8147014831B5639107101C
:108C40006301083C131836009317D70113583800F6
:108C50003368F800368493573700B367F800E9DBD0
:108C600001441307F07FB70708000148E9BB370646
:108C700080FF7D167D8E93F77900998CE39107D85C
:108C800095B74E85EF00900A13078501FD47E3D2A3
:108C9000E7D2130685FFB397C90081492DB3336826
:108CA000D70133380001C5B1131835009317D3012C
:108CB000135838003368F800935733002DBFB309B9
:108CC000DF413309E34033363F013309C94093178D
:108CD000890063CA072033E82901E31508CC8147DE
:108CE000014431BFB385984063810414B706800006
:108CF0009307F07F3363D3006381F82093078003E9
:108D000063CCB722FD4763C9B72C930700028D8F50
:108D10003318F300B356BF00B317FF003368D80011
:108D2000B339F0003353B300336838011A97B309ED
:108D3000D801B3B7D9013386E700C684CDB5E311B6
:108D400008F2131835009317D3011358380033680D
:108D5000F8009357330011B7370580009307F07F71
:108D60003363A300E392F8E00E061318D7010D82D7
:108D70003368C800935737003684C5B50517930686
:108D8000000233D7E700630AD60093060004338657
:108D9000C6403396C700B3E9C90033383001B36920
:108DA000E800014681441DBDB309DF01B307E300BC
:108DB00033BFE9013386E701931786008544E3DF7B
:108DC00007E08944B70780FFFD17F18F13D719001B
:108DD00013F81900336807019399F701B3E9090102
:108DE00013D6170011B9138805FE93070002B35973
:108DF0000701638AF50093070004B385B740331772
:108E0000B700B3EEEE003338D00133683801A5BEA9
:108E10003363E30133386000B3890E41B3B73E01D9
:108E20003306F740C6843684ADB6B367E301638783
:108E300007189387F5FF638C071C9306F07F638EFA
:108E4000D50ABE8565BD930700028D8FB3D9BE00DC
:108E50003318F700B39EFE00336838013357B7006C
:108E6000B339D001336838013A9365B3131836002B
:108E70009317D7011358380033E807013684935706
:108E8000370095BBBDCB3367D701E31B07DC0E056D
:108E90001318D3010D813368A8009357330075BBB5
:108EA000E30F08E2131836009317D7011358380060
:108EB0003368F80036849357370091B3B309DF4124
:108EC000B307E340333F3F013386E7418544D1B4E4
:108ED000131835009316D3011358380033E80601F0
:108EE000935733009DBBB389EE413306674033B9D6
:108EF0003E0133092641368475B40E061318D70196
:108F00000D823368C8009357370081BBB309DF4136
:108F1000B307E34033363F013386C74093178600DB
:108F200063D7070AB389EE41B3076740B3BE3E017A
:108F30003386D7413684C9B43363E30133386000E4
:108F4000FDB3138805FE93070002B3590301638A3A
:108F5000F50093070004B385B7403313B300336FB4
:108F60006F003338E001336838017DB5B389EE41D5
:108F7000B3076740B3BE3E013386D741368485448C
:108F800009BC131836009317D701135838003368FB
:108F9000F80093573700A5B1B309DF01B307E30029
:108FA00033BFE9013386E70193178600E3D807C290
:108FB000B70780FFFD177D8E85440DB10E0613188F
:108FC000D7010D823368C800935737002DB133E8BD
:108FD000C900E30608D019B1138805FE9307000203
:108FE000B3590301638AF50093070004B385B740C2
:108FF0003313B300336F6F003338E0013368380147
:109000003DB301441307F07FB70708002DBCB30937
:10901000DF01B307E300B3BED9013386D70169BBD3
:1090200013D74501B7071000FD171347F7FF13D8F3
:109030004601FD8DF58F931657011378F87F99CA75
:109040001307F07F01456303E8008280D18F333539
:10905000F0008280C98D0545E5D5828093D7450112
:10906000B70610001387F6FF93F7F77F1306E03F6C
:109070002A886D8F0145FD816354F60099C1828075
:1090800082801306E0417D55E34BF6FE1305304325
:109090001D8D7D46558F634AA6009387D7BE331733
:1090A000F7003355A800598D828013053041B3076E
:1090B000F5403355F7008280411106C622C426C20E
:1090C00005CD9357F541B3C4A7009D8C2A8426850E
:1090D000B1299306E041898EA9477D8093F6F67FFA
:1090E00063CDA7022D47098FB3D7E4005505B2071A
:1090F000B394A400B18329A00144814681478144EF
:10910000B207D206B1837E04D58FC18FB24022440C
:109110002685BE859244410182805515B397A400EF
:10912000B207B1838144E9BF15CD411122C406C6FF
:109130002A84ED2E9306E041898EA94793F6F67FA7
:1091400063DCA7025515B317A400B207B18301472A
:10915000B2402244B207D206B183D58F3A85BE858C
:109160004101828081478146B207D206B18301471F
:10917000D58F3A85BE8582802D47098FB357E4008D
:10918000B207130755013317E400B183D1B7B367B2
:10919000B5009DCF411122C426C24AC006C6AA848A
:1091A0002E892E84A1C12E8551269306E043898EF7
:1091B0009307304363C4D7069317C9002D4626870B
:1091C00093F6F67FB183635CA60C130655FF0DA8DA
:1091D00081478146B207D206B1830147D58F3A85D0
:1091E000BE858280A1262A869306E04313050502E8
:1091F000898E1307A00293F6F67F634CA70C5506E1
:109200001307B002098FB317C90033D7E4005D8F8D
:109210009317C700B1833397C40051A093076043ED
:1092200063D9D70213078501930785036347070CAA
:109230003396E40001472144098C518F930704FEC3
:109240003337E00063CF0708B354F9008147D98C66
:109250003E84A14763C1A706370780FF7D1713F639
:109260007400B377E40005C613F6F400914563007B
:10927000B60213864400B3349600A69793958700F0
:1092800063D905089306F043F98F898EB28413974A
:10929000D7018D80A607458FB18393F6F67FB24044
:1092A0002244B207D206B183D58F924402493A854F
:1092B000BE854101828013078002130685FF098F56
:1092C00033D7E400B317C4003364F700B394C40089
:1092D00061B7930756FFB397F400B207B183014714
:1092E0007DBF7D4693171900018EB397C700B3D495
:1092F0008400DD8CB357890099BF7D461D8E13D73E
:1093000014003357C7003316F900598E3397F40011
:109310001DB7B284ADBF135775011377F70F411115
:109320009307170022C426C21314950006C693F7AC
:10933000E70F25809354F50185C793573400130731
:1093400007387604B2075207B1831395F401D98F19
:10935000C98FB240228522449244BE854101828059
:1093600005EB39C42285D922A94763C6A7042D4736
:10937000098F930755013357E4003314F400931712
:10938000C70013079038098FB1831377F77F5DBF4C
:1093900001CC13573400B7070800D98FB207760401
:1093A000B1831307F07F79BF1307F07F814759BF5F
:1093B0000147814741BF130755FF3317E4000144BC
:1093C0007DBF93D645019397C50093F6F67FB18391
:1093D000138616008E071357D5011376E67FFD819D
:1093E0005D8F9318350035CE138806C89307E00FBC
:1093F00063DD07018147139597009306F00FDE06A2
:109400002581FE05558D4D8D82806355000B931788
:1094100065000E07B337F000D98F93D8D801B3E7B2
:10942000170113F777006301071013F7F700914650
:109430006303D7009107370700047D8F75C71307B3
:1094400018001306F00F9376F70FE305C7FA9A0793
:10945000A58313959700DE062581FE05558D4D8D5C
:109460008280B367170199EE85CF95479A07A58348
:109470001395970093F6F60FDE062581FE05558DB0
:109480004D8D8280A5DBB7074000139597009306AA
:10949000F00FDE0681452581FE05558D4D8D8280BC
:1094A0008147139597008146DE062581FE05558D7F
:1094B0004D8D8280A5576348F804F9473706800030
:1094C000B38707417D45598E6351F50479573307BA
:1094D0000741130500023357E6006388A70093860F
:1094E00026CAB316D600B3E8D800B3371001D98F17
:1094F00013F77700014815FB139757008546E3489B
:1095000007F48146A5B781468DB7938626C8339761
:10951000D8003337E000B316D600B3D8F800B367ED
:10952000D700B3E7F800E9B7C28689B7C167637EA1
:10953000F5029307F00F1307000263ECA70097777B
:1095400000009387274AAA9703C507003305A74061
:1095500082802181977700009387C748AA9703C527
:10956000070061473305A7408280B7070001636E9B
:10957000F5006181977700009387C746AA9703C5D6
:10958000070021473305A74082804181977700007B
:1095900093874745AA9703C5070041473305A7406E
:1095A0008280938781869C434111328806C6AA88AF
:1095B0002E87C8473686977700009387A752631790
:1095C000080097770000938727103E88C686977516
:1095D0000000938525523920EF10C01793878186AC
:1095E00088438280397132D436D63EDA3AD842DCAA
:1095F00046DE938781862E86AA858843341006CE60
:1096000036C6892AF2402161828001476314E60050
:1096100001458280B307E5000507B386E50083C7EF
:10962000070083C6F6FFE383D7FE3385D7408280E9
:10963000B3C7A5008D8B3307C50081E78D4763EE67
:10964000C700AA876370E50A83C6050085078505FC
:10965000A38FD7FEE3EAE7FE828093763500AA87E0
:1096600091CA83C6050085078505A38FD7FE93F6AB
:109670003700FDB79376C7FF138606FE63F0C70673
:1096800083A3050083A2450083AF850003AFC50017
:1096900083AE050103AE450103A3850183A8C5017F
:1096A0009385450223A0770003A8C5FF23A2570096
:1096B00023A4F70123A6E70123A8D70123AAC70102
:1096C00023AC670023AE17019387470223AE07FF41
:1096D00075B790419107910523AEC7FEE3EBD7FE26
:1096E000E3E4E7F682801C46FD171CC663DA070038
:1096F000184E63C5E700A9476394F5006F00106832
:109700001C422E851387170018C22380B700828061
:10971000011122CC26CA4AC84EC652C406CE2A8996
:10972000AE893284B304D6007D5A63149400014597
:1097300011A8834504004E864A85EFF0DFFA050440
:10974000E31545FFF2406244D2444249B249224AFD
:1097500005618280357122CD26CB4AC94EC706CF1E
:1097600052C556C35AC1DEDEE2DCE6DAAA89AE840F
:109770003289368409C51C4D99E3EF10507A9777EA
:1097800000009387A746639DF40C83A4490083D708
:10979000C400A18BE5CB9C48F5C793070002A30446
:1097A000F1029307000302D22305F10222C6930BB4
:1097B0005002977A0000938AEA36054C294B4A8476
:1097C0008347040099C36392770FB30C2441638EDF
:1097D0000C00E6864A86A6854E85EFF07FF3FD579E
:1097E0006306F51E9256E69636D283470400638FD1
:1097F000071CFD571309140002C802CE3ECA02CC52
:10980000A309010482D48345090015465685EF203B
:10981000801A13041900C24759E913F7070109C751
:1098200013070002A309E10413F7870009C7130710
:10983000B002A309E104834609001307A002638074
:10984000E608F2474A84814625460347040093050B
:109850001400130707FD6379E60AB5CA3ECE85A852
:10986000977700009387873A6395F40083A4890073
:1098700039BF9777000093876735E39AF4F083A4A4
:10988000C90031B7A6854E85EF00B05B19D57D556F
:10989000FA406A44DA444A49BA492A4A9A4A0A4B7F
:1098A000F65B665CD65C0D618280050411BF3305F2
:1098B00055413315AC00C98F3EC82289A9B732473C
:1098C00093064700184336C6634907023ACE03475A
:1098D00004009307E002631FF70403471400930793
:1098E000A002631BF702B2470904138747009C4399
:1098F0003AC663C107023ECA35A83307E04093E782
:1099000027003ACE3EC8E1B7B387670385462E8469
:10991000BA9725BFFD57C5B7050402CA81468147DE
:1099200025460347040093051400130707FD6378D9
:10993000E606F1F2834504000D4617750000130595
:10994000E51EEF20400711CD977700009387071E93
:109950001D8D93070004B397A700424505045D8D54
:109960002AC8834504001946177500001305451CD5
:10997000130914002304B102EF20E00325C1970767
:1099800000009387C71E95E74247B2471377071039
:1099900009CF91073EC69257D2973ED20DB5B387F5
:1099A000670385462E84BA97ADBF9D07E19BA1074B
:1099B000D5B77800970600009386C6D526860C0892
:1099C0004E856522FD572A8AE317F5FC83D7C4002C
:1099D00093F70704E39D07EA12555DBD78009706EB
:1099E0000000938626D326860C084E85B927D9BF5A
:1099F000797122D44AD052CC56CA5AC806D626D239
:109A00004ECE3A8AAE8A32843689428B01476358F9
:109A10000600370700803344C7001307D0022380B5
:109A2000E70093F4F8FD930760048D466388F40023
:109A30009307500489466393F4000509DA87930875
:109A4000C100130881004A87D6852286EF00306561
:109A500093077004AA896396F400137A1A00630AC4
:109A60000A0493076004338A29016397F40203C749
:109A7000090093070003631EF700014681465685DF
:109A8000A285EF20307211C58547338927412320F5
:109A90002B0183270B003E9A014681465685A285FD
:109AA000EF20507011E152C613070003B24763E282
:109AB0004703B2474257B2502254B38737411CC3C1
:109AC0004E8592540259F249624AD24A424B45614C
:109AD00082809386170036C62380E700C1BF23002B
:109AE000C500130725009307B00263D60500B30530
:109AF000B0409307D002A300F500A54763DAB7048E
:109B000041119307F100BE88294813033006B3E6DC
:109B100005031386F7FF93860603A38FD7FEB3C60C
:109B20000503634DB30093860603F917A30FD6FE12
:109B300063E917013305A74041018280B287B685EA
:109B4000F9B7850783C6F7FF0507A30FD7FECDB783
:109B50009307000313074500938505032301F500D0
:109B6000A301B5003305A740828019713ACE86DE85
:109B7000A2DCA6DA2E84CAD8CED6D2D4B689DAD060
:109B8000DECEE2CC3289D6D2E6CAEAC8EEC6AA84D4
:109B9000EF107050832B05005E85EF00101D032B26
:109BA0000400724702DC93760B102A8C034A84016E
:109BB0001C43F1CA9386470014C39C430810984382
:109BC0003AD0D8433AD298473AD4DC473ED6EF2031
:109BD000906A28C46CC4832CC40417770000130750
:109BE000E7F5832A8404032D0700832D470093970C
:109BF0001C0085836A86EE865685BE853ECEEFF0D4
:109C00002FC241EDF2476A86EE865685BE85EFE0AB
:109C10006FF66354A008014681465685E685EFE05D
:109C20006FF5635605009307D002A301F404930770
:109C30007004977A0000938AEAF063F64701977AF6
:109C40000000938A6AF0137BBBFF8D4723206401D9
:109C50001CC8014B4E87CA867018A2852685C12E66
:109C6000FD5C631E95157D55F6506654D6544659D5
:109C7000B659265A965A065BF64B664CD64C464D5C
:109C8000B64D096182809D07E19B9386870014C3CE
:109C90009843DC4338C47CC43DBF5686E68656856F
:109CA000E685EFF0EFB711CD93077004977A0000C7
:109CB000938ACAE9E3F947F9977A0000938A4AE957
:109CC00059B75C407D57137DFA0D6395E7089947B6
:109CD0005CC0544013670B403C18D6853EC018C08A
:109CE0009307310302C2D288130841036686268592
:109CF000EFF01FD093077004AA8AD255631BFD00B2
:109D0000F55763C5F5005C4063D8B708791A137A34
:109D1000FA0F9307500663E64705FD1552861305B3
:109D200004052EDAEFF0BFDB625785462A8BB307B6
:109D3000A7001CC863C5E6001840058B19C385073A
:109D40001CC883473103E38707F09307D002A301C0
:109D5000F40409B713077004E31DEDF6BDFB854756
:109D600085BF93076006631BFA025C40635BB0002B
:109D70000CC881E71840058B09CF8507AE971CC832
:109D800009A889E718408546058B19C393862700E3
:109D900014C82CCC014B75B7130A7006E25763C97F
:109DA000F5001C400CC8858BEDD793871500C1BF0B
:109DB00005476344B00009470D8FBA97C9B71C40E7
:109DC00013F7074015E314485686CA8526858299FD
:109DD000E30B95E91C40898B63960724F2574844AE
:109DE000E354F5E83E8549B513075006637B4719F0
:109DF00028446C4401468146EF20D03A39E9854633
:109E00001756000013068662CA8526858299E30CE0
:109E100095E55257E2576345F7001C40858BDDDB23
:109E2000E2865E86CA8526858299FD57E30DF5E2B6
:109E3000014A930AA4017D5BE257FD17E35CFAF83F
:109E400085465686CA8526858299E30E65E1050A10
:109E5000E5B7D2576346F00685461756000013064D
:109E6000E65CCA8526858299E30F95DFD257625753
:109E7000D98F81E71C40858BB1DFE2865E86CA857B
:109E800026858299FD57E300F5DE014A130BA401F4
:109E9000FD5BD257B307F040634BFA00E25656869B
:109EA000CA8526858299FD57E316F5F26DBB854676
:109EB0005A86CA8526858299E30775DB050AD1BFD4
:109EC0003C4C625A63D347013E8A635A4001D286B2
:109ED0005686CA8526858299FD57E306F5D8814CBA
:109EE000130DA401FD5D09A885466A86CA852685ED
:109EF0008299E30AB5D7850C032B8405D287635377
:109F00000A008147B307FB40E3C0FCFE5257E2570B
:109F1000634DF7021C40858B8DEBE2575257338A15
:109F2000E7406344EB00338A6741635B4001D286BC
:109F300033866A01CA8526858299FD57E305F5D2E5
:109F4000814A130BA401FD5B15A0E2865E86CA85DB
:109F500026858299FD57E312F5FC31B385465A8672
:109F6000CA8526858299E30075D1850A5257E25742
:109F7000998F528763530A000147998FE3C0FAFE15
:109F800091BDE25605476344D700858BB5C785462A
:109F90005686CA85268582997D5AE30645CDE28696
:109FA0005E86CA8526858299E30F45CB28446C449A
:109FB00001468146EF20101F1DC9E25613861A0084
:109FC000CA85FD1626858299E30F45C9DA861306F0
:109FD0000405F9B585465686CA8526858299E30427
:109FE00075C9050AE257FD17E346FAFEC5B7014AEF
:109FF000930AA401FD5BFDB785465686CA85268572
:10A000008299E31595FD85B185465686CA852685D4
:10A010008299E30A65C5050A5C447257998FE34546
:10A02000FAFE6DBB014A930A94017D5BF5B7797125
:10A0300056CA9C49BA8A984522D426D24ECE52CCD2
:10A0400006D64AD05AC85EC6AA892E84B284368AF9
:10A0500063D3E700BA879CC00347340419C385075C
:10A060009CC01C4093F7070281C79C4089079CC095
:10A070000329040013796900631A0900130B940182
:10A08000FD5B5C449840998F634CF9041C40834607
:10A09000340493F70702B336D000A5EB130634045B
:10A0A000D2854E85829AFD576303F5041C40114604
:10A0B0009840998B544481446397C700B384E64029
:10A0C00063D3040081441C4418486354F700998FFB
:10A0D000BE94014969047D5B63982405014509A884
:10A0E00085465A86D2854E85829A631E75017D55B6
:10A0F000B250225492540259F249624AD24A424B17
:10A10000B24B456182800509ADBF3307D400130609
:10A110000003A301C7040347540493871600A297C2
:10A120008906A381E7049DBF85462286D2854E8598
:10A13000829AE30E65FB050945B7797122D426D2D0
:10A140004AD04ECE06D652CC56CA5AC8B68983C615
:10A150008501930790063289AA842E8413863504DC
:10A16000638DF60263E2D706930780056389F618CC
:10A1700063EDD7006382062293073004638FF60AEB
:10A18000930A24042301D404D1A0930730066386E4
:10A19000F60A93074006E395F6FE1C40084393F643
:10A1A000070893054500CDC61C410CC363D80700C2
:10A1B0001307D002B307F040A301E4049776000030
:10A1C00093864699294775A8930700076385F61675
:10A1D00063E5D7029307E006638CF6189307F00651
:10A1E000E390F6FA0C401C4313F80508138547006A
:10A1F0006308080608C39C4395A893075007E383A8
:10A20000F6FE93078007638CF61293073007E399F5
:10A21000F6F61C43D04181459386470014C383AAB8
:10A2200007005685EF10207901C53305554148C018
:10A230005C401CC8A301040471A81C43930A2404B5
:10A24000938647009C4314C32301F4048547D5B784
:10A2500093F607041C410CC3B1DAC207C187B9B732
:10A2600093F5050408C3C1D983D707001307F00687
:10A270006388E60E977600009386C68D2947A30172
:10A2800004044C400CC463C5050008406D9908C027
:10A2900099E3B28A91CDB28AB3F5E702FD1AB69579
:10A2A00083C505002380BA00B3D5E70263F0E70C4D
:10A2B000A147631EF7001C40858B91CB58401C487A
:10A2C00063C7E70093070003A38FFAFEFD1A330666
:10A2D000564110C84E87CA867000A2852685EFF0C9
:10A2E0001FD57D5A631E450B7D55B25022549254A2
:10A2F0000259F249624AD24A424B45618280A382A6
:10A30000D504977600009386E6840C40084313F842
:10A3100005081C411105630D080208C313F7150059
:10A3200001C793E505020CC04147B1FB0C4093F512
:10A33000F5FD0CC0A9B79C4193E707029CC19307A8
:10A340008007A302F404977600009386E68175BF28
:10A3500013F8050408C3E30308FCC207C1837DBFEB
:10A36000976600009386067F214711BFAE872DB701
:10A3700094411C43CC4913F8060813854700630633
:10A38000080008C39C438CC301A808C393F60604C5
:10A390009C43F5DA2390B70023280400B28A1DBF3E
:10A3A00014485686CA8526858299E30F45F31C40DA
:10A3B000898B8DE7B2474844E359F5F23E8535B7BE
:10A3C00085465686CA8526858299E30F65F1050A7A
:10A3D0005C443247998FE345FAFEE9BF014A930A8C
:10A3E00094017D5BF5B739713EDA2ED232D436D680
:10A3F0003AD842DC46DE9387818622CC804326CA47
:10A4000006CEAA8411C41C4C81E72285EF102031AE
:10A410000C4454102686228536C6EFF0AFB3F240C6
:10A420006244D24421618280011126CA4AC806CE04
:10A4300022CC4EC652C4AA842E8909C51C4D99E36C
:10A44000EF10E02D9C4C804481E72685EF10202DF5
:10A450009767000093878779631CF402C040835795
:10A46000C400A18BB1C71C48A1C7FD59294A1C448F
:10A4700083450900FD17B1E91CC463DE0706228687
:10A48000A9452685E528FD576308F502294535A02D
:10A4900097670000938787776314F4008044C1B7FF
:10A4A0009767000093878772E31BF4FAC04445BFA7
:10A4B000A2852685792255D97D55F2406244D24441
:10A4C0004249B249224A056182801CC4050963D70A
:10A4D0000700184C63CBE700638945011C401387D4
:10A4E000170018C02380B70059B722862685792027
:10A4F000E31F35F7D1B71C401387170018C0294751
:10A500002380E70061B793878186AA8588436FF02F
:10A51000BFF135713ECBB707008093C7F7FF3ECE42
:10A520003EC8C1779387872032C536C73AC942CD26
:10A5300046CF3ECA938781862AC42ACC88433401F9
:10A540002E862C0086DE36C2EF10F06AA2472380EA
:10A550000700F6500D618280AA8703C705008507B2
:10A560008505A38FE7FE75FB8280AA87850703C751
:10A57000F7FF6DFF3385A7407D158280011122CC46
:10A5800026CA4AC806CE4EC6AA842E89328409C578
:10A590001C4D99E3EF10A01897670000938707659B
:10A5A000631BF406C0401C4C1CC48357C400A18B21
:10A5B000D9C31C48C9C31C4808409379F90F1379C3
:10A5C000F90F1D8D5C486347F500A2852685EF10C5
:10A5D000E00235E51C440505FD171CC41C4013872B
:10A5E000170018C0238037015C486389A700835790
:10A5F000C400858B89CBA9476317F900A2852685FE
:10A60000EF00D07F0DEDF24062444A85D2444249CA
:10A61000B24905618280976700009387275F6314C2
:10A62000F400804449B7976700009387275AE31CDA
:10A63000F4F6C0448DBFA285268521202DDD7D59ED
:10A64000D9B741119387818626C2844322C44AC068
:10A6500006C62A892E8491C49C4C81E72685EF107A
:10A66000000C9767000093876758631CF402C04092
:10A670000317C40093170701C18393F68700BDEE4B
:10A6800093F607019DEEA5472320F9001367070401
:10A690002316E4007D55B240224492440249410110
:10A6A000828097670000938767566314F4008044A4
:10A6B000C1B79767000093876751E31BF4FAC04462
:10A6C00045BF918B95C74C5891C993074404638546
:10A6D000F5004A85EF105026232A04028357C40050
:10A6E0002322040093F7B7FD2316F4001C481CC076
:10A6F0008357C40093E787002316F4001C4889EFB2
:10A700008357C4001307002093F707286386E700E8
:10A71000A2854A85EF10401F8357C40013F7170026
:10A7200005C75C4823240400B307F0401CCC1C4838
:10A730000145B5F38317C40013F7070829DF93E732
:10A7400007042316F400B9B7898B014791E35848F1
:10A7500018C4F1BF4111194506C6EF10F07A05453E
:10A76000EF20405A011122CC1C49804906CE26CA4E
:10A770004AC84EC652C456C263C187127D1413180C
:10A78000240093894501338A0901130945014A9838
:10A7900083270A00032708008507B354F70263667E
:10A7A000F706C1684E834A8E814E014FFD18110392
:10A7B0000326C3FF110E3377160141823307970238
:10A7C00033069602769793560701B3771701B307BE
:10A7D000FF4036968326CEFF935E06013376160140
:10A7E00033F71601BA97C18213D70741918EBA96F3
:10A7F00013DF0641B3F71701C206D58F232EFEFEE5
:10A80000E3776AFA83270800BDCBAA8AEF10E070CD
:10A810006349050441668504CA8501457D16910991
:10A8200003A8C9FF98419105B376C800158DB3768A
:10A83000C700AA96935707011358080113D706417A
:10A84000B3870741BA9713D50741F18EC207D58F59
:10A8500023AEF5FEE3753AFD93172400CA9798439B
:10A860001DC72685F2406244D2444249B249224A79
:10A87000924A056182808327080089E77D14711858
:10A88000E36B09FF00C951B7984309E77D14F1173D
:10A89000E36CF9FE23A88A00E9B70145E1B77571B9
:10A8A0003ED85C5122C526C34AC1CEDED2DCE2D4FA
:10A8B00006C7D6DADAD8DED6E6D2EAD0EECE36C28F
:10A8C0003AC646CAAA842E843289C2892E8A328C1C
:10A8D00089EF4145EF10600DC8D0232205002324E5
:10A8E00005002320050023260500DC508C4389CD7C
:10A8F000D84385472685B397E7009CC5D8C1EF109C
:10A90000401ADC5023A00700635309048547131C39
:10A91000190023A0F900135C1C00B707F07F337700
:10A92000FC006314F70642578967320C9387F7706F
:10A93000135CCC001CC3336C8C00E3050C32D24793
:10A9400091EB97670000938727283EC039A823A082
:10A950000900E1B797670000938707273EC0976714
:10A9600000009387972652471CC3BA402A440245E9
:10A970009A440A49F659665AD65A465BB65B265C33
:10A98000965C065DF64D49618280014681462285CE
:10A99000E28522CE62D4EF20E00005E142578547F0
:10A9A0001CC397570000938767A83EC0D247D5DFE6
:10A9B00097570000938797A77DB7B800F400628689
:10A9C000A285268513594C01EF1060671379F97F32
:10A9D000AA89A64A630D0910A2577245130919C026
:10A9E0009395C700B181B707F03FDD8D02DC976713
:10A9F00000009387A7189043D443EFD09FEE97674A
:10AA00000000938727189043D443EFD01FA2976785
:10AA100000009387A7179043D443EFC09FBC2A8BB5
:10AA20004A85AE8BEFE04FE9976700009387871662
:10AA30009043D443EFD07F9F2A86AE865A85DE8529
:10AA4000EFC03FBA2A8BAE8BEF10707C2A84014690
:10AA500081465A85DE85EFD0FF91635B0500228534
:10AA6000EFE08FE55A86DE86EF10D07311C17D14BA
:10AA70000547D9473AD663E387021317340097672F
:10AA800000009387271DBA979043D4437245A2557F
:10AA9000EFD05F8E635305007D1402D633892A41BF
:10AAA000930BF9FF014B63D60B00054B330B2B4186
:10AAB000814B634E0406A29B22CC814A1247A547D4
:10AAC00063E5E7149547854C63D6E7009307C7FF16
:10AAD0003EC2814C12478D47630EF71063CFE704E7
:10AAE000894702C8630DF70685473EC88DA03649E1
:10AAF0009307000256991307294363D5E70213050C
:10AB00000004198D930729413315AC003354F40028
:10AB1000418DEFE06FE1B70710FEBE9585477D19C7
:10AB20003EDCF1B53385E7403315A400DDB7330BC8
:10AB30008B40B30A804002CC51B712479147630E55
:10AB4000F70005473AC8124795476306F70AFD57CD
:10AB50003EC4FD5DC94702C619A885473EC8B24735
:10AB60006348F00A854705473EC4854D3AC603A9A8
:10AB70004402114723220900930647018325490017
:10AB800063FCD7082685EF005069DC502320A9001C
:10AB90009C433EC0B94763E6B71D63840C1C635EEB
:10ABA000800A9377F40013973700935C44409767CB
:10ABB00000009387270ABA9793F60C019843094936
:10ABC000DC4385C697660000938646069052724520
:10ABD000D452A2553AD03ED2EFD0AF9302579257FB
:10ABE00093FCFC002A8A2E8C0D49176D0000130D72
:10ABF000ED0389A802C8B247A2973EC4938D1700FF
:10AC0000EE87E346B0F785479DB7854C02C2E9BDA4
:10AC1000B2473EC4BE8DA1BF85052322B9000607F9
:10AC2000A1BF93F61C0081CE03260D0083264D00A4
:10AC30003A85BE85EFD06FFF05092A87AE8793DC82
:10AC40001C40210DE39F0CFC3A86BE865285E285AE
:10AC5000EFD02F8C2A8A2E8C81A0094915CCB30CF9
:10AC6000804093F7FC0013973700976700009387A5
:10AC700067FEBA979043D4437245A25593DC4C408B
:10AC8000176D0000130D8DFAEFD02FFA2A8A2E8C43
:10AC90008147639C0C12DDFFB25763870714176767
:10ACA00000001307A7EF104354435285E28552D0AA
:10ACB000EFD04FEC635A0512638B0D12A24763501D
:10ACC000F00A173700001307677F82571043544379
:10ACD0003E85E285EFD06FF5A247130DF4FF2A8A77
:10ACE0002E8C050962874A853EDE52DABA8C3AD04C
:10ACF000EFE08FBC525802573709C0FC4286BA8633
:10AD0000EFD0AFF2976600009386C6E99042D44236
:10AD1000528CEFC01F8DF2572A8A2E99E1EF976768
:10AD200000009387A7E8525802579043D4434285C6
:10AD3000BA85EFD01FBB5286CA862A8CAE8CEFD064
:10AD40008FD8634AA054B7070080B3C72701528643
:10AD5000BE866285E685EFD0EFE1634B0552724A0D
:10AD6000225CB64763C707303947634487301317FF
:10AD70003400976700009387E7EDBA9703AB0700AD
:10AD800083AB4700B24763D207206340B021639191
:10AD90000D5097670000938767E19043D4435A852D
:10ADA000DE85EFD08FE85286E286EFD0CFD1814AA0
:10ADB00001496357054A824702470504138A170071
:10ADC000930710032300F70045A113F71C0009CBDC
:10ADD00003260D0083264D000509EFD00FE58547BA
:10ADE00093DC1C40210D75B5228DEE87E5BD228DCB
:10ADF0008147CDBD9386F7FF139636009766000016
:10AE0000938646E5B2968842CC428246B6973EDAB1
:10AE1000C247E9C3976700009387C7D92A86AE86E1
:10AE20008843CC434ADE52D0EFC0BFEE025872577F
:10AE300017390000130989684286BA86EFD07FAAC5
:10AE4000024A2AD02ED2E6856285EF10503C2ADED7
:10AE5000EFE08FA62A86AE866285E685EFD07FA8D2
:10AE6000F2572A8CAE8C2A86AE8602559255050A78
:10AE700093870703A30FFAFEEFD0EFC46348A00E39
:10AE800097670000938787D18843CC436286E68624
:10AE9000EFD03FA52A86AE8602559255EFD0AFC2BD
:10AEA0006342A018D257E30CFAEA0326090083266E
:10AEB000490002559255EFD04FD70326090083264B
:10AEC00049002AD02ED26285E685EFD00FD62A8C93
:10AED000AE8C95BF5286CA86EFD02FD5525A024902
:10AEE0002AD02ED2E6856285EF1070322ADEEFE09E
:10AEF000AF9C2A86AE866285E685EFD09F9E72570C
:10AF0000D257050913070703A30FE9FE2A8CAE8C5D
:10AF10006312F906176900001309C9C9032609005D
:10AF20008326490002559255EFC0AFEB2A86AE86C4
:10AF30006285E685EFD02FB96346A00E0256925681
:10AF40000325090083254900EFD0BF992A86AE86E4
:10AF50006285E685EFD00FC293070003E35105E059
:10AF60000347FAFF9306FAFF6304F7006A8459A8BF
:10AF7000368AFDB797370000938747549043D443F0
:10AF8000EFD0AFCA2A8CAE8CB1BFE287BE8C8247AD
:10AF9000528C973A0000938A6A5213891700BE9D1B
:10AFA0005A86DE866285E685EFC0BFD6EF10302672
:10AFB0002A8DEFE06F905A86DE86EFD00FC72A8683
:10AFC000AE866285E685EFD0DF9193070D03A30F70
:10AFD000F9FE2A86AE864A8A639E2D07EFC06FE08F
:10AFE0005A86DE862A8CAE8CEFD0EFAD634BA00282
:10AFF0005A86DE866285E685EF10D01A01E59377E2
:10B000001D0085E3CE852685EF00B029C2572300B9
:10B010000A00050480C3D247E389079423A04701AF
:10B02000A9B2228D130790038346FAFF9307FAFF14
:10B03000639AE6008246639DF60013070003050D40
:10B040002380E60003C7070005072380E70039BF18
:10B050003E8AD9BF03A60A0083A64A000509EFD09D
:10B06000CFBC014681462A8CAE8CEF10B0130DF98F
:10B0700051BF424763000710924605476345D70C0E
:10B0800062579387374309E7264793076003998FF1
:10B09000568DDA8C854526853E9BBE9BEF00303968
:10B0A0002A89635E9001635C7001E68763D39B012C
:10B0B000DE87330BFB40B38CFC40B38BFB406380DB
:10B0C0000A04C247C5CF6354A003CA856A86268591
:10B0D000EF00F04B4E86AA852A892685EF00F036D0
:10B0E0002ACECE852685EF00D01BF247BE89338657
:10B0F000AA4111C6CE852685EF007049AA898545EB
:10B100002685EF00D032E247AA8A635BF0063E86CE
:10B11000AA852685EF00B04712478547AA8A014DC8
:10B1200063C8E706014D63120A069317CC00528DDF
:10B13000A9EFB705F07F337CBC0063080C04050B56
:10B14000850B054D99A0138DFDFF63CAAA01338DB0
:10B15000AA4163DE0D00B30CBB41814725BFE24726
:10B16000B30A5D41D6973ECCEA8A014DDDB7DA8C51
:10B17000EE870DB7568DDA8C014925B756869DBFEF
:10B1800012478547014DE3DFE7F8E247054589CFE0
:10B1900083A70A018D078A07D697C843EF00301EA0
:10B1A000930700023385A7405E957D8951C19307BF
:10B1B0000002898F1147635AF706F1473385A7408C
:10B1C0002A9BAA9CAA9B63586001CE855A86268535
:10B1D000EF00D047AA8963587001D6855E86268520
:10B1E000EF00D046AA8AB257B1C7D6854E85EF0088
:10B1F000D05263510504CE85814629462685EF004D
:10B20000900EC2477D14AA89638C0726CA858146A1
:10B2100029462685EF00300DA2472A896345F008AC
:10B220001247894763D1E70829A8E38EE7F83E85EE
:10B23000710579B76345B0071247894763D1E706BF
:10B240006EC4A24791EFD685814615462685EF004C
:10B250009009AA8AAA854E85EF00304CE34DA0B430
:10B26000B247024A13C4F7FF014BD6852685EF008B
:10B270005003E30909D863080B0063062B01DA8544
:10B280002685EF001002CA852685EF0090019DBB40
:10B29000814A0149F1B76A84814A014929BEC247FE
:10B2A0006EC46386071E63589001CA85668626852C
:10B2B000EF00D0392A894A8563060D0283254900AB
:10B2C0002685EF008075032609012A8B9305C900A6
:10B2D00009060A063105EFE0AFB50546DA85268591
:10B2E000EF00D036824722474A8B138C1700BA975B
:10B2F0003EC693771A002A893EC4D6854E85EFF064
:10B300006FC6DA852A8D930D05034E85EF00F04058
:10B310004A86AA8BD6852685EF0050435045930C6C
:10B32000FCFF2A8A054711E6AA854E85EF00F03E0C
:10B330002A87D28526853AC8EF00A07692474247F1
:10B34000628AB3E6E700A247DD8E81EE1307900321
:10B350006388ED0463547001930D1D032380BC01C9
:10B3600029B763CA0B009247B3EB7701A247B3EB4F
:10B37000FB0063950B04E353E0FECE85054626856E
:10B38000EF00D02CD685AA89EF0030396346A000A3
:10B3900071F513F71D0079D313079003E39EEDFABF
:10B3A000930790032380FC00930690038347FAFFE2
:10B3B0001307FAFF638CD708850745A0635BE0009D
:10B3C00013079003E38EEDFC93871D002380FC00A0
:10B3D00069BDB247A30FBCFF63818705CE85814657
:10B3E00029462685EF002070AA8981462946DA85FC
:10B3F000268563182B01EF00006F2A8B2A89050C24
:10B40000EDBDEF00406ECA852A8B81462946268510
:10B41000EF00606D2A89E5B7014BCE85054626858C
:10B42000EF00D022D685AA89EF00302FE34EA0F698
:10B4300001E593F71D00ADFB930700030347FAFFF7
:10B440009306FAFFE313F7E2368ACDBF824763998A
:10B45000E70002470504930710032300F70031B506
:10B460003A8AA9B7524797570000938727753EC07D
:10B470009757000093870775631707CE6FF0EFCEDD
:10B48000A2476346F00012478947E3CCE7DA024A55
:10B49000D6854E85EFF00FAD8247050A930D050363
:10B4A0003307FA40A247A30FBAFFE357F7F6CE855A
:10B4B000814629462685EF000063AA89D1BF83D73C
:10B4C000C500011122CC26CA06CE4AC84EC613F7C3
:10B4D0008700AA842E8479EFD841634DE000B841FB
:10B4E000634AE0000145F2406244D2444249B24915
:10B4F0000561828058547DD703A9040093963701D3
:10B5000023A0040063DE060670488357C400918BB5
:10B5100099C75C401D8E5C5899C33C401D8E5C549D
:10B520000C50814626858297FD570357C400631D42
:10B53000F5009440F54763E9D706B7074020850733
:10B54000B3D7D700858BADC31C48232204001CC091
:10B550009317370163D80700FD576314F5009C402B
:10B5600091E368C84C5823A02401ADDD930744043F
:10B570006385F5002685EF00303C232A04029DB741
:10B580000C500146854626850297FD572A86E31E04
:10B59000F5F69C40BDDB75476385E700594763942A
:10B5A000E70423A024013DBF136707042316E4002A
:10B5B0007D5515BF83A90501E38609F203A905009E
:10B5C0008D8B23A0350133093941014791E3D849D7
:10B5D00018C4E35920F11C540C50CA864E862685A7
:10B5E00082976349A0008357C40093E7070423169A
:10B5F000F4007DBFAA993309A940E1BF9C49A5C3C6
:10B60000011122CC06CE2A8411C51C4D81E72EC61D
:10B610003922B245975700009387475D639CF50038
:10B620004C408397C5009DC722856244F240056166
:10B630006FF0FFE8975700009387475D6394F5002C
:10B640000C44C5B79757000093874758E39BF5FC18
:10B650004C44C1BFF240624401450561828001450E
:10B660008280411122C406C62A842316B5002317FE
:10B67000C5002320050023220500232405002322E2
:10B68000050623280500232A0500232C0500214652
:10B6900081451305C505EF401EEB97170000938702
:10B6A000E70A5CD0971700009387470D1CD49717C3
:10B6B0000000938787115CD4971700009387471485
:10B6C00000D01CD8B240224441018280970500007E
:10B6D000938505F399AA411126C213068006938427
:10B6E000F5FFB384C4024AC02E8922C406C69385DE
:10B6F0004407EF00F02E2A8401CD232005002322E9
:10B700002501310508C4138684068145EF40BEE358
:10B710002285B240224492440249410182801C4D5C
:10B72000A5E7411106C622C497070000938747FA90
:10B730001CD59387C1969C43232405042326050426
:10B74000232805046314F50085471CCD2A84352879
:10B7500048C022851D2808C42285052848C44840C1
:10B7600001469145EFF0FFEF08440546A545EFF08F
:10B770005FEF48440946C945EFF0BFEE85471CCC52
:10B78000B240224441018280828041119387C19658
:10B7900026C284434AC006C69C4C22C42A8981E73B
:10B7A0002685EFF0DFF7938484048044DC40FD17A6
:10B7B00063D607009C40B9CF8440C5BF0317C400BF
:10B7C00039E7C177850723220406232004002322BA
:10B7D0000400232404005CC423280400232A04005A
:10B7E000232C0400214681451305C405EF40BED536
:10B7F000232A0402232C0402232404042326040401
:10B800002285B240224492440249410182801304BD
:10B81000840671BF91454A85EFF0FFEB88C049FD72
:10B82000B1472320F9000144E1BF797122D44AD005
:10B8300052CC56CA5AC85EC606D626D24ECE2A8AE0
:10B84000AE8A130485040149054BFD5B09ECB25037
:10B8500022544A8592540259F249624AD24A424BD2
:10B86000B24B45618280044483294400FD1963D4AE
:10B8700009000040E1BF83D7C400637BFB008397CE
:10B88000E40063877701A6855285829A3369A9000F
:10B8900093848406E1BF938781869C43885309E59E
:10B8A0001755FE1F1305C5001305050F828019717A
:10B8B000A6DAAE848395E500A2DC86DE328463DC02
:10B8C000050083D7C40023A0060093F7070885E787
:10B8D000930700401DA0300836C6EF00F078B2464E
:10B8E000E34105FE7247BD67F98F7977BA9793B741
:10B8F00017009CC2F1BF930700041CC0F6506654A9
:10B90000D65401450961828083D7C500011122CC3C
:10B9100006CE26CA4AC8898B2E8489CF9307740421
:10B920001CC01CC885475CC8F2406244D2444249EE
:10B930000561828074003000AA84EFF05FF7A245B1
:10B940002A892685EF00D00901ED8317C40013F77B
:10B95000072079FBF19B93E727002316F4007DBFB6
:10B96000970700009387C7D69CD48357C40008C0AC
:10B9700008C893E707082316F400A2475CC8B2473B
:10B9800091CF8315E4002685EF00307101C98357FC
:10B99000C400F19B93E717002316F4008357C400FB
:10B9A0003369F9002316240141B793878186AA855C
:10B9B00088436F00F00293F5F50F2A966314C500D3
:10B9C0000145828083470500E38DB7FE0505FDB77D
:10B9D00063F3A504B386C500637FD5029345F6FFE4
:10B9E0008147FD176393F50082803387F600034893
:10B9F00007003387C7002A9723000701DDB7338785
:10BA0000F500834607003307F50085072300D700BC
:10BA1000E317F6FE82808147E5BF5C51411122C4E5
:10BA20004AC006C626C22A842E8989EF4145EFF016
:10BA3000DFF748D02322050023240500232005003A
:10BA4000232605004450DC4495C75850931729001D
:10BA50005847BA9788431DED8544B3942401138653
:10BA600054000A06854522856D2511CD2322250126
:10BA700004C51DA01306100291452285592D5C5066
:10BA8000C8C4DC47F9F30145B2402244924402495C
:10BA900041018280184198C3232805002326050010
:10BAA000E5B75C51011122CC06CE2A8499EF4145BD
:10BAB0002EC6EFF09FEFB24548D023220500232485
:10BAC0000500232005002326050091C95450DC41C0
:10BAD00013972700DC46BA97984398C18CC3F2406D
:10BAE00062440561828079714ECEAA89416522D473
:10BAF00026D22E84844906D64AD0D10501487D1528
:10BB00009C419105050833F7A7003307C702C1839D
:10BB1000B387C702369793560701698FB69793D6B6
:10BB20000701C207BA9723AEF5FEE34B98FCA1C20A
:10BB30001C4463C7F4024C404E8536C68505EFF0C1
:10BB4000DFED10489305C4002A8909060A0631056D
:10BB5000EFD01FAEA2854E85EFF0BFF4B2464A8407
:10BB6000938744008A07A297D4C3850404C822851A
:10BB7000B250225492540259F24945618280417771
:10BB8000698FAA87014519E3C2074145370700FFBE
:10BB90007D8F19E32105A207370700F07D8F19E398
:10BBA00011059207370700C07D8F19E309058A0741
:10BBB00063C90700139717000505634407001305C1
:10BBC000000282801C4113F777000DC393F6170023
:10BBD000014799E613F7270011C785831CC1054764
:10BBE0003A85828089831CC10947DDBF939607018E
:10BBF000C182014799E2C183414793F6F70F99E269
:10BC00002107A18393F6F70099E21107918393F638
:10BC1000370099E20907898393F6170081E6858347
:10BC2000050799C31CC16DBF1307000255BF411121
:10BC300022C42E84854506C6EFF03FDE40C9B240DF
:10BC40002244054718C94101828098491C4A7971EC
:10BC500026D206D622D44AD04ECEAE846354F70004
:10BC6000B2842E8683A90401032906019C44CC409A
:10BC70003384290163D38700850532C6EFF0FFD9ED
:10BC8000324613084501131324004293C28763ED23
:10BC9000670293854401939829005106131E2900D9
:10BCA000C166AE98329EFD166364C603635680007B
:10BCB000711383270300F1CB00C9B2502254925470
:10BCC0000259F2494561828023A007009107C1B75C
:10BCD000832F0600B3FFDF00638A0F04428FAE821A
:10BCE000814403A7020083230F00110FB37ED70006
:10BCF000B38EFE03B3F7D30093D303019102BE9E2C
:10BD000093570701B387F703A69E13D70E01B3FE1F
:10BD1000DE009E97BA9793D40701C207B3E7D70115
:10BD2000232EFFFEE3EF12FB23209F008352260009
:10BD3000638A020483270800C28E2E8F814F032757
:10BD40000F0083D32E00F58F758F33075702910EA6
:10BD5000110F1E977E97931F0701B3E7FF0023AED5
:10BD6000FEFE8357EFFF83AF0E004183B387570278
:10BD7000B3FFDF00FE97BA9793DF0701E3611FFD72
:10BD800023A0FE001106110805B77D1405B70111A7
:10BD900026CA4AC84EC606CE22CC52C49377360075
:10BDA0002A89B284AE8989CFFD171757000013077F
:10BDB000E7F68A07BA9790438146EFF0DFD2AA8967
:10BDC0008984A5CC8327490291EF4145EFF0FFBD5F
:10BDD0002322A90223220500232405002320050095
:10BDE00023260500032A490203248A0019E8930543
:10BDF00010274A85EFF0BFE32324AA002A842320DA
:10BE0000050093F7140081CFCE8522864A85EFF096
:10BE1000DFE32A8ACE854A85EFF0BFC8D2898584C0
:10BE200089CC084009E92286A2854A85EFF0FFE126
:10BE300008C0232005002A84E9B7F24062444E85F9
:10BE4000D2444249B249224A05618280797126D2A0
:10BE5000AE844ECE83A9040122D4CC411354564063
:10BE60009C44A2994AD056CA06D652CCAA8A1389B3
:10BE7000190063C42709568532C6EFF01FBA32464F
:10BE8000930745012A8ABE8601479106634A8706C1
:10BE900063530400014494480A04338787008A06E8
:10BEA000938744017D8ABE9625C213080002330899
:10BEB000C84081458843110791073315C500C98DD6
:10BEC000232EB7FE83A5C7FFB3D50501E3E4D7FE54
:10BED0000CC399C1138929007D1923282A0156858D
:10BEE000A685EFF01FBCB2502254528592540259DD
:10BEF000F249624AD24A456182808505860795BF2C
:10BF000023AE06FE050751B7910703A6C7FF110729
:10BF1000232EC7FEE3EAD7FEC1B71C499849998F83
:10BF20008DE30A075105D105B306E500BA95F11670
:10BF3000F115904298416308E600FD576363E600FF
:10BF400085473E858280E364D5FEE5BF011126CAA0
:10BF5000AE844EC6B285AA89268522CC06CE4AC8B2
:10BF60003284EFF09FFB05E181454E85EFF0FFAA9B
:10BF700085471CC9232A0500F2406244D244424945
:10BF8000B24905618280054963460500A2870149DF
:10BF90002684BE844C404E85EFF03FA80323040165
:10BFA00083A8040113064401131E230013884401CF
:10BFB0008A08C16E23262501329EC2989306450148
:10BFC000014FFD1E1842832F08009106B375D7015B
:10BFD000B3F7DF01FA959D8D93DF0F0193570701AA
:10BFE000B387F74113D70541BA9713DF0741B3F57C
:10BFF000D501C207CD8F110823AEF6FE1106E3630B
:10C0000018FDC165FD156368C601F1169C4295C710
:10C010002328650095B71C429106110633F7B70037
:10C020007A9713580741C183C29713DF07416D8F79
:10C03000C207D98F23AEF6FEF9B77D13F9B7797130
:10C0400022D42E84854526D24AD0B2844ECE52CCFC
:10C050003A8906D6368AEFF05F9C370710009307BF
:10C06000F7FFE58FD18093F4F47FAA89B5E03EC64F
:10C070002DC4280022C4EFF0FFB4A24621CD3247E0
:10C0800093070002898FB317F700D58F3357A700A6
:10C0900023AAF9003AC6324423AC89003334800025
:10C0A000050423A88900B9C49384D4BCAA94930737
:10C0B000500323209A003385A7402320A900B250C3
:10C0C00022544E8592540259F249624A4561828057
:10C0D000D98F71BF23AAD9007DBF6800EFF09FAE52
:10C0E000B24713050502054423AAF900854723A892
:10C0F000F90055BF931724001305E5BCCE97232004
:10C10000AA00884B1604EFF09FA7098C2320890012
:10C110007DB73386C502011122CC06CEB28532C668
:10C12000C1202A8409C532468145EF40CEC122850F
:10C13000F240624405618280DDC183A7C5FF4111E1
:10C1400022C406C626C21384C5FF63D307003E94EB
:10C15000AA84EF00607E938701CB9C4381EF23226A
:10C16000040023A881CA2244B2402685924441019A
:10C170006F00A07C637EF40014403307D400639604
:10C18000E7009843DC43369718C05CC0D9BFBA8734
:10C19000D84319C3E37DE4FE94433386D700631F7D
:10C1A00086001040B29694C33386D700E31DC7FAC9
:10C1B00010435843B29694C3D8C375B76375C4008F
:10C1C000B1479CC04DB71040B306C4006316D700FA
:10C1D00014435843B29614C058C0C0C369B7828094
:10C1E000011126CA93843500F19806CE22CC4AC8A4
:10C1F0004EC6A104B14763F2F404B14463E1B40450
:10C200002A89EF006073938701CB98433A8431E029
:10C21000938741CB9C4391E781454A85A12923AA75
:10C22000A1CAA6854A85B921FD5963173507B147CB
:10C230002320F9004A85112729A0E3D104FCB14746
:10C240001CC10145F2406244D2444249B2490561F1
:10C2500082801C40858F63CE0702AD4663F6F600F0
:10C260001CC03E9404C031A05C406312870223A826
:10C27000F1CA4A85D9251305B40093074400619992
:10C280003307F54061D33A94898F1CC065BF5CC306
:10C29000CDB722874040A5BF130435007198E30352
:10C2A00085FCB305A4404A85F126E31D35FB41B763
:10C2B00081E5B2856FF0DFF2011122CC06CE26CAED
:10C2C0004AC84EC6328401EEEFF01FE70149F24042
:10C2D00062444A85D2444249B24905618280AE84B3
:10C2E000AA89A92D2689E37485FEA2854E85EFF0E3
:10C2F0003FEF2A8969DDA6852286EFD06FB3A68538
:10C300004E85EFF07FE3E1B701114AC803A985002C
:10C3100022CC52C45AC006CE26CA4EC656C22E845D
:10C32000328B368A63EE260983D7C50013F7074898
:10C3300051C704408C495848AA8AB389B4408D44F7
:10C34000B384E4020947B3C4E402138716004E978E
:10C3500063F3E400BA8493F70740D9C3A6855685F2
:10C36000EFF01FE82A890DE5B14723A0FA008357B3
:10C37000C4007D5593E707042316F400F24062449D
:10C38000D2444249B249224A924A024B0561828014
:10C390000C484E86EFD0CFA98357C40093F7F7B768
:10C3A00093E707082316F4002328240144C84E9974
:10C3B000B38434412320240104C4528963732A01C5
:10C3C000528908404A86DA85EFF08FE01C44014527
:10C3D000B38727411CC41C403E992320240179BF08
:10C3E00026865685EFF0DFEC2A895DFD0C485685E0
:10C3F000EFF09FD495BF83D7C500717126D34AD182
:10C400004ECF06D722D552CD56CB5AC95EC762C58C
:10C4100066C393F70708AA892E89B284B9C39C49D9
:10C42000A9E39305000436C6EFF09FDB2320A900A3
:10C430002328A900B24615E1B14723A0F9007D5594
:10C44000BA502A549A540A59FA496A4ADA4A4A4B63
:10C45000BA4B2A4C9A4C4D61828093070004232AE0
:10C46000F90093070002A30CF1029307000302DA1C
:10C47000230DF10236CE930B5002974A0000938AA7
:10C480006A6A054C294B26848347040099C3639D3F
:10C490007709B30C9440638E0C00E6862686CA8525
:10C4A0004E85EFF07FE6FD576302F51AD256E69609
:10C4B00036DA83470400638B0718FD579304140092
:10C4C00002D002D63ED202D4A301010682DC83C58B
:10C4D000040015465685EFF00FCE138414008257E2
:10C4E00031E513F7070109C713070002A301E106AD
:10C4F00013F7870009C71307B002A301E10683C63B
:10C5000004001307A002638BE602B257268481461B
:10C5100025460347040093051400130707FD6374C1
:10C52000E6068DC63ED61DA00504B9BF33055541AC
:10C530003315AC00C98F3ED0A28451BF7247930619
:10C540004700184336CE634907023AD60347040032
:10C550009307E002631FF704034714009307A00248
:10C56000631BF702F2470904138747009C433ACE46
:10C5700063C107023ED235A83307E04093E72700A6
:10C580003AD63ED0E1B7B387670385462E84BA9783
:10C5900049B7FD57C5B7050402D2814681472546F4
:10C5A0000347040093051400130707FD6378E606AC
:10C5B000F1F2834504000D461745000013050557A9
:10C5C000EFF06FBF11CD97470000938727561D8D61
:10C5D00093070004B397A700025505045D8D2AD088
:10C5E000834504001946174500001305655493045C
:10C5F0001400230CB102EFF00FBC35C197D7FFFF39
:10C600009387E75695E70257F2471377071009CF4C
:10C6100091073ECED257D2973EDAB5B5B3876703BE
:10C6200085462E84BA97ADBF9D07E19BA107D5B77C
:10C63000780897060000938666CD4A860C104E85D2
:10C64000EFD0AFD2FD572A8AE316F5FC8357C90015
:10C650007D5593F70704E39507DE5255D5B3780867
:10C6600097060000938686CA4A860C104E85EFD046
:10C67000DFACC9BF411122C42A842E859757FF1F02
:10C6800023A8075806C6EF309FE1FD576319F50050
:10C690009757FF1F9387C7579C4391C31CC0B24055
:10C6A000224441018280FD4763F6B700D9471CC18F
:10C6B0007D5582807C41011122CC06CE2E862A84B3
:10C6C00091C713972500BA97984319EB228532C674
:10C6D0009D28AA85228562443246F24005611DA844
:10C6E000854601456308D700FD566319D700D94731
:10C6F0001CC00545F2406244056182802E8523A05E
:10C70000070002970145FDB793878186AA85884374
:10C710006FF07FF9411122C42A842E85B285975784
:10C72000FF1F23A7074E06C67523FD576319F500A3
:10C730009757FF1F9387C74D9C4391C31CC0B240BE
:10C74000224441018280BDA3411122C42E848395DD
:10C75000E50006C6F52A634905007C48AA977CC80F
:10C76000B2402244410182808357C4007D777D1707
:10C77000F98F2316F400EDB783D7C500011122CC41
:10C7800026CA4AC84EC606CE93F70710AA842E843E
:10C790003289B68991C78395E500894601463522DD
:10C7A0008357C4007D777D17F98F2316F400831516
:10C7B000E4006244F240CE864A86B2494249268568
:10C7C000D24405613DA8411122C42E848395E50021
:10C7D00006C6E528FD570357C400631BF500FD7727
:10C7E000FD17F98F2316F400B240224441018280E4
:10C7F0008567D98F2316F40068C8FDB78395E500D7
:10C8000025A8411122C42A842E85B28536869757E1
:10C81000FF1F23AF073E06C6EF309FC4FD576319C5
:10C82000F5009757FF1F9387A73E9C4391C31CC0F9
:10C83000B240224441018280411122C42A842E85C3
:10C840009757FF1F23A6073C06C6A921FD5763196A
:10C85000F5009757FF1F9387A73B9C4391C31CC0CC
:10C86000B240224441018280411122C42A842E8593
:10C87000B2859757FF1F23AD073806C62521FD5700
:10C880006319F5009757FF1F938787389C4391C31F
:10C890001CC0B240224441018280411122C42A843A
:10C8A0002E859757FF1F23A5073606C62129FD575A
:10C8B0006319F5009757FF1F938787359C4391C3F2
:10C8C0001CC0B240224441018280411122C42A840A
:10C8D0002E85B28536869757FF1F23AB073206C6D3
:10C8E0001121FD576319F5009757FF1F93874732B2
:10C8F0009C4391C31CC0B24022444101828085E127
:10C9000041116C00014511CA795581CA834706005F
:10C910009CC1034506003335A000410182800145DA
:10C9200019CA795589CA834706009CC10345060088
:10C930003335A000828082808280828083A7C5FFF9
:10C940001385C7FF63D50700AA959C413E95828059
:10C95000411122C42A842E85B28536869757FF1F3F
:10C9600023A8072A06C67926FD576319F5009757AD
:10C97000FF1F9387E7299C4391C31CC0B240224408
:10C980004101828091CD9307F00F63F7C7009307B1
:10C99000A0081CC17D5582802380C500054582808A
:10C9A0000145828013D74501B7071000FD1713D842
:10C9B00046011377F77F9308F07F33FEB700AA8E06
:10C9C000F58FFD81328F1378F87FFD82630B17019D
:10C9D00005436306180163140701630DFE001A8501
:10C9E0008280B368AE000543E39B08FEE319E8FECE
:10C9F000D18FF5F70543E394EEFF0143E381D5FEC4
:10CA0000054371FF3365AE003333A000C9BF93D730
:10CA10004501B70610001387F6FF93F7F77F13065B
:10CA2000E03F6D8FFD81635CF6001306D041635AD1
:10CA3000F600370500801345F5FF2E9582800145ED
:10CA40008280130630431D8E7D48558F635DC8007C
:10CA500093063041B387F640B357F7003305F040F3
:10CA6000E5F13E8582809387D7BEB317F700335533
:10CA7000C500C98FE5B70328C500184154410C45CE
:10CA800021659307F5FF13560801139E35007D8E2F
:10CA90009358D70193D7D601131308018E0641117D
:10CAA000B3E7C701B3E6160113530301131E3700A2
:10CAB000930816007915F5810E033EC436C272C084
:10CAC00033F5A8001358F801B3E5650005C971777F
:10CAD000130707403A961307E07F635DC704130608
:10CAE000F07F014781473207520631837E08518F1C
:10CAF000336707013E85BA8541018280D58FCD8F8E
:10CB0000B3E7C70105E2F1CB8147954693D53600DF
:10CB1000139797009396D701B3E7B6003183137646
:10CB2000F67FD1B7CDDF01481306F07F3707080045
:10CB3000814755BF6346C00A9307C0FC634FF60E9A
:10CB40009307D0033386C7409357564037070800F2
:10CB5000D98D139527000A8781462EC6B308A100F8
:10CB600011077D8AB3E6C60163091701032E07008A
:10CB70001107B3E6C601E31B17FF0D471D8F79CAE6
:10CB800093080101AA9883A808FF130E0002330E30
:10CB9000CE40B398C801B3E6160175CB0A070A95D3
:10CBA000B30EE1008A880C41032345009108B3D5F8
:10CBB000C5003313C301B3E5650023AEB8FE11050C
:10CBC000E3931EFF9145B387F540B24508082A97C5
:10CBD000B3D5C5002328B7FE61A80146014721B798
:10CBE00013974600139547003367C701F182F1831D
:10CBF00092053337E000C98ECD8FD98E13F77600BA
:10CC000011C713F7F6009145631CB7023707800080
:10CC10007D8FE30D07EE05061307F07FE301E6ECD9
:10CC2000370780FF7D177D8F9317D7018D822607E9
:10CC30001376F67FD58F31837DB5854681470146D2
:10CC400013B7C6FF13471700BA973707800091063E
:10CC50007D8FC1B78A85B388A50083A80800910598
:10CC6000050623AE15FFE358C7FE1147B307F7408B
:10CC70008A078A97180823A007009107E39DE7FE1B
:10CC80000247B336D0009247D98E014685BF85470B
:10CC900001472DBF930780051757FF1F232AF7F67B
:10CCA0007D558280930780051757FF1F2322F7F6D3
:10CCB0007D558280930780051757FF1F232AF7F4BD
:10CCC0007D558280930780051757FF1F2322F7F4B5
:10CCD00001458280930780051757FF1F232AF7F22B
:10CCE0007D558280930780051757FF1F2322F7F297
:10CCF0007D558280930780051757FF1F232AF7F081
:10CD00007D55828001A00000650003020304030535
:10CD100004060D00FE09FE0AFF015F02C4040320A1
:10CD200005006E0721074943C7210922079B5A477F
:10CD30006209230E3D464F294906A53228A5240144
:10CD4000240F4D4257362851926D49940C5A0425B0
:10CD50000D4D424FA474CC8A498B9400260E454257
:10CD60004F9644495689A22952022706195BC700EB
:10CD7000280BDB3E57122551B7280B290CDB3E4709
:10CD8000166551972889002A0A2D5257A5B23445B5
:10CD9000002B0A2D4A57180D5218012C079B3E8F65
:10CDA00052022D060D52C7202E089B3E4FB2240082
:10CDB0002F0B4D42672DCC8A591802300B4D42572C
:10CDC00096D4BC25B508310B4D42572625614F83BB
:10CDD00000320B4D42CF926961D67110330C4D4237
:10CDE000C72066B535D49205340F4D425F98494946
:10CDF000949492410B1300350C4D42C7B1620A4323
:10CE00002D5900360D4D42CF9289E19064B66401F0
:10CE1000370C4D42C72066611666610D380D4D42D4
:10CE2000CF92D99225B3250B00390D4D42CF92D91F
:10CE300092210CB564013A0BC33E4FB2E448B224D0
:10CE4000003B0AC33E4FB2E48852023C084D4267A1
:10CE5000D6B5033D09254AC7A06383003E094D426C
:10CE600047DAAD23003F0C4D42CF92696156CCA109
:10CE700008400D4D42CF92999644492CE910410C3F
:10CE80004D425796D46CC390D90242104D42C71000
:10CE900055A2244AA64A94448302430B4D42CF92A2
:10CEA00089BD250B0044124D42C71055A2244AA249
:10CEB000244AA2241A1400450B4D42C7B1382461FC
:10CEC0007110460B4D42C7B13824612300470C4D09
:10CED00042CF92894D9B962C00480B4D4247E63637
:10CEE0000C995B004908CB42C712F5654A0B4D42CD
:10CEF000D716F6124512004B0D4D4247664A4A5A64
:10CF00001255322D4C094D4247D88F83004D0D4D9F
:10CF10004247A62D4BA2249A5B004E0D4D42473648
:10CF20004D4AA224D24D0B4F0A4D42CF92F92D59B2
:10CF300000500C4D42C79064B641091B01510A557F
:10CF40003ECF92F9A5B206520D4D42C79064B6414C
:10CF50002955322D530C4D42CF9289E91A6AC902E4
:10CF600054094D42C72085FD0455094D4247E66FDF
:10CF7000C902560D4D4247E696949228C9C20857F9
:10CF80000D4D4247E62551122551BA00580E4D422B
:10CF900047A625A524AB44494D0B590C4D4247A645
:10CFA00025A5240B3B015A0C4D42C720666156CC87
:10CFB000C2415B09DB3EC710F5A7015C0B4D424740
:10CFC000988669310D035D09DB3EC7D49F86005EFC
:10CFD000081D5A5796D4025F060D3EC72060061200
:10CFE000634714610B3542CF9A0C9AA42801620C56
:10CFF0004D4247581C92CC6D5000630A3542CF9287
:10D0000089B56401640B4D4267CBA0B92543006527
:10D010000C3542CF920D4398250B00660C4D42977C
:10D020005409B3210ADB00670C453ACF92D992210B
:10D03000D49205680A4D4247D862D2DC026908C31F
:10D04000424F2875196A0B543A5FACB54952A20099
:10D050006B0D4D4247D89494B424AA64016C08CB5C
:10D060004287D42F036D0D354287D2A2244AA224D1
:10D070005A006E0935424762D2DC026F0A3542CF50
:10D0800092B9250B00700C453AC79064B641098BE4
:10D0900000710A453ACFA0D992216C7209354247F6
:10D0A00062121B01730C3542CF92256A92250B0048
:10D0B000740C45424F980D51D8142900750935421A
:10D0C00047E6495102760B354247664B4A491601FD
:10D0D000770B35424766499444E902780B3542475D
:10D0E00096D4C22CA905790C453A47E6A428A19606
:10D0F0002C007A093542C7A0751C047B0B5D3E9F4E
:10D100001436A961AB007C064943C7037D0B5D3E25
:10D11000871AB64A6193067E091D5A4FA42452020B
:10D12000000000080464055BFFFF04000E55424F39
:10D130009A0F63382461380804010F55424F29893A
:10D1400087311C92301C040402135D3AC72085A16C
:10D150009644499444499484590204030C55425717
:10D160009623C326760404040D4D42D79285E190A0
:10D1700084693A04050D4D42CF9289E91A6AC902C1
:10D18000040609CB42C712F56504070D55424F2925
:10D19000890729EC340804080C4D42D716F61245CD
:10D1A00012000409124D428F94444994448952510B
:10D1B0001225B100040A134D42471225511225D100
:10D1C00090549444492C00040B114D42C72085A172
:10D1D0009644499444499404040C0F5D425F2933FA
:10D1E00025252D892A9916040D0D55424F9A67D28F
:10D1F0002599262D040E0E55424796CC992D19C21D
:10D20000CA02040F0C5D3A47E66FC31446000410CF
:10D210000D4D425796D46CC390D90204110E4D4265
:10D22000C79084C521C96C830204120E4D42C79079
:10D2300064B641C96C830204130A4D42C74DEC2306
:10D2400000041413553E9794444994444994444926
:10D250009424C31604150C4D42C7B13824617110D3
:10D260000416114D424792288952D9B2A5A2244AE8
:10D270000104170D4D42CF92852535D4920504182F
:10D280000E4D424766BA244A324D5A0004190E55D3
:10D29000424796CC997449A6490B041A0E4D424751
:10D2A000664A4A5A1255322D041B114D42D7122597
:10D2B00051122551122591A605041C0E4D4247B668
:10D2C0000CC9922889E616041D0C4D4247E6360C1F
:10D2D000995B00041E0B4D42CF92F92D5900041F9B
:10D2E000094D42C7CDDF0204200D4D42C790646E48
:10D2F0008312160104210C4D42CF9289BD250B00EB
:10D3000004220A4D42C72085FD0404230D4D4247E7
:10D31000E62D19422D59000424104D4257B654945D
:10D32000444994CA16460004250F4D4247A625A538
:10D3300024AB44494D0B0426145D3A479444499468
:10D3400044499444499444C9201604270B4D42474C
:10D35000E6960C61070428134D42479228899228CB
:10D36000899228899228C9300429145D3A47922865
:10D37000899228899228899228C93016042A0E4D4C
:10D380004287D83855A2244A1600042B0C4D424738
:10D39000661B12E98312042C0D4D4247D83824999C
:10D3A0006D5000042D0D4D42C75A4C86B0964C006E
:10D3B000042E134D4247945494444986444994445E
:10D3C00049A404042F0E4D42CFA0D992214A4A9A73
:10D3D0001604300C3542CF9A0C9AA4280104310E61
:10D3E0004D4267B2844392B9250B0004320D354299
:10D3F000C7906483926983020433093542C74D6C38
:10D400000404340F3D3E97944449944449326C01DE
:10D4100004350D3542CF920D4398250B0004360D8F
:10D4200035424792289569A9280504370C3542CF23
:10D430009245AA962C0004380B354247665A924909
:10D440000B04390D4D424796CC996949262D043A73
:10D450000C35424726255325D302043B0D3542D7D0
:10D4600012255112259116043C0D354247B62C89E0
:10D4700092685A00043D0B354247A60D43660B04E3
:10D480003E0B3542CF92B9250B00043F093542C708
:10D49000CD5B0004400D453AC79064B641098B004E
:10D4A00004410B3542CF9289B5640104420A3542EA
:10D4B000C7A514360104430D453A47E6A428A196B2
:10D4C0002C00044411553A57982D15255112A5B238
:10D4D00085110004450B35424796D42A352D044664
:10D4E00010453A47944449944449940C62010447D6
:10D4F0000B354247664B86B00004480F35424792D1
:10D500002889922889920C03044910453A479228A9
:10D5100089922889920C6301044A0C354287184E7F
:10D5200095285900044B0C354247A60D89745002CA
:10D53000044C0D354247180E49A60D0A00044D0C47
:10D540003542C7904663382800044E0F3542479451
:10D550005494644894444A00044F0D3542CFA06966
:10D56000C990445A0004500F4D424F9A234B360C39
:10D5700061962C0004510F4D424F29C9976C18C277
:10D580002C59000452135D3A4FB68549A494922851
:10D59000899228CC120004530C4D42579623C3267F
:10D5A000360204540B3542CF204E613A0404550D27
:10D5B0003542CF92256A92250B00045609C3424F8B
:10D5C00028751904570C4D424F29C9C54E830004D4
:10D5D000580C543A5FACB54952A20004590E35427A
:10D5E0008F9444895251120B00045A0E354247124F
:10D5F00025D1905494C402045B104D424FB6854926
:10D60000A4949228899228045C0E4D42579623993F
:10D61000944C954C0B045D0D4D424F9A67A625998D
:10D62000B400045E0F5D3A4796CC9993A2845AB237
:10D6300000045F0B453A47E66D98C20804600E4D42
:10D64000424F9B4BA2244AA2740104610C35424F05
:10D650009B922889D2050462104D424F36446138AE
:10D6600055A2244A160004630D45424F986DE154BB
:10D670008992050464124D4247B444499444C3124C
:10D68000255112450204650D354247B444C31225A5
:10D6900051240466114D42579825511225352551C4
:10D6A00012A50004670D3542579644494D4994022E
:10D6B0000468124D42479444499424C365488664E3
:10D6C000480604690E3542479444C9B00CC9900C11
:10D6D000046A104D42C72D2925D152511225510AF5
:10D6E000046B0D3542C7A0949268A92805046C11FB
:10D6F0004E4247B2F42F43942C4AB2244B01046D9E
:10D700000E354247322489940CCB900C046E106580
:10D710003A4F14E94B16466A982CE902046F105DE3
:10D720003A4F14E94B16A961B2A40B000470114DD5
:10D73000424792288992288952D9C2120004711056
:10D74000453A4792288992288952D9C20804720E14
:10D750004D42CF92D98621B3250B0004730CB442FD
:10D760008F120D939428000474114D4247342551B3
:10D770001255A2244AB2300204750D3542473425B1
:10D7800051254AB2080476115642479445793444EB
:10D790006D499684690604770F4D4247D41A4D4966
:10D7A0005489922C020478155D3A4F964449940CA2
:10D7B000C9900CC9902C89982500047910453A4FDE
:10D7C00072488664489644CC1200047A0D5D3E5738
:10D7D000B654345F2A5B04047B0D453E57B654347F
:10D7E0004B658B00047C125D428F14293AD2A6242B
:10D7F0004AA2244A1700047D1055428F14293AD2B8
:10D80000A6244AA27401047E105542C7A59CD49454
:10D8100044499444E902047F0F4D42C7A59CD49427
:10D820004449942E0004800C5D3ACF9219BB8E15AA
:10D830000004810B3D3ECF9289E9580104820D35E9
:10D840004A5792258954C992080483091E62EF3011
:10D85000A8000484081662CF94090485081562CFD5
:10D8600022050486081562CF12090488106E3A4F0B
:10D8700098E46192730B933C4C0204890E6E3A4F0C
:10D88000184EA9CE2D0CA754048A10653A4796CCA1
:10D89000997449A6492B2600048B0F5D3A4796CC14
:10D8A00099694926AD9800048C0F4D424F986DE15F
:10D8B000548992285900048D0D3D424FB685532559
:10D8C0004A1600048E0E4D42C790642EC9A06462B1
:10D8D00008048F0E453AC7906496645032310404B0
:10D8E000900A5542E73084FD0804910A3D42E73032
:10D8F000841D0104920E4D42CF904449986D611BE6
:10D900000004930C3542CF90444316D60004940C87
:10D91000553EC7B13824995B0504950B3D3EC77150
:10D9200048325B0504960E5E3A47D29FC6704AFAAB
:10D93000452D04970D463A47D2D336255DD40204CF
:10D94000980E5D3ACF92852535D492AD0604990D97
:10D95000453ACF9245AA966C3500049A125D3A4733
:10D960009444492989B424AA44492416049B0E45A9
:10D970003A479494B424AA446201049C104D42474F
:10D98000A62496D294448952D102049D0D35424773
:10D990009258A644A96801049E0F4D424F34244D6D
:10D9A0009A2D892A5100049F0F4D424F986D515274
:10D9B000D292A8120504A00F4D428794444949B35E
:10D9C0002551250A04A10D3542879494B424AA4414
:10D9D0000104A2145D3A479444499444C9904449CF
:10D9E000944449241604A310453A479444C99044EA
:10D9F000499444620104A4134D4247322451122534
:10DA0000D19444499444490404A50F354247322433
:10DA1000D194444994440004A6145D3AC7944449FF
:10DA200094448952511225518A590204A710453A4B
:10DA3000C7944489525112A598250004A810553E58
:10DA4000CF928951525112A5B2A50204A90C3D3EB4
:10DA5000CF124649CB960A04AA0D5D3ACF9289BDF2
:10DA6000255B9A0004AB0D453ACF9289B5644B1300
:10DA70000004AC0C5D3AC720857D142B0004AD0C6E
:10DA8000453AC7A51416C50A0004AE0D4D4247A677
:10DA900025A5240B3B0104AF0D453A47A625A52437
:10DAA0000B9B0004B00F4D4247A625A5248B0629E9
:10DAB0002C0104B10F453A47A625A5248B06298CD5
:10DAC0000004B2135E3A47966451922561254BA239
:10DAD0002CC9D40204B30E463A4716256125CA92D2
:10DAE0004C2D04B4145D3AC7524AA2244AA2244AD7
:10DAF000A2244A86B00004B50F453AC7524AA22470
:10DB00004AA264080B04B6115D3A47944449944410
:10DB100049148D45B10004B70D453A479444491462
:10DB20008DA15804B80F4D4247E6922895214AA28C
:10DB3000240C04B90C35424766A90C51120604BAEC
:10DB40000C4D4247581C92CC5B0004BB0B4C424727
:10DB5000D6B6444E0104BC0F4D4297548992685882
:10DB6000C252A40004BD0D354297140D4B18450A4E
:10DB70000004BE115D3A975489926858C252A4A518
:10DB8000090004BF0E453A97140D4B18455A9A00E8
:10DB900004C009CB42C712F56504C1125D42479625
:10DBA000CC49A2244A655A2A4AA21404C20F4D4203
:10DBB0004796CC49A254A6A5A21404C3115D3A47C6
:10DBC000664A4A5A1255322D8C140004C40E453A46
:10DBD0004726255325D3C2480104C5135D3AD71201
:10DBE0002551122551122591A615130004C60F4583
:10DBF0003AD7122551122591564C0004C70E5D3AB2
:10DC000047E6360C995B18290004C80D453A47A62B
:10DC10000D43660B230504C90D5D3A47E6360C99A2
:10DC20005B310104CA0D453A47A60D43662B260019
:10DC300004CB0E5D3A47E62D19C29A16260004CC95
:10DC40000D453A47664B8630D3C20404CD105D3A89
:10DC500047B60CC9922889E6564C0004CE0E453AC8
:10DC600047B62C8992685A310104D0105542479624
:10DC7000EC4896D4B461C8B40004D10E4D42479626
:10DC8000EC6B326892A20404D21055424F29C9911C
:10DC90002CA969C390690104D30E4D424F29C9D7FD
:10DCA00064D024450904D4124D424FB244499444EF
:10DCB0008932255112250304D50C3542CF96244BC9
:10DCC00029E90204D60F55424796CCC3180E4918CD
:10DCD0000E0204D70F4D424796EC4B360C61962C42
:10DCE0000004D80E4D42CF9285E13064B664010441
:10DCF000D90D3542CF9285C390250B0004DA10551B
:10DD0000424F29C9972C1C864C4B160004DB0F4D43
:10DD1000424F29C9972C1C862C590004DC1055420F
:10DD20004F29899344A96CD952510A04DD0F4D4201
:10DD30004F29899344A94C4B452904DE0F55424F86
:10DD400029C9972C8C542D590004DF0E4D424F29C0
:10DD5000C9972C52B5640104E00D4D42C72066B549
:10DD600035D4920504E10D453AC7A0D5D6504B16DF
:10DD70000004E20D4D42C7A066D22599262D04E38A
:10DD80000D4542C7A066A62599B40004E40E55428D
:10DD90004F298933E9924C931604E50E4D424F29E1
:10DDA0008933D3924C5A0004E60D55424F29C99746
:10DDB000CC5BB20004E70D4D424F29C997CC2D59D9
:10DDC0000004E80F4D42CF926943A20C992D5900EF
:10DDD00004E90D3542CF920D893264C90204EA107C
:10DDE00055424F29C9976C489421D3920504EB10F2
:10DDF0004D424F29C9976C4894214B160004EC0EF4
:10DE000055424F2989D7CA1066C90404ED0E4D4208
:10DE10004F298987341AC3410104EE0E4D42C7A031
:10DE200066264509B5640104EF0E553AC7A0664E53
:10DE30008A126AC90204F00F55424F29893393A20E
:10DE4000845AB20004F10F5D3A4F298933274509FE
:10DE5000B5640104F20F55424F24C5994951422D32
:10DE6000590004F30F5D3A4F24C59993A2845AB226
:10DE70000004F40D55424F2989335B32840D04F5BB
:10DE80000D4D424F2989335B32840504F80E55420B
:10DE90004F2989336D48A4072504F90E4D424F29B7
:10DEA00089336D48A4831205000C4D4267CBA0B99D
:10DEB00025430005010BCC425FCB10392503050239
:10DEC000104D425758939228499444A92C000503B9
:10DED0000E4D4257D82625519228950505040E4D22
:10DEE000424F96846D51254AB20405050C35428790
:10DEF0001A6651254B0005060C5D3A8F546C52C3CF
:10DF00006A1805070C453AC71A466A98860105083B
:10DF1000134D428F94444994444994244AA2245274
:10DF20000205090F35428F94444994244A22250062
:10DF3000050A134D42471225511225D194244AA2B5
:10DF4000245202050B0F3542471225D194244A2250
:10DF50002500050C0D4D42CF92894D9B962C000556
:10DF60000D0C3542CF9289D1962C00050E0E4D42F4
:10DF7000C720855DA2244AB204050F0D3542C72093
:10DF8000859528C912000000D00F00004E10000037
:10DF9000DA0F00006A120000501200005012000058
:10DFA000621200006A1200006A120000000164148C
:10DFB00001060C4B00093D000004C8FA10080000DF
:10DFC0008000400047494E545F535441545F554EC2
:10DFD00052454143480D000047494E545F53544158
:10DFE000545F49505F434F4E464C490D00000000BE
:10DFF000504859204C696E6B205375636365737389
:10E000000D00000000C1814001C0804101C080417D
:10E0100000C1814001C0804100C1814000C18140F8
:10E0200001C0804101C0804100C1814000C18140E8
:10E0300001C0804100C1814001C0804101C08041D8
:10E0400000C1814001C0804100C1814000C18140C8
:10E0500001C0804100C1814001C0804101C08041B8
:10E0600000C1814000C1814001C0804101C08041A8
:10E0700000C1814001C0804100C1814000C1814098
:10E0800001C0804101C0804100C1814000C1814088
:10E0900001C0804100C1814001C0804101C0804178
:10E0A00000C1814000C1814001C0804101C0804168
:10E0B00000C1814001C0804100C1814000C1814058
:10E0C00001C0804100C1814001C0804101C0804148
:10E0D00000C1814001C0804100C1814000C1814038
:10E0E00001C0804101C0804100C1814000C1814028
:10E0F00001C0804100C1814001C0804101C0804118
:10E1000000C1814000C0C101C30302C2C60607C7E7
:10E1100005C5C404CC0C0DCD0FCFCE0E0ACACB0B57
:10E12000C90908C8D81819D91BDBDA1A1EDEDF1F87
:10E13000DD1D1CDC14D4D515D71716D6D21213D377
:10E1400011D1D010F03031F133F3F23236F6F73727
:10E15000F53534F43CFCFD3DFF3F3EFEFA3A3BFB17
:10E1600039F9F83828E8E929EB2B2AEAEE2E2FEFC7
:10E170002DEDEC2CE42425E527E7E62622E2E32337
:10E18000E12120E0A06061A163A3A26266A6A76767
:10E19000A56564A46CACAD6DAF6F6EAEAA6A6BABD7
:10E1A00069A9A86878B8B979BB7B7ABABE7E7FBF07
:10E1B0007DBDBC7CB47475B577B7B67672B2B373F7
:10E1C000B17170B0509091519353529296565797A7
:10E1D000559594549C5C5D9D5F9F9E5E5A9A9B5B97
:10E1E00099595898884849894B8B8A4A4E8E8F4F47
:10E1F0008D4D4C8C448485458747468682424383B7
:10E2000041818040654D425254555265636569763F
:10E2100065000000784D4252545552656365697639
:10E220006546534D00000000784D425254555472DB
:10E23000616E736D697446534D000000784D425213
:10E24000545554696D6572543335457870697265FB
:10E25000640000007573526376427566666572509D
:10E260006F73203C204D425F5345525F5044555FD1
:10E2700053495A455F4D4158000000002E2E2F6D26
:10E280006F646275732F7274752F6D627274752E60
:10E290006300000065536E645374617465203D3DF6
:10E2A0002053544154455F54585F49444C45000045
:10E2B0002820655263765374617465203D3D205378
:10E2C000544154455F52585F494E49542029207C9F
:10E2D0007C202820655263765374617465203D3D2F
:10E2E0002053544154455F52585F524356202920D1
:10E2F0007C7C202820655263765374617465203DD0
:10E300003D2053544154455F52585F4552524F523D
:10E3100020290000655263765374617465203D3D89
:10E320002053544154455F52585F49444C450000C6
:10E33000784D425574696C5365744269747300007A
:10E3400075634E42697473203C3D20380000000024
:10E350002E2E2F6D6F646275732F66756E637469F0
:10E360006F6E732F6D627574696C732E630000009D
:10E37000504F525420737461727420696E69740D29
:10E3800000000000504F52542044495341424C4534
:10E390000D000000504F5254206E6F742069746954
:10E3A000740D0000AC260000B8260000C226000054
:10E3B000CA260000D2260000DA260000E22600006D
:10E3C000EA260000F2260000FA26000002270000DC
:10E3D000AC2E0000AC2E0000BC2E0000F22E00007F
:10E3E000FA2E0000FE2E0000022F0000022F000077
:10E3F0006C2F00008A2F0000A42F00009E2F000029
:10E40000942F0000AA2F00007E2E0000C8310000CB
:10E41000E0310000F631000010320000D031000081
:10E42000D0310000D0310000D03100002632000091
:10E43000623200007A320000903200006A3200003E
:10E44000AA3200006A320000D4320000E632000036
:10E450006A3200006A320000BE3200003833000029
:10E460005433000076330000A2330000C6330000AE
:10E4700032340000523400004E330000000000002F
:10E4800081E4141B7EAED43F00005CC20000803BE0
:10E49000ABAAAAAAAAAA1E40000000400000804021
:10E4A000B4D934E70C684A3F6666666666661A4009
:10E4B0009A9999999999B93F000000000000244069
:10E4C000333333333333C33F486172644661756C11
:10E4D000745F48616E646C65720D00006D657063F9
:10E4E00020203A253038780D0A0000006D636175F0
:10E4F00073653A253038780D0A000000202020206E
:10E50000203A253038780D0A000000000A3A000051
:10E510003E3A00005C3A00006C3A00007C3A000091
:10E52000000000000020AC40454550524F4D77742C
:10E530006979650D000000009A410000B4410000B7
:10E54000B8410000BC410000C0410000E0410000B3
:10E55000F4410000FA410000FE41000002420000C8
:10E560000642000053797374656D20737461727490
:10E570002025690D0A0000005E4600007E4700006D
:10E580007E47000088470000A8470000A847000019
:10E59000AE470000D2470000DC47000056470000AD
:10E5A00062470000764700006C4700005C470000AF
:10E5B0007E4700005C4700007E4700007E47000069
:10E5C0007E4700007E4700007E4700007E47000037
:10E5D0007E4700007E4700007E4700007E47000027
:10E5E0007E4700007E470000E24700005C470000D5
:10E5F0002C460000424600002C4700004246000026
:10E600002C470000424600002C4700005C470000F9
:10E610005C4700005C4700004246000042460000A4
:10E6200042460000424600004246000042460000CA
:10E6300042460000424600004246000042460000BA
:10E6400042460000424600004246000042460000AA
:10E65000424600004246000042460000424600009A
:10E66000424600004E47000042480000424600007B
:10E67000424800004246000042480000804A000034
:10E68000804A0000804A0000804A00002C480000B8
:10E69000624A0000384800002C480000304A000060
:10E6A00042460000A248000042460000A248000086
:10E6B00042460000A248000042460000A248000076
:10E6C00042460000A2480000424600008C4800007C
:10E6D00042460000A64800004A4A000042460000A8
:10E6E000C249000042460000C24900004246000004
:10E6F000C249000042460000C249000042460000F4
:10E70000C249000042460000A24800004246000004
:10E71000504900007A4A00007A4A00007E4A000010
:10E720007A4A00000E4A00007A4A00004246000081
:10E73000BA480000424600000E4900004246000070
:10E740000E490000424600000E490000424600000B
:10E750000E490000424600000E49000042460000FB
:10E76000BA48000042460000BA4800004246000095
:10E77000BA480000424600000E4900004246000030
:10E780000E490000424600000E49000042460000CB
:10E79000144A000042460000A24800004246000021
:10E7A000A24800007A4A0000B44C0000E24B00008E
:10E7B000FC4B0000F64B0000B44C000008000000C9
:10E7C00009000000000000000C0000000B00000029
:10E7D000010000000300000004000000050000002C
:10E7E0000600000007000000020000000A00000010
:10E7F000D700C800E900EB00EA00E7000501E600E9
:10E8000004010A0169005B005B00330033002F0044
:10E810002F003B003B0037003700000000000000E5
:10E820000000B600AE00AE00B200B200AA00AA001E
:10E83000C000C000C400C400A000A000B800B80020
:10E840006C0068006E006D00D900670070007000F9
:10E8500074007400800080008400840090009000A8
:10E860009400940078007800880088009800980050
:10E870007C007C008C008C009C009C00B7006A002F
:10E880005F005F00A400A4006B0000000000060011
:10E890000800000000000000000000000000090067
:10E8A0000A000B000C000D0007000F0013001400FD
:10E8B000150016001700180019001A001B001C0094
:10E8C0001D001E0020001F000000000000000100CD
:10E8D0000100020002001000110012002B002B00AA
:10E8E0002700270057005700C800CA0063006500D2
:10E8F000D7000E00D500D60000000000636F6E74D4
:10E90000726F6C2025690D0A000000001D000900CF
:10E910000A000B000C00010002000E000F000D00A9
:10E920002500260027000000EC00EE00F000F200B9
:10E93000F400F600F800FA00FC00FE0000010201FD
:10E94000E4000000CB00CD00C900CF00D1000601DB
:10E95000D800DA00DC00DE00E0000000000020410A
:10E96000000000000000594000007A449A3F1CC695
:10E970009A3F1C460000C8420000C8C200401C4527
:10E9800000401CC50000000033333333F387C3C09D
:10E9900033333333F387C340CC550000C8550000F0
:10E9A000C4550000C0550000845500003E570000CB
:10E9B000A6560000DC560000BA560000C4560000FF
:10E9C000F6560000085700007C580000B4570000BD
:10E9D000D2570000C2570000C8570000FA57000085
:10E9E0001C580000425A0000F65800004059000030
:10E9F0001A5900001E59000074590000A059000067
:10EA0000DA5A0000E25B00000E5B00001E5B0000B3
:10EA1000F25A0000145B00004E5B0000765B0000C1
:10EA2000905C0000A65C0000AA5C0000AE5C0000E8
:10EA3000B25C0000EE5C0000F85C0000045D0000C9
:10EA4000105D0000285D00001C5D00003C5D0000C2
:10EA5000465D0000565D0000665D0000765D0000CA
:10EA60002A5E00002A5E00008C5E0000AA5E0000A4
:10EA7000BA5E0000E45E0000EE5E00000A5F000087
:10EA80002C5F0000425F0000246100001C61000058
:10EA900060600000765F00005E5F00003E60000086
:10EAA0002E610000726000008C5F0000D05F0000EB
:10EAB000CA5F000066600000E8640000E8640000CF
:10EAC000E8640000E8640000E8640000BE6500003F
:10EAD000DE620000526600008C66000036660000B0
:10EAE0008C660000DE6200008C6600008C66000010
:10EAF000366600008C660000DE6200008C66000056
:10EB00008C660000366600008C66000072630000B0
:10EB1000A063000026640000F46300005A63000054
:10EB2000286300005A640000606200007A640000FC
:10EB3000FE650000FE650000FE650000FE65000049
:10EB4000E461000028630000B86100001662000064
:10EB5000BA620000DE620000BE650000FE650000D3
:10EB6000FE6500006268000046670000566800000D
:10EB70001C6800007C67000098670000B267000016
:10EB8000CA670000FE6600005C670000C068000005
:10EB9000906800007E68000084690000046900003D
:10EBA0000469000038690000386900004E6A0000FE
:10EBB0007E6A0000706C00005E6D0000546D000005
:10EBC000386D00009E6C0000DC6A0000A06A000046
:10EBD000F06F00009E6C0000E66E0000E66E000024
:10EBE000DC6A0000DC6A00000E700000B46B0000FC
:10EBF000B26A0000426C00002A6C00002A6C00001F
:10EC0000FA6B0000FA6B0000066D00009E6C0000BD
:10EC1000E66E0000246B0000486B00007E6F000071
:10EC2000BA6F0000E66E00006C6D0000786E0000A8
:10EC3000A26D0000B66D0000E2690000A86D000042
:10EC4000E66D00000A6E0000F4F0010008F101001A
:10EC500020F10100A4EF0100A8EF0100B4EF0100D2
:10EC6000C8EF0100D8EF0100F0EF010000F0010053
:10EC70001CF0010030EE010038EE010048EE01000A
:10EC8000040000000700000008000000020000006F
:10EC900030F1010038F1010040F1010058EE0100AF
:10ECA00068EF0100A4EE0100C8EE010044EF01008E
:10ECB0002CF0010030F0010048F0010064F0010088
:10ECC00028040200E4F00100ECF00100AE00B20004
:10ECD000AA00C000C400A0001000700074007800FA
:10ECE0007C0011008000840088008C0012009000DD
:10ECF000940098009C0067006900680068006C0040
:10ED00006E006D006A00B8003B00370033002F0032
:10ED1000A800A9006B00B600B7001000A4005F00B7
:10ED20005B0000000E00C800CA0063006500000020
:10ED3000050001000000000000000A0013000700A9
:10ED4000060000001B000A0009000D000F001F0054
:10ED5000570008000000000001002B0027002000E1
:10ED600017000B0000000000000000000C00000075
:10ED700090FF01006CFF010024FF010048F1010039
:10ED80004CF1010050F1010054F1010058F1010073
:10ED90005CF1010060F1010090FF0100E0F0010072
:10EDA0005CF4010090FF01006CFF010024FF0100F2
:10EDB00084F001008CF0010094F0010058EE010095
:10EDC0007CEE0100A4EE0100C8EE010044EF01005A
:10EDD000C4060200C4060200C406020058EE010088
:10EDE0007CEE0100A4EE0100C8EE0100ECEE010093
:10EDF000F4EE01000CEF010028EF0100010000001B
:10EE00000A00000064000000E803000017B7D138D2
:10EE10006F12833A0AD7233CCDCCCC3D0000803F13
:10EE2000000020410000C84200007A4400401C4617
:10EE3000D092D0A0000000003120D0BAD0B0D0BD18
:10EE4000D0B0D0BB000000003220D0BAD0B0D0BDCE
:10EE5000D0B0D0BBD0B000004845504120D0A4D0A5
:10EE6000B8D0BBD18CD182D18020D0B7D0B0D181E5
:10EE7000D0BED180D0B5D0BD00000000D09DD0B5AF
:10EE8000D0B2D0BED0B72E20D0BFD0BED0B4D0B478
:10EE9000D0B5D1802E20D183D181D182D0B0D0B253
:10EEA00021000000D09DD0B8D0B7D0BAD0BED0B528
:10EEB00020D0BDD0B0D0BFD180D18FD0B6D0B5D00A
:10EEC000BDD0B8D0B5000000D092D18BD181D0BEDA
:10EED000D0BAD0BED0B520D0BDD0B0D0BFD180D1B7
:10EEE0008FD0B6D0B5D0BDD0B8D0B50044696E7063
:10EEF00075740000D09DD0B5D181D0BFD18020D015
:10EF0000BAD0B0D0BDD0B0D0BB203100D09DD0B5EC
:10EF1000D0B8D181D0BFD18020D0BAD0B0D0BDD0B0
:10EF2000B0D0BB2032000000D09DD0B5D0B8D18188
:10EF3000D0BF2E20D0B4D0B0D182D187D0B8D0BA33
:10EF4000D0B00000D097D0B0D181D0BED180D0B5A4
:10EF5000D0BD20D0BFD180D0B5D0B4D184D0B8D06E
:10EF6000BBD18CD182D18000D09DD0B5D0B2D0BEE3
:10EF7000D0B7D0BCD0BED0B6D0BDD0BE000000004F
:10EF8000312028D09ED181D0BDD0BED0B2D0BDD04E
:10EF9000BED0B92900000000322028D094D0BED0C5
:10EFA000BF2E290056415600436F6E7374204C30BB
:10EFB0002C320000564156202B20436F6E73742074
:10EFC0004C302C3200000000D097D0B0D0BAD180A5
:10EFD000D18BD182D0BE0000D09CD0B8D0BDD0B8EB
:10EFE000D0BCD0B0D0BBD18CD0BDD0B0D18F0000C0
:10EFF000D0A1D180D0B5D0B4D0BDD18FD18F0000F9
:10F00000D09CD0B0D0BAD181D0B8D0BCD0B0D0BB19
:10F01000D18CD0BDD0B0D18F00000000D09ED18265
:10F02000D0BAD180D18BD182D0BE000043415600EE
:10F0300056415620D09FD0B0D181D181D0B8D0B226
:10F040002E20D0A20000000056415620D09AD0BEFB
:10F05000D0BCD0BD2E20D0BAD0BED0BDD182D18000
:10F060002E00000056415620D09FD180D0B5D0BE92
:10F07000D0B1D1802E20D0A22CD0A1D09E322CD0C5
:10F080009D000000302D313020D09200322D3130E3
:10F0900020D09200342D323020D0BC41000000003E
:10F0A000D092D18BD0BAD0BB00000000D092D0BAA1
:10F0B000D0BB0000D0A0D0B5D0B6D0B8D0BC20D046
:10F0C000A4D09CD0A7000000D0A0D0B5D0B6D0B8B6
:10F0D000D0BC204341562F5641562D4250000000CF
:10F0E00070706D00D0BC2F6320000000D09FD0B0A6
:10F0F00020000000D09ED182D0BED0BFD0BBD0B502
:10F10000D0BDD0B8D0B50000D09ED185D0BBD0B096
:10F11000D0B6D0B4D0B5D0BDD0B8D0B500000000C6
:10F12000D090D0B2D182D0BED0BCD0B0D1820000BD
:10F13000444970757400000052532D343835000076
:10F140005443502049500000302E3100302E3500FD
:10F15000312E3000322E3000332E3000352E30006C
:10F1600031302E30000000005CFF79C4252B303890
:10F170002E326600256920D09FD0B00025782578F2
:10F18000257825782578257800000000D09ED1814B
:10F19000D182D0B0D0BDD0BED0B2D0BBD0B5D0BD62
:10F1A00000000000D09AD0B0D0BBD0B8D0B1D18090
:10F1B000D0BED0B2D0BAD0B000000000D0A0D0B045
:10F1C000D0B1D0BED182D0B000000000253033696C
:10F1D0002E253033692E253033692E2530336900D2
:10F1E000256920D092000000D0A1D182D0B0D1807A
:10F1F000D1823F00D097D0B0D0B1D0BBD0BED0BA72
:10F200000000000020202020D09FD0B5D180D0B5B4
:10F21000D0B7D0B0D0B3D180D183D0B7D0B8D1825D
:10F22000D18C3F2020202000253030303030306914
:10F2300020D187D0B0D181D0BED0B2202530306966
:10F2400020D0BCD0B8D0BDD183D18200206B6579ED
:10F2500020646F776E0D0000F0FF79445CFF794405
:10F26000E7FB1F412530372E3366000025322E3153
:10F27000662043002530322E316620430000000016
:10F28000253034692070706D00000000253033692E
:10F2900020252500D0A4D0B0D0BAD1820000000033
:10F2A000D09ED182D0BAD1802E000000D097D0B0AD
:10F2B000D0BAD1802E0000002530362E31662025B0
:10F2C0007300000025362E316620257300000000F3
:10F2D000D09ED182D0BCD0B5D0BDD0B8D182D18C97
:10F2E00020D0BAD0B0D0BBD0B8D0B1D0BED180D0B1
:10F2F000B2D0BAD1833F0000D09AD0B0D0BBD0B842
:10F30000D0B1D180D0BED0B2D0BAD0B02E2E2E0087
:10F31000D09ED182D0BAD0B0D0BBD0B8D0B1D1803D
:10F32000D0BED0B2D0B0D182D18C20303F0000000E
:10F330002530336900000000253169002530372E63
:10F3400032660000252B30362E316600252B3037F3
:10F350002E3166002530362E3166000025362E34DB
:10F36000660000002530352E316600002020202068
:10F3700020D0A1D0B1D180D0BED181D0B8D182D19E
:10F380008C20D0B6D183D180D0BDD0B0D0BB3F20AF
:10F39000202000002530346920D0BC5E332FD18777
:10F3A000000000002D2D2D2D20D0BC5E332FD187E5
:10F3B00000000000253032692E253032692E2530BC
:10F3C00032690000D0B1D0BED0BBD0B5D0B52039A5
:10F3D00030250000D181D0B5D182D0B8203C202585
:10F3E0006920D09200000000D181D0B5D182D0B880
:10F3F000203E20256920D09200000000D0BFD0BE62
:10F40000D0B4D0B4D0B5D180D0B6D0B8D0B2D0B00E
:10F41000D182D18C20D183D181D182D0B0D0B2D051
:10F42000BAD1830030302F303000000025303269EF
:10F430002F253032690000002569204300000000BC
:10F440002530336920D09FD0B00000002D2D2D2015
:10F45000D09FD0B0000000002569202525000000C5
:10F46000253034690000000025692F25690000005F
:10F47000D09FD180D0B8D0BED180D0B8D182D0B505
:10F48000D18220D180D0B5D0B32E3A00D09FD18088
:10F49000D0B8D0BED1802E20D180D0B5D0B3D1830A
:10F4A000D0BB2E00D0A2D0B8D0BF20D0B4D0B0D125
:10F4B00082D187D0B8D0BAD0B02E3A002530326988
:10F4C0003A253032693A253032690000000F0C00CD
:10F4D0000100000038FE01007A000000000219005F
:10F4E0000000000070FF010000000000000225463F
:10F4F0000200000028FF010038000000004625003F
:10F500000200000030FF010039000000000232005C
:10F51000020000005CFE01003700000001023E0016
:10F520000200000038FF01003A000000000F0C004C
:10F530000100000038FE01007B00000000021900FD
:10F54000000000004CFF0100000000000002254602
:10F550000200000028FF01003D00000000462500D9
:10F560000200000030FF01003E00000000023200F7
:10F57000020000005CFE01003C00000001023E00B1
:10F580000200000038FF01003F000000000F0C00E7
:10F590000100000038FE01007C000000000219009C
:10F5A0000000000004FF01000000000000022546EA
:10F5B0000200000028FF0100420000000046250074
:10F5C0000200000030FF0100430000000002320092
:10F5D000020000005CFE01004100000001023E004C
:10F5E0000200000038FF010044000000000F0C0082
:10F5F0000100000038FE01007D000000000219003B
:10F6000000000000A8FE010000000000000225002C
:10F6100002000000C8FE01003B00000000023200B2
:10F6200002000000DCFE01004000000001023E007C
:10F6300002000000F0FE010045000000000F0C0079
:10F64000010000000CFD010077000000000219001D
:10F650000200000068FD01005400000001022500C6
:10F660000200000080FD010053000000000F0C00AC
:10F67000010000000CFD01007800000000021900EC
:10F680000000000094FD01000000000000022500C1
:10F6900001000000ACFD01005F000000000232002C
:10F6A00002000000BCFD01005C00000001023E0001
:10F6B00002000000CCFD01005D000000000F0C0006
:10F6C000010000000CFD010077000000000219009D
:10F6D0000000000094FD0100000000000002250071
:10F6E00000000000DCFD010000000000000232000C
:10F6F00002000000BCFD01004F00000001023E00BE
:10F7000002000000CCFD010050000000000F0C00C2
:10F71000010000000CFD01007E0000000002190045
:10F720000000000020FD0100000000000002250094
:10F730000100000048FD010013000000000232003B
:10F740000100000058FD01001400000001023E000D
:10F7500002000000C40602006C00000000000C0063
:10F760000100000050050200020000000000190026
:10F770000100000038F9010025000000000025000C
:10F7800001000000640502002D00000000003200AE
:10F7900001000000A80202002E0000000000322834
:10F7A00001000000C40602002F00000001003E001E
:10F7B00001000000A8FC01003000000000020C0065
:10F7C0000100000088FC01001A000000000219007E
:10F7D00001000000C40602001B000000000232000D
:10F7E00000000000340502000000000001023E009D
:10F7F00001000000200202002600000000020C00B0
:10F800000100000088FC01001A000000000219003D
:10F8100001000000C40602001B00000000022500D9
:10F8200001000000A8FC01004700000001023200B6
:10F8300001000000B4FC01000500000000020C0003
:10F84000010000002805020003000000000219006A
:10F8500001000000840202000400000000022500F4
:10F8600001000000840402000800000000023200D1
:10F8700001000000C00402000700000001023E0079
:10F8800001000000C40602000600000000020C0097
:10F8900001000000F404020024000000000219002E
:10F8A0000100000010050200120000000002250007
:10F8B0000100000038FC01000500000000023200D9
:10F8C00000000000140502000000000001023E05D7
:10F8D00001000000C40602000900000000020C0044
:10F8E0000100000040010200270000000002190092
:10F8F0000100000060010200290000000002250054
:10F90000010000006C01020028000000000232002B
:10F9100001000000C40602002A00000001023E00AF
:10F9200001000000C40602002B000000D09A2ED077
:10F930009F2ED0A100000000D0A3D181D182D0B0F1
:10F94000D0B2D0BAD0B0000000020C00010000001C
:10F9500050FC0100600000000002190001000000DE
:10F9600060FC0100610000000002250001000000B1
:10F9700070FC010062000000000232000100000083
:10F9800078FC01006300000001023E00010000005D
:10F9900080FC010064000000000F0C00010000006A
:10F9A00094FF01006E000000000219000200000038
:10F9B00044F10100060000000002250002000000E2
:10F9C0006004020017000000000232000200000084
:10F9D0006C0402001800000001023E00020000005A
:10F9E000780402000A000000000F0C000000000074
:10F9F000F0030200000000000002190000000000F7
:10FA000010040200000000000002250002000000B7
:10FA10003004020022000000000232000200000058
:10FA2000480402002300000001023E000200000022
:10FA30002CF9010010000000000F0C000000000075
:10FA40008403020000000000000219000000000012
:10FA5000A4030200000000000002251402000000C0
:10FA6000C406020020000000007325000000000012
:10FA700050F401000000000000023200000000000D
:10FA8000C80302000000000000733E0000000000F8
:10FA900050F401000000000001023E1402000000CA
:10FAA000C406020021000000000F0C00010000004D
:10FAB00094FF010073000000000219000200000022
:10FAC000140302000C0000000002250002000000E8
:10FAD000300302000B0000000002320002000000B0
:10FAE0004C0302001900000001023E000200000069
:10FAF000680302001E000000000F0C000000000060
:10FB0000D8020200000000000002190000000000FE
:10FB100094FD01000000000000022500020000002A
:10FB2000BCFD0100150000000002320002000000D0
:10FB3000CCFD01001600000001023E0002000000A2
:10FB4000F80202000F000000000F0C00010000008E
:10FB50000CFD01007E000000000219000000000002
:10FB600020FD01000000000000022500010000004F
:10FB700090020200130000000002320001000000A9
:10FB8000A80202001400000001023E000200000072
:10FB9000B80202001C000000000F0C000000000072
:10FBA0003002020000000000000219000200000004
:10FBB000500202000D0000000002250002000000BB
:10FBC0006C0202001F000000000232000200000070
:10FBD000600102000300000001023E00020000007C
:10FBE0008402020004000000000F0C00000000006E
:10FBF000B80102000000000000021900000000002F
:10FC0000D8010200000000000002250000000000F2
:10FC100000020200000000000002320001000000AB
:10FC2000200202002600000001023E000200000047
:10FC3000C40602002C000000D09DD0B0D0BFD180FF
:10FC4000D18FD0B6D0B5D0BDD0B8D0B500000000AF
:10FC5000D0A220D0BFD0B0D181D1812E20310000E0
:10FC6000D0A220D0BFD0B0D181D1812E20320000CF
:10FC7000542C414931000000434F322C414932009D
:10FC8000482C414933000000D0A2D0B5D0BAD1836E
:10FC9000D189D0B8D18520D0B0D0B2D0B0D180D069
:10FCA000B8D0B93A00000000D0A0D0B5D0B6D0B8D6
:10FCB000D0BC0000D09DD0B0D0BFD180D18FD0B605
:10FCC000D0B5D0BDD0B8D0B500000000D0A2D0B81B
:10FCD000D0BF20D183D181D182D180D0BED0B9D143
:10FCE00081D182D0B2D0B03A00000000D0A2D0B50D
:10FCF000D181D182D0BED0B2D18BD0B920D180D029
:10FD0000B5D0B6D0B8D0BC3A00000000D09DD0B07D
:10FD1000D181D182D180D0BED0B9D0BAD0B80000C4
:10FD2000D0A2D0B5D0BAD183D189D0B8D0B920D0A3
:10FD3000BFD0B5D180D0B5D0BFD0B0D0B420D0B472
:10FD4000D0B0D0B2D0BB2E00D09AD0B0D0BDD0B001
:10FD5000D0BB203100000000D09AD0B0D0BDD0B0D0
:10FD6000D0BB203200000000D0A2D0B8D0BFD0BE9F
:10FD7000D180D0B0D0B7D0BCD0B5D18000000000C9
:10FD8000D0A2D0B8D0BF20D180D0B5D0B3D183D04D
:10FD9000BB2E0000D09FD09820D180D0B5D0B3D159
:10FDA00083D0BBD18FD182D0BED18000D09AD0B0C9
:10FDB000D0BDD0B0D0BBD0B020000000D09AD0BE13
:10FDC000D18DD1842E20D09F00000000D09AD0BECB
:10FDD000D18DD1842E20D09800000000D092D0B5D3
:10FDE000D0B4D0BED0BCD18BD0B920D0BAD0B0D096
:10FDF000BDD0B0D0BB20322E00000000D09FD098E4
:10FE000020D180D0B5D0B3D183D0BBD18FD182D017
:10FE1000BED1802000000000D092D0B5D0B4D183F4
:10FE2000D189D0B8D0B920D0BAD0B0D0BDD0B0D060
:10FE3000BB20312E00000000D09DD0B0D181D182F6
:10FE4000D180D0BED0B9D0BAD0B820202020200098
:10FE5000D09AD0B0D0BDD0B0D0BB0000D0A2D0B826
:10FE6000D0BF0000D09FD0BED181D0B5D0B7D0BE1A
:10FE7000D0BDD0BDD0BED0B520D180D0B5D0B3D10B
:10FE800083D0BBD0B8D1802E00000000D0A3D18198
:10FE9000D182D0B0D0B2D0BAD0B020D0B4D0B0D10E
:10FEA000822E205420000000D0A3D181D182D0B076
:10FEB000D0B2D0BAD0B820D0B4D0B0D182D187D00F
:10FEC000B8D0BAD0BED0B200D0A3D181D182D0B048
:10FED000D0B2D0BAD0B0205400000000D0A3D1815D
:10FEE000D182D0B0D0B2D0BAD0B020434F320000CF
:10FEF000D0A3D181D182D0B0D0B2D0BAD0B0204876
:10FF000000000000D094D0B8D0B0D0BFD0B0D0B7EF
:10FF1000D0BED0BD20D0B4D0B0D182D187D0B8D09F
:10FF2000BAD0B02048000000D0BED182000000004E
:10FF3000D0B4D0BE00000000D0A1D0BCD0B5D189D3
:10FF4000D0B5D0BDD0B8D0B500000000D094D0B8A6
:10FF5000D0B0D0BFD0B0D0B7D0BED0BD20D0B4D0FC
:10FF6000B0D182D187D0B8D0BAD0B020434F3200C0
:10FF7000D094D0B8D0B0D0BFD0B0D0B7D0BED0BD64
:10FF800020D0B4D0B0D182D187D0B8D0BAD0B020F0
:10FF900054000000D09DD0B0D181D182D180D0BE9C
:10FFA000D0B9D0BAD0B820202020202000000000F6
:10FFB000D090D0B2D182D0BE20D0BAD0BED180D124
:10FFC000802E3020D1872E00D0A3D0B1D0BED180DA
:10FFD000D0BAD0B020284449342920D0BCD0B8D0E1
:10FFE000BD000000D09AD0B0D0BBD0B8D0B1D18085
:10FFF0002E20302C20D1812E3A000000D092D180CA
:020000022000DC
:10000000D0B5D0BCD18F20D183D181D180D0B5D013
:10001000B42E20D1812E0000D09A2ED09F2ED0A1B8
:1000200020D0BAD0B0D0BDD0B0D0BB2031000000BD
:100030004620D0BAD0B0D0BD2E20312C20D0BC5E0E
:1000400032000000D09A2ED09F2ED0A120D0BAD05E
:10005000B0D0BDD0B0D0BB20320000004620D0BA16
:10006000D0B0D0BD2E20322C20D0BC5E320000009B
:10007000D090D0B2D0B0D180D0B8D0B9D0BDD0B0AF
:10008000D18F20D183D181D182D0B0D0B2D0BAD09B
:10009000B0000000D0A1D0BCD0B5D1892032000082
:1000A000D0A3D181D182D0B0D0B2D0BAD0B8000024
:1000B000D09CD0B8D0BD2E00D09CD0B0D0BAD181C9
:1000C0002E000000D0A1D180D0B5D0B42E00000009
:1000D000D095D0B4D0B8D0BDD0B8D186D18B20D0F7
:1000E000B8D0B7D0BCD0B5D180D0B5D0BDD0B8D104
:1000F0008F000000D0A3D181D182D0B0D0B2D0BACD
:10010000D0B00000D0A2D0B8D0BFD0BED180D0B087
:10011000D0B7D0BCD0B5D18020D092D0A000000004
:10012000D0A3D181D1822E20D0BA2031000000008E
:10013000D0A3D181D1822E20D0BA2032000000007D
:10014000D097D0B0D0BFD0B8D181D18C20D0B6D18B
:1001500083D180D0BDD0B0D0BBD0B03A0000000079
:10016000D094D0B0D182D0B03A000000D092D180EB
:10017000D0B5D0BCD18F3A002020D094D0BBD18F45
:1001800020D0BFD0B5D180D0B5D0B7D0B0D0B3D10A
:1001900080D183D0B7D0BAD0B82000002020202052
:1001A000D0BDD0B0D0B6D0BCD0B8D182D0B520D0E0
:1001B00092D092D09ED09400D09DD0B0D181D182E7
:1001C000D180D0BED0B9D0BAD0B8202020202020F5
:1001D000392F3130000000002020D094D0BBD18FC7
:1001E00020D181D0B1D180D0BED181D0B020D0B6C5
:1001F000D183D180D0BDD0B0D0BBD0B00000000042
:10020000202020202020D0BDD0B0D0B6D0BCD0B887
:10021000D182D0B520D092D092D09ED09400000050
:10022000D097D0B0D0BFD0B8D181D0B5D0B93A0036
:10023000D09DD0B0D181D182D180D0BED0B9D0BA3A
:10024000D0B8202020202020382F3130000000009E
:10025000D09AD0BED0BDD182D180D0B0D181D18250
:10026000D0BDD0BED181D182D18C0000D09ED181B1
:10027000D1822E20D0B2D0B5D0BDD18220D1812E56
:1002800000000000D092D180D0B5D0BCD18F00004A
:10029000D092D0B5D0BDD182D0B8D0BBD18FD182D1
:1002A000D0BED18000000000D0A4D0B8D0BBD18C8B
:1002B000D182D18000000000D09ED182D0BAD0B0CF
:1002C000D0BBD0B8D0B1D180D0BED0B2D0B0D18266
:1002D000D18C203000000000D09DD0B0D181D182DF
:1002E000D180D0BED0B9D0BAD0B8202020202020D4
:1002F000362F313000000000D092D180D0B5D0BC74
:10030000D18F20D183D181D180D0B5D0B42E20D14E
:1003100081000000D09DD0B0D0BFD180D18FD0B6A9
:10032000D0B5D0BDD0B8D0B5206D696E000000004A
:10033000D0A1D0B1D180D0BED18120D0B0D0B2D0A8
:10034000B0D180D0B8D0B8206D696E00D09DD0B04B
:10035000D0BFD180D18FD0B6D0B5D0BDD0B8D0B5B8
:10036000206D61780000000043D0B1D180D0BED1B3
:100370008120D0B0D0B2D0B0D180D0B8206D61781B
:1003800000000000D09DD0B0D181D182D180D0BEFC
:10039000D0B9D0BAD0B8202020202020342F31303E
:1003A00000000000D09DD0B0D1872E20D181D0BEDA
:1003B000D0BFD1802E20D184D0B8D0BBD18CD182F7
:1003C000D180D0B000000000D09AD0BED0BDD0B552
:1003D000D1872E20D181D0BED0BFD1802E20D18414
:1003E000D0B8D0BBD18CD182D180D0B00000000079
:1003F000D09DD0B0D181D182D180D0BED0B9D0BA79
:10040000D0B8202020202020332F313000000000E1
:10041000D0A3D181D182D0B0D0B2D0BAD0B820D1BF
:1004200080D0B5D0B62E2020D0BC5E332FD187002F
:10043000D0A0D0B5D0B6D0B8D0BC20312028D09E26
:10044000D181D0BD2E290000D0A0D0B5D0B6D0B873
:10045000D0BC20322028D094D0BED0BF2E2900009E
:10046000495020D09FD0BED180D18200D0A8D0BB2F
:10047000D18ED0B700000000D09CD0B0D181D0BACE
:10048000D0B00000D0A0D0B5D0B6D0B8D0BC20D16C
:1004900083D0BFD180D0B0D0B2D0BB2E000000003E
:1004A000D09FD180D0BED182D0BED0BAD0BED0BB7A
:1004B00020D181D0B2D18FD0B7D0B82E00000000AB
:1004C000D090D0B4D180D0B5D181204D6F64427529
:1004D00073000000D0A2D0B0D0B9D0BCD0B0D183CE
:1004E000D18220D181D0B2D18FD0B7D0B800000056
:1004F000632E0000D0A2D0B5D0BCD0BF2E20D0B289
:10050000D0BED0B7D0B4D183D185D0B00000000028
:100510004D414300D09CD0BED182D0BED187D0B057
:10052000D181D18B00000000D094D0B0D182D0B066
:1005300000000000D096D183D180D0BD61D0BB2017
:10054000D0B0D0B2D0B0D180D0B8D0B900000000C7
:10055000D0A1D0BED181D182D0BED18FD0BDD0B8F4
:10056000D0B50000D0A4D0B0D0BAD1822E20D18096
:10057000D0B0D181D1852E0000007F43436F6E66DD
:10058000696700004932430053657269616C00007D
:100590004C434400414443004D505443500000003C
:1005A00075736572000000004B4559424F4152443B
:1005B000000000004465665461736B0000009040C9
:1005C00000002042000000000000000000FEAF40DC
:1005D000D0A0D0B5D0B6D0B8D0BC20D0BED0BDD081
:1005E000B1D0BED0BDD0B2D0BBD0B5D0BDD0B8D1C7
:1005F0008F20D0BAD0BED0BDD184D0B8D0B3D183F3
:10060000D180D0B0D186D0B8D0B80000D092D0B5CB
:10061000D180D181D0B8D18F20D09FD09E202530DD
:1006200032692E253032692E2530326900000000F3
:1006300094840000CA8400003E850000CA84000043
:100640002A860000D0840000F88400006087000043
:100650006C8700007C870000708700007C870000AA
:100660007C8700007C870000748700007C87000086
:100670007C8700007C8700007C8700007C8700006E
:100680007C8700007C87000078870000DE890000FE
:10069000EE890000F2890000EE8900007C8B0000EA
:1006A000EE8900002A8B0000EE8900009E8B00007E
:1006B00000401C466463686572720D002569202045
:1006C00025690D0A0000000000001841000000002C
:1006D0007B14AE47E17A943F000000000000004028
:1006E000000000000000C03F0000000000001040BB
:1006F0000000000000003240000000000100010086
:1007000002000000040004001C002000B4002400CB
:100710001400200010000006737461727420776961
:10072000636831320D00000038B6000042B60000A8
:100730006EB60000A8B60000ACB60000B8B6000067
:1007400068B600005CB6000086B6000050B6000037
:10075000000102030405060708090A0B0C0D0E0F21
:10076000101100001F1C1F1E1F1E1F1F1E1F1E1FFB
:1007700052544320494E49540D0000000008000027
:100780000000100000001000000010000000100029
:100790000000100000001000002000000000080011
:1007A000002C014000000040000400400008004010
:1007B000000C0040001000400014004000340140D4
:1007C000004C01402E2E2F4672656552544F532F18
:1007D000706F727461626C652F4D656D4D616E67EF
:1007E0002F686561705F342E6300000065727220AF
:1007F0006174206C696E65202564206F66206669CF
:100800006C6520222573222E200D0A200000000096
:100810002E2E2F4672656552544F532F706F72748F
:1008200061626C652F4743432F524953432D562F26
:10083000706F72742E6300002E2E2F467265655203
:10084000544F532F6576656E745F67726F75707362
:100850002E6300002E2E2F4672656552544F532F83
:1008600071756575652E6300EAFB0000E0FB000012
:1008700000FC000012FC00000CFC00009AFD0000CF
:1008800090FD0000AEFD0000C0FD0000BAFD0000BC
:100890002E2E2F4672656552544F532F7461736B21
:1008A000732E630049444C45000000003A020100E9
:1008B0003A0201007E0201008A020100CE0201001C
:1008C0003A0201003A0201007E0201008A020100A0
:1008D000546D7251000000002E2E2F467265655235
:1008E000544F532F74696D6572732E6300000000BE
:1008F000546D7220537663007371727400000000AF
:10090000001112131415161718191A1B1C1D1E1F7F
:10091000C0430100064401002044010030440100AE
:10092000304401001C4401001C4401003E4401000D
:100930000102030405060707070707070700000071
:100940003E5801004C590100385A0100405A01003C
:10095000E65A0100385A01002C5B0100685B010077
:10096000F475FFFF7874FFFF8875FFFF9075FFFF38
:100970008875FFFFA874FFFF8875FFFF9075FFFF64
:100980007874FFFF7874FFFFA874FFFF9075FFFF76
:10099000EA75FFFFEA75FFFFEA75FFFFA874FFFF26
:1009A0009A7CFFFF8C7BFFFF8C7BFFFF8A7BFFFF26
:1009B000927BFFFF927BFFFF587BFFFF8A7BFFFF4D
:1009C000927BFFFF587BFFFF927BFFFF8A7BFFFF3D
:1009D000867CFFFF867CFFFF867CFFFF587BFFFF46
:1009E00000010202030303030404040404040404D6
:1009F00005050505050505050505050505050505A7
:100A00000606060606060606060606060606060686
:100A10000606060606060606060606060606060676
:100A20000707070707070707070707070707070756
:100A30000707070707070707070707070707070746
:100A40000707070707070707070707070707070736
:100A50000707070707070707070707070707070726
:100A60000808080808080808080808080808080806
:100A700008080808080808080808080808080808F6
:100A800008080808080808080808080808080808E6
:100A900008080808080808080808080808080808D6
:100AA00008080808080808080808080808080808C6
:100AB00008080808080808080808080808080808B6
:100AC00008080808080808080808080808080808A6
:100AD0000808080808080808080808080808080896
:100AE0002C2066756E6374696F6E3A2000000000FA
:100AF000617373657274696F6E202225732220669C
:100B000061696C65643A2066696C652022257322F0
:100B10002C206C696E65202564257325730A0000FE
:100B2000232D302B20000000686C4C006566674563
:100B30004647000000000000FFFFFFFFFFFFEF7FC0
:100B4000494E4600696E66004E414E006E616E0071
:100B500030313233343536373839414243444546F3
:100B600000000000303132333435363738396162B5
:100B70006364656600000000000000000000F83FAC
:100B800061436F63A787D23FB3C8608B288AC63F93
:100B9000FB799F501344D33F000000000000F03F5A
:100BA0000000000000001C40000000000000144095
:100BB000000000000000E03F496E66696E697479CC
:100BC000000000004E614E00000000000000000028
:100BD0000000000000000000000000000000000015
:100BE0000000000000000000000000000000000005
:100BF00000000000000000000000000000000000F5
:100C000000000000000000000000000000000000E4
:100C100000000000000000000000000000000000D4
:100C200000000000000000000080E03779C341436D
:100C3000176E05B5B5B89346F5F93FE9034F384D42
:100C4000321D30F94877825A3CBF737FDD4F1575EE
:100C5000000000000000F03F000000000000244001
:100C600000000000000059400000000000408F40DC
:100C7000000000000088C34000000000006AF84047
:100C80000000000080842E4100000000D01263416B
:100C90000000000084D797410000000065CDCD41E1
:100CA000000000205FA00242000000E876483742C2
:100CB000000000A2941A6D42000040E59C30A24260
:100CC0000000901EC4BCD64200003426F56B0C43D5
:100CD0000080E03779C3414300A0D885573476437C
:100CE00000C84E676DC1AB43003D9160E458E143DD
:100CF000408CB5781DAF154450EFE2D6E41A4B4452
:100D000092D54D06CFF08044F64AE1C7022DB54496
:100D1000B49DD9794378EA44050000001900000029
:100D20007D00000043000000504F53495800000070
:100D300000202020202020202020282828282820AB
:100D400020202020202020202020202020202020A3
:100D5000208810101010101010101010101010100B
:100D600010040404040404040404041010101010FB
:100D700010104141414141410101010101010101C5
:100D80000101010101010101010101011010101017
:100D90001010424242424242020202020202020297
:100DA00002020202020202020202020210101010EB
:100DB0002000000000000000000000000000000013
:100DC0000000000000000000000000000000000023
:100DD0000000000000000000000000000000000013
:100DE0000000000000000000000000000000000003
:100DF00000000000000000000000000000000000F3
:100E000000000000000000000000000000000000E2
:100E100000000000000000000000000000000000D2
:100E200000000000000000000000000000000000C2
:040E300000000000BE
:100E3400110000008A2300000400000000230000C9
:100E44000300000094210000100000001A2100009B
:100E540006000000D8200000170000001022000047
:100E640001000000B21E0000050000004C1F00003D
:100E74000F000000B81F0000020000004020000026
:100E8400000000000000000000000000000000005E
:100E9400000000000000000000000000000000004E
:100EA400000000000000000000000000000000003E
:100EB40004001400280050007800C80090010000CD
:100EC40000000C0001000000200102006900000085
:100ED400000019000100000048FD01006700000047
:100EE4000000256901000000C40602006A00000039
:100EF4000000250001000000C40602006500000097
:100F0400000032000100000030010200680000000F
:100F140000003E000100000058FD010066000000D2
:100F240001643E0000000000C4060200000000004E
:100F340000000C0001000000F40002006900000041
:100F440000640C0000000000C40602000000000061
:100F5400000019000100000048FD010067000000C6
:100F64000064190000000000C40602000000000034
:100F740000003200010000000401020054000000DF
:100F840001003E000100000080FD0100530000004C
:100F9400010032200100000094F20100650000000D
:100FA400000F0C000100000038FE01007900000071
:100FB4000002190002000000C40602004D000000F7
:100FC4000002192801000000C4060200800000008D
:100FD400000232000000000064FE01000000000076
:100FE40001023E0002000000C406020046000000A8
:100FF40001022500020000008CFE01003B000000FD
:10100400000F0C00010000000CFD01007600000040
:101014000002190000000000FCFD010000000000B7
:10102400000225000000000018FE0100000000007E
:101034000002320002000000BCFD0100510000006B
:1010440001023E0002000000CCFD0100520000003D
:10105400000F0C000100000038FE010079000000C0
:10106400000219000200000050FE010057000000B9
:1010740001022500020000005CFE0100580000008F
:10108400000F0C000100000094FF01006F0000003D
:101094000002190000000000D0000200000000005F
:1010A4000002250002000000C406020048000000FF
:1010B4000002320001000000A8FC0100470000000B
:1010C40001023E0001000000C406020056000000B8
:1010D400000F0C000100000094FF010070000000EC
:1010E4000002190000000000A0000200000000003F
:1010F4000002251E02000000B000020031000000C2
:101104000064250001000000C4060200480000003D
:101114000002321E02000000B8000200330000008A
:101124000064320001000000C40602004800000010
:1011340000643E0001000000C406020048000000F4
:1011440001023E1E02000000C40002003200000042
:10115400000F0C000100000094FF0100710000006A
:1011640000021900000000007000020000000000EE
:101174000064250001000000C406020048000000CD
:101184000002251E0200000048FD0100340000009A
:101194000064320001000000C406020048000000A0
:1011A4000002321E0200000058FD0100350000005C
:1011B40000023E0E02000000940002004E000000F7
:1011C40001783E0001000000C40602006B0000002C
:1011D400000F0C000100000094FF010074000000E7
:1011E4000002190002000000180002005B00000069
:1011F400000225000200000030000200360000005A
:101204000002320002000000440002005A00000004
:1012140001023E00020000005C00020059000000D0
:10122400000F0C000100000094FF01007500000095
:101234000002190002000000B0FF01005500000088
:101244000002250002000000C8FF01004A0000005F
:101254000002320002000000E4FF01004B00000025
:1012640001023E0002000000FCFF01000F0000002C
:10127400000F0C00010000000CFD010072000000D2
:1012840000021900000000007801020000000000C4
:1012940000022500000000009C0102000000000084
:1012A40001023E0002000000C40602001D0000000E
:1012B400000F0C00010000000CFD01006D00000097
:1012C400000219000200000084040200080000006B
:1012D4000002250002000000A0040200110000002A
:1012E4000002320002000000C004020007000000F7
:1012F40000023E0A02000000D40402000E000000B6
:1013040001783E0000000000F0040200000000002C
:1013140001000000900000200300020016001600E7
:101324000000000002000000FCF7010001000300BF
:101334000000000000000100030000003CF8010070
:10134400020001000000000004000100040000008D
:101354008004002000000000150005000080030048
:101364000500000098F901000000000004000600D8
:101374000080030006000000A8FA0100000000003D
:101384000500070000800300070000000CF70100BF
:1013940000000000060008000080030008000000B0
:1013A4005002002000000000070009000080030034
:1013B40009000000A00200200000000008000A004C
:1013C400008003000A000000200300200000000049
:1013D40009000B00008003000B000000A0030020A4
:1013E400000000000A000C00008003000C00000054
:1013F400F0030020000000000B000D00008003003B
:101404000D000000D0010020000000000C000E00C0
:10141400008003000E0000006CF6010000000000D4
:101424000D000F00008003000F000000BCF6010057
:10143400000000000E0010000080030010000000F7
:1014440070010020000000000F0011000080030064
:1014540011000000CCF40100000000001000120094
:1014640000800300120000002CF5010000000000C1
:101474001100130000800300130000008CF501002C
:10148400000000001200140000800300140000009B
:10149400ECF50100000000001300150000800300BB
:1014A40015000000400400200000000014000400A7
:1014B400008003001600000048F90100000000004D
:1014C4000100010000000300010000005CF70100BE
:1014D400030002000B000B000000000002000000EB
:1014E400BCF7010001000300000000000C810100B2
:1014F400030000003CF801000200010000000000AD
:10150400040001000400000080040020000000002A
:101514000F000500008003000500000098F9010099
:101524000000000004000600008003000600000024
:10153400E8F9010000000000050007000080030036
:101544000700000038FA010000000000060008004F
:101554000080030008000000A8FA01000000000059
:10156400070009000080030009000000F8FA0100E8
:101574000000000008000A00008003000A000000C8
:1015840048FB01000000000009000D00008003007A
:101594000B0000008CF801000000000001000100B5
:1015A400000003000C000000DCF801000000000053
:1015B40000840083000002000D00000098FB01007D
:1015C400000000000A000E00008003000E0000006E
:1015D400E8FB0100000000000D000F000080030084
:1015E4000F00000040040020000000000E00040072
:1015F4000080030000000000000000000000000064
:1016040000000000000000000000000000000000D6
:101614000102030406070809000000000102030494
:101624000102030406070809080002401C000240E6
:101634003000024044000240580002406C00024066
:1016440080000240080402401C04024030040240AE
:1016540044040240580402406C04024080040240E6
:101664000030014000380040003C00400038014098
:101674000044004000480040004C004000000000CE
:10168400E80B0200080C0200C80B02000000000076
:101694000000000000000000000000000000000046
:1016A4000000000000000000000000000000000036
:1016B4000000000000000000000000000000000026
:1016C4000000000000000000000000000000000016
:1016D40000000000000000000000000043000000C3
:1016E40000000000000000000000000000000000F6
:1016F40000000000000000000000000043000000A3
:1017040000000000000000000000000000000000D5
:101714000000000000000000000000004300000082
:1017240000000000000000000000000000000000B5
:101734000000000000000000000000004300000062
:101744000000000000000000000000000000000095
:101754000000000000000000000000004300000042
:101764000000000000000000000000000000000075
:101774000000000000000000000000004300000022
:101784000000000000000000000000000000000055
:101794000000000000000000000000004300000002
:1017A4000000000000000000000000000000000035
:1017B40000000000000000000000000084C90100D7
:1017C400FEC8010000000000300D020060F00100BE
:1017D400C4060200C4060200C4060200C4060200D5
:1017E400C4060200C4060200C4060200C4060200C5
:1017F400C4060200FFFFFFFFFFFFFFFFFFFFFFFF25
:10180400FFFF00000100415343494900000000006C
:1018140000000000000000000000000000000000C4
:10182400000000000000415343494900000000004B
:1018340000000000000000000000000000000000A4
:101844000000000000000000C0A80101C0A8010AB7
:10185400FFFFFF00FFFF0000020000000100000086
:10186400020506070E0F0800010000000100000039
:10187400000E2707010000000204060832080000D9
:101884000000000010000000AAAAAAAA0E0000008E
:10189400101C012001000000F4DB00200000CDAB8F
:1018A400F8060200080702006E190000001000008C
:1018B4004C08002015C0FF00153FFF00153EFF0037
:1018C4000002040404040406010204006C006D0018
:1018D4006A006B0070006E0071006F0064006600A7
:1018E400680000003F0047004F00000043004B0029
:1018F400530000000C000D000F00BFFF6400C8007F
:1019040004030201B4F00100C8F0010080EF0100FB
:1019140098EF01002D2D2D2D000000001000110066
:10192400120000003F0047004F00000043004B003E
:1019340053000000A0F00100ACF001002F003F00B4
:1019440047004F00330043004B0053007C008C00E1
:101954009C0000007400840094000000700080006B
:10196400900000000304050078008800980000003F
:101974001000110012000000002401400028014062
:101984000054004000580040010204081000000008
:1019940000800120FFFFFFFFFFFF000000000000A8
:1019A4000000000000000000FFFFFFFF03060C180A
:1019B400306078004C0800200000104200000C4207
:1019C400000020410000A0400000704100001643C8
:1019D4000000964300001644000020420000A0418D
:1019E4000000FA4400007A440000C8420000484263
:0419F400499D003DCC
:020000024000BC
:100000003200080D2D0006102800D2132300B61868
:100010001E00061F1900102714008B310F004C3FE3
:100020000A007C510500EF690000EB8A0000000027
:100030000000000000009643C520903F00001644D9
:10004000D57811400000614448E15A4000009644D0
:10005000DD2492400080BB4417D9B6400000E14443
:100060003333DB40004003450000004100001645EB
:10007000713D124100C02845D7A32441EF020CC8AE
:10008000B75400201306500D81451385C4BEEF0000
:100090008CCB930640061306500D9385C4BE0145D4
:1000A000EFB05C818947631C052A1384C4BE182005
:1000B0001309E00581476304272B1306500D814582
:1000C0001385C4BEEF002CC8930720503EA0F9470B
:1000D0005CA0930700FC3CB8B7070AC09387871A57
:1000E0005CC8B70701FF9387871A1CCCFD575EAC2D
:1000F000930710107EA0B7C7C5FA938717B01CC42A
:10010000B73714059387072F5CC48547A304F4060B
:10011000A305F4069307F0302316F406B717002062
:1001200083A587B815471305700578BC2300240103
:10013000EF305CC0B717002087A7C7B81305B0051C
:10014000B7190020D38507E0EF30DCBEB7170020D9
:1001500087A7C7B81305F005D38507E0EF309CBD2E
:10016000B717002087A707B913057002D38507E0EA
:10017000EF305CBCB717002087A747B91305B00262
:10018000D38507E0538907E0EF30DCBA87A709B9C8
:100190001305F002D38507E0EF30DCB9CA851305FB
:1001A0003003EF303CB987A709B913057003B719BD
:1001B0000020D38507E0EF30FCB7CA851305B003F4
:1001C000EF305CB7B717002087A787B91305F00396
:1001D000D38507E0EF301CB6CA8513053004EF3035
:1001E0007CB587A789B91305F004D38507E0EF3004
:1001F0007CB4CA8513053005EF30DCB387A789B915
:1002000013057004D38507E0EF30DCB2CA8513050F
:10021000B004EF303CB2930740F8A301F4069967AD
:10022000938737802312F40689472303F406930744
:10023000601F1EB0B7072C01938767092324F40CB5
:10024000B717002083A5C7B91305E00AEF309CAEAD
:10025000B717002083A507BA1305200BEF309CAD1C
:10026000B717002083A547BA1305A00AEF309CAC4E
:100270009305000013050007EF30DCABB717002033
:1002800083A587BA13054007EF30DCAAB717002013
:1002900083A5C7BA1305C007EF30DCA9930500009A
:1002A00013050008EF301CA9B717002083A507BB72
:1002B00013054008EF301CA88D472317F406B71725
:1002C000002083A547BB1305C008EF30BCA69305EB
:1002D000000013050009EF30FCA5B717002083A527
:1002E00087BB13054009EF30FCA4B717002083A596
:1002F000C7BB1305C009EF30FCA3B717002087A7C1
:1003000007BC1305000AD38507E0EF30BCA2B7177E
:10031000002087A707BC1305400AD38507E0EF300C
:100320007CA1930700109306803E1306500D938521
:10033000C4BE0145231BF40AEFB00CEF19E537E505
:10034000010013058552EFA00D9C9306400613068D
:10035000500D9385C4BE0145EFB0CCD585473E8591
:100360006F000C9DEF022C9B7971A9473ED23ED0C5
:10037000B7470000938727184C0801453ED602CCAA
:10038000EF0090284C080545EF0010284C0809455F
:10039000EF0090274C080D45EF0010274C08114541
:1003A000EF009026B7470000938787212C00014576
:1003B0003EC802C6EFB0FCB32C000545EFB07CB3DD
:1003C0002C000945EFB0FCB22C000D45EFB07CB21B
:1003D00045616F008C96EF020C94011199475C8483
:1003E000938741A63EC89387C1A63EC6B70714644B
:1003F000D1073ECA8947230CF1008567938787BBE5
:10040000FC85B74700009387871C28003ECEEFB0DD
:10041000FCCB05616F006C92EF02EC8F371401404A
:1004200085654111130504C0F1460146938505C059
:1004300002C002C202C402C6EFC0CCE7F1460146C8
:10044000130504C09305000CEFC0CCE6B797040079
:100450009387073E3EC0B70700403EC2B70700047F
:100460003EC48A85916701457C86EFC0CCEB8A85C6
:100470000545EFC04CEB0145EFC0CCFD0545EFC095
:100480006CFD41016F006C8BEF024C87011137143A
:100490000140EFC04CE7F146014613050480C14519
:1004A000EFC04CE1130504C08D45EFC0ACDE9305F1
:1004B000000337150140EFC0ECDD13050480930500
:1004C000400EEFC02CDDB724014013850480930556
:1004D0000078EFC02CDB13050440B165EFC08CDA67
:1004E000856537150140EFC0ECD9130504408D45F3
:1004F000EFC04CD9130504409305000EEFC08CD813
:10050000130504409145EFC0ECD713050440856501
:10051000EFC04CD7E1460146130504C0A965EFC002
:100520006CD991677C866C0093078004130504C026
:100530003ECA231701002318010023190100EF9080
:10054000FC81130504C08565EFC0CCD391453715F8
:100550000140EFC02CD31305044093050004EFC005
:100560006CD2370613808D65E146410613050440C1
:10057000938505A0EFC00CD4130504C09305800338
:10058000EFC04CD013050440C145EFC0ACCF0569A6
:10059000930509C037150140EFC0CCCE1385048008
:1005A0009305C007EFC00CD0130504C093050010DD
:1005B000EFC04CCFC1651385048093850580EFC0E3
:1005C0006CCE81450145EF902CC513050440930581
:1005D0000004EFC00CD2130504C093050020EFC047
:1005E0006CCAB709308013862900138504809146B0
:1005F0008945EFC02CCC1386290013850480E14681
:100600008545EFC02CCBE1460146130504809305D8
:100610000040EFC02CCA13050480A165EFC08CC652
:1006200013050480A165EFC0CCCD85451165EF9021
:10063000DCAC11454120EF204CBAB7B51D00654632
:10064000938595150945EFC0BCFC9305000209454B
:10065000EFC0FCC9BD659D46130689BB938505A601
:100660002145EFD06C871306401F9D452145EFD0F3
:10067000AC942145EFD0EC9C2145EFC09CC56800AF
:1006800002C602C802CA02CC02CEEFB0BCE4854565
:100690000145EF90ACB59305803E0145EF90CCB796
:1006A000D1319D450545EF00206EEFD0ACCF0561FF
:1006B0006FF01BE8EFF23BE6B7460000B7B50A0063
:1006C000814705479386A6480546938505E6EFC012
:1006D000FCF7371501409305000213050540EFC0F4
:1006E0004CC237540020F965814601461305C40DFC
:1006F000938585F8EF000C82F565938585D0130509
:10070000C40DEF00CCE41305C40DEFF07BFE6FF0D9
:10071000DBE200000000000000000000FF1F0000FE
:1007200000000000000000000080FFF907780000D2
:10073000000000000000000000FCFF7F00C000007F
:100740000000000000000000801F001C008001006D
:100750000000000000000000E00C00180000030092
:10076000000000000000038071000020000006006F
:100770000000000000E003E01C0000000000060094
:100780000000000000E00730060000000000060C3A
:100790000000000000E0071C0600000000000C78CC
:1007A0000000000000E0070EFC01000000000CE06B
:1007B0000100000000E08703C01F000000000E8061
:1007C0000300000000E0C701007000000000060008
:1007D0000F00000000E0E70000C00000000006007D
:1007E0003C00000000E07F000080010000000600E7
:1007F0007800000000C03F000080010000000600FB
:10080000E000000000C01F000080010000000600A2
:10081000C003000000C00F000080010000000600BF
:100820008007000000C00F000080010000000C00E5
:10083000000F000000C00F000080010000000C004D
:10084000001E000000E00F00008001000000180002
:10085000003C000000E00F000080010000003800B4
:100860000078000000F01F000080010000003C0044
:1008700000F0000000F81F0000C0000000001E0093
:1008800000E0010000BC1F0000E0000000000F00BD
:1008900000C0030000BC1F0000E0070000000000D3
:1008A00000800700001E3F00000000000000000064
:1008B00000000F00000F3F000000000000000000DB
:1008C00000001E00000F3F000000000000000000BC
:1008D00000003E0080073E0000E007000000F0013D
:1008E000000C3C00C0037EC0FFE087E3FF0FFE0F5B
:1008F000000F7800C0037EC0FFE3C7E7FF0FFF1FB4
:10090000C00FF800E003FEC0FFE7E3EFFF8FFF3FFB
:10091000F01FF000E007FCC0EFE7F3E7FFCFFF7F39
:10092000F80FE001F00FFCC0CFE7FB037CE00F7F86
:10093000FC03E003F01FFCC1CFE7FF01FCE0077EF2
:10094000FE00C003F83FF8C1CFE7FF00FCE0077EE0
:100950007E00C00778FFF8C1EFE7FF00FCE0077EEC
:100960003E0080077CFEF9C3FFE3FF01FCE0077E49
:100970003F00000F3CFCF3C3FFE1FB03FCE0077EFC
:100980007F00000F3CF8FFC77FE0F307FCE00F3F5C
:10099000FE01001F3EE0FFC70FE0F307FCC0FF3F72
:1009A000FE1F001E1EC0FFCF0FE0E307FCC0FF1FAD
:1009B000FC1F003E1E80FFCF0FE0C707FC00FF0FAB
:1009C000F81F003C1F00FEDF0FE08701FC00FE0364
:1009D000E01F007C0F00FC1F000000000000000072
:1009E000000000780F00F03F000000000000000051
:1009F000000000F80F00E07F000000000000000091
:100A0000000000F8070080FF010000000000000067
:100A1000000000F0000000FE0700000000000000E1
:100A2000000000F0000000F83F000000000000009F
:100A3000000000F0000000E0FF00000000000000E7
:100A4000000000E000000080FF0700000000000040
:100A5000000000E000000000FC3F0000000000007B
:100A60000000000000000000F0FF01000000000096
:100A7000000000000000000080FF3F0000000000B8
:100A8000000000000000000000F8FF0F0000000060
:100A900000000000000000000080FFFFFF7F00005A
:100AA00000000000000000000000FCFFFFFF00004D
:100AB00000000000EFF23BA63785000001468D459F
:100AC000130565C7A52E6FF05BA7EFF2DBA4130536
:100AD000C00CEF306CA123A2A1AC6FF01BA6EFF20B
:100AE0009BA303A501ADEFE05C90EF00FCB10841D2
:100AF000EFE0BC8FEF704CEC0841EFE01C8FEF1083
:100B00007CED0841EFE07C8EEF20FCE10841EFE056
:100B1000DC8D6FF09BA2EFF21BA0EF20DCE02A84BB
:100B200037680020B7670020B7050200374500008E
:100B3000130808A393870783154785461306000803
:100B40009385C5571305259AEFE0ACA308C0EF10B5
:100B50007CE82A8437680020B7670020B7050200C8
:100B600037350000130808E9938707A91947854618
:100B7000130600109385455813056555EFE06CA0EA
:100B800008C0EF007CA82A8437880020B7770020AF
:100B9000B7050200371500001308089F9387077FE9
:100BA0002147854613060008938585581305A56ED1
:100BB000EFE02C9D08C0EF30ECF02A84377800205D
:100BC000B7670020B705020037450000130808C4C6
:100BD000938707151D478546130600209385055901
:100BE0001305E52EEFE0EC9908C0EF105CDE2A84D7
:100BF00037580020B7570020B705020037350000EE
:100C00001308087D9387073D194785461306001092
:100C10009385455913054500EFE0AC9608C0377839
:100C2000002037040200B7770020375500009305F5
:100C3000845913080879154785461306C02B9387F6
:100C400007CA1305C53AEFE0CC9323A8A1ACEF7017
:100C5000ACD6AA8437880020B7870020B7050200E9
:100C60003795000013080825938707A52147854677
:100C7000130600209385055A130545D1EFE06C90CB
:100C800088C037980020B78700203785000093057B
:100C90008459130808F39387072B214785461306C9
:100CA000003213058511EFE0CC8D37680020B7675F
:100CB0000020B7050200374500001308080F93878E
:100CC00007EF11478546130600089385855A1305DB
:100CD0008528EFE00C8B37A80020B7970020B705D8
:100CE000020037850000130808A81547854613063B
:100CF000C02B9385455B938707F9130585E8EFE0E3
:100D00004C8823A6A1ACE13B6FF03B83EFF2BB80A4
:100D1000EF00BC812A8437A5002013050537EFD0EA
:100D2000EC9808C0EF00FC8D2A8437A5002013053D
:100D3000453DEFD0AC9708C06FF03B80EFF2ABFDC4
:100D4000EFB0CCB7B7A6002037A600202A84014711
:100D50009386063F130606AE89454145EFD0ACEDBC
:100D600008C0EF20FCBBB7A6002037A600202A84CD
:100D700001479386C638130606B085454145EFD036
:100D80008CEB08C06FF06BFBEFF2EBF8C167011161
:100D900089073ECA37140120B70718009387072038
:100DA000AE841304C4CD6C003ECC2A8908C402C6AC
:100DB00002C802CEEFC0CCA937B60000B7B500001C
:100DC000014789464A851306066093852560EFC072
:100DD000ACAE374500400546930500061305058077
:100DE000EF902CCD371501408565130505C0EFB098
:100DF0005CD089652946938505712685EFC05C81A5
:100E000004D005616FF06BF3F1473305F502B717B6
:100E1000012093874764D8413E959C4958C17D176E
:100E20001CC9DC453337E00058A95CC59C4D230B39
:100E30000500232405001CCD01458280EFF20BEC58
:100E4000371402405C4C37070018AE89D98F5CCC50
:100E5000377700401C43328AAA8493E707101CC3EB
:100E6000EF904CB71C5041672A89D98F1CD01C5079
:100E700041777D17F98F1CD00545EF906C8A0144AE
:100E8000930AA00F13051004EF900CA901ED631451
:100E900054016FF0EBE9050451451374F40FEFF0C2
:100EA0002CD3CDB79307A00FE305F4FEB71702408C
:100EB000985321641367071098D39853418F98D3A0
:100EC000EF904CBAEF900CBBEF90CCB91305F4FF48
:100ED000EF906CB6EF900CB9EF904CAE3737004006
:100EE000835707805286CE8593E717002310F7803B
:100EF0004D45EFB09CE24A85EF902CB137050200DA
:0E0F00001305057723A091BAEF90EDDF59B7E6
:00000001FF
