:100000006F908066130000001300000013000000D2
:100010001300000013000000130000001300000094
:100020001300000013000000130000001300000084
:08003000130000007300100032
:1000380000000000000000004A3600004E360000B4
:1000480000000000AE950000000000000000000065
:10005800B0950000B295000000000000000000000C
:100068007EDD00000000000000020000000000002B
:10007800B8950000BA950000BC95000060CD00005E
:10008800C0950000C2950000C4950000C695000008
:10009800C8950000CA950000CC9500008AC60000EB
:1000A80058C70000D295000026C80000F4C8000018
:1000B800D8950000DA95000076C20000DE950000B1
:1000C800E0950000E2950000E4950000D4360000B9
:1000D800E8950000EA950000EC950000EE95000018
:1000E80034380000F295000004D30000F6950000B3
:1000F800F8950000FA950000FC950000FE950000B8
:100108001ED100000296000000DA000006960000EA
:10011800089600000A9600000C9600000E96000053
:10012800D2D3000012960000149600001696000024
:10013800189600001A960000A0D400001E96000031
:10014800CEDA0000229600002496000026960000D1
:10015800289600002A9600002C9600002E96000093
:1001680030960000A837000034960000369600004C
:10017800389600003A9600003C9600003E96000033
:100188004096000042960000449600004696000003
:10019800489600004A9600004C9600004E960000D3
:1001A80050960000529600005496000056960000A3
:1001B800589600005A9600005C9600005E96000073
:1001C8006096000062960000649600006696000043
:1001D8000000000000000000000000000000000017
:1001E8000000000000000000000000000000000007
:0801F8000000000000000000FF
:10020000130181F806C216C41AC61EC822CA26CC1B
:100210002ACE2ED032D236D43AD63ED842DA46DC76
:100220004ADECEC0D2C2D6C4DAC6DEC8E2CAE6CC46
:10023000EACEEED0F2D2F6D4FAD6FED8F3220030CF
:1002400096DA83A201BC23A02200F32510342EC02D
:100250009305000273A0458003A18194EFF0C00FC5
:1002600003A301BC03210300824273901234D652CF
:10027000739002309240A2423243C2435244E2445D
:10028000724582551256A2563257C2575258E258FA
:1002900072598649164AA64A364BC64B564CE64C0E
:1002A000764D865D165EA65E365FC65F13018107DA
:1002B0007300203013000000130000001300000042
:1002C00013000000130000001300000013000000E2
:1002D00013000000130000001300000013000000D2
:1002E00013000000130000001300000013000000C2
:1002F00013000000130000001300000013000000B2
:1003000083A28194938202E07390023403A101BC22
:10031000024182403243C2435244E2447245825514
:100320001256A2563257C2575258E258725986494D
:10033000164AA64A364BC64B564CE64C764D865D61
:10034000165EA65E365FC65FD652A102739002307B
:10035000A2421301810782801300000013000000F5
:100360001300000013000000130000001300000041
:100370001300000013000000130000001300000031
:100380001300000013000000130000001300000021
:100390001300000013000000130000001300000011
:1003A0001300000013000000130000001300000001
:1003B00013000000130000001300000013000000F1
:1003C00013000000130000001300000013000000E1
:1003D00013000000130000001300000013000000D1
:1003E00013000000130000001300000013000000C1
:1003F00013000000130000001300000013000000B1
:10040000F322003093F272FF130380781203B3E2F9
:100410006200711523205500130585FA10C12115BE
:10042000232005009302000063870200711523203A
:100430000500FD12D5BF71150CC1828000000000BF
:1004400000000000000000000000000000000000AC
:10045000000000000000000000000000000000009C
:10046000000000000000000000000000000000008C
:10047000000000000000000000000000000000007C
:10048000000000000000000000000000000000006C
:10049000000000000000000000000000000000005C
:1004A000000000000000000000000000000000004C
:1004B000000000000000000000000000000000003C
:1004C000000000000000000000000000000000002C
:1004D000000000000000000000000000000000001C
:1004E000000000000000397101436EC619A0397187
:1004F00041536AC866CA62CC5ECE19A039710153F5
:100500005AD056D252D44ED64AD826DA22DC06DE4B
:1005100033016140828241114AC026C222C406C60C
:100520008282B24D4101024D924C224CB24B4101AC
:10053000024B924A224AB249410102499244224462
:10054000B240410182803D432A876373C30293779F
:10055000F700BDEFADE5937606FF3D8ABA960CC372
:100560004CC30CC74CC74107E36BD7FE11E2828036
:10057000B306C3408A069702000096966780A600DD
:100580002307B700A306B7002306B700A305B700EB
:100590002305B700A304B7002304B700A303B700E3
:1005A0002303B700A302B7002302B700A301B700DB
:1005B0002301B700A300B7002300B700828093F5A2
:1005C000F50F93968500D58D93960501D58D61B76E
:1005D000939627009702000096968682E78086FA17
:1005E0009680C1171D8F3E96E374C3F8A5B7EFF24E
:1005F0001FF0AE96939906013A8B1307160093D914
:10060000090142074183CE86AA842E84B28A034A16
:100610002509EF00D00901C90549933B1A006395EC
:1006200089002389440901B783470B00B377F90098
:100630008DC723894409014785465686A2852685AC
:10064000EF0040750504060942041379F90F418053
:10065000E31709FC050B0549D9B783C71409FDF356
:1006600023897409C9BFEFF27FE932971319070193
:10067000B689AE9613590901C2064A87C1822A8BF0
:10068000AE8A32843E8AEF00900201C993847900D9
:10069000C204C1808D806313890059BD2286050480
:1006A0005287CE86D6855A8542049137269A418054
:1006B000DDB7EFF2BFE4329793140701B689AE9627
:1006C000C180C2062687C1822A8A2E893284EF0021
:1006D000007E01EDB1BD228605040147CE86CA85A4
:1006E00052854204EF00006B4180E39684FEDDB743
:1006F000EFF27FE21C418145902B834785034859E7
:100700003306F6020E0681350DBDA1471CA11385E7
:1007100081CB8280EFF23FE03687AE84B286B71598
:100720000000371600004111130686229385C52F5D
:100730002A84EF00D05C1305F100C13F9087B71603
:100740000000AA852687938686ED2285EF00101388
:100750004101E5B3AA959C218831A2073E95420547
:100760004181828001458280EFF2FFDA9C21AE84D4
:100770002A841CA19C311CB1BC213CA1BC313CB1E0
:10078000DC215CA1DC315CB1FC217CA1FC317CB1C1
:100790009C251CA59C351CB5BC253CA5BC353CB591
:1007A000DC255CA5DC355CB5FC257CA5FC357CB581
:1007B0009C29C5451CA92685713F2AA8CD452685BB
:1007C000513F4AA8D545268571376AA8BDB3104167
:1007D0000348C5001C223307B8001377F70FB3D6C0
:1007E00007419D4763ECE70093F7F60F58A57D5549
:1007F0003315B5001345F5FF7D8D828093071600F4
:100800001CC11C32214633060641B397C700D58F61
:10081000611793F7F70F1377F70FC9BFEFF2BFCF49
:100820002CD183458507930405062A8423060506F3
:100830002685713F834594072305A4062685413FFD
:1008400083472409A305A4062307F40693B71700DA
:10085000A307F406DDB1EFF21FCC2E848D3F7D148B
:100860008547B39787001D8D62056185F9B185477E
:10087000638CF60091C68947638AF6000D8D11A03E
:1008800032954205418182802E95E5BF118DD5BFFD
:100890008547638CF60091C68947638AF6003295D6
:1008A00011A02E95420541818280118DE5BF0D8DED
:1008B000D5BFEFF25FC38344850603499506411116
:1008C0002A84AE89328B834BA40693FAF90F338ABC
:1008D0009B40137AFA0F63743A01937AFA0F034735
:1008E0000407939C8401131C89010355440693DC7F
:1008F0008C41135C8C41BA866286E6853AC6493FD4
:100900003247835D64066286BA862A8DE6856E85E7
:10091000B93F2A86324763080B028347E40623095E
:10092000F408D686EA852285B521CE9493F4F40F97
:1009300063E14903B3847441050993F9F40F137912
:10094000F90F814449B78347D406E5F38347F4069A
:10095000F9B723049406A30484074101D9B6EFF242
:100960001FB92A84130A0506553D8345A4075285FD
:100970008309B406CD358345B4072A8C5285E13D01
:100980008345C4072A8B5285F9358304A406AA8AB5
:10099000635D90084E9B834B0407330B6041035506
:1009A0004406620B135B8B41DE865A86E285CD35A9
:1009B0002312A4062A89035564065A86DE86E28538
:1009C0007D352313A40685472A86638CFB06638046
:1009D0000B0689476387FB088D47638BFB0A2A87D1
:1009E000CA86CA852285E12129C1231404068345CC
:1009F00064075285E93B834574072A895285C13BC8
:100A0000AA840146CA8522856D35A68522850546BC
:100A10004D3585455285653B6DF583079406E3C8E2
:100A200037FD8347E4062309F4085685EDBCCA94D4
:100A300093960401B304350113970401C1824183E5
:100A40004DB7B3073941AA940509931609011397C5
:100A500004018507C18241831399070113590901D4
:100A600049B70547B3049740B307990033073741A7
:100A70009304190093960401B305E500930415004F
:100A80001397040113960501C18241834182E9B79E
:100A9000B304954013061500B306390185041317F6
:100AA0000601C20613960401C1824183418215BF2B
:100AB0003C4D1307F00FDD076368B702130700060C
:100AC000637DB70003578508BA97983335C39423DD
:100AD000E39CB6FE13852700828013070004E376AB
:100AE000B7FE03576508CDB7EFF2FFA20354A50880
:100AF000AE843E94228981454A85A9392A94894544
:100B00004A8589391109E36895FE1C301820A2072F
:100B1000D98F13978700A183D98FC207C18399CB3F
:100B20006395F4001305340009BC3C203E94F1BFEA
:100B3000014582800145CDBFEFF2FF9D2A848D3FA4
:100B40000DC5AA852285D9398345A40793040406D7
:100B5000268511338345B4072308A4082685E53983
:100B60008345C4072685C539C9BA0145F5BFEFF2EB
:100B70001F9823050506AA84AE8AF12BC1671309C5
:100B800000FC014A0144138BF7FF9389E7FF930BA5
:100B900000FC83C50A00DC4026858297AA85630392
:100BA0006503850AE30735FF26857937131A0501A2
:100BB000135A0A0163147901038904095294420407
:100BC0004180C1BF8387A40691CF03870409BA97E8
:100BD0003E943304444142044180635520014A94C9
:100BE0004204418022856FF01F94A306B5068280DF
:100BF000EFF2DF908347050705472A842E89B284E8
:100C0000B689638FE7029DC709476383E7040D47F1
:100C10006384E704CE8523122407231394062285D8
:100C2000413DAA85014589C52285153B4205418183
:100C30006FF01F907C4D8297AA94C204C180D9BFE7
:100C40007C4D82973309A940420913590901D9B74C
:100C50007C4D8297898CD5B77C4D82972A99EDB7C8
:100C6000EFF2FF884169AA8C2E84B284B689130AF8
:100C7000F9FFD521014C7919854A094B8D4B83A782
:100C80004C0083C5090066858297AA8663034505E3
:100C90008509E30625FF2686A2856685913F83C7E1
:100CA0000C076380570391CB6381670363817703EC
:100CB0002A9C420C135C0C01D9B72A94420441804F
:100CC000C5BFAA94C204C180E5B7098CC5BF898C91
:100CD000D5BF62856FF03F85EFF2FF83B717000045
:100CE0009387C70B5CC1AD3F6FF03F853C4DA9CBEF
:100CF00003061508830625088347D5082307C5087A
:100D0000A307D50895CF0547639FE70083073508FC
:100D10006354F6002307F5088307450863D2D7021A
:100D2000A307F50882808307E50703070508BA973C
:100D30006354F6002307F5086354D700A307E508BA
:100D40008280B7070000938747767CCD8280384D3C
:100D5000630DB700EFF22FFC2A842CCC1305450756
:100D60002134228561376FF04FFD8280EFF2AFFAB8
:100D7000B71700009387C70B5CC1D53B6FF0EFFB43
:100D8000EFF26FF97E3D1D8E5C55420641828297DF
:100D90006FF0AFFA8347C508C1CBD9C6854763F961
:100DA000D70089476317F7068505958DC205C18170
:100DB000058B25EF8357C5046368F6068357E50462
:100DC0006374F606AE96C206C18283578504035843
:100DD000A50463F9B60463F605059306F8FFC20699
:100DE000C18263F3D704BE8863F3B700AE889395DE
:100DF0000801C181C28763F30601B687B386B74095
:100E0000C206C182EFF22FF11C599C4782976FF006
:100E1000CFF28D47E31EF7F80506158E4206418294
:100E200041BFBE85E3EF05FB828083578504E3ED78
:100E3000F5FE8357A504E3F9F5FEB296C206C1821A
:100E40008357C5040358E50463F9C60263760603B5
:100E50009306F8FFC206C182E3F8D7FCBE8863F3AD
:100E6000C700B288139608014182C28763F3060166
:100E7000B687B386C74069B73E86E36F06FD6DB798
:100E8000894763E5B7002309B508828085472309B0
:100E9000F50882806379B60085476364D500B3B7EF
:100EA000C6003E858280E36CD5FE8147DDBFEFF250
:100EB0008FE62A84AE848355E5040355C50436893C
:100EC000BA86C93F01C98355A40403558404CA8660
:100ED0002686C9376FF06FE60343250993787600BD
:100EE0008547339817011378F80F014E63E56700C3
:100EF000428E6309F30403230500619A5C5903439E
:100F000003013306660242064182B295BE950DCFBB
:100F100005479C218508FD16B367FE00B347F8001E
:100F2000C2069CA193F87800C18263900804323D08
:100F300083472509B2956365F700054E638EE70286
:100F400005481DA8014845BFAE96C206C1829C2136
:100F50008505B367FE00B347F800A38FF5FE9397AE
:100F60000501C183E395D7FE828093171E00060812
:100F700013FEF70F1378F80FC9FE828083458503AF
:100F80001441834895031397050141839317370054
:100F90005EBD9C2A13980801135808018E073EBDB8
:100FA000931738007EBD903AC6956356B600330756
:100FB0000641420741830E072310F504BA97231117
:100FC000F504DE2A2312F504FE2A2313F504828099
:100FD000EFF26FD465376FF04FD6EFF2CFD34D33CA
:100FE0006FF0AFD5EFF22FD3035765058356250574
:100FF00003564505835505052A84553D09E5230615
:1010000004086FF08FD385472306F4080357840440
:10101000835704056374F7002314F40483572405ED
:101020000357A40463F4E7002315F404835744052D
:101030000357C4046374F7002316F404835764054C
:101040000357E404E3FFE7FA2317F4045DBFEFF26C
:101050008FCC03574504231405042315E5043841B8
:1010600078C549376FF06FCDEFF2EFCA1C59417761
:1010700038C9DC4378C982976FF02FCCEFF2AFC943
:1010800093071010230CC502A30C0502A306050646
:10109000A3060508A30805082319F5081C4354D521
:1010A0004CD918D9232C05042A84829722856D3FB8
:1010B00022854139230804066FF02FC8D1C9A947FA
:1010C0006388F508034765022DE79307B00F63FABD
:1010D000B70095472303F50285890EB1C165F9155F
:1010E000B9A09307700F63F7B70091472303F50288
:1010F0008D89E5B79307F00E63F7B7008D4723039B
:10110000F5029D89D9BF9307F00D63F7B7008947B2
:101110002303F502BD89D1B79307F00B63F7B7003E
:1011200085472303F502FD894DBFC205C1812E8588
:1011300082801E3193F5F5037D179A07DD8DC20578
:101140001377F70FC1812303E5020EB16DD379B791
:10115000C165FD15E9BF230305028280EFF2AFBB35
:101160001C492E8681469305000282976FF0EFBCE2
:10117000EFF26FBA1C49B2862E86DD4582976FF07A
:10118000CFBBEFF24FB94111CC871306F100854573
:10119000C53741016FF06FBAEFF2EFB75C452E86AD
:1011A0008146D54582976FF04FB9EFF2CFB65C45D7
:1011B000B2862E86DD4582976FF02FB8EFF20FB41E
:1011C0004111AA842E845D49E549130AE00FD54AEE
:1011D0000C20638C25036367B90063F0550341015C
:1011E0006FF00FB563FBB902E39B45FF1030930529
:1011F00090022685D087E92439A01030DC4481464E
:10120000D087268582970904E1B71C301306F100C8
:1012100085452685DC87513FFDB7DC448146014684
:101220002685050482976DB79387C5FE93F7F70F60
:1012300015476362F704EFF20FAE79678A07130769
:10124000C7F8BA979C4341113289AE842A848287B9
:1012500081452937CA8522852D37054541016FF023
:10126000CFAD854536C6DD3DB2461C484A86A685CB
:1012700022858297E5B701458280EFF22FA82E8460
:10128000CC212A89B2898E0593F5F50393E50504EF
:10129000213783C569004A8593E5850BF53D7C20A0
:1012A000A1CF542058309387860093F7870F958FEE
:1012B00093F7F70F9375F70F63F4E70093F5F70FC4
:1012C000AE960D8F10408E0593F4F50FA68554A0B1
:1012D00058B04A85D93D0C405C30AE9404C091EBC7
:1012E00083A709001CC083C749005CB07C20FD17A0
:1012F0007CA05C209D8BC5F76FF08FA3EFF2AFA1B0
:10130000A94741112A84638CF50863EAB700A54711
:101310006381F5088144268541016FF00FA2AD4736
:101320006381F50CBD47E397F5FE9C423689D432C4
:101330003EC483574900508713978700A183D98FF4
:101340007C869D4763E1D7025C4581460546E145C1
:1013500082974A862C0022850D375C4481460146DF
:10136000E545228582971886BD478544E3E5E7FA7F
:101370005C4481460946E145228582974A862C00D5
:101380002285E53D5C4481460146E54522858297FC
:1013900059B7F965938545FA65208544ADBF752039
:1013A0005C4481460546E145228582979385C18646
:1013B000228529355C4481460146E5452285829790
:1013C0005C44E14581460946228582979385C18622
:1013D0002285ED335C4481460146E54522858297AE
:1013E0006DBF5C4581461DE60546E14582979385C4
:1013F00001872285E1335C4481460146E54522852B
:1014000082975C44E145814609462285829793850F
:1014100001877DBF0546E1458297938541872285F7
:10142000713B5C4481460146E545228582975C44D8
:10143000E14581460946228582979385418749BFC8
:101440000CC1BC292301F5028280EFF2CF8C5C49EC
:1014500081460146930580022A8482975C44814636
:101460000146D14522858297228505469305B00421
:1014700081281C40228593059002D023912022854B
:1014800001469305B0042D281C4022859305900247
:10149000D0233D20228505469305B00415201C402D
:1014A000930590022285D03321286FF00F89EFF247
:1014B0008F861C4581460146A54582976FF0EF87D0
:1014C000EFF26F855C49814682976FF00F87014587
:1014D0008280B71700009387E74C1CC55CC51CC908
:1014E0005CC9FD5723200500A30105022303050263
:1014F000232C05002302F5022304F5028280EFF27B
:101500008F8141112A842EC632C436C23AC0D137E7
:10151000B2452246924602470CC450C414C858C86B
:101520002285713741016FF04F811385019B8280C5
:1015300005458280EFE23FFE854741112A8663F52B
:10154000A7008D4763E4A70283A5019B37E5000050
:1015500074001305051B02C6EFE0F05E01C9B24737
:1015600091C7B7E700E0116723A0E72005454101D7
:101570006FE0BFFCEFE23FFA2A8403A5019B7D5791
:10158000814605468D45EFC0F0188547630FF5008D
:1015900011C98947630BF5008D476308F5000545C0
:1015A0006FE0BFF923200400DDBF08C0CDBFEFE22C
:1015B0009FF683A5019C411137E5000074000546A4
:1015C0001305051B02C6EFE0105801C9B24791C7C9
:1015D000B7E700E0116723A0E72041016FE0FFF5C6
:1015E000EFE27FF303C7D19B9385D19B238EE19AD2
:1015F00003A5419BEFC0403483A781A082976FE091
:10160000DFF31385019C82801385819B8280EFE24A
:101610009FF085476380F60489476381F60401479C
:1016200081461384419B014608C0EFC0C022084098
:1016300037160000B7150000014789461306E65A21
:101640009385055EEFC0A0290840EFC0C02705457F
:101650006FE0BFEE056793060060E1B7056793068C
:101660000040C1B7EFE23FEB2E8483A7419B15C535
:101670009385D19B3E85EFC0202C37150140930503
:101680000020130505C0EFB0404703A5019C854528
:101690000DC0EFC070256FE05FEA3E85EFC0802B84
:1016A0003715014093050020130505C0EFB0E04356
:1016B000E9BFEFC0D01BC5B7EFE2FFE52A843715BD
:1016C000014093050020130505C0EFB0004203A5BB
:1016D000419B9375F40FEFC0802405456FE0FFE553
:1016E00083C7C19B1CA105458280EFE2DFE203A511
:1016F000019C7D57814605468545EFC0B001854771
:10170000E317F5FE83A7C1A08297D5B7EFE2BFE04C
:1017100008218545EF00613C7D572386E1806FE01D
:10172000DFE1EFE25FDF41118545054502C202C4FA
:1017300023160100EF80F01B83A7818237470F003B
:1017400013070724B3D7E7024C00370500402315E1
:1017500001007C8489679387F7703EC2EF80703AFE
:101760000546854537050040EF80106C85453705F7
:101770000040EF80F069854537050040EF807073C9
:10178000B7E700E0056723A2E71041016FE0FFDA49
:10179000EFE2FFD541111385819C371A0020EF90AD
:1017A000A00C0144BD3F938C4180130C8AA1938B04
:1017B0008180114B93140401C180138534014205CB
:1017C0004181EF206054B3878C0088A31385740196
:1017D00042054181EF204053B3078C0088A3138555
:1017E000B40142054181EF202052B3878B0088A3CA
:1017F0000504E31164FD9386819C13868180930523
:101800008AA113854180EF90D0569567938707E2B0
:101810003EC29167938787A93EC44800A5473EC64C
:10182000EFF0807D1933184123ACE19C41016FE05A
:101830009FCFEFE2BFCC0111C88793F745002E84FC
:10184000B9C39379F50F1307C0033387E902B717BC
:101850000120938747C6BA97D44798473697D44B09
:101860009C4F3386F6006374C700B307D740938458
:10187000419D8E203ECE13076010AE976371F70630
:101880001305F1006135937784009DCB9384C1806B
:1018900098209307F00F6315F70288878545EF00BE
:1018A000C10888870566130686B6B305C502B71753
:1018B00000209387072DBE95EFF030309C879CA0C9
:1018C0009377040181C77D572386E1801374040454
:1018D00001C47D572386E18005616FE07FC53739FC
:1018E00000201309099A7008CA954E85EFF010324E
:1018F0009E2072473E97420741839AA09947E3F49E
:10190000E7F88356490093978600A182D58FC207D6
:10191000C18393865700E3D8E6F69907E312F7F6FA
:101920000545EFF03FC103A5819D7D5785460546DE
:101930008545EFC0205EB73500201386419C938516
:1019400085AA4E85EFF0D0619384819D01C5130572
:10195000F1006D3B88408945EFC000792DB7EFE27B
:101960009FBBEFF01078937715002A8499C737E56D
:1019700001001305C5FBEF8091389377240099C7C8
:1019800037E50100130505FDEF80713793774400BB
:1019900099CBEFF0F078118919C537E501001305EF
:1019A00085FEEF80D135418819CC0145EFF0B07448
:1019B000AA8519C10145B53D0545EFF0D073AA854B
:1019C00019C10545BD356FE05FB7EFE2DFB439718E
:1019D0001304601F11C12A841306C0038145480007
:1019E000EFE07FB68D4722D64C001384D18013855B
:1019F000D1803ED0EFF0A07A814719E90820EFF0BE
:101A00001078854711C508208945EF00010D8147F1
:101A10003E8521616FE07FB2EFE2FFAF1385D18099
:101A2000EFF0DFCE6FE07FB1B73700209387079AE2
:101A30001CC19387419D9A230545239007009AA1D5
:101A40008280EFE25FADB73700202E862E84AA8514
:101A5000138587AA938487AAEF70113D23A2819CE6
:101A60001384819D0840854523A8919CEFC0C067E1
:101A700008407D57854605468945EFC0A049054584
:101A80006FE0BFABEFE23FA983A701A182976FE0B0
:101A9000DFAAEFE25FA8B726000095652A86954782
:101AA0000547938646A8938505E20D45EFB090392A
:101AB00005456FE09FA8EFE21FA60D45EFB0F000CF
:101AC0006FE0BFA7EFE23FA50D45EFB0B02C6FE090
:101AD000DFA6EFE25FA4D53D01E50D456FE0FFA570
:101AE0000145EDBF8280EFE21FA33D376FE0FFA409
:101AF000EFE27FA201112A84AE8468089305A10158
:101B000032C61D3715C9724715453C333423A20729
:101B1000D58F93968700A183D58FC207C18391EBA0
:101B2000BC8532461D0798C0E5171EA2FD571CA0B4
:101B3000014505616FE07FA01545E5BFEFE2BF9D60
:101B40009307160013D787401D06238FF5FE2E85B9
:101B5000A38EE5FE93150601C1816515DD35954718
:101B600011C181473E856FE05F9DAA95C2057966E8
:101B700079681307F00F9306F00FC1811306C6FFB3
:101B80001308C80F93170501C1836396F5001395D9
:101B90008600598D828005058347F5FFB98F33078D
:101BA000F6001823C297358F9423E9BFEFE2BF9662
:101BB00032842E852146A285EFF07FA585476310EC
:101BC000F5029567938707B01305300263E4870039
:101BD000130580027D3D054781476303E5008D477E
:101BE0003E856FE09F95EFE21F938145054523AE4B
:101BF000019CEFF03FA7C1356FE03F94EFE2BF914A
:101C000081450145EFF01FA6753D6FE01F93EFE2A0
:101C1000FF8E1384819E1E201307F00F4111637104
:101C2000F702B7E60100796637E501009386C6241E
:101C30001306C61F9305B00913054527EF70F1156C
:101C40001E200D476366F700154541016FE05F8E6A
:101C50002E890E20AA8937350020930405BB130571
:101C600005BB32C619376DF19C20324685042380AE
:101C7000F9001E20F5171EA223209900F9B7EFE204
:101C80009F8983A4C19D85476399F4061384A19E0F
:101C900006A0AA87A38FF5FE1E201385F5FF3E96AA
:101CA0004206418212A00E2023A2A19E7D3D1A2051
:101CB0009376F50F21814207418393071700C207EE
:101CC000C1831EA0B7370020938707BB3E9714A39C
:101CD0001A201375F50F85454207418393061700B7
:101CE000C206C18216A0BA9788A3014523A0919E7F
:101CF000EFF05F9701456FE05F841545EDBFEFE2C0
:101D00009F8183A7019E411185C3B7E601007966D3
:101D100037E501009386C6281306C6209305400EBA
:101D200013054527EF7071071305F100EFF05F9B76
:101D30009387C19D98438546630FD70019C789468D
:101D40006302D7048D476314F700EFF0DFD6014537
:101D500041016FE08FFE9386819E239006009A22B8
:101D600013160701418213071600420741839AA206
:101D7000948737370020130707BB329714A309470E
:101D800098C3E1B71387819E16231306F00F636390
:101D9000D6021E2393960701C18293871600C207BD
:101DA000C1831EA39887B7370020938707BBB697D8
:101DB00098A361BF0D47E9B7EFE2EFF583A7C19D97
:101DC00005476381E702B7E60100796637E5010060
:101DD0009386C63013060622930500121305452785
:101DE000EF70A17B9384019E984019C7630BF700A5
:101DF000014422856FE06FF481450545EFF09F8631
:101E0000C5BF1384A19E1E20C207C18395C39384BE
:101E1000419E9C40882362056185EFF0FF899C40CC
:101E200085079CC01E20FD17C207C1831EA0C9B72D
:101E30000D45EFF02FF02A848145054523A00400CD
:101E4000EFF05F827DB7EFE20FED1387C19D144382
:101E5000094641111384C19D638FC6028D47638873
:101E6000F604014595CA1443B9C214436381C604FC
:101E7000184301456304F702B7E60100796637E5C8
:101E800001009386862A13064623930580151305C1
:101E90004527EF7081700545EFF0CFE985472AC6E9
:101EA0001CC0EFF03FC2324541016FE00FE9014530
:101EB000F5B7962115476398E60858213031930607
:101EC000E07C2207518F131687002183598E42062A
:101ED00041821307F6FF42074183AA870D4563E657
:101EE000E606EFE24FE3B823943323900500220780
:101EF000558F854694A396219354360093F4F40F9E
:101F0000850696A19376760081C6850493F4F40F36
:101F100084B396212E8413852700850696A19315F8
:101F2000870021834D8F93051700C2058146C1812B
:101F3000EF30403601C5092B6FE02FE01E20014530
:101F4000BE9406A0D5BF0D45828082809A21954718
:101F50006311F70658218D4731EF38311306D00F42
:101F60009306F7FF93F6F60F6376D604EFE2AFDA47
:101F70003C210C314111A207CD8F93958700A1839D
:101F8000CD8F93851700130717F0C205133717007D
:101F900085460546C1816800A30601005886EF30DA
:101FA000602F814719C14D21AA873E8541016FE00D
:101FB000CFD88D473E85828096211547637FD7060F
:101FC00058213031AA872207518F131687002183A9
:101FD000598E420641821357360093767600137766
:101FE000F70F81C605071377F70F9306F6FFC206B2
:101FF000C1821308F07A0D456363D804D43363902B
:10200000E604EFE24FD1B8232E848C3322071385E8
:1020100067004D8F931687002183558F0507931511
:1020200007018546C181EF30E02601C531296FE007
:10203000CFD095471EA00145DDBF0D45828082802F
:10204000962115476397E608582130319306E07CC6
:102050002207518F131687002183598E4206418231
:102060001307F6FF42074183AA870D4563E5E6069D
:10207000EFE26FCAB8239433239005002207558FEF
:10208000894694A396219354360093F4F40F850661
:1020900096A19376760081C6850493F4F40F84B3F9
:1020A00096212E8413852700850696A19315870017
:1020B00021834D8F93051700C205C181EF30802623
:1020C00001C559266FE06FC71E200145BE9406A0CA
:1020D000D5BF0D45828082809A219547631CF70207
:1020E000EFE26FC33C210C318546A207CD8F93955B
:1020F0008700A183CD8F93851700C2050546C18156
:102100000D05EF30200A814719C13D2EAA873E8573
:102110006FE0AFC28D473E858280EFE2CFBF9A214C
:10212000954463F7E406582130319306700722077F
:10213000518F131687002183518F13160701418297
:102140001307F6FF42074183AA870D4563EDE602B8
:10215000D433131716001377F70F6396E602B823EC
:102160002E848C332207138567004D8F93168700CA
:102170002183558F0507931507018546C181EF30EF
:10218000600201C5D1246FE04FBB06A00145E5BF49
:102190000D45D5BF96211547639AE606EFE2AFB726
:1021A00054211306C007AA8793940601C1801387A0
:1021B000F4FF420741830D456362E6042E84B82391
:1021C0008C332310040088A31220860622070506FC
:1021D00012A04D8F94B393158700162021834D8F45
:1021E000930517008506C20516A026868146C18183
:1021F00013852700EF20107B01C5B9246FE0EFB3F2
:102200001E2086040145BE9406A0CDBF0D458280E8
:102210009A21A54763F2E70EEFE24FAE5C21383119
:102220002A84A207D98F93998700A183B3E7F90085
:102230009399070193D909019387F9FFC207C183D5
:102240001307C0070D456367F70A1C247030130796
:102250008007A207D18F13968700A183D18F139691
:10226000070141829307F6FFC207C1836364F70841
:10227000183493171600639FE70624202E890C302C
:10228000A2047C20CD8C4C30A2078546CD8F93953F
:102290008700A183CD8F93851700C205C1811305E7
:1022A000A400EF20307039E923100900DD471CA09D
:1022B00083570900139A190093958400850723100A
:1022C000F900A300440183570900A180CD8C9385B8
:1022D00014008507C2052310F90081464E86C1818E
:1022E00013052400EF20106C11E9835709003E9A72
:1022F000231049016FE0CFA301458280B122DDBFE9
:10230000962115476390E608582130319306B007AF
:102310002207518F131687002183518F131607014F
:1023200041821307F6FF42074183AA870D4563EDFB
:10233000E604EFE24F9E2E843E858C331147BC238A
:102340002310040018A11A20A207931416000507F1
:102350001AA004B1CD8F939587001A20A183CD8F49
:10236000938517000507C2051AA0C1810905EF2052
:10237000705001C5D1286FE04F9C1E200145BE94CE
:1023800006A0D5BF0D4582808280EFE2CF9803D4AE
:10239000C19EAE84B73500202286938505CB050506
:1023A000EF708128050482A001456FE00F99A147D5
:1023B00063F3C702EFE22F96B7E60100796637E5CF
:1023C0000100938686331306863293058003130536
:1023D0008534EF70811C13D735009307170033083D
:1023E000E5003E958547B397C700FD17C2070E0766
:1023F0003387E540C183B397E700182103460800FF
:1024000093C7F7FF2207518F9D89F98FB396B600C6
:10241000DD8EC206C1862300D800C206C182A18219
:1024200014A1828093D735003E951C3108219D89E7
:10243000A207C98F05453315C500B3D7B7407D1531
:102440007D8D1375F50F82809D4763E7A700938705
:102450008187AA978823828011458280EFE2AF8B23
:102460009388F5FF93F8F80F9307600F63F6170151
:10247000094422856FE06F8C238AB1802E886DF924
:10248000B687B7260000B285938666BE23A0D1A08A
:10249000B72600009386C6BF23A2D1A0B7260000AE
:1024A0009386E6C723ACD19EB72600009386E6C08C
:1024B00023AAD19E23AE019EB72600009386E6CFC5
:1024C00023A4D1A0B7260000938686DB23A6D1A043
:1024D000B7260000938666E423A8D1A04285BA8679
:1024E0003E86EFF0AFEC2A8449F5EFF06F8409C522
:1024F000054723A8E180B5BF0D44A5BFEFE2AF813A
:102500002A8437E5010013058536EF70517F228557
:10251000EFF02FDC2A8419C937E501001305C53710
:10252000EF70F17D054723A8E18019A8EFF04F80F7
:1025300019E937E501001305C538EF70517C0D44EA
:1025400022856FD09FFFB7270000938747AE23A057
:10255000F1A0B7270000938767AE23A2F1A0B727A9
:102560000000938707AF23AAF19EB7270000938747
:10257000C7B323ACF19E23AE019E7D57238AE18031
:1025800055B7EFD25FF9138401811840854719458B
:102590006318F70083A701A0829701452320040058
:1025A0006FD0BFF9EFD23FF783A7018141111944E2
:1025B0006395070C6800EFE0FFFB0547AA876304FB
:1025C000E50001445DA832476303A7088946E31A82
:1025D000D7FE03A581A10C213707002023A8F19E77
:1025E00013060700238AB1A08147138481A11389B0
:1025F00041A19384019F130707004148142291CA07
:102600006391D5088E07BA97DC439385E1A1829741
:1026100088C083C7C1A1D5D794409387E1A185C263
:1026200003470900104085458EA3136707F818A2D9
:1026300092231840930516008EA3329714A3922379
:1026400003A7819F0C4003C5418102979DBF83A7CB
:10265000419F9384C1A11386E1A1938581A1138534
:10266000C1A182972A8431FD9C2003C74181630365
:10267000F700A1FB0945EFE0FFEB228541016FD098
:10268000DFEB85072106E39B07F761B79307400659
:102690003345F502A9474205418163E8A706F9677A
:1026A0009387C7390A053E951C4182872380050020
:1026B000930760041CA2828089479CA19307800233
:1026C000D5BF91479CA1E547F5B795479CA1D14758
:1026D000D5B79D479CA1BD47F1BFA1479CA1A94784
:1026E000D1BFAD479CA1A147F1B7B1479CA19D4780
:1026F000D1B7B9479CA1994775BFBD479CA19547E4
:1027000055BFC1479CA1914775B7D147E5BFEFD2EF
:102710009FE07971BD47AA842E84368593056100B8
:10272000130671005C83DC83EFF05FF69C83034E3D
:1027300061009308C05D93960701C182B388F84099
:1027400013982700139716008608B30EC041139301
:102750002600814701458145054FD14F634A170146
:1027600005476369F70A81471EA045616FD0FFDC0A
:1027700093161700A6960396060063DBCE046359F2
:10278000C605B30607418606A6968396060063C56E
:10279000C604B306E8008606A69683960600634D37
:1027A000D60211C19DCD814593861700101886076A
:1027B000B297135617001A974207050593F6F60FBE
:1027C000239CC7FC41831375F50F63EDDF00B687CB
:1027D00009074207418359B719C16384E50185455B
:1027E000E1B795463000054781472E220A220507AA
:1027F0001377F70F898DAE97C207C1830906E36689
:10280000D7FEFD16B3C7D702C207C1838607C2072A
:10281000C18399BFBE86F9B7EFD2FFCFB386C50299
:10282000AA88014701450148634FD7002E8681469B
:10283000C285EF401121EF601115EFD09049EF6094
:10284000D1376FD09FCF93171700C6978397070094
:1028500032974207B387F702418313DEF741AA9705
:1028600033B3A70072983E851A987DBF856793871A
:102870000777AA971A2136211105158F231EE5FE29
:10288000E39AA7FE828005668147014781461306C9
:1028900086BB139817002A9803180800939807011D
:1028A00093D8080163D406014687C2868907E3925C
:1028B000C7FE05839AA136858280EFD2DFC5094520
:1028C000EFA0504D0145EF90304903A5C1A31384FB
:1028D00001A50147938701A585461146814523201F
:1028E0000400EFD0803F1C4091C7B7E700E01167BC
:1028F00023A0E7206FD07FC4EFD2FFC10545EF9042
:1029000070161384B1A3931505010420C1850545F4
:10291000EF90F025B7470020860493870744A697D9
:102920008AA31C209946850793F7F70F1CA01387ED
:10293000818163F4F6040C23373501408546054652
:102940001305058023000400EF60306403A5C1A3D4
:10295000138441A50147938741A5854609468145D2
:1029600023200400EFD060371C4091C7B7E700E098
:10297000116723A0E7206FD05FBCBA978C23373450
:1029800001401305048085460546EF6010608545CB
:1029900013050480EF60F05DF9BF9D4763E8A7026F
:1029A000EFD27FB7AA852A847D45EF10A0133705A3
:1029B00000201305050806042A941A20B7470020B2
:1029C0009387474BDAA39AAB6FD03FB782801385CA
:1029D000C1A38280138501A48280EFD23FB21D7112
:1029E000EF902025AD450D45EF90802FAD45114569
:1029F000EF90002F23A201A4B7070400138407005F
:102A0000814493890700294A3E20139904011359F0
:102A10000901D3F717D01E204A863EFAD3F717D004
:102A20007E200C183EF8D3F717D05E200D453EFEF1
:102A3000D3F717D0850411043EFCEF90403D4A8641
:102A40000C181145EF90A03CE39044FDEF908021DD
:102A5000A9450145EF90802D9389C9022946CE856D
:102A60000145EF900041A9450545EF90202C2946EE
:102A7000CE850545EF90E03FA9450945EF90002B35
:102A8000CE8529460945EF90C03E93070010B70652
:102A900008007010894501452316F102EF9050108F
:102AA00093070002BEC8B72701409387C744BECA38
:102AB000B7370020938707CDBECC8547BEC6856754
:102AC000938787BB231EF1048C00856713060002E1
:102AD0000A85BEC482C082C2EF601135B7360000DD
:102AE0009386A68B014685450A85EF90902801457F
:102AF000EF901037373700001307878F8146054660
:102B0000B7050E000545EF90F01383C58181373579
:102B100001409D46054613050580EF6010470545B9
:102B2000EF603052374500209309455713060032B5
:102B3000814513054557EFD01FA1374400201304EA
:102B4000444B130900193755002023203401231268
:102B5000240193094589232404001306003281458A
:102B600013054589EFD03F9E8D475EAC938781A2C8
:102B70001CCCB7470020938707455CD0B74700209F
:102B8000938747461CD8B7470020938787475CDC6C
:102B9000B74700209387C7483CC4B74700209387B6
:102BA000074A7CC8B7470020938787533CD0B74774
:102BB00000209387C7547CD4B747002093870756DB
:102BC0002318240123263401232A0400231004029D
:102BD00006B42316040246B8231C040223109404EE
:102BE000231204042316940423180404231C9404BD
:102BF000231E0404231294062314040623189406A7
:102C0000231A0406231E9406231004083CDC2561C5
:102C10006FD01F92EFD23F907D45EF10E00EB704CA
:102C2000002093840408060526951E2137440020C1
:102C30001304444B7D455EA0EF10000D0605AA94D9
:102C40009E20130520021EA8EF1080082AA4130559
:102C50004002EF10E0076AA86FD03F8E1A251C4192
:102C60000607BA978EA31E255A218507C207C1837E
:102C70001EA563E4E70023140500828052211A2573
:102C800081469305F6FFC205C1818147631CD600CA
:102C90000315A5003305C502898F33C5C702420558
:102CA0004185828011E32E877D17420703280500A6
:102CB0004183931817004698031808008506C2063A
:102CC000C297C182E1B7EFD27F8341112A8A1305EF
:102CD000800DEF1060033744002085472A891304D4
:102CE000444B6307FA0A89476307FA0C1305440249
:102CF000EFF0DFF8420513064006938541A44181B9
:102D0000EF8050702A844145EF100000AA89228587
:102D1000EF600141B7E7010003A6874983A6C749D1
:102D2000EF50217093870188D29780238547638273
:102D3000F90A89476383F90EB7E7010003A6074A3A
:102D400083A6474A1344F4FF33742401EF50616DA6
:102D5000EF60A1662AC6EF60815BB7E7010003A6BA
:102D6000874A83A6C74A1374F40FEF502160B267F5
:102D700063540500D30700F0A2851305800D3EE6DD
:102D8000EF009070B2674101538507E06FD04FFAB2
:102D90004545EF007077AA8913050403EFF01FEE95
:102DA000938541A413064006890542054181EF80C1
:102DB00070652A84A9BF4945EF001075AA891305DB
:102DC000C403EFF0BFEB938541A4130640069105C1
:102DD000E9BFB7E7010003A6074A83A6474AEF50B9
:102DE0004164EF60815D2AC6EF606152B7E7010080
:102DF00003A6874A83A6C74AEF504157634B050491
:102E0000B7E7010007A70749B267D397E7A0A9C7AB
:102E1000336489001374F40F85B7B7E7010003A684
:102E2000074B83A6474BEF50C15FEF6001592AC69D
:102E3000EF60E14DB7E7010003A6874B83A6C74BC0
:102E4000EF50C15263470500B7E7010007A74749A4
:102E500065BFD30700F06DBF1344F4FF3374240142
:102E600055BFB94763E6A714EFD2EFEA7967931627
:102E700025001307873C36971C432A8482873745F1
:102E8000002013054551EFF07FDF42054181EF60DF
:102E90002122B7E7010003A6874983A6C749EF505F
:102EA0004158EF608151D30705F029A0938701A312
:102EB000B6979C63538507E06FD02FE83745002015
:102EC0001305C54CEFF09FDBD37705D0538507E0A2
:102ED000EF60E143B7E7010003A6874983A6C7492E
:102EE000EF502154B7E7010003A6874883A6C748DF
:102EF0007DB70145EFF03FDD7DB70545E5BF0945ED
:102F0000D5BF994719456303F4001D45B147330503
:102F1000F502B74700209387474B3E95EFF01FD649
:102F200013170501994741830D456303F4001145CB
:102F3000896593850571B305B7028567FD17998F7C
:102F4000D3F707D053F705D0D377F718D38507E029
:102F5000EF807052B7E70100D30705F007A70748D5
:102F6000D397E7A0A1DBD307E720A9B73745002017
:102F700013050552EFF09FD0B7E70100D37705D0D6
:102F800007A74748D3F7E71035B70395A1A4D37730
:102F900005D00DB7374500201305C552E1BF039595
:102FA000C1A4F5B787A701A231B787A741A219B776
:102FB000D30700F0538507E0828052211A2581460D
:102FC0009305F6FFC205C1818147631CD600031536
:102FD000A5003305C502898F33C5C7024205418567
:102FE00082800328050093181700469803180800EC
:102FF000C29711E32E877D1785064207C2064183DB
:10300000C182E1B7EFD22FCE41119307B05D7C832F
:1030100023120100EFB0B074B7E7010083AB87471C
:1030200003ACC747B74A0020938A4A4B2AC61544C7
:10303000014B01498144B73900205E8DE28D938CAC
:10304000CA06094A85456800EFC0401E63060900AC
:10305000630F49010549FDB7373501408545130523
:103060000580EF6000710945EFA020261DAA0547E5
:103070003400194681450145EFC0701DA247898B78
:10308000A1C73749002013090944138A8A0183150F
:1030900009005285310AEFF07FBC0909E3994CFF22
:1030A000A947B3F7F402054B6312F4027D141374BD
:1030B000F40F11E02544373501408545130505809F
:1030C000EF60206B014B19A0E31C0BFCA247918B16
:1030D0006382070C056A138909CD130A0A774A9A95
:1030E0008315090001450909EF906028231FA9FEF7
:1030F000E31849FF138509CDEFF04FF79305210041
:10310000138509CDEFF02FF8AA86930561000946D3
:10311000138509CDEFF0AFDF2C839307A05D63EF3C
:10312000B7040946138509CDEFF00FEFD30705F07B
:10313000539517C01319050113590901D37719D0F5
:10314000538507E0EF60A11C5E86E286EF50612D9B
:10315000EF60A12623A2A1A24C004A85EF80902710
:10316000D37715D0538507E0EF60611A6A86EE8643
:10317000EF50212BEF60612423A0A1A285659385E8
:1031800085BB0145EF90404F0145EF90604D0945EB
:10319000EFA0A013850493F4F40FA54763F3970001
:1031A0008144094979BD9C4221476369F708EFD200
:1031B000EFB479678A0713074740BA979C43B684F0
:1031C0003289AE892A848287EF907027098919C1D4
:1031D00001459DA02285EF90F02985479CC0CDBF79
:1031E000EF90102505896DD59305A00D2285EF90F0
:1031F000902A8947E5B7EF90B023098971D92285D4
:10320000EF90F023CE852285EF9010288D47F9B7F7
:10321000EF9010221375050845DDCA852285EF90D1
:10322000B026A14765BFEF90B020137545084DD17A
:103230002285EF90F02205456FD08FAF0145828047
:103240009C4229476364F70CEFD24FAB79678A073A
:1032500013078742BA979C43B6843289AE892A8481
:103260008287EF90D01D098919C1014571A8228577
:10327000EF90502085479CC0CDBFEF90701B058913
:103280006DD59305A00D2285EF90F0208947E5B715
:10329000EF90101A098971D92285EF90501ACE85C6
:1032A0002285EF90701E9147F9B7EF907018137553
:1032B000450845DD2285EF90F01BA9476DBFEF90D3
:1032C000301705895DD19305A00D2285EF90D01DA3
:1032D000994755B7EF90D015098941D92285EF90CC
:1032E00010169D4749BFEF90B0141375050435DDE6
:1032F0002285EF90D01C2285EF9070122300A90048
:103300002285EF90F01505456FD08FA20145828090
:103310009C411D476367F718EFD24F9E79678A0774
:1033200013074745BA979C432A844111134515005A
:10333000368AB2842E898287B28693050003294695
:10334000EFF07FE68547631BF5042320A90023A047
:103350000400A9A0B286930500031306F100EFF064
:103360003FEE8547631CF5029C87A18BEDF38947EF
:103370002320F900E9BFB75700209387C7BD131674
:1033800034003E96A6869945EFF09FEB854763177C
:10339000F50023A004008D472320F90041016FD0E0
:1033A0002F99B2860E043756002005041306C6BDB9
:1033B00022969D45EFF0DFE88547E311F5FE23A057
:1033C00004009147D1BF37570020931A3400930966
:1033D000C7BD13862A00A6864E96A145EFF05FE68C
:1033E0008547E31DF5FA338759011C2314332C2339
:1033F000C207A206D58FCD8F3707800093D5B700BF
:103400006379F700B70500FFAE97AD839395070189
:10341000C18131453304A402374500202310BA008E
:103420001305454BC205C1852295EFF03F839547B3
:1034300081B7B2860E04375600200D041306C6BDB0
:103440002296A545EFF0DFDF8547E319F5F49947AC
:1034500005B7B7590020131A34009389C9BD130664
:103460004A00A6864E96A945EFF09FDD8547E317F3
:10347000F5F233348000314525043304A402D29997
:1034800083C5390083C7490037450020A205BE9592
:10349000C2051305454BC1852295EFF02FFC9D47D2
:1034A000C1BD82800547A38CE1A2238D01A2828049
:1034B00003C5A1A3828003C791A349CF138691A31B
:1034C000138581A31821938681A32548B75700202F
:1034D000938547BB6362E80283D6A1A493171700C4
:1034E000AE9796A39307A7008607BE9583D7C1A47E
:1034F000050718A19EA18280EFD2EF81938747BB79
:10350000138547010147814503D807008907C29504
:1035100003D827014297E319F5FEA947B3C5F50281
:10352000374400201304444B1305200223000600F7
:10353000238006003347F7022EA4C205C1817AA872
:10354000492B6E281305400269230547238DE1A20C
:103550006FC0BFFE8280EFC27FFA37140140411175
:10356000A16513050480EF9040591305803EEFB02C
:103570009058A16513050480EF902057B7440020B0
:103580001305803E9384444BEFB0F0561D44EFC0CA
:10359000B36802C402C6EFF0EFE7938AC400EFB04D
:1035A000101C2A8B02C002C21309200382476384C5
:1035B0008700639A270192476384870063952701F8
:1035C0000545EFB05053EFB0901933056541420502
:1035D0004181E54763F3A704824763868700054579
:1035E000EF90006802C49247638687000145EF9020
:1035F000206702C62685EFF05F9CD37705D013893C
:1036000001A356852720F900EFF03F9BD37705D023
:103610002722F900EFF03FEA59B7954763F8A70072
:10362000824791E34AC0924791E34AC29386A1A49C
:1036300030008A850145EFF0BFCD9386C1A47000AC
:103640004C000545EFF0DFCC95B77300203037E52F
:10365000010019711305054C82FE86FC8AFA8EF86A
:1036600092F696F49AF29EF0A2EEA6ECAAEAAEE8E2
:10367000B2E6B6E4BAE2BEE042FE46FC4AFA4EF8D2
:1036800052F656F45AF25EF062EE66EC6AEA6EE8C2
:1036900072E676E47AE27EE0EF607166EFC0506237
:1036A000AA8537E501001305454DEF605153EFC082
:1036B0009061AA8537E501001305454EEF60315250
:1036C000EFC0D060AA8537E501001305454FEF60D4
:1036D000115101A0317106DF16DD1ADB1ED92AD780
:1036E0002ED532D336D13ACF3ECD42CB46C972C762
:1036F00076C57AC37EC182FE86FC8AFA8EF892F67F
:1037000096F49AF29EF0A2EEA6ECAAEAAEE8B2E631
:10371000B6E4BAE2BEE042FE46FC4AFA4EF852F681
:1037200056F45AF25EF062EE66EC6AEA6EE872E611
:1037300076E47AE27EE0EF70207313050008EF6014
:10374000C060FA50EA525A53CA533A55AA551A560B
:103750008A567A47EA475A48CA483A4EAA4E1A4FFA
:103760008A4F7670E6705671C6713672A6721673FD
:1037700086737664E6645665C6653666A666166721
:1037800086677278E2785279C279327AA27A127BAD
:10379000827B726CE26C526DC26D326EA26E126FE1
:1037A000826F296173002030197182FE86FC8AFACB
:1037B0008EF892F696F49AF29EF0A2EEA6ECAAEAA1
:1037C000AEE8B2E6B6E4BAE2BEE042FE46FC4AFA31
:1037D0004EF852F656F45AF25EF062EE66EC6AEA81
:1037E0006EE872E676E47AE27EE0EF7090477670FB
:1037F000E6705671C6713672A67216738673766459
:10380000E6645665C6653666A6661667866772788C
:10381000E2785279C279327AA27A127B827B726C18
:10382000E26C526DC26D326EA26E126F826F0961D0
:10383000730020301971294582FE86FC8AFA8EF8C1
:1038400092F696F49AF29EF0A2EEA6ECAAEAAEE800
:10385000B2E6B6E4BAE2BEE042FE46FC4AFA4EF8F0
:1038600052F656F45AF25EF062EE66EC6AEA6EE8E0
:1038700072E676E47AE27EE0EF7000018545370576
:103880000040EF6010637670E6705671C671367254
:10389000A672167386737664E6645665C6653666E8
:1038A000A666166786677278E2785279C279327AAC
:1038B000A27A127B827B726CE26C526DC26D326EA8
:1038C000A26E126F826F096173002030EFC2BFC415
:1038D00003A5C1A5411170008145EFC0205EB2472C
:1038E00091C7B7E700E0116723A0E72041016FC04F
:1038F000DFC4EFC25FC203A581A54111238001A6E9
:1039000081467000938501A6EFA0D057B24791C7BA
:10391000B7E700E0116723A0E72041016FC0FFC1B6
:10392000138581A582801385C1A58280AA870A217B
:103930001307500D6364A704EFC2FFBD9847054607
:10394000AC23B433630BC70019C70946630EC70025
:1039500001456FC09FBE0D2EE5BF854799E1B33786
:10396000D000BE85BD22EDB713978501C206558FE5
:103970004D8FCC23A205D98DE92ED9BF0545828074
:10398000EFC27FB99305500519E193054004054541
:10399000EF90F0787D5685450145EFC000006FC07F
:1039A000DFB9EFC2BFB57971854513050004EF603B
:1039B0008070F165056789460146938505200545B8
:1039C000EF90706937460000B7450000014789460F
:1039D0001306C68C9385258F0545EF9050700545DD
:1039E0007969EF90506E0144130949503C0803A5D2
:1039F00081A5B38A87002946D685EFA0305B9384E2
:103A0000018205E185479CC001441C183E94034790
:103A100084FE93075005631FF70089479CC0054447
:103A2000F1B79C401147FD17E362F7FC8A07CA977C
:103A30009C4382870545EFF0BFF4014445BF03C7AF
:103A40000A00894763F8E7000545EFF07FF38547F3
:103A50009CC0E5B78D479CC0094449BF0504137459
:103A6000F40F9147E3F487F89CC049B70504137439
:103A7000F40FA147E3FC87F69547FDB705041374DF
:103A8000F40FB147E3F487F6EF50B0728945280888
:103A9000EF50D072EF5090748347A101E316F5FA0E
:103AA00083479101220531463ED68347B1014C1030
:103AB0005D8DBC862312A1020A852313F102BC8707
:103AC0002314F102EF5051360A85EFF03FE62DFD49
:103AD000ADBFB75700209387C7BE3E950CA1A1810B
:103AE0000CB18280EFC23FA39307300641112A84B4
:103AF0006306F500930750066316F5002EC6EF40E7
:103B0000C06BB2452285EFF0DFFCB75500209385EE
:103B1000C5BE0947A9460946A2952285EF806002E5
:103B200041016FC09FA1EFC21F9F81451305000D8A
:103B3000EFF05FFB6FC07FA0EFC2FF9D9307800691
:103B40002A8493F4F50F630EF50C63E3A706C947C7
:103B500063E1A704C1476370F512A1476306F5103E
:103B6000B5476303F50E9947631CF5028D47014580
:103B700063EDB70A63880510B75500209385C5BE6D
:103B800084A50947A9460546A1052145EF70707B2C
:103B900001A8FD47630DF50893077006630DF50452
:103BA000B75700209387C7BE3E9404A00545B5A82B
:103BB0009307600B630BF50463E2A7029307A0066B
:103BC0006301F5066368F5069307B006E31AF5FC92
:103BD000E14763E7B70AE9F58544D9B79307900D44
:103BE000630BF50663EDA7009307A5F2C207C18337
:103BF0000547E367F7FA8547E3E0B7FE55B7930754
:103C0000B00DE31FF5F8914725A08D470D4563EEF4
:103C1000B700B757002003C557C5A685EF3070140D
:103C200041B789470945E3FDB7F66FC01F91994732
:103C30000145D5BF894763F3B7008944B7570020D2
:103C400083C527CA2685D9BF93074006E3FAB7F490
:103C500093044006B1B791470145E3E8B7FCB75775
:103C60000020A38F97CA2DBFB757002083C727BF57
:103C700001459DD75DBF89470145E3F397F275B7CD
:103C8000E14439BF814429BFB75700209387C7BE9D
:103C90003E950CA18280EFC21F882A84EFF0DFE9F5
:103CA00001CDB75500209385C5BE0947A9460546F5
:103CB000A2952285EF70F0686FC03F88B75700204B
:103CC0009387C7BEAA97983388232207598D82808D
:103CD000B75700209387C7BE3E951C310821A20725
:103CE0005D8D420541858280B75700209387C7BE0E
:103CF000AA979833A82322074205498F8823498F22
:103D0000A8336205598D8280B75700209387C7BEBC
:103D10003E9508218280B75700209387C7BE3E9505
:103D200093D785000CA11CB193D70501E1813CA17B
:103D30002CB18280B75700209387C7BE3E9593D79A
:103D400085000CA11CB193D70501E1813CA12CB1E8
:103D50008280EFC24FFC2A84EFF0DFFDB7550020D0
:103D60009385C5BE0947A9461146A2952285EF70E5
:103D7000505D6FC08FFC3E211A21C20733E5E7007A
:103D800082808AA14181AAA18280B75700209387AF
:103D9000C7BEAA979833A82322074205498F8823D4
:103DA000498FA8336205598D8280EFC2CFF6411149
:103DB0002AC41305B00599C11305F005EFF0FFFC07
:103DC000530700F0A267D30605F0530507E0D3A719
:103DD000E7A0B9EFD3A7E6A0A1EFD317F7A05387C9
:103DE000F72099E35397F720530507E03EE636E4C2
:103DF000EF50E151A2662A84AE84538506E0EF506D
:103E000001512A86AE862285A685EF3011702A865A
:103E1000AE86EF400161530700F0B2672E87D307EB
:103E2000F7A081E7370700802D8FBA85EF50E15862
:103E300041016FC08FF0011122CC4ACA06CE4EC894
:103E40002A892E841305000A99C11305400AEFF050
:103E5000DFF3D30700F0D30609F0530705F05385CD
:103E600007E0D3A7F6A09DEF4A853AE6EF50214A36
:103E700032672A89AE89530507E0EF5041492A8607
:103E8000AE864A85CE85EF40C159B7E7010003A64B
:103E9000875183A6C751EF40C158EF500152A28508
:103EA000EFF0BFF0F24062445249C249056182809E
:103EB000EFC26FE62A841305B00599C11305F0051A
:103EC000EFF0BFEC530700F0D30704F0AA84D3A7A8
:103ED000E7A0D307E720A9E32285EF504143D307AA
:103EE00004F0530700F0D317F7A081E7B70700806D
:103EF000BD8DEFC0005EEF50414C538704F0D307F7
:103F000005F0D30604F0D3F7E710530700F0D3977A
:103F1000E6A099C3D397F720538507E06FC0EFE180
:103F2000EFC26FDF4111AE84EFF09FF82A841305D2
:103F3000000A99C01305400AEFF03FE5D30705F0EA
:103F4000530700F02AC6D3A7E7A0530507E09DEB6F
:103F50002285EF50C13BB2672A84AE84538507E0C7
:103F6000EF50E13A2A86AE862285A685EF30F159D8
:103F7000B7E7010003A6875183A6C751EF30F15878
:103F8000EF50A14341016FC04FDBEFC2CFD8B7570D
:103F9000002083C747C591C705476387E7006FC007
:103FA000CFD9EFF09FE0E5BFEFF0FFE8CDBFEFC264
:103FB0008FD6B757002083C747C591C7054763878A
:103FC000E7006FC08FD7EFF0BFEEE5BFEFF05FF512
:103FD000CDBFEFC2AFD22A8439711305000D2E89EF
:103FE000B289B684EFF09FCD636085082A8A1305F5
:103FF000200DEFF0BFCCB307454163DA07006363E0
:1040000045077D14330444412A94420441801D45F0
:104010003305A4020947A9461D466C001305550D3A
:1040200042054181EF708075188681479546137669
:10403000170019E68507C207C1830583E399D7FEF8
:104040002300F9009C86B8809CA41C87DCC09C8758
:104050009CB4834721012390E9002381F900216169
:104060006FC00FCD2A8465B723000900CDBFEFC212
:104070008FCA0111AA841305200DEFF03FC42A84D2
:1040800068004482EF80105D4808EF8030601D4575
:104090003305A4028347C1013886A946DC82E24782
:1040A00078841D465C838347D1011305550D420575
:1040B000DC831C8709474C0041815C85EF707028C8
:1040C00013051400420541819307100363F3A70011
:1040D0000145375400209307C4BE2389A70C13055C
:1040E000000DA389070CEFF07FBD93071003930524
:1040F000C4BE63E7A70005052388A50CA388050CAB
:104100000947A94611469385050D1305000DEF706B
:10411000502305616FC06FC2EFC2EFBF375400205C
:104120001304C4BE9305C40C0947A94611461305E0
:10413000C00CEF701021930564020947A94605469B
:1041400013056002EF70F01F930524020947A9468A
:10415000094613052002EF70D01E9305440209475B
:10416000A946094613054002EF70B01D0947A9464C
:1041700005469305340D1305300DEF70901C6FC08C
:10418000CFBB914763E0A704EFC2EFB8F96793870D
:1041900007530A053E951C418287856593850580F6
:1041A0003725014013050580EF8090131375F50F37
:1041B0006FC0AFB88565EDB78965DDB79165CDB7DF
:1041C000A165F9BF01458280954763E5A704EFC269
:1041D0008FB4F967938747540A053E951C4182873F
:1041E000930500043725014013050580EF80500F2B
:1041F0006FC0AFB493050002F5B7C145E5B7A1455F
:10420000D5B79145C5B73715014093050010130583
:1042100005C0E9BF01458280EFC2EFAF8547630C5F
:10422000F50209C989476305F5048D476307F5045D
:104230006FC0AFB089E937150140C145130505408E
:10424000EF80B00AF5B737150140C14513050540A9
:10425000EF80B00AF1BF99E5A1453715014013057C
:1042600005C0F9BFA14537150140130505C0CDB7FD
:1042700099E1C145DDB7C145FDB781E59305000270
:10428000E9BF93050002C5B7EFC2EFA8EFC0A314C2
:10429000EF70B062EFB02006EF70D067EF70704C37
:1042A000C5BFEFC24FA7B75700202386A7CC114543
:1042B000EF90A00113064006FD550945EFB0E06DF3
:1042C0006FC0AFA7138541A78280EFC2CFA4B757B5
:1042D000002083A507113755002013060040130561
:1042E000C5CDEF5001321375F50F6FC00FA5EFC2AA
:1042F0000FA037140140130504409145EF80E07F83
:104300001305044093050008EF80207F856537156D
:104310000140EF80807E2945EFA0F07D856537154F
:104320000140EF80807C2945EFA0F07C130504401C
:1043300093050008EF80607B856537150140EF80AD
:10434000C07B2945EFA0307B856537150140EF80A4
:10435000C0792945EFA0307A930500081305044081
:10436000EF80A0791305F003EFF0BFF30545EFA050
:1043700090789305000813050440EF80007713053B
:10438000F003EFF01FF20545B7590020B7540020A5
:10439000EFA07076B75A00209389C90D130404402A
:1043A0009384C4CCA14B7D5685450145EFB0E05EBA
:1043B00083A54903130600401385CACDEF50C126DB
:1043C000138ACACD0149930500082285EF80E07267
:1043D00013050004EFF0FFEC136B890B5A85EFF027
:1043E0005FEC930500082285EF8020701305000420
:1043F000EFF03FEB5A85EFF0DFEA93070008114535
:1044000023A244019CC423800400239604000509D0
:10441000EF80B06B13064006FD5509451379F90F7F
:10442000EFB0A057130A0A08E31F79F9ADBFEFC236
:104430008F8EB71401402A8413850440EF80606B8F
:10444000935524409317E4008D89DD8D9167F11712
:104450007D8DC98DC205C18113850440EF8020691F
:10446000B724014013850480EF80A0680E04137503
:10447000F58713740478498C93150401C181138561
:104480000480EF80C0666FC04F8BEFC2CF8883C7B8
:1044900081A741113754002002C6938481A71304D9
:1044A000C4CCA5EB37190140930500021305094060
:1044B000EF80A0641C2085651305094085C7EF8047
:1044C000C0630820EFF0BFF6231404003715014045
:1044D000914513050540EF80406185479CA041014F
:1044E0006FC0AF85EF8060605A249307F003930597
:1044F00000081305094063EBE700EF80005F3A24F2
:104500005C40BA978823EFF09FF2C9B7EF80E05E76
:10451000FDB737150140914513050540EF80E05D7B
:104520005E241307F0078507C207C1836361F704A0
:104530005EA43E241A248507C207C1833EA463E516
:10454000E7021145EF90000503A541A77C00014754
:104550008D4605468945EFB04078B24791C7B7E729
:1045600000E0116723A0E720238004008DBF2316FD
:104570000400C1B7EFB23FFA0945EF501017EF3012
:10458000D004EFB0B05EEFB0337071651305052055
:10459000EFB0F066EFC00352EFB0532EEFC0037AD6
:1045A000EFC0C376EFC02357EFD08F9E83A58182E3
:1045B00037E501001305C555EF507162EFA070108B
:1045C00001A0EFB25FF51545EFF00FF411C10945F9
:1045D000A38CA1A66FB07FF603C591A78280EFB22E
:1045E000FFF101112A890545EFF00FF2B7540020C1
:1045F000930730062A8A9384841863ED271F37F7C0
:10460000010093171900130747883E97A697822346
:104610009307B0038359070063E52703796793176E
:10462000290013070757BA979C43828719C8EF30B0
:10463000F03B8947631AF50085476317FA00EF409E
:10464000000205616FB0DFEEEF30503A11E56315FF
:104650000A00EFE03FE5F5B7239E0402DDB78D4782
:10466000138991A763FA870683470900A1CB9D6749
:10467000138717406302E402938727406310F40412
:1046800085450545EFF02FE1B707EFBE37E700E0BE
:10469000938707083CC739A881450545EFF0AFDF90
:1046A000B707EFBE9387070837E700E03CC78347AB
:1046B000090089E7834709009EA061B79307500569
:1046C0006315F400EFF02FC6F5B79307A00AE313C4
:1046D000F4FEEF30C05DF9BF23008900631FF400D2
:1046E000EFF09FA313054006EFA0F040B707EFBE21
:1046F00037E700E0938707083CC78347090081EB51
:104700001545EFF06FE085478145630DF5000347E0
:1047100009008947E317F7F21545EFF0EFDEE312E2
:1047200005F285451545EFF00FD721BF03C791A7C7
:104730008947E318F7F01305F9FF06052695EFF012
:104740008FE3AA8513F5F90FEF409060DDBD228558
:10475000EFE0AFA4FDB5DE28E375F4EEA2854E854B
:10476000D9B7BE28E3FF87EC9E2CFDB7DE28E3FA1D
:1047700087ECFE28D5B79E2CE3F587ECC5B783C739
:1047800091A7E38007ECD9BFDD47E3EC87EAFE2081
:104790004808230AF1009E24A30AF100BE24230B3B
:1047A000F100EF80C07871BD9307B003F9BF7D14AD
:1047B00042044180F947E3E687E8DE244808230EF7
:1047C000F100FE243ECC9E28A30EF100EF80E07A9B
:1047D0008DBD7D1442044180AD47F1BF9307200693
:1047E000D9BF83C791A7E38E07E4A2854E85EFF07A
:1047F0006FAF81BD1307C9F906079307B9F931E90E
:1048000093161900A6968E22B7F601009386468D60
:104810003697C2070223C1833147E364F7E2796721
:104820008A0713070766BA979C43828793F5F50FAB
:104830002285EFF06FB031B513F5F50FEF30D018DA
:1048400009B51305F9FF06052695EFF0CFD2AA8525
:104850007DA02697860783590700F966130789F319
:10486000131617009386C67FBE9493170701B2965E
:10487000C183130720048222E365F7DC79678A0786
:1048800013074769BA979C438287EF40F00AE30A0F
:1048900005DAEF40100C06059387418AAA97822318
:1048A000268565B7EF405009E30D05D8EF40700A43
:1048B00006059387C189DDB72685EFF0CFCBAA84A3
:1048C000EF40F124B7F7010003A6079883A64798A5
:1048D0002A89AE89EF30912963450502B7F70100B7
:1048E00003A6879883A6C7984A85CE85EF30311DE9
:1048F0006356A000B7F7010083A48796A68522859A
:104900006DA8B7F7010083A44796CDBF2685EFF0C9
:104910008FC6D30705F0530700F02AC4D397E7A04A
:10492000D30700F095E3EF40911EB7F7010003A60F
:10493000879883A6C798EF309118A2676356A000A6
:10494000B7F7010087A78796D38507E04DBF13050A
:104950008006EFF06FBB89476308F5022685EFF00C
:104960008FC1B7F70100D30705F007A7C796D31784
:10497000F7A081EBB7F7010007A70797D397E7A048
:10498000E1D7D307E720C9B72685EFF0CFBEB7F749
:104990000100D30705F007A74797D317F7A081EBCE
:1049A000B7F7010007A78797D397E7A099C3D30765
:1049B000E720D38507E01305C00BEFF08FB951B1A5
:1049C0009305F9F193B5150026852EC6EFF0AFBA21
:1049D0002AC413058006EFF02FB3A267B24519C9A8
:1049E00085476300F502B7F7010007A74797D3177C
:1049F000F7A079B7538507E0EFF02FBBD30705F099
:104A0000DDB7538507E0EFF00FC3CDBF93F5F90F86
:104A100005B5CE852285EFF00FA81305600BEFF0EA
:104A2000AFAEAA8513B51900EF20303019B99967D8
:104A3000138797E86394E90085451DA09387A7E84D
:104A4000E391F9C0894529A89967138787E9E38528
:104A5000E9FE63693701938777E98145E393F9BEFE
:104A60002285D1B1138797E9E38EE9FC9387A7E903
:104A70008D45E387F9FEF1B6CE85DDB7CE8522857B
:104A8000BDB3EFB25FA941111305F100EF3000781B
:104A90009C8791E30145375400201304842C231490
:104AA000A40CEF3000752315A40C13056002EFF081
:104AB000AFA5231FA40C1305000DEFF02FA0B757CF
:104AC00000202317A40C03D5C72601ED2328040CCE
:104AD000232A040C232C040C231E040C41016FB068
:104AE000DFA51375F50F7D15B75600204205138914
:104AF00006179384C1A7938606171386C1A793054B
:104B0000F1004181EFF0EFCC834789002318F40CCA
:104B1000832749002319F40C83479900231AF40CC6
:104B20009C20231BF40C9C30231CF40CBC20231D64
:104B3000F40C9C87231EF40C55B7EFB23F9C411137
:104B400001453EE6EFE0EFB1814537590020EFF037
:104B50000FC61304892C9305840CEFF08FA2054532
:104B6000EFE02FB08545EFF08FC49305C40CEFF054
:104B70004FA1EF408048B7F7010087A64795D307BC
:104B800005F09305040D53F7D710531507C04205E0
:104B90004185537705D0D377D718538507E0EFF0D9
:104BA0004F9EEF404044D30705F0539517C0231A9A
:104BB000A40CEF40E03F231BA40CEF30B05C231C9F
:104BC000A40CEF30305C9147AA84B26763EAA70473
:104BD0007967931725001307077ABA979C43828752
:104BE0001305E00AEFF06F9A8145EFF04FBCD30751
:104BF00005F03DA01305A00AF5B71305600B3EE6CE
:104C0000EFF08F9085476301F50A93178501E187DF
:104C1000D9C389476304F5088D476304F508B26773
:104C2000538507E09305A40DED98EFF08F951305DC
:104C30000000B9C8EF3080558145EFF04FB7AA8426
:104C400013058006EFF04F8C89476307F50626852C
:104C5000EF40E16B2A891305800BAE89EFF0EF92EC
:104C6000EF40E16AB7F7010003A6879583A6C795D1
:104C7000EF30A1094A86CE86EF30A17A4A86CE86E9
:104C8000EF20B115EF4061739305E40DEFF06F8FE6
:104C900041016FB0FF891305200BA9B7EF40607C7D
:104CA000A1B7EF305040A1B71305C007EFF0EF8D6B
:104CB0003DBFD30700F0ADB71305C00BEFF0EF8C8D
:104CC000D30705F0538704F0D3F7E700538507E0D7
:104CD00065BFEFB2BF8237F9010037540020814928
:104CE000938A41881309498D13048418138AC18853
:104CF000214BB3873A0186239387C4F98607CA9765
:104D00008A238604A294EFE07FFBB3073A018AA0CE
:104D1000862389099387C4F98607CA978A2386045C
:104D2000A294EFE07FFE8AA0E39569FD9384418918
:104D3000138A640083D9040089049387C9F986071C
:104D4000CA978A23EFF06F8493951900A295EFF02C
:104D50004F83E3119AFE8354440E1305000DEFE0D8
:104D6000FFF5637895001305000DEFE03FF5231282
:104D7000A40E6FB0EFFBEFB26FF8B7F401009384AD
:104D8000C493F969375400204111138AC4009389F0
:104D9000C97F1304841803D904008904930789F395
:104DA0008607CE978A23EFE05FFE9305C9F9860553
:104DB000A295EFE01FFDE39044FF1305000AEFE02A
:104DC000DFFC9305C40FEFE0DFFB1305400AEFE0C3
:104DD000DFFB93058414EFE0DFFAEF40E035630377
:104DE0000510EF400037931415009387418AA6976A
:104DF0008A23EFE09FF92AC61385C18926950A21E7
:104E0000EFE0BFF8D30705F03267530507E09305DD
:104E1000E40D3EE6EFE0FFF6B267B7F4010093055C
:104E2000240E538507E093840492138AA401EFE0D3
:104E30005FF5930A400E094B03D904006319590B1F
:104E400013058006EFE05FEC6313650B1305C00BE1
:104E5000EFE0BFF39305C9F98605A2958904EFE059
:104E60005FF2E39B44FDB7F4010093848494138ABA
:104E7000A40003D904008904930789F38607CE9719
:104E80008A23EFE09FF09375B9FF938505F293B500
:104E90001500EFF0CF919305C9F98605A295EFE0D3
:104EA0005FEEE3189AFC79691309897E130A4901B8
:104EB000835409000909938784F38607CE978A23D0
:104EC0009384C4F98604EFE03FE4A2948AA0E3113E
:104ED0002AFF1305E006EFE07FDE2314A410410152
:104EE0006FB00FE5D30700F05387F72039BF930762
:104EF00089F38607CE978A23A1BFEFB2CFE105459C
:104F0000EFE09FE08547631BF5001305300DEFE0F0
:104F1000BFDFAA851305900DEFE01FD76FB0EFE15B
:104F2000EFB2CFDD9307300663E9A71083C791A7DF
:104F3000375900201304891801451EA0EF40E06591
:104F40009305E403EFE0FFE30545EF4000659305BB
:104F50002404EFE01FE30945EF4020649305640457
:104F6000EFE03FE2938941A8138541A8EF70906E6E
:104F7000375500209304C5171305C517EF7010713E
:104F80000545EF60D07C83C709002311A40E1305EB
:104F900000027EA083C719001EA483C729009309BD
:104FA00089183EA49C245EA4DC407EA49C34930417
:104FB00089187D491EA8EFE07FD00ABC4D442285A8
:104FC0000504EFE07FD442048AB041808904E318ED
:104FD00024FF37F401001304449037F90100130A49
:104FE000A40113094988062009048604B30799001F
:104FF0008A23CE94EFE05FD18AA0E3168AFE0545AE
:10500000EFE09FD011E9EFE0AFCA7D153335A00086
:10501000B75700202392A71C0545EFE0FFCE854738
:10502000631BF500EF30801C691513351500B75769
:1050300000202392A71C6FB0AFCF0545EFE0DFCC77
:1050400001E5EFF01FC965BF93874182982305C32F
:1050500023800700EFF07FEA1305300DEFE0DFCA91
:10506000AA8537F501001305458FEF504137EFF062
:105070009FD071B7EFB2AFC7AA8A05452E84328997
:10508000EFE09FC806059387418BAA97054503DA91
:105090000700EFE07FC7330789009307000263DF53
:1050A000E700931715001385C18A3E951E2105451B
:1050B0006368440BD297850763C4E70A7D1413170E
:1050C000040141839307300663EEE708B7F7010058
:1050D00087A70796796BB7540020538C07E0814966
:1050E000130B4B7B9384842C930B4003B3073B013E
:1050F0008843EFD01FD753070CF0D30705F0B385D3
:1051000034019109D3F7E710539507C0D37705D041
:10511000D3F7E718538507E0EFE0BFC6E39879FDC2
:10512000EF20303ACAB8EF20F038EAB8EF30600923
:105130002396A40C1305800DEFE01FBD8ABCEF3051
:10514000D0049385A403EFE0DFC31307CAF9420735
:10515000B756002041839386862C631F09000145C2
:105160006FB06FBC0545EFE03FBA01E5EFF07F910E
:10517000E9BFEFF09F9CD1BF814763434401BA87E9
:10518000B307F4408607B69792237D19890A2182D6
:10519000238FCAFE9E2342090504A38FFAFE1359EA
:1051A000090165BFEFB28FB541112A8905452E84EB
:1051B000B28436C6EFE05FB506059387418BAA97A8
:1051C000054583D90700EFE03FB433878400930798
:1051D000A002B24663DFE700931715001385018B29
:1051E0003E951E210545636F3407CE97850763CB37
:1051F000E7067D14A9CA85476395F606138AC9F99F
:10520000420AB75A0020135A0A01938A8A18B1C871
:10521000814763433401D28703470900B307F44051
:105220008607D69722079AA309098346F9FF131523
:105230000401FD14558F4181C2049AA30504EFF0C7
:105240000FBAC180E9B7131504014181EFF05FCDBA
:105250001387C9F94207B756002041839386861801
:1052600089E4014541016FB0AFAC8147634334012C
:10527000BA87B307F4408607B6979223FD1409094D
:105280002182230FC9FE9E23C2040504A30FF9FE49
:10529000C180F9B7EFB28FA69384F5FFC204C18035
:1052A0003387C400914763CDE70632892E84AA89EB
:1052B0009DC6854701456395F6043384C5004204C5
:1052C00041801389140042091359090163098902B5
:1052D00083C509002685CA84EF60F042DDB7375ADE
:1052E00000204A9413058A184204EF60304341803D
:1052F00013891400420913590901631589000145F6
:105300006FB00FA3A685054613058A18EFD08F91BD
:10531000AA86A68505464E85EFD06F89CA84C9BF87
:105320000545F9BFFD15C205C1813387C500954705
:1053300063CAE706EFB2AF9B375B00202A84935A1B
:10534000360093DB350013058B18B28493F9750092
:1053500013891A00EF60F04E228A130B8B18B38B5F
:105360008B4033057A01420541812146CE855A950D
:105370007D19050AEFD00F8B4209A30FAAFE13591E
:105380000901E31009FEA1479D88B38497403315B6
:1053900095001375F50F56943355954008A00145B7
:1053A0006FB06F9805458280EFB2EF961564854423
:1053B000130404B02145EFE03F95631395021D45AA
:1053C000EFE09F94AA850547A2860D460145EFD0E0
:1053D000EF886DF1EFD0EF9A71FDEFD0AF9CEDBF8C
:1053E0000145EFD0AF91F5B703C641A9375700206B
:1053F00081461307473C894593F7F60F63FDC700C5
:1054000036888506B308D70083C8F8FFE396B8FE50
:105410004297854614A39306F6FFB755002001472F
:1054200093F6F60F9385453C85486313E60082802A
:105430000DE181EFB6873388F5000343080063115F
:10544000130389472300F8008280FD1793F7F70FB5
:10545000DDB7850793F7F70FE3EFC7FC8147E1BF9F
:1054600005071377F70FD1B70A059387C18BAA9762
:1054700088438280EFB22F8AB70704003755002097
:10548000938747711307A0039306000801468145DF
:105490001305C50DEFB02F9D6FB02F8AEFB2AF8708
:1054A000EF605041184123A6E1AA6FB00F8983A590
:1054B00001AB51488147130640063387070393F633
:1054C000F70F2E9718236306A7008507E397C7FEFB
:1054D000854636858280375700209307473C23A2B4
:1054E000070023A007002394070083C691AA514612
:1054F000B386C60283A701AB014601451307473CAB
:105500008945854805432948B697D443814703AE6A
:105510004600631ABE0005051375F50F19EE330634
:10552000F7000CA2054683CE0600850713FEF70F91
:10553000639A6E00238AC1A98280330EF70023008C
:105540001E01D5B7C106E39407FD8280EFA21FFBC1
:1055500083C791AA51477D153387E70283A701AB23
:105560001375F50F138991AABA9711476360A706BF
:1055700037F70100130707990A053A951841028782
:10558000A22B1DC8937704F0C2072167C18393063D
:1055900007106387D70663EDF60299669386063097
:1055A0006382D7086385E7049377F40F91C73E853C
:1055B000EFF0FFEF2300A9006FA09FF7822BD1B778
:1055C000C227C1B7E22775BFA22765BF822755BF93
:1055D000930607306389D70213070740E396E7FC79
:1055E000938761AA982369D37D1798A375BFEFF0BD
:1055F0009FEE09472384E1AA05472386E1A86DB7FA
:10560000238301AA55B7938461AA83C904001305B3
:10561000000D8509EFE08FEAE3D8A9F89C20850703
:105620009CA059B7B707EFBE37E700E0938707089C
:105630003CC79DBFEFA23FEEEF20F03405479387B4
:1056400001AB630CE500370700201307876998C397
:105650000545EF1010706FA05FEE370700201307AD
:10566000074E1305900698C3EFE00FEA2A8413054E
:10567000600BEFE06FE9AA852285EF10906E01457F
:10568000C9BFAA8879162E85994563E5C50EEFA294
:105690009FE8B7F501000A069385459A2E961042B9
:1056A0000286639C0800EFE02FE642054181239CBF
:1056B000A1A8A38901A86FA05FE8EFE02FE0C5BF14
:1056C00083D581A96397080093F5F50FEFE0AFDC70
:1056D000DDB7EFE02FC1C5B7138731A91C238507BC
:1056E00093F7F70F63E4F6001CA3F1B7230007005C
:1056F000D9B7938731A9982319E394A36DBF7D1778
:1057000098A355BF83C631A9938881A91395260014
:10571000B7F60100938646DFAA9683D50800944227
:10572000138681A9AE966365D7002390D80061B730
:1057300063130800BA871EA2BDBF83C631A9938830
:1057400081A913952600B7F60100938646DFAA9635
:1057500083D508009442138681A93385F54063669A
:10576000D500958D2390B800B9B7631308003E8724
:105770001AA291B78280EFA27FD8538707F08D4796
:105780004111D30607F0014963E7D7001388818BE5
:10579000369803490800F915994763E2B702B7F74D
:1057A00001009387079C8A05BE959C4136848287B9
:1057B000EFE0AFDD23AEA1A80504A38981A84101D4
:1057C0006FA01FD783A5C1A9EFE0AFD8CDBF03C796
:1057D00031A93696938731A905071377F70F6349E7
:1057E000E60098A39823E31C87FC050480A3C1BFAF
:1057F00023800700C5BF83C731A93696138731A917
:1058000099C31386F7FF1376F60F6304C40010A341
:105810007DB77D1400A365B783C431A963F59600F5
:10582000FD1493F4F40F37F40100130444E093974C
:105830002400A2979389C1A99C6307A70900D37785
:10584000F700D387D7A095C7530507E0CA948A0409
:10585000EF30F12BA2942AC488402EC6EF30312BB2
:105860002246B246EF107157EF30313523A0A90020
:10587000B9B727A0D900A1B783C431A963F59600B1
:10588000FD1493F4F40F37F40100130444E09397EC
:1058900024009389C1A9A29787A609009C63D3F726
:1058A000F6085307F7A005C7538506E0CA948A0493
:1058B000EF30F125A2942A8A8840AE8AEF30312554
:1058C0002A86AE865285D685EF30210171BF27A08A
:1058D000E900F5B5F915994763E6B71EEFA21FC2B7
:1058E000B7F701009387C79D8A05BE959C41AA849E
:1058F00082870144138901AA9149338584004205B6
:105900004181EFE06FC0B307890088A30504E31667
:1059100034FFA38901A86FA0BFC10144138901AA64
:105920009149B3078900338584008C234205418166
:105930000504EFE04FB6E31634FFF1BF03C731A90A
:10594000B946938731A905071377F70F63EFE60090
:1059500098A398238D461376B70F6305D600AD46FE
:10596000E31BD7FA050798A37DB723800700D5B7B7
:1059700083C731A9138731A991CF9386F7FF93F697
:10598000F60F93F5B60F0D466388C5002D46638567
:10599000C600B6871CA341B7F917EDBF83C731A96D
:1059A00037F601000947938501AA130646DF636FA6
:1059B000F7008A07B297B8319C43BA971307F00FE4
:1059C0006364F700BCB181BFFD57EDBF1947636148
:1059D000F702F11793962700B296B8219C42BA9726
:1059E0001307F00F6364F700BCA135B7FD57EDBF97
:1059F00029476362F702E1178A07B29798319C43FF
:105A0000BA971307F00F6364F7009CB129B77D576D
:105A1000A380E1AA09B7138747FF8D473367F702D1
:105A200094210A0732971C431307F00FB69763645B
:105A3000F7009CA1CDB57D572380E1AAE9BD83C7BE
:105A400031A937F601000947938501AA130646DFFD
:105A5000636EF7008A07B297B8319C436365F7001D
:105A60001D8FB8B14DBDA381050075B519476360A1
:105A7000F702F11793962700B296B8219C4263650E
:105A8000F7001D8FB8A141BD2381050069B52947E5
:105A9000636CF700E1178A07B29798319C43E3687B
:105AA000F7F61D8F98B185BD138747FF8D47336784
:105AB000F70294210A0732971C43E3EEF6F69D8E17
:105AC00094A191BD8280EFA21FA52E841DE11385B4
:105AD00081ABEF702038938781ABB8239433902348
:105AE000B7F501009385454B2285EF4011226FA049
:105AF000DFA47D159D47E3ECA7FEB7F70100938770
:105B0000879F0A053E951C418287A38901A8C5B7D6
:105B1000138581ABEF70A041D9BF03C731A99D4662
:105B2000938731A905071377F70F63EDE60098A374
:105B3000982389466305D7009546E31AD7FA0507E7
:105B400098A375B723800700E5B783C731A91387EA
:105B500031A981CFFD1793F7F70F89466389D700E5
:105B600095466386D7001CA359B79D47EDBFFD1727
:105B7000DDBF83C731A937F601000547938681ABA6
:105B8000130646DF636DF7008A07B297B8229C437D
:105B9000BA971307B0036366F706BCA289BF114723
:105BA000636EF700F5178A07B29798329C43BA974D
:105BB0001307B0036367F7069CB215BF1387A7FFEF
:105BC00089473367F7028C220A0732971C435D47E7
:105BD000AE976364F7009CA219BF98A209BF83C760
:105BE00031A937F601000547938681AB130646DFDE
:105BF000636EF7008A07B297B8229C436365F7008B
:105C00001D8FB8A2EDB523810600D5B51147636F8E
:105C1000F700F5178A07B29798329C436365F7003F
:105C20001D8F98B2E9B5A3800600D1B51387A7FFF1
:105C300089473367F7028C220A0732971C4363E5D2
:105C4000F5009D8D8CA265B5238006004DB5EFA2B1
:105C5000FF8A2A840545AE84EFE00F8BAA89EF10F6
:105C6000900E930720072A8963E58704130424F91B
:105C7000420441809147054663EB8700B7F7010076
:105C8000938787A10A043E941C4082870946B7F592
:105C90000100CA86938505462685EF4011076FA04F
:105CA0003F891546EDB71946DDB71D46CDB72A86A3
:105CB000F9BF13059006EFE02F859307E00763E235
:105CC000870C1304D4F842044180A94763EA870093
:105CD000B7F701009387C7A20A043E941C4082874D
:105CE0001D46E38609FA11465DB71546E38109FAB8
:105CF0000D4671BF89471D46E31BF5F8214641BF9C
:105D000089472146E315F5F8254651B789472546C9
:105D1000E31FF5F62946A5BF89472946E319F5F69D
:105D20002D46B5B789472D46E303F5F6EF30C04061
:105D300029051376F50FA1BF89473146E309F5F42C
:105D4000F5B789473546E304F5F4EF30E03E2D051D
:105D5000CDB789473946E30CF5F2EF30E03D310528
:105D6000C9BF89473D46E304F5F2EF30E03C350515
:105D7000C9B789474146E30CF5F0EF30E03B390500
:105D80004DBF23800400930700086305F4029307C6
:105D90001008630DF4029307F007E312F4F089474B
:105DA000E31FF5EEB7F50100938585462685EF40A4
:105DB000217AF5B51305600BEFD01FF58D47E31081
:105DC000F5EEB7F5010093854548CDB71305600B97
:105DD000EFD09FF38947E314F5ECB7F50100938505
:105DE000C549E9B7EFA28FF19307B0054111AA8920
:105DF000AE84328463F7A7381305600B3A8AEFD07C
:105E0000BFF02A89EF201038938749FAC207C1836F
:105E100041476367F70837F701008A07130787A52B
:105E2000BA979C438287EF30C0329307C0050605BE
:105E30006395F9021387418E2A970A23854763F3F6
:105E4000870237F7010003270725930700008D46D7
:105E50000D46A285EFF03F92A1A09387C18DAA972E
:105E60008A23E9BF19ECEFD05FF2EF30414AAE86EA
:105E7000B7F501002A869385C5252685EF40E168A0
:105E800005A003A5C1A9D5B7EF20D012B7F701002F
:105E90000A05938787C5AA978C432685EF40416BF7
:105EA00041016FA0EFE8EF30C02AB7F701000A0503
:105EB0009387C7D9CDB7EF30202805C1EF306029CF
:105EC00009ED1945EFC0FFF9EF306144AE86B7F533
:105ED00001002A86938545264DB79385C18C75BFF1
:105EE0008547E31CF9FE1D45F1BF8D47E317F9FE19
:105EF000EF30A010EF30A141AE86B7F501002A8641
:105F00009385C5269DBF8D47E319F9FCEF30A00DA1
:105F1000D30705F0B7F5010093858527539607C091
:105F20002685EF40815EADBF8D47E318F9FAEF306B
:105F30002008B7F501002A8693854528D5B7238028
:105F400004000544E30189FA8D47E31BF9F4EF30BF
:105F5000402059DDE30C85FAD9BF23800400137972
:105F6000D90F8547E31EF9F2B7F501009385C528DF
:105F70002DB79147E3E6A7F2B7F701009387C7A9CA
:105F80000A053E951C4182871305E00AEFD0FFDF2A
:105F90008145EFE0CF8123AAA1AA2AC61305800676
:105FA000EFD09FD6B267B7F701000A05938787CB7A
:105FB000AA979843538507E03AC0EF30413502472E
:105FC0002A86AE8615AA1305A00AC9B71305600B69
:105FD000EFD09FD38547630DF50493178501E187C3
:105FE000B1C389476303F5048D47E31BF5EAEF204E
:105FF000900B2A84EF30E015B7F701000A0593876C
:1060000007D9AA97984322853AC0EF30413002471A
:10601000AE86B7F501002A869385C52B2685EF400D
:10602000C14EBDBD1305200B95B7EF3080438DB732
:106030001305C007EFD07FD56DBF13058006EFD0E5
:10604000BFCC89476307F500B7F501009385454547
:10605000A9B5B7F501009385854481B591476317CC
:10606000F500B7F501009385852905BD11E5B7F564
:1060700001009385452A15B5EF2040118145EFD0E9
:106080001FF323AAA1AA13058006EFD0FFC78947F3
:10609000138441AB6307F5060840EF3041272A8996
:1060A0001305800BAE89EFD05FCEEF304126B7F7F6
:1060B000010003A6879583A6C795EF1011454A8670
:1060C000CE86EF2001364A86CE86EF100151EF30A2
:1060D000C12E08C00840EF3081232AC01305800676
:1060E0002EC2EFD07FC2B7F701000A05938787CB96
:1060F000AA97984302469246B7F501009385052B6F
:1061000031BF1305C00BEFD05FC81C60530705F00B
:10611000D3F7E7001CE07DBF0145EFC09FD48DBDE4
:106120000545EFC01FD48545ADB515C08D47E319B2
:10613000F4D6EF20A00B89476312F504EFE0CFC936
:1061400015EDEF20C05185472300FA0091BBEF20E9
:10615000E0099947631FF50083C7C1A891C7B7F548
:1061600001009385852C15BBB7F501009385052F9C
:106170002DB3B7F501009385853005B3EF20A04E10
:10618000D9B79307F5FC37F70100139617001307EB
:1061900047CC3297C20703590700C1831307A002F7
:1061A000E360F7D037F701008A07130707ABBA9708
:1061B0009C438287854763ED87006317041A4A85ED
:1061C000EFD09FB42A86B70502009385056289BB8C
:1061D00005488547614785462286CA850145B1AA9B
:1061E00023800600854763F5870005488147CDA2D7
:1061F000631DF40003C581A99317250037F501003D
:106200001305C5C43E950C4149B94A85EFD0DFAFAF
:10621000E5B723800600854763F487029947631C2E
:10622000F40013059006EFD03FAE83D581A9EF109F
:106230004033EFF04FAA054881470D47814669BFBB
:1062400019E84A85EFD05FAC9317250037F50100B8
:10625000130585CA45BF03D581A9FDB72380060074
:106260001305600BEFD05FAA8D476313F5048547D4
:1062700063F287029947E31AF4F683D481A91305E0
:10628000600BEFD07FA893B41400AA852685EF1089
:10629000C029A1BF19E84A85EFD01FA79317250091
:1062A00037F50100130585D6B1BF03D581A9FDB728
:1062B00023800400F5B6854763F487000548B5BF21
:1062C00011E84A85EFD05FA42A86B7F501009385CF
:1062D0000533B9B103D681A9CDBF930780056310FB
:1062E000F5021305700B36C0EFD01FA27D15931772
:1062F00015001385418D3E95035905008246238084
:1063000006008547E3E387EE19E84A85EFD0DF9F73
:106310009317250037F50100130585DAE5B503D598
:1063200081A9FDB7854763FD8700014881471307B1
:10633000703E89462286CA850545EFF08FB48DB63A
:10634000631804124A85EFD07F972A86B7F50100BB
:1063500093858532F1B68547E3F187E601488147A9
:106360001307300689468DBD03D681A9A9BD2380B8
:106370000600854763F687000548814705477DBDD0
:1063800019E84A85EFD05F989317250037F501008B
:10639000130505C485BD03D581A9FDB7238006007B
:1063A000854763F9870299476312F402938481A9B0
:1063B0008A2013351500EF10E05886201305600B76
:1063C000EFD09F94AA852685EF10A0190548854730
:1063D0000947ADB519E84A85EFD01F9393172500FB
:1063E00037F501001305C5C631BD03D581A9FDB739
:1063F000EF20905419ED1305B00DEFD0FF9011C9A7
:106400004A85EFD07F90B7F701000A05938787CBC5
:1064100059B4EF207052B7F701000A05938707D9E6
:106420009DBC23800600854763F98700130590060D
:10643000EFD09F8DE30605A64DBB19E84A85EFD046
:10644000BF8C9317250037F50100130585CB5DBB85
:1064500003D581A9FDB7854763F7870001488147C8
:106460001307A00FE1BB09E44A85EFD0FF89F1BD16
:1064700003D681A9E1BD13058006EFD0FF888947C7
:106480006300F502854763F0871EB7F7010037F711
:10649000010083A707970327C79685460D460DAAD7
:1064A000854763F08702B7F7010037F7010083A73C
:1064B00087970327479785461146A2851305C00B8A
:1064C00051BA11EC1305C00BEFD03F8CEF203164B3
:1064D000AE86B7F501002A869385453479BA03A5BF
:1064E000C1A9EDB79305B5FC854993B515006303C4
:1064F000340D51CC8D476304F4029947938441AB2A
:10650000630CF404B7F7010003A54797EFD03FAA47
:1065100088C0930700002A878546114655A84A85FA
:106520002EC0EFD09F868245EFD07FA8B7F701003D
:1065300087A74795530705F0A9470947D377F71071
:10654000539507C03345F502D37705D027AEF1A8A0
:10655000A389E1A86FF0DF9487A7C1A9130580067E
:106560002EC09CE0EFD04FFA824509C9630D35017A
:106570008C404A85EFD0EFFD6FF09F928840EFD0BE
:10658000DF8288C0F5B78840EFD0FF8ADDBF4A853B
:106590002EC0EFD08FFF8245EFD07FA123AAA1AA02
:1065A000EF20F156AE86B7F501002A869385C534F3
:1065B0006FF0BF8C03A5C1A9E5B7854763FE8700CF
:1065C00037F701000327872593070000914605460A
:1065D000A2854A856FF01F8811EC4A85EFD0EFFA4B
:1065E000EF20F152AE86B7F501002A869385453536
:1065F0006FF0BF8803A5C1A9E5B7854763FA870097
:1066000037F701009307000003274725894631B774
:1066100011EC4A85EFD06FF7EF20714FAE86B7F5DA
:1066200001002A86938545336FF03F8503A5C1A9F4
:10663000E5B7854763F98702B7F7010037F701002F
:1066400083A74796032787968546154651B7854702
:1066500063FB8700B7F7010083A7479637F7010070
:10666000032787961DBD11EC4A85EFD00FF2EF206E
:10667000114AAE86B7F501002A869385C5336FF0BF
:10668000CFFF03A5C1A9E5B7854763F58700930749
:106690000000E9B711EC4A85EFD02FEFEF2031472A
:1066A000AE86B7F501002A869385C5356FF0EFFCFD
:1066B00003A5C1A9E5B7EF921FE6930730020111C8
:1066C000AA842E8463F6A7201305000D9384C4FDCD
:1066D0003A8932C6A30F0100C204EFD02FDEC18079
:1066E000B147AA8663E79704B7F701009387C7B558
:1066F0008A04BE949C403246828715C28D47631A35
:10670000F60281451305200DEFD0CFBD814513055D
:10671000000DEFD02FBD85472300F90019A883C7CE
:10672000C1A899CBB7F50100938545362285EF3096
:10673000316205616F907FE0B70502009385C56BFC
:10674000F5B7EF10D0292A86B7F501009385C53833
:106750002285EF30915BF1BF1305F101EF10102B93
:106760008347F10189C7131605014186F1BFB7F5CB
:1067700001009385C5395DBF4DDD938781ABB8239B
:1067800094339023B7F501009385454B2285EF3074
:10679000D15745B759DDB75700209387873BB7F5E9
:1067A00001009837D44390279385C53AC5B751D196
:1067B00083C741AA13972700B7F70100938747C9FA
:1067C000BA978C43A5B735D583C741AA05476382DD
:1067D000E70295CF09476383E7020D47E39BE7F4A0
:1067E0002D45EFD06FD2B7F501002A869385053E7F
:1067F00085B7B7F501009385C53B0DBF2545EFD0A3
:10680000AFD0B7F501002A869385C53C91B7B7F59F
:1068100001009385453F19BF11E5B7F50100938548
:10682000C54129B7938461AA9020B7F501009385EB
:10683000454205062285EF30514D8820B75600208D
:106840009386863B138681AB938541AAEFD06FF880
:10685000CDB52A86B705020093850562D5BD1D45D5
:10686000EFC02FE0D30705F0B7F50100938505438E
:10687000539617C01376F60FE1BD1305700DEFD0D8
:10688000AFC80A059387418CAA9725BFEF10101651
:1068900089476310F5020545EFC0AFDCD30705F06B
:1068A000B7F5010093858543539617C04206418290
:1068B00045B5B7F50100938545448DBD13056002CC
:1068C000EFD08FC4B7F501002A869385054549B5F9
:1068D000930715FE37F70100939617001307C7D1EA
:1068E0003697C20703590700C1831147E363F7E4F2
:1068F00037F701008A07130707B9BA979C438287C5
:10690000854763FCC700014881471307703E8946ED
:10691000CA850545EFE0FFD629BD11EA4A85EFD0CB
:10692000EFB92A86B7F501009385853215B503D6F0
:1069300081A9CDBF854763F8C702B7F7010093056A
:10694000E5FD03A54797B335B00032C6EFD04FD66B
:10695000D30705F001488147539717C08D4632464B
:106960004207418375B711EA4A85EFD02FB52A86D1
:10697000B7F5010093858545E1BB03D681A9CDBF5D
:10698000854763F9C7000148130730068946CA8561
:10699000014549B711E64A85EFD00FB72A865DBD9C
:1069A00003D681A945BDEF921FB70111B687A30B8E
:1069B0000100238005002E893284BA8681C703C76F
:1069C00031A998A399C285479CA2930735F9C207BC
:1069D000C1835147636AF700CA85EFF04FA70345AB
:1069E000710105616F907FB59307F5FCC207C18304
:1069F0001307B0036369F700130771012286CA8584
:106A0000EFF04FBEE9BF930715FEC207C1834547AC
:106A10006369F700130771012286CA85EFF0BFC9C9
:106A20007DBF37F7010093171500130787D2BA9778
:106A30008623F947E3E5A7FA37F701009317250006
:106A4000130747BABA979C4382872380060085477D
:106A500063F78700054881470547814679A019E813
:106A60002685EFD06FAA931725001385C18E3E951A
:106A70000C4135A203D581A9FDB7238006008547C7
:106A8000E3EA87FC09E82685EFD00FA893172500D5
:106A90001385C18BE9BF03D581A9CDBF2380060033
:106AA000854763FD87000548814709477DB72380F7
:106AB0000600854763F487000548C5BF19E82685A9
:106AC000EFD08FA49317250037F50100130585C873
:106AD00079BF03D581A9FDB709CC85476307F402C7
:106AE000014885471307300685462286A68501455D
:106AF00025A42685EFD04FA12A86B70502009385ED
:106B000005624A85EF307120D9BDB547138481A94C
:106B10006316F5000C202685EFD00F971220F1BFE9
:106B2000EF10206AA14701461377150001C705063B
:106B30001376F60FFD17058193F7F70F1375F50F11
:106B4000E5F765BFEF10E067E30B05E803C721A990
:106B500083C751AA138451AA09C73357F540058B3F
:106B600015E321471D46850793F7F70F6373F6007A
:106B70008147B356F540858A89E67D171377F70F6D
:106B80007DF31CA00545EFD02F981C2013972700FC
:106B900019E9B7F70100938747DBBA978C434A8519
:106BA000EF30111B2DBDB7F70100938747DDF5B717
:106BB000854763FF87009307000037F7010003272D
:106BC000472589461146A2852685EFE0DFBA01BD3B
:106BD00005E02685EFD06F9BEF206173AE86B7F599
:106BE00001002A86938545334A85EF301112C5BBD3
:106BF00003A5C1A9D5B7854763F78700B7F701009B
:106C000083A707165DBF09EC2685EFD00F98EF200C
:106C10000170AE86B7F501002A8693854516E9B75F
:106C200003A5C1A9EDB72685EFC0AFA3D30705F033
:106C3000B7F501009385C516539607C0D9B5280846
:106C4000EF3090428348D1010348C1018347B1012D
:106C50000347A1018346910103468101B7F5010075
:106C6000938545174A85EF30510A95BBEF10605860
:106C70008547630AF5008947630CF500B7F5010005
:106C80009385451829BFB7F501009385C51901BF44
:106C9000B7F501009385451B19B709C88547630BF4
:106CA000F404A2852685EFE0FFC215BB2685EFD050
:106CB000AF852AC61385140042054181EFD0CF84E9
:106CC0002AC41385240042054181EFD0EF832AC2F4
:106CD0001385340042054181EFD00F831247A2464D
:106CE0003246AA87B7F501009385451C4A85EF30E7
:106CF000D101F5B1138601AA3C3238221432102298
:106D0000D5B7854763FD8700014881471307703E6B
:106D100089462286A6850545EFE0BF96C9B1631B6B
:106D200004242685EFC09FF92A86B7F501009385D4
:106D30008532C1BB2685EFC0CF92D30705F0B7F5EA
:106D400001009385851D539617C04206418255BBAD
:106D5000CA852285EFE03FD759B115E437550020A9
:106D60001305853BEF608012B75700209387873B60
:106D70009837D4439027B7F501009385C53A4A85E3
:106D8000EF30A178A9B97D149D47E3EA87C4B7F72E
:106D90000100938707C20A043E941C408287A3899E
:106DA00001A835B9375500201305853BEF60E01C7D
:106DB0003DB103C731A99D46938731A905071377D4
:106DC000F70F63EDE60098A3982389466305D70083
:106DD0009546E316D7C0050798A311B12380070095
:106DE000E5B783C731A9138731A991CBFD1793F775
:106DF000F70F89466387D70095466384D7001CA3A5
:106E0000F9BEFD17EDBF83C731A9B756002037F68D
:106E1000010005479386863B130646DF636DF70046
:106E20008A07B29798369C43BA9713073006636770
:106E3000F7069CB66DB61147636DF700F5178A0724
:106E4000B297D8429C43BA9731476368F706DCC2D1
:106E500079B61387A7FF89473367F7028C260A079D
:106E600032971C437D47AE976364F7009CA685BEAE
:106E700098A6B5B683C731A9B756002037F60100EA
:106E800085459386863B130646DF63EDF5008A074A
:106E9000B29798369C4363F5E7001D8F98B681B68C
:106EA0008CB635BE1147636EF700F5178A07B297A7
:106EB000D8429C4363F5E7001D8FD8C20DB6CCC203
:106EC00039BE1387A7FF89473367F70288260A0769
:106ED00032971C4363F5A7001D8D88A609B68CA6C2
:106EE000FDBC854763F38708B147631EF50029455C
:106EF000EFC09FE17D1513170501418393074006FD
:106F000001488946DDB6AD476313F5023145EFC050
:106F1000BFDF7D1513170501418325453AC2EFC038
:106F2000BFDE050593170501C1831247D1BFF9479D
:106F30006313F5022945EFC03FDD050593170501F1
:106F4000C1832D453EC2EFC03FDC7D1513170501FF
:106F50004183924775B73145EFC01FDB0505931795
:106F60000501C1831307F00F61BF09E42685EFC057
:106F7000BFD95DBB03D681A94DBB15E083C7C1A8AE
:106F8000E38F07A4EF10802611E5B7F50100938584
:106F9000051E31B1B7F501009385C51E09B18D47B6
:106FA000E31FF4A2EF10802419E1EFC0AFCF8547B3
:106FB000A30BF1002DB415C08D47E312F4A2EFD05E
:106FC000AF9513054006EF800033B707EFBE37E7F4
:106FD00000E0938707083CC719B483C7C1A8E380C2
:106FE00007A0B7F501009385C51F55BEEF00704D92
:106FF0002AC2EF00304C1246B7F50100AA869385ED
:1070000005224A85EF306150D9BA238006008547B2
:1070100063F6870005488147194781B419E826853A
:10702000EFC09FCE9317250037F50100130545D714
:107030003DBC03D581A9FDB73757002003C641A940
:107040001307473C8147894593F6F70F63E7C6006E
:10705000054705452386E1A88280938617003305FE
:10706000D7000345F5FF6310B504EF92CFCA3E97F2
:107070008D4614A383C691AA5146B386C60203A7C0
:1070800001AB92070D468145369758438146BA9722
:10709000CA270147239BA1A8EFF0FF90054723864D
:1070A000E1A86F908FC9B68745B73757002003C650
:1070B00041A91307473C81478D4593F6F70F63E6D7
:1070C000C60009472384E1AA82809386170033080B
:1070D000D7000348F8FF631EB802EF92CFC33E9774
:1070E000894614A383C691AAD145B386B60203A7E5
:1070F00001AB92072A868145369758438146BA9755
:10710000CA270147EFF03F8A09472384E1AA6F901D
:10711000CFC2B6875DB7EF920FC0B2862E86AA8522
:10712000375500201305C50DEF901FBB6F90EFC0C2
:10713000EF926FBE375500201305C50DEF904FDB62
:107140006F90AFBFEF922FBA1389C1AA0325090030
:107150001971EF70007C938901AB138491AA5DC90A
:1071600003250900938501A90146EF702064854736
:10717000938401A96310F50A9830371501409307ED
:10718000000293050004130505406316F70EEF5047
:10719000D0169830930700046319F70483C681AAB8
:1071A0001147138981AA6397E606942003C771AA41
:1071B000938771AAE1C61546136717006382C60C50
:1071C00098238D476318F70437F50100130545240C
:1071D000EF30E13295472300F90005472386E1A807
:1071E000EFE06FAF1945EFF05FEC983093070008C0
:1071F0006312F702138981AA034709000D4A630944
:10720000471391476308F70089468820630CD70627
:10721000EFE0CFB31820D14683A709003307D70288
:10722000B75900209389493CB7540020BA97C0430E
:10723000EFF01FF0130B040A03284400054D0C3037
:1072400030206307A813630F081089476308F816F6
:107250001C2089E741048509E3108BFE138721A9CF
:107260001C23A946850793F7F70F63ECF6281CA3A8
:1072700009616F900FABEF50500721BF13672700D4
:1072800098A33DBF63004509636BAA00E314E5F8CA
:1072900083C7C1A8C9C70145EFE00F95A5BF630A21
:1072A000F5029547E318F5F69387C1A8982301C71F
:1072B0002380070085B71820D14683A7090033072C
:1072C000D70223000900BA97A82BEFE04F9E08A031
:1072D00091B79384C1A89C2091E785479CA0EFE0DB
:1072E0008F9F0DBFEFF05FD58547631AF5001545F9
:1072F000EFF0BFDB238004002300090021BF23003F
:10730000490109BF83C7C1A80545D9F71820D1464F
:1073100083A709003307D702BA97C8277DB718207B
:10732000D14683A709003307D702BA97E82771BF70
:107330009C206361F70237F70100130787C78A07AC
:10734000BA97904303D561A9014781468145EFF083
:107350008FE5C9B5114719456383E7001545EFF07F
:10736000DFD44DBD14441385C40DEF90FF96CDB509
:10737000131906011444135909014A861385C40DD3
:10738000034A3400EF905F954A249306A101014619
:107390001307B1016C08EFF00FE16C081385C40D01
:1073A000EF90DF9C93050008B38545411375F50FF9
:1073B000898DC20574084A86C18175B71319060103
:1073C0001444135909014A861385C40D42C6EF902F
:1073D000BF9003C609004A241307B101751693062E
:1073E000A101133616006C08EFF0EFDB6C08138573
:1073F000C40DEF90BF9783C781AA834A3400137AE4
:10740000F50FF9C383C709006370FD0C139D0A01D2
:1074100093180A01135D0D019305F00793D8080135
:10742000B385A5413248B3851541939D050193DD90
:107430000D016391070583C7C1A8D9C703C721A957
:10744000954763E3E708130669FF4206C6862D47A2
:107450004182EE851385C40D46C6EF908FA5814508
:107460001385C40DEF90DFA185451385C40DEF9002
:10747000CFF7B24803C709008D476317F7040347E6
:10748000B101130669FF4206854741826317F7067B
:107490008345A101E9572D478505B385F502994636
:1074A0009385F507B385A541C205C1811385C40D38
:1074B000EF902FA089451385C40DEF907F9C8545E3
:1074C0001385C40DEF906FF29305F007B385554116
:1074D000B3854541C20574084A86C1811385C40D30
:1074E000EF908FFF1385C40D8545EF907F998145FF
:1074F0001385C40DEF906FEFA1BB2D47C686EE85B7
:1075000075B723000700ADB3B707002093870717AF
:107510002380070205476317E500238007042388BB
:10752000A70482802380E704828001C9EF82BFFE26
:107530002E85EFF07FFD6F904F80B7070020054745
:107540002388E718828001C503C501AC82802945E4
:1075500082807D153335A000B70700202388A74A15
:107560008280EF82BFF93704002037090020AE8403
:107570001304044E1309093A21ED814513058006D1
:10758000EFC08FF08547B7090020938909102300C9
:10759000F9022D47A547231AF40C2322340123179F
:1075A000E40A85476381F40AADCC094A6383440F3A
:1075B0008D47638EF4100149B707002005472388E3
:1075C000E734B7F7010093874763232EF41051AADD
:1075D000B707002093870709230009025CC005470D
:1075E000AA896307E51489460149631CD5162388D7
:1075F0000702A9472317F40A231AF40C6380E5262F
:1076000063800524638EA5288D476385F52C014989
:10761000B707002023880734B7F701009387476B2B
:107620006DB72388F9042380E1ACB7070F00B107D9
:10763000232EF40EB7071500B5072322F412BD4719
:10764000231EF4188DBF35472380E1ACB707100027
:10765000B9072322F412BD472319F410B7070E000F
:10766000B107232EF40EB7071500BD07232CF41223
:10767000C147231EF418B7070020938707172388F4
:107680000904C4CB05452328F4120549EFF0DFE7D0
:1076900025B72388F904B7070E00B107232EF40E8F
:1076A000B7071000B9072322F412B7071500BD076A
:1076B000232CF412C147231EF418B7070020B1464B
:1076C000938707222380D1AC2328F412EDB513054C
:1076D000A006EFC06FE313391500238809040D4598
:1076E000EFF09FE2B7070020938707172328F412D3
:1076F00023AA470145472380E1ACBD472319F41075
:10770000B7070E00B107232EF40EB7071000B90714
:107710002322F412B7071100BD07232CF412B70778
:107720001200C1072326F414D147231EF41869B5AB
:107730002388A7022547AD472300A9022317F40A8F
:10774000231AE40C6388A50485CD8949638F350726
:107750008D47638FF5080149B70700200547238847
:10776000E7341305600BEFC02FDAAA854A85EFF0E6
:10777000DFDB638E041A8D4763F0971C6F805FDB3D
:1077800029472380E1ACD547231FF40EB547231EBC
:10779000F418D1B731472380E1ACB947231FF40E69
:1077A000B7071500B907232CF412B70700209387F9
:1077B00007174147CCCB2319E410231EE4182328D4
:1077C000F4120549EFF05FD441BF2380F1ACB70755
:1077D0001500B507232CF412B70700204147938703
:1077E0000722231FE40E231EE4182328F412A5B752
:1077F0001305A006EFC04FD1133915000D45EFF06A
:10780000BFD0B7070020938707172328F41223AAB5
:10781000370141472380E1ACC1472319F410B94730
:10782000231FF40EB7071100B907232CF412B70772
:107830001200C1072326F414D147231EF41829BFD0
:1078400031472380E1ACB70715003D47B507231F3B
:10785000E40E2322F412231EE41855BB354723807F
:10786000E1ACB947231FF40EBD472319F410B70745
:107870001000B9072322F412B7071500BD07232C07
:10788000F412C147231EF418B70700209387071787
:10789000CCCB05452328F4120549EFF0FFC68DBB7C
:1078A00035472380E1ACBD47231FF40EB707100016
:1078B000B5072322F412B7071500BD07232CF412D5
:1078C000C147231EF418B7070020938707222328F7
:1078D000F41235BB1305A006370A0020EFC0CFC253
:1078E000130A0A17454713391500232A3A010D4593
:1078F0002380E1ACEFF05FC1B947231FF40EB70757
:107900001000B9072322F412BD472319F410B7075A
:107910001100BD07232CF412B7071200C10723265C
:10792000F414D14723284413231EF418D5B1B70704
:1079300000202388072E99B5B70700200547238824
:10794000E72E2DBDEF823FBDB70400203704002095
:107950009384043A1304044E05C18145130580063F
:10796000EFC08FB285472380F402B70700209387CA
:1079700007105CC06F807FBCB70700202380040223
:1079800093870709FDB7EF827FB718510CDD50DDF3
:10799000D30606F01C632A84D397F6A085CB10C3C8
:1079A000485C032A8402832AC402EF1051162A89F4
:1079B000AE892A86AE865285D685EF005110635E69
:1079C000A00023242403232634032DA0538705F08D
:1079D000D397E7A0F1D70CC3E1B7085CEF103113E0
:1079E0002A89AE892A86AE865285D685EF0011187F
:1079F000E34905FC6F80DFB3EF82FFB141112A84B8
:107A00002E8532C62EC4EF109110587CA2673246E4
:107A100008D4D317F7A04CD410D881CB530507E076
:107A2000EF10F10E08D44CD429A0187CD397E7A00E
:107A3000F5F741016F807FB0EF82FFAA5C51538759
:107A400005F02A849C63B7E40100AE8CD3F7E70805
:107A5000538507E0EF10B10B03A6044B83A6444BFC
:107A6000EF00A12A2A8B4848AE8BEF10510AB7E7E6
:107A7000010003A6874A83A6C74A2A8AAE8A5A8586
:107A8000DE85EF00111A2A89084CAE89EF10310803
:107A90002A86AE864A85CE85EF00B118105454541C
:107AA000EFF0B03353870CF01C782A89AE89D37776
:107AB000F708538507E0EF10910503A6044B83A652
:107AC000444BEF0081245286D686EF0091152A861A
:107AD000AE864A85CE85EF0051602A8908D4485C7D
:107AE0004CD4AE89EF10B1022A8CAE842A86AE86C1
:107AF0004A85CE85EF00A17C6353A006232484032E
:107B000044D45A86DE865285D685EF0091111054F2
:107B10005454EFF0902CAA892E892A86AE8662856D
:107B2000A685EF00B104634F0500085CEF10217ECD
:107B30004E86CA862A8CAE84EF0061786344A0002A
:107B40004E8CCA84032904026285A685EF10F106D3
:107B50002320A9002328940305456F809F9C085C7F
:107B6000EF10E17A2A8DAE8D2A86AE864A85CE85C3
:107B7000EF00C17FE35705F82324A4032326B403B1
:107B800049B7D38705F0530706F0D307F7A099E765
:107B9000EF827F98EFF03FDF6F803F9A82805386BD
:107BA00005F0D30700F0D30606F0538706F0D3178D
:107BB000F6A0A9E7D397F6A0B1E3D317F7A09DEFFE
:107BC0005C4118410CC5D3F517D0B7F7010007A5E4
:107BD000079650C514C9D3F5A5184CC910CD8547D3
:107BE0005377B71858ED631BF70053F6C708D3F661
:107BF000D708D3F7E70850E914ED5CED82801C410B
:107C00006380B702D30700F0586953F7E70858E9D3
:107C1000186D53F7E70818ED586DD3F7E7085CEDDA
:107C20000CC18280EF823F8F411136C6B706020039
:107C300050D103A606570CD1930500002A843AC4FC
:107C40003EC242C0EFF03FD402489306400654C003
:107C5000C2852285EFF0BFFAB26792472247D385EB
:107C600007E0BE863A862285EFF07FF341016F8000
:107C7000DF8CEF825F8A0145EF40602D1DC51387C1
:107C800081AC1C239306B003850793F7F70F1CA361
:107C900063FDF600938741AC8C431305C00C2300B1
:107CA000070085058CC3EFC00F876F801F8923A253
:107CB00001AC828003A541AC9307C0033375F50284
:107CC000828003A541AC9307C0033355F50282803F
:107CD000B71702409843B706FFF841111367170022
:107CE00098C3D84337060200758FD8C39843B706A8
:107CF000F7FEFD16758F98C39843B706FCFFFD1677
:107D0000758F98C3D843B70681FFFD16758FD8C30A
:107D10009843B70600ECFD16758F98C33707FF0030
:107D200098C723A6070202C402C69843C166558FAE
:107D300098C3B716024009679C42F18F3EC6A2471E
:107D400085073EC4B24781E7A247E397E7FEB7172E
:107D500002409C431397E7006357070685473EC6DA
:107D600032478547631FF704B7170240D843B70669
:107D7000C1FFFD16D8C3D843D8C3D8431367074003
:107D8000D8C3D843758FD8C3D843B7063900558FA9
:107D9000D8C39843B7060001558F98C398439316EC
:107DA0006700E3DD06FED843B7160240719BD8C3D7
:107DB000D84313672700D8C32147DC42B18BE39E29
:107DC000E7FE4101828002C661BF371602405C4275
:107DD0009146B18B138781826385D700A146638862
:107DE000D702B7177A00938707201CC3B717024042
:107DF000DC43918393F6F700B70700209387877DD4
:107E0000B69794231C43B3D7D7001CC38280544237
:107E10005042C167C982BD8A7D8E9387260085CA7C
:107E2000BD466389D702C1466389D702C5458146ED
:107E30006393B700C1470DE637460240032606802C
:107E4000418A15C637167A00130606202DA08146F2
:107E5000C947D5B78546B547F9BF8146BD47E1BF9C
:107E60003716024050429315E600E3DD05FC371655
:107E70003D0013060690B387C7021CC3A5DA1C4356
:107E80008583A5B7EF822FE65D71EFD02FE17D5698
:107E900085450145EF707030B7F7010003AA87955B
:107EA00083AAC795B7F7010087A74795B7070200D0
:107EB00081493EE087A7875B814401443EE2354526
:107EC000EFB09FE4630035053545EFB0FFE3AA89C5
:107ED0001305400633053541EF10811D5286D686C5
:107EE000EFF0B062B707020003A6075C83A6475C09
:107EF000EF002153EF10011693150501C1810145D3
:107F0000EF1010318947638BF41C8D476382F41A9C
:107F1000639E0418EFD00FD6EFC0CFBA08410147D7
:107F20008D4605468145EF70B0400545EFB0DFDD79
:107F3000B707020087A7475B23ACA1ACD38D07E04E
:107F4000138981ADB70B0200375B0020370C0200AC
:107F50003945EFA01FF1D30705F053870DF05315F6
:107F6000F7A03DC90945EFA0DFEFD30705F0026791
:107F70005395E7A035C12945EFA0BFEED30705F023
:107F800012675395E7A029C993858B5C6808EF2099
:107F9000C1576C081305CB0DEF805FDD9307000818
:107FA0001375F50F3385A74089473345F5027008EF
:107FB000930580021375F50FEFF0EF95EFC08FB0CA
:107FC000084101478D4605468145EF707036EFA0A8
:107FD0007FA00841EF60D064EF50F03E0545EF70A0
:107FE00080319307007D6399F40AEFF06F940345A5
:107FF0000900930C0008094DEFD00FC7AA85680847
:10800000EF2001556C081305CB0DEF803FD613759B
:10801000F50F3385AC403345A5037008D145137582
:10802000F50FEFF04F8FEFD0EFE00945EFB0DFCD68
:108030002AC60D45EFB05FCD2AC41145EFB0DFCCA5
:10804000A24632462A8793054C606808EF20E14B30
:108050006C081305CB0DEF807FD11375F50F3385B9
:10806000AC403345A5037008930580021375F50FE6
:10807000EFF06F8AEFC00FA5084101478D46054616
:108080008145EF70F02A3D220841EF607059EFA062
:108090007F940841EF60D0588504C2048567C18091
:1080A000938787BBE396F4EA8D4411BD854401BDF7
:1080B0002145EFB07FC58547AA846319F500EF908D
:1080C000AFD40841EF60D055238A91ACEFC06FCF99
:1080D00003A501AD8944EF60B054D5B30504137412
:1080E000F40FEF50502EEFF0EF8563F08402EFC0F5
:1080F000CF9D2A8419C9EFC0EF9C084101478D46E6
:1081000005468145EF70D022014413054006EF700B
:10811000801E75B3EF822FC0238A01ACEF80F31A63
:1081200003A5C1AC0147894601468145EF70502047
:10813000138441AD1C2081EBEF30E010EF9080768E
:1081400019C1EF90DF810545EF70E01AE5B7B7A7D9
:108150000020938707311CC1B7A70020938707B180
:108160009CC1930700101CC28280B7A70020938790
:1081700087431CC1B7A70020938707F19CC19307D1
:1081800000101CC2828003A581AD8280EF82AFB84F
:108190001305600BEFB05FB7138441B119E587A7F2
:1081A000C1AE1CE008406F804FB90145EFA07FCB06
:1081B00008C0CDBF1385C1B082800547238CE1B0D4
:1081C000828003C561B08280EF82EFB4AA85130577
:1081D000500D23A401B0EFB03FAB6F800FB687A75F
:1081E00001B1539517C042054181828003A501B2B8
:1081F000828083A701B2094709456388E7000145EA
:1082000063E5E700ED1713B52700828003A701B2ED
:1082100089476311F704EF820FB0854741111CA114
:108220000145EFA01FC4EF10810EEF80802A2AC401
:10823000130570052EC6EFB05FB5EF10410D224655
:10824000B246EF00011EEF00F1604205418141019D
:108250006F80AFAE2300050001458280EF82AFAB97
:1082600041111305B003EFB05FB22AC613057003C6
:10827000EFB0BFB1B2452A8637A5002093060000B3
:108280001305854DEFF0BF9113053003EFB0FFAF3D
:108290002AC61305F002EFB05FAFB2452A8637A5B4
:1082A00000209306000013058549EFF05F8F01451C
:1082B000EFA03FBB41016F804FA8EF822FA4411177
:1082C0002A841945EFB05FA4AA8909E90545EF3072
:1082D0001054AA851305600DEFB01F9B1305600DA8
:1082E000EFB09FA2AA850545EF30F041938481B09D
:1082F000638909029C403D4585079CC0EFB0DFA023
:10830000930740063305F5029C4063C7A7008145EB
:108310001305500DEFB05F971305500DEFB0DF9EC2
:1083200031A0014523A00400EF30704E83A701B2B5
:10833000138901B2630F053081E795472320F900C7
:10834000639A09000945EF30904CAA851305700D1A
:10835000EFB09F931305700DEFB01F9B182093870C
:1083600081B16314A700982331CB1305700D2380CE
:108370000700EFB07F9908A09307300619C1930753
:1083800050063E85EFB09F93D37715D01305700547
:1083900027A8F1B03EE6EFB05F9F530705F0B26744
:1083A000D3F7E718538507E0EF0071762A86AE868B
:1083B000EF002107EF10610023A6A1AE83C761B0D3
:1083C000938461B0B18B81C791472320F900228546
:1083D000EF007046034704029307900563FEE70829
:1083E0001C30D9CB9C20858B85E31C441167130777
:1083F000F76485071CC46379F7000545EFB03FC7F4
:108400009C2093E717009CA0EFC00F9D19CD8327F8
:108410000900ADCB91453715014023200900EF40FD
:10842000C06C81450945EF30102E83270900ED9B74
:10843000B1CB0D45EF30B03D31C59C20C18B85E3FC
:108440005C4411671307F76485075CC46379F70020
:108450004145EFB0DFC19C2093E707019CA0832733
:10846000090019476361F706370702008A071307F7
:108470008762BA979C4382879C2023240400F99B3F
:108480009CA059B79C2023260400BD9B9CA0C1BF83
:108490008145A30004000145EF30F026930500005C
:1084A000014523AE01ACEF10A00A9305000005457D
:1084B000EF10000A930500000945EF106009232C16
:1084C00004002380040041016F808F86044CA300C8
:1084D00004003945850404CCEFB01F8393074006A0
:1084E0003305F502E37195FE99472320F900EFA0CB
:1084F0007FFBD1BFEFA0DFFB79D51305B00223AE20
:1085000001ACEFB09F882AC613057002EFB0FF8759
:10851000B24537A400202A8693060000130584493B
:10852000EFF0EFE713060000B28513058449EFF082
:10853000AFCC89472320F90079B71C482547850728
:108540006368F7001CC885450145EF30D01BA5BF07
:10855000232804000145EFA0DF9023ACA1AEAA853B
:1085600037A5002013058549EFF00FCD87A7C1ADD2
:10857000B7F7010007A707960545D3F7E7189389D2
:10858000C1AE138981AFD38507E03EE6EF00507C92
:10859000B707020007A7076CB267D307F7A0BDCFE4
:1085A0008727090007A70900D397E7A0A5CB9C2040
:1085B000898B99EF5C401307707085075CC0637905
:1085C000F7000945EFB0BFAA9C2093E727009CA0C5
:1085D00007A70900872709003AE6D377F708D3A74A
:1085E000F720538507E0EF00915232672A89AE8960
:1085F000530507E0EF00B151B707020003A6876CEF
:1086000083A6C76CEFF0F0612A86AE864A85CE85D8
:10861000EFF0D0551325150008B035B79C20232264
:108620000400F59B6DB79C20B18B99E323200900D2
:1086300093050000054523AE01ACEF007071814544
:108640000145EF30500C9C20A3000400F59B9CA03A
:108650009DBDED9BE38607CE23200900D5B11947C8
:1086600023A0E1B28280094723A0E1B28280EF72A9
:10867000FFE841112A8B1305B00DEFB0EFE82A8A0D
:108680001945EFB06FE89384C182631005109C20F8
:10869000138451B0138941B081CF81451305B00DCA
:1086A000EFB08FDE238004002300040023000900C4
:1086B000EF303017834709009374F500638B9706FA
:1086C0001C2089E785471CA023200B0083250B0075
:1086D0001305D006930940062EC6EFB0EFE233062D
:1086E0003503B245370502001305456BEF10314FD6
:1086F000832A0B001305D006850A23205B01EFB007
:10870000AFE03305350363E8AA02938661B09C228B
:10871000230099008A0493F7F70E9CA2B706020083
:1087200093864664B694944023000400138761B096
:1087300082861C20C1FF1305B00DEFB0EFDC85472A
:108740006318AA001305B00DEFB00FDC93371500C6
:108750003E85EF00702A3DA081451305B00DEFB0B6
:10876000AFD2D1BF8545D5BF8945C5BF8D45F5B7CA
:108770009145E5B793E7070181451305B00D1CA3AB
:10878000EFB08FD041016F70BFDA85479CA093870F
:1087900061B098231305900D3D9B98A3EFB0CFD601
:1087A000AA8565BFEF723FD71305B00DEFB0CFD5E7
:1087B0006F70BFD8EF723FD6EFF0DFFE6F70FFD75C
:1087C000EF72DFD3AA891305B00DEFB0EFD3AA84FF
:1087D00013059006EFB04FD389472A896311F50C32
:1087E000138481AE89E8232004000C400545EF0086
:1087F00030566F70FFD391476398F400B7F70100CC
:1088000087A747951CE0D5B713058006EFB0CFCFFB
:10881000938401AF6309250781454E85EFB02FF999
:10882000EF00F12E2A891305800BAE89EFB0EFD54A
:10883000EF00F12DB7F7010003A6879583A6C79532
:10884000EFF0A04C4A86CE86EFF0B03D4A86CE8649
:10885000EFE0B058EF0071368545EFB00FF388C0F8
:108860000545EFA00FE0AA8537A500201305854D2B
:10887000EFF08F9C87A701AEB7F7010007A7079617
:10888000D3F7E71841B71305C00BEFB00FD0D307EC
:1088900005F0538709F0D3F7E7009CE0D1B731D951
:1088A00093050000A1B7EF721FC71305A006EFB034
:1088B000AFC5060593874190AA978A23EFB0EFCC06
:1088C0006F70BFC7EF723FC50111AA841305A006E0
:1088D000EFB08FC3054785476388E40011C509479A
:1088E0008D476303E5008947139417009387C18F71
:1088F000A2978A23EFB06FC99387418FA2972AC6A8
:108900008A2337A40020EFB04FC8B2459306000079
:108910002A8613058451EFF08FA81305E00AEFB003
:10892000CFC62AC61305A00AEFB02FC6B2452A86C5
:1089300013058451EFF0EFA4A6851305F101A30FF1
:108940000100EF0050048347F101AA8489CB13058D
:108950007006EFB06FBB854781456313F500854511
:1089600013058451EFF0AFA9EFF0FFF323AAA1AEF6
:10897000A68513058451EFF02F8C03A541AE056148
:108980006F70BFBB03A541B2828003A5C1AE8280D8
:10899000EF72DFB603A701B299472A89138401B2A7
:1089A0006301F71813858501AE89EFF05FCC13855D
:1089B00061B0EF00B01E138561B0EF00F00D1C40F8
:1089C00021476362F702370702008A0713074768E7
:1089D000BA979C43828723AC0900238301B0EF0040
:1089E000D00089471CC06F70BFB42300090083C743
:1089F00061B013F7070111E7139787016187635B84
:108A0000070291471CC0938481B203A90400130597
:108A1000B006050923A02401EFB00FAFB78705000A
:108A2000938707E43305F502E36FA9FA23A0040056
:108A300099474DBF93F7070699C3A147E1B783A7AD
:108A400009012547850723A8F900E37EF7FA1305F6
:108A5000600BEFB06FABAA841305B00DEFB0CFAAD7
:108A6000138941B22320A900EFF04FFF2A8A23A8DF
:108A700009001305A00DEFB02FA90547631DE502FE
:108A80008D472320F9001305A00AEFB00FB023A6ED
:108A9000A1AE37A50020D28513058549EFE0DFF9A7
:108AA00007A7C1ADB7F7010087A70796D377F718D7
:108AB000D38507E00DA8832709008946638DD70277
:108AC00063E9F6001305E00AE381E7FC9305000083
:108AD00019A80D47E389E7FA1147E399E7FEB7F7CD
:108AE000010083A547950145EF009026EFF00FEABE
:108AF000EFF01FCD09BF638BE400139784016187FA
:108B000019CB638DF4008D47E395F4F889452685EC
:108B1000EFF05FDBADBF1305200B85BFEF007014D6
:108B2000BDB71305E006EFB06F9913074006330594
:108B3000E5029384C1B19C4063EAA7028347090020
:108B400099E7EFA03F9685472300F90069BDEFA0A4
:108B50003F96E30A05E889472300090023A00400A3
:108B60001CC081450545EF30003AB5BD85079CC066
:108B70008545CDBF83C761B093F7070981E72320FF
:108B8000040095B5930500000145EF00701C9305A6
:108B90000000054535A0370502001305C56AEF1032
:108BA000111683C761B013F7070211CF93050000B8
:108BB0000545EF00F019B7F7010083A5479501457A
:108BC000EF0010190DB593F70704D5DB93050000EE
:108BD0000145EF00F017B7F7010083A5479555BF92
:108BE000EF727F935C212A8406216386070E2D4550
:108BF000EFB08F914205418163E6A40C138761B009
:108C0000142393F7860085E33C201306400685076E
:108C100093F7F70F3CA06378F60093E686002145B2
:108C200014A3EFB0CFC425450620EFB0EF8D420569
:108C30004181636C9508138761B0142393F7460054
:108C400085E33C3013064006850793F7F70F3CB0E9
:108C50006378F60093E64600114514A3EFB02FC1E8
:108C600031450620EFB04F8A42054181636F950080
:108C700029450620EFB04F894205418163E7A400F2
:108C8000938761B098234D9B98A31A20CD4763E149
:108C9000E7047C200947850793F7F70F7CA06371F1
:108CA000F702371501409305000413050540EF3026
:108CB000D064EFB06FC6930700105EA023A001B28E
:108CC0006F70BF8723010400B9BFA301040049BF2F
:108CD00023030400F5B72945EFB00F834205418116
:108CE00063E4A40085475CA01A2093078002E3F99F
:108CF000E7FC5C30F1D72945EF60E05FB707EFBED6
:108D000037E700E0938707083CC75DBFEF720FFFAE
:108D100039711306400281456808EF70DF82894788
:108D20000545230EF100EFA03FFEAA891305B0020E
:108D300023A001B2238301B0EFB02F852AC613050B
:108D40007002EFB08F84B246B7A400202A87138642
:108D5000C1AE9385C1AD01489307000013858449D6
:108D6000EFE05FEC37040200138961B00326846AE8
:108D70009305000063960900B7F7010083A50796E5
:108D800013858449EFE0FFDF1305B003EFA0FFFF79
:108D90002AC613057003EFA05FFFB246B7A40020F8
:108DA0002A870148930700001385844D138601AF7D
:108DB000938501AEEFE01FE78727846A93050000E3
:108DC0001385844D538607E037A400208944EFE0E3
:108DD0005FDB1305B002EFA05FFB2AC6130570022C
:108DE000EFA0BFFAB2462A870148130584519307C2
:108DF0000000138641AF938541AEEFE0BFE2B707B5
:108E0000020087A7876A13058451930500005386E3
:108E100007E0EFE01FD72945EF60E04DEFB0CFFB53
:108E2000E30B95FE2945EFA0CF83D30705F05395BB
:108E300017C0239EA1AE1385C1AFEFF07FDA639216
:108E400009026808EFF06FC783470900914537159D
:108E5000014091CFEF30704A85450945EF30A00AB7
:108E60005DBF6C08138571B0EFF09FB2F1BFEF30BA
:108E7000D0478145DDB7EF726FE813141500938773
:108E80004191A297AA848A234111EFA01FF09387F2
:108E9000C190A2972A8A8A23EFA03FEFAA8A13855E
:108EA000C19126950821EF90DFFB93878192A297CD
:108EB0002AC68A23EFA05FE58547B2676302F50201
:108EC0008947630AF50A538507E0EF004144B7E795
:108ED000010003A6074B83A6474BEFE0106325A8CC
:108EE000B7E7010007A70749D307F7A0DDCF5385F0
:108EF00007E0EF00C141B707020003A6076D83A694
:108F0000476DEFF0901DB707020003A6876D83A69B
:108F1000C76DEFF0005153070AF0D3870AF02A8992
:108F2000AE89D3F7E708538507E0EF00413E2A8674
:108F3000AE864A85CE85EFF0C04E2A895285AE892D
:108F4000EF00E13C2A86AE864A85CE85EFE0E068F8
:108F5000EF00A14693870192A2972AC68A23EFA029
:108F6000DFE2530705F0B267D3F7E700538507E068
:108F700041016F70EFDBB7E7010007A74749D3074F
:108F8000F7A085C7538507E0EF006138B7070200F7
:108F900003A6076E83A6476EEFF03014B7070200F2
:108FA00003A6876E83A6C76E0DBFD30700F07DBFF3
:108FB000EF726FD60945EFF01FECB7F70100D3074A
:108FC00005F007A7C796D317F7A091E7530700F05E
:108FD000D397E7A099C3D307E720539517C013751C
:108FE000F50F6F708FD5EF720FD30545EFF0BFE827
:108FF0000545EFF05FE86F704FD4EF72CFD10145B8
:10900000EFF07FE7B7F70100D30705F007A7079751
:10901000D397E7A091EFB7F7010007A7C796D3173B
:10902000F7A099C3D307E720538507E06F70EFD00F
:10903000D30700F0D5BFEF726FCC1C31AA84A1CF4B
:10904000584D856793870777631FF7020545EF90B3
:109050005FE1D30705F0539517C0131405011305FD
:10906000800C4180EFA09FC5636B850223800402C2
:109070001305700DEFA05FC919E583C50402130540
:109080006002EFA07FC0DC4C0567130707778507F8
:10909000DCCC6374F70023AE04006F706FC9130556
:1090A000A00CEFA0BFC16367A40093074006238014
:1090B000F4027DBF1305800CEFA05FC0AA891305E1
:1090C000A00CEFA0BFBF2A89330434411305800CE4
:1090D000EFA0DFBE420441803305A940D37714D00E
:1090E000537705D0B7F70100D3F7E71807A7C7965E
:1090F000D3F7E710539417C02380840295BFEF7213
:109100008FC185476388F50089476380F502014573
:109110006F70AFC2EF90FFD4B7E7010087A7074990
:10912000530705F05315F7A0E5B7EF909FD3B7E7C6
:10913000010087A74749EDB7EF72EFBD1305600B3C
:10914000EFA09FBC1375D50F7D15133515006F70FB
:10915000CFBEEF724FBC1305600BEFA0FFBA85477F
:109160006315F50001456F704FBD1305A006EFA014
:10917000BFB96DD91305A006EFA01FB98947E30455
:10918000F5FE0545CDB7EF720FB9854441112A842C
:10919000639B95001D452EC6EF90BFCCB2450CA039
:1091A00041016F708FB98D47639DF5021305A006CD
:1091B000EFA09FB5630995008947630BF50004A0F4
:1091C000EFF0BFE3F1BF23000400EFF0DFE1C9BF20
:1091D00023000400EFF0DFDDD37715D0538507E0DF
:1091E000C1B70145EF90FFC765BF9387C1B223A008
:1091F0000700239207008280EF72EFB1AA848145B5
:109200001305A00DEFA05FA81384C1B289C8EFF0C9
:10921000DFFD81451305600DEFA01FA71DA01145BF
:10922000EF20F05E5820B707000148B0938707F0A1
:1092300009EF5840F98F130700106394E700854742
:109240005CA05C307CA06F704FAF5840F98F130763
:1092500000106394E7002320040004401305C006B7
:10926000850404C0EFA05FAA85679387077733055D
:10927000F50263E7A400230204002320040051BF89
:109280001305A00D8545EFA03FA01305600DEFA0CD
:10929000BFA745F98545BDBFEF72EFA741112A84ED
:1092A00013059006EFA05FA689476307F5001C2011
:1092B00093F7F7F91CA0ADA01C2013F707062DEFBC
:1092C0000145EF901FBAAA841305000CEFA01F9F61
:1092D000538704F0D37705D0938441B35315F7A097
:1092E000814719C19C40850705459CC0EF907FB719
:1092F0002AC61305400CEFA07F9C537705D0B267B8
:10930000138781B35395E7A0814719C11C43850793
:1093100094401CC3BDCA81CB23A0040023200700B6
:1093200041016F708FA1BD679387F7A5E3FAD7FE60
:109330001C2093E70702BDBF93F7070285C70145CD
:10934000EF903FB2AA841305E00AEFA03F97D377CE
:1093500005D0538704F05395E7A079D11C2093F7EB
:10936000F7FD89BF0545EF90DFAFAA841305E00A3A
:10937000EFA0DF94D37705D0538704F05395E7A08F
:1093800045D11C2093F7F7FB35B73D671307F7A5C9
:10939000E378F7F81C2093E7070429BFEF72AF9733
:1093A0001C212A8493F7F7071CA11305600BEFA07B
:1093B000BF9589476300F5068D476318F5041305CB
:1093C000A006EFA07F949387C1913E9504211305D9
:1093D000A006EFA07F93060593878192AA978A2320
:1093E000EFA09F92AA852685EFF07FD10DC19387CC
:1093F000C1B398439306C012050798C363F7E6000C
:10940000182094C3136707F818A06F700F9323AE4A
:1094100001B2E5BF1305700BEFA01F8F7D1513750B
:10942000F50F9387C191AA978423938781920605AC
:109430003E950A21EFA05F8DAA852685EFF03FCCEF
:1094400079D59387C1B398439306C012050763E4A7
:10945000E60098C35DBF94C31C2093E707F81CA0E7
:109460006DB7EF72AF891305E00AEFA01F92AA84CF
:109470001305A00AEFA07F91538704F0D30705F0EE
:109480001305700BD3F7E708538A07E0EFA0DF87D7
:109490007D151374F50F9387C191A2978823060455
:1094A000EF903F9CEFF0B0662A89138581922A9451
:1094B0000A20AE89EFA05F850DC58547630EF502D2
:1094C000B707020003A6076E83A6476E4A85CE85BE
:1094D000EFF0A040B707020003A6876E83A6C76E11
:1094E00009A8B7E7010003A6074B83A6474B4A85A7
:1094F000CE85EFE090011DA0B707020003A6076D1F
:1095000083A6476D4A85CE85EFF0203DB707020060
:1095100003A6876D83A6C76DEFE0B0702A895285D8
:10952000AE89EFF0D05E2A86AE864A85CE85EFE022
:10953000506F2A892685AE89EFF0705D2A86AE8647
:109540004A85CE85EFE06009EFF030676F605FFE1F
:10955000EF627FFCB7A7002013172500938787557C
:10956000BA978CC32A84EF201001D30705F08547F2
:10957000539617C042064182630DF40011C4894717
:10958000630BF4006F607FFB85452145EF4040226F
:10959000D5BF8945DDBF9145CDBFB7A700200A05DE
:1095A00093878755AA978843828001A001A001A0D4
:1095B00001A001A001A001A001A001A001A001A0A3
:1095C00001A001A001A001A001A001A001A001A093
:1095D00001A001A001A001A001A001A001A001A083
:1095E00001A001A001A001A001A001A001A001A073
:1095F00001A001A001A001A001A001A001A001A063
:1096000001A001A001A001A001A001A001A001A052
:1096100001A001A001A001A001A001A001A001A042
:1096200001A001A001A001A001A001A001A001A032
:1096300001A001A001A001A001A001A001A001A022
:1096400001A001A001A001A001A001A001A001A012
:1096500001A001A001A001A001A001A001A001A002
:1096600001A001A001A001A09781FF1F938101BB70
:1096700017F1002013010199177501001305457BAF
:109680009775FF1F938505981386C19A63FAC500E5
:109690008322050023A0550011059105E3EAC5FECC
:1096A0001385019B978500209385C5566377B50088
:1096B000232005001105E36DB5FEFD42739002BC49
:1096C000FD4273904280B78200009382028073A0B3
:1096D00002309772FFFF9382629693E2320073909A
:1096E0005230EFE0EFDE97B2FFFF9382E2E8739033
:1096F0001234730020305C413707F1E01307F7EFB5
:10970000944D7D8F9C41D58FD44DD58FD441A206E9
:10971000D58FD98F5CC11C4537F7F1FF1307D77F71
:10972000D4457D8F9C49D58F94458606D58FD98F9A
:109730001CC55C55370710FF7D177D8FDC29FD1791
:1097400093F7F70FD207D98F5CD582805C4193F5F0
:10975000F50F01C6DD8D4CC1828093C5F5FFFD8DEF
:10976000DDBF08450D81058982800845098105898D
:1097700082801C4591C537075000D98F1CC5828057
:109780003707B0FF7D17F98FD5BFA54763F7B7043B
:109790008D47138765FF3307F7020328C5009D47F0
:1097A000B397E70093C7F7FFB3F70701B396E60057
:1097B000DD8E54C5994763E3C70495477D1633068C
:1097C000F6025859FD47B397C70093C7F7FFF98FC3
:1097D0003396C5005D8E50D982800D473387E502F0
:1097E000032805019D47B397E70093C7F7FFB3F739
:1097F0000701B396E600DD8E14C96DBFB14763E281
:10980000C702954765163306F6021859FD47B39708
:10981000C70093C7F7FFF98F3396C5005D8E10D947
:10982000828095474D163306F6025855FD47B3978B
:10983000C70093C7F7FFF98FB395C500DD8D4CD5F1
:109840008280B727014093870740984711C5B70624
:109850008000558F98C78280B70680FFFD16758FF0
:10986000D5BF5841144193D78500F58F99C713F59B
:10987000F50F798D3335A000828001458280EF623B
:109880009FC901112A8423040100A5441C8463F9A3
:10989000F40423040100A54621461C8463FFF60658
:1098A000231501002304010095461C8463F1F60E84
:1098B00038853C8599460D46B3F7D70205651305F3
:1098C0000580B3D7C7023357D702BA97C207C183FF
:1098D0007C853C8505611D8D420541856F60FFC516
:1098E0001C4493E787001CC42285EFF09FE76DFDC1
:1098F0001C4493E747001CC42285EFF01FE76DFD71
:1099000078441C8414108607B6972396E7FE1C84BF
:10991000850793F7F70F5C8495BFA30401009C842F
:109920006378F6001C84850793F7F70F5C84B5B75E
:1099300098849C840C100607850786072E97AE979F
:109940000357C7FE83D7C7FE63FDE7029C848607E3
:10995000AE9783D7C7FE7C859C849884850786074D
:10996000AE9783D5C7FE931717001810BA972396A2
:10997000B7FE9C8438850C1085078607AE97239622
:10998000E7FE9C84850793F7F70FDC8449BF1C84AE
:109990001010388589078607B29783D7C7FEBA9714
:1099A000C207C1837C851C84850793F7F70F5C840D
:1099B000EDBDB7370240054798C782808147B7366B
:1099C00002406396B700B7370240884382801397FE
:1099D00027002A971843850798C2E5B7B737024092
:1099E0008843828085473395A70089C9377700402F
:1099F000832707405D8D2320A7408280B7770040F2
:109A000003A707401345F5FF798D23A0A740828067
:109A10004111B777004002C6938707403EC6B24760
:109A2000A1073E952AC6B2478CC341018280B7F791
:109A3000FF1F03A5477082809317350063DA070084
:109A4000B707024083A707407D8D3335A000828091
:109A50009317250063D70700B707024083A7074D78
:109A6000E5B7B70702409C43C5B79317350063D7E6
:109A70000700B707024023A2A74082809317250062
:109A800063D70700B707024023AAA74C8280B70715
:109A90000240C8C38280EF621FA8EFF0FFF96F6039
:109AA000DFA9EF625FA7EFF05FFC6F601FA9EF62B5
:109AB0009FA685451165F92581451165E1256F60F2
:109AC000DFA7930700043CC1930700027CC1930702
:109AD00000087CD123200500B707000423220500DD
:109AE000232405002326050023280500232A05003A
:109AF000232C0500232E0500232005022322050226
:109B0000232405022326050223280502232A050211
:109B1000232C0502232E05022324050423260504F5
:109B200023280504232A0504232C0504232E0504D9
:109B300023200506232405062326050623280506DB
:109B4000232A0506232C0506232E05062320F508C7
:109B5000B70700022322F5082322F50AB7070200FF
:109B6000370720002326F50A930700102324050851
:109B70002326E50823280508232A0508232C0508A1
:109B8000232E05082320050A2324050A2328F50A85
:109B9000232A050A232C050A8280411102C6B786B2
:109BA00002409C4A41672E057D17F18B798D9A05FD
:109BB0005D8D93F5057CC98D93E51500B7075000C1
:109BC0008CCAF917324705073AC6984A058B01C770
:109BD0003247E3F9E7FE3247B7075000FD1701456A
:109BE0006307F700B7870240C84B42054181410136
:109BF00082804111B787024002C6984BC166FD16AC
:109C00002E05758D718B9A05598D93F5057CC98D3F
:109C1000D0CB93E535008CCBB7070500B786024063
:109C2000F917324705073AC6984A058B01C73247EC
:109C3000E3F9E7FE3245B7070500FD173335F500B8
:109C40004101828023A2A1B42A878147B70810402E
:109C500013030060130EF6FF6396C700B797024028
:109C600088CB8280B3866702232017012A88AE96AC
:109C700014C79306070163F3C7013688232607013B
:109C800085073687D1BF916623A0A1B40147AA8773
:109C90003703008093860660130E0060930EF6FF74
:109CA0006316C700B7970240C8C782803308C7034E
:109CB00023A06700D4C3AA882E9823A40701138881
:109CC00007016373D701C28823A617010507C2875E
:109CD000C1BF379702401C4393E717001CC3828023
:109CE000B7970240C8CB8280379702401C4FB70617
:109CF0001000D58F1CCF8280EF62FF813784024035
:109D00001C4093E787001CC0EFF01FFE1C408966D3
:109D100093E747001CC0B7970240984F558F98CFE4
:109D2000984F1367270098CF6F603F8199C5379789
:109D300002405C4F5D8D48CF8280B7970240D84F7C
:109D40001345F5FF798DC8CF8280B707014023AA5C
:109D5000A74082809C4513F7070113F8F70001C75D
:109D6000D8413368E8008E2113F7F50F39C3184145
:109D70008146854E3D4F930F800293028004214E11
:109D80003396DE00B3F8C5006311160393982600DE
:109D900033131F011343F3FF3377E300B3181801A4
:109DA00033E7E800639FF70550C98506E39AC6FDCF
:109DB00018C11307F00F6375B70454412146854E4F
:109DC0003D4F930F800293028004414EB398CE0022
:109DD00033F715016392E8021317260001173313B6
:109DE000EF001343F3FFB376D3003317E800D98EA7
:109DF000639DF701232A15010506E319C6FD54C129
:109E00008280E39457FA10C94DB7E39757FE232891
:109E10001501DDB7B7070140635A0504DC4F9356BF
:109E20000501131805013707300013F6F600135823
:109E30000801B376E50063500506639BE6029306CE
:109E400006010D46B316D60093C6F6FFF58F99C9E5
:109E5000135755011377F73F12073317E800D98FCF
:109E600063570504370701405CCF8280DC4345BF60
:109E70001317B500635607008D46B396C600E9B7C1
:109E8000135755011377F73F12073317E8001347AD
:109E9000F7FFF98F6DBF6390E60237060140544229
:109EA000370700F17D17F98F758F58C2D5F1370745
:109EB00001405CC382801317B500635C07008D46C8
:109EC000B396C60093C6F6FFFD8EB707000FD58F79
:109ED000F1BF1357550112073317E8001347F7FF77
:109EE0007D8FB707000FD98FD1B723A4A1B482808B
:109EF000377700401C4309C593E707101CC38280D5
:109F000093F7F7EFE5BFB7160240DC4251777D17B4
:109F1000F98F5D8DC8C28280B71702402380070287
:109F20002380070205476306E50011476306E50045
:109F300082802380A702828015472380E7028280E7
:109F4000371702405C439146B18B6385D700A14629
:109F50006382D706B7177A00938707201CC137168C
:109F600002405C42370700201307877E9183BD8B38
:109F7000BA9794231C41B3D7D7005CC15442A18245
:109F80009D8ABA969422B3D6D70014C55442AD82A6
:109F90009D8A36971823B3D7E7005CC558423983AA
:109FA000937637001387018336971823B3D7E702D8
:109FB0001CC982805C435843C166C983758FB7F65C
:109FC000FF1F83A6C670BD8B8907139616016348D1
:109FD0000600C54601466392D702C94739A889469B
:109FE000638FD702BD46638ED702C146638ED70208
:109FF000C54601466393D700C1471DEF374702406E
:10A0000003270780418B05C737177A0013070720FE
:10A01000B307F7021CC121D61C41858381B70146D5
:10A020006DBF0546B547D1BF0146BD47F9B73717E4
:10A030003D0013070790E9BFB7150240D8559316A6
:10A04000F700D85563DF060411833D8B9306170094
:10A0500037177A00130707203357D70218C1D45592
:10A06000A182BD8A8DE295463307D702058318C1C8
:10A0700037170240585714413D8B050733D7E60286
:10A0800018C1184171B785456394B600E546E9BF2C
:10A09000BD456396B600D1463387E602C9BF89063F
:10A0A000E5BF3D8B9306170037177A00130707208B
:10A0B0003357D702F1B799C5371702405C4B5D8D16
:10A0C00048CB8280B7170240D84B1345F5FF798DF6
:10A0D000C8CB828099C5371702401C4F5D8D08CFD1
:10A0E0008280B7170240984F1345F5FF798D88CFCE
:10A0F000828099C5371702405C4F5D8D48CF8280C2
:10A10000B7170240D84F1345F5FF798DC8CF82802D
:10A110009357550005476399E700B71702409C43E2
:10A1200033D5A7000589828009476396E700B717F2
:10A1300002409C53F5B7B7170240DC53D5B7371729
:10A1400002405C5793F7F7F05D8D48D78280B716D1
:10A150000240DC5645777D17F98F5D8DC8D6828029
:10A1600009C9371702401C43B7060010D58F1CC31E
:10A170008280B71602409C42370700F07D17F98FA6
:10A180009CC2828099C5371702401C575D8D08D745
:10A190008280B717024098571345F5FF798D88D70D
:10A1A0008280B737004003D74780136707012392A7
:10A1B000E78082803737004083574780C207C183DA
:10A1C000BD9BC207C1832312F7808280B73600404F
:10A1D00083D7868103D5C68103D78681C20713162C
:10A1E00005014207C18341834182938606806386CD
:10A1F000E700CA2E4207598D828013950701518DC1
:10A200008280EF624FB141112AC6EFF09FF93245CB
:10A21000B7370040135705014205239CE780418171
:10A22000239EA780EFF01FF941016F600FB1EF622D
:10A230008FAE41112AC6EFF0DFF63245B737004046
:10A24000135705013D8B42052394E78041812396F6
:10A25000A780EFF03FF641016F602FAE3737004027
:10A260008357478093F70702E5DF82803737004046
:10A2700083574780C207C183DD9BC207C183231276
:10A28000F7803737004083574780A18BEDDF82800E
:10A290001E2189C593E707041EA18280C207C183DE
:10A2A00093F7F7FBC207C183C5BF85479181B3957B
:10A2B000B7005E21C205C18101C6DD8D4EA182803D
:10A2C00093C5F5FFFD8DDDBF4EA582804A258280B6
:10A2D0000A256D8D3335A00082805E21162513F787
:10A2E000F50005453317E500C207758FC18301CB23
:10A2F00091813315B5007D8D3335A00082800145F5
:10A3000082801E2137370140930607C0C207C183F0
:10A310006300D504B7060040630CD502938606405F
:10A320006308D502B7160040138606806302C50293
:10A33000938606C0630ED50013070740630AE50045
:10A3400037570140930607C06304D5006316E50044
:10A35000BA2193F7F7F8D98F37170040630CE5005F
:10A36000130707406308E50093F7F7CFFA21C20708
:10A37000C183D98F1EA1DE215EB59E211EB5B737E0
:10A380000140138707C0630EE50093870740630A07
:10A39000F500B7570140138707C06304E500631455
:10A3A000F5009C251EB985475EA982801E31922149
:10A3B00003D82500C207C183F99BC207C1831EB120
:10A3C0001E3156211A2DC207C183420741831377DC
:10A3D000C7F8518F9225F59BC20633660601D18FCF
:10A3E00037360140130806C0C182630E050113060B
:10A3F0000640630AC50037560140130806C06304CF
:10A4000005016310C502B225DD9B03D8E500D18F9D
:10A41000D221ED9B93F6F6CFD18FD225336606017C
:10A42000D18E56A11AADFA215AB91EB182801E31C1
:10A4300065771307F7CFC207C183BD9BC207C183EE
:10A440001EB11E31562103D88500C207139606019E
:10A45000162DC18393F7F7FD758F96214182A206D1
:10A46000558FB62142074183B3E606019206D58F88
:10A47000B7360140C207138806C0C183630E0501C9
:10A4800093860640630AD500B7560140138806C07C
:10A4900063040501631ED502B62593F7F7F703D8C9
:10A4A000C5009206D58FD621C207C183920693F7C5
:10A4B000F7FBD58FFD769386F63FF18EF225C20726
:10A4C000C183336606010A06D18E139606014182C6
:10A4D00052A11AADFA211ABD1EB182801E3103D8D5
:10A4E0008500C207C18393F7F7EFC207C1831EB18E
:10A4F0001E3156215A2DC207139606014207962196
:10A5000041831377C7F8558FB621C18393F7F7DFDF
:10A51000B3E60601A206D58FB7360140C2071388FD
:10A5200006C04182C183630E050193860640630A1B
:10A53000D500B7560140138806C063040501631FA8
:10A54000D502FD769386F67FF58FB62503D8C50034
:10A55000A206D58FD621C207C183A20693F7F7BF03
:10A56000D58FF576FD16F18EF225C207C1833366CD
:10A5700006011206D18E13960601418252A15AADF0
:10A58000FA215ABD1EB182801A31FD77FD17F98F6D
:10A590001EB10358050256215E2D657713960601FC
:10A5A00096211307F7CF7D8FF977A206FD17558FF8
:10A5B000B3F70701B62103D8850042074182B3E60D
:10A5C0000601B206D58FB7360140C207138806C010
:10A5D0004183C183630E050193860640630AD5005B
:10A5E000B7560140138806C063040501631BD500FC
:10A5F000F176FD16F18ED2251A06D18E139606013C
:10A60000418252A15AADFA212310E5041EB1828085
:10A610001E2189C593E717001EA18280C207C1834E
:10A62000F99BC207C183CDBF5E2501C6DD8D4EA556
:10A63000828093C5F5FFFD8DDDBF1E2DC207C1834E
:10A64000DD9BDD8D0EAD82801A2DFD779387F77F20
:10A65000F98FA205CD8FC207C1831EAD82805E2D0A
:10A66000C207C183DD9BDD8D4EAD82805A2DFD7703
:10A670009387F77FF98FA205CD8FC207C1835EADA7
:10A6800082805E21C207C18393F7F7F8C207C183B6
:10A690005EA15E21DD8D4EA182801E294A25ED8FAF
:10A6A0004205418189C76D8D3335A0008280014507
:10A6B000828093C5F5FFC205C1810EA98280EF5249
:10A6C0009FE51629F577FD17F58FF621DA257971C3
:10A6D000D58F1EA95625FD779387379FF58FD621F5
:10A6E0002A842EC6D58F9625D58FB625D58F5EA503
:10A6F0005E29C207C18393F7F7CFD98F5EA9680897
:10A70000EFF01F84B747014093870780B245631A73
:10A71000F404A25756246547B387E702C206C186F0
:10A72000984163D20604060752244206B3D7E702D3
:10A73000130740064186B3D6E702B3F7E702920655
:10A74000635506028E0793872703B3D7E70213F7F3
:10A750007700B367D700C207C1831EA445616F505D
:10A76000DFDD925745BF0A07C1B7920793872703DA
:10A77000B3D7E702BD8BD58FF9BF91C55E250967B9
:10A78000D98F5EA582805A25F977FD17F98FD5BF3D
:10A7900093F5F51F4EA182800A216D8D3335A000FF
:10A7A000828013F7F50F85461583B397B6006311C2
:10A7B000D7025A25F98F1A2101454207418381CBDF
:10A7C0000545A181B315B5006D8F3335E00082805A
:10A7D00089466314D7001A29F1BF5A29E1BF83A71C
:10A7E00041B49843634B07029843370600304E0547
:10A7F000518F98C39843370600804D81518F98C37D
:10A80000C8C38CC737970240114650CB232207009C
:10A81000DC47054523A2F1B4828001458280EF52D6
:10A820009FCF85658547938505806318F5003715AB
:10A830000140EF20802B6F505FD037150140EF2093
:10A84000C02BD5BFEF523FCD85479305004063181D
:10A85000F50037150140EF2040296F501FCE371506
:10A860000140EF208029D5BF37F7FF1F814713072D
:10A87000D77E99463306F7400C223306F50085074C
:10A880000CA2E399D7FE8280938781B598433A95CD
:10A8900088C3828003A781B523AAE1B4B7870240A9
:10A8A00003A7471C25EF03A74719894763F8E70665
:10A8B000EF527FC603D581B6F945138481B6EFF018
:10A8C000CFAD93572500858BA9C74D991316050168
:10A8D0000A204182F945EFF0CFB137870240832744
:10A8E000071093E717002320F71083270710858BA5
:10A8F000EDFFB787024003A7471C11CB238E01B49D
:10A90000D843B706008093C6E6FF758FD8C36F5053
:10A91000DFC213654500420541814DBFB787024044
:10A9200003A7471C19CB238E01B4D843B706008078
:10A9300093C6E6FF758FD8C382808280EF521FBC1A
:10A94000938481B68A209545138481B6EFF0EFA4F5
:10A950002A898A208545EFF04FA49377F90113895E
:10A9600061B6638A071483470900C1E30A2085475B
:10A97000F9452300F900A382F1B6EFF00FA2137698
:10A98000C5FF4206937715004182A9CF13662600C2
:10A990000A20F945EFF0EFA50A208145EFF0EF9F7F
:10A9A0001376E5FF42060A204182136606208145A0
:10A9B000EFF02FA40A208145EFF02F9E136635207B
:10A9C0000A20420641828145EFF0AFA283A701B67B
:10A9D00013074006B3F7E70293872703238AF18220
:10A9E0006F501FB51366160065B705476397E700FC
:10A9F00089472300F900A38201B6938761B70387D3
:10AA00000700634607069384518394202147639A85
:10AA1000E6040A20F945EFF04F981376350F0A2027
:10AA2000F94590A0EFF0EF9C238004000A208145B7
:10AA3000EFF0AF961376E5FF42060A2041821366D7
:10AA400006208145EFF0EF9A0A208145EFF0EF9460
:10AA5000136635200A20420641828145EFF06F9946
:10AA600021A0130700F898A3238A01B695BF938706
:10AA7000D1B798239306170094A39546E316D7FE03
:10AA80001375050275F193845183238007009C2080
:10AA900011490A20F945E38027F9EFF00F9013766A
:10AAA000350F0A2013664600F94590A0EFF06F9429
:10AAB00023802401A5BF0347090085476312F708D7
:10AAC000138751B61C23A1468A20850793F7F70FF9
:10AAD0001CA3639BD7002300070023000900214625
:10AAE000F945EFF00F91EDBDF945EFF00F8B1376BF
:10AAF000C5FF4206937715004182A1C31366260065
:10AB00000A20F945EFF0EF8E0A208145EFF0EF883B
:10AB10001376E5FF42060A2041821366062081452E
:10AB2000EFF02F8D0A208145EFF02F871366352037
:10AB30004206418281450A206DB713661600C9B7E7
:10AB4000138441B7834A0400138A61B783460A001D
:10AB500093871A001307000893F7F70F6394E6062C
:10AB60003D476384EA001CA0A5BD8A2023000400A1
:10AB7000230009001384518321492146F945A38EFE
:10AB800001B623000A0023002401EFF08F86230082
:10AB900024018A208145EFF04F801376E5FF4206BD
:10ABA0008A204182136606208145EFF08F848A2037
:10ABB0008145EFE09FFE13663520420641828145C4
:10ABC0008A2005B79389518303C709001DE7114700
:10ABD000E39BEAF88A20F94523000400EFE0FFFB3D
:10ABE0001376350F8A2013664600F9452380C90085
:10ABF000EFF02F802380590169BF91466318D70277
:10AC00003D47E392EAF68A202300040021442146CE
:10AC1000F945A38E01B62300090023000A00238012
:10AC20008900EFE01FFD23808900A5B71CA09307D2
:10AC30004006E397FADA8A2021668145EFE07FFB40
:10AC4000238E01B6A38E01B6238E01B4A147230043
:10AC500004002300090023000A002380F900214694
:10AC6000F945B9BFEF523F8B938751B798231377BC
:10AC7000F70F2DC303A781B583A681B7158F930660
:10AC8000301F63F7E604374702402380070083271D
:10AC90000780138481B60A2093E747002320F780BA
:10ACA00021668145EFE0FFF4238E01B6A38E01B645
:10ACB000238A01B6238301B60A20238E01B4238B95
:10ACC00001B621472146F945A38AE182EFE07FF2F0
:10ACD0006F50BF861389C1B783470900138441B6FB
:10ACE000C1EB83C661B60547138961B6938441837E
:10ACF000636BD70003D581B69545EFE01FEA7D89E8
:10AD000019C123800400938781B59043938681B74E
:10AD100094428C20158E938681B5138781B7636129
:10AD2000B6040346090085476311F604138601B68D
:10AD30001C42B745030093851540B387B702B7A5FA
:10AD40002600938595ECAE971CC213064006B3F718
:10AD5000C702938727039CA09C421CC3EFF01FBE31
:10AD60001C20BDD723000400A5B793072003E5B737
:10AD70001C209384C1B5A5C383A781B503A781B760
:10AD8000998F1307900F6378F7042300040013844E
:10AD900081B60A208545EFE05FE09377450085EFB7
:10ADA000EF50F0380A2021668145EFE09FE4A38E42
:10ADB00001B6238A01B60A20238301B6238B01B68C
:10ADC00021472146F9452300090023800400A38A76
:10ADD000E182EFE01FE29C20E38C07EE03A741B580
:10ADE00083A781B5998F13073006E373F7EEEFF071
:10ADF0007FAAF9BDEF522FF241118545414502C2AC
:10AE000002C402C6EFF00FAD8D477C82C1473EC63B
:10AE10004C008D47371501403EC4EFE0BFF3856518
:10AE20009385058037150140EF10304C93050040A5
:10AE300037150140EF10704B41016F500FF0EF528A
:10AE40008FED0145EFF0CFB14145EFF04FAF3565E4
:10AE5000EFF0EFAF0545EFF0AFB01305D003EFF023
:10AE60002FAB65DD6F506FEDEF52EFEA138481B6C3
:10AE70000A209545138981B6EFE03FD2AA840A20C3
:10AE80008545EFE09FD1937745002A8495C38DE0F7
:10AE90003747024083270780ED9B2320F780054733
:10AEA000A38AE1B603A781B523ACE1B66F50EFE802
:10AEB0002285EF50D0271374440293074002631A8F
:10AEC000F40803550900C145EFE03FCD1189B7866D
:10AED000024019E5FD888547B78602406385F40680
:10AEE0009C42056713070780D98F9CC2B787024031
:10AEF0009843D176FD16758F98C39146238ED1B6AF
:10AF0000D843B70600808506558FD8C303A707101E
:10AF10001367170023A0E710378702408327071025
:10AF2000858BEDFF0547238EE1B403A781B523AAE6
:10AF3000E1B4EFE07FDCB78702409C43AD83858BB3
:10AF40002388F1B4A5B79C427D771307F77FF98F6B
:10AF500069BF3747024083270780ED9B2320F78096
:10AF60000547A38AE1B603A781B523ACE1B6E1B7F3
:10AF7000EF52CFD8317137960240B70670003707CD
:10AF800060005C4AF58FE39EE7FE83C7C1B79384F8
:10AF9000C1B795C703D581B6F945138481B6EFE0F3
:10AFA000DFBF1376C5FF4206937715004182638C9D
:10AFB0000722136626000A20F945EFE09FC30964C3
:10AFC000EFE03FD113040471379902407D1442042D
:10AFD00029454180EF50E03B09C483270900858B58
:10AFE000F5F73705020013050571EFF040514800F1
:10AFF000EFE03FAD85473EC2930700203ED6B7073E
:10B0000000023EC58566930700083ECD3707200045
:10B010001389068093070004378402403AC94AD254
:10B0200002CC02D002D802DE82C482C882CA82CC9C
:10B0300002C33ECF02D31C48938616A037850180F9
:10B040008D9B1CC8B245A24710401305150CCD8F2F
:10B05000B78520FF9385F5106D8ED18F4246B79549
:10B060000240D18F5246D18F7246D18F2256D18F56
:10B070005256D18F6256D18FD58F1CC01C40B70657
:10B080001000D58F1CC086479646D58FB646D58F03
:10B090005CC0F6471CC486575CC43656A657144C91
:10B0A000D18F4656D18F5656D18F6656D18F416675
:10B0B000130616F4F18ED58F9656C206D58F1CCC8A
:10B0C0008A46F657D58F5CCC5A46BA47944DD18FF5
:10B0D0003746DEF8130636F2F18ED58F8A56D58FB5
:10B0E000B70620029386060CD58F9CCD9386819C53
:10B0F000DC32CC22A207CD8F3CC083C6919C83C793
:10B10000819C8545A206DD8E83C7A19CC207DD8E8A
:10B1100083C7B19CE207D58F7CC0B7070200232804
:10B12000E410938707022326F410EFE03FC037A511
:10B130000020B7D500209309455D0946938545FF5A
:10B140001305455DEFE01FB037A50020B7A500202F
:10B15000130A45561D469385455F13054556EFE096
:10B160009FB223A641B723A831B71C407D771307B0
:10B17000F77FF98F1CC083C701B591C71C4033E925
:10B18000270123202401B78602409C4251777D1776
:10B19000F98F9CC2EFE05FB69C20138481B6B9E7BB
:10B1A0000A2021668145EFE0DFA4A38E01B6238A41
:10B1B00001B6238301B60A20238E01B4238B01B686
:10B1C00021472146F94523800400A38AE182EFE06C
:10B1D0005FA205472382E1B603A781B523ACE1B6A0
:10B1E00029616F50EFB413661600F1B30A20F945D8
:10B1F000EFE0BF9A1376C5FF4206937715004182B0
:10B2000091CB136626000A20F945EFE09F9E9C2013
:10B21000E9F379B713661600FDB783A7C1B4130726
:10B22000000293F7070F639FE700B79702409C5314
:10B230003707FE1FF98F99C7EF52EFADEFF05FD3DD
:10B240006F50AFAF8280EF520FADEF50006DEF50F7
:10B250004051EFF03FA1EFF05FFC6F500FAEEF52A7
:10B260008FAB378702401C4B2E8481458D9B1CCBB6
:10B2700050411C411443D18F378620FF1306F6102E
:10B28000F18ED58F1445D58F5445D58F1449D58F60
:10B290005449D58F144DD58F544DD58F1451D58F1A
:10B2A0005451D58F1455D58F5455D58F1459D58FEA
:10B2B0005459D58F1CC31C43B7061000D58F1CC32F
:10B2C000545D1C5DD58F3441D58F7441D58F344585
:10B2D000D58F7445D58F3449D58F7449D58F5CC3CC
:10B2E0003C4D1CC77C4D5CC730557C51144FD18FF1
:10B2F0004166130616F4F18ED58F745537960240C9
:10B30000D58F3459D58F7459D58F3451C206D58F06
:10B310001CCF745D3C5DD58F5CCF832645088327A9
:10B320000508184ED58FB746DEF8938636F2758F2E
:10B33000D98F03278508D98F0327C508D98F0327FD
:10B340000509D98F03274509D98F03278509D98F87
:10B350000327C509D98F0327050A2285D98F1CCE5B
:10B360002166EFE01F892146F9452285EFE07F88BD
:10B3700005456F508F9CEF526F9831718545AA84B7
:10B380007165EFE05FD385472394F1B6EFF03FABF3
:10B39000374702408327078009641304047193E749
:10B3A00047002320F780EFE08FF0138981B6EFE0AC
:10B3B0005F92B79902407D14420429454180EF40D5
:10B3C000507D09C483A70900858BF5F74800EFE09D
:10B3D0004FEF8567938707803ED285473EC293072C
:10B3E00000203ED683550900B70700023EC59307EB
:10B3F0000008370420003ECD48009307000422C90E
:10B400003ECF02CC02D002D802DE82C882C482CAF9
:10B4100082CC02C302D3EFF09FE4DC30D820B786A1
:10B420000240A207D98FBCC298309C20378501808A
:10B4300022075D8FBC2085451305150CC2075D8F63
:10B44000BC30E207D98FFCC2B707020023A88610E0
:10B450009387070223A6F610EFE05F8D29616F50F6
:10B460002F8DEF524F8BB7970240C04B131704013B
:10B47000635A0702137704081DC303A7C1B4C1466A
:10B480001377070F6319D700F847B70600805847AE
:10B4900014C323A4070013050008EFE07F8421658F
:10B4A000EFE01F849317F40063DA07029377040434
:10B4B00089C713050004EFE0BF829377140081C7AA
:10B4C0000545EFE0FF8163580400EFF0FF99370571
:10B4D0000080EFE0FF804165EFE09F806F50EF85D7
:10B4E000EF526F832A8413054006EF40F06DEFE0C2
:10B4F0000FD423A6A1B4EFF0FF8F3C305820228553
:10B50000B98F5830B98F3747030013071740B387F7
:10B51000E70237A72600130797ECBA9723A0F1B6E6
:10B52000EFF07FE537A50020B7D500201304455D77
:10B530000946938545FF1305455DEFE0AFF037A55C
:10B540000020B7A50020930445561D469385455F0E
:10B5500013054556EFE02FF323A691B623A881B635
:10B560000967B7E700E023A4E710A38607446F400C
:10B57000DFFCEF425FFA3971930700603ECA930720
:10B58000405B3ECC8567938747273ECE93072003D9
:10B590003ED0930730103ED2B727554089073ED49E
:10B5A000B7B70000938747843ED6B7B700009387AC
:10B5B000E7813ED8B7A700009387E77D3EDAB7570B
:10B5C0003412938787672A8948082EC632C4B68406
:10B5D00002DC3EDEEF50B0232A8419E92246B24550
:10B5E000A6864A85EF5090162A842685EFF05FEFF5
:10B5F000228521616F407FF48280EF42DFF13714B2
:10B6000001209304C4CD88444111EF10102FDC4475
:10B610002547FD176366F704370702008A071307FB
:10B620000772BA979C431375F50F1304C4CD828734
:10B6300089470E285CC4A1810DA00C280844EF1096
:10B64000F02CA9475CC429A808448145EF10102CB0
:10B650008D47CDBF058905C595450844EF10102BD2
:10B6600041016F409FED1E2C584881453E9785074C
:10B6700008A3C2073A2CC1831EACE3E0E7FE0C200E
:10B6800048407C0001478D46054602C6EF40E06415
:10B69000B247F9D7B7E700E0116723A0E720C9B7A1
:10B6A000954741BF0C280844EF105026994759BFD1
:10B6B0001A2C3E2CE375F7FC5C489306170016AC79
:10B6C000BA978C2359BFEF421FE53714012041116F
:10B6D000A5471304C4CD5CC40CA0B71401402AC60E
:10B6E000EF40801C48C08565138504C0EF10E04022
:10B6F00008449945EF10902132460820FD55EF404F
:10B70000C0292A840545EF30103F138504C08565A4
:10B71000EF10A03D854711456313F4000145410139
:10B720006F40BFE1EF423FDF371401204111A147D5
:10B730001304C4CD5CC40CA0B71401402AC6EF406A
:10B74000A01648C08565138504C0EF10003B08446F
:10B750009545EF10B01B32460820FD55EF40E02321
:10B760002A848565138504C0EF102038854711456C
:10B770006313F400014541016F403FDCEF421FD8E5
:10B78000371401201304C4CD4111B6894CC832AC22
:10B7900018A03AC60AA8231C0400EF40E010324764
:10B7A00048C04E85BA85EFF0FFF7AA840DE9371936
:10B7B00001408565130509C0EF1020340844854712
:10B7C0008D455CC4EF1090140820FD554E86EF4067
:10B7D000C01CAA848565130509C0EF100031854798
:10B7E00001456383F400114541016F407FD4EF426E
:10B7F000FFD0371401209307C4CD2A8A8853B74459
:10B800000040AE8932891304C4CDEF105056938A9C
:10B81000048089455685EFE0BFAB15C9D2851385F5
:10B820000480EFE07FAA0850B7440040138A0480E8
:10B83000EF10F05385455285EFE09FA90DC11385A8
:10B840000480EFE0BFA82380A900014539A008507B
:10B85000EF103053E37FA9FA19456F407FCD0850B0
:10B86000EF103052E378A9FCC5BFEF42DFCAAA84CB
:10B870003715014041118565130505C0EF10E0271C
:10B8800026869305F1001545EFF07FF69C872A8404
:10B89000858B91C375D5371501408565130505C0A6
:10B8A000EF10A024228541016F403FC9EF421FC520
:10B8B000B71401209387C4CD2A8988534111368457
:10B8C000AE8A328AEF10702037450040014693055A
:10B8D000000613050580EFE05F9D2285EFF0FFF87D
:10B8E000371501408565130505C0EF10002122863C
:10B8F0009305F1000D45EFF09FEF22869305F100CF
:10B9000013558900EFF0BFEE1375F90F22869305EA
:10B91000F100EFF0DFEDAA8901499384C4CD9317BC
:10B920000901C18363FB4701B3852A0122860145D2
:10B93000EFF0FFEBAA8905097DD137150140856538
:10B94000130505C0EF10601A374500400546930502
:10B95000000613050580EFE05F958850EF109043D7
:10B960004E8541016F40DFBCEF42FFBA3714014002
:10B970004111130504C08565EF1020180546930595
:10B98000F1001945EFF0BFE6AA840545EF40D0234A
:10B99000130504C08565EF104015268541016F40F1
:10B9A000DFB9EF42BFB52A843715014041111305B5
:10B9B00005C02E8A8565B684B289EF1000142686EC
:10B9C0009305F1000945EFF09FE226869305F1000B
:10B9D00013558400EFF0BFE11375F40F268693052D
:10B9E000F100EFF0DFE02A89014493170401C183DD
:10B9F00063FD3701B3078A00882326869305F1008B
:10BA0000EFF0FFDE2A8905046DD137150140856509
:10BA1000130505C0EF10600D4A8541016F405FB10D
:10BA2000EF42FFAC2A8C37450040B2842E8B014692
:10BA30009305000613050580368AEFE01F8733075C
:10BA40009C00A167114963C9E706BDC48149930BF6
:10BA50000004B71A01205285EFF03FE19377FC0311
:10BA6000B387FB40C207C1833E8463F3F40026849E
:10BA7000420441802286B3053B0113850AD0EFD0F2
:10BA8000B03A5285EFF05FEE2A891DE5D286228614
:10BA900093850AD06285EFF0DFF02A8911ED818C61
:10BAA000A299C2046294C209131C0401C18093D9F3
:10BAB0000901135C0C01C5F03745004005469305AC
:10BAC000000613050580EFE04FFE4A856F40BFA5D5
:10BAD000EF42DFA2371401201304C4CD4111B6890F
:10BAE0004CC832AC18A03AC60AA8231C0400EF3098
:10BAF000B05B324748C04E85BA85EFF0BFC2AA841A
:10BB00000DE9371901408565130509C0EF00F07E86
:10BB10000844914789455CC4EF10405F0820FD55FB
:10BB20004E86EF309067AA848565130509C0EF0043
:10BB3000D07B854701456383F400114541016F4087
:10BB40003F9FEF42DF9ABA8BA1673307C50063C1FD
:10BB5000E7082A893284114535CA2E8B368A8149F5
:10BB6000130C0004B71A01209377F903B307FC40C4
:10BB7000C207C183BE846373F400A284C204C1807F
:10BB8000B3053B01268613850AD0EFD0F029DE8568
:10BB90005285EFF03FB91DE989455285EFF0BFB2FC
:10BBA00015E50947D286268693850AD04A85EFF0A7
:10BBB0003FF209ED058CA69942042699C209420973
:10BBC000418093D909011359090159FC6F40BF9570
:10BBD0001145EDBF9E2141112AC43EC6B2472247FE
:10BBE0009306C00DB387D702930640023307D702EE
:10BBF000BA97A183C207C1837C833C8328839EA11B
:10BC0000410182809E2141112AC43EC63247A2468C
:10BC100093070010918FB387D7023306E602B297DD
:10BC2000A183C207C1837C833C8328839EA14101F9
:10BC30008280B7170120938707D523A0070023A28E
:10BC4000070023940700B7170120938707D423A088
:10BC5000070023A2070023A4070023960700239FC1
:10BC600001B68280938741B823A0070023A2070072
:10BC7000239001B882809147D38705F063E7A7023C
:10BC80009317150037150120130505D53E951C2186
:10BC9000A9C31431371701201307071DB697FD17E5
:10BCA000C207C183B14563F5D700D30700F015A0E3
:10BCB0006389F6003386B7023A9618625306F7A0F6
:10BCC00001CEB146B387D702BA97D4639867C3F75A
:10BCD000D770538507E08280FD17C207C183E1B7A3
:10BCE00085476383F504371701200605130707D539
:10BCF0002A971C2385E79386E1B79E221306400608
:10BD000005453388B700634206031CB3FD1713864D
:10BD1000F5FFAE9710A39EA201458280FD15014557
:10BD20006385B700094582800D458280854763821F
:10BD3000F5040605938741B8AA9798230DE703D722
:10BD400001B89306000505452E9763C5E6021387E3
:10BD5000F5FF9386E1B798A39A22014598B37D1722
:10BD60002E979AA28280FD1501456305B70009450B
:10BD700082800D4582808D47D38705F063E5A70259
:10BD800093171500138541B83E951C21A9C31431A2
:10BD9000371701201307C7D5B697FD17C207C18310
:10BDA000B14563F5D700D30700F015A06389F6000D
:10BDB0003386B7023A9618625306F7A001CEB14611
:10BDC000B387D702BA97D4639867C3F7D770538500
:10BDD00007E08280FD17C207C183E1B7530606F072
:10BDE000D30707F0D38607F0538706F0D3F5D708BB
:10BDF000D3F6C6105375E608C7F7E7685377C70848
:10BE0000D3F5A518D3F7E7180CE19CE182809317CE
:10BE1000150037150120130505D53E951C216378C3
:10BE2000F604EF424FEF0031B1472E8922961314EA
:10BE3000060141803304F4020327090083278900A7
:10BE40008326C90003264900B71401209384041DEA
:10BE500093058400130544002695A695EFF01FF87E
:10BE60008727C900269401451CE06F400FED094566
:10BE7000828093171500138541B83E951C218507D4
:10BE800063C3C702EF42AFE6371A01200149AE8A09
:10BE90009309F6FFAA84B14B130ACAD56347390147
:10BEA00001456F404FE80945828080309316390084
:10BEB000338BDA004A9433047403A106D6969C426D
:10BEC00003270B00D44203264B0005091379F90F11
:10BED0009305840013054400D2955295EFF01FF0AE
:10BEE00087274B0052941CE055BFB1473305F5023C
:10BEF000B71701209387076D3E959C4523000500E9
:10BF00001CC501458280B1473305F502B7170120F2
:10BF10009387076DAA978CA301458280371701206C
:10BF20001307076D1306070385470C23142181CDE2
:10BF3000DD8E860714A193F7F70F91E3854731074C
:10BF4000E315E6FE828093C5F7FFED8EDDB7B147BE
:10BF50003305F502B71701209387076DAA97882349
:10BF60008280EF42AFD93714012013044464814426
:10BF70008949130A4006854A15495C40638537079D
:10BF80001C4C268582977828630CA7041C448507DF
:10BF90001CC429E718486379F7005C4068A893C778
:10BFA000F7FF858BA98F5CA8850493F4F40F7104C7
:10BFB000E39524FD371401201304046D81441149D5
:10BFC00058401C440C2019E393B5150026858504C0
:10BFD00082973104E39624FF6F408FD5584465BFA4
:10BFE00023240400D1B75C28850793F7F70F6384F7
:10BFF00047015CA855BF1C40230A0400985B6315E9
:10C00000570123A807024DB723A6070271BFF147C6
:10C010003305F502B717012093874764AA97C82B09
:10C020008280B717012093874764938647F70145BD
:10C0300003C7470806059117058B598DE39AF6FE4D
:10C04000828037170120130747641306C708854706
:10C050004C2B142181CDDD8E860714A193F7F70FA9
:10C0600091E385477107E315E6FE828093C5F7FFEC
:10C07000B3E6B60293F6F60FC5B7EF42CFC9B717CE
:10C08000012083A7877041114886CC86AA97238018
:10C09000070003A501B92E8481467D566C00EF2070
:10C0A000E043930700086314F40023A601B841019C
:10C0B0006F40AFC8138501B98280B717012003D53F
:10C0C000C7708280EF422FC53E2937140120130428
:10C0D00004703EA85C490349050054455CC81C45F2
:10C0E0001829AA844A863E8581451CC454C418A8D0
:10C0F00023002401EF402FC5D8404A86814558C00F
:10C10000EF406FC403A501B98145EF20002601452A
:10C110006F40AFC2EF428FBEB71401200144938439
:10C12000047005498949094A9C20636DF400B628CA
:10C1300081CA9387C1B89843050763E9E60698C3A7
:10C140006F400FBFDC482285829763112503DC40D6
:10C15000A297982301CB2380070093050004228532
:10C16000EFF0BFF105041374F40F7DBF98442297DC
:10C170001C23850793F7F70F1CA3D840229714239D
:10C1800089EA9428E3E0D7FE2300270193050008FD
:10C19000F9B7F03463E4C70063872601F024E3E3D2
:10C1A000C7FCE39146FD23003701CDB7930500029C
:10C1B000014523A00700EFF05FEC59B7EF42AFB5A0
:10C1C00005E5B7170240984F1367072098CFD84767
:10C1D00013670720D8C7D8471377F7DFD8C731656B
:10C1E000EFD07FD26F406FB58547E31AF5FEB717E2
:10C1F0000240984F1367074098CFD847136707400E
:10C20000D8C7D8471377F7BFD1BFEF42CFB01317C6
:10C21000250093870193BA978043370700FC7D1769
:10C220001C44AA8493E717001CC45C40F98F5CC0CF
:10C230001C4493E787001CC42285EFD08FD26DFD8C
:10C240001C4493E747001CC42285EFD00FD26DFD3C
:10C250002285EFD0CFE286049387C1B9A6978AA33F
:10C260006F40AFAD0A0593870193AA979C43E847B7
:10C2700042054181828031712AD7372501402ED570
:10C2800006DF16DD1ADB1ED932D336D13ACF3ECDCA
:10C2900042CB46C972C776C57AC37EC182FE86FC90
:10C2A0008AFA8EF892F696F49AF29EF0A2EEA6EC36
:10C2B000AAEAAEE8B2E6B6E4BAE2BEE0930500222E
:10C2C0001305054042FE46FC4AFA4EF852F656F473
:10C2D0005AF25EF062EE66EC6AEA6EE872E676E4C6
:10C2E0007AE27EE0EFD0EFD701C583A741B982970C
:10C2F000373501409305002213050580EFD06FD636
:10C3000001C583A781B98297FA50EA525A53CA539A
:10C310003A55AA551A568A567A47EA475A48CA4899
:10C320003A4EAA4E1A4F8A4F7670E6705671C67111
:10C330003672A672167386737664E6645665C665B1
:10C340003666A666166786677278E2785279C27991
:10C35000327AA27A127B827B726CE26C526DC26D71
:10C36000326EA26E126F826F296173002030060553
:10C370009387C1B9AA97839707000145AE9763C019
:10C38000070291CD85661387F6FF3A8563D9D700FA
:10C390002E856386E50013950701418182808280A6
:10C3A000EF42CF950111AA842E8AB28A81451306E5
:10C3B00000020A85B689EF400F992685EFF01FE04D
:10C3C00085473EC21397240093870193BA97804311
:10C3D0008A8502C0228502C44EC602C8230A4101D2
:10C3E00002CC02CE37090200EFD0EFB0814713092B
:10C3F000897463954703B7070E00638FF9021C44E5
:10C4000037071000D98F1CC41C44268593E70710FA
:10C410001CC4EFF09FDF05616F408F91138B1700F5
:10C42000D6979C2389461376FB0FCA978C232285C7
:10C43000EFD0AFB5DA8775BF1C443707F0FF7D1723
:10C44000F98FD1B7EF428F8B7971AA842E8A328906
:10C45000B6893AC6EFF09FD632471394240013866C
:10C4600041B9229618C28145130600020808EF4020
:10C470008F8D85472302F10293870193A297804312
:10C4800052CEB7070E00630DFA021C4437071000A6
:10C49000D98F1CC40C082285EFD0EFA54E86CA8523
:10C4A00013052002EF00F0060546930500222285C1
:10C4B000EFD0CFA92685EFF05FD545616F404F875C
:10C4C0001C443707F0FF7D17F98FE1B7EF42AF84C7
:10C4D0002A8437050020EF0050001C4081450145AB
:10C4E0001397270093878183BA97944318445C403D
:10C4F000D98F5844D98F1848D98FB397D700377739
:10C5000000402320F740032607408547B397D70014
:10C51000D18F2320F740EFD0AFCF6F400F82EF32A3
:10C520009FFF131425000945411133158500EFD0F5
:10C530008FD68547631FF500B71701209387877152
:10C54000A2979C432AC68297324533158500EFD0C7
:10C550004FD541016F307FFEB70700200A05938752
:10C56000877FAA979443416779179C42F98F9CC2B1
:10C570008280EF32BFF804413D49994741112A8436
:10C58000AE893319990063E4970A371702405C4B70
:10C5900093E717005CCB370702405C4333E9270180
:10C5A000232227015C44CDC705476386E70A8567D8
:10C5B000930A002013890780B715012013972400E0
:10C5C00093858571BA9594C126853A8A32C4EFF075
:10C5D000BFF8370700200C481307877F5C4052974D
:10C5E0001843CD8F0C441443B3E75701CD8FE17549
:10C5F000BD05ED8ED58FB3E7270193E707081CC370
:10C600005E2C2246CE855CC35C481385B4011CC7F2
:10C610001C4C5CC71C4393E727001CC3994763F479
:10C62000970013851404F52541016F307FF085458F
:10C63000094536C632C4EFD01FA8B707024003A78A
:10C640004740B24622463369270123A2274199BFBA
:10C65000814A014995B7930A001013090040A9BF08
:10C66000B70700200A059387877FAA9798431C4342
:10C6700093E717001CC38280B70700200A05938741
:10C68000877FAA979C43CCC38280317106DF16DD79
:10C690001ADB1ED92AD72ED532D336D13ACF3ECD8A
:10C6A00042CB46C972C776C57AC37EC182FE86FC7C
:10C6B0008AFA8EF892F696F49AF29EF0A2EEA6EC22
:10C6C000AAEAAEE8B2E6B6E4BAE2BEE0014542FE4E
:10C6D00046FC4AFA4EF852F656F45AF25EF062EE12
:10C6E00066EC6AEA6EE872E676E47AE27EE0EFF003
:10C6F0001FE3FA50EA525A53CA533A55AA551A56EA
:10C700008A567A47EA475A48CA483A4EAA4E1A4FBA
:10C710008A4F7670E6705671C6713672A6721673BD
:10C7200086737664E6645665C6653666A6661667E1
:10C7300086677278E2785279C279327AA27A127B6D
:10C74000827B726CE26C526DC26D326EA26E126FA1
:10C75000826F296173002030317106DF16DD1ADB2C
:10C760001ED92AD72ED532D336D13ACF3ECD42CBA1
:10C7700046C972C776C57AC37EC182FE86FC8AFA34
:10C780008EF892F696F49AF29EF0A2EEA6ECAAEA41
:10C79000AEE8B2E6B6E4BAE2BEE0054542FE46FCCB
:10C7A0004AFA4EF852F656F45AF25EF062EE66EC31
:10C7B0006AEA6EE872E676E47AE27EE0EFF03FD66F
:10C7C000FA50EA525A53CA533A55AA551A568A563B
:10C7D0007A47EA475A48CA483A4EAA4E1A4F8A4FF1
:10C7E0007670E6705671C6713672A67216738673CD
:10C7F0007664E6645665C6653666A666166786671D
:10C800007278E2785279C279327AA27A127B827B8C
:10C81000726CE26C526DC26D326EA26E126F826FDC
:10C82000296173002030317106DF16DD1ADB1ED955
:10C830002AD72ED532D336D13ACF3ECD42CB46C9B8
:10C8400072C776C57AC37EC182FE86FC8AFA8EF8EC
:10C8500092F696F49AF29EF0A2EEA6ECAAEAAEE860
:10C86000B2E6B6E4BAE2BEE00D4542FE46FC4AFA44
:10C870004EF852F656F45AF25EF062EE66EC6AEA50
:10C880006EE872E676E47AE27EE0EFF05FC9FA5095
:10C89000EA525A53CA533A55AA551A568A567A47F3
:10C8A000EA475A48CA483A4EAA4E1A4F8A4F7670FB
:10C8B000E6705671C6713672A67216738673766408
:10C8C000E6645665C6653666A6661667866772783C
:10C8D000E2785279C279327AA27A127B827B726CC8
:10C8E000E26C526DC26D326EA26E126F826F296160
:10C8F00073002030317106DF16DD1ADB1ED92AD70E
:10C900002ED532D336D13ACF3ECD42CB46C972C7AF
:10C9100076C57AC37EC182FE86FC8AFA8EF892F6CC
:10C9200096F49AF29EF0A2EEA6ECAAEAAEE8B2E67F
:10C93000B6E4BAE2BEE0114542FE46FC4AFA4EF8C1
:10C9400052F656F45AF25EF062EE66EC6AEA6EE86F
:10C9500072E676E47AE27EE0EFF07FBCFA50EA52CB
:10C960005A53CA533A55AA551A568A567A47EA472D
:10C970005A48CA483A4EAA4E1A4F8A4F7670E67005
:10C980005671C6713672A672167386737664E66443
:10C990005665C6653666A666166786677278E2785B
:10C9A0005279C279327AA27A127B827B726CE26C03
:10C9B000526DC26D326EA26E126F826F296173006A
:10C9C000203093F7060113F8F60099C33368C800C6
:10C9D00093F7F50FB9C31C410147854E3D4F930FA7
:10C9E000800293028004214E3396EE00B3F8C50016
:10C9F000631116039318270033131F011343F3FF2A
:10CA0000B377F300B3181801B3E7F800639FF60596
:10CA100050C90507E31AC7FD1CC19307F00F63F562
:10CA2000B70458412146854E3D4F930F8002930233
:10CA30008004414EB398CE00B3F715016392F8021B
:10CA40009317260081173313FF001343F3FF337747
:10CA5000E300B317F8005D8F639DF601232A1501EB
:10CA60000506E319C6FD58C18280E39456FA10C941
:10CA70004DB7E39756FE23281501DDB7EF32BFA966
:10CA8000C1460D46EFF0FFF36F303FABEF32BFA86A
:10CA900081460D46EFF0FFF26F303FAAEF32BFA79D
:10CAA00091460D46EFF0FFF16F303FA9EF32BFA680
:10CAB00041112A84AE8409CE371702401C4F36C676
:10CAC000854593E717001CCF3285EFD0AFB4B2464F
:10CAD0000D46A6852285EFF0DFEE41016F30FFA500
:10CAE00008456D8D3335A00082800CC982804CC50D
:10CAF000828048454205418182804CC98280EF3264
:10CB00009FA11145CD2A2145FD224145ED22130566
:10CB10000002D52213050004F92A6F301FA2EF325C
:10CB20009F9F0111AA842E8459E9370520007522A0
:10CB30006800EFD0EFC0D24737470F001307072434
:10CB400033D7E7028A0413858193269514416165E2
:10CB50001305056A93150701C181CEA292224206F0
:10CB60004182799A4206418292A21040636FC504C5
:10CB70000606B3D7C7021146139707014183BA8748
:10CB80006373C70091478505C205C207C181C18390
:10CB90008EB2DEAE9E225A20322493E717009EA268
:10CBA0009E22518FC207C18393F757BFD98F9EA290
:10CBB0001A245E24D98F9EA605616F301F98854781
:10CBC000E318F5F6370540009DB76A20B165FD15FD
:10CBD000631DB5028D453306B602B3D7C702C2073F
:10CBE000C1831396470119E293E717002166D18F9D
:10CBF0001306C0123307C7021306803E3347C7022D
:10CC00000507420741839AB269B7E5453306B60284
:10CC1000B3D7C7021166C207C183D18FD9B70A053E
:10CC200093878193AA979C438A2B1375F50F828073
:10CC30000A0593878193AA979C43CA2B82800A0591
:10CC400093878193AA979C438A2F82800A059387B2
:10CC50008193AA9798431E2393E717001EA382800F
:10CC60000A0593878193AA9798431E2393E7072089
:10CC70001EA382800A0593878193AA9798431E2357
:10CC800093E707101EA382800A0593878193AA97D2
:10CC90009C438EAB82800A0593878193AA979C431D
:10CCA00093F5E50F8EAB82800A0593878193AA974F
:10CCB0009C4393E5150093F5F50F8EAB82800A0532
:10CCC00093878193AA9798431E23C207C18393F742
:10CCD000F7BFC207C1831EA38280B7170240D84F97
:10CCE000498FD8CF984B498F98CB984B1345F5FF78
:10CCF000798D88CB8280B7170240984F498F98CFA3
:10CD0000D847498FD8C7D8471345F5FF798DC8C78D
:10CD1000828037E700E09605B307A70093F5F50F8B
:10CD20002380B740935755009387070485468A07A9
:10CD3000B396A600BA9794C382809377350099EF93
:10CD4000130740063377E502854719E79307001973
:10CD50003375F502933715003E8582808147EDBF1C
:10CD6000557122DF3ED386C7B737004096C59AC3B8
:10CD70009EC12ADD2EDB32D936D73AD542D146CFF5
:10CD800072CD76CB7AC97EC782FE86FC8AFA8EF88F
:10CD900092F696F49AF29EF0A2EEA6ECAAEAAEE81B
:10CDA000B2E6B6E4BAE2BEE01384078083D7078018
:10CDB00042FE46FC4AFA4EF852F656F45AF25EF03B
:10CDC00062EE66EC6AEA6EE872E676E47AE27EE0AB
:10CDD000858B99CB83A701BA82975E20C207C18356
:10CDE000F99BC207C1835EA0EFD04FC77A54BE4003
:10CDF000AE421E438E436A55DA554A56BA562A57F2
:10CE00009A570A58FA486A4EDA4E4A4FBA4F767025
:10CE1000E6705671C6713672A672167386737664A2
:10CE2000E6645665C6653666A666166786677278D6
:10CE3000E2785279C279327AA27A127B827B726C62
:10CE4000E26C526DC26D326EA26E126F826F6961BA
:10CE500073002030EF322FEC2A84EFD02FB7D56744
:10CE6000938707183375F5028567938707E1335772
:10CE7000F5023375F5029307C00318A03357F50286
:10CE80003375F50218B028A06F302FEBEF322FE684
:10CE90005564AA8913040418EFD04FB333548502A4
:10CEA0009304207B1309C016130AD01663708902FD
:10CEB0002685EFF09FE8850439C163074401130418
:10CEC00024E9C204C180DDB7C204C180370A020070
:10CED00001496D4B130ACA75854B714C930A1900B1
:10CEE00063628B0293074006B3F4F402050423A2A5
:10CEF000590123848900A38499006F30CFE2130481
:10CF000034E9C1B72685EFF05FE319C9631A7901E7
:10CF1000E30A84FD0D1413990A01135909017DBF19
:10CF2000529983470900E36FF4FA1D8CEDB7EF3295
:10CF30008FDEAA84EFD08FA9D56793870718335562
:10CF4000F50280200567130707E19306C003330449
:10CF5000E40298303307D702B307F502A8203A94C9
:10CF60002A9405453E94EFC0BFF82285EFD06FA903
:10CF7000EFD0CFAE05456F304FDCEF324FD72A846C
:10CF8000EFD0CFA4834994009307300663EC370BAE
:10CF9000B73AE101378BE2012A8A81441309207BE9
:10CFA000938A0A38130B0B50938BF97C4A85EFF068
:10CFB000DFD82DC5DA940509420913590901E3D7D1
:10CFC0002BFF832A4400B70B0200556BFD1A232266
:10CFD00054010149938BCB75130B0B189389097D71
:10CFE000054C636F590300245565130505187D141E
:10CFF0003304A40285453375AA022A943705001824
:10D00000EFD02F8F0545EFC0BFEE26942285EFD0DD
:10D010004F9FEFD0AFA401456F30EFD0D69461BFE2
:10D02000B3872B019C234E85B3876703BE94EFF033
:10D03000DFD001C563138901DA9405094209135948
:10D04000090145B70545C9BFEF32EFCCAA842E844C
:10D0500029E50565EFF03FCAB717002093870783DE
:10D060008A043624BE941E249840D58F5440D58F10
:10D070005624D58F7624D58F1628D58F1440D58F7A
:10D0800093E74710C207C1831EA35E2F93F7471093
:10D090005EAF3E281EAB6F304FCA85471165638671
:10D0A000F4008947E39AF4FA2165EFF01FC36DB7E6
:10D0B000EF326FC685472A846315F5022E89B28444
:10D0C000B6853A8613054003EFF0BFC46306090036
:10D0D000B717012023AC277589C4B717012023AEE9
:10D0E0009774371500200A0413050583229508411B
:10D0F0008545EFD0EF996F304FC4B71700200A0570
:10D1000093870783AA979C43CA278280B71700207A
:10D110000A0593870783AA979C43CEA78280317123
:10D120002AD7374500402ED506DF16DD1ADB1ED97B
:10D1300032D336D13ACF3ECD42CB46C972C776C53F
:10D140007AC37EC182FE86FC8AFA8EF892F696F445
:10D150009AF29EF0A2EEA6ECAAEAAEE8B2E6B6E437
:10D16000BAE2BEE0930510071305058042FE46FCB7
:10D170004AFA4EF852F656F45AF25EF062EE66EC57
:10D180006AEA6EE872E676E47AE27EE0EFD0EF9447
:10D1900011C5B717012083A7C7758297374500408F
:10D1A0009305000613050580EFD02F9311C5B7171F
:10D1B000012083A787758297FA50EA525A53CA53BF
:10D1C0003A55AA551A568A567A47EA475A48CA48DB
:10D1D0003A4EAA4E1A4F8A4F7670E6705671C67153
:10D1E0003672A672167386737664E6645665C665F3
:10D1F0003666A666166786677278E2785279C279D3
:10D20000327AA27A127B827B726CE26C526DC26DB2
:10D21000326EA26E126F826F296173002030930606
:10D22000F5FF954763FDD702A1473707100063EA72
:10D23000A7009317250037050200130545773E9593
:10D240001841B7170240D447D98ED4C7D047934668
:10D25000F7FFF18ED4C7944F558F98CF8280130774
:10D2600000026386F60093870194B6979823B71758
:10D270000240944BD98E94CB904B9346F7FFF18E9E
:10D2800094CBD44F558FD8CF8280EF32CFA8B70739
:10D2900002001317250093878779BA9784432A845D
:10D2A00085452685EFD06FBF8547631EF500514544
:10D2B0003304A402371501201305857622955C45B9
:10D2C0008297F9579EA86F304FA7B70702000A054B
:10D2D00093878779AA979C43239207029A2313671F
:10D2E00017009AA38280EF320FA3B70702000A0546
:10D2F00093878779AA978843C205C181EFD06FB819
:10D300006F30AFA3317106DF16DD1ADB1ED92AD7C5
:10D310002ED532D336D13ACF3ECD42CB46C972C795
:10D3200076C57AC37EC182FE86FC8AFA8EF892F6B2
:10D3300096F49AF29EF0A2EEA6ECAAEAAEE8B2E665
:10D34000B6E4BAE2BEE00D4542FE46FC4AFA4EF8AB
:10D3500052F656F45AF25EF062EE66EC6AEA6EE855
:10D3600072E676E47AE27EE0EFF03FF2FA50EA52BB
:10D370005A53CA533A55AA551A568A567A47EA4713
:10D380005A48CA483A4EAA4E1A4F8A4F7670E670EB
:10D390005671C6713672A672167386737664E66429
:10D3A0005665C6653666A666166786677278E27841
:10D3B0005279C279327AA27A127B827B726CE26CE9
:10D3C000526DC26D326EA26E126F826F2961730050
:10D3D0002030317106DF16DD1ADB1ED92AD72ED593
:10D3E00032D336D13ACF3ECD42CB46C972C776C58D
:10D3F0007AC37EC182FE86FC8AFA8EF892F696F493
:10D400009AF29EF0A2EEA6ECAAEAAEE8B2E6B6E484
:10D41000BAE2BEE01D4542FE46FC4AFA4EF852F61C
:10D4200056F45AF25EF062EE66EC6AEA6EE872E674
:10D4300076E47AE27EE0EFF05FE5FA50EA525A5382
:10D44000CA533A55AA551A568A567A47EA475A484D
:10D45000CA483A4EAA4E1A4F8A4F7670E6705671F5
:10D46000C6713672A672167386737664E664566564
:10D47000C6653666A666166786677278E278527960
:10D48000C279327AA27A127B827B726CE26C526D24
:10D49000C26D326EA26E126F826F296173002030EE
:10D4A000317106DF16DD1ADB1ED92AD72ED532D30D
:10D4B00036D13ACF3ECD42CB46C972C776C57AC384
:10D4C0007EC182FE86FC8AFA8EF892F696F49AF273
:10D4D0009EF0A2EEA6ECAAEAAEE8B2E6B6E4BAE2A4
:10D4E000BEE0114542FE46FC4AFA4EF852F656F4AA
:10D4F0005AF25EF062EE66EC6AEA6EE872E676E494
:10D500007AE27EE0EFF07FD8FA50EA525A53CA53DB
:10D510003A55AA551A568A567A47EA475A48CA4887
:10D520003A4EAA4E1A4F8A4F7670E6705671C671FF
:10D530003672A672167386737664E6645665C6659F
:10D540003666A666166786677278E2785279C2797F
:10D55000327AA27A127B827B726CE26C526DC26D5F
:10D56000326EA26E126F826F296173002030B7078E
:10D5700002000A0593878779AA979C4323920702A2
:10D580008280B70702000A0593878779AA979C4390
:10D59000CA338280B70702000A0593878779AA9762
:10D5A00098431E23C207C183F99BC207C1831EA3F0
:10D5B0008280B70702001317250093878779BA97EF
:10D5C0009C439A2742074183619B420741839AA764
:10D5D00051473306E5029623371701201307877654
:10D5E000C206C18293F6F6C832975223D18E96A313
:10D5F00016233A23D6B79AB709E5373701402318DF
:10D6000007C20547DAAB8280EF22FFF041112A847E
:10D610002EC632C4EFF0BFC0B24503A78182D14706
:10D62000B306F4022246B717012093878776228536
:10D630003357B702B69792A3BAA3EFF09FF7410111
:10D640006F20BFEFEF223FED01112A843AC83EC69A
:10D650002ECE32CC36CAEFF09FBC5145B308A4029F
:10D6600062463715012013058576F245D246469568
:10D6700012A103A8818254C5231205003358B802B1
:10D68000231105012285EFF0DFF2B7060200131621
:10D69000240093868679B29694427956B24792AA2C
:10D6A000CA26424713651500CAA68D461305E00237
:10D6B0006309D4009146130520046304D4001305C4
:10D6C000C0033E86BA85EFF0CFE405616F20FFE628
:10D6D000EF227FE401112A84B6842EC632C402C828
:10D6E00002CA02CC02CEEFF09FB3D1473307F40257
:10D6F0002246B245B7170120131906019387877692
:10D700001359090122850A043306B602BA9783A584
:10D710008182239027012392070033D6C502B2A34A
:10D72000EFF03FE9C167370502009387070713054C
:10D7300085793EC82295231B2101231C010093F704
:10D740001400004189CB0C082285EFC03FC68145FB
:10D750002285EFC09FEE93F7240089CB0C08228529
:10D76000EFC0FFCC81452285EFC01FEE93F7440048
:10D7700089CB0C082285EFC07FD681452285EFC07A
:10D780001FEEA18889C80C082285EFC0FFDF814504
:10D790002285EFC0BFED1E20216793E707081EA07A
:10D7A00083574404D98F2312F40405616F20FFD8F6
:10D7B000EF227FD6B70702000A0593878779AA97D9
:10D7C0008043A167FD1703574404411102C27D8FB6
:10D7D0002312E4040357440402C402C6F98F23123F
:10D7E000F404C167938707073EC089477C84708330
:10D7F00093F71500AE8489C78A852285EFC01FBBC9
:10D8000093F7240089C78A852285EFC05FC293F70A
:10D81000440089C78A852285EFC05FCCA18889C46E
:10D820008A852285EFC05FD6835744042167D98F4C
:10D830002312F40441016F205FD0B70702000A05EC
:10D8400093878779AA979843A16683574704D58F12
:10D850002312F7048280EF227FCA854741112A8470
:10D860002E8A3289B684BA896304F50415CD8947B6
:10D870006305F5048D476305F504B1477C85B7174B
:10D8800000209387C7830A043E9408408A8552C0CB
:10D890002312310123132101648423160100EFC0F8
:10D8A0001FE241016F20DFC81165EFF0CFC4F1B76F
:10D8B00037050200EFF06FC2C9B737050400DDBFBE
:10D8C00037050800C5BFB71700200A059387C7832F
:10D8D000AA97984389665E27D58F5EA78280EF223C
:10D8E0009FC385472E89B2842A84B6853A86630011
:10D8F000F5028D476302F502372501200E0413055A
:10D90000C58122952320250144C16F201FC3130523
:10D910006003EFF00FC0CDB713054004DDBFB717AC
:10D9200000200A059387C783AA979C43CEA3DA27D2
:10D9300013670704DAA7828023A2B1BAB7170020C1
:10D940000A059387C783AA9798435E2793E7070240
:10D950005EA78280B71700200A059387C783AA971E
:10D9600098435E27C207C18393F7F7FDC207C183BF
:10D970005EA78280EF229FB8371400201309C4836A
:10D98000931925004E99AA84032509009305606226
:10D990001304C483EFC0FFE08547631BF502032532
:10D9A000090093056062EFC0DFDF032709005E27EF
:10D9B000C207C18393F7F7FBC207C1835EA737276E
:10D9C0000120939734001307C781BA97DC438297ED
:10D9D0004E94084093055052EFC0BFDC8547631F4B
:10D9E000F5001C40372501208E04DA2383A741BAB5
:10D9F0001305C581269598A31C4182976F205FB3BC
:10DA0000317106DF16DD1ADB1ED92AD72ED532D3A7
:10DA100036D13ACF3ECD42CB46C972C776C57AC31E
:10DA20007EC182FE86FC8AFA8EF892F696F49AF20D
:10DA30009EF0A2EEA6ECAAEAAEE8B2E6B6E4BAE23E
:10DA4000BEE0054542FE46FC4AFA4EF852F656F450
:10DA50005AF25EF062EE66EC6AEA6EE872E676E42E
:10DA60007AE27EE0EFF01FF1FA50EA525A53CA53BD
:10DA70003A55AA551A568A567A47EA475A48CA4822
:10DA80003A4EAA4E1A4F8A4F7670E6705671C6719A
:10DA90003672A672167386737664E6645665C6653A
:10DAA0003666A666166786677278E2785279C2791A
:10DAB000327AA27A127B827B726CE26C526DC26DFA
:10DAC000326EA26E126F826F296173002030317145
:10DAD00006DF16DD1ADB1ED92AD72ED532D336D172
:10DAE0003ACF3ECD42CB46C972C776C57AC37EC116
:10DAF00082FE86FC8AFA8EF892F696F49AF29EF0EE
:10DB0000A2EEA6ECAAEAAEE8B2E6B6E4BAE2BEE05D
:10DB10000D4542FE46FC4AFA4EF852F656F45AF2C9
:10DB20005EF062EE66EC6AEA6EE872E676E47AE24D
:10DB30007EE0EFF03FE4FA50EA525A53CA533A55A6
:10DB4000AA551A568A567A47EA475A48CA483A4E58
:10DB5000AA4E1A4F8A4F7670E6705671C6713672A9
:10DB6000A672167386737664E6645665C665366675
:10DB7000A666166786677278E2785279C279327A39
:10DB8000A27A127B827B726CE26C526DC26D326E35
:10DB9000A26E126F826F2961730020301567B7374C
:10DBA00000401307575598C31147D8C3056713079B
:10DBB00007FA98C72D671307A7AA98C335671307F5
:10DBC000C7CC98C38280AD67373700409387A7AA38
:10DBD0001CC38280938781BB9843636DA702D043A7
:10DBE000B386C7006316D50054413E85B296D4C3B0
:10DBF0005041B306C500631AD70083A681BA6306F5
:10DC0000D70054431843B29654C118C16303F500BA
:10DC100088C38280BA87C9B749CDEF22DF8F032737
:10DC200045FF83A7C1BA2A84B376F7009DE2A167B6
:10DC3000938707807390073037060200370502008C
:10DC40001306C67B930540121305457EEFC020796D
:10DC500001A0832605FF9DC2A1679387078073906B
:10DC6000073037060200370502001306C67B93050E
:10DC700050121305457EEFC0807601A093C7F7FFD1
:10DC8000F98F232AF5FEEF10C02C938701BB944334
:10DC9000032744FF130504FF369798C3EFF09FF363
:10DCA000938741BB9843050798C3EF10A0436F20AB
:10DCB000DF888280B7E700E041572387E74023866B
:10DCC000E740B7F700E023A0070023A20700814642
:10DCD00094C70147D8C783A581821307803E814638
:10DCE00033D6E5023D4790CBD4CB98C38280EF2258
:10DCF0009F82411102C6F32750303EC6B2470D47FE
:10DD00008D8B6384E702A167938707807390073048
:10DD10003716020037050200130686809305600B54
:10DD20001305457EEFC0A06B01A0B7870120938744
:10DD30000700BD8B9DC3A167938707807390073051
:10DD40003716020037050200130686809305B00BD4
:10DD50001305457EEFC0A06801A0EFF0BFF5B7E75F
:10DD600000E0056723A0E710116723A0E71023A0B8
:10DD70000184EF20EFD8014541016F200FFC19719C
:10DD800082FE86FC8AFA8EF892F696F49AF29EF05B
:10DD9000A2EEA6ECAAEAAEE8B2E6B6E4BAE2BEE0CB
:10DDA00042FE46FC4AFA4EF852F656F45AF25EF03B
:10DDB00062EE66EC6AEA6EE872E676E47AE27EE0AB
:10DDC00073110134A1679387078073900730B7F709
:10DDD00000E023A20700EF10E01811C5B7E700E04C
:10DDE000116723A0E720A167938787887390073086
:10DDF000731101347670E6705671C6713672A67270
:10DE0000167386737664E6645665C6653666A666DE
:10DE1000166786677278E2785279C279327AA27A86
:10DE2000127B827B726CE26C526DC26D326EA26E9E
:10DE3000126F826F096173002030A167938707809A
:10DE400073900730938701849843050798C38280B5
:10DE5000138701841C438DE7EF22EFEBA1679387C3
:10DE6000078073900730371602003705020013064B
:10DE70008680930520101305457EEFC0405601A013
:10DE8000FD171CC391E7A1679387878873900730BC
:10DE9000828021651305058073150530828073101B
:10DEA00005308280EF222FE741111DE1A1679387A2
:10DEB00007807390073037160200370502001306FB
:10DEC0000683930550061305457EEFC0405101A01F
:10DED000F1473EC632476304F702A1679387078084
:10DEE00073900730371602003705020013060683C9
:10DEF0009305D0061305457EEFC0604E01A02A842D
:10DF00002320050011055D2C85471CAC22854101AD
:10DF10006F20AFE2EF228FDE1DE1A16793870780BC
:10DF20007390073037160200370502001306068388
:10DF30009305A0141305457EEFC0604A01A0B70900
:10DF400000FFB3F93501AE8463840902A1679387AA
:10DF5000078073900730371602003705020013065A
:10DF600006839305B0141305457EEFC0404701A01A
:10DF70009DE1A167938707807390073037160200F1
:10DF800037050200130606839305C0141305457E6A
:10DF9000EFC0E04401A02A89B28A368B3A8AEF109A
:10DFA00010110DE563040A02A1679387078073903F
:10DFB0000730371602003705020013060683930563
:10DFC000F0141305457EEFC0804101A0EF0070788A
:10DFD00003240900B3F7840063170B029DE781490E
:10DFE000630C0A02B3355001E20563050B00B70765
:10DFF0000004DD8D5286C58D13054900EF10805059
:10E00000D289014411A8E39CF4FC63870A0093C7FA
:10E01000F4FFE18F2320F900EF10C00C638C09029C
:10E0200011E5B7E700E0116723A0E720EF10901596
:10E03000931765002A8463CD0700EFF01FE00324E7
:10E040000900B3F78400631A0B0091EBEFF05FE077
:10E050002204218022856F20AFCDE399F4FEE3876F
:10E060000AFE93C4F4FFE18C23209900C5B7EF2288
:10E070008FCA41111DE1A167938707807390073014
:10E080003716020037050200130606839305101E9B
:10E090001305457EEFC0A03401A0B70700FFED8F48
:10E0A0009DC3A167938707807390073037160200DE
:10E0B00037050200130606839305201E1305457ECF
:10E0C000EFC0E03101A02A842EC6EFF01FD7B24581
:10E0D000084093C5F5FFE98D0CC02AC6EFF05FD765
:10E0E000324541016F206FC5EF224FC141111DE143
:10E0F000A1679387078073900730371602003705B2
:10E10000020013060683930510221305457EEFC017
:10E11000002D01A0370700FF6D8F1DC3A1679387F6
:10E120000780739007303716020037050200130688
:10E130000683930520221305457EEFC0402A01A0E7
:10E140002A842EC69309C500EF00B0601C40B2457A
:10E15000084837090001CD8F1CC081447D19370A5A
:10E1600000020C40639CA90093C4F4FFED8C04C032
:10E17000EF005077084041016F208FBB1841832A80
:10E180004500B377270113165700B3F6B700634570
:10E19000060089E65685F1B7E39ED7FE9316770011
:10E1A00063D30600DD8CB3E54501EF100054DDB705
:10E1B000EF226FB6EFF05FF36F202FB89307850063
:10E1C0007D575CC118C55CC51CC923200500828031
:10E1D0002328050082805C419847DCC198C5984798
:10E1E0004CC38CC71C4188C985071CC182809841DB
:10E1F000FD5693078500631ED7001C49D843D8C13C
:10E200000CC79CC5CCC31C4188C985071CC1828032
:10E21000B687D4439042E37DC7FECDB7544118453D
:10E220001C4998C654C3D4436393A600D8C39843EB
:10E23000232805007D1798C388438280EF22AFAD65
:10E2400041112AC6EFF07FBF3245005DEFF05FC09D
:10E250001335140041016F204FAEEF22CFAB32894E
:10E260003041045D2A8409EE1C41014591E70844D0
:10E27000EF10206523240400850404DC6F20EFAB3D
:10E28000631009024841EFB0203A5C403840014534
:10E29000BA9718445CC0E3E1E7FE1C405CC0E9BFEC
:10E2A0004845EFB060383C4058441440B307F04054
:10E2B0003E9758C46375D7001844BA975CC4894721
:10E2C0000145E31BF9FACDD8FD147DB7304115C2E5
:10E2D000EF226FA458451445AA87329758C5636446
:10E2E000D700184158C52E85CC47EFB0E0336F20DA
:10E2F000CFA48280EF222FA22A84EFF01FB48344A0
:10E30000540413094402E204E18463489002FD5777
:10E31000A302F404EFF0DFB3EFF03FB28344440410
:10E3200013090401E204E18463459002FD572302CE
:10E33000F404EFF0FFB16F204FA05C50E9DB4A8599
:10E34000EF10E02C19C1EF10A055FD14E204E18498
:10E350006DBF1C48E1DF4A85EF10602B19C1EF103B
:10E360002054FD14E204E184C1B7EF22CF9A411199
:10E370001DE1A1679387078073900730371602006D
:10E38000370502001306C684930500111305457E68
:10E39000EFC0E00401A05C5D2EC62A84BDC73841F1
:10E3A000B3B7E702BDE3EFF05FA93040585C14401B
:10E3B000232C0402B307E602B24554C03387F600AB
:10E3C000918FB6975CC4FD572302F40418C4A302CE
:10E3D000F4049DE11C4899CB13050401EF102023A0
:10E3E00011C5B7E700E0116723A0E720EFF05FA6B3
:10E3F000054541016F206F9413050401EFF01FDC08
:10E4000013054402EFF09FDBD5B7A1679387078020
:10E410007390073037160200370502001306C684D2
:10E42000930550141305457EEFB0707B01A0EF22D9
:10E430008F8E01119DE2A16793870780739007304B
:10E4400037160200370502001306C684930590159F
:10E450001305457EEFB0B07801A019C105C685E56A
:10E46000A16793870780739007303716020037053E
:10E4700002001306C684930520181305457EEFB0ED
:10E48000107601A0F1FD930780043ECE724763042D
:10E49000F702A16793870780739007303716020051
:10E4A000370502001306C6849305B0161305457E92
:10E4B000EFB0F07201A0F24785472383F60491E1A3
:10E4C000368690C2C8DEACC23685854536C6EFF0CA
:10E4D000DFE9B246056136856F202F86EF222F8156
:10E4E000011132C61DE1A167938707807390073041
:10E4F00037160200370502001306C6849305E03282
:10E500001305457EEFB0B06D01A02A842E89B68434
:10E510008DE53C419DC3A1679387078073900730C9
:10E5200037160200370502001306C6849305F03241
:10E530001305457EEFB0B06A01A089476398F402E5
:10E54000585C85476304F702A1679387078073903F
:10E55000073037160200370502001306C6849305FC
:10E5600000331305457EEFB0906701A0EF10203413
:10E5700015E5B247014C85C7A16793870780739063
:10E58000073037160200370502001306C6849305CC
:10E5900030331305457EEFB0906401A0014C094B68
:10E5A000FD59930B040137EA00E0916AA5A8B24730
:10E5B00089E7EFF0FF89014555A063150C00280895
:10E5C000EF104021EFF0DF88EF00B018EFF0FF868A
:10E5D00083474404E207E18763943701230204047C
:10E5E00083475404E207E18763943701A3020404DC
:10E5F000EFF01F866C002808EF10A01E35EDEFF03D
:10E60000DF83185C5C5C631EF704EFF07F84B24527
:10E610005E85EF00F06A2285EFF0DFCDEF00902CF1
:10E6200029C9054CEFF07F81185C5C5C6364F700DE
:10E63000E39F64F72686CA852285EFF01FC25C50EF
:10E6400089C713054402EF00907C11C5B7E700E0CD
:10E65000116723A0E720EFF0AFFF054505616F10BC
:10E660009FECEFF0EFFE2285EFF0DFC8EF00902780
:10E670004DBF23205A2175B72285EFF0BFC7EF00A9
:10E68000702615BFEF129FE741111DE1A167938727
:10E690000780739007303716020037050200130613
:10E6A000C684930520401305457EEFB0505301A06A
:10E6B0002A84B2898DE53C419DC3A1679387078079
:10E6C0007390073037160200370502001306C68420
:10E6D000930530401305457EEFB0705001A0894787
:10E6E0006398F602585C85476304F702A167938735
:10E6F00007807390073037160200370502001306B3
:10E70000C684930540401305457EEFB0504D01A0EF
:10E7100036C62EC4EFF0EFF7185C5C5C2A8AA2457F
:10E72000B2466366F700894781446393F6028344E7
:10E7300054041C5C3686228513998401EFF0FFB1E6
:10E7400013598941FD576317F9025C5089EB8544E1
:10E750005285EFF0CFF4268541016F107FDD130560
:10E760004402EF00D06A65D5E38309FE854723A004
:10E77000F900F1BF9307F0076314F902A1679387CB
:10E780000780739007303716020037050200130622
:10E79000C6849305D0481305457EEFB0504401A0D0
:10E7A0008504E204E184A302940455B7EF123FD438
:10E7B000011132C61DE1A16793870780739007306E
:10E7C00037160200370502001306C684930510555C
:10E7D0001305457EEFB0B04001A02A84AE898DE5D7
:10E7E0003C419DC3A167938707807390073037161C
:10E7F0000200370502001306C68493055055130521
:10E80000457EEFB0D03D01A0EF10600A15E5B2479C
:10E81000014985C7A1679387078073900730371632
:10E820000200370502001306C6849305A0551305A0
:10E83000457EEFB0D03A01A001497D5A930A4402C7
:10E8400037EB00E0916B95A8B24789E7EFF04FE016
:10E85000014569A8631509002808EF00B077EFF0BB
:10E860002FDFEF00006FEFF04FDD83474404E20736
:10E87000E187639447012302040483475404E207B9
:10E88000E18763944701A3020404EFF06FDC6C009E
:10E890002808EF00107525E52285EFF03F9A31C971
:10E8A000B2455685EF00D0412285EFF0BFA4EF00BE
:10E8B000700319E123207B210549EFF00FD8045C98
:10E8C000C1D4CE852285FD14EFF05FA004DC1C4886
:10E8D00099CB13050401EF00905311C5B7E700E091
:10E8E000116723A0E720EFF0AFD6054505616F1053
:10E8F0009FC32285EFF01FA0EF00C07E75BF228569
:10E90000EFF05F9FEF00007E2285EFF03F934DD543
:10E9100081B7EF125FC041111DE1A16793870780A6
:10E920007390073037160200370502001306C684BD
:10E930009305307E1305457EEFB0702A01A02AC6EC
:10E94000EFF0AFCF3245085D2AC6EFF06FD0324509
:10E9500041016F109FBE15E5EF12FFBBA1679387C2
:10E96000078073900730371602008565370502006F
:10E970001306C684938585AC1305457EEFB030261B
:10E9800001A09DCD372601209306C682814701470D
:10E990001306C682214883A846006398A8009317EF
:10E9A0003700B2978CC3C8C321A891E783A806009B
:10E9B00063930800B6870507A106E31E07FDFDF374
:10E9C0008280EF125FB541112A842EC632C4EFF067
:10E9D000CFC6834744047D572246E207E187B2450C
:10E9E0006394E70023020404834754047D57E2073D
:10E9F000E1876394E700A302040432C62EC4EFF05B
:10EA00002FC51C5CA245324689E713054402EF007E
:10EA1000F0382285EFF01F8E41016F101FB2EF1208
:10EA2000FFAD2A84EFF06FC19387C1BC9843B7292B
:10EA30000120050798C3138701BC1843938401BCC8
:10EA40001389C98661E780C0984385476312F7063A
:10EA50009389C986130AC9124E85D109EFF00FF6C2
:10EA6000E31C3AFF37250120130A85991305859980
:10EA7000EFF0CFF4372501209309C59A1305C59A05
:10EA8000EFF0CFF3372501201305059CEFF00FF3CE
:10EA9000372501201305859EEFF04FF23725012021
:10EAA0001305459DEFF08FF123A241BD23A431BD95
:10EAB000938781BD9843050798C31387C1BD5C54F4
:10EAC000144363F3F6001CC35147B387E702CA97A8
:10EAD000D843144718C454C410479306440054C282
:10EAE00014C798435CC8050798C3EFF06FB683A7B7
:10EAF000C1BE99CB9C40D8575C546377F700B7E709
:10EB000000E0116723A0E7206F109FA283A7C1BE7A
:10EB1000C5F39C40D8575C54E3ECE7F880C049BF8C
:10EB2000138741BC1C439443938701BE81E67D5704
:10EB300098C38280184358471843DDBF0DE5EF1294
:10EB40009F9DA16793870780739007303716020057
:10EB50003705020013068688930570721305457EFB
:10EB6000EFB0F00701A05449372701201307479D54
:10EB7000AA870145639BE6009857B7270120938732
:10EB8000079C6304F700133517008280EF121F976C
:10EB90004111AA89B284428403290803B1C5014600
:10EBA00041483385C50003050500B308C400238A26
:10EBB000A80201C50506E31606FFA30104043946B1
:10EBC0006377E602A1679387078073900730371653
:10EBD0000200370502001306868893057039130575
:10EBE000457EEFB0C07F01A0230A0802C9BF58D4F8
:10EBF00078C013054400232404043EC636C43AC238
:10EC0000EFF00FDD13058401EFF08FDC12473D4676
:10EC100081453307E64018CC314600C840D0130583
:10EC2000C404EF105F92A2461395240071154A9513
:10EC3000230C0404A30C0404230D0404230E040475
:10EC40003686CE854199EF10AFFBB24708C091C31D
:10EC500080C341016F10DF8DEF12FF8B8347B50535
:10EC600091EB2A840859EFE03FFB2285EFE0DFFAC1
:10EC70006F10BF8C0547E38BE7FE0947E38AE7FE89
:10EC8000A167938707807390073037160200856568
:10EC900037050200130686889385C5F91305457E5E
:10ECA000EFB0E07301A0EF127F8537240120130439
:10ECB000849E938401BD9C40EDDFEFF00F985C448F
:10ECC00003A9C70013054900EFF04FD51387C1BC56
:10ECD0001C43FD171CC39C40FD179CC0EFF04F97D1
:10ECE0004A85EFF07FF7F1B7EF125F81938401BCA3
:10ECF00083A901BF2A849C4088404111238E0704C8
:10ED000011052EC6EFF08FD17D57938701BCB24518
:10ED1000631CE40295C9B72701209387479D94405F
:10ED2000D84398C610479440D0C6944010479106E7
:10ED300054C29440910614C798405CCB9843050791
:10ED400098C341016F10CFFE98434E9440C363793E
:10ED5000340103A581BC8C439105EFF04FC9D5B7B1
:10ED600003A541BC8C439105EFF06FC8938701BEAA
:10ED70009843E378E4FC80C3E9B7EF12CFF941117F
:10ED80009DE3A167938707807390073037160200D1
:10ED900037050200130686889305A0241305457ED7
:10EDA000EFB0E06301A0428463140802A167938777
:10EDB00007807390073037160200370502001306EC
:10EDC00086889305B0241305457EEFB0406101A00D
:10EDD0009308000646C6324363041303A167938772
:10EDE00007807390073037160200370502001306BC
:10EDF0008688930530251305457EEFB0405E01A05F
:10EE0000B2482328F8028947A30DF8043C00EFF02C
:10EE1000FFD72285EFF0BFC0224541016F10EFF10F
:10EE2000EF126FEF1DE1A1679387078073900730A2
:10EE30003716020037050200130686889305107501
:10EE40001305457EEFB0A05901A0938701BC9C43F8
:10EE50002A84938401BC6384A706EFE01FFE228509
:10EE6000EFF0DFCD39C9130944004A85EFF00FBB3D
:10EE70009387C1BD5854944363F3E60098C3D147C8
:10EE8000B306F702B72701209387C786B697D44306
:10EE9000904614C450C490462322260123A4260180
:10EEA00094435CC8850694C39C40DC576367F700B5
:10EEB000B7E700E0116723A0E720EFE07FF96F10CC
:10EEC000CFE7EF124FE5411170002C00480002C25D
:10EED00002C4EF90CFA71248A2473246B7150200EE
:10EEE00037F50000014781469385C589130565CA3A
:10EEF000EFF0BFE805C5EF10203E85476315F5022A
:10EF0000A16793870780739007307D5723A0E1BEE8
:10EF100023A6A1BE23A801BEEFE07FDD83A7418425
:10EF200041016F108FE1FD57E31AF5FEA16793874A
:10EF30000780739007303716020085653705020099
:10EF400013068688938505841305457EEFB0204916
:10EF500001A0938741BD9843050798C3828003A50C
:10EF600001BF828083A741BD63970716EF12AFDA16
:10EF7000938701BF8043050480C331E4938741BC7C
:10EF80009843184305C7A16793870780739007309C
:10EF900037160200856537050200130686889385BB
:10EFA00075AC1305457EEFB0804301A0138781BC8B
:10EFB0009443104390C314C3938741BE98430507FD
:10EFC00098C3EFF0FFB5938701BE9C43372701201C
:10EFD000138601BE1307C786938501BC0145637381
:10EFE000F4029C41D146DC57B387D7023E971843C1
:10EFF000854763F3E700054583A741BF91C30545F6
:10F000006F10AFD3514F938741BC9443944281E634
:10F01000FD571CC2F9B79C43DC47DC47D4436374FB
:10F02000D40014C27DBF83A8870003A8C700D44BB7
:10F030001383470023A408012322180183A8460054
:10F040006394680023A2060103A8060023AA070010
:10F050007D1823A00601945795CA03A8C70183A869
:10F06000070283AF46002324180183A8070223A2C6
:10F0700008011388870163940F0123A2160103A8D6
:10F08000060023A407027D1823A006019386C1BDB4
:10F0900003A8C70283A8060063F4080123A00601A1
:10F0A000B306E803BA9683A8460083AF880023A47A
:10F0B000170123A6F70183AF880023A26F0023A4C2
:10F0C0006800D4CB9C4285079CC29C41DC57E36C12
:10F0D000F8F205450DBF938781BE984301450507AA
:10F0E00098C38280EF128FC1138441BD1C4041112F
:10F0F00085E7A16793870780739007303716020072
:10F10000856537050200130686889385358B1305C0
:10F11000457EEFB0C02C01A0EFE03FD21C40FD17B0
:10F120001CC01C4089CB01452AC6EFE07FD2324586
:10F1300041016F10EFBF83A7C1BCF5D7B7260120EF
:10F140003725012081479386069C1305C586D14843
:10F15000854E59A8DC46DC47CC4F9053985790C554
:10F1600003A807022322B8000328470093858701DC
:10F170006313B80050C3104323A407027D1610C3C5
:10F180008C47D047D84B1388470090C54CC24C439E
:10F190006393050150C3104323AA07007D1610C3D3
:10F1A0001387C1BDD0570C4363F3C50010C33307A9
:10F1B00016032A974C4383AF85008CC723A6F7011B
:10F1C00083AF850023A20F0123A405010C43D8CBF4
:10F1D00085050CC3138701BC184358576366E600C6
:10F1E000138741BF2320D70198422DF799C3EFF031
:10F1F0003F93138781BE0443138481BE89CC854924
:10F20000EFF05FD609C5938741BF23A03701FD14F6
:10F21000E5F82320040083A741BFE38607F0B7E7A2
:10F2200000E0116723A0E7200545FDBDEF12AFAE5A
:10F2300041111DE1A167938707807390073037164E
:10F24000020037050200130686889305104F130548
:10F25000457EEFB0C01801A09DE1A16793870780AC
:10F2600073900730371602003705020013068688B0
:10F270009305204F1305457EEFB0601601A083A7CC
:10F2800041BD9DC3A16793870780739007303716F0
:10F29000020037050200130686889305304F1305D8
:10F2A000457EEFB0C01301A02A842EC6EFF07FCABE
:10F2B0001840B24503A501BFB307B7001CC0637176
:10F2C000E50263E1E7020144EFF0DFE111E5B7E7B2
:10F2D00000E0116723A0E720228541016F10EFA510
:10F2E00063E4E700E371F5FE81453385A740EFF065
:10F2F000BF9F0544D1BF19E5B7E700E0116723A020
:10F30000E7208280EF122FA183A741BD41119DC349
:10F31000A16793870780739007303716020037057F
:10F32000020013068688930590541305457EEFB0BE
:10F33000000B01A02AC6EFF0DFC132458145EFF096
:10F34000BF9AEFF03FDA11E5B7E700E0116723A0BD
:10F35000E72041016F106F9E03A741BD938741BF16
:10F3600001C7054798C3828023A007001387C1BD4A
:10F3700018431386C1BDB72701209387C78651481C
:10F38000B3060703B385D700884105C5C841A10668
:10F39000BE964841C8C16314D5005441D4C1D1467A
:10F3A000B306D702B697DC43D44723A0D1BC18C21A
:10F3B000828015E7EF122F96A167938707807390DD
:10F3C0000730371602008565370502001306868868
:10F3D000938525C01305457EEFB0600001A07D1721
:10F3E00045B7EF12AF912A84EFE03FA5938901BCA6
:10F3F00019E003A40900130944004A85EFE01FE265
:10F400001C5489C713058401EFE05FE1B724012094
:10F41000CA851385449DEFE01FDC834784050547BB
:10F4200026896314F700230C0404834794050547D9
:10F430006314F700A30C04048347A4050547631471
:10F44000F700230D0404EFE0BFA01387C1BE1843EB
:10F450009384C1BE19C7EFE05F9EEFF06FECEFE061
:10F460003F9F83A70900639E87029C408DCF83A79F
:10F4700041BD9DC3A16793870780739007303716FE
:10F48000020037050200130686889305D06F130526
:10F49000457EEFA0D07401A0B7E700E0116723A07C
:10F4A000E7206F10EF889307499D984383A7C1BC5D
:10F4B0006315F70023A00900EDB7EFF0FFE9D5B71A
:10F4C000EF126F8505E5A16793870780739007307A
:10F4D0003716020085653705020013068688938576
:10F4E000C5C11305457EEFA0906F01A02E8483A5B2
:10F4F00001BCE105EFE0BFCF85452285EFF0CFFEEF
:10F500006F10AF83EF122F8105E5A1679387078006
:10F510007390073037160200856537050200130621
:10F520008688938565C31305457EEFA0506B01A0C7
:10F5300083A741BD85E7A167938707807390073054
:10F540003716020085653705020013068688938505
:10F55000A5C31305457EEFA0906801A0938701BC69
:10F5600094432A8737050080C98D8CCE54438C4341
:10F570008846D4CD8C4388D18C438846E1054CC164
:10F580008C439C433285E1058CC698D71C43854546
:10F5900085071CC3EFF04FF56F003FFAEF02BFF78E
:10F5A0002A8705E5A1679387078073900730371690
:10F5B000020085653705020013068688938525C5F8
:10F5C0001305457EEFA0B06101A0938701BC5443B1
:10F5D0002E858C4303A88600D4CD8C4323A005033D
:10F5E00003A807008C46610823A2050103A80700B1
:10F5F0009C43610823A4060198D71C4385071CC3BC
:10F6000011C27D55B285EFF02FEE6F001FF35C4500
:10F61000DC4795E7EF023FF0A1679387078073907F
:10F620000730371602008565370502001306868805
:10F63000938525C81305457EEFA0705A01A0D04FD1
:10F64000945398579385870114C6D0C250436313CF
:10F65000B60054C3144323A40702FD1614C303A722
:10F6600041BDD45735E78C47D047D84B90C5D047DC
:10F6700048434CC2938547006313B50050C3104301
:10F6800023AA07007D1610C31387C1BD10436373FF
:10F69000D60014C351473386E602372701201307EB
:10F6A000C78632975043084690C7C8C708464CC122
:10F6B0000CC6D8CB1C43014585071CC383A701BCDE
:10F6C000DC5763F6D700054723AAE1BE05458280D3
:10F6D000372701201307079C50430846D0CF88D313
:10F6E00008464CC10CC698D7F1B7EF02DFE283A7FA
:10F6F00041BD85E7A1679387078073900730371670
:10F700000200856537050200130686889385A5CB20
:10F710001305457EEFA0B04C01A0B7070080DD8D3A
:10F720005C450CC185E7A16793870780739007301C
:10F730003716020085653705020013068688938513
:10F7400025CC1305457EEFA0904901A050411445FA
:10F75000184914C61445D0C250436313A60054C3BD
:10F760001443232805009047FD1614C3D447D84BF3
:10F770009385470014C6D447D0C250436313B600E4
:10F7800054C3144323AA0700FD1614C31387C1BD35
:10F79000D45710436373D60014C351473386E6022F
:10F7A000372701201307C78632975043084690C772
:10F7B000C8C708464CC10CC6D8CB1C4385071CC320
:10F7C00083A701BCDC5763F5D700054723AAE1BE38
:10F7D0006F00BFD683A741BE1CC183A701BF5CC118
:10F7E0008280EF025FD3411105E5A167938707800F
:10F7F000739007303716020085653705020013063F
:10F8000086889385D5CF1305457EEFA0503D01A096
:10F8100085E5A1679387078073900730371602004C
:10F82000856537050200130686889385E5CF1305A5
:10F83000457EEFA0D03A01A02EC62AC4EFE0EFDF4C
:10F84000138701BC83A601BF1C432245B24583C771
:10F85000C70599CB1C43238E07040544EFE04FDF17
:10F86000228541016F007FCD9C417D570144E38794
:10F87000E7FE03A641BE0328050058416307C80000
:10F8800063E5E60023A00500C9BF3386E640E37BBD
:10F89000F6FE958FBA979CC1EFF0DFF301447DBF70
:10F8A000054723AAE1BE828003A501BC828083A70D
:10F8B000C1BE054591C703A541BD13351500060519
:10F8C000828011E50145828001456F001FC7EF026C
:10F8D0009FC483A701BC2A846385A702A16793877D
:10F8E00007807390073037160200856537050200E0
:10F8F000130686889385F5041305457EEFA0302E08
:10F9000001A0BC4785E7A167938707807390073004
:10F910003716020085653705020013068688938531
:10F9200005051305457EEFA0902B01A054557841A5
:10F93000FD173CC5E38AE6F8C1FB93044500268524
:10F94000EFE0DF8D7C403D471D8F18CC1387C1BD94
:10F9500014435CD463F3F6001CC351473387E702BA
:10F96000B72701209387C7860545BA97D843144720
:10F9700018C454C41447C4C204C798435CC80507DC
:10F9800098C3A1B7938701BC98439443084FD456BA
:10F990009843BD47958F1CCF8280EF023FB68947C1
:10F9A000411163F5A702A167938707807390073021
:10F9B0003716020085653705020013068688938591
:10F9C00065261305457EEFA0902101A02A89AE8906
:10F9D00032C6EFE08FC6938701BC9C4393040901B4
:10F9E00013972400BA97DC47138401BC8DE31C40B5
:10F9F00032460547CA97238CE70411CA85453285EC
:10FA0000EFF08FAEB7E700E0116723A0E720EFE04B
:10FA10002FC4EFE08FC21840939724003E974847C9
:10FA200019C5184063800902BA9723A607001C4035
:10FA30002AC63E99230C0904EFE08FC132454101EB
:10FA40006F001FAF9306F5FFBA97D4C7CDB7EF028B
:10FA5000FFAA094A41116375AA02A167938707802B
:10FA600073900730371602008565370502001306CC
:10FA700086889385052B1305457EEFA0501601A0BF
:10FA8000AA843289B6893AC62EC4EFE00FBB9387A9
:10FA900001BC9C43138401BCA69783C78705630CF4
:10FAA000FA021C4093962400A245B697F44793C5EA
:10FAB000F5FF3247F58DECC71C408546A697238C91
:10FAC000D70411CB3A858545EFF00FA2B7E700E0E8
:10FAD000116723A0E720EFE0AFB7EFE00FB6638A2E
:10FAE00009001C40138704010A07BA97DC4723A0CA
:10FAF000F9001C4009470145A69783C78705631E87
:10FB0000F7001C40139724001349F9FFBA97F847F0
:10FB100005453379E90023A627051C402AC4BE9475
:10FB2000238C0404EFE0CFB2224541016F005FA0B7
:10FB3000EF027F9E8947011163F5B702A1679387A2
:10FB4000078073900730371602008565370502007D
:10FB500013068688938585301305457EEFA030080F
:10FB600001A005E5A16793870780739007303716DA
:10FB70000200856537050200130686889385953057
:10FB80001305457EEFA0B00501A03ACE36CC32CAAF
:10FB90002EC82AC6EFE06FAA72473245C2455246C8
:10FBA000E24619C7938705018A07AA97DC471CC359
:10FBB0003307B500834787050948230C070511471C
:10FBC00093F7F70F6368D704371702001307078608
:10FBD0008A06BA96984202878A05AA95F845598EF0
:10FBE000F0C50547638EE70405452AC6EFE04FA63A
:10FBF000324505616F007F948A05AA95F84505078F
:10FC0000F8C5C5B709476388E70CC1058A05AA95F9
:10FC1000D0C5C1BF03A701BF69D7A167938707807C
:10FC2000739007303716020085653705020013060A
:10FC300086889385E5331305457EEFA0407A01A0C1
:10FC4000144558455C491306450098C6584554C3A9
:10FC5000D4436393C600D8C39843232A05007D1775
:10FC600098C39387C1BD5855944363F3E60098C386
:10FC7000D147B306F702B72701209387C786B69707
:10FC8000D4438C4614C54CC58C46D0C190C6944311
:10FC90005CC9850694C31C5585C7A16793870780F7
:10FCA000739007303716020085653705020013068A
:10FCB00086889385D5341305457EEFA0407201A058
:10FCC00083A701BCDC57E3F1E7F2B7E700E0116777
:10FCD00023A0E72011BF014509BFEF02DF83011117
:10FCE00005E5A167938707807390073037160200F8
:10FCF00085653705020013068688938555381305F8
:10FD0000457EEFA0C06D01A02A8409456375B50248
:10FD1000A1679387078073900730371602008565C7
:10FD20003705020013068688938565381305457EDE
:10FD3000EFA0E06A01A03ECE3ACC36CA32C82EC649
:10FD4000EFE02F956247B2454246D246F24709CBD3
:10FD5000138805010A0822980328C80023200701F8
:10FD60003308B400034788058948230C1805114857
:10FD70001377F70F6367D804371802008A06130851
:10FD80004887C296944282868A05A295F445558E8C
:10FD9000F0C58546630DD7040544EFE04F902285FA
:10FDA00005616F008FF98A05A295F4458506F4C5B3
:10FDB000CDB789466302D710C1058A05A295D0C583
:10FDC000C9BF83A601BFF1D6A1679387078073904F
:10FDD000073037160200856537050200130686884E
:10FDE0009385D53C1305457EEFA0605F01A01854B4
:10FDF00005C7A16793870780739007303716020005
:10FE0000856537050200130686889385853D1305B1
:10FE1000457EEFA0C05C01A003A741BD505425EF73
:10FE20000C445444584894C5544403284700CCC259
:10FE3000930544006313B80054C31443232A0400F9
:10FE4000FD1614C31387C1BD144363F3C60010C36A
:10FE50005147B306E602372701201307C7863697B6
:10FE6000544303A8860014C42326040103A8860073
:10FE70002322B8008CC658C81443850614C303A7B0
:10FE800001BC5857E37AC7F099C3054798C30547A3
:10FE900023AAE1BE11B7372701201307079C54435B
:10FEA0008C4654CC0CD003A88600930584012322F1
:10FEB000B8008CC618D4C9B70144C5B5EF02AFE588
:10FEC000411105E5A16793870780739007303716C6
:10FED0000200856537050200130686889385C540B4
:10FEE0001305457EEFA0A04F01A0894463F5B4023D
:10FEF000A1679387078073900730371602008565E6
:10FF000037050200130686889385D5401305457E84
:10FF1000EFA0E04C01A02A842EC432C6EFD07FF7B8
:10FF2000A245B307B4008A0503C78705A295238CB1
:10FF30009704FC458507FCC585476396E70A1C5472
:10FF4000324685C7A16793870780739007303716BD
:10FF500002008565370502001306868893853543C0
:10FF60001305457EEFA0A04701A083A741BD5854CB
:10FF7000C1E30C4454445C4894C5544403A847006E
:10FF8000CCC2930544006313B800D4C39443232A1E
:10FF90000400FD1694C39387C1BD944363F3E60048
:10FFA00098C3D147B306F702B72701209387C786C6
:10FFB000B697D44303A8860014C42326040103A8DB
:10FFC00086002322B8008CC65CC89443850694C37F
:10FFD00083A701BCDC5763F8E70019C285471CC240
:10FFE000054723AAE1BEEFD09FEB41016F00EFD49C
:10FFF000B72701209387079CD4438C4654CC0CD060
:020000021000EC
:1000000003A88600930584012322B8008CC61CD463
:100010006DBFEF024FD0EFD05FE2138441C01C40B0
:10002000B1EB372501201309C5A31305C5A3EFE0E4
:10003000EF9837250120930405A5130505A5EFE0EA
:10004000EF97B72601203726012023AC21BF0147B7
:10005000938646A61306C69FC145114523AE91BEA1
:10006000EFE0EFBC08C019C5B71502009385858C79
:10007000EFE07F8EEFD0DFDD6F002FCCEF02AFC956
:100080004CC108C9AA876360B602184D158E054594
:100090006379E6009385470003A5C1BFEFE02F9584
:1000A00001456F008FC96375D6000545E3FBD5FE9A
:1000B0009385470003A581BFD5B7EF02CFC52A843A
:1000C000AE8432890C4CA6864A86A6952285EFF02E
:1000D000FFFA19E16F006FC61C4C2285BE941C50BC
:1000E0008297CDB7EF022FC383A781BF4111AA84A6
:1000F000DC472EC6C04713054400EFE02F9283472C
:100100004402324613F7470019CBA6852285EFF04B
:10011000DFFA1C502285829741016F000FC2F99BC4
:100120002302F402FDB7EF020FBF938681BF98420E
:100130001C4381EB9387C1BF904398C390C26F006B
:10014000CFBF5C47FD558843EFF0DFF9F9BFEF0201
:100150000FBA3719020041111309498A83A781BFD9
:10016000984329CBDC47814C03AC0700EFE07FDEEE
:10017000EFE0FFDE83A701C02A84938401C0138AC5
:1001800041C0636CF50288C063800C0483A7C1BFC3
:1001900090431336160003250A00B3058C40EFE0A8
:1001A0005F82EFE03FF419EDB7E700E0116723A0AD
:1001B000E72009A8854C014C55BFEFF0DFF680C061
:1001C000EFE05FF2214C0DA00146E36685FDEFE014
:1001D0007FF1A2856285EFF0FFF0EDB79247B2455F
:1001E0008297824763DD070003250A0001468A855E
:1001F000EFE0CFDB25D582472245E3C107FE22444D
:100200005C489DE3EFE0BFD59C40AA8C6374F50089
:10021000EFF07FF1824723A09401FD17E366FCFC19
:100220008A07CA979C43828713054400EFD01FFFBB
:10023000D1BF834744020C4C924693E71700230238
:10024000F4026686B6952285EFF05FE351DD8347C1
:10025000440213F7470001CF1C4C92456686228565
:10026000BE95EFF09FE51C5022858297B5BFF99BA4
:100270002302F402CDBF83474402F99B2302F40218
:10028000A5B783474402924593E717002302F4027F
:100290000CCC9DE1A16793870780739007303716D8
:1002A0000200370502001306068D930590351305ED
:1002B000457EEFA0C01201A0E6866686E6952285FF
:1002C000EFF0DFDB15B78347440213F7270055F73C
:1002D0002285EFD07F9409BFEF02EFA34111EFF029
:1002E0005FD383A741C095CB70002C00480002C2A9
:1002F00002C4EF709FE7A24712483246B7150200CA
:1003000037050100394781469385858E1305E5142D
:10031000EFE0BFA623A4A1C01DE1A16793870780DA
:100320007390073037160200370502001306068D5A
:10033000930590111305457EEFA0600A01A00545C5
:1003400041016F008F9FEF020F9D4111B68732C6AA
:100350003E862AC203A541C079572EC481468A85AC
:100360003AC0EFE02FB241016F002F9D83A7818239
:1003700037177A0013070720B3D7E70293F7F70F71
:100380002387F1C01307803EB387E7022396F1C0AD
:100390008280B7F700E0D8438146799BD8C303C772
:1003A000E1C03306A70290CBD4CB98431367070173
:1003B00098C398431367170298C3D843058B75DF1A
:1003C0009843799B98C38280B7F700E0D843814671
:1003D000799BD8C303D7C1C03306A70290CBD4CB37
:1003E00098431367070198C398431367170298C38C
:1003F000D843058B75DF9843799B98C38280EF02C1
:100400008F912A841165011185451105EF909FCCCC
:10041000930700207C82371501408D473EC44C0075
:10042000E147130505803EC6EF90DF9222C83744AE
:100430000140B70708000C08130504803ECC02CA2F
:10044000231E0100EFA0AFA7854513050480EFA090
:10045000CFB205616F006F8EEF024F8AB744014043
:10046000AE893289014493840480634524014A851E
:100470006F000F8C930500042685EFA0EFB17DD9A6
:10048000B38789008385070026850504C205C181DD
:10049000EFA00FB0D9BF138781841C43B72601207A
:1004A000938606C13E95636BD500B786012093867F
:1004B000068063E5A60008C33E858280FD57EDBF38
:1004C0007325103482807325203482807325303464
:1004D00082805D71A2C4A6C2CAC052DE56DC86C646
:1004E0002A84AE8455209387C18403A90700FD5751
:1004F0002A8AAE8A6301F9022286A6862285A6850B
:10050000EF80903109E9014681462285A685EF708A
:10051000F065634C0500B64026445285D685964466
:100520000649725AE25A6161828085473EC4970744
:1005300001009387273C3EC602D422CC26CE22C897
:1005400026CA63070902014681463285B685EF70E7
:10055000C07B2AD02ED28947631EF900EF90800716
:10056000930710021CC1A25799EB025A925A65B721
:1005700002D002D22800E52275D1A257FDD7EF9014
:100580006005A2571CC1D5B741113707F07F22C4BF
:1005900026C206C63378B7002E84AA84630DE816F7
:1005A000AE87AA86635FB00E13DE454163010E1A63
:1005B000370710001306F7FFF18FD98F130E1EC0F7
:1005C0001397170013761E0093D7F601BA97139767
:1005D000160011C67D838607BA9713972600135E0F
:1005E0001E40D945814E8146370620003385C6001E
:1005F0001358F701FD1563C6A700898FB306C50020
:10060000B29E8607C29706070582EDF11305000228
:10061000014381483706008019A86385D70E93559A
:10062000F70186077D15AE97060705820DC9B3054C
:100630001601E3D4F6FEB388C500368863CE050AFA
:10064000958FB336B700958F0D8F9355F7018607B9
:100650007D153293C286AE970607058269F9D98F58
:100660009354130089CB93041300FD5785806314C2
:10067000F300850E814413D71E403704E03F93FEFC
:100680001E003A9463850E00B7070080DD8C1317B7
:100690004E012297B24022442685BA8592444101F8
:1006A00082801397150005833368A7002E87E30324
:1006B00008FED9E193D5B600AD172E87D606FDD931
:1006C00013D6450141EA014611A02A860607931573
:1006D000B70013051600E3DA05FE9308000236881A
:1006E000B388A840BA85B396A60033571801338E55
:1006F000C740B367B7006DBD13C8F8FF1358F801C2
:1007000036983DBFE36DB7F0B388C500E3C605FE7C
:100710003E88814715BF2A86AE86EF7090502686A8
:10072000A286EF60906BB2402244AA842E87268571
:10073000BA859244410182802A86AE86EF80E01914
:100740002A86AE86EF70605CAA842E87A1B72E87BA
:10075000814795BF3688930800027D5679B70145D9
:100760008280EFF25EDB83A781B541113EC6EF10B8
:10077000201B118963000514938781C29843B246F8
:10078000998E372701200327C7B405836376D700E6
:10079000324798C3EF30D054EF40200083A781C385
:1007A00091C7EF30105619E123AC01C2938441C2C6
:1007B0009840B247998F1307703E6376F700EF2099
:1007C0002020B2479CC0938701C19843B246998EBE
:1007D0000567130777386376D700324798C3EF1061
:1007E000005CB7270120938707B1D84711CF138743
:1007F00001C21043B246918E1306703E6376D60056
:10080000B246DC4314C38297B724012083A784AB8C
:10081000A9CB1387C1C11C43B2461306A00F9D8EFE
:10082000B727012083A787B8ED83B387C70263E9A1
:10083000F600B2471CC3938784AB9C4B91C382974D
:10084000938781C19843B246998E3D671307F7A5F8
:100850006379D7003247938484AB98C3DC4891C353
:1008600082973245938441C1412C9C4032471D8F71
:10087000BD679387F7A563F5E7009924B2479CC04D
:1008800003C751C3BE841377F70F0DC703C751C306
:100890001377070C1DE3B727012083A707B999C376
:1008A0000545829703A781B523A8E1C293070004F9
:1008B000A38AF1C241016FF05EC803C751C3137729
:1008C000070415CB83A601C303A781B5138901C310
:1008D000158F93064006E3FFE6FCB727012083A7A8
:1008E00007B999C30145829783A781B52320F900F1
:1008F000930700F875BF03C751C362076187E35BC5
:1009000007FA83A601C303A781B5158F9306400696
:10091000E3F2E6FAA38A01C271BFEFF2DEBF372528
:100920000120130505BAEF10902A6FF01EC1EFF2F7
:100930009EBEB7270120938707B3D85737240120DD
:1009400088D313674700D8D71189930744B79C4FC2
:10095000130444B701CD99C3014582975C4C99C3F8
:10096000014582970545352A6FF03EBD99C305457F
:1009700082975C4CF5DB05458297FDB783A7C1B62E
:10098000232005009DCB944363DB0600D4479042AF
:10099000634506029C4363D4070023A6D1B683A710
:1009A000C1B691650146FD153548B70800809443EE
:1009B00063D7060019C223A6F1B60145828094438D
:1009C0001393060163420304944393F606108DCEFD
:1009D000944393F606208DCA9443C182ED8EF1169E
:1009E00014C16371D802944393F6060281EA19C2D6
:1009F00023A6F1B69C475CC105458280944393F6DB
:100A00001608F5D62320050023A017010546DC476C
:100A100079BF03A7C1B6B706008014C3584723A601
:100A2000E1B68280EFF23EAF83C751C393F7F70F71
:100A300081E78547A38AF1C203A781B59387C1C225
:100A400009CB98C3B727012083A747B982976FF0D6
:100A5000DEAE0547FDB7B727012083A747B901459B
:100A600085CF03A741B40DCB144308479387C1C278
:100A700063D206028C43A16689069308300603A65A
:100A800081B50D8E63E4C800FD1681EA1443860625
:100A9000858214C323A0070082801043E34106FE31
:100AA000D5BF03A781B5B72701209387C7AA88A31D
:100AB000239107002392070098C7A3800700828034
:100AC000EFF27EA5B7240120138404BA5C404111E3
:100AD0006C00138504BA3EC623220400EF10204D9B
:100AE000B2476C00138504BA5CC05C443EC6EF108C
:100AF000004C41016FF07EA4B72701209387C7AA5D
:100B0000982319E388C7828098479306703E33077D
:100B1000E54063F3E602EFF21EA0BA2388C79146D0
:100B200063F7E6000145EFF0DFF76FF01EA1050760
:100B3000BAA3EFF0FFF8D5BF8280EFF2DE9D2A84E2
:100B40000145EFF01FF6B72701209387C7AA11C808
:100B5000054798B3B7270120094723AEE7B46FF0E4
:100B6000DE9DA3800700E5BF828003288503630B19
:100B70000802EFF25E9AFC5D014791C70507420744
:100B800041839C43DDBF83A7050891C70507420742
:100B900041839C43DDBF8146014681450298014562
:100BA0006FF0BE990145828001458280EFF23E944C
:100BB0005C42032A85000329C5000049AA848823D2
:100BC0009C33B289A2075D8DEF10B00F935565007D
:100BD00093F5C503B305B0404E85EF20904449E539
:100BE000DC44984C03DB8900998F63F867014E85DC
:100BF000EF20104A05456FF01E934A9A4E8903561E
:100C0000A900B30A8A40832B490063F4CA045686BC
:100C1000DE852285EF8050218357A9009844330454
:100C200044413E942286B3855B013A85EF80D01F14
:100C30002A9403290900E31409FC4E85EF2050454E
:100C40009C4C80C8DA979CCC9C4093E747009CC0A2
:100C500055B72285DE85EF80301D8357A9003E946D
:100C6000E39957FD8044F1B7014571B771CAEFF2BE
:100C70001E88832BC5001C4D035B8600BA8AB38790
:100C8000FB40368A32892A8463F767013285EF2078
:100C900030406FF05E891C450449B289BE9B03D683
:100CA000A900338C9B4083AC49006377CC066286F5
:100CB000E6852685EF80501783D7A9001844B384B2
:100CC0007441BE942686B3858C013A85EF80D01599
:100CD000AA9483A90900E39409FC4A85EF20503BBC
:100CE000032884036305080483451A0083470A0028
:100CF0001448A205DD8D83472A005A875686C2070D
:100D0000CD8F83453A002285E205DD8D02981C4493
:100D1000232C04001CC8B5BF2685E685EF80D010C3
:100D200083D7A900BE94E39687FB04445DB7184CB3
:100D30001C4004C85A9793E7470018CC1CC091BFC9
:100D4000828018519547631AF70CEFF24EFA1C494E
:100D50002A847D55D9CF328AAE8455CA832A84002D
:100D60005844835B86003289BA9AC20A93DA0A0130
:100D70009399070193D90901338B3A410356A9008E
:100D8000420B135B0B01032C49006376CB065A869A
:100D9000E2853E85EF8050090357A9001C44B30546
:100DA0006C0133075741BA99C20993D909013E85AD
:100DB0004E86EF807007B307350103290900E31958
:100DC00009FA184C1CC852855E9718CC1840136756
:100DD000470018C0EF20D02BFE38184C2685B38B67
:100DE00077415C44239B7403998FDEB4EF30A011EC
:100DF00001456FF04EF33E85E285EF80F002035728
:100E0000A900B307E500E31A67FB1C447DB7014561
:100E1000EDF22E85EF306058E9BF65558280EFF224
:100E2000EEEDB719012003C641C3138749C68147B8
:100E3000938949C693F6F70F63E5C6006D556FF0C9
:100E40002EEF03280702938617001307C7036304D6
:100E50000800B687C5B71309C003338927032E845A
:100E60002A8A1306C0038145B38429012685EFF041
:100E70008EED1305C9021146930544004E95EF808F
:100E8000A07A5E3080D8A685DCD083278A022285AE
:100E90009CD4EF308016B7150100938585B6228566
:100EA000EF30A016B7150100938525D42285EF30C9
:100EB0000015B71501009385A5B62285EF30801483
:100EC000B715010022850546938585BAEF30801459
:100ED0008D47DCCC95479CD09C20014593E787004B
:100EE0009CC0B1BF01CD3305A040B7170200938766
:100EF000878F1375F50F3E9508218280014582800A
:100F0000EFF26EE19307C003B387F50237140120B7
:100F1000130744C62A89AE841306C003814513040F
:100F200044C6BA973E85EFF00EE263070900130648
:100F3000C003CA85EF80406F9305C003B385B40238
:100F4000A2959C459CC9DCC96FF02EDFEFF20EDB49
:100F50002A8A372501204111AE89B2848145614634
:100F6000130585AB36C6EFF00EDEB24637240120FE
:100F7000130904B3B68519461305C900EF80C06A8A
:100F80001146D285130504B3EF80006A1146CE8561
:100F900013054900EF804069130404B3A1E0B707CB
:100FA0000001FD171CC4814483C741C363CFF40211
:100FB000EF10E04885475CD01567B727012093877D
:100FC00047B2130707E298C31167130787A9D8C36D
:100FD000254798C7014541016FF08ED51146A6857A
:100FE00013058400EF8040647DBF93F5F40F014545
:100FF000EFF01FF185044DBF1841B72701209387FB
:1010000047B298C35841D8C3184598C7828018552D
:10101000B7573412938787676311F712EFF20ECE3A
:101020001C512A84254563820710372901201306A5
:1010300040048145130509B3EFF0EED0B724012039
:101040001306C0028145138544B7EFF0CECF1306D7
:10105000C002A285138544B7EF80005D938944B731
:1010600003A749014A86938744B72DEBB7060200D0
:1010700003D7066F9386066FAE222E97CE22F622F6
:101080002E9736979316270163D3060AD8CBD84BF1
:101090009356E700FD8A89EAB746F8FFFD16758F7B
:1010A000B7060500558FD8CBD84B93563701FD8A2C
:1010B00089EAB746F8FFFD16758FB7065000558FC1
:1010C000D8CBD84B9316670063CA0600B70600FE5C
:1010D000FD16758FB7060014558FD8CBD84B935695
:1010E000B70189E6B7060040558FD8CBD85311E732
:1010F000371701001307C797D8D3D44B014513D72F
:10110000E6007D8B238AD1C2930706B398CF13D70D
:1011100036017D8B130620033307C702D8CF139700
:101120006600635407000947B8C36FF06EC0F976D4
:10113000FD16758F8966558F91BF1305F00F82805C
:1011400003C641C3B7170120938647C6014793875B
:1011500047C66317E60081476313F70201458280A3
:1011600003A807036317A80009C50545EDD998A191
:10117000828005071377F70F9387C703D9BFD05A2B
:101180006319A60019C50545F9D993E707F89CA18D
:101190008280850793F7F70F9386C60375BFEFF23A
:1011A000EEB5371901202300050003C741C34111E3
:1011B000930749C68144130949C66317970013056D
:1011C000000241016FF0CEB69387C70383A647FEA6
:1011D00063810618850493F4F40FC5B7B72701207F
:1011E00083A707B36C003EC6EF20F01D11469305A0
:1011F000C4026800EF8040436C004E85EF20901ED3
:101200001306C0033386C402B71501009385C5BA1F
:101210004E854A96EF20F01E9547372501206C0039
:10122000232834031CD0130505BAEF005058A685B7
:101230002285EFF0FFCC014569B709476390E70AC3
:10124000EF50B02EAA8963030512930AC402114617
:10125000D6856800EF80403D324A370500F0EF1038
:101260006029337AAA00370500E0EF10A028630058
:10127000AA04B7250120938505BA6800EF10A06F76
:101280001DE5B727012083A707B312346C004E85F4
:101290003EC6EF5050031DE1D68511466800EF8031
:1012A000A03852306C004E85EF50F01C39A012343B
:1012B0009385C1954E85EF50100101C5EFF09FC297
:1012C00009B71306C0033386C402B715010093851E
:1012D000C5C64E854A96EF50F0213DBF0D47130518
:1012E0001002E390E7EEEF3060475C4412346C008C
:1012F0005EB9B727012083A707B3AA893EC6EF20AE
:1013000090252A8A11C54E85EF30200952857DB778
:101310009305C003B385B4024E85CA95EF20F04D06
:10132000B71501004E85938585B6EF20104E954781
:10133000A685228523283403232A34031CD0EFF00A
:101340003FBC372501206C00130505BAEF0030467D
:10135000DDB504A1DC4DC4C12E84E39007EE034546
:101360008402EF205016AA89E31A05E6454591BD8F
:10137000EFF26E9A4EB52A84EF20F03809CD8347FC
:101380006402228593E727002303F402EF40F06410
:1013900005456FF08E9AB727012083A747B8A18330
:1013A000858BFDD783476402858BFDD38947A303D3
:1013B000F402054723ACE1C2E1BF83C741C36376B2
:1013C000F5041307C0033305E502B717012093871F
:1013D00047C63E95584D232C050050C50CC50CC979
:1013E0004CC98D476313F702085905C15A39933721
:1013F0001600631CF700EFF20E9293150601C181EF
:101400004EB9EFF0FFF66FF04E938280EFF20E8F41
:1014100014426944CDCE23200600328A1306C0034D
:101420003306C502B7140120138744C6AA89AE87C4
:10143000938444C63297032B8700504703298701C2
:10144000404B329B63F326013689B30A8B4063F32A
:101450002A0981CB3E855686A285EF80E01CB30722
:1014600055011307C0033387E9024A9433046441EA
:101470002697832A870091C72286D6853E85EF80EE
:10148000A01A56949307C003B387F90223202A01B8
:10149000A697984FC0CB3309274123AC2701631887
:1014A00009009847D8CB98CB98436D9B98C3930776
:1014B000C003B389F9028D470144CE94D84C631818
:1014C000F70063160900CE248858EFF07FEA2285E2
:1014D0006FF00E8691C74A86A2853E85EF80C014C4
:1014E0004A94E3912AFB9307C003B387F902A697B6
:1014F000804749BFEFE2BEFF00422320060055C4EB
:10150000AA876945D9C51305C003B387A702371554
:101510000120130545C6B72A01208144AA9703ABD1
:10152000070393870AB3BC43938A0AB3898B99E371
:101530009304700C9307805C63F487001304805C51
:10154000931C0401328A2E8993DC0C01130C800C4D
:101550000146E6850145EF208038AA8929C948411E
:101560002286CA8523AE0A02EF80000CCE855A85FA
:10157000EF206071AA8B4E85EF20803183A7CA03CC
:1015800099CB8504C204C180EFF02FB9E39284FDAA
:101590004D456FE05EF963D60B005E85EFF09F94DA
:1015A000CDBF23208A000145EDB76945DDB745452C
:1015B000CDB7EFE2DEF300422320060055C4AA8730
:1015C0006945D9C51305C003B387A70237150120A4
:1015D000130545C6B72A01208144AA9703AB070328
:1015E00093870AB3BC43938A0AB3898B99E3930424
:1015F000700C9307005C63F487001304005C931C79
:101600000401328A2E8993DC0C01130C800C0146F4
:10161000E6850145EF20A02CAA8929C948412286E8
:10162000CA8523AE0A02EF802000CE855A85EF508E
:101630006063AA8B4E85EF20A02583A7CA0399CBB0
:101640008504C204C180EFF04FADE39284FD4D45A7
:101650006FE07EED63D60B005E85EFF0BF88CDBFF7
:1016600023208A000145EDB76945DDB74545CDB773
:10167000EFE2FEE78329060023200600638E090CB3
:10168000AA872E8B6945A1C11305C003B387A702A2
:1016900037150120130545C6372A0120B28B930A5E
:1016A000900C8144114C130A4AB7FD5CAA9703A918
:1016B0000703FD1AC20A93DA0A0163980A0083A796
:1016C0000B00C9CB01456FE01EE683270901639734
:1016D0008709EFF08FA40357690719E34545E5B77C
:1016E00083270A01858B99E3E36A37FF03244A00C5
:1016F000637387003A8463F389004E8413160401F0
:101700004182854691E38146DA854A85EF40F022A1
:10171000AA844A858DE4EF40502C83A70B00B3893F
:101720008940AA84A29723A0FB00229BE38C09F89E
:1017300083270A01858BB5FFEFF0CFFA69B763996C
:101740009401EF40902983270A01858BBDF379B777
:10175000EF40B0282685CDB76945B5B75D45A5B73B
:101760009307C003B307F50237170120130747C6D5
:10177000BA9703A8070215476307E800DD4723204F
:1017800006003E858280EFE21ED9D84F8D47631850
:10179000F700EFF0FFEDAA873E856FE01EDA01E764
:1017A000EFF05FD5CDBF89469307A00FE316D7FEB4
:1017B000EFF03FE0CDB7EFE21ED6A147AA840021AB
:1017C000638AF50263ECB70085476381F5028947B8
:1017D00013642400638EF5006FE03ED6C147638E2C
:1017E000F5009307000413640404EDB713641400B8
:1017F00080C0DDB713648400E5BF48591364040159
:1018000065D9EF209039EDB7EFE2FED04111930595
:10181000F1002A89A3070100EFF09F9215C5808788
:1018200093178401E18763D407021374F407130745
:10183000C0033304E402B7170120938747C63E94E0
:10184000232A04022320040241016FE01ECF83C734
:1018500041C3E37BF4FE1307C0033307E402B71769
:101860000120138547C6938447C63A95544D0D47CA
:10187000E39CE6FC832709010547DD1793F7F70F83
:10188000636DF700C145EFF01FF39307C003330406
:10189000F40226942328040275B71C2193E7070459
:1018A0001CC1E5B73717012083C641C3130747C6DC
:1018B0008147638FF6001307C703032647FC11CE49
:1018C000B7270120938707B3D85713670701D8D7E5
:1018D000B727012003C5C7B58280850793F7F70FA7
:1018E000C9BFEFE25EC3EFF0FFFBB727012023AED5
:1018F00007B46FE09EC483C741C36371F5029307C9
:10190000C0033305F502B7170120938747C6AA978E
:1019100098431375F70F118B98C38280014582801D
:10192000B727012003C507B582809307C00333059D
:10193000F502B7170120938747C63E951C5995CFEE
:10194000145115475D45639BE60285899A279DC121
:10195000136787009AA737270120130747B214435C
:1019600023A0D70A5443184723A2D70A23A4E70A7F
:10197000014582805D9B9AA7E5BF5D458280130784
:10198000C0033307E502B7170120938647C6369791
:10199000105395466319D604EFE2FEB7045B585B1B
:1019A000938747C6630497005D479DE81304C0030F
:1019B0003304850226853E94A28523280402EF2065
:1019C000C0639305F00F2685EF20404A454709C9BB
:1019D000B715010048D89385E5E1EF206063014722
:1019E0003A856FE09EB55D473A858280EFE2BEB2F0
:1019F0001304C0033304850237150120130545C6BF
:101A0000DD442A94085801CD185095478144631845
:101A1000F700EF50802E232804022320040226859D
:101A20006FE0BEB1EFE23EAF1304C00333048502A2
:101A300037150120130545C6DD442A94085801CD09
:101A40001850954781446318F700EF20C0242328DD
:101A500004022320040226856FE03EAEEFE21EAAB8
:101A60009307C003B307F50237140120930944C656
:101A70002A894111130444C68144BE9903A5490330
:101A800001C92EC6EF207011B245AA8423A0090215
:101A90009307C003B307F902A297885B09CD85E1DC
:101AA000EF20B00FAA8481E81305C0033305A90213
:101AB0002A9423200402268541016FE07EA78547F2
:101AC0006396F5008545EF20902BF1BF894763941D
:101AD000F5008145CDBFD954F9BF03C741C3637B2E
:101AE000E5041307C003B307E50237170120130706
:101AF00047C69546BA9790535D47631ED602EFE2FC
:101B00009EA1DC4F09476397E700EFF03FEE6205C7
:101B1000618531A00D47639AE700EFF03FF4EFF0E5
:101B20006FBC2A873A856FE05EA16547E5FFEFF05D
:101B30007FEFF1BF69473A858280B727012003A56F
:101B400087B8358105898280B7270120938707B33D
:101B500005474111C8CB94DBD0DB8CDFD8D74101DE
:101B60008280B7270120054723A6E7B68280EFE2EF
:101B70009E9AB727012003A607B883A601851317ED
:101B800086016187630B051483C7C1C36148894817
:101B90003388070336980323C800631013150343E3
:101BA000150083480500032808002203336313014E
:101BB00083482500C20833E3680083483500E20803
:101BC000B3E86800639B0811E207E1873E856FE098
:101BD000DE96B3885702B69803AEC80063190607AD
:101BE00063170E061398870113588841850793F7EA
:101BF000F70FE3E0C7FE6317060193F81500FD57E2
:101C0000E38608FC8989FD57F1F19377F80F636B40
:101C1000C8009377F30F6367C300FD57E378C7FAF3
:101C20009377F70F61473387E702BA9623A606003A
:101C300001CD103118212206598E38214207598EC4
:101C400038316207518F98C2238806000DA86314AB
:101C50007E040DC9834E1500034E0500A20EB3EE9F
:101C6000CE01034E2500420EB36EDE01034E350059
:101C7000620E336EDE0183AE08006315DE01238E33
:101C8000F1C299B783C80801E3E2E8F71397870127
:101C90006187468FA1BFE31B8EF415C5834E1500E7
:101CA000034E0500A20EB3EECE01034E2500420EF8
:101CB000B36EDE01034E3500620E336EDE0183AE7D
:101CC0000800E30EDEFB83C80801E3E1F8F3139399
:101CD000870113538341C68F11BF3A883A83814FDE
:101CE000014F8147E1428543094421B7EFE21E815C
:101CF00098319C21368A22075D8FBC215441C2074E
:101D00005D8FBC31E207D98F639BF60089E6D95716
:101D10003E856FE0FE810545EFE03FE2CDBFE5DBAC
:101D20002E842A89AA852285B289EF00D04465F1E4
:101D30001C300420370500F0A207C58F2420C20400
:101D4000C58F2430E204DD8CEF00C07AE98C3705C2
:101D500000E0EF00207AE38CA4FAD2852285EFF030
:101D60001FE1AA87E34605FAE147B307F50203A599
:101D700001853E9589475CC5232A25019387590033
:101D80001307950094237D1714B39386F7FF63968A
:101D9000F900230805008147A5BFB687E5B7B72737
:101DA000012003A507B803A801850147E1480943BD
:101DB0000546130EF00E6363A7008280B306170377
:101DC000C2969C2ACC46850793F7F70F9CAA639886
:101DD0006500636AFE0005071377F70FE9BFE39C10
:101DE000C5FEE37AF6FE23A60600F5B721CDEFE2A5
:101DF0008EF2C4412A84DC34C824A2075D8DEF0032
:101E0000606BA16793870710938524016304F50035
:101E10009385E400D835DC2522075D8FFC25C207B9
:101E20005D8FFC35E207D98F5840B98F1844F98F80
:101E300081EB814613866400B1052285EFF01FEB2C
:101E40006FE0AEEF828063030516EFE22EEB3A26D9
:101E5000930790024111B2892E8AAA8463E8E700B1
:101E60004E85EF10F02241016FE08EEC0329460011
:101E70008347D9000345C90013042901A2075D8DDA
:101E8000152DA167938707106304F5001304E9007B
:101E9000834A14001C200545A20AB3EAFA00192D52
:101EA000E390AAFC834A54005C2013054060A20A18
:101EB000B3EAFA000125E395AAFA834A34003C20EC
:101EC0000565A20A13050580B3EAFA00E523E39944
:101ED000AAF8930AE4001146D6856800EF70C07432
:101EE000D44013068400ADC2183C1C2C22075D8F21
:101EF0003C2CC2075D8F3C3CE207D98F6396F60409
:101F000085466C002685EFF07FDE054B7C3068202F
:101F1000A2075D8D45238547630FF5028947E311CD
:101F2000F5F46C002685EF102033B727012003A7B6
:101F300087ABE30707F2938787ABDC47E38207F2BF
:101F40006C002685829729BF81466C002685EFF0BC
:101F5000FFD9014B65BFE3050BF00945A12B68A034
:101F6000218168B01146D68513058401EF70C06BDE
:101F70001146938544005685EF70006B35041509B2
:101F80009547FD5618207D197D1438B4A300E9004B
:101F90003307FA001823FD1718B0A303E900E393F1
:101FA000D7FE9C4CCE85268582975DBD8280EFE270
:101FB000EED42A89AE8901469305A0020D45EF10A3
:101FC00010127D544DC94041AA840545E52148A819
:101FD000218148B89306E902930754001547938579
:101FE00041951386C1947D5503C80600FD17FD1663
:101FF000A38B07013388E50003480800A38007038B
:102000003308E600034808007D17A380070103C8D2
:102010001600A3830701E319A7FC114693054900A5
:102020001305C401EF704060CE85114613056402AC
:10203000EF70805F0545BD2968A48569218168B47A
:1020400013850980852908A8218108B813054060F7
:10205000952128A8218128B813856980A129832783
:10206000890148A4218148B4A6854A8582972A849B
:102070002685EF10F00122856FE08ECBEFE20EC8CF
:102080002E842A89AA852285B289EF00D00E01C547
:1020900059556FE0EEC91C300420370500F0A20747
:1020A000C58F2420C204C58F2430E204DD8C992121
:1020B000E98C370500E03D29E38CA4FC18301C2096
:1020C00022075D8F3C20C2075D8F3C30E207D98F2D
:1020D000E1D385452285EFF09FA9E34C05FAE1475E
:1020E000B304F50203A70185138A01858547269766
:1020F000544799EA5CC7EFF0DFA6A2854A85EFF066
:102100001FEBE38809F831A0E387F6FE7D55E384F1
:1021100009FE83270A000947A697D447E39BE6F602
:1021200003A44900138797001306E902930654009D
:102130008D070C237D17FD168CB20C227D16ECB298
:10214000E319F7FE056513050580AD268327890190
:1021500048A4218148B4CE854A8582971DBFEFE20D
:10216000EEB9AE8441112A89B94526853284EF1033
:10217000406B631E0510CA852285EF00C07F631582
:1021800005101C3083490400370500F0A207B3E7AF
:10219000370183492400C209B3E7F90083493400B9
:1021A000E209B3E9F900B926B3F9A900370500E05F
:1021B00091261020143038203C30639CA9081395D8
:1021C0008600518D4207598DE20785456C845D8DEF
:1021D0009305E0054C85392E41811375F507C885B7
:1021E00008301C2022055D8D3C20C207C98F283095
:1021F00062055D8D01262181488608301C2022055C
:102200005D8D3C20C207C98F283062055D8DDD24BD
:10221000C8863400C04095477D5613075400B385E7
:10222000F6008C217D170CB3B305F90083C5950228
:10223000FD176CB3E395C7FE0565130505809D2C5E
:102240008327890148A4218148B4A6854A858297BD
:102250000DA8A206D18E4207558FE207D98F03271A
:102260004900B98F03278900F98F99C78327C900CF
:10227000715581CB1304C9002686A2854A85EFF0EB
:10228000FFDF41016FE0CEAA9386C19461B7795513
:10229000CDBFEFE24EA844412A842E89DC34C82405
:1022A000A2075D8D012CA167938707106317F500C6
:1022B0009C388828A2075D8DF52A9307058091CB6D
:1022C0008567938767806302F5042285EF10405C81
:1022D00015A8A2854A85EFF07FB1DC34C824A20797
:1022E0005D8DC92AA16793870710B9456313F5006F
:1022F000C945B305B0402285EF10A05279F5CA85D3
:102300002285A92401456FE04EA3228693059902F8
:102310004A85EFF05FB3FDB7EFE2EE9FB7270120EC
:10232000938707AD5CD193075006A309F502930785
:10233000E006230AF502B72701009387E7155CC979
:10234000B72701009387C7371CCDB72501209947D0
:102350002A842304F502232E05001946938595BC93
:1023600013059502EF70402C9307C05D1EB89307CC
:1023700030032309F40201456FE02E9CEFE2AE9991
:10238000B1642E8493841435EFF08FD9118915CD63
:10239000FD1485CCEFE02FEC2A897DD5AA878144F6
:1023A00001E8CA852685EFE0EFE701456FE0EE988A
:1023B00032244C403E85EF7020273A240040BA94E6
:1023C000C204B307E500C180E1BF5155C5B7EFE2D4
:1023D000EE92B727012083A787B9AA89138501C484
:1023E000938401C482978C40A9C983C751C31384C5
:1023F00001C493F7F70F81E78547A38AF1C2C205AD
:102400000D46C1810D454440EF10604D2A8915C528
:102410002A8432244840A685EF7000213E240040E3
:10242000BE9465F8EFE0EFDE83A70901CE854A850B
:10243000829701C54A85EF10A0456FE06E8FEFE2ED
:102440008E8D41113724012002C202C402C6EF0062
:10245000D078130504BAB725012019469385C5B372
:1024600013059502EF70401CB727012003A707B39F
:10247000938707B3130504BA3AC29847DC433AC4BA
:102480003EC623A001C623AE01C4EF10A0383728F2
:102490000100B7270100740030004C001308282900
:1024A000938787310147130504BAEF1000314101CA
:1024B0006FE0AE889317850021815D8D42054181D3
:1024C00082809317850021815D8D42054181828044
:1024D0001357850193178501D98FB706FF0013178E
:1024E0008500758FD98F4167130707F02181798D9A
:1024F0005D8D8280EFE22E82EFF09FFD6FE0EE8334
:10250000EFE26E8103A401C6AA8401EC03A5C1C554
:1025100011C5EF10803019C103A4C1C522856FE039
:10252000CE812285EF10602F05C198309C202207B4
:102530005D8FBC20C2075D8FBC30E207D98F584049
:10254000B98F1844F98FF9DB0040C1B7EFD23EFADA
:102550004041AA84AE891C300820A2075D8DEFF0AF
:102560005FF631814205418191476306F50026857A
:10257000EF10003231A41C300820A2075D8DEFF06F
:102580005FF419813C30137AC5032820A2075D8DC2
:10259000EFF03FF3BE242A89E3EB47FD9E24E3E8F6
:1025A000A7FCD2852285EF40F04171F1CA852685CE
:1025B000EF10E046370500F0EFF0DFF3370500E0FD
:1025C000EFF05FF34E89054B930B04014A85EF1042
:1025D000C02411E563130B12032909000DA2930710
:1025E0004900EDDB83264900F5D618381C28220760
:1025F0005D8F3C28C2075D8F3C38E207D98F63822C
:10260000F604CA855E85852E0DED1C38834A0401CB
:10261000370500F0A207B3E75701834A2401C20A35
:10262000B3E7FA00834A3401E20AB3EAFA00EFF0B2
:102630007FECB3FAAA00370500E0EFF0BFEBE39BB5
:10264000AAF858345C2422075D8F7C24C2075D8F72
:102650007C34E207D98FB9C3CE851305C400212E7F
:10266000E31705F05C34034AC400370500F0A20705
:10267000B3E74701034AE400420AB367FA00034A9A
:10268000F400620A336AFA00EFF0DFE6337AAA0058
:10269000370500E0EFF01FE6E30BAAECE30909ECD5
:1026A00003497400682022093369A90011657D156A
:1026B000EFF05FE03375A90011C52685ED26AA84E9
:1026C00061C14041CE852685EF10604955E91C3433
:1026D0000824A2075D8DEFF0DFDE1375F50F994733
:1026E0006303F50AC5476309F50885476312F50AD0
:1026F000CE852685EF40006D61A003A901C6631455
:10270000390103290900014BE31209EC1C340824A8
:10271000A2075D8DEFF0FFDA1375F50FC547631E55
:10272000F500B3074401A823BC33A2075D8DEFF089
:102730005FD993074004630DF502854A1C340824D1
:10274000A2075D8DEFF0FFD71375F50FC54763192D
:10275000F508229A83473A0003452A00A2075D8DB7
:10276000EFF03FD69307C076631CF5064E893DB760
:10277000E39809F2814AD9B7CE852685EF4020112A
:1027800001456FD05EDACE852685EF20702ACDBF59
:10279000CE8513050401C522E31B05DC1C38034963
:1027A0000401370500F0A207B3E72701034924011C
:1027B0004209B367F9000349340162093369F9003A
:1027C000EFF05FD33379A900370500E0EFF09FD237
:1027D000E30FA9D8C0C089452685EF40B00341BBAF
:1027E000E3910AE669B3EFD29ED0AA894289630FCA
:1027F0000612AE8AD1453A8AB284B68B3E8BEF1070
:10280000400279576311051203A44900A20B1C343E
:102810000824A2075D8DEFF0DFCA1375F50F33654D
:102820007501EFF03FC91357850018B408A4EFF005
:102830005FC9218142054181220533656501420559
:102840004181EFF03FC798309C2008A422075D8F9C
:10285000BC20218108B4C2075D8FBC30116513050F
:102860000550E207D98F13D787001CA818B813D7D3
:102870000701E1833CB838A83365AA00EFF09FC395
:1028800008A0218108B003D58900138A81C4EFF024
:102890007FC228A0218128B003550A002303040029
:1028A000A3030400EFF01FC183570A0048A0218151
:1028B000850748B02310FA0063810A0203C71A0093
:1028C00083C70A0022075D8F83C72A00C2075D8F76
:1028D00083C73A00E207D98F99E713074900814778
:1028E00019C38327490013D787005CA458B413D7B2
:1028F0000701E18378A47CB423050400A305040048
:10290000D1452285EF40100C28A4218128B483579B
:10291000090385C303D7890063FDE7002686CA85BE
:102920004E8585232A873A856FD0FEBF4441C10476
:10293000F9BF832749012686CE854A858297DDB770
:10294000EFD27EBD01112A8432852ECE36CC3ACA12
:102950003EC832C6EFF0DFBA09CDC2475247E24661
:102960003246F2452A882285EFF0FFE705616FD0F5
:10297000DEBC7155E5BF18311C2122075D8F3C215B
:10298000C2075D8F3C31E207D98F9386F7FF7557F9
:102990006366D70203C725030145098B0DC3D841E0
:1029A000630FF70094453D8F758F11EB13C5F6FF4C
:1029B000E98F3385A7401335150082800545828055
:1029C000EFD2FEB203A4C1C4C544014B1389C1C4F4
:1029D00019E06FD05EB5FD1493F4F40FFDD87C3C84
:1029E000032C040091C7FD177CBC228B6284CDB7F9
:1029F00083294400814A03A549005C315821A2077C
:102A0000D98F85EF18311C21514622075D8F3C215B
:102A100093058400C2075D8F3C31E207D98F5CC00B
:102A2000EF60904085454E85EF4000604E85EF1089
:102A30008004AA8A4E85EF00B0658329440063961E
:102A40000902032709001C40631CE4042320F90049
:102A5000A2851545EF00B0461387A1C41E235A84F2
:102A6000B38A57412310570149B703A749004E8540
:102A70001C33034A0700A207B3E74701034A2700B4
:102A8000420AB367FA00034A3700620A336AFA005F
:102A9000EF00707EAA9A4E85EF00905FD28945B70D
:102AA0002320FB0075B7EFD29EA444412A899C30B5
:102AB0008820A2075D8DEFF0DFA019811375C50393
:102AC000D1476312F526FC30E820A2075D8DEFF0B8
:102AD0005F9FBC302A8BA820A2075D8DEFF07F9E00
:102AE0009C30AA8C8820A2075D8DEFF09F9D2A8CD8
:102AF0004A85EF005078B727012083A747B803D74E
:102B0000A1C42A8D8D832A97FD8B9389A1C463EC80
:102B1000E72003A4C1C4814A138AC1C41DE8154536
:102B2000EF00F0372A8463000520714681451305C4
:102B30004400EFD05EA18D477CBC83270A00232090
:102B40008A001CC05146A68513058400EF60D02D75
:102B500095ACD834DC2422075D8FFC24C2075D8F3E
:102B6000FC34E207D98F58486316F70298389C283E
:102B700022075D8FBC28C2075D8FBC38E207D98F62
:102B8000184C6319F700DC30D4205A24A207D58FE3
:102B90006306F720A28A004051B7CC4203C8550013
:102BA00003C34500220833686800637C060D93D593
:102BB000860094A38CB393D50601E182ACA3B4B391
:102BC000630E072A74336C23A206CD8E6364D61479
:102BD0006362A814935689002300270114B3935607
:102BE00009011359890134A3A3012701782C014B52
:102BF000058B630F0718638D081858404443D8307D
:102C0000D4202207558F6315071894339823A20602
:102C1000D98EB8234207D98EB8336207558F61E742
:102C20005E2C03C904005146D1075EAC9C3093056D
:102C300084002685A207B3E7270103C924004209BF
:102C4000B367F90003C9340062093369F900EF6022
:102C5000B01D4A2CEFF01F86A8A02181A8B02383C5
:102C60000400A383040023850400A3850400D14548
:102C70002685EF402055A8A42181A8B4032B440049
:102C8000D5A063090609F43103C36500A206B3E6C3
:102C900066006361D60801CB742378332207558F11
:102CA0006303E8008148983194212207558FB421AD
:102CB000C206558FB431E206D98E2E8765AA935687
:102CC00089002300270114B3935609011359890180
:102CD00034A3A3012701742378332207558FE30718
:102CE000E6F0814821B75443EC23F833DC32D0229C
:102CF0002207A2074D8FD18F631AF7029C329822C8
:102D0000A207D98FB8224207D98FB83262075D8FE8
:102D1000B68731B74A85EF00105683D7090033854F
:102D2000A7402390A9004A85EF009036014B8DA063
:102D3000B1554A8583244900EF00B02ECA855A85D3
:102D4000EF0030559C3003C90400A207B3E7270108
:102D500003C924004209B367F90003C934006209BA
:102D60003369F900E31609FC03270A001C406314C9
:102D7000E4022320FA00A2851545EF0050145A857D
:102D8000EF00704F83D709003385A7402390A90037
:102D90005A856FD04EF923A0FA00F1BFFC30E8202D
:102DA000896BA2075D8DEFF0CFF1FD1B33757501C7
:102DB0004205418101E96A24EFF0AFF033757501F6
:102DC000E31205D883D709003E9D2390A901FC306A
:102DD000E820A2075D8DEFF0CFEE9317250163C2C7
:102DE000070213153B017C2C4D810E05135C6C0012
:102DF0006695137CCC0393E71700330585417CACC3
:102E00004AAC83244900BC30A820A2075D8DEFF0B6
:102E10004FEB9C302A8B8820A2075D8DEFF06FEA84
:102E2000FC30AA8BE820A20793DB6B005D8DEFF0EE
:102E30004FE94E054D81131635003305CB0013FBCA
:102E4000CB038327490033056541420513578600AC
:102E500041815440D8B313578500F8B3238007004D
:102E6000A380070023810700A3810700D0A3E8A364
:102E700085480147E39306D2E31307E423222401A4
:102E8000B5B3EFD24EE6032C4500011132CA034719
:102E90007C00AA8D03456C00220783DB0503598D56
:102EA000AE8CEFF00FE28966B377D500138ACBFEC4
:102EB000A146334ADA0283D48D0009677D173EC6E6
:102EC0003379E500B1144209C20413590901C180E4
:102ED0000144514D3ACC420A135A0A0193163A0062
:102EE00093970601C1833EC89387DBFE3ECE89E4FB
:102EF000014505616FD0EEE2E247A68A337BF90017
:102F0000B24733EB6701F24763C6F400C24A8967F0
:102F1000336BFB000146D1450945EF00501CAA89DF
:102F200039C948415146E285EF60007003A64D0063
:102F300083AB49006A9623A2CD0003D6AD00B30649
:102F4000A6412395DD00568D63090D0403D4AD0021
:102F500063738D006A844204418001E483AD0D00F7
:102F6000E5B7814509460D45EF007017AA8511E5C3
:102F70004E85EF00F0117D55ADBF03A64D0002A5B3
:102F800022A550C14E85EF00D030B3068D40139D71
:102F90000601135D0D01E3130DFC5A85EFF08FD18F
:102FA0002383AB002181A383AB0013854A01420533
:102FB0004181EFF02FD02381AB002181A381AB00B1
:102FC000D14523850B00A3850B005E85EF40801F54
:102FD00003A74C0152462385AB002181A385AB009A
:102FE000CE8566850297B384544152994E85C204BA
:102FF0004209EF00F009C18013590901228DC5BDB6
:103000003C296385B7002CA9A309050082805E2DA9
:10301000184DB306F7002388B60E93862700850760
:10302000C207C18356ADBA972388C70E82805A2D36
:103030001C4D9306170056ADBA972388B70E8280B1
:103040005E2D184D13D68501B306F7002388C60EF2
:1030500093861700C206C182BA9613D6050123884B
:10306000C60E93862700C206C182BA9613D6850083
:103070002388C60E938647008D07C207C18356ADCD
:10308000BA972388B70E828015C15E2D184D13069E
:1030900030049386170056ADBA97FD562388D70E95
:1030A0005E2D6376F60093F6370091E28280938678
:1030B000170056ADBA972388070EDDB7630C0516C7
:1030C000EFD26EC503290502DD5763020916AA84F3
:1030D0000146930540130145EF007000232AA90023
:1030E0002A87FD5763050514834639019387418577
:1030F00081E69443850694C3404388438547232C47
:1031000089002320A9001CA01CB099473CA0A30162
:103110000400EFF0EFBB9357850048A05CB09357D5
:10312000050161817CA068B003248901294723043B
:103130000400A304040023050400A30504002306DF
:103140000400A306040023070400A3070400834728
:1031500029016388E700F11793F7F70F0547636AC2
:10316000F700DC205CA4DC305CB4FC207CA4FC30E8
:103170007CB423080400A308040023090400A30965
:103180000400230A0400A30A0400230B0400A30B79
:103190000400230C0400A30C0400230D0400A30D61
:1031A000040083C584028147414613970701418388
:1031B00081466376B7003387F4008346970233076E
:1031C000F40054AF8507E392C7FE1307C4029307C8
:1031D000C406230007000507E39DE7FE1307C40E9E
:1031E000238007008507E39DE7FE375582631305BB
:1031F0003536EFF0EFAD935785002306A40EA306F6
:10320000F40E032689019357050161812307F40E0B
:10321000A307A40E231E0900814713074004B30629
:10322000F6002388F60E8507E39BE7FE81473E857F
:103230006FD0AEB0D9573E85828011CDEFD2AEAD02
:10324000005101C8484811C1A125232A0400232C9C
:1032500004006FD08EAE828063000518EFD2AEAB53
:103260000051630904163828A1476315F7169831F1
:103270009C2122075D8FBC21C2075D8FBC31E20714
:10328000D98F18546398E714AA84B1452285EFF0CA
:103290003FD72685EFF09FE2631905120546930597
:1032A00050032285EFF0BFD691452285EFF03FD83D
:1032B0001146930520032285EFF07FD50854EFF0E7
:1032C0006FA3AA852285EFF0BFD71146930560034F
:1032D0002285EFF0DFD34850EFF0CFA1AA852285F9
:1032E000EFF01FD61D469305D0032285EFF03FD2A5
:1032F0005E2C184C05462285B306F7002388C60EBF
:10330000138627004206418252AC9386170083C57C
:103310009402C206C182BA962388B60E93863700FD
:10332000C206C18256AC83C5A4023A96BA96230857
:10333000B60E138647004206418252AC83C5B402E2
:103340003A962388B60E93865700C206C18256ACC1
:1033500083C5C402BA962308B60E138667004206D8
:10336000418252AC83C5D4029D0732972388B60EA2
:103370005EAC83C7E4022308F70EEFF0FFD04E2CBB
:1033800048489385050FC205C181512D034784022A
:103390001C4C4C484840D8A70347940203A944005A
:1033A000D8B70347A4029306300413860196F8A702
:1033B0000347B402F8B723A204002687EF30407A0F
:1033C000268523A22401EFF05FE73C3885073CB84F
:1033D00085477EAC6FD06E968280EFD2CE93112857
:1033E000BD24B727012083A787B191C382976FD0EF
:1033F000CE9437E700201307770A719B23AAE1C414
:10340000B727012083A7C7B7231107008D07F19BBA
:1034100093960701C182BA9716A32302070023AC33
:10342000F1C40546D0A396A3B6A323A8E1C4828025
:1034300049C183A741C5636EF50683A581C5637A3B
:10344000B50683A601C5130685FF230E05FE138767
:1034500001C56373D60010C3835685FFBE9663040F
:10346000D60203C8460063100802638ED5000C43E1
:103470006393B60010C38E22231CB5FE9622B305BB
:10348000F640BE96AEA28355A5FFB386B700630291
:10349000D60203C84600631E080003280700631312
:1034A000060114C3035785FF9AA2035785FFBA97F5
:1034B000AEA382808D05C205C181F199C205C1818B
:1034C0003147AE8763F3E500B14737270120032674
:1034D000C7B7C207C1830D06719A6360F60A03A7D6
:1034E00041C5636DE50883A681C56379D508930658
:1034F00085FF835885FF998EC206C182938588FF18
:10350000958DC205C18163EAF5066389F50633032B
:10351000170103484300631408029385860013884B
:1035200001C5AE97032E0800C207C183835803006C
:10353000B305F70063166E022320B80015A01388A8
:10354000470163ED050393858600AE97138801C597
:10355000C20703230800C183B305F700E3EE65FC4F
:1035600023901501B6A123820500231CF5FE9621A8
:103570006306D60036973EA382800145828039C516
:103580001307350042074183719B42074183B146CF
:10359000BA876373D700B147372701200326C7B71F
:1035A000C207C1830D06719A01456362F60203A743
:1035B00001C583AE41C5938501C53303F640B3060B
:1035C000D741C206C182615E63E466000145828024
:1035D0003385DE000348450083580500631708065D
:1035E0003308DE4046986362F8061383470163623E
:1035F0006804A107B697C207C1833388FE00231071
:1036000018012311D8002302080085461EA154A1E9
:10361000835608006304D600F696BEA26319A7007D
:1036200083A681C58147502301EE91C398C121052E
:10363000828085475CA1DDB71A2385477697E5B779
:10364000E39CE6FEEDD794C1DDB7C686B5BF83A582
:10365000818583A6C185B7F7002093873732372746
:103660000120F19B130787BD1385060103D80500D0
:103670002320070001466318C80089061107890541
:10368000E396A6FE8280832807000506420623A053
:10369000170183D806001CC34182C697E9BF9D4726
:1036A00063EDA700B72701200A05938787BDAA9776
:1036B000884309C5184198C382800145828099C911
:1036C0009317250037250120130585BD3E951C4124
:1036D0009CC10CC18280EFC27EE298319C21AA84F9
:1036E00022075D8FBC212E84C2075D8FBC31E207AB
:1036F000D98F5841639FE70018301C2022075D8F47
:103700003C20C2075D8F3C30E207D98FDCC06FC020
:103710003EE203A5C1C601499309400605C118410F
:10372000DC40032AC5006311F7048545EF003065CE
:103730009307190093F7F70F63F7290383A741C78E
:10374000C5DF984319CFD440631DD700143018202B
:10375000A206D98E38204207D98E38306207558F9D
:1037600098C3DC47F1BF3E8952854DBFEFC2BEDA38
:10377000411132C636C42A84EFF0FFF53246A24624
:10378000814719CA18321C2222075D8F3C22C207CA
:103790005D8F3C32E207D98F1CC4814799CA9832A9
:1037A0009C2222075D8FBC22C2075D8FBC32E207DC
:1037B000D98F5CC441016FC05ED8EFC2DED558CD51
:1037C000138741C6834807004111232205002324A3
:1037D0000500232605002309050223200502138383
:1037E0001800A30A1503232805012A843EC62300D6
:1037F0006700EFF0BFF7B2472285829711E9938700
:1038000001C6984318C080C3228541016FC0FED213
:103810000144DDBF23AEA1C4828003452503058991
:103820008280AA870145A5C5BDC3139605014182C3
:10383000328863DB05003308C040BA2742081358BA
:103840000801054563650705D427D84381C60D45A2
:103850006391A6020D8F9386070105456369D70220
:10386000D8C3BA2701453297BAA79A273A9692A7A2
:103870008280FD16C206C1828548054563E9D800ED
:1038800063D70500B62763E406010D8FD1BF8280A0
:10389000EFC2DEC601440DCDAA8501440D4985491C
:1038A000FE25FD17C207C183FEA59DE3DC258441EB
:1038B0001D4563882701FD17C207C18363EDF90029
:1038C0001945EFF0DFDF05041374F40FA685E9F85E
:1038D00022856FC0FEC52E85EFF09FB5EDB7EFC214
:1038E000FEC18547630DF50031C589476306F504C0
:1038F0008D476305F504014422856FC07EC3814472
:10390000D104B904C204C1808947B2892E8963E910
:10391000C70279CA1945EFF09FD82A8469DD2322AE
:103920000500231425012315250123200500230666
:103930003501B5A0D144E9B78144E1B78144E9B785
:103940008D470144E31AF6FA1D45EFF05FD52A844E
:103950005DD1B3079500CD07F19B372701205CC1EE
:10396000930747B7DC438D04F19893879703F19B46
:10397000230635012320050023142501B384974035
:10398000930947B763739900CA84854726A47EA428
:10399000B30499400D4A2289854A634790008547C0
:1039A0007EA4A306040089BF1D45EFF05FCF09E5A3
:1039B0002285EFF0FFED81B783A74900231645016B
:1039C000232005002320A9009387970306A5F19BD8
:1039D00063F3F400A687130705013EA558C123171A
:1039E00055019D8C2A8955BF938735001385340175
:1039F000F19B71993E9542054181EFF05FB82A84B1
:103A0000E30B05EEAA94CD04F19844C123142501DB
:103A100023152501232005002306050049B71E258F
:103A200063FAF504EFC23EAF2A84AE84B387F54053
:103A30002E2463E995025C2481EF638B95004C4052
:103A40002285818DA695C205C181EFF0BFA62A848B
:103A5000084026A406A419C1EFF09FE32320040028
:103A60006FC0BEAD1A248D8CC2043E971AA4C180CB
:103A700000407DBF8280814719E13E8582808507B5
:103A800093F7F70F0841CDBF01C57E2585077EA5B9
:103A9000828009CD99E182803A859E2516251841BC
:103AA000B697C207C1831EA565FB0CC18280EFC219
:103AB0009EA62E84EFF0FFFD2285EFF0FFFC6FC085
:103AC000DEA73DCDEFC29EA32A84AE845955ADC575
:103AD0001A249E256362F7060149014A8359A4000E
:103AE000BE24B3894941B387274163C9F904939937
:103AF00007014840CC4093D909015295CA954E869A
:103B0000EF5090324E9A3E24420A4E994209135A7F
:103B10000A0113590901639447010040014ABE2478
:103B20006365F900844099CC0149BA249E24631648
:103B3000F7029C409DC35D556FC09E9FC20955BF53
:103B40005955828009C801493A241E246314F7009C
:103B50001C40F5F3C1F40145C5B77DF441B7EFC290
:103B6000FE9903294500AA898347990003458900E6
:103B7000014AA2075D8DEFE0DF94937AF50F03A46D
:103B800081C63109938481C601E401456FC05E9A04
:103B90001C280145639457035C488DC3084CCA86B2
:103BA0004E86A285829719C963080A005C442326C1
:103BB000FA009C4080C05CC4054581495C44228A6F
:103BC00071F53E84D1B7814799C998319C2122076C
:103BD0005D8FBC21C2075D8FBC31E207D98F1CC14C
:103BE00001458280814799C998319C2122075D8FC8
:103BF000BC21C2075D8FBC31E207D98F5CC1014592
:103C000082804CC910CD8280EFC25E8FAE842A893B
:103C1000D1452685B289EFF0DFC015C9014681453F
:103C20000545EFF0DFCB2A8409E57D594A856FC051
:103C30003E90A685EFF0BFE74E85EFE07F8C19ED53
:103C40007159E30594FE2285EFF09FC4C5B7B155C5
:103C50002685EFF01FBD71F92684F9BFCA8563057B
:103C600009008327090099E393054500834709016B
:103C70000347A9008346B9002A884E862285EFE0D3
:103C80009FB62A897DBFEFC21E8913064500EFF05B
:103C9000BFF76FC09E8AEFC21E88138781C61C4380
:103CA000AA856390A7025C451CC30145EFF03FA1C4
:103CB0006FC0BE88D84709C76314B700D845D8C7B6
:103CC000DC47EDFBDDB7EFC21E85AA840145EFF0AE
:103CD0001F9D2A8411CD71468145EFC0DE86930772
:103CE00000F83CB4938781C6984304A880C358C4A5
:103CF00022856FC09E846D55828083A6C1C603A6AF
:103D000041C883A541C703D54186938741861307E0
:103D100015001315070113180701418163530800AB
:103D20000565368719E7328719EB2E8719EF8AA3C5
:103D300082800358C701E30CA8FC5847E5B7035835
:103D4000C701E306A8FC5847C5B70358C701E300FD
:103D5000A8FC5847E1BF1C4963960710EFC20EFA52
:103D60004111AA84328411E62EC6EFF01FF9B24544
:103D70002A8403A741C731E703A7C1C625EB83A95E
:103D800001C7138901C74E8759E783A741C8CDEB07
:103D900085C198319C2122075D8FBC21C2075D8FB0
:103DA000BC31E207D98F89C711462685EF50D0076D
:103DB000C2AC23A6340123209900014541016FC004
:103DC0002EF75E2F63928702104359CED1CD9431E6
:103DD0009C21A206DD8EBC21C207DD8EBC31E2072C
:103DE000D58FD9C36302F608584771B75E2F639227
:103DF0008702104335CAADC994319C21A206DD8EDD
:103E0000BC21C207DD8EBC31E207D58FB1CF630D77
:103E1000F6045847A5B75E2F63928702104329C660
:103E2000A1C594319C21A206DD8EBC21C207DD8E86
:103E3000BC31E207D58F8DCB6308F6025847A9B78E
:103E4000DA2F631F870094319821A206D98EB821FA
:103E50004207D98EB8316207558F94436386E600D6
:103E6000DC4735B74D558280555589BFEFC2AEEA64
:103E70001C49411191C70144228541016FC0EEEBFD
:103E80002AC60D45EFF0BF812A8475D5B245138748
:103E900001C79C4D1CCDDE2D5EAD85471CC99E25FE
:103EA00093E727001EA5BC353CB5BC253CA59C412D
:103EB0001CC11C436394B702DC451CC323A6050048
:103EC0000945EFF0CFFFB7470100938767CF1CD0BC
:103ED000938741C7984380C358C479BF23A0F1C8D2
:103EE0008146138701C889E7F1DA23200700F9B773
:103EF000D0476317B60091C21CC3D845D8C77DBF51
:103F00008546B287CDB7AA870358C5021459D23B5C
:103F10000C5583D807043305D84005822E95328787
:103F200063F3C8004687420741833307E540634592
:103F300007002397070382803387D5406356E0004C
:103F400023970702014582808D8EF6B7E5BFEFC249
:103F50008EDC5E352A84BE95C2055E39C1814EB5C0
:103F600063F3B7005EB52285EFF0FFF95E38898311
:103F7000634BF50083476402228593E72700230300
:103F8000F402EF2080256FC04EDBEFC2CED8411186
:103F9000014409CDAA854841014411C52EC6EFF060
:103FA0003F8FB2452A841145EFF06FF12285410120
:103FB0006FC0AED8EFC22ED6014401E522856FC096
:103FC000CED70441EFF07FFC2A941374F40F2685BA
:103FD000EDB7EFC24ED441112AC61145EFF02FECD8
:103FE0002A8401C9B2455146EF5000644840EFF0C1
:103FF000BFA9228541016FC04ED40CCD82802328F9
:10400000B50882802326B5088280232EB5088280D9
:104010000CD18280232CB508A30EC50282801C49D6
:1040200005476374F70429476381E704EFC2AECE06
:104030002A840325850809C5EFF09F8523240408F9
:1040400003254408FD577EBCEFF0DFF6685C2322B1
:104050000408EFF03FF603250408EFF0BFF5232E28
:104060000406232004086FC04ECD8280EFC2AEC785
:10407000B7240120938704B3138781C703CC87013A
:104080001C43B71A0200850703ADC1C61CC3130940
:104090006006014A938404B3138481C79389C1C61F
:1040A0008D4C938A8A92138B4196631A0D0003A458
:1040B00041C8938441C8631904246FC08EC67D191A
:1040C0001379F90FE30B09FE03462D0583260D0135
:1040D000854D6302CC02834D0D0B63840D100327C5
:1040E000CD0AB306BB0183C6F6FF05072326ED0AFA
:1040F000637CD70C814D03270D019946631DD700C2
:1041000003268D031440918E904C6376D6009387DE
:104110001D0093FDF70F83568D00814BA18A95CE2C
:1041200091466305D7009D466319D70283284D0A3F
:1041300083268D0A03250D0ACC4CB386D802104085
:1041400003278D03198EAA96B3D6B60263FCC61058
:1041500093871D0093FDF70F854B03254D0805C17F
:1041600003278D0314401946998E03170D05330755
:10417000C70263E6E600EFF0FFE323220D08032702
:104180000D016314971183268D031840158F944CED
:1041900063E8E61063960D108347CD030347DD0304
:1041A000850793F7F70F230EFD0263EBE7008327E4
:1041B0008D09230E0D02639207146A85EF20E0013A
:1041C0006A8A032DCD00D5B523260D0A19476366EB
:1041D000B70193871D002308FD0A6A85EF20005E62
:1041E00011BF0317ED03634507000507231FED0209
:1041F00003270D08E30007F08315ED0303170D05F2
:10420000E35AB7EE63F4DC020317CD048316ED0422
:10421000B1470D8736979376F60F63F3C700B14623
:10422000D69694223317D7002318ED048356AD0594
:1042300003574D06231F0D0263F3E600368742073E
:10424000418383560D040583231EED046376D70056
:1042500013971600231EED04231DDD046A85EF204D
:10426000C03E51BD03471D0B814B330717032A97EF
:104270003357B702E373C7EE6A85EF20404E03471A
:104280001D0B0507A308ED0AC9BDA546E314D7F029
:1042900003278D031440998E984C0607E37CD7EED4
:1042A0006A85EFD06FD66A85EFF07FD78327CD0080
:1042B00063020A042326FA008327CD0989C7032550
:1042C0008D01ED558297638F0B0083574D02035785
:1042D000CD0183258D0203250D0693064D006A86C8
:1042E000EF202026832BCD00EA850945EFF02FBD76
:1042F0005E8D65BB23A0F900C1B703258D01EA855A
:104300008297E30C05EA6DBD2285EFD0EFCF2285C1
:10431000EFF0FFD00329C400A285094523A02401A2
:104320004A84EFF0CFB941BBEFC2EE9E1C412E8410
:104330006390B704DC451CC1232604002285EFF0FE
:104340001FCE1C4829476381E7020547638EE700BB
:104350008347640213F7170001CB93E72700230379
:10436000F4022285EF107067232804006FC0EE9CD2
:1043700023A0F1C88146138701C889E7D5DE232031
:1043800007005DBFD0476317860091C21CC3584425
:10439000D8C75DB78546B287CDB71C491D47636650
:1043A000F70AEFC24E97371702008A071307879064
:1043B000BA979C432A848287EFD00FC5138701C721
:1043C0001C43639987005C441CC323260400A28518
:1043D00009453DA823A0F1C88146138701C889E794
:1043E000EDD623200700D5B7D0476317860091C2CA
:1043F0001CC35844D8C7D1BF8546B287CDB7EFD0CC
:10440000AFC0A285138541C7EFF01FF2A2850D450D
:10441000EFF0EFAA014531A8EFD00FBFA2851385B9
:10442000C1C6EFF07FF065B78545EF10B04F9547F7
:1044300001C96FC08E908545EF10D04E7DF9A5471C
:104440001CC82285EF107059F1B701458280EFC278
:104450008E8C41112E8511CE0E2632C6EFF03FAF65
:1044600032463285EFF0CFC281473E8541016FC0B1
:10447000CE8C8147FDFAEFF05FF2AA87FDB7EFC25D
:104480008E8903A4C1C69304500619E06FC0EE8A5A
:104490000326840819CA832704098146A2858DCF83
:1044A000084C829719E123240408FD1493F4F40FB7
:1044B000F1DC8347640213F7170009CF93E7270065
:1044C0002303F4022285EF10505183476402F19BCD
:1044D0002303F402404455BF0145EFF05FF7D9B71D
:1044E000EFC26E83EFF0BFF91387C1C71C238507A6
:1044F00093F7F70F1CA3858B99C3EFF03FB76FC0FD
:10450000CE83EFC24E8103A4C1C693045006014975
:1045100001E44A856FC06E820326840819CA832786
:1045200004098146A285B1C7084C829719E123246A
:104530000408FD1493F4F40FE9DC8347740285CB7F
:1045400003476402937617009DC2FD1793F7F70F98
:10455000A303F4029DE3136727002303E4022285EB
:10456000EF10B04783476402F19B2303F4024044F9
:1045700045B70145EFF0BFED55BF0509CDBFEFB21F
:104580001EF71849A94741112A84631EF700AA851E
:10459000138541C8EFF05FD9A2850945EFF02F924E
:1045A00041016FB05EF81C412E8B032905063EC603
:1045B0005C4183298502035AC5013EC4835A4502E2
:1045C0008324C509832B8501EFD00FA41385C1C6B1
:1045D000A285EFF07FD50325040819C1EFF09F9D58
:1045E000685C19C1EFF01F9D0325440819C1EFF065
:1045F0007F9CA2850945EFF08F8C81C4ED555E85C7
:104600008294E30F0BF8D687528734007000CE8572
:104610004A85EF10107369B793870186884303A713
:1046200081C73A9588C38280EFB25EED2A89094539
:10463000EFF0EF86B7240120938444B72A8425E164
:104640009C488983858B89E7014422856FB05EEEA3
:1046500083A741C803A681C701458146938981C7C5
:10466000F1E701C58545EFF09FF10945EFF02F8394
:104670002A8415E583A7C1C603A509007D1913790E
:10468000F90F1306F0078145DDEB09C48545228546
:10469000EFF0FFEE0945EFF08F802A8455D5130621
:1046A000400B81452285EFB01EEA930700045CA809
:1046B0009C44231C040613078021231BF4065E3848
:1046C0005EB47EB4E1773EA4DC406374F7009307E8
:1046D00080212310F404C1677D577CC485472318CB
:1046E000F4047ABC231DF404EFF01FF383A781C701
:1046F00068D428D01CDCB74701009387E7442328FF
:10470000F408B727012003A747B2938747B268C8C8
:104710002320E40AD8439C4728D8230E04022322EE
:10472000E40A2324F40AA308040A05B7985F3307B0
:10473000E6406364D700BA863E85DC4715B7D42BC4
:10474000636CD900636AD600985F3307E540636500
:10475000B7003686BA853E84DC473DB7EFB2BEDB94
:1047600013050004EFF05FEC6FB03EDDEFB2BEDA90
:104770002A842E85EFD0DFD811CD1E3981CF9387C3
:1047800087FD3E87C207C1836373F4002287131439
:104790000701418022856FB05EDAEFB2DED703A455
:1047A00041C8938441C819E06FB03ED92285EFD04B
:1047B000AF852285EFF0BF860329C400A285094595
:1047C00023A024014A84EFE09FEFF1BFEFB21ED394
:1047D0001C49AA842E8AC827DC37A2075D8DEFD03A
:1047E0005FCE058929E94169130909FC03270A01FC
:1047F00003A6C1C9DE2454334C23B297A206D58D3B
:104800007423C206CD8E6C33E205D58D8356CA0063
:10481000AE96B386D74063D506028D8F6359F000FC
:10482000918DC205C840C181CEA4EFF04F9F23A057
:1048300044016FB0FECF5285EFF0CFF7014AC5BFFC
:104840005C374827A2075D8DEFD0BFC7058915CD1E
:104850009C48C037C8272204498C4A85EFD09FC5A1
:104860009C48698CC827DC37A2075D8DEFD07FC5D7
:104870001375E50313651500EFD0DFC39C48418D28
:1048800042054181C8A72181C8B703240A00528587
:10489000EFF0AFEF45D4228A91BFEFB25EC583C778
:1048A000C1C82A84C18B1389C1C9F1C783250900F6
:1048B00038558356450670553305B74083A781C8E0
:1048C000938481C8634405026316B7003307F6403A
:1048D000634E0700631EF60203A541CA78350348FC
:1048E000E50022073367070163F4E60203A541CA26
:1048F00078350348E5002CD42207336707012312DB
:10490000E4067CD411C70347040B19C32308040A27
:104910006C483387B7406342E02A03D781CA231A21
:10492000040663190728035744066854B2962A9769
:104930006312D7280317E403634E0726639CF5260A
:10494000834784050D47850793F7F70F230CF4047D
:10495000637CF7240357A40583570404BA97C2075E
:10496000C1836374F700231DF4047C5C639F0736E6
:104970007040631A064003D681CA83270900145485
:10498000138A81CA6306067EB385F6401387F5FF56
:10499000634B074605471D8F118F36976345E046E9
:1049A000B7290120938789BFC44313970501418329
:1049B000BE24938989BF63D3B7449E24998FC207CD
:1049C000C183BA246346B742B305B040C205C1856E
:1049D0002685EFE01FE5DC4083D6C90003270900E8
:1049E00023A4F9001C5436971D8F2396E90003A7D2
:1049F000090193D687002320F9005CA354B393D612
:104A00000701E18374A37CB3832609001854B3879C
:104A1000E64063CB0774523493871600998F918FC9
:104A20006344F0746390E65CB7240120938784BFED
:104A300083D9C7009C4B938484BFC827DC37A20767
:104A40005D8DEFD01FA80D893335A0004E9542052E
:104A50005E3441812310AA0063FDA7089C48C82743
:104A6000DC37A2075D8DEFD0DFA5058931C19C48F9
:104A700083C9D700C827A209B3E9A9004165130576
:104A800005FCEFD03FA39C48B3F9A900C827DC3749
:104A9000A2075D8DEFD0FFA21375E503EFD09FA1B4
:104AA0009C4833E5A90042054181C8A72181C8B7C8
:104AB0005E34DEA49C48C827DC37A2075D8DEFD0AA
:104AC0005FA0098901C5DE24FD17DEA4CE24C840FD
:104AD000EFE0FFF49C4883D9C400C827DC37A20765
:104AE0005D8DEFD01F9E0D893335A000AA9923104C
:104AF0003A0183274408638D07329C48C827DC3776
:104B0000A2075D8DEFD0FF9B058963100532832AD4
:104B10004408416B130B0BFC0325090003570A00E3
:104B20002A9763800A0803A60A014C325422A20580
:104B3000D58D7422C206D58D7432E206CD8E83D512
:104B4000CA00B695B305B74063D90532158F635ACD
:104B5000E00483274408984B5C335423A207D58F85
:104B6000898FDEA49C48C827DC37A2075D8DEFD073
:104B70005F95098901C5DE24FD17DEA4CE24C84057
:104B8000EFE0FFE99C4883D9C400C827DC37A207BF
:104B90005D8DEFD01F930D893335A000AA992310A6
:104BA0003A012322540969A4E391E7DC2285EF103E
:104BB000F03465BB230C04044DBB3450B386D7409E
:104BC0006342D0128346640213F6460001CAED9A8E
:104BD0002303D4028356C405231DD4048316C404BE
:104BE0000356E40442078D86B2962318D4048356F4
:104BF00064074183231AE4063697231BE40618480A
:104C00007CC823090404230C04048D4763F1E702E4
:104C10000357A4058356C405835704046376D7025B
:104C2000BA97C207C1836374F700231DF404832776
:104C3000040885E383270408230E040293B71700B2
:104C4000B307F0407EBC15B3B387F702B3C7E702E2
:104C5000C1BF984B48335C2322055D8D7C23C2077E
:104C6000C98F683362055D8DEFD0DF888327040824
:104C7000AA8903DAC7009C4BC827DC37A2075D8DE1
:104C8000EFD03F849C400D893335A0005295B38905
:104C9000F9404E95E340A0FA8329040883A7090050
:104CA0002320F4088357440785C383A70901C82735
:104CB000DC37A2075D8DEFD0DF80058911C58357F2
:104CC0004407FD17231AF40603A54900EFE0BFDAF5
:104CD000835784073385A740231CA4064E85EFF035
:104CE000CFAAB1B7231A040649B1984B83A904008F
:104CF00048335C2322055D8D7C23C207C98F68334E
:104D000062055D8DEFD00FFF7C5CAA8AB3895941A3
:104D100003DAC7009C4BC827DC37A2075D8DEFD0B4
:104D20004FFA0D893335A0005295B389A940E3C1EC
:104D300009C49C403850998FE34CF0C28329C407C2
:104D400083A709007CDC8357440785C383A7090137
:104D5000C827DC37A2075D8DEFD0AFF6058911C5F6
:104D600083574407FD17231AF40603A54900EFE013
:104D70009FD0835784073385A740231CA4064E8504
:104D8000EFF0AFA0DDB63C449840998FE3D507BE65
:104D90008316C40403D781C7420693D536404182A7
:104DA000C205C181B307C7408D8FC207C183139568
:104DB0000701B697C207C18741852316F4046357DC
:104DC0000500198E2E961315060141858316E404FD
:104DD0008D872322040413D726403387E6402A9781
:104DE00042074183BA972317E4042318F40461B6F9
:104DF0009EA423950400998D8440E1B63307E040DA
:104E000093150701E9B6958FE3D007C08347640285
:104E1000228593E727002303F402EF10003CEDB650
:104E20001C412322F408EFF04F96032544086DF946
:104E300083560A005E34032709002285958F369732
:104E400018D45EB4EFF02F8CDC409A2709C723AA50
:104E5000F1C823A204009C48C827DC37A2075D8D57
:104E6000EFD02FE6058919C5938781C99823136769
:104E7000070298A3914A1D4B39AA5C364826A2071F
:104E80005D8DEFD00FE4058935C59C48C827DC3718
:104E9000A2075D8DEFD0EFE2098929ED9C4883C917
:104EA000D700C827A209B3E9A9005A85EFD08FE03F
:104EB0009C48B3F9A900C827DC37A2075D8DEFD065
:104EC0004FE01375E50313651500EFD0AFDE33E552
:104ED000A9009C484205418113578500C8A7D8B74F
:104EE00083D9C400EFD0EFDD0D893335A000AA9936
:104EF00023103A0183A90A005685EFF00F89CE8A64
:104F000021B92320F9005C37482783DBC400A207BE
:104F10005D8DEFD00FDB1C540D893335A0005E95FD
:104F20003E959C4808D483DBC400C827DC37A20721
:104F30005D8DEFD00FD95E340D893335A0005E95BD
:104F40003385A7404AB42285EFE0FFFBCC409E2585
:104F500089CB938741C9884335CDEFE09FB323A226
:104F600004009C48C827DC37A2075D8DEFD06FD5C1
:104F7000058901CD138781C91C2393E707021CA370
:104F80001C4863945701232864019C4026852322F2
:104F9000F408EFE09FFF8324440899CC98485433E9
:104FA0005C23A206DD8E7C23C207DD8E7C33E20704
:104FB000D58F1454E387D7F48347640213F717009F
:104FC00001CFF99B93E727002303F4022285EF101A
:104FD000C02039A08CC361B793E717002303F40204
:104FE0006FB06ED42285EF1040188324440891E8F6
:104FF00037250120130585BFEFE0BFFD2322A4085C
:10500000C5B70327090081491308F7FF13051700E7
:10501000904854325C22A206DD8E7C22C207DD8ECF
:105020007C32E207D58F639CE70237250120930786
:1050300085BFDA27DE24E3F5E7FA130585BFEFE045
:105040005FF959DD638A090023A0A900A685EFF066
:10505000EFF779B7B6846DBF2322A408C5BF63906C
:105060000902B306F74063DE060837250120130561
:1050700085BFEFE01FF62DD52322A408C1BF83A86A
:10508000090183C5580083C64800A205D58D83C693
:105090006800C206D58D83C67800E206CD8EB306C1
:1050A000D84063C00606B306F540634CD0043725EC
:1050B0000120130585BFEFE0DFF12A8415D103A796
:1050C00009015C334C23A207DD8D7C23C207CD8F01
:1050D0006C3303D7C900E205CD8F832509003E97C5
:1050E0000D8F635BE0009D8DC20503A54900C18162
:1050F0002396B900EFE0BF9223A08900A685228500
:10510000B9B79440A689B9F6B307F740E35AF0EC73
:105110005C364826A2075D8DEFD0AFBA0589E31152
:1051200005EC37250120130585BFEFE09FEA88C015
:10513000E30805EA98485C334C23A207DD8D7C2305
:10514000C207CD8F6C33DA24E205CD8F83250900A9
:105150003E970D8FE356E0E89D8DC205C840C181A2
:10516000CEA4EFE0DF8BADBD2285EF1000008DBD3A
:105170003387D740634807005A348507958F998F46
:10518000E350F0E68347640235BDEFB2CEB89384B6
:1051900041CA03A904002A848347D9000345C900F2
:1051A000A2075D8DEFD0EFB1318142054181954776
:1051B00063FCA7029C405109C827DC37A2075D8D1C
:1051C000EFD02FB0B727012003A687B731816D1527
:1051D0000A054205931506014181C18181470548B1
:1051E0008948114363E4A7006FB02EB5B306F900F8
:1051F0009822630907016DDB630A170198326DD7A6
:10520000BA9711A08507C207C183E9BF9832E31D91
:1052100067FC13873700E359A7FCB822B432220792
:10522000558F6363E60011E32E871AA09107E1BF53
:10523000EFB26EAB4041AA8B1C3008204111A2078F
:10524000138901C95D8DAE8923208900EFD06FA736
:105250008327090019811375C5032A9488239C3379
:1052600023A281CAA2075D8DEFD0AFA5935565003B
:1052700093F5C503B305B0405E85EFE08FDA11E525
:1052800003D78B00CD4763E8E7005E85EFE04FE092
:1052900041016FB00EA9138B01C903250B00CE8508
:1052A0004105EFD04FED75F103270B00370500F0F6
:1052B0001C3B002BA207C18F202B4204C18F203B37
:1052C00062045D8CEFD00FA3698C370500E0EFD04E
:1052D0006FA2E30CA4FA83250B0003D78B00994639
:1052E000138605015E85B105EF10305D59FD93848D
:1052F00041CA9C40C827DC37A2075D8DEFD06F9C68
:105300003181F155B305B5025E85C205C185EFE077
:105310004FD125FD80401C300820A2075D8DEFD0C5
:105320004F9A08A0218108B080403C302820A20775
:105330005D8DEFD00F9928A0218128B080404830A2
:105340005C2022055D8D7C20C207C98F6830620514
:105350005D8DEFD02F9A935785005CB09357050170
:105360007CA09357850148A07CB0804023AEA1C8A3
:10537000938AC1C908341C2422055D8D3C24C207D0
:10538000C98F283462055D8DEFD0CF969357850085
:105390001CB4935705013CA49357850108A43CB461
:1053A000804023A4A1C8138981C87C346824A20743
:1053B0005D8DEFD00F919C4068A4218168B4C8270F
:1053C000DC37A2075D8DEFD0CF8F1378F50F83D830
:1053D0008B0093753800B335B000C69503A3C1C6E2
:1053E000C205944003260B009377F803C1812386FE
:1053F000F1C82394B1CA1A840145938CC1C8138C97
:1054000081CA01E403A541C8E9A29C3203CE06008B
:105410005A30A207B3E7C7016312F70EBC3203CEBE
:1054200026005A2CA207B3E7C7016319F70C5836B8
:105430005C2622075D8F7C26C2075D8F7C36E207E3
:10544000D98F5840631CF70A183A1C2A22075D8F2F
:105450003C2AC2075D8F3C3AE207D98F1840631F90
:10546000F70819C55C4423A681C65CC523266400E1
:1054700003A74B00B72D01200326840893878DBF17
:1054800023AA01C8238C01C823A007002396170173
:1054900098C723A2770194CB138A81C9138D41C980
:1054A000938D8DBF09CE832704098146A285638A27
:1054B000072C084C8297E31A05DC2324040883C7D1
:1054C0000C0023A081CA13F74700938B01CA630D18
:1054D000073018488947631AF72A3850832709008C
:1054E000631FF72A83470A0093E787002300FA0027
:1054F00083476402F99B2303F40255A422854044A8
:1055000009B798329C2222075D8F5E316392E70CC7
:1055100083C83600B822A208B3E8E8005A2D631900
:10552000170B0343D6008348C600220333631301DD
:105530008348E600C20833E368008348F600E208C7
:10554000B3E86800032345006314130903431601FD
:105550008348060122033363130183482601C208EE
:1055600033E3680083483601E208B3E868000323A8
:105570000500631F130593764800E39806D09376E1
:1055800028008DC603A80A001455B306D84063C688
:1055900006028358C502B38616416340D0029306C3
:1055A000C600C295410603250900F1A8137818002A
:1055B0006305080083A781C71CDDE38805CC83470A
:1055C000650293E727002303F502EF00104175B948
:1055D000484505F903A341C73E8E1A8A63130A049E
:1055E000DC36C826A2075D8DEFC0BFED1189E31E32
:1055F00005C8944003260B0003550C009C32B832BA
:1056000083C8060003C8260083A50A00A207220754
:105610009306C600B3E71701336707014106AA9551
:1056200059B783280A00638E0800183A1C2A2207FB
:105630005D8F3C2AC2075D8F3C3AE207D98F639E9B
:10564000F812B832BC2222075D8F8357CA016396D5
:10565000E71201C98327CA0023AA41C75CC52326D4
:105660006A00937708019DC39C3283C8060003A893
:105670000A0003250900A2079306C600B3E7170135
:105680004106C2950505EF00D06B01B113782800E3
:10569000E30D08BE03454A01EFE01FF92A84E30643
:1056A00005BE83270B0001479386070199CA943BE7
:1056B000982BA206D98EB82B4207D98EB83B620729
:1056C000558F18C00357CA019386C7005AAC0147CB
:1056D00099CAD437D827A206D98EF8274207D98E7F
:1056E000F8376207558F944058C0130504049C3264
:1056F0009822A207D98F03A70A005EB08D471CC865
:10570000930717001CD41CD8FC36F0267D17A2077F
:10571000D18F2312F406231EF40483278A0138D480
:105720001CCCB727012083D787B75EB47EB483270C
:105730000A021CD083578A0093F797191EA483A7E7
:10574000C1C623A681C65CC4EFF03FA40355040480
:1057500093054400EFF08F812310A404854701478F
:10576000C946014681452285952B11C58145228573
:10577000EFE0FFE019BE228589BD5285032ACA00E9
:10578000B1BD0145EFE0BFCC3DB383A70A0018547B
:10579000998F63C607005A34998FE355F0D4834735
:1057A0000A0013F787006301073E9305F100228585
:1057B000EFB01F9985476316F500184889476302C3
:1057C000F71C2285EFC04F848327C40981C7084C8A
:1057D000E9558297A2851385C1C6EFE0FFB4A28583
:1057E0000945EFD0DFED71AA898B85C31C480547B9
:1057F000F917637CF70083476402228593E727004B
:105800002303F402EF00701D59BF83A781C7A308CB
:10581000040A130504041CDCEFF03F971C481D47E5
:10582000F917E36EF7F6371702008A071307879315
:10583000BA979C43828783C70C004947C98B639200
:10584000E70C83270408984B48335C2322055D8DC1
:105850007C23C207C98F683362055D8DEFC09FC985
:10586000832709000505631EF5088357640703A70E
:105870000A0094408507231BF4069307170068C8A5
:105880001CD41CD8FC36F02603550404A207D18F83
:105890007D172312F406914738D41CC893054400A1
:1058A000EFE0DFECA947B307F5020357A405231087
:1058B000A404231EF40485476315F700060542057A
:1058C000418183578407231DA40403250408FD1781
:1058D000231CF4061C41230904042322040423206E
:1058E000F40893B71700B307F0407EBCEFE0EFE990
:1058F00083274409E38107F0084C0146A28582977B
:10590000DDBD83C70C00C18BE38B07E894400355D2
:105910000C0083A50A009C32B83203260B0083C812
:10592000060003C82600AA9503250900A20722073E
:105930009306C600B3E71701336707014106EF007E
:105940005040B1BD83C70C0013F7070169C7032599
:10595000090078489307F5FF998F63C607083C5004
:10596000B307F5406341F00891471CC81C508DC730
:10597000084C0146A285829705C185452285EFE046
:105980001FC003A54D0023A00B00E3030590EFD03B
:105990003FF023A20D00EDB822858354A405EFE06B
:1059A000DFEF8357440781C7FD17231AF406054725
:1059B000835704046395E4008607C207C183231D4F
:1059C000F40483470A0093F70702E38A07DC83475E
:1059D0006402228593E727002303F402EF00E07FAF
:1059E0009D471CC86DBB944003260B0003580C0058
:1059F0009C32B83203C3060083C8260083A50A0080
:105A0000A20722079306C600B3E7670033671701B2
:105A10004106C2952DB7898BE38307D81C5403A791
:105A20000A00FD17E39DE7D62285EF00704585BB90
:105A30002285EFE09FE671B72285EFE01FE68347FE
:105A40000A0093F70702C1C303C70C00834764022F
:105A5000418B93E727002DC3345003270900639D32
:105A6000E6042303F4022285EF0020772285EFE08D
:105A70000FDB83A7C1C6631DF4005C4423A6F1C6F7
:105A8000A9471CC803A741C823A281C858C401BBA9
:105A900023A0F1C8814689E7E5D623A001C8CDB788
:105AA000D0476318C40099C223A0F1C85844D8C78E
:105AB000C1BF8546B287C5B72303F4022285EF0034
:105AC000C071A14739BF83C70C00C18BE38907CCE4
:105AD000385083270900E314F7CC994719B722857A
:105AE000EFE0BFDB83470A0093F70702E38907CAA9
:105AF00083476402228593E727002303F402EF0023
:105B0000C06D2285EFE0AFD183A7C1C6E307F4F6ED
:105B100023A0F1C88146C9D3D047E306C4F885461F
:105B2000B287D5BF2285EFE05FD783C70C00C18B5A
:105B3000E38707C6385083270900E312F7C622859A
:105B4000EFE0EFCD83A7C1C6E309F4F223A0F1C8CB
:105B50008146B9D3D047E308C4F48546B287D5BFA0
:105B60002285EFE09FD383C70C00C18BE38907C276
:105B7000385083270900E314F7C283470A0093E7EC
:105B800007012300FA0021B9C18B89C72285EFB034
:105B9000BFC789B10356440719C68327C40881C704
:105BA000084CA285829703260D000DC683C70C0002
:105BB000A18B89C75C3693E717005CB6832704097D
:105BC0008146A28595CB084C829709C583270D0095
:105BD0002324F40883470A0093F7070289CB83271D
:105BE000040981460146A28581CF084C829722850F
:105BF00023A00B00DD2371B30145EFE05F85F1B712
:105C00000145EFE0DF84E5B7EFA2FE902A894A2D37
:105C100041112E8432C6EFC0FF8908A0218108B04F
:105C200003554902EFC01F89324628A0218128B0C0
:105C3000935786000325890250A05CB09357060154
:105C4000618270B07CA0EFC0BF889357850008A424
:105C50001CB4443493570501618128B44824A2043C
:105C60003CA4C98C4165130505FCEFC0BF84E98CD9
:105C70004145EFC03F84458D4205418148A42181C3
:105C800048B40355E902EFC0FF828357E90268A4D4
:105C9000218168B4231BF9025C34482423090400E1
:105CA000A207A30904005D8DEFC0BF81956713753E
:105CB000F5035D8DEFC01F800357E902832789023A
:105CC00048A4218148B423080400A3080400BA971B
:105CD0002328F902228541016FA03E86EFA2BE80F3
:105CE00079712EC63ACA2A89B28A368BBE8D01EEE8
:105CF00093F73600B3E7FD00595A91C38DC1528521
:105D000045616FA01E828357650763FAC70083470A
:105D100069027D5A93E707F82303F902CDB79397F9
:105D20002D0013F72D00918BB14611E38146B697F4
:105D30003EC283270907372D012013074DB73EC404
:105D40001C475843835489078A07B3D7E702130DCA
:105D50004DB7E3FEF4FA41679306C7FFE3E996FA0D
:105D600092473082130707FC898393F7F70F950753
:105D700032C85246B207C2073AD2B24C13170B01CF
:105D8000C183058A41833ECCD68B8149814732CE7F
:105D900036D03AD4035A09041247330AEA4063D38F
:105DA0004B015E8A11453ED6131C0A01EFD03F8F8E
:105DB000135C0C012A8463060518232005002322A6
:105DC000050063840914B25788C3F247638107143E
:105DD000C24701460145B305FC00C205C181EFD0B1
:105DE0001FB048C0630F0514EFD0FFC8B247AA9494
:105DF000C204C18081CF5C40E685C843C167FD17FE
:105E00003376FA0092473E95EF3010025C40DC4357
:105E10001CC483278D0003274D008A07B3D7E702F0
:105E200063E19712825763EE97104840231684016E
:105E3000D145EFD01F9F631605105C400355C90183
:105E4000B38B8B41DC43C20B93DB0B011CC83ED6EA
:105E5000EFC04FE6B25788A3218188B31C48035591
:105E600049023ED6EFC00FE5B257A8A32181A8B3DF
:105E70001C4822453ED6EFC0AFE5B2571357850008
:105E8000D8B313570501F8A31848C8A36181E8B334
:105E90005C37482723090700A207C98F1255A309B9
:105EA00007003ED6EFC00FE1B257E98F22553ED62C
:105EB000EFC04FE0B2575D8D42051C48418113573A
:105EC0008500D8B7C8A72307B401EFC08FDF1C48EF
:105ED0001375F5033ED6E2475D8DEFC0AFDDB257D7
:105EE000C8A72181C8B7C167FD17337AFA00A24756
:105EF000D29CD2973EC4A287E39E0BE8032AC9072F
:105F000063190A06232E390751A2AA897DBDC2450D
:105F100001460145EFD0BF9C48C005C5EFD0BFB5D5
:105F2000AA94C204C180E3860BEEE28505460D45C6
:105F3000EFD0FF9AAA85484095E1EFD07F952322C4
:105F40000400834769027D5A93E707F82303F902A7
:105F5000E38709DA4E85EFE0EF8555B323A295017B
:105F60008504C20423249401C180EFD09FB255B5AB
:105F70003E8A83270A00EDFF83270A01835BCA005C
:105F8000C827DC37A2075D8DEFC0AFD30D8933354D
:105F9000A0005E956305051883270A01C827DC3732
:105FA000A2075D8DEFC0EFD10D89631A05169377B7
:105FB0003B0081C785476314FB1603D7C90083578D
:105FC000CA00BA9703570904634BF7140347EA0062
:105FD00083C7E9006315F71403270A0148335C23DC
:105FE00022055D8D7C23C207C98F683362055D8DF4
:105FF000EFC04FD003A70901835BCA005C23AA9BB3
:10600000483322055D8D7C23C207C98F6833620542
:106010005D8DEFC02FCE6394AB10C247B15503A581
:1060200049009D8DC205C185EFD0AFFFE31B05F090
:1060300003A549003E2599EB1C41FD14C20423A28F
:10604000F90023200500C180EFD09F8493771B00C7
:10605000CDC783270A0183CBD700C827A20BB3EB98
:10606000AB000545EFC00FC583270A0133E5AB0040
:1060700042054181C8A72181C8B763958900035CA7
:10608000CA005284CE851145EFD06FE393773B0071
:1060900089C7850AC20A93DA0A01137B1B006308C9
:1060A0000B008347690293E707022303F902832762
:1060B0000907231C9906014AD6972328F906835716
:1060C0006907B38A5741231B5907E30A0CC21C48CE
:1060D000E38707C25247098BE31307C2C437C827B7
:1060E000A204C98C2145EFC0EFBC1C48458D420578
:1060F0004181C8A72181C8B719B183A549000325EB
:106100004A00EFD01F9903D7C9008357CA00BA9736
:106110002316FA0083A709002320FA00B9BF232021
:106120003A01ADB7EFA22EBFAE86814705470146C3
:106130008145EFF0BFBA6FA04EC0AA8708491D473E
:106140006308E5001308E5FF09476155636E070121
:10615000014519CAEFA22EBC36873E85814681478C
:10616000EFF0DFB76FA06EBD8280EFA22EB92A8458
:106170000146D1450545EFD08FF631CD8347640206
:10618000AA842850F19B2303F402EFC06FB4CC40E3
:106190002A862285EFF05FA79A2413094400AA8972
:1061A00099464A86A2852685EF0030712388A9008A
:1061B0002181A388A9003824343499474A86A285CE
:1061C0002685EFC0EFF72685EFD08FEC0145A303BE
:1061D00004026FA0EEB57955EDBF83A701CA6380B5
:1061E000A736EFA24EB083574506035AA50563F3C1
:1061F00047013E8A83476502420A2A84898B135AE3
:106200000A01645D95CB91E42285EFF01FF66FA043
:106210004EB1984848335C2322055D8D7C23C2072C
:10622000C98F683362055D8DEFC0CFACDE2478483E
:10623000998F3E95E36AAAFC8329040863960908AE
:10624000B72A0120894B938A4AB7370C0402130BF3
:106250004400FD5CADC0984848335C2322055D8D49
:106260007C23C207C98F683362055D8DEFC08FA89C
:10627000DE247848998F3E95637CAA048347040BFB
:106280009DEB984848335C2322055D8D7C23C20733
:10629000C98F683362055D8DEFC0CFA5DE247848D5
:1062A000998F3E958357440663F7A70085472326B9
:1062B000040A2308F40A83476402014593F7F707A9
:1062C0002303F402A9B7BE8983A70900EDFF8DBFA0
:1062D0008327040895C38347640213F7470409EF33
:1062E000785C01CB144389EA56270357040463F50D
:1062F000E60093F7070AD9D39C407CDC1C486389ED
:1063000077039C4803C9D700C82722093369A9002D
:106310004145EFC02F9A9C483365A9004205418151
:10632000C8A72181C8B783476402F19B2303F40205
:10633000085403A90401EFC0AF99935785002304C3
:10634000A900A304F900935705016181A305A900E1
:106350006A342305F90003A90401EFC0AF957A342C
:106360001C542307A9002181A307A900BA977AB872
:106370001CD8FC24858B99CB03A54A0003A90401F2
:106380003365AC00EFC0CF94232AA9001C4099E7E5
:106390005A85EFC0EF9659C55C411CC08317E403D2
:1063A00063949701231F04027C4095E383A781C770
:1063B00098487CC048335C2322055D8D7C23C2074E
:1063C000C98F683362055D8DEFC0CF9228C4C84085
:1063D00003A9040199465841232225015A8633070F
:1063E000E940931707013A25C183A2851D8F3AA57D
:1063F0001A251D8F420741831AA523080900A30807
:106400000900EF00904B2308A9002181A308A900EF
:1064100038243434C84099475A86A285EFC04FD2F9
:10642000A3030402984848335C2322055D8D7C2336
:10643000C207C98F683362055D8DEFC0AF8B9C4882
:106440002A8983DDC400C827DC37A2075D8DEFC031
:106450004F870D893335A0003C506E954A95898F42
:1064600063D3070028D09C4803D9C400C827DC3771
:10647000A2075D8DEFC0EF840D893335A0004A95EA
:106480005DC98327040823A0040089E7232094081A
:10649000A68999A8984848335C2322055D8D7C2302
:1064A000C207C98F683362055D8DEFC0AF8403A753
:1064B00009012A8948335C2322055D8D7C23C207AC
:1064C000C98F683362055D8DEFC0CF823305A94067
:1064D00063500506130904088327090081EB83270D
:1064E00009009CC023209900645CADB3984B4833ED
:1064F0005C2322055D8D7C23C207C98F683362054A
:106500005D8DEFB03FFF9848AA8D48335C2322058C
:106510005D8D7C23C207C98F683362055D8DEFB046
:106520007FFD3385AD40E35C05FA032909006DB7B3
:1065300023A09900B1BF2685EFD03FA575B70145CF
:106540008280EF92BEFB4111AA8AAE84B289D14506
:1065500001460545368A3AC63E8BEFD04FB86303F5
:10656000050E324740412A893A85EFB0BFF408A0B2
:10657000218108B05A85EFB0FFF328A0218128B00F
:106580005685EFB0FFF49357850048A05CB0935751
:10659000050161817CA068B02685EFB07FF3935739
:1065A000850008A41CB4443493570501618128B4C4
:1065B0004824A2043CA4C98C4165130505FCEFB036
:1065C0007FEFE98C5145EFB0FFEE458D42054181EB
:1065D000B727012048A4218148B403D587B7EFB07D
:1065E0007FED68A45C34218168B44824A2072309A4
:1065F00004005D8DA3090400EFB0BFEC956713752F
:10660000F5035D8DEFB01FEB0357890048A421818E
:1066100048B499465286CE8523080400A308040096
:106620004A85EF00902908A8218108B899470147B9
:10663000930600085286CE854A85EFC06FB04A8522
:10664000EFD00FA541016F90BEEE8327050885CBE3
:10665000EF927EEC3E8714438DE2745D14C37CDDC3
:1066600083472505232005082322050485072309E0
:10667000F504EFF09FB66F905EEC3687E9BF82803D
:10668000EF92DEE78324050895C49C402A84130911
:10669000C5072320F5088327090099EF8327090000
:1066A0009CC02320990083472405232204048507E6
:1066B0002309F4046F90DEE7984B48335C232205EE
:1066C0005D8D7C23C207C98F683362055D8DEFB095
:1066D0007FE29848AA8948335C2322055D8D7C239C
:1066E000C207C98F683362055D8DEFB0BFE03385A7
:1066F000A940E35505FA0329090071BF832705085E
:10670000B1CFEF925EE1834765022A84918BA9E7BE
:10671000EFF01FF78356A4058357440613D71600DE
:1067200063F4D70013D7170083570404231EE4042F
:10673000939617006354D700231ED4040D47B387E4
:10674000E7020357C405BA97231DF4048347640284
:1067500093E747002303F4026F903EDE8280EF92BE
:10676000FED9AA840146D1450545EFD04F9729C5EA
:106770002A84A850138944007D15EFB07FD54C4082
:106780002A862685EFF04FC81A24AA8999464A8698
:10679000A6852285EF0070122388A9002181A38895
:1067A000A900B434994701474A86A6852285EFC0DF
:1067B0002F992285EFD0CF8D6F909ED7EF921ED468
:1067C0000324050819E0605D5DC41C48AA84C8273D
:1067D000DC37A2075D8DEFB0DFCE058959CD5E2491
:1067E000C9EF054AD14501460545EFD04F8F2A89AB
:1067F00059C118484C41268550335C2322065D8ED2
:106800007C23C207D18F703362065D8EEFF0CFBF5D
:10681000AA8963070A0640355C25416522041305F1
:1068200005FC5D8CEFB01FC9698C4545EFB09FC872
:10683000498C93170401C1832386F900A183A386A1
:10684000F900035789001384440099462286A685DF
:106850004A85EF0090062388A9002181A388A9001A
:10686000B434994701472286A6854A85EFC04F8DEB
:106870004A85EFD0EF816F90BECB014AD545A5B7D1
:1068800018448327490003070700D8AB5DBFEF9288
:106890009EC5404106252A891C3008204111A207C7
:1068A0005D8D2E8AEFB0FFC121813D8909050A0562
:1068B00063C2A4021C300820A2075D8DEFB07FC028
:1068C0009355650093F5C503B305B0404A85EFC005
:1068D0005FF519C54A85EFC0BFFB41016F907EC4CB
:1068E000832A4900130C0401D2856285EFC0AF886A
:1068F00083C71A002A8B03C50A00A2075D8DEFB07B
:106900005FBC83C73A00AA8B03C52A00A2075D8D2E
:10691000EFB03FBB93074004AA86631DF5069307BB
:1069200030046399FB1283270A0263850712C4436C
:1069300063820412D44089CE58345C2422075D8FD0
:106940007C24C2075D8F7C34E207D98F6394F610F4
:1069500083C77A0003C76A00A207D98F99CB035770
:106960008900C54662869305C4004A85EF00E0743D
:1069700035F1E1554A85EFC0DFEA29FD638C040E4D
:106980009C4CA9DBC84C5E879306C4004A86A6854A
:106990008297A1B783A4C1CA014D814D938CC1CA0E
:1069A0001306C07689E463070D0AEA8455B7BE284A
:1069B000639CD708984063150B0439E363160D00F8
:1069C0009C28918B91E3268DDE2863927709CC4039
:1069D00089CD58345C2422075D8F7C24C2075D8FEB
:1069E0007C34E207D98F6394F506E3830DF6DC442B
:1069F00023A6FD0083A70C0023A09C00DCC489BF54
:106A00001C3883490401A207B3E7370183492401F5
:106A1000C209B3E7F90083493401E209B3E9F90097
:106A2000E38EE9F8370500F036C6EFB0BFACB3F936
:106A3000A900370500E0EFB0FFABB2461306C07601
:106A4000E38EA9F6E31C0BF6A68DC444A1BFE39D1B
:106A5000C6FEFDBD18381C2822075D8F3C28C207E2
:106A60005D8F3C38E207D98F03274A00E314F7E62D
:106A70008144F9BDE3100BE61C380428370500F00B
:106A8000A207C58F2428C204C58F2438E204DD8CF8
:106A9000EFB05FA6E98C370500E0EFB0BFA5E38B50
:106AA000A4E21C300820A2075D8DEFB09FA1935592
:106AB0008500BD8989058A054A85EFC09FD68D4529
:106AC0004A85892B01BD83A8C1CAAA860143C6870E
:106AD0001388C1CA9DE799C998319C2122075D8F0F
:106AE000BC21C2075D8FBC31E207D98F9CC225C68D
:106AF000B2AA01456316030023A616012320D8007D
:106B00008280638BD702BA2B6316C70203AE0700DD
:106B100063140E0055558280F5DD883198212205D9
:106B2000598DB8214207598DB8316207498F7DD3FD
:106B3000E302EEFEDC4779BF0543EDBFAE2B639A5F
:106B4000C500050642064182C687DDD3E318E6FE8E
:106B5000D1B7DC47DDBF2167C68705667D17F5B76E
:106B6000EF92DE993E292A89AE89B28A368B3A8A1B
:106B7000ADC7A1454E85EFC0DFCACE8401CD014629
:106B8000A1450545EFC0BFD5AA847D5429CDCE854A
:106B9000EFC0FFF103552901C040EFB0BF9108A03D
:106BA000218108B05A85EFB0FF908327090028A003
:106BB000218128B023030400A3030400130B4A001F
:106BC00095C703274A004A8B6382E7025D54638CB2
:106BD00034012685EFC0DFCB39A00146AA85EFF04E
:106BE0009FEE2A8459D522856F909E948A24EFB017
:106BF0007F8C48A0218148B083470901858B99EBA0
:106C00009A24C5465686DA85268545290DC168A091
:106C1000218168B00347A9008346B9005288C5475F
:106C20005686DA852685EFB01FBC2A844DB7FD57FE
:106C30007CA07CB0C5B7EF921E8E41112A843285AC
:106C40002EC636C432C2EFB0BF8B19C9A246124657
:106C5000B2452A872285EFF0BFF041016F90FE8D8B
:106C60007155E5BFEF923E8B562913064500EFF0B4
:106C70009FFC6F909E8CEF921E8A3E292A84AE84E0
:106C80003289B1CB814799C898309C2022075D8F0B
:106C9000BC20C2075D8FBC30E207D98F18285CC0CA
:106CA000231A24011367470018A8184005EF85CF61
:106CB00013054400EFB0DF84AA87715595C3DC4308
:106CC0001CC083A6C1CA9387C1CA368705E354C4D2
:106CD00080C3014531A00146AA85EFF0DFDE5DD11A
:106CE0006F90BE85F9FF23200400E1BFE30387FE18
:106CF0005847E9BF0CCD50CD8280EF92DE811387DB
:106D0000C1CA1C43AA856390A7025C451CC3054504
:106D1000EFC0FF9A6F907E82D84709C76314B7000F
:106D2000D845D8C7DC47EDFBDDB7EF92CEFE054571
:106D3000EFC0FF962A8409C9130600028145EF902F
:106D40009E80930700F83CB422856F900EFFEF926F
:106D5000EEFA2A842E8AB28993054002014605453F
:106D6000EFC0FFB731CD032904004041AA8471462A
:106D7000CA8523004401A300340123020400A302B6
:106D8000040023030400A303040013058400EF2080
:106D9000B009AE2423010400A301040022851D21B3
:106DA00028A0218128B085470147930600081306D3
:106DB000C90081452685EFB0BFB82685EFC05FAD1D
:106DC0006F900EF7EF92AEF24041AA8441111C3051
:106DD0000820AE89A2075D8DEFB0AFEE13596500B4
:106DE0001379C903B30A2041C20A93DA0A41D6854E
:106DF0002685EFC01FA339E19E248D4663F0F6047B
:106E0000DC4098236312D704982793868700883F35
:106E10003D8B0A0736972C2303483700982F22050D
:106E20009433598DB82F903BA2054207498FA83F54
:106E3000B3E505016205598DEFA01FD12685EFC08E
:106E40003FA541016F902EEEA147E319F7FE1C38D4
:106E5000034A0401370500F0A207B3E74701034ADC
:106E60002401014B420AB367FA00034A3401620A63
:106E7000336AFA00EFB00FE82A8C370500E0EFB074
:106E80006FE7AA8BCE8513050401EFB0DFAE19E5DD
:106E900033758A0133057541333BA000EFA0FFC96C
:106EA00051DDE30D0BF89A249D47E3F9E7F82685B9
:106EB000252649F5420993052002268513590941E3
:106EC000EFC03F9663040512CA852685EFC07F9503
:106ED00035F58E2401460945EFC07FA02A8A39DDA9
:106EE000A685EFC01FBE39F9D685528503244A0016
:106EF000EFC03F9321F52685EFC09F99D284583487
:106F00005C24143822075D8F7C24A20603AA440067
:106F1000C2075D8F7C343D651305F57FE207D98F8D
:106F200018281CA8D98E38284207D98E383862070D
:106F3000558F9356870058A454B493560701618324
:106F400078B413D7870018B813D70701E18374A466
:106F500038A83CB8834A3A0083472A0023000A0035
:106F6000A20AB3EAFA00EFB0EFD463E9AA08056514
:106F700013050580EFB00FD483473A0003472A007A
:106F8000A207D98F85073E95420541812301AA00BA
:106F90002181A301AA001C340824A2075D8DEFB053
:106FA0004FD2A1671375F50F5D8DEFB0AFD008A478
:106FB000218108B4D14523050400A30504002285DE
:106FC000112428A4218128B4CA852685EFC07F8595
:106FD000E31605E64E8885470147930600080146FB
:106FE0009305C4002685EFB01F8089BD9305E0FDA1
:106FF0002685EFC01F83E30405F089B505651305F9
:107000000580EFB02FCB83473A0003472A00A20741
:10701000D98F95BFEF922ED013F6F50F11058D4540
:10702000EFF0FFD26F906ED1EF92EECE13F6F50F28
:107030001105AD45EFF0BFD16F902ED0EF92AECDE0
:107040003308B5004208AA8601471358080185484D
:10705000B307D840C207C18363E4F80493D715008F
:10706000939617003695F956B387D702BE95C20599
:10707000C18181C51C21A2073E9741659306F5FF9A
:1070800093570701758F3385E700C177E98F99C35F
:10709000758D050542054181EFB0CFC16F90EEC9F6
:1070A0009C3290228906A207D18F13968700A18374
:1070B000D18FC207C1833E9761BFEF924EC3B727FE
:1070C000012083A787B8BA844111139757006349F9
:1070D000070E416B2A89AE8A328A814901447D1BA1
:1070E000854B631E0908638B090041679317840071
:1070F0007D172180F98F1374F40F5D8C03C51A007E
:1071000083C70A0003470A0022055D8D83C72A0052
:1071100003463A004169C2075D8D83C73A006206A3
:107120007D19E207C98F03451A002205498F0345DF
:107130002A004205598D498E33752601418233F765
:10714000270132953A95C1833E952A943685EFB052
:107150006FB62A942685EFB0EFB52295135405013A
:10716000337525012A9413550401337424012295A3
:107170001345F5FF4205418141016F90CEBA835519
:10718000A9000325490036C6EFF05FEB2A94935718
:107190000401337464013E948357A900B246858B81
:1071A00089CF931784002180B3893B41B3F76701EE
:1071B0001374F40F93F9F90F5D8C0329090015B7C7
:1071C00001455DBFEF922EB5EFF05FE71345F5FF88
:1071D000420541816F906EB6EF924EB2C169AA84AA
:1071E00001490144FD19054A95E0630B0900416717
:1071F000931784007D172180F98F1374F40F5D8C31
:107200001345F4FF420541816F908EB2AE24C84011
:10721000EFF0DFE22A9493570401337434013E9473
:10722000BE24858B89CF93178400218033092A419E
:10723000B3F737011374F40F1379F90F5D8C8440A1
:1072400065B7B687B2882A832E88639D061463F9D2
:10725000C50A4167636EE61AB70700016363F63437
:1072600093568601E1471797000013072777369753
:1072700003470700BA97130700021D8F19CB3398F5
:10728000E500B357F500B318E60033E80701331300
:10729000E50013D608013355C80293960801C18250
:1072A000935703013377C802B385A60242073368B8
:1072B000F700637AB80046989307F5FF63641801F6
:1072C0006367B8303E853308B8403357C80242037D
:1072D000135303013378C802B386E60242083368C9
:1072E0006800637BD80046989307F7FF6365180131
:1072F00079176363D8003E874205598D81458280A6
:1073000001E60547B358C702416763EAE80EB707CD
:10731000000163ECF82893D68801E1471797000035
:107320001307C76B369783460700BE969307000284
:10733000958FE5EB939E08013387154113DF080114
:1073400093DE0E018545935703013355E7033377E9
:10735000E703B306D5034207D98F63FAD700C69770
:107360001307F5FF63E4170163E6D7263A85958F87
:1073700033D7E703420313530301B3F7E703B30E15
:10738000D703C207B3E7670063FBD701C69793062D
:10739000F7FF63E51701791763E3D70136874205E5
:1073A000598D828063E2D504C16763E2F604B707B2
:1073B000000163E4F61E13D7860161489797000029
:1073C0009387C761BA9703C70700130E000242975D
:1073D000330EEE40631A0E0C63EDB61C3335C50058
:1073E00013451500814582808145014582809307C0
:1073F000F00F63F3D71C13D786002148C1B71307DA
:10740000F00FC686E37C17F193D68800A14739B701
:107410001307F00FB286E378C7E493568600A147BE
:1074200099B5B398F80033D6D50013DF0801335E61
:10743000E6033397F500B356D500558F939E0801A8
:1074400093DE0E013313F50093550701B376E6037F
:10745000B387CE03C206CD8E63FBF600C696130635
:10746000FEFF63E4161763F2F616791EC6969D8E2C
:1074700033D6E60393170701C183B3F6E6033385DA
:10748000CE02139706015D8F637BA7004697930793
:10749000F6FF636817136376A7127916469793155C
:1074A0000E01098FD18D45B5B357E600B396C601DD
:1074B000DD8E33D3E50013DF0601B357E303939E5C
:1074C000060193DE0E013398C5013357E50033689A
:1074D0000701935808013316C6013373E303B385DC
:1074E000FE024203B368130163FBB800B69813872A
:1074F000F7FF63EAD80C63F8B80CF917B698B388AD
:10750000B84033D7E803420813580801B3F8E8033A
:107510003383EE02C208B3E5080163FB6500B6954C
:107520001308F7FF63EDD50863FB65087917B69577
:10753000C207416FD98F1307FFFFB3F6E70093D857
:107540000701718F4182B38EE602B3856540B38631
:10755000C60213D80E013387E802BA96C296338664
:10756000C80263F3E6007A9693D80601469663E272
:10757000C5026385C5003E858145828041677D17D0
:10758000F98EC206B3FEEE003315C501F696E3741C
:10759000D5FE1385F7FF8145828013D70601414848
:1075A00031BD93560601C1477DB993D60801C14745
:1075B000B5B38145054582803687014801B54287CC
:1075C00085BF3E86E9BDBA871DBF328E4DB57915A0
:1075D0004698D5B97915C69759BB370810000111DF
:1075E0007D183377B80026CA3378D80093D4450184
:1075F00013D34601131E37004EC61357D5010E088C
:107600009357D60193F4F47F1373F37F06CE22CC05
:107610004AC893D9F50193DEF6013367C701131FFA
:10762000350033E80701931F3600338E64406380D2
:10763000D9196356C0136304031CB706800093076F
:10764000F07F3368D800638FF4369307800363C0FC
:10765000C735FD4763CDC747130500023305C54154
:10766000B3D7CF01B316A8003399AF00DD8E3339FD
:107670002001B357C80133E926011D8F33092F417B
:10768000B3372F013306F7409317860063D40724DE
:10769000370780007D173374E600630C042C2285C5
:1076A000EF105068130785FF93070002998FB357B7
:1076B000F9003316E400D18F3319E9006341972AAA
:1076C00033059740130615007D47634DC7381307F0
:1076D0000002118FB356C9003319E9003397E70050
:1076E000558F333920013369270133D6C7008144D0
:1076F0009377790081CF1377F90091476308F700FA
:1077000013074900333927014A963A8993178600AF
:1077100063D6071C138514009307F07FCE8563049E
:10772000F520B70780FFFD17F18F9398D701135904
:107730003900A607B3E82801B1831375F57F939646
:10774000C7005205F2406244B182FE05C98ECD8E5B
:10775000D2444249B2494685B68505618280631E9E
:107760000E0A138314001373E37F63170322B367B6
:10777000E701B368F801639D041A638707406386D5
:1077800008443309FF41B307074133362F013386DD
:10779000C7409317860063D6074C3389EF41B30780
:1077A000E84033B62F013386C740F68991B763505E
:1077B000C00F6300030CB70680009307F07F3368A7
:1077C000D800638AF43A9307800363CBC713FD475D
:1077D00063DFC73513090EFE93070002B356280175
:1077E000630AFE00130900043309C9413319280153
:1077F000B3EF2F013339F0013369D90031A2B367F8
:10780000F801638A071C9307FEFF638C0738930611
:10781000F07F6309DE1A3E8E0DBDB3059340639180
:107820000422B367E701638707329387F5FF63811B
:1078300007449306F07F638CD520BE8593078003B1
:1078400063CCB72AFD4763CFB73C930700028D8F07
:107850003319F700B356BF00B317FF003369D900DF
:10786000B337F0003357B7003369F9003308E84005
:1078700041ACB367F801638007349307FEFF638A66
:1078800007209306F07F6308DE2E3E8E2DBF631E19
:107890000E149386140093F7E67F63910734B36761
:1078A000E7016395042C6380073EB367F801638E9C
:1078B00007303309FF01B3070701333FE90133867E
:1078C000E7019317860063D70700B70780FFFD170E
:1078D0007D8E854493777900E39F07E09317D60167
:1078E00093583900B3E8F800935736001307F07F38
:1078F000638DE404B207B18313F5F47FCE8581B5BF
:107900003369F801333920017A99B337E9013386B5
:10791000E70093178600E3DF07FA85049307F07FFB
:107920006396F418CE851305F07F8147814801BD29
:10793000C1EB6384083A931636009317D8018D8201
:10794000B3E8D700F68993573800B3E7F800F9DBBE
:1079500081451305F07FB70708008148CDB337068E
:1079600080FF7D167D8E93777900998CE39507D8FB
:10797000B5B74A85EF10103B13078501FD47E3D5E6
:10798000E7D2130685FFB317C900014905BB336968
:10799000F80133392001DDB13309FF4133060741D6
:1079A00033342F01330486409317840063CD0724BA
:1079B000B3688900E39308CE8147814981441DBFA4
:1079C000E39808F80E059317D7010D81B3E8A700D7
:1079D000935737009DBF0E059317D7010D81B3E86C
:1079E000A700F2849357370011B7330593406382A1
:1079F0000412B70680009307F07F558F630DF32EB6
:107A00009307800363CBA720FD4763C3A72A93078F
:107A10000002898F3319F700B356AF00B317FF0088
:107A20003369D900B337F0003357A7003369F90041
:107A30003A987E99B337F901338607019A84D1BD0C
:107A4000B70680009307F07F558FE319F3DE931795
:107A500036008D839318D801B3E81701F689935740
:107A60003800E5B5130715FE9306000233D7E7008B
:107A7000630AD600930600043386C6403396C700D7
:107A80003369C900333920013369E9000146814473
:107A900091B53309FF01B30707013336E9013E967B
:107AA000931786008544E3D707E28944B70780FF30
:107AB000FD17F18F13571900137919003369270146
:107AC0009398F70133E9280113D6170015B113096C
:107AD0000EFE93070002B3562801630AFE00130945
:107AE00000043309C94133192801B3EF2F01333999
:107AF000F0013369D90059B63369E7013339200100
:107B000033892F41B3B72F013306F8409A84F689A1
:107B1000A5BEB367E701638207189307F5FF638487
:107B2000071C9306F07F6304D5123E85D1BD9307F1
:107B30000002B387C741B316F8003399FF0033D66C
:107B4000CF01D18E33392001B357C80133E9260163
:107B50003E975DBB931736008D839318D801B3E829
:107B60001701AE8493573800F68949B3EDC33369E2
:107B7000F801E31F09DC0E059317D7010D81B368E7
:107B8000F50093573700D1B36381080E9316360082
:107B90009317D8018D82B3E8D700F6899357380040
:107BA00091BB3309FF41B3070741333F2F013386B0
:107BB000E7418544D1BC0E059317D7010D81B36809
:107BC000F500F2849357370015B30E059317D701CC
:107BD0000D81B3E8A7009357370029BB9307F07FC7
:107BE000E382F6D43309FF013336E901B307070115
:107BF000B2979398F7011359190033E9280113D666
:107C00001700B684C1B93389EF413307E84033B672
:107C10002F013304C740F68949B43369E70133398A
:107C2000200101BD938705FE93060002B357F700BC
:107C3000638AD50093060004B385B6403317B700B6
:107C4000336FEF003339E0013369F90055BD931705
:107C500036008D839318D801B3E817019357380085
:107C6000EDB1B368C900E39708C68147814959B1AE
:107C70003389EF41B307E84033B62F013386C7405D
:107C8000F689854411B4931636009317D8018D8276
:107C9000B3E8D70093573800B1B99316360093175D
:107CA000D8018D82B3E8D700AA84935738003DB934
:107CB000930705FE93060002B357F700630AD50049
:107CC000930600043385A6403317A700336FEF00F7
:107CD0003339E0013369F900A9BB81451305F07F11
:107CE000B7070800A9BC3309FF01B3070701333602
:107CF000F9013E9675B3931636009317D8018D821D
:107D0000B3E8D7009357380089B1397193D745014B
:107D100022DC4AD856D22A891394C50006DE26DA18
:107D20004ED652D45AD05ECE13F5F77F318093DA17
:107D3000F501630B05109307F07F630BF514135ADD
:107D4000D9010E0433648A00370A8000336A440183
:107D5000131B3900930415C00144814B13D846010D
:107D60001399C6001378F87FB2881359C90093D9C4
:107D7000F601630E08089307F07F6300F8041357B9
:107D8000D6010E0933692701130818C0B707800010
:107D90003367F90093183600B38404418145BD4729
:107DA00033C83A0163E4871A97970000938707BBAB
:107DB0000A043E9410403E9602863367C9009384BD
:107DC0001480631207101364240081488945C1BFE1
:107DD0001306F07F81470147B207F2506254520602
:107DE000B1837E08D18FB3E70701D2544259B2590B
:107DF000225A925A025BF24B3A85BE8521618280FB
:107E000001481306F07FB70708000147F1B7336751
:107E1000C9004DC7630809304A8532C4EF1080702D
:107E20002246130755FFF547930685FF998F3319AF
:107E3000D900B357F60033E72701B318D6002695CB
:107E40009304353F8145A1BF336A240163030A06C9
:107E500036C632C46306042A2285EF10A06C22467F
:107E6000B246AA84130755FF754A138B84FF330A61
:107E7000EA4033146401335A4901336A8A00331BE0
:107E800069011305D0C0B30495400144814BF9B595
:107E9000336A240163180A002144014B9304F07FE4
:107EA000894B6DBD228A4A8B31449304F07F8D4B00
:107EB00075B51144014B8144854B4DB513641400D5
:107EC00081488545E9BD136434004A878D45C1BDAD
:107ED000630A052E8547898F9306800363DDF6329A
:107EE000014681470147CDBDCE868947638DF53A6E
:107EF0008D47E387F5F085473688E383F5FE1385E4
:107F0000F43FE357A0FC93F778006396072893D6D5
:107F100038009317770063D80700B70700FFFD17F5
:107F20007D8F138504409307E07FE3C3A7EA131610
:107F3000D70193179700B1833367D6001376F57F87
:107F400061BDD6865287DA88DE8545B763614723EF
:107F5000630DEA20DA86FD145284014B93178700E3
:107F600013D388013363F300935E0301B357D40343
:107F7000131F0301135F0F0193D50601139E8800A1
:107F80003374D4033307FF024204C18D63FBE50061
:107F90009A951386F7FF63EE652663FCE526F917CD
:107FA0009A95998D33D7D503C206C182B3F5D5030F
:107FB0003306EF02C205D58D63FBC5009A95930683
:107FC000F7FF63E6652463F4C52479179A95C20721
:107FD00041645D8F9307F4FF3375F70093580701F1
:107FE000935F0E01B377FE00B302F502B386C5407E
:107FF000B383F80293D502013386AF021E962E9604
:108000003385F803637376002295C168FD18935594
:108010000601337616014206B3F81201AA95469678
:1080200063E6B6126382B6123306CB408D8E333BC5
:10803000CB00338B66411385F43F630C6317B35851
:10804000DB0393550601337BDB03B3061F03420BAF
:1080500033EB6501637BDB001A9B9385F8FF636D4F
:108060006B20637BDB20F9181A9B330BDB40B35684
:10807000DB0342064182337BDB03330FDF02420B1B
:1080800033666601637BE6011A969385F6FF6367A4
:10809000661E6375E61FF9161A96C208B3E8D80083
:1080A0009395080193D20801C181B38EF50233067E
:1080B000E641B385BF0293D60E01B387F202BE95A7
:1080C000AE96B38F5F0263F4F600C167BE9FC165D1
:1080D000FD1593D70601ED8EC206B3FEBE00BE9F0E
:1080E000F696637FF6091A969387F8FF6369661A16
:1080F0006368F619630FF61BBE8893E8180011B584
:108100004A85EF10204213075501F14593040502FB
:108110002246B246E3DAE5D4130485FF331A890018
:10812000014B85B3328532C4EF10C03F13075501B0
:10813000F146AA87224613050502E3D6E6CEE117EB
:108140003317F6008148E5B9E370CBEE729B333507
:10815000CB011A95AA961305F7FF6378D30263E65D
:10816000B6106382D5102A87C1B5E3651BDF93552E
:108170001B009316FA0113541A00CD8E7E0BF9BB27
:10818000E31DF6F7E38F06D6B9BFE31ED3FCE37811
:10819000CBFD2A8751BD93F7F8009146E389D7D6E6
:1081A00093B7C8FF9386480093C717008D823E9708
:1081B0008DB381468547E34CA0FEFD58E31C05D0F6
:1081C000930410C085471385E441B316A70033D646
:1081D000F8003395A800D18E3335A000C98E13F670
:1081E00076003357F70001CE93F7F6001146638807
:1081F000C70093874600B3B6D7003697BE8693175D
:10820000870063D80704054681470147F1B63687E2
:108210007DBBB28779B3FD46E3D7F6FA0556098EE2
:10822000930600023356C7006388D7009387E44360
:10823000B317F700B3E8F800B3361001D18E13F688
:108240007600814701CE93F7F60011460147E3928D
:10825000C7FA931797001316D701B18313D73600C7
:10826000518F014695BEE370CBF0729B3335CB0145
:108270001A957917AA964DBBAE88C5BBAE8631BD9F
:1082800093171E0033BEC70172931A96F9183E8EDB
:10829000E315F6E7E307DEC693E818009DB1BE8854
:1082A000E30AF6FF99BD36881306F07F8147014740
:1082B00025B6E367DEFCBE88E310DEFE99B113D776
:1082C0004501B7071000FD1713D846011377F77F54
:1082D0009308F07F33F3B7002A8EF58FFD81B28EBD
:1082E0001378F87FFD8263081703630018030DEB12
:1082F000B368A300631408005D8E29CA638508046F
:108300006388D502054595ED8280B3E8C700E38018
:1083100008FE795582803365A30065FD630CE80291
:10832000631408005D8E79DEE39ED5FCE34CE8FC27
:1083300063480701E3E867FC6303F302637FF3002C
:1083400081E57D558280F5DE054582800145E39B10
:1083500008FA82805D8E69DA6DBF01458280E3E3B1
:10836000CEFB0145E372DEFBE5F1E1BF13D745012A
:10837000B7071000FD1713D846011377F77F93084E
:10838000F07F33FEB700AA8EF58FFD81328F137810
:10839000F87FFD82630E1703630D180129E3B368AC
:1083A000AE00631F08005D8E01EE0143638C08047C
:1083B00021A8B3E8C7000943639608046DD305A05C
:1083C000638408046385D50205438DCD7D531DA8C4
:1083D000B368AE00094363970802630AE8026314B6
:1083E00008005D8E75D2E391D5FEE34FE8FC63494A
:1083F0000701E3EBC7FD630FFE0001436374FE005A
:10840000F1D505431A858280EDFE7D53E5BF5D8E73
:1084100079DACDBFE36ADFFB0143E3F5EEFFF5F167
:1084200075B739714AD813D945014ED652D456D2B0
:108430009399C50006DE22DC26DA5AD05ECE137987
:10844000F97F2A8A93D9C90093DAF501630D090EE1
:108450009307F07F6306F9181354D5018E09B369A9
:1084600034013704800033E4890093143500130984
:1084700019C08149814B13D74601139AC60013775F
:10848000F77FB285135ACA0013DBF601630B07109E
:108490009307F07F6303F7049357D6010E0A33EA7C
:1084A0004701130717C0B7078000B367FA00931599
:1084B00036003A99814833C76A01BD463A851308A8
:1084C000190063E83617178600001306264D8A093F
:1084D000B29983A60900B2968286B367CA001309CF
:1084E000F97F6399071293E9290081458948E1B72B
:1084F00001479307F07F3704080081443204D20714
:1085000031807E075D8C598CA285F250625426859D
:108510004259D254B259225A925A025BF24B21610B
:1085200082805A853E84AE84C68B8947638DFB0E5C
:108530008D47E38FFBFA85472A87639EFB38814787
:108540000144814465BF33E4A90061C036C632C42A
:10855000638C092A4E85EF00F07C2246B246AA873A
:10856000130755FF7544938487FF198CB3999900BD
:1085700033548A0033643401B3149A0013D746018C
:108580001309D0C0139AC6001377F77F3309F94057
:108590008149814BB285135ACA0013DBF601E319F6
:1085A00007EEB367CA00B1C7630F0A22528532C40F
:1085B000EF00507722462A87930655FFF54793052B
:1085C00087FF958F331ABA00B357F600B3E7470118
:1085D000B315B6003309E9401309D9C08148E1BD9C
:1085E00033E4A90001ECA14981441309F07F894BD0
:1085F00059B593E919008145854875BD4E84AA8413
:10860000B1491309F07F8D4BBDB5914981440149B2
:10861000854B95B593E93900D2878D4869BD894767
:108620005685E397FBF02A879307F07F0144814446
:10863000F1B5C16E1386FEFF93D6040113DE05016A
:10864000F18CF18D338695023383B602935806017F
:1086500033059E021A95AA98B382C60363F3680095
:10866000F692C16F1383FFFF33F5670093D30701C1
:10867000B3F76800C207337366003E933306950272
:1086800093D80801B387A602135F0601B38493024F
:10869000BE94FA94B38E760263F3F400FE9E416AB0
:1086A0009307FAFF935F0401B376F400B3F9F40083
:1086B0007D8EC1803384D502C209338FD401B29933
:1086C000CE98B307DE02935E0401B385BF02AE9776
:1086D000BE9E330EFE0363F3BE00529EC1679385B8
:1086E000F7FF33F6BE006D8C4206229693DE0E0134
:1086F000B305D502769E3385AF0213D40501B38648
:10870000D302AA96A296B38FF30363F3A600BE9F8B
:1087100041657D15B3F7A600C2076D8DAA97B38595
:108720005800B3B93501FA97B2953384370133B69F
:10873000C500B30EC4013385CE0033343401B3B762
:10874000E701C18F33BECE0113D406013336C50015
:108750003E943366CE009394950032947E94B3E4B5
:108760006400260493567501B3349000DD8193179D
:108770009500CD8C558CDD8C9317740063DB07005E
:1087800093D7140085889316F401DD8CD58C058071
:1087900042899307F93F6359F00893F6740081CE3C
:1087A00093F6F40011466388C60093864400B3B480
:1087B00096002694B6849316740063D80600B70713
:1087C00000FFFD177D8C930709409306E07F63CF80
:1087D000F60E93D634009314D4012604D58C318040
:1087E00093F7F77F21BB328532C4EF00B053930675
:1087F0005501F147130705022246E3D1D7DC611585
:10880000B317A6008145F9B3EF00D0511307550106
:10881000F145930705022246B246E3D5E5D461153A
:108820003314AA00814499BB85469D8EB1E7130994
:10883000E941B3972401B3D4D40033192401B337E9
:10884000F000B3649900DD8C93F77400B356D40044
:1088500081CF93F7F40011466388C70093874400E3
:10886000B3B49700A696BE849397860063D8070496
:1088700085470144814459B113068003E341D6CCB6
:108880007D46E356D6FA0556B307F6409305000237
:108890003356F4006387B6001309E943B317240184
:1088A000DD8CB3349000D18C93F67400014499CAE6
:1088B00093F7F40011468146E392C7FA13949600A9
:1088C0003180F6068D80D58C81470DB99307F07FF6
:1088D0000144814425B142896DBD370710007D17E1
:1088E00001113373B70093D84601758F935ED6019B
:1088F00022CC26CA0E0393D445019357D5010E0707
:1089000006CE4AC84EC693F8F87F130EF07F33E7C1
:10891000EE0093F4F47F13D4F50133E36700131FE3
:108920003500FD82931E36006380C81993C6160079
:10893000B38514416305D4126351B018638B081AD0
:10894000B70780005D8F6381C4599307800363C4B8
:10895000B734FD4763C5B748930700028D8FB3D97D
:10896000BE003318F700B39EFE003368380133575A
:10897000B700B339D001336838013303E340B3099A
:108980000F41B3373F013306F3409317860063D39B
:108990000724370980007D1933792601630F092CDC
:1089A0004A85EF003038130785FF93070002998F3F
:1089B000B3D7F9003316E900D18FB399E9006344C6
:1089C000972A058F13061700FD4663C5C63A13079D
:1089D0000002118FB3D6C9003398E9003397E7003E
:1089E000558F33380001B369070133D6C70081447E
:1089F00093F7790081CF93F6F90091476388F600E9
:108A00009386490033B836014296B689931786009B
:108A100063D6071C138714009307F07F058863064D
:108A2000F720B70780FFFD17F18F1398D70193D96F
:108A30003900A60733683801B1831377F77F93961F
:108A4000C7005207B1827E04D98EC18EF2406244C3
:108A5000D2444249B2494285B68505618280635657
:108A6000B00A638A0812B70780005D8F6387C42D40
:108A70009307800363C7B718FD4763D2B73C1388D9
:108A800005FE93070002B3590701638AF5009307B7
:108A90000004B385B7403317B700B3EEEE003338A8
:108AA000D0013368380195A2B367D701938514804C
:108AB00099E393C61600630AD404D1E193871400A6
:108AC00093F7E77F6399071EB367E3013368D70124
:108AD000639204166382073C63160842131835003C
:108AE0009316D3011358380033E806019357330027
:108AF00019A2B367D7016385071A9387F5FF638BC4
:108B0000073A638CC523BE8589B56399051C938696
:108B1000140093F7E67FC1EFB367E3016390043677
:108B2000638D0744B367D701639407460E05131896
:108B3000D3010D813368A800935733006DA8B38526
:108B4000984063970420B367E301638D07309387F0
:108B5000F5FF638907401305F07F6383A520BE8579
:108B60009307800363C2B72AFD4763C8B73C9307E6
:108B700000028D8F3318F3003356BF00B317FF0088
:108B80003368C800B339F0003353B3003368380199
:108B900033076740B5ACB367D7016383071093878A
:108BA000F5FF638F071E6380C52FBE85D1B5930780
:108BB000F07F638BF606FA9E33B6EE01B307E3004F
:108BC000B2971398F70193DE1E00B369D80113D64C
:108BD0001700B68493F77900E39F07E09317D60157
:108BE00013D839003368F800A68593573600130769
:108BF000F07F6380E506B207B18313F7F57F058840
:108C00003DBD3367D7013338E000B309E801B3B79E
:108C1000E9013386670093178600E3DD07FA8504D0
:108C20009307F07F639CF41805881307F07F814752
:108C3000014831B5639107106301083C13183600F1
:108C40009317D701135838003368F80036849357C8
:108C50003700B367F800E9DB01441307F07FB7077B
:108C600008000148E9BB370680FF7D167D8E93F72B
:108C70007900998CE39107D895B74E85EF00900A5B
:108C800013078501FD47E3D2E7D2130685FFB397AB
:108C9000C90081492DB33368D70133380001C5B10C
:108CA000131835009317D301135838003368F800B0
:108CB000935733002DBFB309DF413309E340333607
:108CC0003F013309C9409317890063CA072033E87D
:108CD0002901E31508CC8147014431BFB385984091
:108CE00063810414B70680009307F07F3363D300D9
:108CF0006381F8209307800363CCB722FD4763C9E3
:108D0000B72C930700028D8F3318F300B356BF00C2
:108D1000B317FF003368D800B339F0003353B30002
:108D2000336838011A97B309D801B3B7D90133862C
:108D3000E700C684CDB5E31108F213183500931788
:108D4000D301135838003368F8009357330011B734
:108D5000370580009307F07F3363A300E392F8E0C8
:108D60000E061318D7010D823368C80093573700D9
:108D70003684C5B505179306000233D7E700630AAA
:108D8000D600930600043386C6403396C700B3E985
:108D9000C90033383001B369E800014681441DBD84
:108DA000B309DF01B307E30033BFE9013386E7010D
:108DB000931786008544E3DF07E08944B70780FF07
:108DC000FD17F18F13D7190013F819003368070145
:108DD0009399F701B3E9090113D6170011B9138864
:108DE00005FE93070002B3590701638AF500930754
:108DF0000004B385B7403317B700B3EEEE00333845
:108E0000D00133683801A5BE3363E3013338600015
:108E1000B3890E41B3B73E013306F740C6843684AA
:108E2000ADB6B367E301638707189387F5FF638CDB
:108E3000071C9306F07F638ED50ABE8565BD930738
:108E400000028D8FB3D9BE003318F700B39EFE0029
:108E5000336838013357B700B339D001336838016C
:108E60003A9365B3131836009317D7011358380097
:108E700033E8070136849357370095BBBDCB336782
:108E8000D701E31B07DC0E051318D3010D813368EE
:108E9000A8009357330075BBE30F08E213183600A0
:108EA0009317D701135838003368F8003684935766
:108EB000370091B3B309DF41B307E340333F3F01CC
:108EC0003386E7418544D1B4131835009316D30196
:108ED0001358380033E80601935733009DBBB3891C
:108EE000EE413306674033B93E01330926413684EB
:108EF00075B40E061318D7010D823368C800935756
:108F0000370081BBB309DF41B307E34033363F018C
:108F10003386C7409317860063D7070AB389EE41AB
:108F2000B3076740B3BE3E013386D7413684C9B428
:108F30003363E30133386000FDB3138805FE930704
:108F40000002B3590301638AF50093070004B38557
:108F5000B7403313B300336F6F003338E001336829
:108F600038017DB5B389EE41B3076740B3BE3E011A
:108F70003386D7413684854409BC131836009317CD
:108F8000D701135838003368F80093573700A5B15C
:108F9000B309DF01B307E30033BFE9013386E7011B
:108FA00093178600E3D807C2B70780FFFD177D8EB1
:108FB00085440DB10E061318D7010D823368C80021
:108FC000935737002DB133E8C900E30608D019B133
:108FD000138805FE93070002B3590301638AF50065
:108FE00093070004B385B7403313B300336F6F00AA
:108FF0003338E001336838013DB301441307F07F93
:10900000B70708002DBCB309DF01B307E300B3BE07
:10901000D9013386D70169BB13D74501B7071000C3
:10902000FD171347F7FF13D84601FD8DF58F9316F3
:1090300057011378F87F99CA1307F07F014563033E
:10904000E8008280D18F3335F0008280C98D0545DC
:10905000E5D5828093D74501B70610001387F6FF48
:1090600093F7F77F1306E03F2A886D8F0145FD8156
:109070006354F60099C1828082801306E0417D55D9
:10908000E34BF6FE130530431D8D7D46558F634A35
:10909000A6009387D7BE3317F7003355A800598D24
:1090A000828013053041B307F5403355F7008280C5
:1090B000411106C622C426C205CD9357F541B3C45B
:1090C000A7009D8C2A842685B1299306E041898ECC
:1090D000A9477D8093F6F67F63CDA7022D47098FC0
:1090E000B3D7E4005505B207B394A400B18329A017
:1090F0000144814681478144B207D206B1837E0490
:10910000D58FC18FB24022442685BE85924441014D
:1091100082805515B397A400B207B1838144E9BF9B
:1091200015CD411122C406C62A84ED2E9306E041D6
:10913000898EA94793F6F67F63DCA7025515B3170E
:10914000A400B207B1830147B2402244B207D2065D
:10915000B183D58F3A85BE854101828081478146A2
:10916000B207D206B1830147D58F3A85BE8582808A
:109170002D47098FB357E400B20713075501331782
:10918000E400B183D1B7B367B5009DCF411122C4CC
:1091900026C24AC006C6AA842E892E84A1C12E8565
:1091A00051269306E043898E9307304363C4D70664
:1091B0009317C9002D46268793F6F67FB183635C2B
:1091C000A60C130655FF0DA881478146B207D206AB
:1091D000B1830147D58F3A85BE858280A1262A8634
:1091E0009306E04313050502898E1307A00293F648
:1091F000F67F634CA70C55061307B002098FB3170F
:10920000C90033D7E4005D8F9317C700B18333974C
:10921000C40051A09307604363D9D70213078501A7
:10922000930785036347070C3396E4000147214405
:10923000098C518F930704FE3337E00063CF070892
:10924000B354F9008147D98C3E84A14763C1A70676
:10925000370780FF7D1713F67400B377E40005C667
:1092600013F6F40091456300B60213864400B3344C
:109270009600A6979395870063D905089306F04357
:10928000F98F898EB2841397D7018D80A607458FF9
:10929000B18393F6F67FB2402244B207D206B1837F
:1092A000D58F924402493A85BE85410182801307D9
:1092B0008002130685FF098F33D7E400B317C4007B
:1092C0003364F700B394C40061B7930756FFB397B4
:1092D000F400B207B18301477DBF7D4693171900A3
:1092E000018EB397C700B3D48400DD8CB3578900D7
:1092F00099BF7D461D8E13D714003357C700331610
:10930000F900598E3397F4001DB7B284ADBF1357DF
:1093100075011377F70F41119307170022C426C276
:109320001314950006C693F7E70F25809354F501B3
:1093300085C793573400130707387604B2075207DE
:10934000B1831395F401D98FC98FB240228522448D
:109350009244BE854101828005EB39C42285D92221
:10936000A94763C6A7042D47098F930755013357B3
:10937000E4003314F4009317C70013079038098FE3
:10938000B1831377F77F5DBF01CC13573400B70764
:109390000800D98FB2077604B1831307F07F79BF35
:1093A0001307F07F814759BF0147814741BF13072A
:1093B00055FF3317E40001447DBF93D645019397D1
:1093C000C50093F6F67FB183138616008E071357F8
:1093D000D5011376E67FFD815D8F9318350035CE7C
:1093E000138806C89307E00F63DD070181471395D3
:1093F00097009306F00FDE062581FE05558D4D8DF5
:1094000082806355000B931765000E07B337F00099
:10941000D98F93D8D801B3E7170113F77700630109
:10942000071013F7F70091466303D700910737073A
:1094300000047D8F75C7130718001306F00F93768D
:10944000F70FE305C7FA9A07A58313959700DE0681
:109450002581FE05558D4D8D8280B367170199EEEC
:1094600085CF95479A07A5831395970093F6F60F36
:10947000DE062581FE05558D4D8D8280A5DBB70763
:109480004000139597009306F00FDE068145258175
:10949000FE05558D4D8D828081471395970081463D
:1094A000DE062581FE05558D4D8D8280A5576348CA
:1094B000F804F94737068000B38707417D45598E88
:1094C0006351F504795733070741130500023357F9
:1094D000E6006388A700938626CAB316D600B3E8D1
:1094E000D800B3371001D98F13F77700014815FB67
:1094F000139757008546E34807F48146A5B7814690
:109500008DB7938626C83397D8003337E000B3165B
:10951000D600B3D8F800B367D700B3E7F800E9B7CF
:10952000C28689B7C167637EF5029307F00F130700
:10953000000263ECA700977700009387274AAA9759
:1095400003C507003305A74082802181977700007B
:109550009387C748AA9703C5070061473305A7400B
:109560008280B7070001636EF50061819777000084
:109570009387C746AA9703C5070021473305A7402D
:10958000828041819777000093874745AA9703C55A
:10959000070041473305A7408280938781869C431B
:1095A0004111328806C6AA882E87C8473686977723
:1095B00000009387A75263170800977700009387EE
:1095C00027103E88C686977500009385255239205E
:1095D000EF10C0179387818688438280397132D417
:1095E00036D63EDA3AD842DC46DE938781862E862E
:1095F000AA858843341006CE36C6892AF2402161F6
:10960000828001476314E60001458280B307E500CC
:109610000507B386E50083C7070083C6F6FFE3832B
:10962000D7FE3385D7408280B3C7A5008D8B330723
:10963000C50081E78D4763EEC700AA876370E50A1E
:1096400083C6050085078505A38FD7FEE3EAE7FEFD
:10965000828093763500AA8791CA83C60500850764
:109660008505A38FD7FE93F63700FDB79376C7FF26
:10967000138606FE63F0C70683A3050083A2450098
:1096800083AF850003AFC50083AE050103AE45017E
:1096900003A3850183A8C5019385450223A0770014
:1096A00003A8C5FF23A2570023A4F70123A6E701BF
:1096B00023A8D70123AAC70123AC670023AE170153
:1096C0009387470223AE07FF75B790419107910535
:1096D00023AEC7FEE3EBD7FEE3E4E7F682801C4649
:1096E000FD171CC663DA0700184E63C5E700A947DB
:1096F0006394F5006F0010681C422E8513871700D5
:1097000018C22380B7008280011122CC26CA4AC821
:109710004EC652C406CE2A89AE893284B304D6001E
:109720007D5A63149400014511A8834504004E86B8
:109730004A85EFF0DFFA0504E31545FFF240624485
:10974000D2444249B249224A05618280357122CD14
:1097500026CB4AC94EC706CF52C556C35AC1DEDE14
:10976000E2DCE6DAAA89AE843289368409C51C4D6A
:1097700099E3EF10507A977700009387A746639D8F
:10978000F40C83A4490083D7C400A18BE5CB9C488B
:10979000F5C793070002A304F1029307000302D266
:1097A0002305F10222C6930B5002977A0000938A98
:1097B000EA36054C294B4A848347040099C36392D7
:1097C000770FB30C2441638E0C00E6864A86A6858B
:1097D0004E85EFF07FF3FD576306F51E9256E69631
:1097E00036D283470400638F071CFD57130914000A
:1097F00002C802CE3ECA02CCA309010482D483452A
:10980000090015465685EF20801A13041900C24737
:1098100059E913F7070109C713070002A309E10477
:1098200013F7870009C71307B002A309E1048346B1
:1098300009001307A0026380E608F2474A848146C4
:1098400025460347040093051400130707FD6379B9
:10985000E60AB5CA3ECE85A8977700009387873A77
:109860006395F40083A4890039BF9777000093873C
:109870006735E39AF4F083A4C90031B7A6854E8515
:10988000EF00B05B19D57D55FA406A44DA444A4985
:10989000BA492A4A9A4A0A4BF65B665CD65C0D6165
:1098A0008280050411BF330555413315AC00C98FC3
:1098B0003EC82289A9B7324793064700184336C6E7
:1098C000634907023ACE034704009307E002631F8F
:1098D000F704034714009307A002631BF702B24783
:1098E0000904138747009C433AC663C107023ECA76
:1098F00035A83307E04093E727003ACE3EC8E1B7EA
:10990000B387670385462E84BA9725BFFD57C5B731
:10991000050402CA81468147254603470400930592
:109920001400130707FD6378E606F1F2834504008F
:109930000D46177500001305E51EEF20400711CDF9
:10994000977700009387071E1D8D93070004B39738
:10995000A700424505045D8D2AC8834504001946C9
:10996000177500001305451C130914002304B102E8
:10997000EF20E00325C1970700009387C71E95E7F6
:109980004247B2471377071009CF91073EC6925757
:10999000D2973ED20DB5B387670385462E84BA971A
:1099A000ADBF9D07E19BA107D5B7780097060000E2
:1099B0009386C6D526860C084E856522FD572A8AD1
:1099C000E317F5FC83D7C40093F70704E39D07EA88
:1099D00012555DBD780097060000938626D3268633
:1099E0000C084E85B927D9BF797122D44AD052CC00
:1099F00056CA5AC806D626D24ECE3A8AAE8A328483
:109A00003689428B0147635806003707008033448C
:109A1000C7001307D0022380E70093F4F8FD9307F3
:109A200060048D466388F40093075004894663936D
:109A3000F4000509DA879308C100130881004A87FA
:109A4000D6852286EF00306593077004AA89639655
:109A5000F400137A1A00630A0A0493076004338A35
:109A600029016397F40203C7090093070003631EEB
:109A7000F700014681465685A285EF20307211C558
:109A800085473389274123202B0183270B003E9AEA
:109A9000014681465685A285EF20507011E152C6DD
:109AA00013070003B24763E24703B2474257B2507D
:109AB0002254B38737411CC34E8592540259F24950
:109AC000624AD24A424B456182809386170036C66D
:109AD0002380E700C1BF2300C500130725009307BB
:109AE000B00263D60500B305B0409307D002A300CF
:109AF000F500A54763DAB70441119307F100BE886A
:109B0000294813033006B3E605031386F7FF93864F
:109B10000603A38FD7FEB3C60503634DB300938638
:109B20000603F917A30FD6FE63E917013305A74013
:109B300041018280B287B685F9B7850783C6F7FFF2
:109B40000507A30FD7FECDB7930700031307450002
:109B5000938505032301F500A301B5003305A74054
:109B6000828019713ACE86DEA2DCA6DA2E84CAD8AB
:109B7000CED6D2D4B689DAD0DECEE2CC3289D6D2F5
:109B8000E6CAEAC8EEC6AA84EF107050832B05001F
:109B90005E85EF00101D032B0400724702DC9376F4
:109BA0000B102A8C034A84011C43F1CA9386470098
:109BB00014C39C43081098433AD0D8433AD29847EC
:109BC0003AD4DC473ED6EF20906A28C46CC4832C7C
:109BD000C404177700001307E7F5832A8404032DD4
:109BE0000700832D470093971C0085836A86EE86C5
:109BF0005685BE853ECEEFF02FC241EDF2476A8614
:109C0000EE865685BE85EFE06FF66354A0080146E8
:109C100081465685E685EFE06FF5635605009307AC
:109C2000D002A301F40493077004977A0000938A8A
:109C3000EAF063F64701977A0000938A6AF0137B93
:109C4000BBFF8D47232064011CC8014B4E87CA8689
:109C50007018A2852685C12EFD5C631E95157D5565
:109C6000F6506654D6544659B659265A965A065B4B
:109C7000F64B664CD64C464DB64D096182809D0729
:109C8000E19B9386870014C39843DC4338C47CC4AB
:109C90003DBF5686E6865685E685EFF0EFB711CDD7
:109CA00093077004977A0000938ACAE9E3F947F9A9
:109CB000977A0000938A4AE959B75C407D57137D33
:109CC000FA0D6395E70899475CC0544013670B4051
:109CD0003C18D6853EC018C09307310302C2D28813
:109CE0001308410366862685EFF01FD093077004A2
:109CF000AA8AD255631BFD00F55763C5F5005C4089
:109D000063D8B708791A137AFA0F9307500663E6F7
:109D10004705FD155286130504052EDAEFF0BFDB6B
:109D2000625785462A8BB307A7001CC863C5E600A7
:109D30001840058B19C385071CC883473103E38787
:109D400007F09307D002A301F40409B713077004C6
:109D5000E31DEDF6BDFB854785BF93076006631BDA
:109D6000FA025C40635BB0000CC881E71840058BC9
:109D700009CF8507AE971CC809A889E71840854612
:109D8000058B19C39386270014C82CCC014B75B7DB
:109D9000130A7006E25763C9F5001C400CC8858B96
:109DA000EDD793871500C1BF05476344B00009474D
:109DB0000D8FBA97C9B71C4013F7074015E3144835
:109DC0005686CA8526858299E30B95E91C40898BC6
:109DD00063960724F2574844E354F5E83E8549B5B5
:109DE00013075006637B471928446C44014681469B
:109DF000EF20D03A39E985461756000013068662EF
:109E0000CA8526858299E30C95E55257E25763454A
:109E1000F7001C40858BDDDBE2865E86CA852685E1
:109E20008299FD57E30DF5E2014A930AA4017D5B97
:109E3000E257FD17E35CFAF885465686CA85268503
:109E40008299E30E65E1050AE5B7D2576346F0064D
:109E50008546175600001306E65CCA85268582995A
:109E6000E30F95DFD2576257D98F81E71C40858B6E
:109E7000B1DFE2865E86CA8526858299FD57E300BA
:109E8000F5DE014A130BA401FD5BD257B307F04086
:109E9000634BFA00E2565686CA8526858299FD579D
:109EA000E316F5F26DBB85465A86CA8526858299EA
:109EB000E30775DB050AD1BF3C4C625A63D3470107
:109EC0003E8A635A4001D2865686CA852685829983
:109ED000FD57E306F5D8814C130DA401FD5D09A8DB
:109EE00085466A86CA8526858299E30AB5D7850C98
:109EF000032B8405D28763530A008147B307FB40D5
:109F0000E3C0FCFE5257E257634DF7021C40858BBD
:109F10008DEBE2575257338AE7406344EB00338AB4
:109F20006741635B4001D28633866A01CA85268514
:109F30008299FD57E305F5D2814A130BA401FD5B1D
:109F400015A0E2865E86CA8526858299FD57E312B2
:109F5000F5FC31B385465A86CA8526858299E30089
:109F600075D1850A5257E257998F528763530A0079
:109F70000147998FE3C0FAFE91BDE256054763445D
:109F8000D700858BB5C785465686CA8526858299B2
:109F90007D5AE30645CDE2865E86CA85268582998E
:109FA000E30F45CB28446C4401468146EF20101F47
:109FB0001DC9E25613861A00CA85FD1626858299A8
:109FC000E30F45C9DA8613060405F9B585465686BA
:109FD000CA8526858299E30475C9050AE257FD17EB
:109FE000E346FAFEC5B7014A930AA401FD5BFDB73B
:109FF00085465686CA8526858299E31595FD85B1E5
:10A0000085465686CA8526858299E30A65C5050A6E
:10A010005C447257998FE345FAFE6DBB014A930A7F
:10A0200094017D5BF5B7797156CA9C49BA8A984507
:10A0300022D426D24ECE52CC06D64AD05AC85EC6BC
:10A04000AA892E84B284368A63D3E700BA879CC07B
:10A050000347340419C385079CC01C4093F70702CB
:10A0600081C79C4089079CC00329040013796900BB
:10A07000631A0900130B9401FD5B5C449840998FAF
:10A08000634CF9041C408346340493F70702B3364B
:10A09000D000A5EB13063404D2854E85829AFD5775
:10A0A0006303F5041C4011469840998B5444814445
:10A0B0006397C700B384E64063D3040081441C4423
:10A0C00018486354F700998FBE94014969047D5B79
:10A0D00063982405014509A885465A86D2854E8590
:10A0E000829A631E75017D55B250225492540259D2
:10A0F000F249624AD24A424BB24B4561828005091D
:10A10000ADBF3307D40013060003A301C704034700
:10A11000540493871600A2978906A381E7049DBF84
:10A1200085462286D2854E85829AE30E65FB050917
:10A1300045B7797122D426D24AD04ECE06D652CC1B
:10A1400056CA5AC8B68983C68501930790063289D4
:10A15000AA842E8413863504638DF60263E2D70643
:10A16000930780056389F61863EDD70063820622A2
:10A1700093073004638FF60A930A24042301D4045E
:10A18000D1A0930730066386F60A93074006E3954D
:10A19000F6FE1C40084393F6070893054500CDC61C
:10A1A0001C410CC363D807001307D002B307F0406B
:10A1B000A301E4049776000093864699294775A881
:10A1C000930700076385F61663E5D7029307E00659
:10A1D000638CF6189307F006E390F6FA0C401C43E4
:10A1E00013F80508138547006308080608C39C4355
:10A1F00095A893075007E383F6FE93078007638CC7
:10A20000F61293073007E399F6F61C43D0418145D7
:10A210009386470014C383AA07005685EF10207960
:10A2200001C53305554148C05C401CC8A301040466
:10A2300071A81C43930A2404938647009C4314C3CB
:10A240002301F4048547D5B793F607041C410CC3DA
:10A25000B1DAC207C187B9B793F5050408C3C1D9FC
:10A2600083D707001307F0066388E60E9776000091
:10A270009386C68D2947A30104044C400CC463C5D2
:10A28000050008406D9908C099E3B28A91CDB28A61
:10A29000B3F5E702FD1AB69583C505002380BA0021
:10A2A000B3D5E70263F0E70CA147631EF7001C403B
:10A2B000858B91CB58401C4863C7E7009307000388
:10A2C000A38FFAFEFD1A3306564110C84E87CA8680
:10A2D0007000A2852685EFF01FD57D5A631E450BC1
:10A2E0007D55B250225492540259F249624AD24AE0
:10A2F000424B45618280A382D50497760000938605
:10A30000E6840C40084313F805081C411105630D51
:10A31000080208C313F7150001C793E505020CC036
:10A320004147B1FB0C4093F5F5FD0CC0A9B79C412A
:10A3300093E707029CC193078007A302F404977672
:10A3400000009386E68175BF13F8050408C3E30394
:10A3500008FCC207C1837DBF976600009386067F15
:10A36000214711BFAE872DB794411C43CC4913F848
:10A370000608138547006306080008C39C438CC386
:10A3800001A808C393F606049C43F5DA2390B700AE
:10A3900023280400B28A1DBF14485686CA85268524
:10A3A0008299E30F45F31C40898B8DE7B2474844FF
:10A3B000E359F5F23E8535B785465686CA8526852A
:10A3C0008299E30F65F1050A5C443247998FE345B2
:10A3D000FAFEE9BF014A930A94017D5BF5B7397132
:10A3E0003EDA2ED232D436D63AD842DC46DE9387D5
:10A3F000818622CC804326CA06CEAA8411C41C4C76
:10A4000081E72285EF1020310C44541026862285E6
:10A4100036C6EFF0AFB3F2406244D244216182808D
:10A42000011126CA4AC806CE22CC4EC652C4AA84FE
:10A430002E8909C51C4D99E3EF10E02D9C4C8044FA
:10A4400081E72685EF10202D976700009387877995
:10A45000631CF402C0408357C400A18BB1C71C48E1
:10A46000A1C7FD59294A1C4483450900FD17B1E9DC
:10A470001CC463DE07062286A9452685E528FD570C
:10A480006308F502294535A0976700009387877711
:10A490006314F4008044C1B7976700009387877204
:10A4A000E31BF4FAC04445BFA2852685792255D91D
:10A4B0007D55F2406244D2444249B249224A056184
:10A4C00082801CC4050963D70700184C63CBE700E2
:10A4D000638945011C401387170018C02380B7000B
:10A4E00059B7228626857920E31F35F7D1B71C405E
:10A4F0001387170018C029472380E70061B79387A7
:10A500008186AA8588436FF0BFF135713ECBB707CE
:10A51000008093C7F7FF3ECE3EC8C1779387872060
:10A5200032C536C73AC942CD46CF3ECA93878186E7
:10A530002AC42ACC884334012E862C0086DE36C2FB
:10A54000EF10F06AA24723800700F6500D61828069
:10A55000AA8703C7050085078505A38FE7FE75FB5E
:10A560008280AA87850703C7F7FF6DFF3385A74061
:10A570007D158280011122CC26CA4AC806CE4EC65D
:10A58000AA842E89328409C51C4D99E3EF10A018C6
:10A590009767000093870765631BF406C0401C4C57
:10A5A0001CC48357C400A18BD9C31C48C9C31C4811
:10A5B00008409379F90F1379F90F1D8D5C486347B3
:10A5C000F500A2852685EF10E00235E51C4405055F
:10A5D000FD171CC41C401387170018C023803701C7
:10A5E0005C486389A7008357C400858B89CBA94742
:10A5F0006317F900A2852685EF00D07F0DEDF240AC
:10A6000062444A85D2444249B249056182809767D3
:10A6100000009387275F6314F400804449B797676D
:10A6200000009387275AE31CF4F6C0448DBFA2852F
:10A63000268521202DDD7D59D9B74111938781864B
:10A6400026C2844322C44AC006C62A892E8491C4E5
:10A650009C4C81E72685EF10000C976700009387DC
:10A660006758631CF402C0400317C4009317070126
:10A67000C18393F68700BDEE93F607019DEEA547D3
:10A680002320F900136707042316E4007D55B24028
:10A6900022449244024941018280976700009387D7
:10A6A00067566314F4008044C1B79767000093872E
:10A6B0006751E31BF4FAC04445BF918B95C74C58D2
:10A6C00091C9930744046385F5004A85EF1050262D
:10A6D000232A04028357C4002322040093F7B7FD02
:10A6E0002316F4001C481CC08357C40093E787005E
:10A6F0002316F4001C4889EF8357C4001307002079
:10A7000093F707286386E700A2854A85EF10401F6C
:10A710008357C40013F7170005C75C4823240400BF
:10A72000B307F0401CCC1C480145B5F38317C400A7
:10A7300013F7070829DF93E707042316F400B9B7D6
:10A74000898B014791E3584818C4F1BF411119455D
:10A7500006C6EF10F07A0545EF20405A011122CCD1
:10A760001C49804906CE26CA4AC84EC652C456C2A3
:10A7700063C187127D141318240093894501338A1D
:10A780000901130945014A9883270A000327080095
:10A790008507B354F7026366F706C1684E834A8E95
:10A7A000814E014FFD1811030326C3FF110E3377AD
:10A7B0001601418233079702330696027697935625
:10A7C0000701B3771701B307FF4036968326CEFF04
:10A7D000935E06013376160133F71601BA97C182EC
:10A7E00013D70741918EBA9613DF0641B3F71701CD
:10A7F000C206D58F232EFEFEE3776AFA8327080070
:10A80000BDCBAA8AEF10E070634905044166850458
:10A81000CA8501457D16910903A8C9FF9841910594
:10A82000B376C800158DB376C700AA969357070173
:10A830001358080113D70641B3870741BA9713D5B8
:10A840000741F18EC207D58F23AEF5FEE3753AFDC1
:10A8500093172400CA9798431DC72685F240624487
:10A86000D2444249B249224A924A056182808327F2
:10A87000080089E77D147118E36B09FF00C951B71F
:10A88000984309E77D14F117E36CF9FE23A88A00C9
:10A89000E9B70145E1B775713ED85C5122C526C3C1
:10A8A0004AC1CEDED2DCE2D406C7D6DADAD8DED6AA
:10A8B000E6D2EAD0EECE36C23AC646CAAA842E8482
:10A8C0003289C2892E8A328C89EF4145EF10600DA2
:10A8D000C8D02322050023240500232005002326B9
:10A8E0000500DC508C4389CDD84385472685B39736
:10A8F000E7009CC5D8C1EF10401ADC5023A0070028
:10A90000635309048547131C190023A0F900135C45
:10A910001C00B707F07F3377FC006314F70642573B
:10A920008967320C9387F770135CCC001CC3336CBF
:10A930008C00E3050C32D24791EB976700009387B8
:10A9400027283EC039A823A00900E1B79767000077
:10A95000938707273EC09767000093879726524743
:10A960001CC3BA402A4402459A440A49F659665A19
:10A97000D65A465BB65B265C965C065DF64D496131
:10A980008280014681462285E28522CE62D4EF2074
:10A99000E00005E1425785471CC3975700009387A5
:10A9A00067A83EC0D247D5DF97570000938797A787
:10A9B0007DB7B800F4006286A285268513594C0144
:10A9C000EF1060671379F97FAA89A64A630D091011
:10A9D000A2577245130919C09395C700B181B707F3
:10A9E000F03FDD8D02DC976700009387A718904346
:10A9F000D443EFD09FEE97670000938727189043CA
:10AA0000D443EFD01FA2976700009387A717904306
:10AA1000D443EFC09FBC2A8B4A85AE8BEFE04FE951
:10AA200097670000938787169043D443EFD07F9FAA
:10AA30002A86AE865A85DE85EFC03FBA2A8BAE8B5A
:10AA4000EF10707C2A84014681465A85DE85EFD05E
:10AA5000FF91635B05002285EFE08FE55A86DE8675
:10AA6000EF10D07311C17D140547D9473AD663E37F
:10AA7000870213173400976700009387271DBA9742
:10AA80009043D4437245A255EFD05F8E63530500C7
:10AA90007D1402D633892A41930BF9FF014B63D60B
:10AAA0000B00054B330B2B41814B634E0406A29BDD
:10AAB00022CC814A1247A54763E5E7149547854CA8
:10AAC00063D6E7009307C7FF3EC2814C12478D470C
:10AAD000630EF71063CFE704894702C8630DF706DA
:10AAE00085473EC88DA03649930700025699130743
:10AAF000294363D5E70213050004198D9307294103
:10AB00003315AC003354F400418DEFE06FE1B7072B
:10AB100010FEBE9585477D193EDCF1B53385E740D3
:10AB20003315A400DDB7330B8B40B30A804002CC51
:10AB300051B712479147630EF70005473AC81247CD
:10AB400095476306F70AFD573EC4FD5DC94702C637
:10AB500019A885473EC8B2476348F00A85470547AC
:10AB60003EC4854D3AC603A9440211472322090079
:10AB7000930647018325490063FCD7082685EF002B
:10AB80005069DC502320A9009C433EC0B94763E6CE
:10AB9000B71D63840C1C635E800A9377F4001397DF
:10ABA0003700935C4440976700009387270ABA9761
:10ABB00093F60C0198430949DC4385C6976600006B
:10ABC0009386460690527245D452A2553AD03ED250
:10ABD000EFD0AF930257925793FCFC002A8A2E8C39
:10ABE0000D49176D0000130DED0389A802C8B24787
:10ABF000A2973EC4938D1700EE87E346B0F78547D2
:10AC00009DB7854C02C2E9BDB2473EC4BE8DA1BF0F
:10AC100085052322B9000607A1BF93F61C0081CE4B
:10AC200003260D0083264D003A85BE85EFD06FFFC9
:10AC300005092A87AE8793DC1C40210DE39F0CFC9D
:10AC40003A86BE865285E285EFD02F8C2A8A2E8CDA
:10AC500081A0094915CCB30C804093F7FC001397F1
:10AC6000370097670000938767FEBA979043D443F5
:10AC70007245A25593DC4C40176D0000130D8DFA00
:10AC8000EFD02FFA2A8A2E8C8147639C0C12DDFFAD
:10AC9000B25763870714176700001307A7EF104325
:10ACA00054435285E28552D0EFD04FEC635A0512DF
:10ACB000638B0D12A2476350F00A17370000130789
:10ACC000677F8257104354433E85E285EFD06FF58E
:10ACD000A247130DF4FF2A8A2E8C050962874A8544
:10ACE0003EDE52DABA8C3AD0EFE08FBC52580257AF
:10ACF0003709C0FC4286BA86EFD0AFF297660000F3
:10AD00009386C6E99042D442528CEFC01F8DF25711
:10AD10002A8A2E99E1EF976700009387A7E8525897
:10AD200002579043D4434285BA85EFD01FBB528669
:10AD3000CA862A8CAE8CEFD08FD8634AA054B7074E
:10AD40000080B3C727015286BE866285E685EFD0B4
:10AD5000EFE1634B0552724A225CB64763C7073086
:10AD6000394763448730131734009767000093878F
:10AD7000E7EDBA9703AB070083AB4700B24763D256
:10AD800007206340B02163910D50976700009387BF
:10AD900067E19043D4435A85DE85EFD08FE8528631
:10ADA000E286EFD0CFD1814A01496357054A8247F5
:10ADB00002470504138A1700930710032300F700C6
:10ADC00045A113F71C0009CB03260D0083264D0077
:10ADD0000509EFD00FE5854793DC1C40210D75B5C3
:10ADE000228DEE87E5BD228D8147CDBD9386F7FF8D
:10ADF0001396360097660000938646E5B296884221
:10AE0000CC428246B6973EDAC247E9C39767000054
:10AE10009387C7D92A86AE868843CC434ADE52D070
:10AE2000EFC0BFEE02587257173900001309896846
:10AE30004286BA86EFD07FAA024A2AD02ED2E68571
:10AE40006285EF10503C2ADEEFE08FA62A86AE86A0
:10AE50006285E685EFD07FA8F2572A8CAE8C2A86D1
:10AE6000AE8602559255050A93870703A30FFAFE93
:10AE7000EFD0EFC46348A00E97670000938787D197
:10AE80008843CC436286E686EFD03FA52A86AE860D
:10AE900002559255EFD0AFC26342A018D257E30CCF
:10AEA000FAEA032609008326490002559255EFD09D
:10AEB0004FD703260900832649002AD02ED2628567
:10AEC000E685EFD00FD62A8CAE8C95BF5286CA8607
:10AED000EFD02FD5525A02492AD02ED2E68562856C
:10AEE000EF1070322ADEEFE0AF9C2A86AE866285D4
:10AEF000E685EFD09F9E7257D257050913070703C7
:10AF0000A30FE9FE2A8CAE8C6312F90617690000C4
:10AF10001309C9C903260900832649000255925521
:10AF2000EFC0AFEB2A86AE866285E685EFD02FB9FB
:10AF30006346A00E02569256032509008325490058
:10AF4000EFD0BF992A86AE866285E685EFD00FC224
:10AF500093070003E35105E00347FAFF9306FAFF66
:10AF60006304F7006A8459A8368AFDB79737000052
:10AF7000938747549043D443EFD0AFCA2A8CAE8C0A
:10AF8000B1BFE287BE8C8247528C973A0000938A09
:10AF90006A5213891700BE9D5A86DE866285E68551
:10AFA000EFC0BFD6EF1030262A8DEFE06F905A86A3
:10AFB000DE86EFD00FC72A86AE866285E685EFD0A3
:10AFC000DF9193070D03A30FF9FE2A86AE864A8A06
:10AFD000639E2D07EFC06FE05A86DE862A8CAE8C0A
:10AFE000EFD0EFAD634BA0025A86DE866285E68520
:10AFF000EF10D01A01E593771D0085E3CE852685F5
:10B00000EF00B029C25723000A00050480C3D247CD
:10B01000E389079423A04701A9B2228D1307900367
:10B020008346FAFF9307FAFF639AE6008246639D20
:10B03000F60013070003050D2380E60003C7070091
:10B0400005072380E70039BF3E8AD9BF03A60A005F
:10B0500083A64A000509EFD0CFBC014681462A8C61
:10B06000AE8CEF10B0130DF951BF424763000710CB
:10B07000924605476345D70C62579387374309E7E4
:10B08000264793076003998F568DDA8C8545268570
:10B090003E9BBE9BEF0030392A89635E9001635C62
:10B0A0007001E68763D39B01DE87330BFB40B38CD3
:10B0B000FC40B38BFB4063800A04C247C5CF635496
:10B0C000A003CA856A862685EF00F04B4E86AA85C6
:10B0D0002A892685EF00F0362ACECE852685EF0018
:10B0E000D01BF247BE893386AA4111C6CE8526857C
:10B0F000EF007049AA8985452685EF00D032E247E6
:10B10000AA8A635BF0063E86AA852685EF00B047D3
:10B1100012478547AA8A014D63C8E706014D6312AD
:10B120000A069317CC00528DA9EFB705F07F337C48
:10B13000BC0063080C04050B850B054D99A0138D0D
:10B14000FDFF63CAAA01338DAA4163DE0D00B30C73
:10B15000BB41814725BFE247B30A5D41D6973ECC4C
:10B16000EA8A014DDDB7DA8CEE870DB7568DDA8CA1
:10B17000014925B756869DBF12478547014DE3DF3C
:10B18000E7F8E247054589CF83A70A018D078A07BB
:10B19000D697C843EF00301E930700023385A740BF
:10B1A0005E957D8951C193070002898F1147635ACB
:10B1B000F706F1473385A7402A9BAA9CAA9B6358B0
:10B1C0006001CE855A862685EF00D047AA8963584C
:10B1D0007001D6855E862685EF00D046AA8AB257D2
:10B1E000B1C7D6854E85EF00D05263510504CE8598
:10B1F000814629462685EF00900EC2477D14AA8914
:10B20000638C0726CA85814629462685EF00300DC6
:10B21000A2472A896345F0081247894763D1E708A6
:10B2200029A8E38EE7F83E85710579B76345B00735
:10B230001247894763D1E7066EC4A24791EFD685CE
:10B24000814615462685EF009009AA8AAA854E8573
:10B25000EF00304CE34DA0B4B247024A13C4F7FFED
:10B26000014BD6852685EF005003E30909D8630812
:10B270000B0063062B01DA852685EF001002CA85D4
:10B280002685EF0090019DBB814A0149F1B76A8490
:10B29000814A014929BEC2476EC46386071E6358AE
:10B2A0009001CA8566862685EF00D0392A894A85AD
:10B2B00063060D02832549002685EF00807503266D
:10B2C00009012A8B9305C90009060A063105EFE03A
:10B2D000AFB50546DA852685EF00D036824722478E
:10B2E0004A8B138C1700BA973EC693771A002A89A7
:10B2F0003EC4D6854E85EFF06FC6DA852A8D930D54
:10B3000005034E85EF00F0404A86AA8BD685268538
:10B31000EF0050435045930CFCFF2A8A054711E685
:10B32000AA854E85EF00F03E2A87D28526853AC849
:10B33000EF00A07692474247628AB3E6E700A24751
:10B34000DD8E81EE130790036388ED046354700172
:10B35000930D1D032380BC0129B763CA0B009247DC
:10B36000B3EB7701A247B3EBFB0063950B04E35308
:10B37000E0FECE8505462685EF00D02CD685AA892D
:10B38000EF0030396346A00071F513F71D0079D343
:10B3900013079003E39EEDFA930790032380FC00CC
:10B3A000930690038347FAFF1307FAFF638CD708CD
:10B3B000850745A0635BE00013079003E38EEDFC77
:10B3C00093871D002380FC0069BDB247A30FBCFF1B
:10B3D00063818705CE85814629462685EF0020704A
:10B3E000AA8981462946DA85268563182B01EF0054
:10B3F000006F2A8B2A89050CEDBDEF00406ECA85CF
:10B400002A8B814629462685EF00606D2A89E5B79B
:10B41000014BCE8505462685EF00D022D685AA8928
:10B42000EF00302FE34EA0F601E593F71D00ADFBD2
:10B43000930700030347FAFF9306FAFFE313F7E2CB
:10B44000368ACDBF82476399E70002470504930718
:10B4500010032300F70031B53A8AA9B7524797572E
:10B460000000938727753EC09757000093870775A4
:10B47000631707CE6FF0EFCEA2476346F000124786
:10B480008947E3CCE7DA024AD6854E85EFF00FAD67
:10B490008247050A930D05033307FA40A247A30F1D
:10B4A000BAFFE357F7F6CE85814629462685EF0099
:10B4B0000063AA89D1BF83D7C500011122CC26CA57
:10B4C00006CE4AC84EC613F78700AA842E8479EFA9
:10B4D000D841634DE000B841634AE0000145F240C5
:10B4E0006244D2444249B2490561828058547DD7B2
:10B4F00003A904009396370123A0040063DE060627
:10B5000070488357C400918B99C75C401D8E5C586E
:10B5100099C33C401D8E5C540C5081462685829711
:10B52000FD570357C400631DF5009440F54763E9D8
:10B53000D706B70740208507B3D7D700858BADC3A3
:10B540001C48232204001CC09317370163D807004E
:10B55000FD576314F5009C4091E368C84C5823A044
:10B560002401ADDD930744046385F5002685EF00D3
:10B57000303C232A04029DB70C500146854626859F
:10B580000297FD572A86E31EF5F69C40BDDB754702
:10B590006385E70059476394E70423A024013DBF76
:10B5A000136707042316E4007D5515BF83A9050121
:10B5B000E38609F203A905008D8B23A03501330929
:10B5C0003941014791E3D84918C4E35920F11C548B
:10B5D0000C50CA864E86268582976349A000835701
:10B5E000C40093E707042316F4007DBFAA9933092A
:10B5F000A940E1BF9C49A5C3011122CC06CE2A84F3
:10B6000011C51C4D81E72EC63922B245975700005F
:10B610009387475D639CF5004C408397C5009DC7A9
:10B6200022856244F24005616FF0FFE89757000001
:10B630009387475D6394F5000C44C5B797570000A6
:10B6400093874758E39BF5FC4C44C1BFF2406244EA
:10B6500001450561828001458280411122C406C6F0
:10B660002A842316B5002317C500232005002322B2
:10B670000500232405002322050623280500232A8C
:10B680000500232C0500214681451305C505EF4023
:10B690009EEB971700009387E70A5CD0971700008E
:10B6A0009387470D1CD497170000938787115CD4AC
:10B6B000971700009387471400D01CD8B24022444B
:10B6C0004101828097050000938505F399AA4111F5
:10B6D00026C2130680069384F5FFB384C4024AC0D1
:10B6E0002E8922C406C693854407EF00F02E2A84D3
:10B6F00001CD2320050023222501310508C413862E
:10B7000084068145EF403EE42285B24022449244C3
:10B710000249410182801C4DA5E7411106C622C4A1
:10B7200097070000938747FA1CD59387C1969C43DF
:10B730002324050423260504232805046314F500A7
:10B7400085471CCD2A84352848C022851D2808C479
:10B750002285052848C4484001469145EFF0FFEF97
:10B7600008440546A545EFF05FEF48440946C94542
:10B77000EFF0BFEE85471CCCB240224441018280ED
:10B78000828041119387C19626C284434AC006C66F
:10B790009C4C22C42A8981E72685EFF0DFF7938449
:10B7A00084048044DC40FD1763D607009C40B9CF79
:10B7B0008440C5BF0317C40039E7C177850723223A
:10B7C00004062320040023220400232404005CC474
:10B7D00023280400232A0400232C04002146814549
:10B7E0001305C405EF403ED6232A0402232C04028D
:10B7F00023240404232604042285B24022449244D4
:10B800000249410182801304840671BF91454A8533
:10B81000EFF0FFEB88C049FDB1472320F900014458
:10B82000E1BF797122D44AD052CC56CA5AC85EC6FA
:10B8300006D626D24ECE2A8AAE8A13048504014942
:10B84000054BFD5B09ECB25022544A8592540259D3
:10B85000F249624AD24A424BB24B4561828004446B
:10B8600083294400FD1963D409000040E1BF83D758
:10B87000C400637BFB008397E40063877701A685A0
:10B880005285829A3369A90093848406E1BF938725
:10B8900081869C43885309E51755FE1F1305450112
:10B8A0001305050F82801971A6DAAE848395E50031
:10B8B000A2DC86DE328463DC050083D7C40023A0CB
:10B8C000060093F7070885E7930700401DA030089E
:10B8D00036C6EF00F078B246E34105FE7247BD6719
:10B8E000F98F7977BA9793B717009CC2F1BF930786
:10B8F00000041CC0F6506654D6540145096182808C
:10B9000083D7C500011122CC06CE26CA4AC8898B2E
:10B910002E8489CF930774041CC01CC885475CC85B
:10B92000F2406244D2444249056182807400300092
:10B93000AA84EFF05FF7A2452A892685EF00D00997
:10B9400001ED8317C40013F7072079FBF19B93E700
:10B9500027002316F4007DBF970700009387C7D602
:10B960009CD48357C40008C008C893E7070823166F
:10B97000F400A2475CC8B24791CF8315E400268546
:10B98000EF00307101C98357C400F19B93E71700A2
:10B990002316F4008357C4003369F90023162401E9
:10B9A00041B793878186AA8588436F00F00293F59B
:10B9B000F50F2A966314C500014582808347050070
:10B9C000E38DB7FE0505FDB763F3A504B386C50097
:10B9D000637FD5029345F6FF8147FD176393F5001A
:10B9E00082803387F600034807003387C7002A9711
:10B9F00023000701DDB73387F500834607003307CF
:10BA0000F50085072300D700E317F6FE8280814703
:10BA1000E5BF5C51411122C44AC006C626C22A8431
:10BA20002E8989EF4145EFF0DFF748D0232205004A
:10BA30002324050023200500232605004450DC4470
:10BA400095C75850931729005847BA9788431DED5A
:10BA50008544B3942401138654000A068545228543
:10BA60006D2511CD2322250104C51DA0130610024A
:10BA700091452285592D5C50C8C4DC47F9F3014536
:10BA8000B24022449244024941018280184198C345
:10BA90002328050023260500E5B75C51011122CCBF
:10BAA00006CE2A8499EF41452EC6EFF09FEFB245AE
:10BAB00048D0232205002324050023200500232647
:10BAC000050091C95450DC4113972700DC46BA9712
:10BAD000984398C18CC3F2406244056182807971B9
:10BAE0004ECEAA89416522D426D22E84844906D618
:10BAF0004AD0D10501487D159C419105050833F7D1
:10BB0000A7003307C702C183B387C702369793568E
:10BB10000701698FB69793D60701C207BA9723AE7C
:10BB2000F5FEE34B98FCA1C21C4463C7F4024C40F1
:10BB30004E8536C68505EFF0DFED10489305C4004D
:10BB40002A8909060A063105EFD01FAEA2854E8567
:10BB5000EFF0BFF4B2464A84938744008A07A29765
:10BB6000D4C3850404C82285B25022549254025989
:10BB7000F249456182804177698FAA87014519E3BF
:10BB8000C2074145370700FF7D8F19E32105A20752
:10BB9000370700F07D8F19E311059207370700C0C2
:10BBA0007D8F19E309058A0763C9070013971700FA
:10BBB0000505634407001305000282801C4113F74A
:10BBC00077000DC393F61700014799E613F7270096
:10BBD00011C785831CC105473A85828089831CC1B2
:10BBE0000947DDBF93960701C182014799E2C183EE
:10BBF000414793F6F70F99E22107A18393F6F700E7
:10BC000099E21107918393F6370099E20907898336
:10BC100093F6170081E68583050799C31CC16DBFA4
:10BC20001307000255BF411122C42E84854506C664
:10BC3000EFF03FDE40C9B2402244054718C9410138
:10BC4000828098491C4A797126D206D622D44AD0DD
:10BC50004ECEAE846354F700B2842E8683A90401CD
:10BC6000032906019C44CC403384290163D3870017
:10BC7000850532C6EFF0FFD932461308450113138C
:10BC800024004293C28763ED670293854401939831
:10BC900029005106131E2900C166AE98329EFD167A
:10BCA0006364C60363568000711383270300F1CBDE
:10BCB00000C9B250225492540259F249456182801F
:10BCC00023A007009107C1B7832F0600B3FFDF0051
:10BCD000638A0F04428FAE82814403A7020083234C
:10BCE0000F00110FB37ED700B38EFE03B3F7D3005E
:10BCF00093D303019102BE9E93570701B387F703C5
:10BD0000A69E13D70E01B3FEDE009E97BA9793D47A
:10BD10000701C207B3E7D701232EFFFEE3EF12FBB3
:10BD200023209F0083522600638A02048327080091
:10BD3000C28E2E8F814F03270F0083D32E00F58FE5
:10BD4000758F33075702910E110F1E977E97931F21
:10BD50000701B3E7FF0023AEFEFE8357EFFF83AF7B
:10BD60000E004183B3875702B3FFDF00FE97BA97F7
:10BD700093DF0701E3611FFD23A0FE0011061108F8
:10BD800005B77D1405B7011126CA4AC84EC606CEAE
:10BD900022CC52C4937736002A89B284AE8989CFE7
:10BDA000FD17175700001307E7F68A07BA97904365
:10BDB0008146EFF0DFD2AA898984A5CC8327490286
:10BDC00091EF4145EFF0FFBD2322A9022322050098
:10BDD000232405002320050023260500032A490209
:10BDE00003248A0019E8930510274A85EFF0BFE382
:10BDF0002324AA002A842320050093F7140081CF6E
:10BE0000CE8522864A85EFF0DFE32A8ACE854A85F1
:10BE1000EFF0BFC8D289858489CC084009E9228621
:10BE2000A2854A85EFF0FFE108C0232005002A849F
:10BE3000E9B7F24062444E85D2444249B249224AAF
:10BE400005618280797126D2AE844ECE83A9040129
:10BE500022D4CC41135456409C44A2994AD056CA8D
:10BE600006D652CCAA8A1389190063C427095685BD
:10BE700032C6EFF01FBA3246930745012A8ABE86C2
:10BE800001479106634A87066353040001449448BE
:10BE90000A04338787008A06938744017D8ABE9609
:10BEA00025C2130800023308C840814588431107A2
:10BEB00091073315C500C98D232EB7FE83A5C7FF93
:10BEC000B3D50501E3E4D7FE0CC399C1138929005A
:10BED0007D1923282A015685A685EFF01FBCB25094
:10BEE0002254528592540259F249624AD24A45611B
:10BEF00082808505860795BF23AE06FE050751B7EC
:10BF0000910703A6C7FF1107232EC7FEE3EAD7FE5A
:10BF1000C1B71C499849998F8DE30A075105D1058E
:10BF2000B306E500BA95F116F11590429841630801
:10BF3000E600FD576363E60085473E858280E36443
:10BF4000D5FEE5BF011126CAAE844EC6B285AA89C8
:10BF5000268522CC06CE4AC83284EFF09FFB05E14D
:10BF600081454E85EFF0FFAA85471CC9232A0500AD
:10BF7000F2406244D2444249B24905618280054997
:10BF800063460500A28701492684BE844C404E8545
:10BF9000EFF03FA80323040183A804011306440122
:10BFA000131E2300138844018A08C16E232625012D
:10BFB000329EC29893064501014FFD1E1842832F01
:10BFC00008009106B375D701B3F7DF01FA959D8D8F
:10BFD00093DF0F0193570701B387F74113D705414B
:10BFE000BA9713DF0741B3F5D501C207CD8F11080A
:10BFF00023AEF6FE1106E36318FDC165FD15636807
:10C00000C601F1169C4295C72328650095B71C42CE
:10C010009106110633F7B7007A9713580741C18389
:10C02000C29713DF07416D8FC207D98F23AEF6FE8B
:10C03000F9B77D13F9B7797122D42E84854526D2BC
:10C040004AD0B2844ECE52CC3A8906D6368AEFF028
:10C050005F9C370710009307F7FFE58FD18093F4BB
:10C06000F47FAA89B5E03EC62DC4280022C4EFF0B3
:10C07000FFB4A24621CD324793070002898FB31740
:10C08000F700D58F3357A70023AAF9003AC63244E8
:10C0900023AC890033348000050423A88900B9C487
:10C0A0009384D4BCAA949307500323209A00338529
:10C0B000A7402320A900B25022544E859254025921
:10C0C000F249624A45618280D98F71BF23AAD900A3
:10C0D0007DBF6800EFF09FAEB2471305050205442F
:10C0E00023AAF900854723A8F90055BF9317240018
:10C0F0001305E5BCCE972320AA00884B1604EFF069
:10C100009FA7098C232089007DB73386C5020111C2
:10C1100022CC06CEB28532C6C1202A8409C5324659
:10C120008145EF404EC22285F24062440561828023
:10C13000DDC183A7C5FF411122C406C626C21384F0
:10C14000C5FF63D307003E94AA84EF00607E938707
:10C1500001CB9C4381EF2322040023A881CA2244FF
:10C16000B2402685924441016F00A07C637EF400BA
:10C1700014403307D4006396E7009843DC433697B6
:10C1800018C05CC0D9BFBA87D84319C3E37DE4FEA9
:10C1900094433386D700631F86001040B29694C341
:10C1A0003386D700E31DC7FA10435843B29694C3B1
:10C1B000D8C375B76375C400B1479CC04DB7104074
:10C1C000B306C4006316D70014435843B29614C094
:10C1D00058C0C0C369B78280011126CA9384350054
:10C1E000F19806CE22CC4AC84EC6A104B14763F2EC
:10C1F000F404B14463E1B4042A89EF0060739387C7
:10C2000001CB98433A8431E0938741CB9C4391E73B
:10C2100081454A85A12923AAA1CAA6854A85B921B3
:10C22000FD5963173507B1472320F9004A851127C7
:10C2300029A0E3D104FCB1471CC10145F24062448E
:10C24000D2444249B249056182801C40858F63CE49
:10C250000702AD4663F6F6001CC03E9404C031A050
:10C260005C406312870223A8F1CA4A85D9251305C9
:10C27000B4009307440061993307F54061D33A94C1
:10C28000898F1CC065BF5CC3CDB722874040A5BF66
:10C29000130435007198E30385FCB305A4404A8577
:10C2A000F126E31D35FB41B781E5B2856FF0DFF282
:10C2B000011122CC06CE26CA4AC84EC6328401EEEF
:10C2C000EFF01FE70149F24062444A85D2444249F7
:10C2D000B24905618280AE84AA89A92D2689E374BA
:10C2E00085FEA2854E85EFF03FEF2A8969DDA685A0
:10C2F0002286EFD06FB3A6854E85EFF07FE3E1B7DE
:10C3000001114AC803A9850022CC52C45AC006CEE6
:10C3100026CA4EC656C22E84328B368A63EE260952
:10C3200083D7C50013F7074851C704408C495848C4
:10C33000AA8AB389B4408D44B384E4020947B3C4E4
:10C34000E402138716004E9763F3E400BA8493F770
:10C350000740D9C3A6855685EFF01FE82A890DE569
:10C36000B14723A0FA008357C4007D5593E7070423
:10C370002316F400F2406244D2444249B249224AB0
:10C38000924A024B056182800C484E86EFD0CFA9BD
:10C390008357C40093F7F7B793E707082316F40011
:10C3A0002328240144C84E99B38434412320240116
:10C3B00004C4528963732A01528908404A86DA8587
:10C3C000EFF08FE01C440145B38727411CC41C409B
:10C3D0003E992320240179BF26865685EFF0DFECB5
:10C3E0002A895DFD0C485685EFF09FD495BF83D711
:10C3F000C500717126D34AD14ECF06D722D552CD72
:10C4000056CB5AC95EC762C566C393F70708AA89A7
:10C410002E89B284B9C39C49A9E39305000436C6AA
:10C42000EFF09FDB2320A9002328A900B24615E1E5
:10C43000B14723A0F9007D55BA502A549A540A599D
:10C44000FA496A4ADA4A4A4BBA4B2A4C9A4C4D612D
:10C45000828093070004232AF90093070002A30CAB
:10C46000F1029307000302DA230DF10236CE930B9B
:10C470005002974A0000938A6A6A054C294B268429
:10C480008347040099C3639D7709B30C9440638E7E
:10C490000C00E6862686CA854E85EFF07FE6FD57BE
:10C4A0006302F51AD256E69636DA83470400638BA8
:10C4B0000718FD579304140002D002D63ED202D4CE
:10C4C000A301010682DC83C5040015465685EFF002
:10C4D0000FCE13841400825731E513F7070109C703
:10C4E00013070002A301E10613F7870009C713072A
:10C4F000B002A301E10683C604001307A002638B08
:10C50000E602B25726848146254603470400930578
:10C510001400130707FD6374E6068DC63ED61DA002
:10C520000504B9BF330555413315AC00C98F3ED062
:10C53000A28451BF724793064700184336CE634921
:10C5400007023AD6034704009307E002631FF7048B
:10C55000034714009307A002631BF702F247090484
:10C56000138747009C433ACE63C107023ED235A8E9
:10C570003307E04093E727003AD63ED0E1B7B387D0
:10C58000670385462E84BA9749B7FD57C5B705049A
:10C5900002D28146814725460347040093051400D3
:10C5A000130707FD6378E606F1F2834504000D46A4
:10C5B0001745000013050557EFF06FBF11CD9747E2
:10C5C0000000938727561D8D93070004B397A7009B
:10C5D000025505045D8D2AD0834504001946174590
:10C5E00000001305655493041400230CB102EFF00E
:10C5F0000FBC35C197D7FFFF9387E75695E70257E2
:10C60000F2471377071009CF91073ECED257D29742
:10C610003EDAB5B5B387670385462E84BA97ADBFBA
:10C620009D07E19BA107D5B7780897060000938680
:10C6300066CD4A860C104E85EFD0AFD2FD572A8AC0
:10C64000E316F5FC8357C9007D5593F70704E3957E
:10C6500007DE5255D5B3780897060000938686CA40
:10C660004A860C104E85EFD0DFACC9BF411122C401
:10C670002A842E859757FF1F23AC075806C6EF3034
:10C680009FE1FD576319F5009757FF1F93874758A0
:10C690009C4391C31CC0B240224441018280FD47AB
:10C6A00063F6B700D9471CC17D5582807C410111DA
:10C6B00022CC06CE2E862A8491C713972500BA97DE
:10C6C000984319EB228532C69D28AA8522856244AB
:10C6D0003246F24005611DA8854601456308D70032
:10C6E000FD566319D700D9471CC00545F240624486
:10C6F000056182802E8523A0070002970145FDB7C2
:10C7000093878186AA8588436FF07FF9411122C4FF
:10C710002A842E85B2859757FF1F23AB074E06C686
:10C720007523FD576319F5009757FF1F9387474EF1
:10C730009C4391C31CC0B240224441018280BDA3EE
:10C74000411122C42E848395E50006C6F52A63496B
:10C7500005007C48AA977CC8B240224441018280EF
:10C760008357C4007D777D17F98F2316F400EDB74A
:10C7700083D7C500011122CC26CA4AC84EC606CEB0
:10C7800093F70710AA842E843289B68991C78395BE
:10C79000E5008946014635228357C4007D777D1721
:10C7A000F98F2316F4008315E4006244F240CE862C
:10C7B0004A86B24942492685D24405613DA84111C5
:10C7C00022C42E848395E50006C6E528FD5703574D
:10C7D000C400631BF500FD77FD17F98F2316F400E5
:10C7E000B2402244410182808567D98F2316F4002C
:10C7F00068C8FDB78395E50025A8411122C42A84A5
:10C800002E85B28536869757FF1F23A3074006C69D
:10C81000EF309FC4FD576319F5009757FF1F9387AB
:10C82000273F9C4391C31CC0B240224441018280F7
:10C83000411122C42A842E859757FF1F23AA073C43
:10C8400006C6A921FD576319F5009757FF1F938767
:10C85000273C9C4391C31CC0B240224441018280CA
:10C86000411122C42A842E85B2859757FF1F23A128
:10C87000073A06C62521FD576319F5009757FF1F94
:10C88000938707399C4391C31CC0B24022444101A5
:10C890008280411122C42A842E859757FF1F23A925
:10C8A000073606C62129FD576319F5009757FF1F64
:10C8B000938707369C4391C31CC0B2402244410178
:10C8C0008280411122C42A842E85B28536869757EC
:10C8D000FF1F23AF073206C61121FD576319F5006C
:10C8E0009757FF1F9387C7329C4391C31CC0B24028
:10C8F00022444101828085E141116C00014511CA49
:10C90000795581CA834706009CC10345060033352B
:10C91000A00041018280014519CA795589CA83471F
:10C9200006009CC1034506003335A000828082804A
:10C930008280828083A7C5FF1385C7FF63D5070068
:10C94000AA959C413E958280411122C42A842E855D
:10C95000B28536869757FF1F23AC072A06C679266D
:10C96000FD576319F5009757FF1F9387672A9C436C
:10C9700091C31CC0B24022444101828091CD9307F3
:10C98000F00F63F7C7009307A0081CC17D55828094
:10C990002380C500054582800145828013D745016B
:10C9A000B7071000FD1713D846011377F77F9308D8
:10C9B000F07F33FEB700AA8EF58FFD81328F13789A
:10C9C000F87FFD82630B17010543630618016314AA
:10C9D0000701630DFE001A858280B368AE0005432F
:10C9E000E39B08FEE319E8FED18FF5F70543E394D6
:10C9F000EEFF0143E381D5FE054371FF3365AE00D1
:10CA00003333A000C9BF93D74501B7061000138781
:10CA1000F6FF93F7F77F1306E03F6D8FFD81635CB0
:10CA2000F6001306D041635AF6003705008013451F
:10CA3000F5FF2E95828001458280130630431D8EBE
:10CA40007D48558F635DC80093063041B387F6403B
:10CA5000B357F7003305F040E5F13E8582809387B8
:10CA6000D7BEB317F7003355C500C98FE5B7032804
:10CA7000C500184154410C4521659307F5FF135635
:10CA80000801139E35007D8E9358D70193D7D601A8
:10CA9000131308018E064111B3E7C701B3E616016F
:10CAA00013530301131E3700930816007915F581FF
:10CAB0000E033EC436C272C033F5A8001358F80105
:10CAC000B3E5650005C97177130707403A96130768
:10CAD000E07F635DC7041306F07F0147814732079B
:10CAE000520631837E08518F336707013E85BA8530
:10CAF00041018280D58FCD8FB3E7C70105E2F1CB2D
:10CB00008147954693D53600139797009396D701A2
:10CB1000B3E7B60031831376F67FD1B7CDDF014896
:10CB20001306F07F37070800814755BF6346C00AE8
:10CB30009307C0FC634FF60E9307D0033386C740BC
:10CB40009357564037070800D98D139527000A8759
:10CB500081462EC6B308A10011077D8AB3E6C6013F
:10CB600063091701032E07001107B3E6C601E31B93
:10CB700017FF0D471D8F79CA93080101AA9883A852
:10CB800008FF130E0002330ECE40B398C801B3E67F
:10CB9000160175CB0A070A95B30EE1008A880C418D
:10CBA000032345009108B3D5C5003313C301B3E592
:10CBB000650023AEB8FE1105E3931EFF9145B387D0
:10CBC000F540B24508082A97B3D5C5002328B7FE1B
:10CBD00061A80146014721B7139746001395470006
:10CBE0003367C701F182F18392053337E000C98EC4
:10CBF000CD8FD98E13F7760011C713F7F600914544
:10CC0000631CB702370780007D8FE30D07EE050632
:10CC10001307F07FE301E6EC370780FF7D177D8F78
:10CC20009317D7018D8226071376F67FD58F318330
:10CC30007DB585468147014613B7C6FF13471700E8
:10CC4000BA973707800091067D8FC1B78A85B38870
:10CC5000A50083A808009105050623AE15FFE3583B
:10CC6000C7FE1147B307F7408A078A97180823A021
:10CC700007009107E39DE7FE0247B336D0009247D5
:10CC8000D98E014685BF854701472DBF9307800593
:10CC90001757FF1F232EF7F67D55828093078005D7
:10CCA0001757FF1F2326F7F67D55828093078005CF
:10CCB0001757FF1F232EF7F47D55828093078005B9
:10CCC0001757FF1F2326F7F401458280930780053D
:10CCD0001757FF1F232EF7F27D558280930780059B
:10CCE0001757FF1F2326F7F27D5582809307800593
:10CCF0001757FF1F232EF7F07D55828001A00000FB
:10CD0000650003020304030504060D00FE09FE0A84
:10CD1000FF015F02C404032005006E072107494399
:10CD2000C7210922079B5A476209230E3D464F2916
:10CD30004906A53228A52401240F4D425736285113
:10CD4000926D49940C5A04250D4D424FA474CC8A1F
:10CD5000498B9400260E45424F9644495689A22994
:10CD600052022706195BC700280BDB3E57122551DC
:10CD7000B7280B290CDB3E47166551972889002AF6
:10CD80000A2D5257A5B23445002B0A2D4A57180DCB
:10CD90005218012C079B3E8F52022D060D52C720C0
:10CDA0002E089B3E4FB224002F0B4D42672DCC8A9C
:10CDB000591802300B4D425796D4BC25B508310B9B
:10CDC0004D42572625614F8300320B4D42CF926969
:10CDD00061D67110330C4D42C72066B535D492052B
:10CDE000340F4D425F984949949492410B1300359A
:10CDF0000C4D42C7B1620A432D5900360D4D42CF4A
:10CE00009289E19064B66401370C4D42C720666197
:10CE10001666610D380D4D42CF92D99225B3250B80
:10CE200000390D4D42CF92D992210CB564013A0BD5
:10CE3000C33E4FB2E448B224003B0AC33E4FB2E4C3
:10CE40008852023C084D4267D6B5033D09254AC7C2
:10CE5000A06383003E094D4247DAAD23003F0C4DED
:10CE600042CF92696156CCA108400D4D42CF9299B4
:10CE70009644492CE910410C4D425796D46CC3900E
:10CE8000D90242104D42C71055A2244AA64A9444E2
:10CE90008302430B4D42CF9289BD250B0044124DB6
:10CEA00042C71055A2244AA2244AA2241A140045BB
:10CEB0000B4D42C7B13824617110460B4D42C7B1CA
:10CEC0003824612300470C4D42CF92894D9B962C0C
:10CED00000480B4D4247E6360C995B004908CB42AF
:10CEE000C712F5654A0B4D42D716F6124512004B94
:10CEF0000D4D4247664A4A5A1255322D4C094D4251
:10CF000047D88F83004D0D4D4247A62D4BA2249A42
:10CF10005B004E0D4D4247364D4AA224D24D0B4F79
:10CF20000A4D42CF92F92D5900500C4D42C79064E2
:10CF3000B641091B01510A553ECF92F9A5B20652DE
:10CF40000D4D42C79064B6412955322D530C4D42C8
:10CF5000CF9289E91A6AC90254094D42C72085FD5A
:10CF60000455094D4247E66FC902560D4D4247E64A
:10CF700096949228C9C208570D4D4247E625511292
:10CF80002551BA00580E4D4247A625A524AB444969
:10CF90004D0B590C4D4247A625A5240B3B015A0CBD
:10CFA0004D42C720666156CCC2415B09DB3EC710CB
:10CFB000F5A7015C0B4D4247988669310D035D0969
:10CFC000DB3EC7D49F86005E081D5A5796D4025F89
:10CFD000060D3EC720600612634714610B3542CF31
:10CFE0009A0C9AA42801620C4D4247581C92CC6DB1
:10CFF0005000630A3542CF9289B56401640B4D42FB
:10D0000067CBA0B9254300650C3542CF920D4398FC
:10D01000250B00660C4D42975409B3210ADB0067CB
:10D020000C453ACF92D99221D49205680A4D4247D5
:10D03000D862D2DC026908C3424F2875196A0B54C2
:10D040003A5FACB54952A2006B0D4D4247D894945B
:10D05000B424AA64016C08CB4287D42F036D0D352C
:10D060004287D2A2244AA2245A006E09354247625E
:10D07000D2DC026F0A3542CF92B9250B00700C4505
:10D080003AC79064B641098B00710A453ACFA0D9DE
:10D0900092216C720935424762121B01730C3542B2
:10D0A000CF92256A92250B00740C45424F980D5182
:10D0B000D81429007509354247E6495102760B35E7
:10D0C0004247664B4A491601770B354247664994F9
:10D0D00044E902780B35424796D4C22CA905790C55
:10D0E000453A47E6A428A1962C007A093542C7A004
:10D0F000751C047B0B5D3E9F1436A961AB007C065A
:10D100004943C7037D0B5D3E871AB64A6193067E8D
:10D11000091D5A4FA4245202000000080464055B54
:10D12000FFFF04000E55424F9A0F63382461380800
:10D1300004010F55424F298987311C92301C040489
:10D1400002135D3AC72085A19644499444499484CA
:10D15000590204030C5542579623C326760404044F
:10D160000D4D42D79285E19084693A04050D4D42F8
:10D17000CF9289E91A6AC902040609CB42C712F59F
:10D180006504070D55424F29890729EC3408040826
:10D190000C4D42D716F6124512000409124D428F6B
:10D1A00094444994448952511225B100040A134D04
:10D1B00042471225511225D190549444492C000421
:10D1C0000B114D42C72085A19644499444499404CB
:10D1D000040C0F5D425F293325252D892A991604F9
:10D1E0000D0D55424F9A67D22599262D040E0E55E6
:10D1F000424796CC992D19C2CA02040F0C5D3A47DA
:10D20000E66FC314460004100D4D425796D46CC30C
:10D2100090D90204110E4D42C79084C521C96C8378
:10D220000204120E4D42C79064B641C96C830204D9
:10D23000130A4D42C74DEC2300041413553E979436
:10D2400044499444499444499424C31604150C4D0C
:10D2500042C7B138246171100416114D424792281B
:10D260008952D9B2A5A2244A0104170D4D42CF928A
:10D27000852535D4920504180E4D424766BA244AD6
:10D28000324D5A0004190E55424796CC997449A65E
:10D29000490B041A0E4D4247664A4A5A1255322D1E
:10D2A000041B114D42D7122551122551122591A66A
:10D2B00005041C0E4D4247B60CC9922889E6160497
:10D2C0001D0C4D4247E6360C995B00041E0B4D4287
:10D2D000CF92F92D5900041F094D42C7CDDF02043A
:10D2E000200D4D42C790646E8312160104210C4D2F
:10D2F00042CF9289BD250B0004220A4D42C72085EA
:10D30000FD0404230D4D4247E62D19422D5900041A
:10D3100024104D4257B65494444994CA164600040A
:10D32000250F4D4247A625A524AB44494D0B0426A5
:10D33000145D3A479444499444499444499444C9F7
:10D34000201604270B4D4247E6960C61070428136C
:10D350004D42479228899228899228899228C9307B
:10D360000429145D3A479228899228899228899243
:10D3700028C93016042A0E4D4287D83855A2244AAF
:10D380001600042B0C4D4247661B12E98312042C35
:10D390000D4D4247D83824996D5000042D0D4D4253
:10D3A000C75A4C86B0964C00042E134D42479454F5
:10D3B000944449864449944449A404042F0E4D42A0
:10D3C000CFA0D992214A4A9A1604300C3542CF9AFE
:10D3D0000C9AA4280104310E4D4267B2844392B9DD
:10D3E000250B0004320D3542C79064839269830295
:10D3F0000433093542C74D6C0404340F3D3E979405
:10D400004449944449326C0104350D3542CF920DA4
:10D410004398250B0004360D35424792289569A99B
:10D42000280504370C3542CF9245AA962C000438C3
:10D430000B354247665A92490B04390D4D424796C7
:10D44000CC996949262D043A0C35424726255325A7
:10D45000D302043B0D3542D71225511225911604F3
:10D460003C0D354247B62C8992685A00043D0B3575
:10D470004247A60D43660B043E0B3542CF92B925B9
:10D480000B00043F093542C7CD5B0004400D453A0F
:10D49000C79064B641098B0004410B3542CF928995
:10D4A000B5640104420A3542C7A514360104430D90
:10D4B000453A47E6A428A1962C00044411553A5752
:10D4C000982D15255112A5B285110004450B354242
:10D4D0004796D42A352D044610453A47944449943A
:10D4E0004449940C620104470B354247664B86B0B1
:10D4F0000004480F354247922889922889920C03EC
:10D50000044910453A47922889922889920C630170
:10D51000044A0C354287184E95285900044B0C35A7
:10D520004247A60D89745002044C0D354247180E2F
:10D5300049A60D0A00044D0C3542C79046633828B1
:10D5400000044E0F354247945494644894444A0072
:10D55000044F0D3542CFA069C990445A0004500FC2
:10D560004D424F9A234B360C61962C0004510F4DBF
:10D57000424F29C9976C18C22C59000452135D3AC6
:10D580004FB68549A4949228899228CC120004535E
:10D590000C4D42579623C326360204540B3542CF16
:10D5A000204E613A0404550D3542CF92256A9225EA
:10D5B0000B00045609C3424F28751904570C4D42FD
:10D5C0004F29C9C54E830004580C543A5FACB54985
:10D5D00052A20004590E35428F9444895251120BC5
:10D5E00000045A0E3542471225D1905494C40204C7
:10D5F0005B104D424FB68549A49492288992280425
:10D600005C0E4D4257962399944C954C0B045D0D3E
:10D610004D424F9A67A62599B400045E0F5D3A47C4
:10D6200096CC9993A2845AB200045F0B453A47E620
:10D630006D98C20804600E4D424F9B4BA2244AA233
:10D64000740104610C35424F9B922889D205046213
:10D65000104D424F3644613855A2244A16000463E7
:10D660000D45424F986DE1548992050464124D4274
:10D6700047B444499444C312255112450204650D30
:10D68000354247B444C3122551240466114D425714
:10D69000982551122535255112A50004670D3542F4
:10D6A000579644494D4994020468124D42479444A8
:10D6B000499424C365488664480604690E35424788
:10D6C0009444C9B00CC9900C046A104D42C72D296E
:10D6D00025D152511225510A046B0D3542C7A09431
:10D6E0009268A92805046C114E4247B2F42F439466
:10D6F0002C4AB2244B01046D0E35424732248994E2
:10D700000CCB900C046E10653A4F14E94B16466A28
:10D71000982CE902046F105D3A4F14E94B16A96189
:10D72000B2A40B000470114D4247922889922889B7
:10D7300052D9C21200047110453A479228899228A2
:10D740008952D9C20804720E4D42CF92D98621B3B4
:10D75000250B0004730CB4428F120D93942800041F
:10D7600074114D42473425511255A2244AB2300259
:10D7700004750D354247342551254AB20804761107
:10D7800056424794457934446D4996846906047736
:10D790000F4D4247D41A4D495489922C02047815F2
:10D7A0005D3A4F964449940CC9900CC9902C8998C5
:10D7B0002500047910453A4F72488664489644CC57
:10D7C0001200047A0D5D3E57B654345F2A5B0404A0
:10D7D0007B0D453E57B654344B658B00047C125D7F
:10D7E000428F14293AD2A6244AA2244A1700047D63
:10D7F0001055428F14293AD2A6244AA27401047EFD
:10D80000105542C7A59CD49444499444E902047F2E
:10D810000F4D42C7A59CD4944449942E0004800C1B
:10D820005D3ACF9219BB8E150004810B3D3ECF921D
:10D8300089E9580104820D354A5792258954C992C5
:10D84000080483091E62EF30A8000484081662CF22
:10D8500094090485081562CF22050486081562CF55
:10D8600012090488106E3A4F98E46192730B933C4E
:10D870004C0204890E6E3A4F184EA9CE2D0CA754B7
:10D88000048A10653A4796CC997449A6492B26001C
:10D89000048B0F5D3A4796CC99694926AD980004F0
:10D8A0008C0F4D424F986DE1548992285900048D98
:10D8B0000D3D424FB68553254A1600048E0E4D424B
:10D8C000C790642EC9A0646208048F0E453AC790C1
:10D8D0006496645032310404900A5542E73084FD66
:10D8E0000804910A3D42E730841D0104920E4D4226
:10D8F000CF904449986D611B0004930C3542CF9042
:10D90000444316D60004940C553EC7B13824995BA5
:10D910000504950B3D3EC77148325B0504960E5ECB
:10D920003A47D29FC6704AFA452D04970D463A47AA
:10D93000D2D336255DD40204980E5D3ACF92852568
:10D9400035D492AD0604990D453ACF9245AA966C0E
:10D950003500049A125D3A479444492989B424AAAF
:10D9600044492416049B0E453A479494B424AA448F
:10D970006201049C104D4247A62496D294448952D9
:10D98000D102049D0D3542479258A644A96801046E
:10D990009E0F4D424F34244D9A2D892A5100049FE9
:10D9A0000F4D424F986D5152D292A8120504A00F0C
:10D9B0004D428794444949B32551250A04A10D35A8
:10D9C00042879494B424AA440104A2145D3A479473
:10D9D00044499444C9904449944449241604A310EA
:10D9E000453A479444C99044499444620104A413BD
:10D9F0004D42473224511225D1944449944449045C
:10DA000004A50F3542473224D1944449944400047C
:10DA1000A6145D3AC7944449944489525112255141
:10DA20008A590204A710453AC7944489525112A555
:10DA300098250004A810553ECF928951525112A545
:10DA4000B2A50204A90C3D3ECF124649CB960A046A
:10DA5000AA0D5D3ACF9289BD255B9A0004AB0D45B6
:10DA60003ACF9289B5644B130004AC0C5D3AC720E1
:10DA7000857D142B0004AD0C453AC7A51416C50AC4
:10DA80000004AE0D4D4247A625A5240B3B0104AF73
:10DA90000D453A47A625A5240B9B0004B00F4D4227
:10DAA00047A625A5248B06292C0104B10F453A472A
:10DAB000A625A5248B06298C0004B2135E3A47964E
:10DAC0006451922561254BA22CC9D40204B30E46A1
:10DAD0003A4716256125CA924C2D04B4145D3AC705
:10DAE000524AA2244AA2244AA2244A86B00004B57B
:10DAF0000F453AC7524AA2244AA264080B04B61141
:10DB00005D3A47944449944449148D45B10004B7A3
:10DB10000D453A47944449148DA15804B80F4D421D
:10DB200047E6922895214AA2240C04B90C354247B5
:10DB300066A90C51120604BA0C4D4247581C92CCEF
:10DB40005B0004BB0B4C4247D6B6444E0104BC0FED
:10DB50004D42975489926858C252A40004BD0D35B5
:10DB60004297140D4B18450A0004BE115D3A9754B4
:10DB700089926858C252A4A5090004BF0E453A977D
:10DB8000140D4B18455A9A0004C009CB42C712F530
:10DB90006504C1125D424796CC49A2244A655A2ABF
:10DBA0004AA21404C20F4D424796CC49A254A6A5DE
:10DBB000A21404C3115D3A47664A4A5A1255322DDF
:10DBC0008C140004C40E453A4726255325D3C24879
:10DBD0000104C5135D3AD712255112255112259122
:10DBE000A615130004C60F453AD7122551122591E8
:10DBF000564C0004C70E5D3A47E6360C995B18296F
:10DC00000004C80D453A47A60D43660B230504C919
:10DC10000D5D3A47E6360C995B310104CA0D453A71
:10DC200047A60D43662B260004CB0E5D3A47E62D32
:10DC300019C29A16260004CC0D453A47664B863029
:10DC4000D3C20404CD105D3A47B60CC9922889E6C8
:10DC5000564C0004CE0E453A47B62C8992685A318C
:10DC60000104D01055424796EC4896D4B461C8B42C
:10DC70000004D10E4D424796EC6B326892A2040428
:10DC8000D21055424F29C9912CA969C3906901044A
:10DC9000D30E4D424F29C9D764D024450904D4126C
:10DCA0004D424FB244499444893225511225030410
:10DCB000D50C3542CF96244B29E90204D60F5542A4
:10DCC0004796CCC3180E49180E0204D70F4D424791
:10DCD00096EC4B360C61962C0004D80E4D42CF9238
:10DCE00085E13064B6640104D90D3542CF9285C315
:10DCF00090250B0004DA1055424F29C9972C1C8639
:10DD00004C4B160004DB0F4D424F29C9972C1C8643
:10DD10002C590004DC1055424F29899344A96CD931
:10DD200052510A04DD0F4D424F29899344A94C4BAF
:10DD3000452904DE0F55424F29C9972C8C542D5983
:10DD40000004DF0E4D424F29C9972C52B5640104DF
:10DD5000E00D4D42C72066B535D4920504E10D456E
:10DD60003AC7A0D5D6504B160004E20D4D42C7A0CD
:10DD700066D22599262D04E30D4542C7A066A62547
:10DD800099B40004E40E55424F298933E9924C932B
:10DD90001604E50E4D424F298933D3924C5A0004A4
:10DDA000E60D55424F29C997CC5BB20004E70D4DF3
:10DDB000424F29C997CC2D590004E80F4D42CF920C
:10DDC0006943A20C992D590004E90D3542CF920DFB
:10DDD000893264C90204EA1055424F29C9976C4838
:10DDE0009421D3920504EB104D424F29C9976C48FA
:10DDF00094214B160004EC0E55424F2989D7CA10C6
:10DE000066C90404ED0E4D424F298987341AC34177
:10DE10000104EE0E4D42C7A066264509B564010413
:10DE2000EF0E553AC7A0664E8A126AC90204F00F77
:10DE300055424F29893393A2845AB20004F10F5DF1
:10DE40003A4F298933274509B5640104F20F554239
:10DE50004F24C5994951422D590004F30F5D3A4FA3
:10DE600024C59993A2845AB20004F40D55424F2957
:10DE700089335B32840D04F50D4D424F2989335BA4
:10DE800032840504F80E55424F2989336D48A407A2
:10DE90002504F90E4D424F2989336D48A48312059C
:10DEA000000C4D4267CBA0B925430005010BCC42C5
:10DEB0005FCB103925030502104D42575893922825
:10DEC000499444A92C0005030E4D4257D8262551EC
:10DED0009228950505040E4D424F96846D51254AB2
:10DEE000B20405050C3542871A6651254B0005061C
:10DEF0000C5D3A8F546C52C36A1805070C453AC73B
:10DF00001A466A9886010508134D428F9444499435
:10DF1000444994244AA224520205090F35428F94A1
:10DF2000444994244A222500050A134D42471225EC
:10DF3000511225D194244AA2245202050B0F3542D6
:10DF4000471225D194244A222500050C0D4D42CFBD
:10DF500092894D9B962C00050D0C3542CF9289D1AC
:10DF6000962C00050E0E4D42C720855DA2244AB2B4
:10DF700004050F0D3542C720859528C91200000001
:10DF8000D00F00004E100000DA0F00006A120000EF
:10DF90005012000050120000621200006A120000CD
:10DFA0006A1200000001641401060C4B00093D00D8
:10DFB0000004C8FA100800008000400047494E5491
:10DFC0005F535441545F554E52454143480D000044
:10DFD00047494E545F535441545F49505F434F4E3D
:10DFE000464C490D00000000504859204C696E6BAA
:10DFF00020537563636573730D00000000C1814099
:10E0000001C0804101C0804100C1814001C0804108
:10E0100000C1814000C1814001C0804101C08041F8
:10E0200000C1814000C1814001C0804100C18140E8
:10E0300001C0804101C0804100C1814001C08041D8
:10E0400000C1814000C1814001C0804100C18140C8
:10E0500001C0804101C0804100C1814000C18140B8
:10E0600001C0804101C0804100C1814001C08041A8
:10E0700000C1814000C1814001C0804101C0804198
:10E0800000C1814000C1814001C0804100C1814088
:10E0900001C0804101C0804100C1814000C1814078
:10E0A00001C0804101C0804100C1814001C0804168
:10E0B00000C1814000C1814001C0804100C1814058
:10E0C00001C0804101C0804100C1814001C0804148
:10E0D00000C1814000C1814001C0804101C0804138
:10E0E00000C1814000C1814001C0804100C1814028
:10E0F00001C0804101C0804100C1814000C0C10118
:10E10000C30302C2C60607C705C5C404CC0C0DCDA7
:10E110000FCFCE0E0ACACB0BC90908C8D81819D917
:10E120001BDBDA1A1EDEDF1FDD1D1CDC14D4D51547
:10E13000D71716D6D21213D311D1D010F03031F137
:10E1400033F3F23236F6F737F53534F43CFCFD3D67
:10E15000FF3F3EFEFA3A3BFB39F9F83828E8E92957
:10E16000EB2B2AEAEE2E2FEF2DEDEC2CE42425E507
:10E1700027E7E62622E2E323E12120E0A06061A177
:10E1800063A3A26266A6A767A56564A46CACAD6D27
:10E19000AF6F6EAEAA6A6BAB69A9A86878B8B97997
:10E1A000BB7B7ABABE7E7FBF7DBDBC7CB47475B5C7
:10E1B00077B7B67672B2B373B17170B050909151B7
:10E1C0009353529296565797559594549C5C5D9DE7
:10E1D0005F9F9E5E5A9A9B5B9959589888484989D7
:10E1E0004B8B8A4A4E8E8F4F8D4D4C8C4484854587
:10E1F000874746868242438341818040654D425233
:10E20000545552656365697665000000784D425249
:10E2100054555265636569766546534D00000000AC
:10E22000784D425254555472616E736D6974465301
:10E230004D000000784D4252545554696D6572543A
:10E2400033354578706972656400000075735263F8
:10E2500076427566666572506F73203C204D425F52
:10E260005345525F5044555F53495A455F4D41589D
:10E27000000000002E2E2F6D6F646275732F727474
:10E28000752F6D627274752E6300000065536E64A5
:10E290005374617465203D3D2053544154455F548F
:10E2A000585F49444C4500002820655263765374FA
:10E2B000617465203D3D2053544154455F52585F81
:10E2C000494E49542029207C7C20282065526376C1
:10E2D0005374617465203D3D2053544154455F5251
:10E2E000585F5243562029207C7C202820655263A9
:10E2F000765374617465203D3D2053544154455F0D
:10E3000052585F4552524F522029000065526376A1
:10E310005374617465203D3D2053544154455F5210
:10E32000585F49444C450000784D425574696C5320
:10E33000657442697473000075634E42697473209A
:10E340003C3D2038000000002E2E2F6D6F6462755A
:10E35000732F66756E6374696F6E732F6D6275745B
:10E36000696C732E63000000504F52542073746127
:10E37000727420696E69740D00000000504F525491
:10E380002044495341424C450D000000504F525427
:10E39000206E6F7420697469740D0000AC26000053
:10E3A000B8260000C2260000CA260000D2260000BF
:10E3B000DA260000E2260000EA260000F22600002D
:10E3C000FA26000002270000AC2E0000AC2E000050
:10E3D000BC2E0000F22E0000FA2E0000FE2E0000DF
:10E3E000022F0000022F00006C2F00008A2F000077
:10E3F000A42F00009E2F0000942F0000AA2F0000E1
:10E400007E2E0000C8310000E0310000F63100002F
:10E4100010320000D0310000D0310000D0310000B7
:10E42000D031000026320000623200007A32000053
:10E43000903200006A320000AA3200006A32000006
:10E44000D4320000E63200006A3200006A32000076
:10E45000BE32000038330000543300007633000031
:10E46000A2330000C63300003234000052340000F2
:10E470004E3300000000000081E4141B7EAED43F48
:10E4800000005CC20000803BABAAAAAAAAAA1E4058
:10E490000000004000008040B4D934E70C684A3FD7
:10E4A0006666666666661A409A9999999999B93F1F
:10E4B0000000000000002440333333333333C33FC4
:10E4C000486172644661756C745F48616E646C6526
:10E4D000720D00006D65706320203A253038780D8C
:10E4E0000A0000006D63617573653A253038780D58
:10E4F0000A00000020202020203A253038780D0A1C
:10E50000000000000A3A00003E3A00005C3A0000B9
:10E510006C3A00007C3A0000000000000020AC4093
:10E52000454550524F4D77746979650D00000000E4
:10E530009A410000B4410000B8410000BC41000015
:10E54000C0410000E0410000F4410000FA41000039
:10E55000FE4100000242000006420000537973743D
:10E56000656D2073746172742025690D0A000000C6
:10E570005E4600007E4700007E470000884700009E
:10E58000A8470000A8470000AE470000D24700009F
:10E59000DC47000056470000624700007647000055
:10E5A0006C4700005C4700007E4700005C470000AD
:10E5B0007E4700007E4700007E4700007E47000047
:10E5C0007E4700007E4700007E4700007E47000037
:10E5D0007E4700007E4700007E4700007E47000027
:10E5E000E24700005C4700002C4600004246000065
:10E5F0002C470000424600002C4700004246000025
:10E600002C4700005C4700005C4700005C470000AE
:10E6100042460000424600004246000042460000DA
:10E6200042460000424600004246000042460000CA
:10E6300042460000424600004246000042460000BA
:10E6400042460000424600004246000042460000AA
:10E650004246000042460000424600004E4700008D
:10E660004248000042460000424800004246000086
:10E67000424800007E4A00007E4A00007E4A0000B8
:10E680007E4A00002C480000604A00003848000024
:10E690002C4800002E4A000042460000A04800001E
:10E6A00042460000A048000042460000A04800008A
:10E6B00042460000A048000042460000A04800007A
:10E6C000424600008A48000042460000A44800007C
:10E6D000484A000042460000C0490000424600008F
:10E6E000C049000042460000C04900004246000008
:10E6F000C049000042460000C049000042460000F8
:10E70000A0480000424600004E490000784A000040
:10E71000784A00007C4A0000784A00000C4A000059
:10E72000784A000042460000B84800004246000017
:10E730000C490000424600000C490000424600001F
:10E740000C490000424600000C490000424600000F
:10E750000C49000042460000B84800004246000054
:10E76000B848000042460000B84800004246000099
:10E770000C490000424600000C49000042460000DF
:10E780000C49000042460000124A000042460000C8
:10E79000A048000042460000A0480000784A00005F
:10E7A000B24C0000E04B0000FA4B0000F44B0000BC
:10E7B000B24C00000800000009000000000000004A
:10E7C0000C0000000B00000001000000030000002E
:10E7D0000400000005000000060000000700000023
:10E7E000020000000A000000D700C800E900EB00AA
:10E7F000EA00E7000501E60004010A0169005B0088
:10E800005B00330033002F002F003B003B0037003C
:10E8100037000000000000000000B600AE00AE00AF
:10E82000B200B200AA00AA00C000C000C400C40028
:10E83000A000A000B800B8006C0068006E006D0079
:10E84000D9006700700070007400740080008000C0
:10E850008400840090009000940094007800780078
:10E8600088008800980098007C007C008C008C0058
:10E870009C009C00B7006A005F005F00A400A40039
:10E880006B0000000000060008000000000000000F
:10E8900000000000000009000A000B000C000D0041
:10E8A00007000F00130014001500160017001800D1
:10E8B00019001A001B001C001D001E0020001F0074
:10E8C0000000000000000100010002000200100032
:10E8D000110012002B002B002700270057005700C3
:10E8E000C800CA0063006500D7000E00D500D6003E
:10E8F00000000000636F6E74726F6C2025690D0A52
:10E90000000000001D0009000A000B000C000100BF
:10E9100002000E000F000D00250026002700000059
:10E92000EC00EE00F000F200F400F600F800FA004F
:10E93000FC00FE0000010201E4000000CB00CD005D
:10E94000C900CF00D1000601D800DA00DC00DE00EB
:10E95000E0000000000020410000000000005940DD
:10E9600000007A449A3F1CC69A3F1C460000C842E9
:10E970000000C8C200401C4500401CC5000000004B
:10E9800033333333F387C3C033333333F387C34075
:10E99000C8550000C4550000C0550000BC5500001B
:10E9A000805500003A570000A2560000D8560000DB
:10E9B000B6560000C0560000F25600000457000092
:10E9C00078580000B0570000CE570000BE57000036
:10E9D000C4570000F6570000185800003E5A0000C7
:10E9E000F25800003C590000165900001A59000066
:10E9F000705900009C590000D65A0000DE5B0000F0
:10EA00000A5B00001A5B0000EE5A0000105B000079
:10EA10004A5B0000725B00008C5C0000A25C00009E
:10EA2000A65C0000AA5C0000AE5C0000EA5C00008E
:10EA3000F45C0000005D00000C5D0000245D00003F
:10EA4000185D0000385D0000425D0000525D00006E
:10EA5000625D0000725D0000265E0000265E000020
:10EA6000885E0000A65E0000B65E0000E05E00006A
:10EA7000EA5E0000065F0000285F00003E5F0000C5
:10EA800020610000186100005C600000725F0000FF
:10EA90005A5F00003A6000002A6100006E600000CA
:10EAA000885F0000CC5F0000C65F0000626000006D
:10EAB000E4640000E4640000E4640000E464000036
:10EAC000E4640000BA650000DA6200004E660000EF
:10EAD000886600003266000088660000DA62000086
:10EAE00088660000886600003266000088660000C4
:10EAF000DA62000088660000886600003266000066
:10EB0000886600006E6300009C63000022640000C1
:10EB1000F0630000566300002463000056640000A8
:10EB20005C62000076640000FA650000FA6500008F
:10EB3000FA650000FA650000E0610000246300004F
:10EB4000B461000012620000B6620000DA620000E8
:10EB5000BA650000FA650000FA6500005E68000012
:10EB600042670000526800001868000078670000E3
:10EB700094670000AE670000C6670000FA660000F8
:10EB800058670000BC6800008C6800007A680000CC
:10EB9000806900000069000000690000346900001D
:10EBA000346900004A6A00007A6A00006C6C000058
:10EBB0005A6D0000506D0000346D00009A6C00002A
:10EBC000D86A00009C6A0000EC6F00009A6C00009C
:10EBD000E26E0000E26E0000D86A0000D86A000011
:10EBE0000A700000B06B0000AE6A00003E6C0000CE
:10EBF000266C0000266C0000F66B0000F66B00002F
:10EC0000026D00009A6C0000E26E0000206B0000B4
:10EC1000446B00007A6F0000B66F0000E26E0000E7
:10EC2000686D0000746E00009E6D0000B26D000003
:10EC3000DE690000A46D0000E26D0000066E0000B9
:10EC4000ECF0010000F1010018F101009CEF01005F
:10EC5000A0EF0100ACEF0100C0EF0100D0EF010018
:10EC6000E8EF0100F8EF010014F0010028EE0100C8
:10EC700030EE010040EE010004000000070000003B
:10EC8000080000000200000028F1010030F101003E
:10EC900038F1010050EE010060EF01009CEE010030
:10ECA000C0EE01003CEF010024F0010028F001005B
:10ECB00040F001005CF0010020040200DCF00100E3
:10ECC000E4F00100AE00B200AA00C000C400A00041
:10ECD00010007000740078007C0011008000840037
:10ECE00088008C0012009000940098009C0067003F
:10ECF0006900680068006C006E006D006A00B80072
:10ED00003B00370033002F00A800A9006B00B600BD
:10ED1000B7001000A4005F005B0000000E00C800F8
:10ED2000CA0063006500000005000100000000004B
:10ED300000000A0013000700060000001B000A0084
:10ED400009000D000F001F00570008000000000020
:10ED500001002B002700200017000B00000000001E
:10ED6000000000000C00000088FF010064FF0100AB
:10ED70001CFF010040F1010044F1010048F10100D5
:10ED80004CF1010050F1010054F1010058F1010073
:10ED900088FF0100D8F0010054F4010088FF010051
:10EDA00064FF01001CFF01007CF0010084F0010001
:10EDB0008CF0010050EE010074EE01009CEE0100A9
:10EDC000C0EE01003CEF0100BC060200BC060200E0
:10EDD000BC06020050EE010074EE01009CEE010042
:10EDE000C0EE0100E4EE0100ECEE010004EF0100D2
:10EDF00020EF0100010000000A0000006400000094
:10EE0000E803000017B7D1386F12833A0AD7233CC2
:10EE1000CDCCCC3D0000803F000020410000C84226
:10EE200000007A4400401C46D092D0A000000000B0
:10EE30003120D0BAD0B0D0BDD0B0D0BB00000000DF
:10EE40003220D0BAD0B0D0BDD0B0D0BBD0B000004E
:10EE50004845504120D0A4D0B8D0BBD18CD182D16C
:10EE60008020D0B7D0B0D181D0BED180D0B5D0BDB8
:10EE700000000000D09DD0B5D0B2D0BED0B72E20BB
:10EE8000D0BFD0BED0B4D0B4D0B5D1802E20D183E5
:10EE9000D181D182D0B0D0B221000000D09DD0B8B5
:10EEA000D0B7D0BAD0BED0B520D0BDD0B0D0BFD1B1
:10EEB00080D18FD0B6D0B5D0BDD0B8D0B5000000CD
:10EEC000D092D18BD181D0BED0BAD0BED0B520D017
:10EED000BDD0B0D0BFD180D18FD0B6D0B5D0BDD04D
:10EEE000B8D0B50044696E7075740000D09DD0B57F
:10EEF000D181D0BFD18020D0BAD0B0D0BDD0B0D0D9
:10EF0000BB203100D09DD0B5D0B8D181D0BFD18049
:10EF100020D0BAD0B0D0BDD0B0D0BB2032000000DD
:10EF2000D09DD0B5D0B8D181D0BF2E20D0B4D0B034
:10EF3000D182D187D0B8D0BAD0B00000D097D0B0AD
:10EF4000D181D0BED180D0B5D0BD20D0BFD180D0AE
:10EF5000B5D0B4D184D0B8D0BBD18CD182D180000F
:10EF6000D09DD0B5D0B2D0BED0B7D0BCD0BED0B678
:10EF7000D0BDD0BE00000000312028D09ED181D06D
:10EF8000BDD0BED0B2D0BDD0BED0B92900000000E7
:10EF9000322028D094D0BED0BF2E29005641560032
:10EFA000436F6E7374204C302C3200005641562053
:10EFB0002B20436F6E7374204C302C320000000005
:10EFC000D097D0B0D0BAD180D18BD182D0BE000042
:10EFD000D09CD0B8D0BDD0B8D0BCD0B0D0BBD18C34
:10EFE000D0BDD0B0D18F0000D0A1D180D0B5D0B4E9
:10EFF000D0BDD18FD18F0000D09CD0B0D0BAD181FC
:10F00000D0B8D0BCD0B0D0BBD18CD0BDD0B0D18F17
:10F0100000000000D09ED182D0BAD180D18BD182A5
:10F02000D0BE00004341560056415620D09FD0B07C
:10F03000D181D181D0B8D0B22E20D0A20000000062
:10F0400056415620D09AD0BED0BCD0BD2E20D0BACA
:10F05000D0BED0BDD182D1802E00000056415620B6
:10F06000D09FD180D0B5D0BED0B1D1802E20D0A23B
:10F070002CD0A1D09E322CD09D000000302D3130FC
:10F0800020D09200322D313020D09200342D3230F9
:10F0900020D0BC4100000000D092D18BD0BAD0BBB0
:10F0A00000000000D092D0BAD0BB0000D0A0D0B5F4
:10F0B000D0B6D0B8D0BC20D0A4D09CD0A70000003F
:10F0C000D0A0D0B5D0B6D0B8D0BC204341562F5632
:10F0D00041562D425000000070706D00D0BC2F636F
:10F0E00020000000D09FD0B020000000D09ED18230
:10F0F000D0BED0BFD0BBD0B5D0BDD0B8D0B5000049
:10F10000D09ED185D0BBD0B0D0B6D0B4D0B5D0BD14
:10F11000D0B8D0B500000000D090D0B2D182D0BE1F
:10F12000D0BCD0B0D182000044497075740000009A
:10F1300052532D34383500005443502049500000BC
:10F14000302E3100302E3500312E3000322E30007E
:10F15000332E3000352E300031302E3000000000CC
:10F160005CFF79C4252B30382E326600256920D00B
:10F170009FD0B000257825782578257825782578C2
:10F1800000000000D09ED181D182D0B0D0BDD0BED1
:10F19000D0B2D0BBD0B5D0BD00000000D09AD0B066
:10F1A000D0BBD0B8D0B1D180D0BED0B2D0BAD0B060
:10F1B00000000000D0A0D0B0D0B1D0BED182D0B07D
:10F1C00000000000253033692E253033692E2530AC
:10F1D00033692E2530336900256920D09200000064
:10F1E000D0A1D182D0B0D180D1823F00D097D0B011
:10F1F000D0B1D0BBD0BED0BA00000000202020206B
:10F20000D09FD0B5D180D0B5D0B7D0B0D0B3D18059
:10F21000D183D0B7D0B8D182D18C3F20202020001C
:10F22000253030303030306920D187D0B0D181D016
:10F23000BED0B2202530306920D0BCD0B8D0BDD1EE
:10F2400083D18200206B657920646F776E0D00009A
:10F25000F0FF79445CFF7944E7FB1F412530372EEE
:10F260003366000025322E31662043002530322ED1
:10F270003166204300000000253034692070706D35
:10F28000000000002530336920252500D0A4D0B02F
:10F29000D0BAD18200000000D09ED182D0BAD180F5
:10F2A0002E000000D097D0B0D0BAD1802E00000040
:10F2B0002530362E316620257300000025362E318C
:10F2C0006620257300000000D09ED182D0BCD0B54E
:10F2D000D0BDD0B8D182D18C20D0BAD0B0D0BBD0E4
:10F2E000B8D0B1D0BED180D0B2D0BAD1833F000067
:10F2F000D09AD0B0D0BBD0B8D0B1D180D0BED0B22F
:10F30000D0BAD0B02E2E2E00D09ED182D0BAD0B09E
:10F31000D0BBD0B8D0B1D180D0BED0B2D0B0D18225
:10F32000D18C20303F000000253033690000000000
:10F33000253169002530372E32660000252B303606
:10F340002E316600252B30372E3166002530362EC3
:10F350003166000025362E34660000002530352E3B
:10F36000316600002020202020D0A1D0B1D180D053
:10F37000BED181D0B8D182D18C20D0B6D183D180FA
:10F38000D0BDD0B0D0BB3F20202000002530346954
:10F3900020D0BC5E332FD187000000002D2D2D2DF5
:10F3A00020D0BC5E332FD1870000000025303269A9
:10F3B0002E253032692E253032690000D0B1D0BE02
:10F3C000D0BBD0B5D0B5203930250000D181D0B523
:10F3D000D182D0B8203C20256920D09200000000C6
:10F3E000D181D0B5D182D0B8203E20256920D092DD
:10F3F00000000000D0BFD0BED0B4D0B4D0B5D18012
:10F40000D0B6D0B8D0B2D0B0D182D18C20D183D1F7
:10F4100081D182D0B0D0B2D0BAD1830030302F3079
:10F4200030000000253032692F253032690000009D
:10F4300025692043000000002530336920D09FD08B
:10F44000B00000002D2D2D20D09FD0B00000000076
:10F4500025692025250000002530346900000000C2
:10F4600025692F2569000000D09FD180D0B8D0BE7B
:10F47000D180D0B8D182D0B5D18220D180D0B5D0C2
:10F48000B32E3A00D09FD180D0B8D0BED1802E20EC
:10F49000D180D0B5D0B3D183D0BB2E00D0A2D0B80C
:10F4A000D0BF20D0B4D0B0D182D187D0B8D0BAD01C
:10F4B000B02E3A00253032693A253032693A25308B
:10F4C00032690000000F0C000100000030FE010056
:10F4D0007A000000000219000000000068FF01002F
:10F4E00000000000000225460200000020FF01008D
:10F4F00038000000004625000200000028FF01003F
:10F5000039000000000232000200000054FE010039
:10F510003700000001023E000200000030FF010041
:10F520003A000000000F0C000100000030FE010056
:10F530007B000000000219000000000044FF0100F1
:10F5400000000000000225460200000020FF01002C
:10F550003D000000004625000200000028FF0100D9
:10F560003E000000000232000200000054FE0100D4
:10F570003C00000001023E000200000030FF0100DC
:10F580003F000000000F0C000100000030FE0100F1
:10F590007C0000000002190000000000FCFE0100D9
:10F5A00000000000000225460200000020FF0100CC
:10F5B00042000000004625000200000028FF010074
:10F5C00043000000000232000200000054FE01006F
:10F5D0004100000001023E000200000030FF010077
:10F5E00044000000000F0C000100000030FE01008C
:10F5F0007D0000000002190000000000A0FE0100D4
:10F60000000000000002250002000000C0FE010012
:10F610003B0000000002320002000000D4FE0100A6
:10F620004000000001023E0002000000E8FE010070
:10F6300045000000000F0C000100000004FD010067
:10F6400077000000000219000200000060FD0100C8
:10F6500054000000010225000200000078FD0100B6
:10F6600053000000000F0C000100000004FD010029
:10F670007800000000021900000000008CFD01006D
:10F68000000000000002250001000000A4FD0100B0
:10F690005F0000000002320002000000B4FD010023
:10F6A0005C00000001023E0002000000C4FD0100F9
:10F6B0005D000000000F0C000100000004FD0100CF
:10F6C0007700000000021900000000008CFD01001E
:10F6D000000000000002250000000000D4FD010031
:10F6E000000000000002320002000000B4FD010032
:10F6F0004F00000001023E0002000000C4FD0100B6
:10F7000050000000000F0C000100000004FD01008B
:10F710007E000000000219000000000018FD01003A
:10F7200000000000000225000100000040FD010073
:10F7300013000000000232000100000050FD010033
:10F740001400000001023E0002000000BC0602009E
:10F750006C00000000000C000100000048050200E1
:10F7600002000000000019000100000030F9010053
:10F770002500000000002500010000005C050200DB
:10F780002D0000000000320001000000A002020075
:10F790002E0000000000322801000000BC0602001C
:10F7A0002F00000001003E0001000000A0FC01004D
:10F7B0003000000000020C000100000080FC01008D
:10F7C0001A0000000002190001000000BC0602003F
:10F7D0001B00000000023200000000002C050200A7
:10F7E0000000000001023E000100000018020200BB
:10F7F0002600000000020C000100000080FC010057
:10F800001A0000000002190001000000BC060200FE
:10F810001B0000000002250001000000A0FC010008
:10F82000470000000102320001000000ACFC0100B2
:10F830000500000000020C0001000000200502008D
:10F840000300000000021900010000007C02020019
:10F850000400000000022500010000007C040200FA
:10F86000080000000002320001000000B80402009D
:10F870000700000001023E0001000000BC0602007B
:10F880000600000000020C0001000000EC04020071
:10F890002400000000021900010000000805020019
:10F8A00012000000000225000100000030FC0100F1
:10F8B0000500000000023200000000000C050200FC
:10F8C0000000000001023E0501000000BC0602002D
:10F8D0000900000000020C000100000038010200D5
:10F8E000270000000002190001000000580102007A
:10F8F0002900000000022500010000006401020050
:10F90000280000000002320001000000BC060200D6
:10F910002A00000001023E0001000000BC060200B7
:10F920002B000000D09A2ED09F2ED0A10000000006
:10F93000D0A3D181D182D0B0D0B2D0BAD0B00000A3
:10F9400000020C000100000048FC01006000000003
:10F95000000219000100000058FC010061000000D5
:10F96000000225000100000068FC010062000000A8
:10F97000000232000100000070FC01006300000082
:10F9800001023E000100000078FC0100640000005C
:10F99000000F0C00010000008CFF01006E00000051
:10F9A00000021900020000003CF101000600000006
:10F9B00000022500020000005804020017000000A9
:10F9C000000232000200000064040200180000007F
:10F9D00001023E0002000000700402000A00000064
:10F9E000000F0C0000000000E8030200000000000F
:10F9F00000021900000000000804020000000000DE
:10FA0000000225000200000028040200220000007D
:10FA10000002320002000000400402002300000047
:10FA200001023E000200000024F901001000000065
:10FA3000000F0C00000000007C030200000000002A
:10FA400000021900000000009C03020000000000FA
:10FA50000002251402000000BC0602002000000085
:10FA6000007325000000000048F4010000000000C1
:10FA70000002320000000000C0030200000000008D
:10FA800000733E000000000048F401000000000088
:10FA900001023E1402000000BC060200210000002A
:10FAA000000F0C00010000008CFF0100730000003B
:10FAB00000021900020000000C0302000C0000000C
:10FAC0000002250002000000280302000B000000D5
:10FAD000000232000200000044030200190000008E
:10FAE00001023E0002000000600302001E00000050
:10FAF000000F0C0000000000D00202000000000017
:10FB000000021900000000008CFD01000000000050
:10FB10000002250002000000B4FD010015000000F5
:10FB20000002320002000000C4FD010016000000C7
:10FB300001023E0002000000F00202000F0000007F
:10FB4000000F0C000100000004FD01007E00000019
:10FB5000000219000000000018FD01000000000074
:10FB600000022500010000008802020013000000CE
:10FB70000002320001000000A00202001400000098
:10FB800001023E0002000000B00202001C00000062
:10FB9000000F0C000000000028020200000000001E
:10FBA0000002190002000000480202000D000000DF
:10FBB0000002250002000000640202001F00000095
:10FBC00000023200020000005801020003000000A1
:10FBD00001023E00020000007C020200040000005E
:10FBE000000F0C0000000000B00102000000000047
:10FBF0000002190000000000D00102000000000017
:10FC00000002250000000000F801020000000000D2
:10FC1000000232000100000018020200260000006D
:10FC200001023E0002000000BC0602002C000000A1
:10FC3000D09DD0B0D0BFD180D18FD0B6D0B5D0BDFF
:10FC4000D0B8D0B500000000D0A220D0BFD0B0D135
:10FC500081D1812E20310000D0A220D0BFD0B0D1E0
:10FC600081D1812E20320000542C41493100000006
:10FC7000434F322C41493200482C414933000000A7
:10FC8000D0A2D0B5D0BAD183D189D0B8D18520D077
:10FC9000B0D0B2D0B0D180D0B8D0B93A0000000016
:10FCA000D0A0D0B5D0B6D0B8D0BC0000D09DD0B0D8
:10FCB000D0BFD180D18FD0B6D0B5D0BDD0B8D0B55F
:10FCC00000000000D0A2D0B8D0BF20D183D181D114
:10FCD00082D180D0BED0B9D181D182D0B2D0B03A59
:10FCE00000000000D0A2D0B5D181D182D0BED0B268
:10FCF000D18BD0B920D180D0B5D0B6D0B8D0BC3A55
:10FD000000000000D09DD0B0D181D182D180D0BE82
:10FD1000D0B9D0BAD0B80000D0A2D0B5D0BAD18373
:10FD2000D189D0B8D0B920D0BFD0B5D180D0B5D08E
:10FD3000BFD0B0D0B420D0B4D0B0D0B2D0BB2E00A1
:10FD4000D09AD0B0D0BDD0B0D0BB203100000000E0
:10FD5000D09AD0B0D0BDD0B0D0BB203200000000CF
:10FD6000D0A2D0B8D0BFD0BED180D0B0D0B7D0BC98
:10FD7000D0B5D18000000000D0A2D0B8D0BF20D133
:10FD800080D0B5D0B3D183D0BB2E0000D09FD09807
:10FD900020D180D0B5D0B3D183D0BBD18FD182D088
:10FDA000BED18000D09AD0B0D0BDD0B0D0BBD0B042
:10FDB00020000000D09AD0BED18DD1842E20D09FBB
:10FDC00000000000D09AD0BED18DD1842E20D098D2
:10FDD00000000000D092D0B5D0B4D0BED0BCD18B42
:10FDE000D0B920D0BAD0B0D0BDD0B0D0BB20322E48
:10FDF00000000000D09FD09820D180D0B5D0B3D1E2
:10FE000083D0BBD18FD182D0BED180200000000032
:10FE1000D092D0B5D0B4D183D189D0B8D0B920D0C8
:10FE2000BAD0B0D0BDD0B0D0BB20312E0000000081
:10FE3000D09DD0B0D181D182D180D0BED0B9D0BA3E
:10FE4000D0B8202020202000D09AD0B0D0BDD0B093
:10FE5000D0BB0000D0A2D0B8D0BF0000D09FD0BE91
:10FE6000D181D0B5D0B7D0BED0BDD0BDD0BED0B579
:10FE700020D180D0B5D0B3D183D0BBD0B8D1802E23
:10FE800000000000D0A3D181D182D0B0D0B2D0BACE
:10FE9000D0B020D0B4D0B0D1822E205420000000A9
:10FEA000D0A3D181D182D0B0D0B2D0BAD0B820D036
:10FEB000B4D0B0D182D187D0B8D0BAD0BED0B20041
:10FEC000D0A3D181D182D0B0D0B2D0BAD0B020549A
:10FED00000000000D0A3D181D182D0B0D0B2D0BA7E
:10FEE000D0B020434F320000D0A3D181D182D0B016
:10FEF000D0B2D0BAD0B0204800000000D094D0B822
:10FF0000D0B0D0BFD0B0D0B7D0BED0BD20D0B4D04C
:10FF1000B0D182D187D0B8D0BAD0B020480000008C
:10FF2000D0BED18200000000D0B4D0BE00000000DE
:10FF3000D0A1D0BCD0B5D189D0B5D0BDD0B8D0B5C6
:10FF400000000000D094D0B8D0B0D0BFD0B0D0B7AF
:10FF5000D0BED0BD20D0B4D0B0D182D187D0B8D05F
:10FF6000BAD0B020434F3200D094D0B8D0B0D0BF78
:10FF7000D0B0D0B7D0BED0BD20D0B4D0B0D182D117
:10FF800087D0B8D0BAD0B02054000000D09DD0B0F7
:10FF9000D181D182D180D0BED0B9D0BAD0B8202002
:10FFA0002020202000000000D090D0B2D182D0BE0E
:10FFB00020D0BAD0BED180D1802E3020D1872E0063
:10FFC000D0A3D0B1D0BED180D0BAD0B0202844497F
:10FFD000342920D0BCD0B8D0BD000000D09AD0B019
:10FFE000D0BBD0B8D0B1D1802E20302C20D1812EE2
:10FFF0003A000000D092D180D0B5D0BCD18F20D1B2
:020000022000DC
:1000000083D181D180D0B5D0B42E20D1812E0000F3
:10001000D09A2ED09F2ED0A120D0BAD0B0D0BDD0B3
:10002000B0D0BB20310000004620D0BAD0B0D0BD47
:100030002E20312C20D0BC5E32000000D09A2ED071
:100040009F2ED0A120D0BAD0B0D0BDD0B0D0BB2090
:10005000320000004620D0BAD0B0D0BD2E20322CC5
:1000600020D0BC5E32000000D090D0B2D0B0D180A1
:10007000D0B8D0B9D0BDD0B0D18F20D183D181D16B
:1000800082D0B0D0B2D0BAD0B0000000D0A1D0BCE5
:10009000D0B5D18920320000D0A3D181D182D0B097
:1000A000D0B2D0BAD0B80000D09CD0B8D0BD2E000D
:1000B000D09CD0B0D0BAD1812E000000D0A1D18088
:1000C000D0B5D0B42E000000D095D0B4D0B8D0BDFB
:1000D000D0B8D186D18B20D0B8D0B7D0BCD0B5D1D4
:1000E00080D0B5D0BDD0B8D18F000000D0A3D181D1
:1000F000D182D0B0D0B2D0BAD0B00000D0A2D0B8A7
:10010000D0BFD0BED180D0B0D0B7D0BCD0B5D18018
:1001100020D092D0A0000000D0A3D181D1822E2087
:10012000D0BA203100000000D0A3D181D1822E208E
:10013000D0BA203200000000D097D0B0D0BFD0B8E5
:10014000D181D18C20D0B6D183D180D0BDD0B0D0D8
:10015000BBD0B03A00000000D094D0B0D182D0B073
:100160003A000000D092D180D0B5D0BCD18F3A00F7
:100170002020D094D0BBD18F20D0BFD0B5D180D09B
:10018000B5D0B7D0B0D0B3D180D183D0B7D0BAD0AA
:10019000B820000020202020D0BDD0B0D0B6D0BCE8
:1001A000D0B8D182D0B520D092D092D09ED0940039
:1001B000D09DD0B0D181D182D180D0BED0B9D0BABB
:1001C000D0B8202020202020392F3130000000001E
:1001D0002020D094D0BBD18F20D181D0B1D180D07C
:1001E000BED181D0B020D0B6D183D180D0BDD0B027
:1001F000D0BBD0B000000000202020202020D0BDA7
:10020000D0B0D0B6D0BCD0B8D182D0B520D092D0AA
:1002100092D09ED094000000D097D0B0D0BFD0B87C
:10022000D181D0B5D0B93A00D09DD0B0D181D182A2
:10023000D180D0BED0B9D0BAD0B820202020202084
:10024000382F313000000000D09AD0BED0BDD1820E
:10025000D180D0B0D181D182D0BDD0BED181D18268
:10026000D18C0000D09ED181D1822E20D0B2D0B5C9
:10027000D0BDD18220D1812E00000000D092D1804B
:10028000D0B5D0BCD18F0000D092D0B5D0BDD18236
:10029000D0B8D0BBD18FD182D0BED18000000000B9
:1002A000D0A4D0B8D0BBD18CD182D18000000000C6
:1002B000D09ED182D0BAD0B0D0BBD0B8D0B1D1808E
:1002C000D0BED0B2D0B0D182D18C2030000000009E
:1002D000D09DD0B0D181D182D180D0BED0B9D0BA9A
:1002E000D0B8202020202020362F31300000000000
:1002F000D092D180D0B5D0BCD18F20D183D181D143
:1003000080D0B5D0B42E20D181000000D09DD0B0D7
:10031000D0BFD180D18FD0B6D0B5D0BDD0B8D0B5F8
:10032000206D696E00000000D0A1D0B1D180D0BE98
:10033000D18120D0B0D0B2D0B0D180D0B8D0B82048
:100340006D696E00D09DD0B0D0BFD180D18FD0B6B6
:10035000D0B5D0BDD0B8D0B5206D61780000000018
:1003600043D0B1D180D0BED18120D0B0D0B2D0B0F6
:10037000D180D0B8206D617800000000D09DD0B051
:10038000D181D182D180D0BED0B9D0BAD0B820200E
:1003900020202020342F313000000000D09DD0B02C
:1003A000D1872E20D181D0BED0BFD1802E20D18444
:1003B000D0B8D0BBD18CD182D180D0B000000000A9
:1003C000D09AD0BED0BDD0B5D1872E20D181D0BE9D
:1003D000D0BFD1802E20D184D0B8D0BBD18CD182D7
:1003E000D180D0B000000000D09DD0B0D181D182AA
:1003F000D180D0BED0B9D0BAD0B8202020202020C3
:10040000332F313000000000D0A3D181D182D0B091
:10041000D0B2D0BAD0B820D180D0B5D0B62E20205E
:10042000D0BC5E332FD18700D0A0D0B5D0B6D0B825
:10043000D0BC20312028D09ED181D0BD2E290000F3
:10044000D0A0D0B5D0B6D0B8D0BC20322028D0941F
:10045000D0BED0BF2E290000495020D09FD0BED1A1
:1004600080D18200D0A8D0BBD18ED0B700000000D0
:10047000D09CD0B0D181D0BAD0B00000D0A0D0B53F
:10048000D0B6D0B8D0BC20D183D0BFD180D0B0D02E
:10049000B2D0BB2E00000000D09FD180D0BED18250
:1004A000D0BED0BAD0BED0BB20D181D0B2D18FD0F7
:1004B000B7D0B82E00000000D090D0B4D180D0B515
:1004C000D181204D6F64427573000000D0A2D0B07E
:1004D000D0B9D0BCD0B0D183D18220D181D0B2D11B
:1004E0008FD0B7D0B8000000632E0000D0A2D0B5E6
:1004F000D0BCD0BF2E20D0B2D0BED0B7D0B4D18324
:10050000D185D0B0000000004D414300D09CD0BE4A
:10051000D182D0BED187D0B0D181D18B0000000074
:10052000D094D0B0D182D0B000000000D096D1835A
:10053000D180D0BD61D0BB20D0B0D0B2D0B0D180FE
:10054000D0B8D0B900000000D0A1D0BED181D182F6
:10055000D0BED18FD0BDD0B8D0B50000D0A4D0B01F
:10056000D0BAD1822E20D180D0B0D181D1852E00B9
:1005700000007F43436F6E666967000049324300A5
:1005800053657269616C00004C4344004144430070
:100590004D50544350000000757365720000000018
:1005A0004B4559424F415244000000004465665497
:1005B00061736B00000090400000204200000000CA
:1005C0000000000000FEAF40D0A0D0B5D0B6D0B83B
:1005D000D0BC20D0BED0BDD0B1D0BED0BDD0B2D066
:1005E000BBD0B5D0BDD0B8D18F20D0BAD0BED0BD91
:1005F000D184D0B8D0B3D183D180D0B0D186D0B897
:10060000D0B80000D092D0B5D180D181D0B8D18FF0
:1006100020D09FD09E20253032692E253032692E81
:10062000253032690000000090840000C68400007C
:100630003A850000C684000026860000CC840000B5
:10064000F48400005887000064870000748700006D
:1006500068870000748700007487000074870000BA
:100660006C870000748700007487000074870000A6
:10067000748700007487000074870000748700008E
:1006800070870000D6890000E6890000EA89000032
:10069000E6890000748B0000E6890000228B0000D0
:1006A000E6890000968B000000401C466463686584
:1006B00072720D002569202025690D0A00000000D6
:1006C00000001841000000007B14AE47E17A943F1F
:1006D0000000000000000040000000000000C03FDB
:1006E0000000000000001040000000000000324048
:1006F00000000000010001000200000004000400EE
:100700001C002000B400240014002000100000068B
:100710007374617274207769636831320D00000070
:1007200030B600003AB6000066B60000A0B6000081
:10073000A4B60000B0B6000060B6000054B60000D9
:100740007EB6000048B6000000010203040506075B
:1007500008090A0B0C0D0E0F101100001F1C1F1EA4
:100760001F1E1F1F1E1F1E1F52544320494E495457
:100770000D00000000080000000010000000100044
:100780000000100000001000000010000000100029
:100790000020000000000800002C01400000004084
:1007A0000004004000080040000C00400010004021
:1007B0000014004000340140004C01402E2E2F4612
:1007C00072656552544F532F706F727461626C651D
:1007D0002F4D656D4D616E672F686561705F342EBA
:1007E00063000000657272206174206C696E652080
:1007F0002564206F662066696C6520222573222E91
:10080000200D0A20000000002E2E2F467265655232
:10081000544F532F706F727461626C652F4743435E
:100820002F524953432D562F706F72742E63000060
:100830002E2E2F4672656552544F532F6576656E86
:10084000745F67726F7570732E6300002E2E2F46D3
:1008500072656552544F532F71756575652E63002F
:10086000E2FB0000D8FB0000F8FB00000AFC0000DF
:1008700004FC000092FD000088FD0000A6FD0000C1
:10088000B8FD0000B2FD00002E2E2F4672656552A5
:10089000544F532F7461736B732E630049444C455E
:1008A0000000000032020100320201007602010065
:1008B00082020100C6020100320201003202010080
:1008C0007602010082020100546D725100000000A6
:1008D0002E2E2F4672656552544F532F74696D65E5
:1008E00072732E6300000000546D72205376630013
:1008F00073717274000000000011121314151617A2
:1009000018191A1B1C1D1E1FB8430100FE430100CD
:100910001844010028440100284401001444010047
:1009200014440100364401000102030405060707D0
:100930000707070707000000365801004459010067
:10094000305A0100385A0100DE5A0100305A0100C5
:10095000245B0100605B0100F475FFFF7874FFFF0A
:100960008875FFFF9075FFFF8875FFFFA874FFFF74
:100970008875FFFF9075FFFF7874FFFF7874FFFFA5
:10098000A874FFFF9075FFFFEA75FFFFEA75FFFF90
:10099000EA75FFFFA874FFFF9A7CFFFF8C7BFFFFC7
:1009A0008C7BFFFF8A7BFFFF927BFFFF927BFFFF29
:1009B000587BFFFF8A7BFFFF927BFFFF587BFFFF87
:1009C000927BFFFF8A7BFFFF867CFFFF867CFFFF19
:1009D000867CFFFF587BFFFF000102020303030335
:1009E00004040404040404040505050505050505BF
:1009F000050505050505050506060606060606069F
:100A00000606060606060606060606060606060686
:100A1000060606060606060607070707070707076E
:100A20000707070707070707070707070707070756
:100A30000707070707070707070707070707070746
:100A40000707070707070707070707070707070736
:100A5000070707070707070708080808080808081E
:100A60000808080808080808080808080808080806
:100A700008080808080808080808080808080808F6
:100A800008080808080808080808080808080808E6
:100A900008080808080808080808080808080808D6
:100AA00008080808080808080808080808080808C6
:100AB00008080808080808080808080808080808B6
:100AC00008080808080808080808080808080808A6
:100AD00008080808080808082C2066756E63746901
:100AE0006F6E3A2000000000617373657274696F65
:100AF0006E2022257322206661696C65643A206647
:100B0000696C6520222573222C206C696E65202576
:100B100064257325730A0000232D302B200000006C
:100B2000686C4C00656667454647000000000000A1
:100B3000FFFFFFFFFFFFEF7F494E4600696E660033
:100B40004E414E006E616E003031323334353637EF
:100B500038394142434445460000000030313233C9
:100B600034353637383961626364656600000000E9
:100B7000000000000000F83F61436F63A787D23F89
:100B8000B3C8608B288AC63FFB799F501344D33F7C
:100B9000000000000000F03F0000000000001C40CA
:100BA0000000000000001440000000000000E03FD2
:100BB000496E66696E697479000000004E614E00EE
:100BC0000000000000000000000000000000000025
:100BD0000000000000000000000000000000000015
:100BE0000000000000000000000000000000000005
:100BF00000000000000000000000000000000000F5
:100C000000000000000000000000000000000000E4
:100C100000000000000000000000000000000000D4
:100C20000080E03779C34143176E05B5B5B89346E8
:100C3000F5F93FE9034F384D321D30F94877825AB4
:100C40003CBF737FDD4F1575000000000000F03FD2
:100C50000000000000002440000000000000594097
:100C60000000000000408F40000000000088C340EA
:100C700000000000006AF8400000000080842E415F
:100C800000000000D01263410000000084D79741AB
:100C90000000000065CDCD41000000205FA00242B1
:100CA000000000E876483742000000A2941A6D4226
:100CB000000040E59C30A2420000901EC4BCD64219
:100CC00000003426F56B0C430080E03779C34143C4
:100CD00000A0D8855734764300C84E676DC1AB433A
:100CE000003D9160E458E143408CB5781DAF154458
:100CF00050EFE2D6E41A4B4492D54D06CFF0804433
:100D0000F64AE1C7022DB544B49DD9794378EA4447
:100D100005000000190000007D00000043000000F5
:100D2000504F534958000000002020202020202050
:100D3000202028282828282020202020202020208B
:100D4000202020202020202020881010101010109B
:100D500010101010101010101004040404040404E7
:100D60000404041010101010101041414141414181
:100D70000101010101010101010101010101010163
:100D80000101010110101010101042424242424273
:100D90000202020202020202020202020202020233
:100DA00002020202101010102000000000000000DB
:100DB0000000000000000000000000000000000033
:100DC0000000000000000000000000000000000023
:100DD0000000000000000000000000000000000013
:100DE0000000000000000000000000000000000003
:100DF00000000000000000000000000000000000F3
:100E000000000000000000000000000000000000E2
:100E100000000000000000000000000000000000D2
:0C0E2000000000000000000000000000C6
:100E2C00110000008A2300000400000000230000D1
:100E3C000300000094210000100000001A210000A3
:100E4C0006000000D820000017000000102200004F
:100E5C0001000000B21E0000050000004C1F000045
:100E6C000F000000B81F000002000000402000002E
:100E7C000000000000000000000000000000000066
:100E8C000000000000000000000000000000000056
:100E9C000000000000000000000000000000000046
:100EAC0004001400280050007800C80090010000D5
:100EBC0000000C0001000000180102006900000095
:100ECC00000019000100000040FD01006700000057
:100EDC000000256901000000BC0602006A00000049
:100EEC000000250001000000BC06020065000000A7
:100EFC000000320001000000280102006800000020
:100F0C0000003E000100000050FD010066000000E2
:100F1C0001643E0000000000BC060200000000005E
:100F2C0000000C0001000000EC0002006900000051
:100F3C0000640C0000000000BC0602000000000071
:100F4C00000019000100000040FD010067000000D6
:100F5C000064190000000000BC0602000000000044
:100F6C000000320001000000FC00020054000000F0
:100F7C0001003E000100000078FD0100530000005C
:100F8C0001003220010000008CF20100650000001D
:100F9C00000F0C000100000030FE01007900000081
:100FAC000002190002000000BC0602004D00000007
:100FBC000002192801000000BC060200800000009D
:100FCC0000023200000000005CFE01000000000086
:100FDC0001023E0002000000BC06020046000000B8
:100FEC00010225000200000084FE01003B0000000D
:100FFC00000F0C000100000004FD01007600000051
:10100C000002190000000000F4FD010000000000C7
:10101C00000225000000000010FE0100000000008E
:10102C000002320002000000B4FD0100510000007B
:10103C0001023E0002000000C4FD0100520000004D
:10104C00000F0C000100000030FE010079000000D0
:10105C00000219000200000048FE010057000000C9
:10106C00010225000200000054FE0100580000009F
:10107C00000F0C00010000008CFF01006F0000004D
:10108C000002190000000000C8000200000000006F
:10109C000002250002000000BC060200480000000F
:1010AC000002320001000000A0FC0100470000001B
:1010BC0001023E0001000000BC06020056000000C8
:1010CC00000F0C00010000008CFF010070000000FC
:1010DC00000219000000000098000200000000004F
:1010EC000002251E02000000A800020031000000D2
:1010FC000064250001000000BC060200480000004E
:10110C000002321E02000000B0000200330000009A
:10111C000064320001000000BC0602004800000020
:10112C0000643E0001000000BC0602004800000004
:10113C0001023E1E02000000BC0002003200000052
:10114C00000F0C00010000008CFF0100710000007A
:10115C0000021900000000006800020000000000FE
:10116C000064250001000000BC06020048000000DD
:10117C000002251E0200000040FD010034000000AA
:10118C000064320001000000BC06020048000000B0
:10119C000002321E0200000050FD0100350000006C
:1011AC0000023E0E020000008C0002004E00000007
:1011BC0001783E0001000000BC0602006B0000003C
:1011CC00000F0C00010000008CFF010074000000F7
:1011DC000002190002000000100002005B00000079
:1011EC00000225000200000028000200360000006A
:1011FC0000023200020000003C0002005A00000015
:10120C0001023E00020000005400020059000000E0
:10121C00000F0C00010000008CFF010075000000A5
:10122C000002190002000000A8FF01005500000098
:10123C000002250002000000C0FF01004A0000006F
:10124C000002320002000000DCFF01004B00000035
:10125C0001023E0002000000F4FF01000F0000003C
:10126C00000F0C000100000004FD010072000000E2
:10127C0000021900000000007001020000000000D4
:10128C000002250000000000940102000000000094
:10129C0001023E0002000000BC0602001D0000001E
:1012AC00000F0C000100000004FD01006D000000A7
:1012BC0000021900020000007C040200080000007B
:1012CC00000225000200000098040200110000003A
:1012DC000002320002000000B80402000700000007
:1012EC0000023E0A02000000CC0402000E000000C6
:1012FC0001783E0000000000E8040200000000003D
:10130C0001000000900000200300020016001600EF
:10131C000000000002000000F4F7010001000300CF
:10132C0000000000000001000300000034F8010080
:10133C000200010000000000040001000400000095
:10134C008004002000000000150005000080030050
:10135C000500000090F901000000000004000600E8
:10136C000080030006000000A0FA0100000000004D
:10137C0005000700008003000700000004F70100CF
:10138C0000000000060008000080030008000000B8
:10139C00500200200000000007000900008003003C
:1013AC0009000000A00200200000000008000A0054
:1013BC00008003000A000000200300200000000051
:1013CC0009000B00008003000B000000A0030020AC
:1013DC00000000000A000C00008003000C0000005C
:1013EC00F0030020000000000B000D000080030043
:1013FC000D000000D0010020000000000C000E00C9
:10140C00008003000E00000064F6010000000000E4
:10141C000D000F00008003000F000000B4F6010067
:10142C00000000000E0010000080030010000000FF
:10143C0070010020000000000F001100008003006C
:10144C0011000000C4F401000000000010001200A4
:10145C00008003001200000024F5010000000000D1
:10146C0011001300008003001300000084F501003C
:10147C0000000000120014000080030014000000A3
:10148C00E4F50100000000001300150000800300CB
:10149C0015000000400400200000000014000400AF
:1014AC00008003001600000040F90100000000005D
:1014BC0001000100000003000100000054F70100CE
:1014CC00030002000B000B000000000002000000F3
:1014DC00B4F7010001000300000000000C810100C2
:1014EC000300000034F801000200010000000000BD
:1014FC000400010004000000800400200000000033
:10150C000F000500008003000500000090F90100A9
:10151C00000000000400060000800300060000002C
:10152C00E0F9010000000000050007000080030046
:10153C000700000030FA010000000000060008005F
:10154C000080030008000000A0FA01000000000069
:10155C00070009000080030009000000F0FA0100F8
:10156C000000000008000A00008003000A000000D0
:10157C0040FB01000000000009000D00008003008A
:10158C000B00000084F801000000000001000100C5
:10159C00000003000C000000D4F801000000000063
:1015AC0000840083000002000D00000090FB01008D
:1015BC00000000000A000E00008003000E00000076
:1015CC00E0FB0100000000000D000F000080030094
:1015DC000F00000040040020000000000E0004007A
:1015EC00008003000000000000000000000000006C
:1015FC0000000000000000000000000000000000DF
:10160C00010203040607080900000000010203049C
:10161C000102030406070809080002401C000240EE
:10162C003000024044000240580002406C0002406E
:10163C0080000240080402401C04024030040240B6
:10164C0044040240580402406C04024080040240EE
:10165C000030014000380040003C004000380140A0
:10166C000044004000480040004C004000000000D6
:10167C00E00B0200000C0200C00B02000000000096
:10168C00000000000000000000000000000000004E
:10169C00000000000000000000000000000000003E
:1016AC00000000000000000000000000000000002E
:1016BC00000000000000000000000000000000001E
:1016CC0000000000000000000000000043000000CB
:1016DC0000000000000000000000000000000000FE
:1016EC0000000000000000000000000043000000AB
:1016FC0000000000000000000000000000000000DE
:10170C00000000000000000000000000430000008A
:10171C0000000000000000000000000000000000BD
:10172C00000000000000000000000000430000006A
:10173C00000000000000000000000000000000009D
:10174C00000000000000000000000000430000004A
:10175C00000000000000000000000000000000007D
:10176C00000000000000000000000000430000002A
:10177C00000000000000000000000000000000005D
:10178C00000000000000000000000000430000000A
:10179C00000000000000000000000000000000003D
:1017AC000000000000000000000000007CC90100E7
:1017BC00F6C8010000000000280D020058F00100DE
:1017CC00BC060200BC060200BC060200BC060200FD
:1017DC00BC060200BC060200BC060200BC060200ED
:1017EC00BC060200FFFFFFFFFFFFFFFFFFFFFFFF35
:1017FC00FFFF000001004153434949000000000075
:10180C0000000000000000000000000000000000CC
:10181C000000000000004153434949000000000053
:10182C0000000000000000000000000000000000AC
:10183C000000000000000000C0A80101C0A8010ABF
:10184C00FFFFFF00FFFF000002000000010000008E
:10185C00020506070E0F0800010000000100000041
:10186C00000E2707010000000204060832080000E1
:10187C000000000010000000AAAAAAAA0E00000096
:10188C00101C012001000000F4DB00200000CDAB97
:10189C00F0060200000702006E19000000100000A4
:1018AC004C08002015C0FF00153FFF00153EFF003F
:1018BC000002040404040406010204006C006D0020
:1018CC006A006B0070006E0071006F0064006600AF
:1018DC00680000003F0047004F00000043004B0031
:1018EC00530000000C000D000F00BFFF6400C80087
:1018FC0004030201ACF00100C0F0010078EF01001C
:10190C0090EF01002D2D2D2D000000001000110076
:10191C00120000003F0047004F00000043004B0046
:10192C005300000098F00100A4F001002F003F00CC
:10193C0047004F00330043004B0053007C008C00E9
:10194C009C00000074008400940000007000800073
:10195C009000000003040500780088009800000047
:10196C00100011001200000000240140002801406A
:10197C000054004000580040010204081000000010
:10198C0000800120FFFFFFFFFFFF000000000000B0
:10199C000000000000000000FFFFFFFF03060C1812
:1019AC00306078004C0800200000104200000C420F
:1019BC00000020410000A0400000704100001643D0
:1019CC000000964300001644000020420000A04195
:1019DC000000FA4400007A440000C842000048426B
:0419EC00499D003DD4
:020000024000BC
:100000003200080D2D0006102800D2132300B61868
:100010001E00061F1900102714008B310F004C3FE3
:100020000A007C510500EF690000EB8A0000000027
:100030000000000000009643C520903F00001644D9
:10004000D57811400000614448E15A4000009644D0
:10005000DD2492400080BB4417D9B6400000E14443
:100060003333DB40004003450000004100001645EB
:10007000713D124100C02845D7A32441EF020CC8AE
:10008000B75400201306500D81451385C4BEEF0000
:100090008CCB930640061306500D9385C4BE0145D4
:1000A000EFB0DC808947631C052A1384C4BE182086
:1000B0001309D00581476304272B1306500D814592
:1000C0001385C4BEEF002CC8930720503EA0F5470F
:1000D0005CA0930700FC3CB8B7070AC09387871A57
:1000E0005CC8B70701FF9387871A1CCCFD575EAC2D
:1000F000930710107EA0B7C7C5FA938717B01CC42A
:10010000B73714059387072F5CC48547A304F4060B
:10011000A305F4069307F0302316F406B717002062
:1001200083A587B815471305700578BC2300240103
:10013000EF305CC0B717002087A7C7B81305B0051C
:10014000B7190020D38507E0EF30DCBEB7170020D9
:1001500087A7C7B81305F005D38507E0EF309CBD2E
:10016000B717002087A707B913057002D38507E0EA
:10017000EF305CBCB717002087A747B91305B00262
:10018000D38507E0538907E0EF30DCBA87A709B9C8
:100190001305F002D38507E0EF30DCB9CA851305FB
:1001A0003003EF303CB987A709B913057003B719BD
:1001B0000020D38507E0EF30FCB7CA851305B003F4
:1001C000EF305CB7B717002087A787B91305F00396
:1001D000D38507E0EF301CB6CA8513053004EF3035
:1001E0007CB587A789B91305F004D38507E0EF3004
:1001F0007CB4CA8513053005EF30DCB387A789B915
:1002000013057004D38507E0EF30DCB2CA8513050F
:10021000B004EF303CB2930740F8A301F4069967AD
:10022000938737802312F40689472303F406930744
:10023000601F1EB0B7072C01938767092324F40CB5
:10024000B717002083A5C7B91305E00AEF309CAEAD
:10025000B717002083A507BA1305200BEF309CAD1C
:10026000B717002083A547BA1305A00AEF309CAC4E
:100270009305000013050007EF30DCABB717002033
:1002800083A587BA13054007EF30DCAAB717002013
:1002900083A5C7BA1305C007EF30DCA9930500009A
:1002A00013050008EF301CA9B717002083A507BB72
:1002B00013054008EF301CA88D472317F406B71725
:1002C000002083A547BB1305C008EF30BCA69305EB
:1002D000000013050009EF30FCA5B717002083A527
:1002E00087BB13054009EF30FCA4B717002083A596
:1002F000C7BB1305C009EF30FCA3B717002087A7C1
:1003000007BC1305000AD38507E0EF30BCA2B7177E
:10031000002087A707BC1305400AD38507E0EF300C
:100320007CA1930700109306803E1306500D938521
:10033000C4BE0145231BF40AEFB08CEE19E537E586
:10034000010013050552EFA08D9B9306400613068E
:10035000500D9385C4BE0145EFB04CD585473E8511
:100360006F000C9DEF022C9B7971A9473ED23ED0C5
:10037000B7470000938727184C0801453ED602CCAA
:10038000EF0090284C080545EF0010284C0809455F
:10039000EF0090274C080D45EF0010274C08114541
:1003A000EF009026B7470000938787212C00014576
:1003B0003EC802C6EFB07CB32C000545EFB0FCB2DE
:1003C0002C000945EFB07CB22C000D45EFB0FCB11C
:1003D00045616F008C96EF020C94011199475C8483
:1003E000938741A63EC89387C1A63EC6B70714644B
:1003F000D1073ECA8947230CF1008567938787BBE5
:10040000FC85B74700009387871C28003ECEEFB0DD
:100410007CCB05616F006C92EF02EC8F37140140CA
:1004200085654111130504C0F1460146938505C059
:1004300002C002C202C402C6EFC04CE7F146014648
:10044000130504C09305000CEFC04CE6B7970400F9
:100450009387073E3EC0B70700403EC2B70700047F
:100460003EC48A85916701457C86EFC04CEB8A8546
:100470000545EFC0CCEA0145EFC04CFD0545EFC096
:10048000ECFC41016F006C8BEF024C8701113714BB
:100490000140EFC0CCE6F146014613050480C1459A
:1004A000EFC0CCE0130504C08D45EFC02CDE9305F2
:1004B000000337150140EFC06CDD13050480930580
:1004C000400EEFC0ACDCB7240140138504809305D7
:1004D0000078EFC0ACDA13050440B165EFC00CDA68
:1004E000856537150140EFC06CD9130504408D4573
:1004F000EFC0CCD8130504409305000EEFC00CD814
:10050000130504409145EFC06CD713050440856581
:10051000EFC0CCD6E1460146130504C0A965EFC083
:10052000ECD891677C866C0093078004130504C0A7
:100530003ECA231701002318010023190100EF9080
:100540007C81130504C08565EFC04CD391453715F8
:100550000140EFC0ACD21305044093050004EFC086
:10056000ECD1370613808D65E14641061305044042
:10057000938505A0EFC08CD3130504C093058003B9
:10058000EFC0CCCF13050440C145EFC02CCF0569A7
:10059000930509C037150140EFC04CCE1385048088
:1005A0009305C007EFC08CCF130504C0930500105E
:1005B000EFC0CCCEC1651385048093850580EFC064
:1005C000ECCD81450145EF90ACC413050440930583
:1005D0000004EFC08CD1130504C093050020EFC0C8
:1005E000ECC9B70930801386290013850480914631
:1005F0008945EFC0ACCB1386290013850480E14602
:100600008545EFC0ACCAE146014613050480930559
:100610000040EFC0ACC913050480A165EFC00CC653
:1006200013050480A165EFC04CCD85451165EF90A1
:100630005CAC11454120EF204CBAB7B51D006546B2
:10064000938595150945EFC03CFC930500020945CB
:10065000EFC07CC9BD659D46130689BB938505A681
:100660002145EFD0EC861306401F9D452145EFD074
:100670002C942145EFD06C9C2145EFC01CC568002F
:1006800002C602C802CA02CC02CEEFB03CE48545E5
:100690000145EF902CB59305803E0145EF904CB796
:1006A000D1319D450545EF00206EEFD02CCF05617F
:1006B0006FF01BE8EFF23BE6B7460000B7B50A0063
:1006C000814705479386A6480546938505E6EFC012
:1006D0007CF7371501409305000213050540EFC074
:1006E000CCC137540020F965814601461305C40D7D
:1006F000938505F8EF000C82F565938505D0130509
:10070000C40DEF00CCE41305C40DEFF07BFE6FF0D9
:10071000DBE200000000000000000000FF1F0000FE
:1007200000000000000000000080FFF907780000D2
:10073000000000000000000000FCFF7F00C000007F
:100740000000000000000000801F001C008001006D
:100750000000000000000000E00C00180000030092
:10076000000000000000038071000020000006006F
:100770000000000000E003E01C0000000000060094
:100780000000000000E00730060000000000060C3A
:100790000000000000E0071C0600000000000C78CC
:1007A0000000000000E0070EFC01000000000CE06B
:1007B0000100000000E08703C01F000000000E8061
:1007C0000300000000E0C701007000000000060008
:1007D0000F00000000E0E70000C00000000006007D
:1007E0003C00000000E07F000080010000000600E7
:1007F0007800000000C03F000080010000000600FB
:10080000E000000000C01F000080010000000600A2
:10081000C003000000C00F000080010000000600BF
:100820008007000000C00F000080010000000C00E5
:10083000000F000000C00F000080010000000C004D
:10084000001E000000E00F00008001000000180002
:10085000003C000000E00F000080010000003800B4
:100860000078000000F01F000080010000003C0044
:1008700000F0000000F81F0000C0000000001E0093
:1008800000E0010000BC1F0000E0000000000F00BD
:1008900000C0030000BC1F0000E0070000000000D3
:1008A00000800700001E3F00000000000000000064
:1008B00000000F00000F3F000000000000000000DB
:1008C00000001E00000F3F000000000000000000BC
:1008D00000003E0080073E0000E007000000F0013D
:1008E000000C3C00C0037EC0FFE087E3FF0FFE0F5B
:1008F000000F7800C0037EC0FFE3C7E7FF0FFF1FB4
:10090000C00FF800E003FEC0FFE7E3EFFF8FFF3FFB
:10091000F01FF000E007FCC0EFE7F3E7FFCFFF7F39
:10092000F80FE001F00FFCC0CFE7FB037CE00F7F86
:10093000FC03E003F01FFCC1CFE7FF01FCE0077EF2
:10094000FE00C003F83FF8C1CFE7FF00FCE0077EE0
:100950007E00C00778FFF8C1EFE7FF00FCE0077EEC
:100960003E0080077CFEF9C3FFE3FF01FCE0077E49
:100970003F00000F3CFCF3C3FFE1FB03FCE0077EFC
:100980007F00000F3CF8FFC77FE0F307FCE00F3F5C
:10099000FE01001F3EE0FFC70FE0F307FCC0FF3F72
:1009A000FE1F001E1EC0FFCF0FE0E307FCC0FF1FAD
:1009B000FC1F003E1E80FFCF0FE0C707FC00FF0FAB
:1009C000F81F003C1F00FEDF0FE08701FC00FE0364
:1009D000E01F007C0F00FC1F000000000000000072
:1009E000000000780F00F03F000000000000000051
:1009F000000000F80F00E07F000000000000000091
:100A0000000000F8070080FF010000000000000067
:100A1000000000F0000000FE0700000000000000E1
:100A2000000000F0000000F83F000000000000009F
:100A3000000000F0000000E0FF00000000000000E7
:100A4000000000E000000080FF0700000000000040
:100A5000000000E000000000FC3F0000000000007B
:100A60000000000000000000F0FF01000000000096
:100A7000000000000000000080FF3F0000000000B8
:100A8000000000000000000000F8FF0F0000000060
:100A900000000000000000000080FFFFFF7F00005A
:100AA00000000000000000000000FCFFFFFF00004D
:100AB00000000000EFF23BA63785000001468D459F
:100AC000130525C7A52E6FF05BA7EFF2DBA4130576
:100AD000C00CEF306CA123A2A1AC6FF01BA6EFF20B
:100AE0009BA303A501ADEFE0DC8FEF00FCB1084153
:100AF000EFE03C8FEF700CEC0841EFE09C8EEF10C4
:100B00007CED0841EFE0FC8DEF20FCE10841EFE0D7
:100B10005C8D6FF09BA2EFF21BA0EF20DCE02A843B
:100B200037680020B7670020B7050200374500008E
:100B3000130808A393870783154785461306000803
:100B4000938545571305259AEFE02CA308C0EF10B5
:100B50007CE82A8437680020B7670020B7050200C8
:100B600037350000130808E9938707A91947854618
:100B7000130600109385C55713056555EFE0EC9FEC
:100B800008C0EF007CA82A8437880020B7770020AF
:100B9000B7050200371500001308089F9387077FE9
:100BA0002147854613060008938505581305A56E51
:100BB000EFE0AC9C08C0EF30ECF02A8437780020DE
:100BC000B7670020B705020037450000130808C4C6
:100BD000938707151D478546130600209385855882
:100BE0001305E52EEFE06C9908C0EF105CDE2A8457
:100BF00037580020B7570020B705020037350000EE
:100C00001308087D9387073D194785461306001092
:100C10009385C55813054500EFE02C9608C037783A
:100C2000002037040200B7770020375500009305F5
:100C3000045913080879154785461306C02B938776
:100C400007CA1305853AEFE04C9323A8A1ACEF70D7
:100C50006CD6AA8437880020B7870020B705020029
:100C60003795000013080825938707A52147854677
:100C700013060020938585591305C5D0EFE0EC8F4E
:100C800088C037980020B78700203785000093057B
:100C90000459130808F39387072B21478546130649
:100CA000003213054511EFE04C8D37680020B7671F
:100CB0000020B7050200374500001308080F93878E
:100CC00007EF11478546130600089385055A13055B
:100CD0008528EFE08C8A37A80020B7970020B70559
:100CE000020037850000130808A81547854613063B
:100CF000C02B9385C55A938707F9130545E8EFE0A4
:100D0000CC8723A6A1ACE13B6FF03B83EFF2BB8025
:100D1000EF00BC812A8437A5002013050537EFD0EA
:100D20006C9808C0EF00FC8D2A8437A500201305BD
:100D3000453DEFD02C9708C06FF03B80EFF2ABFD44
:100D4000EFB04CB7B7A6002037A600202A84014791
:100D50009386063F130606AE89454145EFD02CED3C
:100D600008C0EF20FCBBB7A6002037A600202A84CD
:100D700001479386C638130606B085454145EFD036
:100D80000CEB08C06FF06BFBEFF2EBF8C1670111E1
:100D900089073ECA37140120B70718009387072038
:100DA000AE841304C4CD6C003ECC2A8908C402C6AC
:100DB00002C802CEEFC04CA937B60000B7B500009C
:100DC000014789464A851306865F9385A55FEFC074
:100DD0002CAE3745004005469305000613050580F7
:100DE000EF90ACCC371501408565130505C0EFB019
:100DF000DCCF89652946938505712685EFC0DC80A7
:100E000004D005616FF06BF3F1473305F502B717B6
:100E1000012093874764D8413E959C4958C17D176E
:100E20001CC9DC453337E00058A95CC59C4D230B39
:100E30000500232405001CCD01458280EFF20BEC58
:100E4000371402405C4C37070018AE89D98F5CCC50
:100E5000377700401C43328AAA8493E707101CC3EB
:100E6000EF90CCB61C5041672A89D98F1CD01C50FA
:100E700041777D17F98F1CD00545EF90EC8901442F
:100E8000930AA00F13051004EF908CA801ED6314D2
:100E900054016FF0EBE9050451451374F40FEFF0C2
:100EA000ACD2CDB79307A00FE305F4FEB71702400D
:100EB000985321641367071098D39853418F98D3A0
:100EC000EF90CCB9EF908CBAEF904CB91305F4FFCA
:100ED000EF90ECB5EF908CB8EF90CCAD3737004089
:100EE000835707805286CE8593E717002310F7803B
:100EF0004D45EFB01CE24A85EF90ACB037050200DB
:0E0F00001305857623A091BAEF906DDF59B7E7
:00000001FF
