:100000006F90004F13000000130000001300000069
:100010001300000013000000130000001300000094
:100020001300000013000000130000001300000084
:08003000130000007300100032
:1000380000000000000000004A3600004E360000B4
:1000480000000000369400000000000000000000DE
:10005800389400003A9400000000000000000000FE
:1000680006DC0000000000000002000000000000A4
:10007800409400004294000044940000E8CB000043
:10008800489400004A9400004C9400004E940000EC
:1000980050940000529400005494000012C50000CF
:1000A800E0C500005A940000AEC600007CC70000FE
:1000B8006094000062940000FEC000006694000096
:1000C800689400006A9400006C940000D436000024
:1000D80070940000729400007494000076940000FC
:1000E800343800007A9400008CD100007E9400001F
:1000F800809400008294000084940000869400009C
:10010800A6CF00008A94000088D800008E940000D2
:10011800909400009294000094940000969400003B
:100128005AD200009A9400009C9400009E9400000B
:10013800A0940000A294000028D30000A694000018
:1001480056D90000AA940000AC940000AE940000B8
:10015800B0940000B2940000B4940000B69400007B
:10016800B8940000A8370000BC940000BE940000BA
:10017800C0940000C2940000C4940000C69400001B
:10018800C8940000CA940000CC940000CE940000EB
:10019800D0940000D2940000D4940000D6940000BB
:1001A800D8940000DA940000DC940000DE9400008B
:1001B800E0940000E2940000E4940000E69400005B
:1001C800E8940000EA940000EC940000EE9400002B
:1001D8000000000000000000000000000000000017
:1001E8000000000000000000000000000000000007
:0801F8000000000000000000FF
:10020000130181F806C216C41AC61EC822CA26CC1B
:100210002ACE2ED032D236D43AD63ED842DA46DC76
:100220004ADECEC0D2C2D6C4DAC6DEC8E2CAE6CC46
:10023000EACEEED0F2D2F6D4FAD6FED8F3220030CF
:1002400096DA83A2C1BB23A02200F32510342EC06E
:100250009305000273A0458003A18194EFE05078DC
:1002600003A3C1BB03210300824273901234D65210
:10027000739002309240A2423243C2435244E2445D
:10028000724582551256A2563257C2575258E258FA
:1002900072598649164AA64A364BC64B564CE64C0E
:1002A000764D865D165EA65E365FC65F13018107DA
:1002B0007300203013000000130000001300000042
:1002C00013000000130000001300000013000000E2
:1002D00013000000130000001300000013000000D2
:1002E00013000000130000001300000013000000C2
:1002F00013000000130000001300000013000000B2
:1003000083A28194938202E07390023403A1C1BB63
:10031000024182403243C2435244E2447245825514
:100320001256A2563257C2575258E258725986494D
:10033000164AA64A364BC64B564CE64C764D865D61
:10034000165EA65E365FC65FD652A102739002307B
:10035000A2421301810782801300000013000000F5
:100360001300000013000000130000001300000041
:100370001300000013000000130000001300000031
:100380001300000013000000130000001300000021
:100390001300000013000000130000001300000011
:1003A0001300000013000000130000001300000001
:1003B00013000000130000001300000013000000F1
:1003C00013000000130000001300000013000000E1
:1003D00013000000130000001300000013000000D1
:1003E00013000000130000001300000013000000C1
:1003F00013000000130000001300000013000000B1
:10040000F322003093F272FF130380781203B3E2F9
:100410006200711523205500130585FA10C12115BE
:10042000232005009302000063870200711523203A
:100430000500FD12D5BF71150CC1828000000000BF
:1004400000000000000000000000000000000000AC
:10045000000000000000000000000000000000009C
:10046000000000000000000000000000000000008C
:10047000000000000000000000000000000000007C
:10048000000000000000000000000000000000006C
:10049000000000000000000000000000000000005C
:1004A000000000000000000000000000000000004C
:1004B000000000000000000000000000000000003C
:1004C000000000000000000000000000000000002C
:1004D000000000000000000000000000000000001C
:1004E000000000000000397101436EC619A0397187
:1004F00041536AC866CA62CC5ECE19A039710153F5
:100500005AD056D252D44ED64AD826DA22DC06DE4B
:1005100033016140828241114AC026C222C406C60C
:100520008282B24D4101024D924C224CB24B4101AC
:10053000024B924A224AB249410102499244224462
:10054000B240410182803D432A876373C30293779F
:10055000F700BDEFADE5937606FF3D8ABA960CC372
:100560004CC30CC74CC74107E36BD7FE11E2828036
:10057000B306C3408A069702000096966780A600DD
:100580002307B700A306B7002306B700A305B700EB
:100590002305B700A304B7002304B700A303B700E3
:1005A0002303B700A302B7002302B700A301B700DB
:1005B0002301B700A300B7002300B700828093F5A2
:1005C000F50F93968500D58D93960501D58D61B76E
:1005D000939627009702000096968682E78086FA17
:1005E0009680C1171D8F3E96E374C3F8A5B7EFF24E
:1005F0001FF0AE96939906013A8B1307160093D914
:10060000090142074183CE86AA842E84B28A034A16
:100610002509EF00D00901C90549933B1A006395EC
:1006200089002389440901B783470B00B377F90098
:100630008DC723894409014785465686A2852685AC
:10064000EF0040750504060942041379F90F418053
:10065000E31709FC050B0549D9B783C71409FDF356
:1006600023897409C9BFEFF27FE932971319070193
:10067000B689AE9613590901C2064A87C1822A8BF0
:10068000AE8A32843E8AEF00900201C993847900D9
:10069000C204C1808D806313890059BD2286050480
:1006A0005287CE86D6855A8542049137269A418054
:1006B000DDB7EFF2BFE4329793140701B689AE9627
:1006C000C180C2062687C1822A8A2E893284EF0021
:1006D000007E01EDB1BD228605040147CE86CA85A4
:1006E00052854204EF00006B4180E39684FEDDB743
:1006F000EFF27FE21C418145902B834785034859E7
:100700003306F6020E0681350DBDA1471CA11385E7
:1007100041CB8280EFF23FE03687AE84B286B715D8
:100720000000371600004111130686229385C52F5D
:100730002A84EF00D05C1305F100C13F9087B71603
:100740000000AA852687938686ED2285EF00101388
:100750004101E5B3AA959C218831A2073E95420547
:100760004181828001458280EFF2FFDA9C21AE84D4
:100770002A841CA19C311CB1BC213CA1BC313CB1E0
:10078000DC215CA1DC315CB1FC217CA1FC317CB1C1
:100790009C251CA59C351CB5BC253CA5BC353CB591
:1007A000DC255CA5DC355CB5FC257CA5FC357CB581
:1007B0009C29C5451CA92685713F2AA8CD452685BB
:1007C000513F4AA8D545268571376AA8BDB3104167
:1007D0000348C5001C223307B8001377F70FB3D6C0
:1007E00007419D4763ECE70093F7F60F58A57D5549
:1007F0003315B5001345F5FF7D8D828093071600F4
:100800001CC11C32214633060641B397C700D58F61
:10081000611793F7F70F1377F70FC9BFEFF2BFCF49
:100820002CD183458507930405062A8423060506F3
:100830002685713F834594072305A4062685413FFD
:1008400083472409A305A4062307F40693B71700DA
:10085000A307F406DDB1EFF21FCC2E848D3F7D148B
:100860008547B39787001D8D62056185F9B185477E
:10087000638CF60091C68947638AF6000D8D11A03E
:1008800032954205418182802E95E5BF118DD5BFFD
:100890008547638CF60091C68947638AF6003295D6
:1008A00011A02E95420541818280118DE5BF0D8DED
:1008B000D5BFEFF25FC38344850603499506411116
:1008C0002A84AE89328B834BA40693FAF90F338ABC
:1008D0009B40137AFA0F63743A01937AFA0F034735
:1008E0000407939C8401131C89010355440693DC7F
:1008F0008C41135C8C41BA866286E6853AC6493FD4
:100900003247835D64066286BA862A8DE6856E85E7
:10091000B93F2A86324763080B028347E40623095E
:10092000F408D686EA852285B521CE9493F4F40F97
:1009300063E14903B3847441050993F9F40F137912
:10094000F90F814449B78347D406E5F38347F4069A
:10095000F9B723049406A30484074101D9B6EFF242
:100960001FB92A84130A0506553D8345A4075285FD
:100970008309B406CD358345B4072A8C5285E13D01
:100980008345C4072A8B5285F9358304A406AA8AB5
:10099000635D90084E9B834B0407330B6041035506
:1009A0004406620B135B8B41DE865A86E285CD35A9
:1009B0002312A4062A89035564065A86DE86E28538
:1009C0007D352313A40685472A86638CFB06638046
:1009D0000B0689476387FB088D47638BFB0A2A87D1
:1009E000CA86CA852285E12129C1231404068345CC
:1009F00064075285E93B834574072A895285C13BC8
:100A0000AA840146CA8522856D35A68522850546BC
:100A10004D3585455285653B6DF583079406E3C8E2
:100A200037FD8347E4062309F4085685EDBCCA94D4
:100A300093960401B304350113970401C1824183E5
:100A40004DB7B3073941AA940509931609011397C5
:100A500004018507C18241831399070113590901D4
:100A600049B70547B3049740B307990033073741A7
:100A70009304190093960401B305E500930415004F
:100A80001397040113960501C18241834182E9B79E
:100A9000B304954013061500B306390185041317F6
:100AA0000601C20613960401C1824183418215BF2B
:100AB0003C4D1307F00FDD076368B702130700060C
:100AC000637DB70003578508BA97983335C39423DD
:100AD000E39CB6FE13852700828013070004E376AB
:100AE000B7FE03576508CDB7EFF2FFA20354A50880
:100AF000AE843E94228981454A85A9392A94894544
:100B00004A8589391109E36895FE1C301820A2072F
:100B1000D98F13978700A183D98FC207C18399CB3F
:100B20006395F4001305340009BC3C203E94F1BFEA
:100B3000014582800145CDBFEFF2FF9D2A848D3FA4
:100B40000DC5AA852285D9398345A40793040406D7
:100B5000268511338345B4072308A4082685E53983
:100B60008345C4072685C539C9BA0145F5BFEFF2EB
:100B70001F9823050506AA84AE8AF12BC1671309C5
:100B800000FC014A0144138BF7FF9389E7FF930BA5
:100B900000FC83C50A00DC4026858297AA85630392
:100BA0006503850AE30735FF26857937131A0501A2
:100BB000135A0A0163147901038904095294420407
:100BC0004180C1BF8387A40691CF03870409BA97E8
:100BD0003E943304444142044180635520014A94C9
:100BE0004204418022856FF01F94A306B5068280DF
:100BF000EFF2DF908347050705472A842E89B284E8
:100C0000B689638FE7029DC709476383E7040D47F1
:100C10006384E704CE8523122407231394062285D8
:100C2000413DAA85014589C52285153B4205418183
:100C30006FF01F907C4D8297AA94C204C180D9BFE7
:100C40007C4D82973309A940420913590901D9B74C
:100C50007C4D8297898CD5B77C4D82972A99EDB7C8
:100C6000EFF2FF884169AA8C2E84B284B689130AF8
:100C7000F9FFD521014C7919854A094B8D4B83A782
:100C80004C0083C5090066858297AA8663034505E3
:100C90008509E30625FF2686A2856685913F83C7E1
:100CA0000C076380570391CB6381670363817703EC
:100CB0002A9C420C135C0C01D9B72A94420441804F
:100CC000C5BFAA94C204C180E5B7098CC5BF898C91
:100CD000D5BF62856FF03F85EFF2FF83B717000045
:100CE0009387C70B5CC1AD3F6FF03F853C4DA9CBEF
:100CF00003061508830625088347D5082307C5087A
:100D0000A307D50895CF0547639FE70083073508FC
:100D10006354F6002307F5088307450863D2D7021A
:100D2000A307F50882808307E50703070508BA973C
:100D30006354F6002307F5086354D700A307E508BA
:100D40008280B7070000938747767CCD8280384D3C
:100D5000630DB700EFF22FFC2A842CCC1305450756
:100D60002134228561376FF04FFD8280EFF2AFFAB8
:100D7000B71700009387C70B5CC1D53B6FF0EFFB43
:100D8000EFF26FF97E3D1D8E5C55420641828297DF
:100D90006FF0AFFA8347C508C1CBD9C6854763F961
:100DA000D70089476317F7068505958DC205C18170
:100DB000058B25EF8357C5046368F6068357E50462
:100DC0006374F606AE96C206C18283578504035843
:100DD000A50463F9B60463F605059306F8FFC20699
:100DE000C18263F3D704BE8863F3B700AE889395DE
:100DF0000801C181C28763F30601B687B386B74095
:100E0000C206C182EFF22FF11C599C4782976FF006
:100E1000CFF28D47E31EF7F80506158E4206418294
:100E200041BFBE85E3EF05FB828083578504E3ED78
:100E3000F5FE8357A504E3F9F5FEB296C206C1821A
:100E40008357C5040358E50463F9C60263760603B5
:100E50009306F8FFC206C182E3F8D7FCBE8863F3AD
:100E6000C700B288139608014182C28763F3060166
:100E7000B687B386C74069B73E86E36F06FD6DB798
:100E8000894763E5B7002309B508828085472309B0
:100E9000F50882806379B60085476364D500B3B7EF
:100EA000C6003E858280E36CD5FE8147DDBFEFF250
:100EB0008FE62A84AE848355E5040355C50436893C
:100EC000BA86C93F01C98355A40403558404CA8660
:100ED0002686C9376FF06FE60343250993787600BD
:100EE0008547339817011378F80F014E63E56700C3
:100EF000428E6309F30403230500619A5C5903439E
:100F000003013306660242064182B295BE950DCFBB
:100F100005479C218508FD16B367FE00B347F8001E
:100F2000C2069CA193F87800C18263900804323D08
:100F300083472509B2956365F700054E638EE70286
:100F400005481DA8014845BFAE96C206C1829C2136
:100F50008505B367FE00B347F800A38FF5FE9397AE
:100F60000501C183E395D7FE828093171E00060812
:100F700013FEF70F1378F80FC9FE828083458503AF
:100F80001441834895031397050141839317370054
:100F90005EBD9C2A13980801135808018E073EBDB8
:100FA000931738007EBD903AC6956356B600330756
:100FB0000641420741830E072310F504BA97231117
:100FC000F504DE2A2312F504FE2A2313F504828099
:100FD000EFF26FD465376FF04FD6EFF2CFD34D33CA
:100FE0006FF0AFD5EFF22FD3035765058356250574
:100FF00003564505835505052A84553D09E5230615
:1010000004086FF08FD385472306F4080357840440
:10101000835704056374F7002314F40483572405ED
:101020000357A40463F4E7002315F404835744052D
:101030000357C4046374F7002316F404835764054C
:101040000357E404E3FFE7FA2317F4045DBFEFF26C
:101050008FCC03574504231405042315E5043841B8
:1010600078C549376FF06FCDEFF2EFCA1C59417761
:1010700038C9DC4378C982976FF02FCCEFF2AFC943
:1010800093071010230CC502A30C0502A306050646
:10109000A3060508A30805082319F5081C4354D521
:1010A0004CD918D9232C05042A84829722856D3FB8
:1010B00022854139230804066FF02FC8D1C9A947FA
:1010C0006388F508034765022DE79307B00F63FABD
:1010D000B70095472303F50285890EB1C165F9155F
:1010E000B9A09307700F63F7B70091472303F50288
:1010F0008D89E5B79307F00E63F7B7008D4723039B
:10110000F5029D89D9BF9307F00D63F7B7008947B2
:101110002303F502BD89D1B79307F00B63F7B7003E
:1011200085472303F502FD894DBFC205C1812E8588
:1011300082801E3193F5F5037D179A07DD8DC20578
:101140001377F70FC1812303E5020EB16DD379B791
:10115000C165FD15E9BF230305028280EFF2AFBB35
:101160001C492E8681469305000282976FF0EFBCE2
:10117000EFF26FBA1C49B2862E86DD4582976FF07A
:10118000CFBBEFF24FB94111CC871306F100854573
:10119000C53741016FF06FBAEFF2EFB75C452E86AD
:1011A0008146D54582976FF04FB9EFF2CFB65C45D7
:1011B000B2862E86DD4582976FF02FB8EFF20FB41E
:1011C0004111AA842E845D49E549130AE00FD54AEE
:1011D0000C20638C25036367B90063F0550341015C
:1011E0006FF00FB563FBB902E39B45FF1030930529
:1011F00090022685D087E92439A01030DC4481464E
:10120000D087268582970904E1B71C301306F100C8
:1012100085452685DC87513FFDB7DC448146014684
:101220002685050482976DB79387C5FE93F7F70F60
:1012300015476362F704EFF20FAE79678A07130769
:1012400047E1BA979C4341113289AE842A84828750
:1012500081452937CA8522852D37054541016FF023
:10126000CFAD854536C6DD3DB2461C484A86A685CB
:1012700022858297E5B701458280EFF22FA82E8460
:10128000CC212A89B2898E0593F5F50393E50504EF
:10129000213783C569004A8593E5850BF53D7C20A0
:1012A000A1CF542058309387860093F7870F958FEE
:1012B00093F7F70F9375F70F63F4E70093F5F70FC4
:1012C000AE960D8F10408E0593F4F50FA68554A0B1
:1012D00058B04A85D93D0C405C30AE9404C091EBC7
:1012E00083A709001CC083C749005CB07C20FD17A0
:1012F0007CA05C209D8BC5F76FF08FA3EFF2AFA1B0
:10130000A94741112A84638CF50863EAB700A54711
:101310006381F5088144268541016FF00FA2AD4736
:101320006381F50CBD47E397F5FE9C423689D432C4
:101330003EC483574900508713978700A183D98FF4
:101340007C869D4763E1D7025C4581460546E145C1
:1013500082974A862C0022850D375C4481460146DF
:10136000E545228582971886BD478544E3E5E7FA7F
:101370005C4481460946E145228582974A862C00D5
:101380002285E53D5C4481460146E54522858297FC
:1013900059B7F9659385C5E265208544ADBF7520D1
:1013A0005C4481460546E145228582979385C18646
:1013B000228529355C4481460146E5452285829790
:1013C0005C44E14581460946228582979385C18622
:1013D0002285ED335C4481460146E54522858297AE
:1013E0006DBF5C4581461DE60546E14582979385C4
:1013F00001872285E1335C4481460146E54522852B
:1014000082975C44E145814609462285829793850F
:1014100001877DBF0546E1458297938541872285F7
:10142000713B5C4481460146E545228582975C44D8
:10143000E14581460946228582979385418749BFC8
:101440000CC1BC292301F5028280EFF2CF8C5C49EC
:1014500081460146930580022A8482975C44814636
:101460000146D14522858297228505469305B00421
:1014700081281C40228593059002D023912022854B
:1014800001469305B0042D281C4022859305900247
:10149000D0233D20228505469305B00415201C402D
:1014A000930590022285D03321286FF00F89EFF247
:1014B0008F861C4581460146A54582976FF0EF87D0
:1014C000EFF26F855C49814682976FF00F87014587
:1014D0008280B71700009387E74C1CC55CC51CC908
:1014E0005CC9FD5723200500A30105022303050263
:1014F000232C05002302F5022304F5028280EFF27B
:101500008F8141112A842EC632C436C23AC0D137E7
:10151000B2452246924602470CC450C414C858C86B
:101520002285713741016FF04F811385019B8280C5
:1015300005458280EFE23FFE854741112A8663F52B
:10154000A7008D4763E4A70283A5019B37E5000050
:1015500074001305850302C6EFE0704701C9B24766
:1015600091C7B7E700E0116723A0E72005454101D7
:101570006FE0BFFCEFE23FFA2A8403A5019B7D5791
:10158000814605468D45EFC070018547630FF50024
:1015900011C98947630BF5008D476308F5000545C0
:1015A0006FE0BFF923200400DDBF08C0CDBFEFE22C
:1015B0009FF683A5019C411137E5000074000546A4
:1015C0001305850302C6EFE0904001C9B24791C7F9
:1015D000B7E700E0116723A0E72041016FE0FFF5C6
:1015E000EFE27FF303C7D19B9385D19B238EE19AD2
:1015F00003A5419BEFC0C01C83A781A082976FE029
:10160000DFF31385019C82801385819B8280EFE24A
:101610009FF085476380F60489476381F60401479C
:1016200081461384419B014608C0EFC0400B08402F
:1016300037160000B7150000014789461306E65A21
:101640009385055EEFC020120840EFC040100545AD
:101650006FE0BFEE056793060060E1B7056793068C
:101660000040C1B7EFE23FEB2E8483A7419B15C535
:101670009385D19B3E85EFC0A0143715014093059B
:101680000020130505C0EFB0C02F03A5019C8545C0
:101690000DC0EFC0F00D6FE05FEA3E85EFC00014B3
:1016A0003715014093050020130505C0EFB0602CED
:1016B000E9BFEFC05004C5B7EFE2FFE52A84371554
:1016C000014093050020130505C0EFB0802A03A553
:1016D000419B9375F40FEFC0000D05456FE0FFE5EA
:1016E00083C7C19B1CA105458280EFE2DFE203A511
:1016F000019C7D57814605468545EFC0206A854798
:10170000E317F5FE83A7C1A08297D5B7EFE2BFE04C
:1017100008218545EF00E1247D572386E1806FE0B5
:10172000DFE1EFE25FDF41118545054502C202C4FA
:1017300023160100EF80700483A7818237470F00D2
:1017400013070724B3D7E7024C00370500402315E1
:1017500001007C8489679387F7703EC2EF80F02296
:101760000546854537050040EF809054854537058F
:101770000040EF807052854537050040EF80F05BF8
:10178000B7E700E0056723A2E71041016FE0FFDA49
:10179000EFE2FFD541111385819C371A0020EF80BD
:1017A00030750144BD3F938C4180130C8AA1938B0B
:1017B0008180114B93140401C180138534014205CB
:1017C0004181EF206054B3878C0088A31385740196
:1017D00042054181EF204053B3078C0088A3138555
:1017E000B40142054181EF202052B3878B0088A3CA
:1017F0000504E31164FD9386819C13868180930523
:101800008AA113854180EF90503F9567938707E247
:101810003EC29167938787A93EC44800A5473EC64C
:10182000EFF000661933184123ACE19C41016FE0F1
:101830009FCFEFE2BFCC0111C88793F745002E84FC
:10184000B9C39379F50F1307C0033387E902B717BC
:101850000120938747C6BA97D44798473697D44B09
:101860009C4F3386F6006374C700B307D740938458
:10187000419D8E203ECE13076010AE976371F70630
:101880001305F1006135937784009DCB9384C1806B
:1018900098209307F00F6315F70288878545EFF0CE
:1018A000507188870566130686B6B305C502B7175B
:1018B00000209387C72CBE95EFF0B0189C879CA0A2
:1018C0009377040181C77D572386E1801374040454
:1018D00001C47D572386E18005616FE07FC53739FC
:1018E00000201309C9997008CA954E85EFF0901A27
:1018F0009E2072473E97420741839AA09947E3F49E
:10190000E7F88356490093978600A182D58FC207D6
:10191000C18393865700E3D8E6F69907E312F7F6FA
:101920000545EFF03FC103A5819D7D5785460546DE
:101930008545EFC0A046B73500201386419C9385AE
:1019400045AA4E85EFF0504A9384819D01C5130549
:10195000F1006D3B88408945EFC080612DB7EFE213
:101960009FBBEFF09060937715002A8499C737E505
:101970000100130545E4EF8011219377240099C7F6
:1019800037E50100130585E5EF80F11F93774400EB
:1019900099CBEFF07061118919C537E50100130586
:1019A00005E7EF80511E418819CC0145EFF0305D0D
:1019B000AA8519C10145B53D0545EFF0505CAA85E2
:1019C00019C10545BD356FE05FB7EFE2DFB439718E
:1019D0001304601F11C12A841306C0038145480007
:1019E000EFE07FB68D4722D64C001384D18013855B
:1019F000D1803ED0EFF02063814719E90820EFF055
:101A00009060854711C508208945EFF090758147A2
:101A10003E8521616FE07FB2EFE2FFAF1385D18099
:101A2000EFF0DFCE6FE07FB1B73700209387C79923
:101A30001CC19387419D9A230545239007009AA1D5
:101A40008280EFE25FADB73700202E862E84AA8514
:101A5000138547AA938447AAEF70912523A2819CFE
:101A60001384819D0840854523A8919CEFC0405078
:101A700008407D57854605468945EFC0203205451B
:101A80006FE0BFABEFE23FA983A701A182976FE0B0
:101A9000DFAAEFE25FA8B726000095652A86954782
:101AA0000547938646A8938505E20D45EFB01022C1
:101AB00005456FE09FA8EFE21FA60D45EFB06069F6
:101AC0006FE0BFA7EFE23FA50D45EFB030156FE027
:101AD000DFA6EFE25FA4D53D01E50D456FE0FFA570
:101AE0000145EDBF8280EFE21FA33D376FE0FFA409
:101AF000EFE27FA201112A84AE8468089305A10158
:101B000032C61D3715C9724715453C333423A20729
:101B1000D58F93968700A183D58FC207C18391EBA0
:101B2000BC8532461D0798C0E5171EA2FD571CA0B4
:101B3000014505616FE07FA01545E5BFEFE2BF9D60
:101B40009307160013D787401D06238FF5FE2E85B9
:101B5000A38EE5FE93150601C1816515DD35954718
:101B600011C181473E856FE05F9DAA95C2057966E8
:101B700079681307F00F9306F00FC181130646E84A
:101B8000130848F893170501C1836396F500139570
:101B90008600598D828005058347F5FFB98F33078D
:101BA000F6001823C297358F9423E9BFEFE2BF9662
:101BB00032842E852146A285EFF07FA585476310EC
:101BC000F5029567938707B01305300263E4870039
:101BD000130580027D3D054781476303E5008D477E
:101BE0003E856FE09F95EFE21F938145054523AE4B
:101BF000019CEFF03FA7C1356FE03F94EFE2BF914A
:101C000081450145EFF01FA6753D6FE01F93EFE2A0
:101C1000FF8E1384819E1E201307F00F4111637104
:101C2000F702B7E60100796637E501009386460DB5
:101C3000130646089305B0091305C50FEF70617EC2
:101C40001E200D476366F700154541016FE05F8E6A
:101C50002E890E20AA89373500209304C5BA1305B2
:101C6000C5BA32C619376DF19C20324685042380EF
:101C7000F9001E20F5171EA223209900F9B7EFE204
:101C80009F8983A4C19D85476399F4061384A19E0F
:101C900006A0AA87A38FF5FE1E201385F5FF3E96AA
:101CA0004206418212A00E2023A2A19E7D3D1A2051
:101CB0009376F50F21814207418393071700C207EE
:101CC000C1831EA0B73700209387C7BA3E9714A3DD
:101CD0001A201375F50F85454207418393061700B7
:101CE000C206C18216A0BA9788A3014523A0919E7F
:101CF000EFF05F9701456FE05F841545EDBFEFE2C0
:101D00009F8183A7019E411185C3B7E601007966D3
:101D100037E5010093864611130646099305400EE8
:101D20001305C50FEF70E16F1305F100EFF05F9B36
:101D30009387C19D98438546630FD70019C789468D
:101D40006302D7048D476314F700EFF0DFD6014537
:101D500041016FE08FFE9386819E239006009A22B8
:101D600013160701418213071600420741839AA206
:101D70009487373700201307C7BA329714A309474F
:101D800098C3E1B71387819E16231306F00F636390
:101D9000D6021E2393960701C18293871600C207BD
:101DA000C1831EA39887B73700209387C7BAB69719
:101DB00098A361BF0D47E9B7EFE2EFF583A7C19D97
:101DC00005476381E702B7E60100796637E5010060
:101DD000938646191306860A930500121305C50F4C
:101DE000EF7021649384019E984019C7630BF7003C
:101DF000014422856FE06FF481450545EFF09F8631
:101E0000C5BF1384A19E1E20C207C18395C39384BE
:101E1000419E9C40882362056185EFF0FF899C40CC
:101E200085079CC01E20FD17C207C1831EA0C9B72D
:101E30000D45EFF02FF02A848145054523A00400CD
:101E4000EFF05F827DB7EFE20FED1387C19D144382
:101E5000094641111384C19D638FC6028D47638873
:101E6000F604014595CA1443B9C214436381C604FC
:101E7000184301456304F702B7E60100796637E5C8
:101E80000100938606131306C60B930580151305F0
:101E9000C50FEF7001590545EFF0CFE985472AC618
:101EA0001CC0EFF03FC2324541016FE00FE9014530
:101EB000F5B7962115476398E60858213031930607
:101EC000E07C2207518F131687002183598E42062A
:101ED00041821307F6FF42074183AA870D4563E657
:101EE000E606EFE24FE3B823943323900500220780
:101EF000558F854694A396219354360093F4F40F9E
:101F0000850696A19376760081C6850493F4F40F36
:101F100084B396212E8413852700850696A19315F8
:101F2000870021834D8F93051700C2058146C1812B
:101F3000EF30002401C5092B6FE02FE01E20014582
:101F4000BE9406A0D5BF0D45828082809A21954718
:101F50006311F70658218D4731EF38311306D00F42
:101F60009306F7FF93F6F60F6376D604EFE2AFDA47
:101F70003C210C314111A207CD8F93958700A1839D
:101F8000CD8F93851700130717F0C205133717007D
:101F900085460546C1816800A30601005886EF30DA
:101FA000201D814719C14D21AA873E8541016FE05F
:101FB000CFD88D473E85828096211547637FD7060F
:101FC00058213031AA872207518F131687002183A9
:101FD000598E420641821357360093767600137766
:101FE000F70F81C605071377F70F9306F6FFC206B2
:101FF000C1821308F07A0D456363D804D43363902B
:10200000E604EFE24FD1B8232E848C3322071385E8
:1020100067004D8F931687002183558F0507931511
:1020200007018546C181EF30A01401C531296FE059
:10203000CFD095471EA00145DDBF0D45828082802F
:10204000962115476397E608582130319306E07CC6
:102050002207518F131687002183598E4206418231
:102060001307F6FF42074183AA870D4563E5E6069D
:10207000EFE26FCAB8239433239005002207558FEF
:10208000894694A396219354360093F4F40F850661
:1020900096A19376760081C6850493F4F40F84B3F9
:1020A00096212E8413852700850696A19315870017
:1020B00021834D8F93051700C205C181EF30401475
:1020C00001C559266FE06FC71E200145BE9406A0CA
:1020D000D5BF0D45828082809A219547631CF70207
:1020E000EFE26FC33C210C318546A207CD8F93955B
:1020F0008700A183CD8F93851700C2050546C18156
:102100000D05EF20F077814719C13D2EAA873E8546
:102110006FE0AFC28D473E858280EFE2CFBF9A214C
:10212000954463F7E406582130319306700722077F
:10213000518F131687002183518F13160701418297
:102140001307F6FF42074183AA870D4563EDE602B8
:10215000D433131716001377F70F6396E602B823EC
:102160002E848C332207138567004D8F93168700CA
:102170002183558F0507931507018546C181EF20FF
:10218000307001C5D1246FE04FBB06A00145E5BF0B
:102190000D45D5BF96211547639AE606EFE2AFB726
:1021A00054211306C007AA8793940601C1801387A0
:1021B000F4FF420741830D456362E6042E84B82391
:1021C0008C332310040088A31220860622070506FC
:1021D00012A04D8F94B393158700162021834D8F45
:1021E000930517008506C20516A026868146C18183
:1021F00013852700EF20D06801C5B9246FE0EFB345
:102200001E2086040145BE9406A0CDBF0D458280E8
:102210009A21A54763F2E70EEFE24FAE5C21383119
:102220002A84A207D98F93998700A183B3E7F90085
:102230009399070193D909019387F9FFC207C183D5
:102240001307C0070D456367F70A1C247030130796
:102250008007A207D18F13968700A183D18F139691
:10226000070141829307F6FFC207C1836364F70841
:10227000183493171600639FE70624202E890C302C
:10228000A2047C20CD8C4C30A2078546CD8F93953F
:102290008700A183CD8F93851700C205C1811305E7
:1022A000A400EF20F05D39E923100900DD471CA0F0
:1022B00083570900139A190093958400850723100A
:1022C000F900A300440183570900A180CD8C9385B8
:1022D00014008507C2052310F90081464E86C1818E
:1022E00013052400EF20D05911E9835709003E9AC5
:1022F000231049016FE0CFA301458280B122DDBFE9
:10230000962115476390E608582130319306B007AF
:102310002207518F131687002183518F131607014F
:1023200041821307F6FF42074183AA870D4563EDFB
:10233000E604EFE24F9E2E843E858C331147BC238A
:102340002310040018A11A20A207931416000507F1
:102350001AA004B1CD8F939587001A20A183CD8F49
:10236000938517000507C2051AA0C1810905EF2052
:10237000303E01C5D1286FE04F9C1E200145BE9420
:1023800006A0D5BF0D4582808280EFE2CF9803D4AE
:10239000C19EAE84B735002022869385C5CA050547
:1023A000EF700111050482A001456FE00F99A1476C
:1023B00063F3C702EFE22F96B7E60100796637E5CF
:1023C00001009386061C1306061B93058003130564
:1023D000051DEF70010513D735009307170033086B
:1023E000E5003E958547B397C700FD17C2070E0766
:1023F0003387E540C183B397E700182103460800FF
:1024000093C7F7FF2207518F9D89F98FB396B600C6
:10241000DD8EC206C1862300D800C206C182A18219
:1024200014A1828093D735003E951C3108219D89E7
:10243000A207C98F05453315C500B3D7B7407D1531
:102440007D8D1375F50F82809D4763E7A700938705
:102450008187AA978823828011458280EFE2AF8B23
:102460009388F5FF93F8F80F9307600F63F6170151
:10247000094422856FE06F8C238AB1802E886DF924
:10248000B687B7260000B285938666BE23A0D1A08A
:10249000B72600009386C6BF23A2D1A0B7260000AE
:1024A0009386E6C723ACD19EB72600009386E6C08C
:1024B00023AAD19E23AE019EB72600009386E6CFC5
:1024C00023A4D1A0B7260000938686DB23A6D1A043
:1024D000B7260000938666E423A8D1A04285BA8679
:1024E0003E86EFF0AFEC2A8449F5EFF06F8409C522
:1024F000054723A8E180B5BF0D44A5BFEFE2AF813A
:102500002A8437E501001305051FEF70D167228586
:10251000EFF02FDC2A8419C937E5010013054520A7
:10252000EF707166054723A8E18019A8EFF04F808E
:1025300019E937E5010013054521EF70D1640D4419
:1025400022856FD09FFFB7270000938747AE23A057
:10255000F1A0B7270000938767AE23A2F1A0B727A9
:102560000000938707AF23AAF19EB7270000938747
:10257000C7B323ACF19E23AE019E7D57238AE18031
:1025800055B7EFD25FF9138401811840854719458B
:102590006318F70083A701A0829701452320040058
:1025A0006FD0BFF9EFD23FF783A7018141111944E2
:1025B0006395070C6800EFE0FFFB0547AA876304FB
:1025C000E50001445DA832476303A7088946E31A82
:1025D000D7FE03A581A10C213707002023A8F19E77
:1025E00013060700238AB1A08147138481A11389B0
:1025F00041A19384019F130707004148142291CA07
:102600006391D5088E07BA97DC439385E1A1829741
:1026100088C083C7C1A1D5D794409387E1A185C263
:1026200003470900104085458EA3136707F818A2D9
:1026300092231840930516008EA3329714A3922379
:1026400003A7819F0C4003C5418102979DBF83A7CB
:10265000419F9384C1A11386E1A1938581A1138534
:10266000C1A182972A8431FD9C2003C74181630365
:10267000F700A1FB0945EFE0FFEB228541016FD098
:10268000DFEB85072106E39B07F761B79307400659
:102690003345F502A9474205418163E8A706F9677A
:1026A000938747220A053E951C41828723800500B7
:1026B000930760041CA2828089479CA19307800233
:1026C000D5BF91479CA1E547F5B795479CA1D14758
:1026D000D5B79D479CA1BD47F1BFA1479CA1A94784
:1026E000D1BFAD479CA1A147F1B7B1479CA19D4780
:1026F000D1B7B9479CA1994775BFBD479CA19547E4
:1027000055BFC1479CA1914775B7D147E5BFEFD2EF
:102710009FE07971BD47AA842E84368593056100B8
:10272000130671005C83DC83EFF05FF69C83034E3D
:1027300061009308C05D93960701C182B388F84099
:1027400013982700139716008608B30EC041139301
:102750002600814701458145054FD14F634A170146
:1027600005476369F70A81471EA045616FD0FFDC0A
:1027700093161700A6960396060063DBCE046359F2
:10278000C605B30607418606A6968396060063C56E
:10279000C604B306E8008606A69683960600634D37
:1027A000D60211C19DCD814593861700101886076A
:1027B000B297135617001A974207050593F6F60FBE
:1027C000239CC7FC41831375F50F63EDDF00B687CB
:1027D00009074207418359B719C16384E50185455B
:1027E000E1B795463000054781472E220A220507AA
:1027F0001377F70F898DAE97C207C1830906E36689
:10280000D7FEFD16B3C7D702C207C1838607C2072A
:10281000C18399BFBE86F9B7EFD2FFCFB386C50299
:10282000AA88014701450148634FD7002E8681469B
:10283000C285EF409109EF60817DEFD01032EF60EB
:1028400051206FD09FCF93171700C697839707002B
:1028500032974207B387F702418313DEF741AA9705
:1028600033B3A70072983E851A987DBF856793871A
:102870000777AA971A2136211105158F231EE5FE29
:10288000E39AA7FE828005668147014781461306C9
:1028900086BB139817002A9803180800939807011D
:1028A00093D8080163D406014687C2868907E3925C
:1028B000C7FE05839AA136858280EFD2DFC5094520
:1028C000EFA0D0350145EF90B03103A5C1A313842B
:1028D00001A50147938701A585461146814523201F
:1028E0000400EFD000281C4091C7B7E700E0116753
:1028F00023A0E7206FD07FC4EFD2FFC10545EF9042
:10290000E07E1384B1A3931505010420C18505451C
:10291000EF90700EB747002086049387C743A697B1
:102920008AA31C209946850793F7F70F1CA01387ED
:10293000818163F4F6040C23373501408546054652
:102940001305058023000400EF60B04C03A5C1A36C
:10295000138441A50147938741A5854609468145D2
:1029600023200400EFD0E01F1C4091C7B7E700E030
:10297000116723A0E7206FD05FBCBA978C23373450
:1029800001401305048085460546EF609048854563
:1029900013050480EF607046F9BF9D4763E8A70206
:1029A000EFD27FB7AA852A847D45EF10A0133705A3
:1029B00000201305050806042A941A20B7470020B2
:1029C0009387074BDAA39AAB6FD03FB7828013850A
:1029D000C1A38280138501A48280EFD23FB21D7112
:1029E000EF90A00DAD450D45EF900018AD45114598
:1029F000EF90801723A201A4B707040013840700F7
:102A0000814493890700294A3E20139904011359F0
:102A10000901D3F717D01E204A863EFAD3F717D004
:102A20007E200C183EF8D3F717D05E200D453EFEF1
:102A3000D3F717D0850411043EFCEF90C0254A86D9
:102A40000C181145EF902025E39044FDEF90000A0B
:102A5000A9450145EF9000169389C9022946CE8504
:102A60000145EF908029A9450545EF90A01429461E
:102A7000CE850545EF906028A9450945EF90801364
:102A8000CE8529460945EF90402793070010B706E9
:102A900008007010894501452316F102EF90C078B7
:102AA00093070002BEC8B72701409387C744BECA38
:102AB000B73700209387C7CCBECC8547BEC6856795
:102AC000938787BB231EF1048C00856713060002E1
:102AD0000A85BEC482C082C2EF60911DB736000075
:102AE0009386A68B014685450A85EF901011014516
:102AF000EF90901F373700001307878F81460546F8
:102B0000B7050E000545EF90607C83C581813735A0
:102B100001409D46054613050580EF60902F054551
:102B2000EF60B03A3745002093090557130600328D
:102B3000814513050557EFD01FA13744002013042A
:102B4000044B1309001937550020232034012312A8
:102B500024019309058923240400130600328145CA
:102B600013050589EFD03F9E8D475EAC938781A208
:102B70001CCCB74700209387C7445CD0B7470020E0
:102B8000938707461CD8B7470020938747475CDCEC
:102B9000B7470020938787483CC4B74700209387F6
:102BA000C7497CC8B7470020938747533CD0B747F5
:102BB0000020938787547CD4B74700209387C7555C
:102BC0002318240123263401232A0400231004029D
:102BD00006B42316040246B8231C040223109404EE
:102BE000231204042316940423180404231C9404BD
:102BF000231E0404231294062314040623189406A7
:102C0000231A0406231E9406231004083CDC2561C5
:102C10006FD01F92EFD23F907D45EF10E00EB704CA
:102C2000002093840408060526951E2137440020C1
:102C30001304044B7D455EA0EF10000D0605AA9419
:102C40009E20130520021EA8EF1080082AA4130559
:102C50004002EF10E0076AA86FD03F8E1A251C4192
:102C60000607BA978EA31E255A218507C207C1837E
:102C70001EA563E4E70023140500828052211A2573
:102C800081469305F6FFC205C1818147631CD600CA
:102C90000315A5003305C502898F33C5C702420558
:102CA0004185828011E32E877D17420703280500A6
:102CB0004183931817004698031808008506C2063A
:102CC000C297C182E1B7EFD27F8341112A8A1305EF
:102CD000800DEF1060033744002085472A891304D4
:102CE000044B6307FA0A89476307FA0C1305440289
:102CF000EFF0DFF8420513064006938541A44181B9
:102D0000EF80D0582A844145EF100000AA8922851F
:102D1000EF608129B7E7010003A6073283A6473297
:102D2000EF50A15893870188D2978023854763820B
:102D3000F90A89476383F90EB7E7010003A68732D2
:102D400083A6C7321344F4FF33742401EF50E155D6
:102D5000EF60214F2AC6EF600144B7E7010003A6E8
:102D6000073383A647331374F40FEF50A148B267BB
:102D700063540500D30700F0A2851305800D3EE6DD
:102D8000EF009070B2674101538507E06FD04FFAB2
:102D90004545EF007077AA8913050403EFF01FEE95
:102DA000938541A413064006890542054181EF80C1
:102DB000F04D2A84A9BF4945EF001075AA89130573
:102DC000C403EFF0BFEB938541A4130640069105C1
:102DD000E9BFB7E7010003A6873283A6C732EF50E9
:102DE000C14CEF6001462AC6EF60E13AB7E7010047
:102DF00003A6073383A64733EF50C13F634B050457
:102E0000B7E7010007A78731B267D397E7A0A9C743
:102E1000336489001374F40F85B7B7E7010003A684
:102E2000873383A6C733EF504148EF6081412AC6FC
:102E3000EF606136B7E7010003A6073483A6473485
:102E4000EF50413B63470500B7E7010007A7C731D3
:102E500065BFD30700F06DBF1344F4FF3374240142
:102E600055BFB94763E6A714EFD2EFEA7967931627
:102E700025001307072536971C432A848287374588
:102E8000002013050551EFF07FDF42054181EF601F
:102E9000A10AB7E7010003A6073283A64732EF5025
:102EA000C140EF60013AD30705F029A0938701A341
:102EB000B6979C63538507E06FD02FE83745002015
:102EC0001305854CEFF09FDBD37705D0538507E0E2
:102ED000EF60612CB7E7010003A6073283A64732F3
:102EE000EF50A13CB7E7010003A6073183A64731A5
:102EF0007DB70145EFF03FDD7DB70545E5BF0945ED
:102F0000D5BF994719456303F4001D45B147330503
:102F1000F502B74700209387074B3E95EFF01FD689
:102F200013170501994741830D456303F4001145CB
:102F3000896593850571B305B7028567FD17998F7C
:102F4000D3F707D053F705D0D377F718D38507E029
:102F5000EF80F03AB7E70100D30705F007A7873005
:102F6000D397E7A0A1DBD307E720A9B73745002017
:102F70001305C551EFF09FD0B7E70100D37705D017
:102F800007A7C730D3F7E71035B70395A1A4D377C8
:102F900005D00DB73745002013058552E1BF0395D5
:102FA000C1A4F5B787A701A231B787A741A219B776
:102FB000D30700F0538507E0828052211A2581460D
:102FC0009305F6FFC205C1818147631CD600031536
:102FD000A5003305C502898F33C5C7024205418567
:102FE00082800328050093181700469803180800EC
:102FF000C29711E32E877D1785064207C2064183DB
:10300000C182E1B7EFD22FCE41119307B05D7C832F
:1030100023120100EFB0305DB7E7010083AB07304A
:1030200003AC4730B74A0020938A0A4B2AC615449E
:10303000014B01498144B73900205E8DE28D938CAC
:10304000CA06094A85456800EFC0C0066306090044
:10305000630F49010549FDB7373501408545130523
:103060000580EF6080590945EFA0A00E1DAA054715
:103070003400194681450145EFC0F005A247898B10
:10308000A1C7374900201309C943138A8A01831550
:1030900009005285310AEFF07FBC0909E3994CFF22
:1030A000A947B3F7F402054B6312F4027D141374BD
:1030B000F40F11E02544373501408545130505809F
:1030C000EF60A053014B19A0E31C0BFCA247918BAE
:1030D0006382070C056A1389C9CC130A0A774A9AD6
:1030E0008315090001450909EF90E010231FA9FE8F
:1030F000E31849FF1385C9CCEFF04FF79305210082
:103100001385C9CCEFF02FF8AA8693056100094614
:103110001385C9CCEFF0AFDF2C839307A05D63EF7D
:10312000B70409461385C9CCEFF00FEFD30705F0BC
:10313000539517C01319050113590901D37719D0F5
:10314000538507E0EF6021055E86E286EF50E115CA
:10315000EF60210F23A2A1A24C004A85EF8010103E
:10316000D37715D0538507E0EF60E1026A86EE86DB
:10317000EF50A113EF60E10C23A0A1A28565938518
:1031800085BB0145EF90C0370145EF90E03509451B
:10319000EF90307C850493F4F40FA54763F3970018
:1031A0008144094979BD9C4221476369F708EFD200
:1031B000EFB479678A071307C728BA979C43B68488
:1031C0003289AE892A848287EF90F00F098919C16C
:1031D00001459DA02285EF90701285479CC0CDBF10
:1031E000EF90900D05896DD59305A00D2285EF9088
:1031F00010138947E5B7EF90300C098971D9228502
:10320000EF90700CCE852285EF9090108D47F9B726
:10321000EF90900A1375050845DDCA852285EF9069
:10322000300FA14765BFEF903009137545084DD1A8
:103230002285EF90700B05456FD08FAF01458280DE
:103240009C4229476364F70CEFD24FAB79678A073A
:103250001307072BBA979C43B6843289AE892A8418
:103260008287EF905006098919C1014571A822850E
:10327000EF90D00885479CC0CDBFEF90F003058943
:103280006DD59305A00D2285EF9070098947E5B7AC
:10329000EF909002098971D92285EF90D002CE85F6
:1032A0002285EF90F0069147F9B7EF90F000137583
:1032B000450845DD2285EF907004A9476DBFEF906A
:1032C000A07F05895DD19305A00D2285EF90500662
:1032D000994755B7EF90407E098941D92285EF90F3
:1032E000807E9D4749BFEF90207D1375050435DD35
:1032F0002285EF9050052285EF90E07A2300A90007
:103300002285EF90607E05456FD08FA201458280B7
:103310009C411D476367F718EFD24F9E79678A0774
:103320001307C72DBA979C432A84411113451500F2
:10333000368AB2842E898287B28693050003294695
:10334000EFF07FE68547631BF5042320A90023A047
:103350000400A9A0B286930500031306F100EFF064
:103360003FEE8547631CF5029C87A18BEDF38947EF
:103370002320F900E9BFB7570020938787BD1316B4
:1033800034003E96A6869945EFF09FEB854763177C
:10339000F50023A004008D472320F90041016FD0E0
:1033A0002F99B2860E04375600200504130686BDF9
:1033B00022969D45EFF0DFE88547E311F5FE23A057
:1033C00004009147D1BF37570020931A3400930966
:1033D00087BD13862A00A6864E96A145EFF05FE6CC
:1033E0008547E31DF5FA338759011C2314332C2339
:1033F000C207A206D58FCD8F3707800093D5B700BF
:103400006379F700B70500FFAE97AD839395070189
:10341000C18131453304A402374500202310BA008E
:103420001305054BC205C1852295EFF03F839547F3
:1034300081B7B2860E04375600200D04130686BDF0
:103440002296A545EFF0DFDF8547E319F5F49947AC
:1034500005B7B7590020131A3400938989BD1306A4
:103460004A00A6864E96A945EFF09FDD8547E317F3
:10347000F5F233348000314525043304A402D29997
:1034800083C5390083C7490037450020A205BE9592
:10349000C2051305054BC1852295EFF02FFC9D4712
:1034A000C1BD82800547A38CE1A2238D01A2828049
:1034B00003C5A1A3828003C791A349CF138691A31B
:1034C000138581A31821938681A32548B75700202F
:1034D000938507BB6362E80283D6A1A49317170004
:1034E000AE9796A39307A7008607BE9583D7C1A47E
:1034F000050718A19EA18280EFD2EF81938707BBB9
:10350000138547010147814503D807008907C29504
:1035100003D827014297E319F5FEA947B3C5F50281
:10352000374400201304044B130520022300060037
:10353000238006003347F7022EA4C205C1817AA872
:10354000492B6E281305400269230547238DE1A20C
:103550006FC0BFFE8280EFC27FFA37140140411175
:10356000A16513050480EF90C0411305803EEFB0C4
:103570001041A16513050480EF90A03FB7440020DF
:103580001305803E9384044BEFB0703F1D44EFC0A1
:10359000B36802C402C6EFF0EFE7938AC400EFB04D
:1035A00090042A8B02C002C213092003824763845D
:1035B0008700639A270192476384870063952701F8
:1035C0000545EFB0D03BEFB0100233056541420531
:1035D0004181E54763F3A704824763868700054579
:1035E000EF90805002C49247638687000145EF90B8
:1035F000A04F02C62685EFF05F9CD37705D01389D4
:1036000001A356852720F900EFF03F9BD37705D023
:103610002722F900EFF03FEA59B7954763F8A70072
:10362000824791E34AC0924791E34AC29386A1A49C
:1036300030008A850145EFF0BFCD9386C1A47000AC
:103640004C000545EFF0DFCC95B77300203037E52F
:10365000010019711305853482FE86FC8AFA8EF802
:1036600092F696F49AF29EF0A2EEA6ECAAEAAEE8E2
:10367000B2E6B6E4BAE2BEE042FE46FC4AFA4EF8D2
:1036800052F656F45AF25EF062EE66EC6AEA6EE8C2
:1036900072E676E47AE27EE0EF60F14EEFC0D04A67
:1036A000AA8537E501001305C535EF60D13BEFC0B2
:1036B000104AAA8537E501001305C536EF60B13A17
:1036C000EFC05049AA8537E501001305C537EF6003
:1036D000913901A0317106DF16DD1ADB1ED92AD718
:1036E0002ED532D336D13ACF3ECD42CB46C972C762
:1036F00076C57AC37EC182FE86FC8AFA8EF892F67F
:1037000096F49AF29EF0A2EEA6ECAAEAAEE8B2E631
:10371000B6E4BAE2BEE042FE46FC4AFA4EF852F681
:1037200056F45AF25EF062EE66EC6AEA6EE872E611
:1037300076E47AE27EE0EF70A05B13050008EF60AC
:103740004049FA50EA525A53CA533A55AA551A56A2
:103750008A567A47EA475A48CA483A4EAA4E1A4FFA
:103760008A4F7670E6705671C6713672A6721673FD
:1037700086737664E6645665C6653666A666166721
:1037800086677278E2785279C279327AA27A127BAD
:10379000827B726CE26C526DC26D326EA26E126FE1
:1037A000826F296173002030197182FE86FC8AFACB
:1037B0008EF892F696F49AF29EF0A2EEA6ECAAEAA1
:1037C000AEE8B2E6B6E4BAE2BEE042FE46FC4AFA31
:1037D0004EF852F656F45AF25EF062EE66EC6AEA81
:1037E0006EE872E676E47AE27EE0EF701030767092
:1037F000E6705671C6713672A67216738673766459
:10380000E6645665C6653666A6661667866772788C
:10381000E2785279C279327AA27A127B827B726C18
:10382000E26C526DC26D326EA26E126F826F0961D0
:10383000730020301971294582FE86FC8AFA8EF8C1
:1038400092F696F49AF29EF0A2EEA6ECAAEAAEE800
:10385000B2E6B6E4BAE2BEE042FE46FC4AFA4EF8F0
:1038600052F656F45AF25EF062EE66EC6AEA6EE8E0
:1038700072E676E47AE27EE0EF609069854537058E
:103880000040EF60904B7670E6705671C6713672EC
:10389000A672167386737664E6645665C6653666E8
:1038A000A666166786677278E2785279C279327AAC
:1038B000A27A127B827B726CE26C526DC26D326EA8
:1038C000A26E126F826F096173002030EFC2BFC415
:1038D00003A5C1A5411170008145EFC0A046B247C4
:1038E00091C7B7E700E0116723A0E72041016FC04F
:1038F000DFC4EFC25FC203A581A54111238001A6E9
:1039000081467000938501A6EFA05040B24791C751
:10391000B7E700E0116723A0E72041016FC0FFC1B6
:10392000138581A582801385C1A58280AA870A217B
:103930001307500D6364A704EFC2FFBD9847054607
:10394000AC23B433630BC70019C70946630EC70025
:1039500001456FC09FBE0D2EE5BF854799E1B33786
:10396000D000BE85BD22EDB713978501C206558FE5
:103970004D8FCC23A205D98DE92ED9BF0545828074
:10398000EFC27FB99305500519E193054004054541
:10399000EF9070617D5685450145EFB090686FC02E
:1039A000DFB9EFC2BFB57971854513050004EF603B
:1039B0000059F1650567894601469385052005454F
:1039C000EF90F05137460000B745000001478946A7
:1039D0001306C68C9385258F0545EF90D058054575
:1039E0007969EF90D05601441309C9383C0803A502
:1039F00081A5B38A87002946D685EFA0B04393847A
:103A0000018205E185479CC001441C183E94034790
:103A100084FE93075005631FF70089479CC0054447
:103A2000F1B79C401147FD17E362F7FC8A07CA977C
:103A30009C4382870545EFF0BFF4014445BF03C7AF
:103A40000A00894763F8E7000545EFF07FF38547F3
:103A50009CC0E5B78D479CC0094449BF0504137459
:103A6000F40F9147E3F487F89CC049B70504137439
:103A7000F40FA147E3FC87F69547FDB705041374DF
:103A8000F40FB147E3F487F6EF50305B894528081F
:103A9000EF50505BEF50105D8347A101E316F5FA3C
:103AA00083479101220531463ED68347B1014C1030
:103AB0005D8DBC862312A1020A852313F102BC8707
:103AC0002314F102EF50D11E0A85EFF03FE62DFDE1
:103AD000ADBFB7570020938787BE3E950CA1A1814B
:103AE0000CB18280EFC23FA39307300641112A84B4
:103AF0006306F500930750066316F5002EC6EF40E7
:103B00000055B2452285EFF0DFFCB75500209385C4
:103B100085BE0947A9460946A2952285EF70F06A3D
:103B200041016FC09FA1EFC21F9F81451305000D8A
:103B3000EFF05FFB6FC07FA0EFC2FF9D9307800691
:103B40002A8493F4F50F630EF50C63E3A706C947C7
:103B500063E1A704C1476370F512A1476306F5103E
:103B6000B5476303F50E9947631CF5028D47014580
:103B700063EDB70A63880510B7550020938585BEAD
:103B800084A50947A9460546A1052145EF70F063C4
:103B900001A8FD47630DF50893077006630DF50452
:103BA000B7570020938787BE3E9404A00545B5A86B
:103BB0009307600B630BF50463E2A7029307A0066B
:103BC0006301F5066368F5069307B006E31AF5FC92
:103BD000E14763E7B70AE9F58544D9B79307900D44
:103BE000630BF50663EDA7009307A5F2C207C18337
:103BF0000547E367F7FA8547E3E0B7FE55B7930754
:103C0000B00DE31FF5F8914725A08D470D4563EEF4
:103C1000B700B757002003C517C5A685EF30A07DB4
:103C200041B789470945E3FDB7F66FC01F91994732
:103C30000145D5BF894763F3B7008944B7570020D2
:103C400083C5E7C92685D9BF93074006E3FAB7F4D1
:103C500093044006B1B791470145E3E8B7FCB75775
:103C60000020A38D97CA2DBFB757002083C7E7BE9A
:103C700001459DD75DBF89470145E3F397F275B7CD
:103C8000E14439BF814429BFB7570020938787BEDD
:103C90003E950CA18280EFC21F882A84EFF0DFE9F5
:103CA00001CDB7550020938585BE0947A946054635
:103CB000A2952285EF7070516FC03F88B7570020E2
:103CC000938787BEAA97983388232207598D8280CD
:103CD000B7570020938787BE3E951C310821A20765
:103CE0005D8D420541858280B7570020938787BE4E
:103CF000AA979833A82322074205498F8823498F22
:103D0000A8336205598D8280B7570020938787BEFC
:103D10003E9508218280B7570020938787BE3E9545
:103D200093D785000CA11CB193D70501E1813CA17B
:103D30002CB18280B7570020938787BE3E9593D7DA
:103D400085000CA11CB193D70501E1813CA12CB1E8
:103D50008280EFC24FFC2A84EFF0DFFDB7550020D0
:103D6000938585BE0947A9461146A2952285EF7025
:103D7000D0456FC08FFC3E211A21C20733E5E70012
:103D800082808AA14181AAA18280B75700209387AF
:103D900087BEAA979833A82322074205498F882314
:103DA000498FA8336205598D8280EFC2CFF6411149
:103DB0002AC41305B00599C11305F005EFF0FFFC07
:103DC000530700F0A267D30605F0530507E0D3A719
:103DD000E7A0B9EFD3A7E6A0A1EFD317F7A05387C9
:103DE000F72099E35397F720530507E03EE636E4C2
:103DF000EF50613AA2662A84AE84538506E0EF5004
:103E000081392A86AE862285A685EF3091582A868A
:103E1000AE86EF408149530700F0B2672E87D30783
:103E2000F7A081E7370700802D8FBA85EF506141F9
:103E300041016FC08FF0011122CC4ACA06CE4EC894
:103E40002A892E841305000A99C11305400AEFF050
:103E5000DFF3D30700F0D30609F0530705F05385CD
:103E600007E0D3A7F6A09DEF4A853AE6EF50A132CE
:103E700032672A89AE89530507E0EF50C1312A869F
:103E8000AE864A85CE85EF404142B7E7010003A6E2
:103E9000073A83A6473AEF404141EF50813AA28565
:103EA000EFF0BFF0F24062445249C249056182809E
:103EB000EFC26FE62A841305B00599C11305F0051A
:103EC000EFF0BFEC530700F0D30704F0AA84D3A7A8
:103ED000E7A0D307E720A9E32285EF50C12BD30742
:103EE00004F0530700F0D317F7A081E7B70700806D
:103EF000BD8DEFC08046EF50C134538704F0D30727
:103F000005F0D30604F0D3F7E710530700F0D3977A
:103F1000E6A099C3D397F720538507E06FC0EFE180
:103F2000EFC26FDF4111AE84EFF09FF82A841305D2
:103F3000000A99C01305400AEFF03FE5D30705F0EA
:103F4000530700F02AC6D3A7E7A0530507E09DEB6F
:103F50002285EF504124B2672A84AE84538507E05E
:103F6000EF5061232A86AE862285A685EF30714206
:103F7000B7E7010003A6073A83A6473AEF3071413D
:103F8000EF50212C41016FC04FDBEFC2CFD8B757A4
:103F9000002083C707C591C705476387E7006FC047
:103FA000CFD9EFF09FE0E5BFEFF0FFE8CDBFEFC264
:103FB0008FD6B757002083C707C591C705476387CA
:103FC000E7006FC08FD7EFF0BFEEE5BFEFF05FF512
:103FD000CDBFEFC2AFD22A8439711305000D2E89EF
:103FE000B289B684EFF09FCD636085082A8A1305F5
:103FF000200DEFF0BFCCB307454163DA07006363E0
:1040000045077D14330444412A94420441801D45F0
:104010003305A4020947A9461D466C001305550D3A
:1040200042054181EF70005E188681479546137600
:10403000170019E68507C207C1830583E399D7FEF8
:104040002300F9009C86B8809CA41C87DCC09C8758
:104050009CB4834721012390E9002381F900216169
:104060006FC00FCD2A8465B723000900CDBFEFC212
:104070008FCA0111AA841305200DEFF03FC42A84D2
:1040800068004482EF8090454808EF80B0481D45A5
:104090003305A4028347C1013886A946DC82E24782
:1040A00078841D465C838347D1011305550D420575
:1040B000DC831C8709474C0041815C85EF70F01060
:1040C00013051400420541819307100363F3A70011
:1040D000014537540020930784BE2389A70C13059C
:1040E000000DA389070CEFF07FBD93071003930524
:1040F00084BE63E7A70005052388A50CA388050CEB
:104100000947A94611469385050D1305000DEF706B
:10411000D00B05616FC06FC2EFC2EFBF37540020F4
:10412000130484BE9305C40C0947A9461146130520
:10413000C00CEF709009930564020947A946054633
:1041400013056002EF707008930524020947A94621
:10415000094613052002EF705007930544020947F2
:10416000A946094613054002EF7030060947A946E3
:1041700005469305340D1305300DEF7010056FC023
:10418000CFBB914763E0A704EFC2EFB8F96793870D
:10419000873B0A053E951C4182878565938505808E
:1041A0003725014013050580EF80007C1375F50F5E
:1041B0006FC0AFB88565EDB78965DDB79165CDB7DF
:1041C000A165F9BF01458280954763E5A704EFC269
:1041D0008FB4F9679387C73C0A053E951C418287D7
:1041E000930500043725014013050580EF80C07753
:1041F0006FC0AFB493050002F5B7C145E5B7A1455F
:10420000D5B79145C5B73715014093050010130583
:1042100005C0E9BF01458280EFC2EFAF8547630C5F
:10422000F50209C989476305F5048D476307F5045D
:104230006FC0AFB089E937150140C145130505408E
:10424000EF802073F5B737150140C14513050540D0
:10425000EF802073F1BF99E5A145371501401305A3
:1042600005C0F9BFA14537150140130505C0CDB7FD
:1042700099E1C145DDB7C145FDB781E59305000270
:10428000E9BF93050002C5B7EFC2EFA8EFC0A314C2
:10429000EF70304BEFA0B06EEF705050EF70F03415
:1042A000C5BFEFC24FA7B75700202384A7CC114545
:1042B000EF80306A13064006FD550945EFB06056A1
:1042C0006FC0AFA7138541A78280EFC2CFA4B757B5
:1042D000002083A5C71037550020130600401305A2
:1042E00085CDEF50811A1375F50F6FC00FA5EFC282
:1042F0000FA037140140130504409145EF8060681A
:104300001305044093050008EF80A0678565371505
:104310000140EF8000672945EFA07066856537157D
:104320000140EF8000652945EFA07065130504404A
:1043300093050008EF80E063856537150140EF8045
:1043400040642945EFA0B063856537150140EF80D3
:1043500040622945EFA0B0629305000813050440B0
:10436000EF8020621305F003EFF0BFF30545EFA0E7
:1043700010619305000813050440EF80805F13056A
:10438000F003EFF01FF20545B7590020B7540020A5
:10439000EFA0F05EB75A00209389890D1304044002
:1043A000938484CCA14B7D5685450145EFB0604791
:1043B00083A549031306004013858ACDEF50410FB2
:1043C000138A8ACD0149930500082285EF80605B3E
:1043D00013050004EFF0FFEC136B890B5A85EFF027
:1043E0005FEC930500082285EF80A05813050004B8
:1043F000EFF03FEB5A85EFF0DFEA93070008114535
:1044000023A244019CC423800400239604000509D0
:10441000EF80305413064006FD5509451379F90F16
:10442000EFB02040130A0A08E31F79F9ADBFEFC2CD
:104430008F8EB71401402A8413850440EF80E05327
:10444000935524409317E4008D89DD8D9167F11712
:104450007D8DC98DC205C18113850440EF80A051B7
:10446000B724014013850480EF8020510E0413759A
:10447000F58713740478498C93150401C181138561
:104480000480EF80404F6FC04F8BEFC2CF8883C74F
:1044900081A741113754002002C6938481A71304D9
:1044A00084CCA5EB371901409305000213050940A0
:1044B000EF80204D1C2085651305094085C7EF80DE
:1044C000404C0820EFF0BFF62314040037150140DC
:1044D000914513050540EF80C04985479CA04101E7
:1044E0006FC0AF85EF80E0485A249307F00393052F
:1044F00000081305094063EBE700EF8080473A248A
:104500005C40BA978823EFF09FF2C9B7EF8060470D
:10451000FDB737150140914513050540EF80604612
:104520005E241307F0078507C207C1836361F704A0
:104530005EA43E241A248507C207C1833EA463E516
:10454000E7021145EF80906D03A541A77C0001476C
:104550008D4605468945EFB0C060B24791C7B7E7C1
:1045600000E0116723A0E720238004008DBF2316FD
:104570000400C1B7EFB23FFA0945EF50807FEF303A
:10458000006EEFB03047EFB0337071651305052052
:10459000EFB0704FEFC00352EFB0532EEFC0037A6D
:1045A000EFC0C376EFC02357EFD08F9E83A58182E3
:1045B00037E501001305453EEF50F14AEFA0E078E2
:1045C00001A0EFB25FF51545EFF00FF411C10945F9
:1045D000A38CA1A66FB07FF603C591A78280EFB22E
:1045E000FFF101112A890545EFF00FF2B7540020C1
:1045F000930730062A8A9384441863EC271F79674F
:10460000931719001307876F3E97A6978223930786
:10461000B0038359070063E52703796793172900DF
:104620001307873FBA979C43828719C8EF305025FC
:104630008947631AF50085476317FA00EF30506B1E
:1046400005616FB0FFEEEF30B02311E563150A008E
:10465000EFE05FE5F5B7239E0402DDB78D471389D0
:1046600091A763FA870683470900A1CB9D6713874B
:1046700017406302E402938727406310F4048545E2
:104680000545EFF04FE1B707EFBE37E700E093874E
:1046900007083CC739A881450545EFF0CFDFB707CC
:1046A000EFBE9387070837E700E03CC78347090060
:1046B00089E7834709009EA061B7930750056315FA
:1046C000F400EFF04FC6F5B79307A00AE313F4FE2A
:1046D000EF302047F9BF23008900631FF400EFF09B
:1046E000BFA313054006EFA09029B707EFBE37E739
:1046F00000E0938707083CC78347090081EB154515
:10470000EFF08FE085478145630DF5000347090011
:104710008947E317F7F21545EFF00FDFE31205F2D3
:1047200085451545EFF02FD721BF03C791A78947CE
:10473000E318F7F01305F9FF06052695EFF0AFE350
:10474000AA8513F5F90FEF403049DDBD2285EFE072
:10475000CFA4FDB5DE28E375F4EEA2854E85D9B76A
:10476000BE28E3FF87EC9E2CFDB7DE28E3FA87EC3A
:10477000FE28D5B79E2CE3F587ECC5B783C791A774
:10478000E38007ECD9BFDD47E3EC87EAFE20480869
:10479000230AF1009E24A30AF100BE24230BF1009A
:1047A000EF80606171BD9307B003F9BF7D144204CF
:1047B0004180F947E3E687E8DE244808230EF1004C
:1047C000FE243ECC9E28A30EF100EF8080638DBDB9
:1047D0007D1442044180AD47F1BF93072006D9BF45
:1047E00083C791A7E38E07E4A2854E85EFF08FAFD4
:1047F00081BD1307C9F906079307B9F929E993168B
:104800001900A6968E22F966938686743697C2079B
:104810000223C1833147E365F7E279678A0713070B
:10482000874EBA979C43828793F5F50F2285EFF068
:10483000AFB039B513F5F50FEF30500211B51305D0
:10484000F9FF06052695EFF00FD3AA857DA02697E0
:10485000860783590700F966130789F313161700B3
:1048600093860667BE9493170701B296C183130718
:1048700020048222E366F7DC79678A071307C751B1
:10488000BA979C438287EF40A073E30B05DAEF40B1
:10489000C07406059387418AAA978223268565B747
:1048A000EF400072E30E05D8EF40207306059387B2
:1048B000C189DDB72685EFF00FCCAA84EF40B10D9A
:1048C000B7E7010003A6877E83A6C77E2A89AE8943
:1048D000EF30511263450502B7E7010003A6077FD9
:1048E00083A6477F4A85CE85EF30F1056356A00049
:1048F000B7E7010083A4477DA68522856DA8B7E7A9
:10490000010083A4077DCDBF2685EFF0CFC6D30776
:1049100005F0530700F02AC4D397E7A0D30700F0AF
:1049200095E3EF405107B7E7010003A6077F83A691
:10493000477FEF305101A2676356A000B7E701003F
:1049400087A7477DD38507E04DBF13058006EFF0AD
:10495000AFBB89476308F5022685EFF0CFC1B7E703
:104960000100D30705F007A7877DD317F7A081EBD8
:10497000B7E7010007A7C77DD397E7A0E1D7D30723
:10498000E720C9B72685EFF00FBFB7E70100D307CF
:1049900005F007A7077ED317F7A081EBB7E7010063
:1049A00007A7477ED397E7A099C3D307E720D3850E
:1049B00007E01305C00BEFF0CFB959B19305F9F13A
:1049C00093B5150026852EC6EFF0EFBA2AC413055D
:1049D0008006EFF06FB3A267B24519C9854763003F
:1049E000F502B7E7010007A7077ED317F7A079B74D
:1049F000538507E0EFF06FBBD30705F0DDB75385B4
:104A000007E0EFF04FC3CDBF93F5F90F05B5CE85A5
:104A10002285EFF04FA81305600BEFF0EFAEAA85EB
:104A200013B51900EF20B01921B99307900C6394C6
:104A3000F900854515A09307A00CE393F9C08945BB
:104A400021A89307800DE386F9FE63E937019307F8
:104A5000700D8145E396F9BE2285E9B19307900D6B
:104A6000E38FF9FC9307A00D8D45E387F9FEC9BEDE
:104A7000CE85DDB7CE85228595BBEFB2DFA941118A
:104A80001305F100EF30C0619C8791E30145375475
:104A900000201304442C2314A40CEF30C05E231513
:104AA000A40C13056002EFF02FA6231FA40C13051E
:104AB000000DEFF0AFA0B75700202317A40C03D5CB
:104AC000872601ED2328040C232A040C232C040C34
:104AD000231E040C41016FB05FA61375F50F7D1501
:104AE000B756002042051389C6169384C1A7938642
:104AF000C6161386C1A79305F1004181EFF06FCD73
:104B0000834789002318F40C832749002319F40CE8
:104B100083479900231AF40C9C20231BF40C9C302F
:104B2000231CF40CBC20231DF40C9C87231EF40CC6
:104B300055B7EFB25F9E0145EFE0AFB28145375404
:104B400000201304442CEFF08FC69305840CEFF083
:104B50004FA30545EFE0EFB08545EFF04FC5930556
:104B6000C40CEFF00FA2EF402032B7E7010007A717
:104B7000877CD30705F09305040DD3F7E710539511
:104B800007C042054185D37705D0D3F7E718538591
:104B900007E0EFF00F9FEF40E02DD30705F05395AE
:104BA00017C0231AA40CEF408029231BA40CEF305C
:104BB0009046231CA40C6FB05F98EFB23F947969C4
:104BC000375400208149938A41881309897413045A
:104BD0004418138AC188214BB3873A0186239387EF
:104BE000C4F98607CA978A238604A294EFF00F8D32
:104BF000B3073A018AA0862389099387C4F98607F7
:104C0000CA978A238604A294EFF00F908AA0E395B6
:104C100069FD93844189138A640083D9040089045F
:104C20009387C9F98607CA978A23EFF00F96939561
:104C30001900A295EFF0EF94E3119AFE8354440E0D
:104C40001305000DEFF08F87637895001305000DB5
:104C5000EFF0CF862312A40E6FB09F8DEFB21F8AA4
:104C6000F9649384047BF969375400204111138A55
:104C7000C400938909671304441803D90400890404
:104C8000930789F38607CE978A23EFF00F90930559
:104C9000C9F98605A295EFF0CF8EE39044FF130586
:104CA000000AEFF08F8E9305C40FEFF08F8D130580
:104CB000400AEFF08F8D93058414EFF08F8CEF4056
:104CC000203063010510EF404031931415009387A5
:104CD000418AA6978A23EFF04F8B2AC61385C18994
:104CE00026950A21EFF06F8AD30705F03267530546
:104CF00007E09305E40D3EE6EFF0AF88B267F96494
:104D00009305240E538507E093844479138AA40104
:104D1000EFF02F87930A400E094B03D90400631864
:104D2000590B13058006EFE03FFE6312650B130578
:104D3000C00BEFF08F859305C9F98605A29589040C
:104D4000EFF02F84E39B44FDF9649384C47B138AC2
:104D5000A40003D904008904930789F38607CE973A
:104D60008A23EFF08F829375B9FF938505F293B58F
:104D70001500EFF0CFA39305C9F98605A295EFF0D2
:104D80004F80E3189AFC79691309C965130A490130
:104D9000835409000909938784F38607CE978A23F1
:104DA0009384C4F98604EFE03FF6A2948AA0E3114D
:104DB0002AFF1305E006EFE07FF02314A410410161
:104DC0006FB00FF7D30700F05387F7200DB79307A5
:104DD00089F38607CE978A23A9BFEFB2CFF30545A3
:104DE000EFE09FF28547631BF5001305300DEFE000
:104DF000BFF1AA851305900DEFE01FE96FB0EFF347
:104E0000EFB2CFEF9307300663E7A71083C791A7F0
:104E1000375900201304491801451EA0EF40606077
:104E20009305E403EFE0FFF50545EF40805F930550
:104E30002404EFE01FF50945EF40A05E93056404EC
:104E4000EFE03FF4938941A8138541A8EF70106902
:104E5000375500209304851713058517EF70906B65
:104E60000545EF60507783C709002311A40E130591
:104E700000027EA083C719001EA483C729009309DE
:104E800049183EA49C245EA4DC407EA49C34930478
:104E900049187D491EA8EFE07FE20ABC4D442285F7
:104EA0000504EFE07FE642048AB041808904E318FC
:104EB00024FF7964130484777969130AA401130920
:104EC000896F062009048604B30799008A23CE94CB
:104ED000EFE09FE38AA0E3168AFE0545EFE0DFE2FC
:104EE00011E9EFE0EFDC7D153335A000B757002066
:104EF0002390A71C0545EFE03FE18547631BF500C4
:104F0000EF300018691513351500B75700202390AE
:104F1000A71C6FB0EFE10545EFE01FDF01E5EFF003
:104F2000DFC965BF93874182982305C323800700AB
:104F3000EFF0BFEA1305300DEFE01FDDAA8537E57E
:104F4000010013058576EF500132EFF03FD171B7C4
:104F5000EFB2EFD9AA8A05452E843289EFE0DFDA75
:104F600006059387418BAA97054503DA0700EFE012
:104F7000BFD9330789009307000263DFE700931767
:104F800015001385C18A3E951E2105456368440BB3
:104F9000D297850763C4E70A7D1413170401418380
:104FA0009307300663EEE708B7E7010087A7C77CE1
:104FB000796BB7540020538C07E08149130B8B6247
:104FC0009384442C930B4003B3073B018843EFD0F9
:104FD0005FE953070CF0D30705F0B385340191095D
:104FE000D3F7E710539507C0D37705D0D3F7E71869
:104FF000538507E0EFE0FFD8E39879FDEF20B03567
:10500000CAB8EF207034EAB8EF30E0042396A40C5D
:105010001305800DEFE05FCF8ABCEF303000938541
:10502000A403EFE01FD61307CAF94207B7560020C2
:1050300041839386462C631F090001456FB0AFCEB4
:105040000545EFE07FCC01E5EFF03FA3E9BFEFF0CE
:105050005FAED1BF814763434401BA87B307F440D1
:105060008607B69792237D19890A2182238FCAFE6B
:105070009E2342090504A38FFAFE1359090165BF57
:10508000EFB2CFC741112A8905452E84B28436C6B6
:10509000EFE09FC706059387418BAA97054583D903
:1050A0000700EFE07FC6338784009307A002B24673
:1050B00063DFE700931715001385018B3E951E21D2
:1050C0000545636F3407CE97850763CBE7067D14EC
:1050D000A9CA85476395F606138AC9F9420AB75AE1
:1050E0000020135A0A01938A4A18B1C881476343C2
:1050F0003401D28703470900B307F4408607D697E7
:1051000022079AA309098346F9FF13150401FD1428
:10511000558F4181C2049AA30504EFF04FCCC180A2
:10512000E9B7131504014181EFF09FCD1387C9F949
:105130004207B756002041839386461889E401450B
:1051400041016FB0EFBE814763433401BA87B307B3
:10515000F4408607B6979223FD1409092182230F94
:10516000C9FE9E23C2040504A30FF9FEC180F9B74E
:10517000EFB2CFB89384F5FFC204C1803387C40077
:10518000914763CDE70632892E84AA899DC685475B
:1051900001456395F6043384C500420441801389B8
:1051A00014004209135909016309890283C50900E2
:1051B0002685CA84EF60B03DDDB7375A00204A9497
:1051C00013054A184204EF60F03D41801389140032
:1051D0004209135909016315890001456FB04FB5A4
:1051E000A685054613054A18EFD0CFA3AA86A68543
:1051F00005464E85EFD0AF9BCA84C9BF0545F9BFB0
:10520000FD15C205C1813387C500954763CAE7060E
:10521000EFB2EFAD375B00202A84935A360093DB60
:10522000350013054B18B28493F9750013891A00E1
:10523000EF60B049228A130B4B18B38B8B403305B8
:105240007A01420541812146CE855A957D19050A8C
:10525000EFD04F9D4209A30FAAFE13590901E31095
:1052600009FEA1479D88B3849740331595001375B7
:10527000F50F56943355954008A001456FB0AFAA7D
:1052800005458280EFB22FA915648544130404B04C
:105290002145EFE07FA7631395021D45EFE0DFA6F0
:1052A000AA850547A2860D460145EFD02F9B6DF1DB
:1052B000EFD02FAD71FDEFD0EFAEEDBF0145EFD0D8
:1052C000EFA3F5B703C641A937570020814613075E
:1052D000073C894593F7F60F63FDC70036888506BE
:1052E000B308D70083C8F8FFE396B8FE4297854617
:1052F00014A39306F6FFB7550020014793F6F60F67
:105300009385053C85486313E60082800DE181EFBB
:10531000B6873388F50003430800631113038947F8
:105320002300F8008280FD1793F7F70FDDB785079C
:1053300093F7F70FE3EFC7FC8147E1BF050713774A
:10534000F70FD1B70A059387C18BAA97884382804C
:10535000EFB26F9CB7070400375500209387477161
:105360001307A00393060008014681451305850D28
:10537000EFB06FAF6FB06F9CEFB2EF99EF60103C82
:10538000184123A6E1AA6FB04F9B83A501AB5148FA
:105390008147130640063387070393F6F70F2E97CE
:1053A00018236306A7008507E397C7FE8546368561
:1053B0008280375700209307073C23A2070023A0D1
:1053C00007002394070083C691AA5146B386C602FC
:1053D00083A701AB014601451307073C8945854872
:1053E00005432948B697D443814703AE4600631A64
:1053F000BE0005051375F50F19EE3306F7000CA274
:10540000054683CE0600850713FEF70F639A6E00EC
:10541000238AC1A98280330EF70023001E01D5B76D
:10542000C106E39407FD8280EFB24F8D83C791AA36
:1054300051477D153387E70283A701AB1375F50F3D
:10544000138991AABA971147636FA7047967130765
:10545000877F0A053A9518410287A22B1DC89377CA
:1054600004F0C2072167C183930607106387D7063C
:1054700063EDF6029966938606306382D7086385EA
:10548000E7049377F40F91C73E85EFF01FF02300F8
:10549000A9006FB0EF89822BD1B7C227C1B7E2272D
:1054A00075BFA22765BF822755BF93060730638962
:1054B000D70213070740E396E7FC938761AA982376
:1054C00069D37D1798A375BFEFF0BFEE094723841A
:1054D000E1AA05472386E1A86DB7238301AA55B742
:1054E000938461AA83C904001305000D8509EFE0C8
:1054F000EFFCE3D8A9F89C2085079CA059B7B70713
:10550000EFBE37E700E0938707083CC79DBFEFB2C7
:105510008F80EF2090300547938701AB630CE50047
:10552000370700201307876998C30545EF10B06B54
:105530006FB0AF80370700201307074E13059006A2
:1055400098C3EFE06FFC2A841305600BEFE0CFFBFC
:10555000AA852285EF10306A0145C9BFAA8879164D
:105560002E85994563E5C50EEFA2FFFAB7F5010058
:105570000A069385C5802E9610420286639C080019
:10558000EFE08FF842054181239CA1A8A38901A8DF
:105590006FA0BFFAEFE08FF2C5BF83D581A96397F3
:1055A000080093F5F50FEFE00FEFDDB7EFE08FD3D5
:1055B000C5B7138731A91C23850793F7F70F63E459
:1055C000F6001CA3F1B723000700D9B7938731A9D0
:1055D000982319E394A36DBF7D1798A355BF83C685
:1055E00031A9938881A913952600B7F60100938607
:1055F000C6C5AA9683D508009442138681A9AE96A3
:105600006365D7002390D80061B763130800BA8799
:105610001EA2BDBF83C631A9938881A91395260018
:10562000B7F601009386C6C5AA9683D508009442B2
:10563000138681A93385F5406366D500958D239047
:10564000B800B9B7631308003E871AA291B78280E9
:10565000EFA2DFEA538707F08D474111D30607F029
:10566000014963E7D7001388818B36980349080006
:10567000F915994763E2B702B7F70100938787826C
:105680008A05BE959C4136848287EFE00FF023AEF9
:10569000A1A80504A38981A841016FA07FE983A582
:1056A000C1A9EFE00FEBCDBF03C731A936969387B1
:1056B00031A905071377F70F6349E60098A39823EC
:1056C000E31C87FC050480A3C1BF23800700C5BF7E
:1056D00083C731A93696138731A999C31386F7FF7B
:1056E0001376F60F6304C40010A37DB77D1400A3E6
:1056F00065B783C431A963F59600FD1493F4F40FE4
:1057000037F401001304C4C693972400A297938929
:10571000C1A99C6307A70900D377F700D387D7A057
:1057200095C7530507E0CA948A04EF30D126A294A6
:105730002AC488402EC6EF3011262246B246EF100A
:105740005152EF30113023A0A900B9B727A0D900DA
:10575000A1B783C431A963F59600FD1493F4F40F47
:1057600037F401001304C4C6939724009389C1A998
:10577000A29787A609009C63D3F7F6085307F7A002
:1057800005C7538506E0CA948A04EF30D120A2945D
:105790002A8A8840AE8AEF3011202A86AE8652854A
:1057A000D685EF20117C71BF27A0E900F5B5F9156A
:1057B000994763E6B71EEFA27FD4B7F7010093873E
:1057C00047848A05BE959C41AA8482870144138937
:1057D00001AA91493385840042054181EFE0CFD28F
:1057E000B307890088A30504E31634FFA38901A841
:1057F0006FA01FD40144138901AA9149B3078900FE
:10580000338584008C23420541810504EFE0AFC855
:10581000E31634FFF1BF03C731A9B946938731A915
:1058200005071377F70F63EFE60098A398238D46DB
:105830001376B70F6305D600AD46E31BD7FA05070D
:1058400098A37DB723800700D5B783C731A91387F5
:1058500031A991CF9386F7FF93F6F60F93F5B60F24
:105860000D466388C5002D466385C600B6871CA318
:1058700041B7F917EDBF83C731A937F601000947D2
:10588000938501AA1306C6C5636FF7008A07B2970E
:10589000B8319C43BA971307F00F6364F700BCB1AB
:1058A00081BFFD57EDBF19476361F702F11793966A
:1058B0002700B296B8219C42BA971307F00F636491
:1058C000F700BCA135B7FD57EDBF29476362F7026A
:1058D000E1178A07B29798319C43BA971307F00FE4
:1058E0006364F7009CB129B77D57A380E1AA09B78B
:1058F000138747FF8D473367F70294210A073297D2
:105900001C431307F00FB6976364F7009CA1CDB555
:105910007D572380E1AAE9BD83C731A937F601008D
:105920000947938501AA1306C6C5636EF7008A0767
:10593000B297B8319C436365F7001D8FB8B14DBD78
:10594000A381050075B519476360F702F1179396B7
:105950002700B296B8219C426365F7001D8FB8A15D
:1059600041BD2381050069B52947636CF700E11744
:105970008A07B29798319C43E368F7F61D8F98B178
:1059800085BD138747FF8D473367F70294210A07C8
:1059900032971C43E3EEF6F69D8E94A191BD828072
:1059A000EFA27FB72E841DE1138581ABEF7000332A
:1059B000938781ABB82394339023B7F50100938587
:1059C00085322285EF40F11C6FA03FB77D159D47C2
:1059D000E3ECA7FEB7F70100938707860A053E951B
:1059E0001C418287A38901A8C5B7138581ABEF70DD
:1059F000803CD9BF03C731A99D46938731A90507CC
:105A00001377F70F63EDE60098A3982389466305A3
:105A1000D7009546E31AD7FA050798A375B72380F0
:105A20000700E5B783C731A9138731A981CFFD17D7
:105A300093F7F70F89466389D70095466386D700A9
:105A40001CA359B79D47EDBFFD17DDBF83C731A923
:105A500037F601000547938681AB1306C6C5636D13
:105A6000F7008A07B297B8229C43BA971307B0038E
:105A70006366F706BCA289BF1147636EF700F5178E
:105A80008A07B29798329C43BA971307B0036367AB
:105A9000F7069CB215BF1387A7FF89473367F70244
:105AA0008C220A0732971C435D47AE976364F70068
:105AB0009CA219BF98A209BF83C731A937F601007C
:105AC0000547938681AB1306C6C5636EF7008A0748
:105AD000B297B8229C436365F7001D8FB8A2EDB55D
:105AE00023810600D5B51147636FF700F5178A07C4
:105AF000B29798329C436365F7001D8F98B2E9B561
:105B0000A3800600D1B51387A7FF89473367F70243
:105B10008C220A0732971C4363E5F5009D8D8CA209
:105B200065B5238006004DB5EFA25F9D2A8405452B
:105B3000AE84EFE06F9DAA89EF10300A930720072B
:105B40002A8963E58704130424F9420441809147BC
:105B5000054663EB8700B7F70100938707880A04BF
:105B60003E941C4082870946B7F50100CA8693859A
:105B7000452D2685EF40F1016FA09F9B1546EDB79F
:105B80001946DDB71D46CDB72A86F9BF1305900625
:105B9000EFE08F979307E00763E2870C1304D4F8D4
:105BA00042044180A94763EA8700B7F70100938761
:105BB00047890A043E941C4082871D46E38609FA01
:105BC00011465DB71546E38109FA0D4671BF894755
:105BD0001D46E31BF5F8214641BF89472146E315E1
:105BE000F5F8254651B789472546E31FF5F62946BE
:105BF000A5BF89472946E319F5F62D46B5B789476C
:105C00002D46E303F5F6EF30A03B29051376F50F9B
:105C1000A1BF89473146E309F5F4F5B78947354611
:105C2000E304F5F4EF30C0392D05CDB78947394687
:105C3000E30CF5F2EF30C0383105C9BF89473D4666
:105C4000E304F5F2EF30C0373505C9B7894741465F
:105C5000E30CF5F0EF30C03639054DBF238004006A
:105C6000930700086305F40293071008630DF4021C
:105C70009307F007E312F4F08947E31FF5EEB7F559
:105C800001009385C52D2685EF400175F5B51305F7
:105C9000600BEFE06F878D47E310F5EEB7F501007D
:105CA0009385852FCDB71305600BEFE0EF8589470E
:105CB000E314F5ECB7F5010093850531E9B7EFA2E0
:105CC000FF839307B0054111AA89AE84328463F53E
:105CD000A7341305600B3A8AEFE00F832A89EF207F
:105CE0009033938749FAC207C18341476367F70836
:105CF00037F701008A071307078CBA979C438287FE
:105D0000EF30A02D9307C00506056395F9021387B0
:105D1000418E2A970A23854763F3870237F70100EC
:105D20000327870B930700008D460D46A285EFF0F1
:105D30003F92A1A09387C18DAA978A23E9BF19EC4E
:105D4000EFE0AF84EF302145AE86B7F501002A863B
:105D50009385050D2685EF40C16305A003A5C1A964
:105D6000D5B7EF20500EB7F701000A05938707ACAF
:105D7000AA978C432685EF40216641016FA04FFB17
:105D8000EF30A025B7F701000A05938747C0CDB7CC
:105D9000EF30002305C1EF30402409ED1945EFD065
:105DA0004F8CEF30413FAE86B7F501002A869385D0
:105DB000850D4DB79385C18C75BF8547E31CF9FEF2
:105DC0001D45F1BF8D47E317F9FEEF30E00BEF30D3
:105DD000813CAE86B7F501002A869385050E9DBFEE
:105DE0008D47E319F9FCEF30E008D30705F0B7F56C
:105DF00001009385C50E539607C02685EF40615973
:105E0000ADBF8D47E318F9FAEF306003B7F5010035
:105E10002A869385850FD5B7238004000544E301C6
:105E200089FA8D47E31BF9F4EF30201B59DDE30CB1
:105E300085FAD9BF238004001379D90F8547E31E63
:105E4000F9F2B7F50100938505102DB79147E3E608
:105E5000A7F2B7F70100938747900A053E951C41CA
:105E600082871305E00AEFD05FF28145EFE02F94BF
:105E7000D30705F023AAA1AA09A21305A00AE5B732
:105E80001305600BEFD05FE88547630DF5049317AA
:105E90008501E187B1C389476303F5048D47E31E9C
:105EA000F5ECEF2070092A84EF302013B7F70100DA
:105EB0000A05938787BFAA97984322853AC4EF3093
:105EC000812D2247AE86B7F501002A8693850513FA
:105ED0002685EF40014C55B51305200B69B7EF300F
:105EE000C04061B71305C007EFD03FEA6DBF13058F
:105EF0008006EFD07FE189476307F500B7F5010021
:105F00009385852C85BDB7F501009385C52B9DB57F
:105F100091476317F500B7F501009385C51099BD4A
:105F200011E5B7F5010093858511A9B5EF20400F64
:105F30008145EFE0CF87138441AB08C0EF30A12546
:105F40002A891305800BAE89EFD03FE4EF30A124FE
:105F5000B7F7010003A6870C83A6C70CEF107143A7
:105F60004A86CE86EF2061344A86CE86EF10614F96
:105F7000EF30212DD30705F008C0130580063EE65B
:105F8000EFD09FD8B267B7F701000A05938707B231
:105F9000AA979843538507E03AC4EF30C11FAE86F5
:105FA000B7F5010022472A869385451215B70145AA
:105FB000EFC03FEB5DBD0545EFC0BFEA85457DB550
:105FC00015C08D47E31BF4DAEF20800B894763127D
:105FD000F504EFE06FE015EDEF20805185472300D9
:105FE000FA0061BBEF20C0099947631FF50083C722
:105FF000C1A891C7B7F501009385C513A5BBB7F537
:10600000010093854516BDB3B7F501009385C5170B
:1060100095B3EF20604ED9B79307F5FC37F7010031
:10602000139617001307C7B23297C2070359070028
:10603000C1831307A002E362F7D437F701008A0790
:1060400013078791BA979C438287854763ED870042
:106050006317041A4A85EFD03FCB2A86B7050200A2
:106060009385054959BB0548854761478546228682
:10607000CA850145B1AA23800600854763F58700DC
:1060800005488147CDA2631DF40003C581A993177C
:10609000250037F50100130545AB3E950C41D9B9F4
:1060A0004A85EFD07FC6E5B723800600854763F4B5
:1060B00087029947631CF40013059006EFD0DFC4F4
:1060C00083D581A9EF102033EFF0AFAE05488147AB
:1060D0000D47814669BF19E84A85EFD0FFC2931783
:1060E000250037F50100130505B145BF03D581A98A
:1060F000FDB7238006001305600BEFD0FFC08D476E
:106100006313F504854763F287029947E31AF4F6AF
:1061100083D481A91305600BEFD01FBF93B4140083
:10612000AA852685EF10A029A1BF19E84A85EFD0DE
:10613000BFBD9317250037F50100130505BDB1BF9D
:1061400003D581A9FDB72380040005B9854763F411
:1061500087000548B5BF11E84A85EFD0FFBA2A8607
:10616000B7F501009385451A49B903D681A9CDBF7A
:10617000930780056310F5021305700B36C4EFD04A
:10618000BFB87D15931715001385418D3E950359B2
:106190000500A246238006008547E3E387EE19E861
:1061A0004A85EFD07FB69317250037F50100130518
:1061B00005C1E5B503D581A9FDB7854763FD870016
:1061C000014881471307703E89462286CA850545E6
:1061D000EFF0CFB85DB6631804124A85EFD01FAE5A
:1061E0002A86B7F501009385C51901B98547E3F102
:1061F00087E6014881471307300689468DBD03D6DF
:1062000081A9A9BD23800600854763F6870005485C
:10621000814705477DBD19E84A85EFD0FFAE93174A
:10622000250037F50100130585AA85BD03D581A991
:10623000FDB723800600854763F9870299476312FB
:10624000F402938481A98A2013351500EF10C058F9
:1062500086201305600BEFD03FABAA852685EF1093
:106260008019054885470947ADB519E84A85EFD03B
:10627000BFA99317250037F50100130545AD31BDC2
:1062800003D581A9FDB7EF20B05319ED1305B00D6B
:10629000EFD09FA711C94A85EFD01FA7B7F701001C
:1062A0000A05938707B2E9B4EF209051B7F70100D0
:1062B0000A05938787BF6DBC23800600854763F975
:1062C000870013059006EFD03FA4E30805AA4DBB55
:1062D00019E84A85EFD05FA39317250037F5010031
:1062E000130505B25DBB03D581A9FDB7854763F7EB
:1062F0008700014881471307A00FE1BB09E44A85E5
:10630000EFD09FA0F1BD03D681A9E1BD13058006A2
:10631000EFD09F9F89476300F502854763FF871C85
:10632000B7E7010037E7010083A7C77D0327877D13
:1063300085460D4605AA854763F08702B7E7010049
:1063400037E7010083A7477E0327077E854611466E
:10635000A2851305C00BE1BA11EC1305C00BEFD0F9
:10636000DFA2EF205163AE86B7F501002A86938540
:10637000851BCDB203A5C1A9EDB79305B5FC854931
:1063800093B515006302340D49CC8D476304F402C4
:106390009947938441AB630BF404B7E7010003A56D
:1063A000077EEFD0DFC088C0930700002A878546AC
:1063B00011464DA84A852EC4EFD03F9DA245EFD08F
:1063C0001FBFB7E7010087A7877C530705F0A947E0
:1063D0000947D377F710539507C03345F502D377B4
:1063E00005D027AEF1A8A389E1A841BA87A7C1A922
:1063F000130580062EC49CE0EFD01F91A24509C969
:10640000630D35018C404A85EFD0BF946FF0FF9645
:106410008840EFD09F9988C0F5B78840EFD0BFA1E2
:10642000DDBF4A852EC4EFD05F96A245EFD03FB8BE
:1064300023AAA1AAEF203156AE86B7F501002A861D
:106440009385051C6FF01F9103A5C1A9E5B785478A
:1064500063FE870037F701000327070C930700004E
:1064600091460546A2854A856FF07F8C11EC4A85DE
:10647000EFD0BF91EF203152AE86B7F501002A86EA
:106480009385851C6FF01F8D03A5C1A9E5B78547CE
:1064900063FA870037F70100930700000327C70B53
:1064A000894639B711EC4A85EFD03F8EEF20B14EC7
:1064B000AE86B7F501002A869385851A6FF09F890D
:1064C00003A5C1A9E5B7854763F98702B7E70100CE
:1064D00037E7010083A7077D0327477D85461546DB
:1064E00051B7854763FB8700B7E7010083A7077DA6
:1064F00037E701000327477D25BD11EC4A85EFD022
:10650000DF88EF205149AE86B7F501002A869385D2
:10651000051B6FF03F8403A5C1A9E5B7854763F567
:10652000870093070000E9B711EC4A85EFD0FF859B
:10653000EF207146AE86B7F501002A869385051DCA
:106540006FF05F8103A5C1A9E5B7EF92DFFC930768
:1065500030020111AA842E8463F6A7201305000DD2
:106560009384C4FD3A8932C6A30F0100C204EFD060
:10657000EFF4C180B147AA8663E79704B7F701003B
:106580009387479C8A04BE949C403246828715C2FA
:106590008D47631AF60281451305200DEFD08FD485
:1065A00081451305000DEFD0EFD385472300F90097
:1065B00019A883C7C1A899CBB7F501009385851D9C
:1065C0002285EF30716105616F903FF7B7050200DA
:1065D0009385C552F5B7EF10D0292A86B7F501008B
:1065E000938505202285EF30D15AF1BF1305F101C3
:1065F000EF10102B8347F10189C71316050141865F
:10660000F1BFB7F50100938505215DBF4DDD93878F
:1066100081ABB82394339023B7F50100938585327D
:106620002285EF30115745B759DDB75700209387C2
:10663000473BB7F501009837D4439027938505224F
:10664000C5B751D183C741AA13972700B7F70100F7
:106650009387C7AFBA978C43A5B735D583C741AAEF
:1066600005476382E70295CF09476383E7020D4739
:10667000E39BE7F42D45EFD02FE9B7F501002A861B
:106680009385452585B7B7F50100938505230DBF93
:106690002545EFD06FE7B7F501002A8693850524DD
:1066A00091B7B7F501009385852619BF11E5B7F5B8
:1066B00001009385052929B7938461AA9020B7F535
:1066C00001009385852905062285EF30914C8820AD
:1066D000B75600209386463B138681AB938541AA2B
:1066E000EFD03F8FCDB52A86B705020093850549C7
:1066F000D5BD1D45EFC0EFF6D30705F0B7F5010096
:106700009385452A539617C01376F60FE1BD1305FE
:10671000700DEFD06FDF0A059387418CAA9725BFD4
:10672000EF10101689476310F5020545EFC06FF3AF
:10673000D30705F0B7F501009385C52A539617C016
:106740004206418245B5B7F501009385852B8DBD85
:1067500013056002EFD04FDBB7F501002A86938561
:10676000452C49B5930715FE37F70100939617009E
:10677000130747B83697C20703590700C18311476B
:10678000E363F7E437F701008A071307879FBA9797
:106790009C438287854763FCC700014881471307F4
:1067A000703E8946CA850545EFE05FDB29BD11EAE9
:1067B0004A85EFD0AFD02A86B7F501009385C51979
:1067C00015B503D681A9CDBF854763F8C702B7E7E2
:1067D00001009305E5FD03A5077EB335B00032C681
:1067E000EFD00FEDD30705F001488147539717C04D
:1067F0008D4632464207418375B711EA4A85EFD08C
:10680000EFCB2A86B7F501009385C52CE1BB03D6F3
:1068100081A9CDBF854763F9C7000148130730063A
:106820008946CA85014549B711E64A85EFD0CFCDE3
:106830002A865DBD03D681A945BDEF92DFCD01114A
:10684000B687A30B0100238005002E893284BA8607
:1068500081C703C731A998A399C285479CA2930712
:1068600035F9C207C1835147636AF700CA85EFF063
:10687000AFAB0345710105616F903FCC9307F5FC09
:10688000C207C1831307B0036369F70013077101DF
:106890002286CA85EFF0AFC2E9BF930715FEC20793
:1068A000C18345476369F700130771012286CA85D2
:1068B000EFF0BFC97DBF37F701009317150013072D
:1068C00007B9BA978623F947E3E5A7FA37F7010036
:1068D000931725001307C7A0BA979C43828723808C
:1068E0000600854763F787000548814705478146CD
:1068F00079A019E82685EFD02FC1931725001385BD
:10690000C18E3E950C4135A203D581A9FDB72380E8
:1069100006008547E3EA87FC09E82685EFD0CFBE6D
:10692000931725001385C18BE9BF03D581A9CDBF7E
:1069300023800600854763FD870005488147094796
:106940007DB723800600854763F487000548C5BFEF
:1069500019E82685EFD04FBB9317250037F50100C6
:10696000130505AF79BF03D581A9FDB709CC8547CC
:106970006307F402014885471307300685462286DF
:10698000A685014525A42685EFD00FB82A86B70530
:106990000200938505494A85EF30B11FD9BDB5473F
:1069A000138481A96316F5000C202685EFD0CFADA6
:1069B0001220F1BFEF10206AA1470146137715009E
:1069C00001C705061376F60FFD17058193F7F70F3C
:1069D0001375F50FE5F765BFEF10E067E30B05E80A
:1069E00003C721A983C751AA138451AA09C73357E2
:1069F000F540058B15E321471D46850793F7F70FF3
:106A00006373F6008147B356F540858A89E67D17A2
:106A10001377F70F7DF31CA00545EFD0EFAE1C20D8
:106A20001397270019E9B7F701009387C7C1BA97F1
:106A30008C434A85EF30511A2DBDB7F7010093877B
:106A4000C7C3F5B7854763FF87009307000037F793
:106A500001000327C70B89461146A2852685EFE072
:106A60003FBF01BD05E02685EFD02FB2EF20A17218
:106A7000AE86B7F501002A869385851A4A85EF30E0
:106A80005111C5BB03A5C1A9D5B7854763F78700D9
:106A9000B7F7010083A787FC5DBF09EC2685EFD01F
:106AA000CFAEEF20416FAE86B7F501002A86938501
:106AB000C5FCE9B703A5C1A9EDB72685EFC06FBA3C
:106AC000D30705F0B7F50100938545FD539607C040
:106AD000D9B52808EF30D0418348D1010348C1011E
:106AE0008347B1010347A101834691010346810118
:106AF000B7F501009385C5FD4A85EF30910995BB37
:106B0000EF1060588547630AF5008947630CF5006C
:106B1000B7F501009385C5FE29BFB7F50100938540
:106B2000450001BFB7F501009385C50119B709C834
:106B30008547630BF404A2852685EFE05FC715BB8C
:106B40002685EFD06F9C2AC613851400420541812B
:106B5000EFD08F9B2AC41385240042054181EFD0DA
:106B6000AF9A2AC21385340042054181EFD0CF99F4
:106B70001247A2463246AA87B7F501009385C5029F
:106B80004A85EF301101F5B1138601AA3C32382253
:106B900014321022D5B7854763FD8700014881472D
:106BA0001307703E89462286A6850545EFE01F9BA8
:106BB000C9B1631B04242685EFD04F902A86B7F510
:106BC00001009385C519C1BB2685EFC08FA9D307E6
:106BD00005F0B7F5010093850504539617C04206EA
:106BE000418255BBCA852285EFE09FDB59B115E490
:106BF000375500201305453BEF60C011B757002003
:106C00009387473B9837D4439027B7F50100938586
:106C100005224A85EF30E177A9B97D149D47E3EA63
:106C200087C4B7F70100938787A80A043E941C40E5
:106C30008287A38901A835B9375500201305453B44
:106C4000EF60201C3DB103C731A99D46938731A950
:106C500005071377F70F63EDE60098A3982389469D
:106C60006305D7009546E316D7C0050798A311B171
:106C700023800700E5B783C731A9138731A991CBDA
:106C8000FD1793F7F70F89466387D700954663840E
:106C9000D7001CA3F9BEFD17EDBF83C731A9B756B6
:106CA000002037F6010005479386463B1306C6C50C
:106CB000636DF7008A07B29798369C43BA9713071B
:106CC00030066367F7069CB66DB61147636DF70033
:106CD000F5178A07B297D8429C43BA973147636841
:106CE000F706DCC279B61387A7FF89473367F70237
:106CF0008C260A0732971C437D47AE976364F700E2
:106D00009CA685BE98A6B5B683C731A9B756002004
:106D100037F6010085459386463B1306C6C563EDED
:106D2000F5008A07B29798369C4363F5E7001D8FFC
:106D300098B681B68CB635BE1147636EF700F5176D
:106D40008A07B297D8429C4363F5E7001D8FD8C2EB
:106D50000DB6CCC239BE1387A7FF89473367F70248
:106D600088260A0732971C4363F5A7001D8D88A665
:106D700009B68CA6FDBC854763F38708B147631E3F
:106D8000F5002945EFC05FF87D1513170501418314
:106D90009307400601488946DDB6AD476313F50207
:106DA0003145EFC07FF67D15131705014183254559
:106DB0003AC2EFC07FF5050593170501C18312475D
:106DC000D1BFF9476313F5022945EFC0FFF305056D
:106DD00093170501C1832D453EC2EFC0FFF27D151B
:106DE000131705014183924775B73145EFC0DFF1B5
:106DF000050593170501C1831307F00F61BF09E46F
:106E00002685EFC07FF05DBB03D681A94DBB15E0A1
:106E100083C7C1A8E38F07A4EF10802611E5B7F55B
:106E200001009385850431B1B7F5010093854505CF
:106E300009B18D47E31FF4A2EF10802419E1EFC0E0
:106E40006FE68547A30BF1002DB415C08D47E31203
:106E5000F4A2EFD06FAC13054006EF804032B707C5
:106E6000EFBE37E700E0938707083CC719B483C734
:106E7000C1A8E38007A0B7F501009385450655BE7C
:106E8000EF00704D2AC2EF00304C1246B7F50100FA
:106E9000AA86938585084A85EF30A14FD9BA238009
:106EA0000600854763F6870005488147194781B486
:106EB00019E82685EFC05FE59317250037F5010037
:106EC0001305C5BD3DBC03D581A9FDB737570020CB
:106ED00003C641A91307073C8147894593F6F70F7D
:106EE00063E7C600054705452386E1A882809386AF
:106EF00017003305D7000345F5FF6310B504EF9283
:106F00008FE13E978D4614A383C691AA5146B3865E
:106F1000C60203A701AB92070D4681453697584339
:106F20008146BA97CA270147239BA1A8EFF0FF909B
:106F300005472386E1A86F904FE0B68745B73757DE
:106F4000002003C641A91307073C81478D4593F6EE
:106F5000F70F63E6C60009472384E1AA828093867F
:106F600017003308D7000348F8FF631EB802EF92FA
:106F70008FDA3E97894614A383C691AAD145B3867A
:106F8000B60203A701AB92072A868145369758437C
:106F90008146BA97CA270147EFF03F8A0947238401
:106FA000E1AA6F908FD9B6875DB7EF92CFD6B28640
:106FB0002E86AA85375500201305850DEF90DFD169
:106FC0006F90AFD7EF922FD5375500201305850D61
:106FD000EF900FF26F906FD6EF92EFD01389C1AAA6
:106FE000032509001971EF70407B938901AB13846D
:106FF00091AA5DC903250900938501A90146EF7097
:1070000060638547938401A96310F50A98303715AA
:107010000140930700029305000413050540631621
:10702000F70EEF5010169830930700046319F70419
:1070300083C681AA1147138981AA6397E606942023
:1070400003C771AA938771AAE1C615461367170093
:107050006382C60C98238D476318F70437F5010047
:107060001305C50AEF30213295472300F900054783
:107070002386E1A8EFE0EFB31945EFF05FEC98301D
:10708000930700086312F702138981AA03470900D6
:107090000D4A6309471391476308F7008946882022
:1070A000630CD706EFE04FB81820D14683A709003C
:1070B0003307D702B75900209389093CB754002001
:1070C000BA97C043EFF01FF0130B040A03284400E3
:1070D000054D0C3030206307A813630F0810894753
:1070E0006308F8161C2089E741048509E3108BFE2C
:1070F000138721A91C23A946850793F7F70F63EC93
:10710000F6281CA309616F90CFC1EF50900621BFF4
:107110001367270098A33DBF63004509636BAA006E
:10712000E314E5F883C7C1A8C9C70145EFE08F990B
:10713000A5BF630AF5029547E318F5F69387C1A842
:10714000982301C72380070085B71820D14683A75D
:1071500009003307D70223000900BA97A82BEFE0F4
:10716000CFA208A091B79384C1A89C2091E785473E
:107170009CA0EFE00FA40DBFEFF05FD58547631A29
:10718000F5001545EFF0BFDB238004002300090064
:1071900021BF2300490109BF83C7C1A80545D9F70D
:1071A0001820D14683A709003307D702BA97C8270A
:1071B0007DB71820D14683A709003307D702BA97B5
:1071C000E82771BF9C206361F70237F701001307BE
:1071D00007AE8A07BA97904303D561A90147814654
:1071E0008145EFF08FE5C9B5114719456383E70085
:1071F0001545EFF0DFD44DBD14441385840DEF9099
:10720000BFADCDB5131906011444135909014A86BF
:107210001385840D034A3400EF901FAC4A24930673
:10722000A10101461307B1016C08EFF00FE16C08F2
:107230001385840DEF909FB393050008B3854541F6
:107240001375F50F898DC20574084A86C18175B71B
:10725000131906011444135909014A861385840D34
:1072600042C6EF907FA703C609004A241307B10165
:1072700075169306A101133616006C08EFF0EFDBCC
:107280006C081385840DEF907FAE83C781AA834A73
:107290003400137AF50FF9C383C709006370FD0C3E
:1072A000139D0A0193180A01135D0D019305F00760
:1072B00093D80801B385A5413248B3851541939D04
:1072C000050193DD0D016391070583C7C1A8D9C7E7
:1072D00003C721A9954763E3E708130669FF420640
:1072E000C6862D474182EE851385840D46C6EF90F4
:1072F0004FBC81451385840DEF909FB8854513855C
:10730000840DEF909F8EB24803C709008D47631725
:10731000F7040347B101130669FF4206854741821E
:107320006317F7068345A101E9572D478505B38506
:10733000F50299469385F507B385A541C205C1813C
:107340001385840DEF90EFB689451385840DEF907A
:107350003FB385451385840DEF903F899305F00772
:10736000B3855541B3854541C20574084A86C1813C
:107370001385840DEF905F961385840D8545EF90FE
:107380003FB081451385840DEF903F86A1BB2D470B
:10739000C686EE8575B723000700ADB3B70700209A
:1073A000938707172380070205476317E5002380AB
:1073B00007042388A70482802380E704828001C910
:1073C000EF926F952E85EFF07FFD6F900F97B707C7
:1073D000002005472388E718828001C503C501AC5A
:1073E0008280294582807D153335A000B7070020B3
:1073F0002388A74A8280EF926F90370400203709D4
:107400000020AE841304044E1309093A21ED81458E
:1074100013058006EFC05F878547B7090020938971
:1074200009102300F9022D47A547231AF40C232243
:1074300034012317E40A85476381F40AADCC094A75
:107440006383440F8D47638EF4100149B707002012
:1074500005472388E734B7F701009387874A232E2F
:10746000F41051AAB70700209387070923000902E7
:107470005CC00547AA896307E51489460149631C76
:10748000D51623880702A9472317F40A231AF40CF8
:107490006380E52663800524638EA5288D47638578
:1074A000F52C0149B707002023880734B7F70100FE
:1074B000938787526DB72388F9042380E1ACB7071F
:1074C0000F00B107232EF40EB7071500B5072322CE
:1074D000F412BD47231EF4188DBF35472380E1AC5D
:1074E000B7071000B9072322F412BD472319F4107F
:1074F000B7070E00B107232EF40EB7071500BD071E
:10750000232CF412C147231EF418B70700209387D9
:10751000071723880904C4CB05452328F41205491D
:10752000EFF0DFE725B72388F904B7070E00B107AE
:10753000232EF40EB7071000B9072322F412B70761
:107540001500BD07232CF412C147231EF418B707FA
:107550000020B146938707222380D1AC2328F41260
:10756000EDB51305A006EFC02FFA133915002388D7
:1075700009040D45EFF09FE2B70700209387071736
:107580002328F41223AA470145472380E1ACBD47D5
:107590002319F410B7070E00B107232EF40EB70716
:1075A0001000B9072322F412B7071100BD07232CDE
:1075B000F412B7071200C1072326F414D147231E83
:1075C000F41869B52388A7022547AD472300A9020F
:1075D0002317F40A231AE40C6388A50485CD89498E
:1075E000638F35078D47638FF5080149B707002082
:1075F00005472388E7341305600BEFC0EFF0AA8539
:107600004A85EFF0DFDB638E041A8D4763F0971C29
:107610006F801FF229472380E1ACD547231FF40E6A
:10762000B547231EF418D1B731472380E1ACB947E1
:10763000231FF40EB7071500B907232CF412B70760
:107640000020938707174147CCCB2319E410231E52
:10765000E4182328F4120549EFF05FD441BF2380DA
:10766000F1ACB7071500B507232CF412B7070020BB
:10767000414793870722231FE40E231EE418232883
:10768000F412A5B71305A006EFC00FE813391500D3
:107690000D45EFF0BFD0B7070020938707172328C9
:1076A000F41223AA370141472380E1ACC1472319D3
:1076B000F410B947231FF40EB7071100B907232CA4
:1076C000F412B7071200C1072326F414D147231E72
:1076D000F41829BF31472380E1ACB70715003D47B7
:1076E000B507231FE40E2322F412231EE41855BB12
:1076F00035472380E1ACB947231FF40EBD4723195A
:10770000F410B7071000B9072322F412B7071500C9
:10771000BD07232CF412C147231EF418B70700201D
:1077200093870717CCCB05452328F4120549EFF0C2
:10773000FFC68DBB35472380E1ACBD47231FF40E48
:10774000B7071000B5072322F412B7071500BD07CD
:10775000232CF412C147231EF418B7070020938787
:1077600007222328F41235BB1305A006370A002090
:10777000EFC08FD9130A0A17454713391500232A7A
:107780003A010D452380E1ACEFF05FC1B947231FFB
:10779000F40EB7071000B9072322F412BD472319CE
:1077A000F410B7071100BD07232CF412B70712001D
:1077B000C1072326F414D14723284413231EF418A9
:1077C000D5B1B70700202388072E99B5B707002049
:1077D00005472388E72E2DBDEF82FFD3B704002095
:1077E000370400209384043A1304044E05C18145F4
:1077F00013058006EFC04FC985472380F402B70701
:107800000020938707105CC06F803FD3B70700202C
:107810002380040293870709FDB7EF823FCE1851FA
:107820000CDD50DDD30606F01C632A84D397F6A046
:1078300085CB10C3485C032A8402832AC402EF105C
:1078400091152A89AE892A86AE865285D685EF00A3
:10785000910F635EA00023242403232634032DA06C
:10786000538705F0D397E7A0F1D70CC3E1B7085CC5
:10787000EF1071122A89AE892A86AE865285D68586
:10788000EF005117E34905FC6F809FCAEF82BFC824
:1078900041112A842E8532C62EC4EF10D10F587C98
:1078A000A267324608D4D317F7A04CD410D881CBA6
:1078B000530507E0EF10310E08D44CD429A0187CF2
:1078C000D397E7A0F5F741016F803FC7EF82BFC1B3
:1078D0005C51538705F02A849C63B7E40100AE8CA9
:1078E000D3F7E708538507E0EF10F10A03A68433C6
:1078F00083A6C433EF00E1292A8B4848AE8BEF10F2
:107900009109B7E7010003A6073383A647332A8A04
:10791000AE8A5A85DE85EF0051192A89084CAE8956
:10792000EF1071072A86AE864A85CE85EF00F117E3
:1079300010545454EFF0F03253870CF01C782A891D
:10794000AE89D377F708538507E0EF10D10403A67B
:10795000843383A6C433EF00C1235286D686EF005A
:10796000D1142A86AE864A85CE85EF00915F2A899A
:1079700008D4485C4CD4AE89EF10F1012A8CAE8457
:107980002A86AE864A85CE85EF00E17B6353A0064A
:107990002324840344D45A86DE865285D685EF009C
:1079A000D11010545454EFF0D02BAA892E892A8676
:1079B000AE866285A685EF00F103634F0500085C83
:1079C000EF10617D4E86CA862A8CAE84EF00A177C7
:1079D0006344A0004E8CCA84032904026285A685F4
:1079E000EF1031062320A9002328940305456F805A
:1079F0005FB3085CEF10217A2A8DAE8D2A86AE86A1
:107A00004A85CE85EF00017FE35705F82324A403C0
:107A10002326B40349B7D38705F0530706F0D307ED
:107A2000F7A099E7EF823FAFEFF03FDF6F80FFB045
:107A30008280538605F0D30700F0D30606F0538703
:107A400006F0D317F6A0A9E7D397F6A0B1E3D317B2
:107A5000F7A09DEF5C4118410CC5D3F517D0B7E7EF
:107A6000010007A5C77C50C514C9D3F5A5184CC99A
:107A700010CD85475377B71858ED631BF70053F6C1
:107A8000C708D3F6D708D3F7E70850E914ED5CED43
:107A900082801C416380B702D30700F0586953F716
:107AA000E70858E9186D53F7E70818ED586DD3F754
:107AB000E7085CED0CC18280EF82FFA5411136C65C
:107AC000B706020050D103A6463E0CD19305000034
:107AD0002A843AC43EC242C0EFF03FD40248930623
:107AE000400654C0C2852285EFF0BFFAB2679247C4
:107AF0002247D38507E0BE863A862285EFF07FF3E2
:107B000041016F809FA3EF821FA10145EF40A02C90
:107B10001DC5138781AC1C239306B003850793F71B
:107B2000F70F1CA363FDF600938741AC8C4313054C
:107B3000C00C2300070085058CC3EFC0CF9D6F806C
:107B4000DF9F23A201AC828003A541AC9307C00351
:107B50003375F502828003A541AC9307C00333550A
:107B6000F5028280B71702409843B706FFF841112B
:107B70001367170098C3D84337060200758FD8C320
:107B80009843B706F7FEFD16758F98C39843B7065E
:107B9000FCFFFD16758F98C3D843B70681FFFD160D
:107BA000758FD8C39843B70600ECFD16758F98C340
:107BB0003707FF0098C723A6070202C402C69843EE
:107BC000C166558F98C3B716024009679C42F18F72
:107BD0003EC6A24785073EC4B24781E7A247E39766
:107BE000E7FEB71702409C431397E7006357070669
:107BF00085473EC632478547631FF704B7170240E3
:107C0000D843B706C1FFFD16D8C3D843D8C3D8435D
:107C100013670740D8C3D843758FD8C3D843B70676
:107C20003900558FD8C39843B7060001558F98C3C4
:107C3000984393166700E3DD06FED843B71602406B
:107C4000719BD8C3D84313672700D8C32147DC42B0
:107C5000B18BE39EE7FE4101828002C661BF371609
:107C600002405C429146B18B138781826385D700C5
:107C7000A1466388D702B7177A00938707201CC3F1
:107C8000B7170240DC43918393F6F700B707002053
:107C90009387877DB69794231C43B3D7D7001CC323
:107CA000828054425042C167C982BD8A7D8E9387CB
:107CB000260085CABD466389D702C1466389D702BB
:107CC000C54581466393B700C1470DE6374602407C
:107CD00003260680418A15C637167A001306062049
:107CE0002DA08146C947D5B78546B547F9BF81461E
:107CF000BD47E1BF3716024050429315E600E3DD71
:107D000005FC37163D0013060690B387C7021CC357
:107D1000A5DA1C438583A5B7EF82EFFC5D71EFD038
:107D2000AFE57D5685450145EF70B02FB7F70100EF
:107D300003AA870C83AAC70CB7E7010087A7877C33
:107D4000B707020081493EE087A7C742814401444A
:107D50003EE23545EFB05FFB630035053545EFB0DA
:107D6000BFFAAA891305400633053541EF10C11C3F
:107D70005286D686EFF0F061B707020003A60743EC
:107D800083A64743EF006152EF104115931505019B
:107D9000C1810145EF1050308947638BF41C8D473A
:107DA0006382F41A639E0418EFD08FDAEFC08FD18C
:107DB000084101478D4605468145EF70F03F054576
:107DC000EFB09FF4B707020087A7874223ACA1ACAE
:107DD000D38D07E0138981ADB70B0200375B00201C
:107DE000370C02003945EFB0CF87D30705F0538732
:107DF0000DF05315F7A03DC90945EFB08F86D307A5
:107E000005F002675395E7A035C12945EFB06F85AE
:107E1000D30705F012675395E7A029C993858B43D3
:107E20006808EF2001576C0813058B0DEF801FF4D5
:107E3000930700081375F50F3385A740894733452D
:107E4000F5027008930580021375F50FEFF0EF95BA
:107E5000EFC04FC7084101478D4605468145EF7089
:107E6000B035EFA03FB70841EF601064EF50303EEF
:107E70000545EF70C0309307007D6399F40AEFF079
:107E80006F9403450900930C0008094DEFD08FCB88
:107E9000AA856808EF2041546C0813058B0DEF800C
:107EA000FFEC1375F50F3385AC403345A50370081F
:107EB000D1451375F50FEFF04F8FEFD04FE5094522
:107EC000EFB09FE42AC60D45EFB01FE42AC4114568
:107ED000EFB09FE3A24632462A8793054C476808D5
:107EE000EF20214B6C0813058B0DEF803FE81375D5
:107EF000F50F3385AC403345A50370089305800228
:107F00001375F50FEFF06F8AEFC0CFBB0841014743
:107F10008D4605468145EF70302A3D220841EF60CD
:107F2000B058EFA03FAB0841EF6010588504C20481
:107F30008567C180938787BBE396F4EA8D4411BDC2
:107F4000854401BD2145EFB03FDC8547AA84631914
:107F5000F500EF906FEB0841EF601055238A91AC6C
:107F6000EFC02FE603A501AD8944EF60F053D5B310
:107F700005041374F40FEF50902DEFF0EF8563F0CC
:107F80008402EFC08FB42A8419C9EFC0AFB308418F
:107F900001478D4605468145EF70102201441305C7
:107FA0004006EF70C01D75B3EF82EFD6238A01AC97
:107FB000EF80B33103A5C1AC014789460146814535
:107FC000EF70901F138441AD1C2081EBEF30201027
:107FD000EF90C07519C1EF909F980545EF70201A7A
:107FE000E5B7B7A700209387C7301CC1B7A700200B
:107FF0009387C7B09CC1930700101CC28280B7A7AB
:108000000020938747431CC1B7A700209387C7F080
:108010009CC1930700101CC2828003A581AD8280A1
:10802000EF826FCF1305600BEFB01FCE138441B109
:1080300019E587A7C1AE1CE008406F800FD001454D
:10804000EFA03FE208C0CDBF1385C1B082800547D5
:10805000238CE1B0828003C561B08280EF82AFCB18
:10806000AA851305500D23A401B0EFB0FFC16F80A6
:10807000CFCC87A701B1539517C0420541818280BB
:1080800003A5C1B1828083A7C1B1094709456388AF
:10809000E700014563E5E700ED1713B5270082808F
:1080A00003A7C1B189476311F704EF82CFC68547A3
:1080B00041111CA10145EFA0DFDAEF10C10DEF80E7
:1080C000C0292AC4130570052EC6EFB01FCCEF10CF
:1080D000810C2246B246EF00411DEF00316042059F
:1080E000418141016F806FC52300050001458280F9
:1080F000EF826FC241111305B003EFB01FC92AC64A
:1081000013057003EFB07FC8B2452A8637A500205B
:10811000930600001305854DEFF0BF911305300362
:10812000EFB0BFC62AC61305F002EFB01FC6B245B6
:108130002A8637A500209306000013058549EFF035
:108140005F8F0145EFA0FFD141016F800FBFEF822C
:10815000EFBA41112A841945EFB01FBBAA8909E97A
:108160000545EF305053AA851305600DEFB0DFB120
:108170001305600DEFB05FB9AA850545EF303041BA
:10818000938481B0638909029C403D4585079CC06A
:10819000EFB09FB7930740063305F5029C4063C7D5
:1081A000A70081451305500DEFB01FAE1305500D0C
:1081B000EFB09FB531A0014523A00400EF30B04DD2
:1081C00083A7C1B11389C1B1630E053081E795471B
:1081D0002320F900639A09000945EF30D04BAA85A6
:1081E0001305700DEFB05FAA1305700DEFB0DFB18E
:1081F0001820938781B16314A700982331CB13050E
:10820000700D23800700EFB03FB008A09307300641
:1082100019C1930750063E85EFB05FAAD37715D0FA
:108220001305700527A8F1B03EE6EFB01FB653075F
:1082300005F0B267D3F7E718538507E0EF00B17593
:108240002A86AE86EF006106EF00B17F23A6A1AEBD
:1082500083C761B0938461B0B18B81C791472320FC
:10826000F9002285EF001046582C9307900563FE15
:10827000E7081C30D9CB9C20858B85E31C44116713
:108280001307F76485071CC46379F7000545EFB051
:108290001FDE9C2093E717009CA0EFC0EFB319CD21
:1082A00083270900ADCB91453715014023200900F4
:1082B000EF40206C81450945EF30702D8327090080
:1082C000ED9BB1CB0D45EF30103D31C59C20C18BEE
:1082D00085E35C4411671307F76485075CC4637921
:1082E000F7004145EFB0BFD89C2093E707019CA061
:1082F0008327090019476361F706370702008A07D9
:1083000013078749BA979C4382879C202324040043
:10831000F99B9CA059B79C2023260400BD9B9CA0E0
:10832000C1BF8145A30004000145EF3050269305ED
:108330000000014523AE01ACEF10000A93050000D8
:108340000545EF106009930500000945EF10C008CE
:10835000232A04002380040041016F806F9D44485C
:10836000A30004003945850444C8EFB0FF99930782
:1083700040063305F502E37195FE99472320F90085
:10838000EFB04F92D1BFEFB0AF9279D51305B002E5
:1083900023AE01ACEFB07F9F2AC613057002EFB089
:1083A000DF9EB24537A400202A86930600001305FD
:1083B0008449EFF00FE813060000B28513058449E5
:1083C000EFF0CFCC89472320F90079B71C48254727
:1083D00085076368F7001CC885450145EF30301BF1
:1083E000A5BF232804000145EFA0BFA723ACA1AE81
:1083F000AA8537A5002013058549EFF02FCD87A763
:10840000C1ADB7E7010007A7C77C0545D3F7E7185B
:108410009389C1AE138981AFD38507E03EE6EF00B3
:10842000B07BB707020007A70753B267D307F7A0CF
:10843000BDCF8727090007A70900D397E7A0A5CBE1
:108440009C20898B99EF5C401307707085075CC096
:108450006379F7000945EFB09FC19C2093E727009F
:108460009CA007A70900872709003AE6D377F708F9
:10847000D3A7F720538507E0EF00F15132672A892F
:10848000AE89530507E0EF001151B707020003A6BC
:10849000875383A6C753EFF050612A86AE864A857C
:1084A000CE85EFF030551325150008B035B79C2068
:1084B00023220400F59B6DB79C20B18B99E3232008
:1084C000090093050000054523AE01ACEF00D07014
:1084D00081450145EF30B00B9C20A3000400F59BC3
:1084E0009CA09DBDED9BE38707CE23200900DDB155
:1084F000194723AEE1B08280094723AEE1B0828004
:10850000EF72DFFF41112A8B1305B00DEFB0CFFFE3
:108510002A8A1945EFB04FFF9384C182631005107A
:108520009C20138451B0138941B081CF814513053C
:10853000B00DEFB06FF5238004002300040023008A
:108540000900EF309016834709009374F500638BA0
:1085500097061C2089E785471CA023200B00832554
:108560000B001305D006930940062EC6EFB0CFF9D5
:1085700033063503B2453705020013054552EF10A7
:10858000914E832A0B001305D006850A23205B0138
:10859000EFB08FF73305350363E8AA02938661B025
:1085A0009C22230099008A0493F7F70E9CA2B70639
:1085B00002009386464BB694944023000400138730
:1085C00061B082861C20C1FF1305B00DEFB0CFF360
:1085D00085476318AA001305B00DEFB0EFF293378B
:1085E00015003E85EF00D0293DA081451305B00D53
:1085F000EFB08FE9D1BF8545D5BF8945C5BF8D4552
:10860000F5B79145E5B793E7070181451305B00D2F
:108610001CA3EFB06FE741016F709FF185479CA0ED
:10862000938761B098231305900D3D9B98A3EFB0FD
:10863000AFEDAA8565BFEF721FEE1305B00DEFB069
:10864000AFEC6F709FEFEF721FEDEFF0DFFE6F701A
:10865000DFEEEF72BFEAAA891305B00DEFB0CFEAE3
:10866000AA8413059006EFB02FEA89472A8963117F
:10867000F50C138481AE89E8232004000C400545E5
:10868000EF0090556F70DFEA91476398F400B7E709
:10869000010087A7877C1CE0D5B713058006EFB0E3
:1086A000AFE6938401AF6309250781454E85EFB09E
:1086B0001F90EF00512E2A891305800BAE89EFB071
:1086C000CFECEF00512DB7F7010003A6870C83A66E
:1086D000C70CEFF0004C4A86CE86EFF0103D4A867C
:1086E000CE86EFE01058EF00D1358545EFB0FF8919
:1086F00088C00545EFA0EFF6AA8537A50020130531
:10870000854DEFF0AF9C87A701AEB7E7010007A743
:10871000C77CD3F7E71841B71305C00BEFB0EFE6FE
:10872000D30705F0538709F0D3F7E7009CE0D1B7F2
:1087300031D993050000A1B7EF72FFDD1305A00644
:10874000EFB08FDC060593874190AA978A23EFB09C
:10875000CFE36F709FDEEF721FDC0111AA84130557
:10876000A006EFB06FDA054785476388E40011C5BE
:1087700009478D476303E5008947139417009387E2
:10878000C18FA2978A23EFB04FE09387418FA297C2
:108790002AC68A2337A40020EFB02FDFB245930604
:1087A00000002A8613058451EFF0AFA81305E00AF4
:1087B000EFB0AFDD2AC61305A00AEFB00FDDB2455A
:1087C0002A8613058451EFF00FA5A6851305F10144
:1087D000A30F0100EF00B0038347F101AA8489CB06
:1087E00013057006EFB04FD2854781456313F5003E
:1087F000854513058451EFF0CFA9EFF0FFF323AACD
:10880000A1AEA68513058451EFF04F8C03A541AEB0
:1088100005616F709FD203A501B2828003A5C1AE2E
:108820008280EF72BFCD03A7C1B19947AA89AE84F8
:108830001384C1B1630EF71613854501EFF05FCCC9
:10884000138561B0EF00101E138561B0EF00500D6D
:108850001C4021476362F702370702008A071307AB
:10886000474FBA979C43828723AA0400238301B011
:10887000EF00300089471CC06F709FCB2380090038
:1088800083C761B013F7070111E713978701618769
:10889000635B070291471CC0938441B203A90400A3
:1088A0001305B006050923A02401EFB0EFC5B78773
:1088B0000500938707E43305F502E36FA9FA23A0C7
:1088C000040099474DBF93F7070699C3A147E1B745
:1088D0009C48254785079CC8E370F7FC1305600B8F
:1088E000EFB08FC22A891305B00DEFB0EFC19389A5
:1088F00001B223A0A900EFF0AFFF2A8A23A8040049
:108900001305A00DEFB04FC00547631DE5028D476D
:1089100023A0F9001305A00AEFB02FC723A6A1AE2C
:1089200037A50020D28513058549EFE03FFA07A758
:10893000C1ADB7E7010087A7C77CD377F718D38508
:1089400007E00DA883A709008946638DD70263E974
:10895000F6001305E00AE381E7FC9305000019A87F
:108960000D47E389E7FA1147E399E7FEB7E701000E
:1089700083A5877C0145EF003026EFF06FEAEFF02A
:108980005FCD19BF630BE90013178901618719CB0C
:10899000630DF9008D47E315F9F889454A85EFF035
:1089A0009FDBADBF1305200B85BFEF001014BDB7D3
:1089B0001305E00603A94401EFB04FB0930740064A
:1089C0003305F502636AA90283C7090099E7EFA09E
:1089D0007FAD85472380F90045B5EFA07FADE30D5E
:1089E00005E823800900894723AA04001CC08145AB
:1089F0000545EF30C03949B5DC4885458507DCC8F9
:108A0000C5BF83C761B093F7070981E7232004003E
:108A1000A5B5930500000145EF00101C930500006B
:108A2000054535A0370502001305C551EF10B115F6
:108A300083C761B013F7070211CF93050000054506
:108A4000EF009019B7E7010083A5877C0145EF008F
:108A5000B0181DB593F70704D5DB93050000014559
:108A6000EF009017B7E7010083A5877C55BFEF7231
:108A70009FAA5C212A8406216386070E2D45EFB04C
:108A8000AFA84205418163E6A40C138761B01423AB
:108A900093F7860085E33C2013064006850793F78D
:108AA000F70F3CA06378F60093E68600214514A3F7
:108AB000EFB0EFDB25450620EFB00FA54205418161
:108AC000636C9508138761B0142393F7460085E320
:108AD0003C3013064006850793F7F70F3CB06378E8
:108AE000F60093E64600114514A3EFB04FD8314588
:108AF0000620EFB06FA142054181636F95002945C3
:108B00000620EFB06FA04205418163E7A400938780
:108B100061B098234D9B98A31A20CD4763E1E704E9
:108B20007C200947850793F7F70F7CA06371F70254
:108B3000371501409305000413050540EF307064BC
:108B4000EFB08FDD930700105EA023AE01B06F7011
:108B5000DF9E23010400B9BFA301040049BF230322
:108B60000400F5B72945EFB02F9A4205418163E42F
:108B7000A40085475CA01A2093078002E3F9E7FC74
:108B80005C30F1D72945EF60805FB707EFBE37E76C
:108B900000E0938707083CC75DBFEF723F9679718D
:108BA0001306000281450808EF70FF9989470545C3
:108BB0002308F100EFB04F95AA891305B00223AE48
:108BC00001B0238301B0EFB04F9C2AC61305700299
:108BD000EFB0AF9BB246B7A400202A871386C1AE80
:108BE0009385C1AD01489307000013858449EFE0E8
:108BF000BFEC37040200138961B00326845193054A
:108C0000000063960900B7E7010083A5C77C1385C0
:108C10008449EFE05FE01305B003EFB00F972AC679
:108C200013057003EFB06F96B246B7A400202A87F1
:108C30000148930700001385844D138601AF938587
:108C400001AEEFE07FE7872784519305000013858D
:108C5000844D538607E037A400208944EFE0BFDB52
:108C60001305B002EFB06F922AC613057002EFB081
:108C7000CF91B2462A87014813058451930700001B
:108C8000138641AF938541AEEFE01FE3B7070200C3
:108C900087A787511305845193050000538607E089
:108CA000EFE07FD72945EF60804DEFB0FF92E30BF7
:108CB00095FE2945EFA0EF9AD30705F0539517C00D
:108CC000239EA1AE1385C1AFEFF07FDA6392090254
:108CD0000808EFF0CFC783470900914537150140D9
:108CE00091CFEF30104A85450945EF30400A5DBF0E
:108CF0000C08138571B0EFF0DFB2F1BFEF307047B1
:108D00008145DDB7EF728FFF1314150093874191F2
:108D1000A297AA848A234111EFB02F879387C1902D
:108D2000A2972A8A8A23EFB04F86AA8A1385C19117
:108D300026950821EFA0EF9293878192A2972AC6E9
:108D40008A23EFA07FFC8547B2676302F50289475B
:108D5000630AF50A538507E0EF00E143B7E7010036
:108D600003A6873383A6C733EFE0B06225A8B7E731
:108D7000010007A78731D307F7A0DDCF538507E0B0
:108D8000EF006141B707020003A6075483A64754CA
:108D9000EFF0301DB707020003A6875483A6C7541F
:108DA000EFF0A05053070AF0D3870AF02A89AE8962
:108DB000D3F7E708538507E0EF00E13D2A86AE864A
:108DC0004A85CE85EFF0604E2A895285AE89EF0044
:108DD000813C2A86AE864A85CE85EFE08068EF002A
:108DE000414693870192A2972AC68A23EFA0FFF9F2
:108DF000530705F0B267D3F7E700538507E0410159
:108E00006F700FF3B7E7010007A7C731D307F7A0CB
:108E100085C7538507E0EF000138B707020003A6B6
:108E2000075583A64755EFF0D013B707020003A6F6
:108E3000875583A6C7550DBFD30700F07DBFEF72DE
:108E40008FED0945EFF01FECB7E70100D30705F000
:108E500007A7877DD317F7A091E7530700F0D397B3
:108E6000E7A099C3D307E720539517C01375F50FF3
:108E70006F70AFECEF722FEA0545EFF0BFE80545E4
:108E8000EFF05FE86F706FEBEF72EFE80145EFF026
:108E90007FE7B7E70100D30705F007A7C77DD397A2
:108EA000E7A091EFB7E7010007A7877DD317F7A0E9
:108EB00099C3D307E720538507E06F700FE8D30706
:108EC00000F0D5BFEF728FE31C31AA84B9CB184DE7
:108ED000856793870777631EF7020545EF907FF854
:108EE000D30705F0539517C0131405011305800C23
:108EF0004180EFA0BFDC636A8502238E0400130566
:108F0000700DEFA07FE011E5CC2C13056002EFA0FF
:108F1000BFD79C4C05671307077785079CCC637404
:108F2000F70023AC04006F70AFE01305A00CEFA0B6
:108F3000FFD86366A40093074006DCACC9B71305ED
:108F4000800CEFA0BFD7AA891305A00CEFA01FD7F4
:108F50002A89330434411305800CEFA03FD6420424
:108F600041803305A940D37714D0537705D0B7E7B4
:108F70000100D3F7E71807A7877DD3F7E7105394CD
:108F800017C0C0ACADBFEF720FD985476388F5003D
:108F900089476380F50201456F702FDAEF907FEC0F
:108FA000B7E7010087A78731530705F05315F7A0EE
:108FB000E5B7EF901FEBB7E7010087A7C731EDB723
:108FC000EF726FD51305600BEFA01FD41375D50F8B
:108FD0007D15133515006F704FD6EF72CFD3130583
:108FE000600BEFA07FD285476315F50001456F70D8
:108FF000CFD41305A006EFA03FD16DD91305A0066D
:10900000EFA09FD08947E304F5FE0545CDB7EF7289
:109010008FD0854441112A84639B95001D452EC63F
:10902000EF903FE4B2450CA041016F700FD18D4726
:10903000639DF5021305A006EFA01FCD63099500FF
:109040008947630BF50004A0EFF01FE4F1BF230094
:109050000400EFF03FE2C9BF23000400EFF03FDE61
:10906000D37715D0538507E0C1B70145EF907FDF77
:1090700065BF938781B223A00700239207008280F7
:10908000EF726FC9AA8481451305A00DEFA0DFBF61
:10909000138481B289C8EFF0DFFD81451305600DAF
:1090A000EFA09FBE1DA01145EF20F05E5820B7072E
:1090B000000148B0938707F009EF5840F98F130774
:1090C00000106394E70085475CA05C307CA06F7063
:1090D000CFC65840F98F130700106394E700232090
:1090E000040004401305C006850404C0EFA0DFC1DE
:1090F0008567938707773305F50263E7A4002302AA
:1091000004002320040051BF1305A00D8545EFA0E6
:10911000BFB71305600DEFA03FBF45F98545BDBF43
:10912000EF726FBF41112A8413059006EFA0DFBDD7
:1091300089476307F5001C2093F7F7F91CA0ADA041
:109140001C2013F707062DEF0145EF909FD1AA844D
:109150001305000CEFA09FB6538704F0D37705D01A
:10916000938401B35315F7A0814719C19C4085072B
:1091700005459CC0EF90FFCE2AC61305400CEFA01A
:10918000FFB3537705D0B267138741B35395E7A078
:10919000814719C11C43850794401CC3BDCA81CBBC
:1091A00023A004002320070041016F700FB9BD67A1
:1091B0009387F7A5E3FAD7FE1C2093E70702BDBF0C
:1091C00093F7070285C70145EF90BFC9AA8413052D
:1091D000E00AEFA0BFAED37705D0538704F05395D4
:1091E000E7A079D11C2093F7F7FD89BF0545EF90E3
:1091F0005FC7AA841305E00AEFA05FACD37705D060
:10920000538704F05395E7A045D11C2093F7F7FB53
:1092100035B73D671307F7A5E378F7F81C2093E708
:10922000070429BFEF722FAF1C212A8493F7F70799
:109230001CA11305600BEFA03FAD89476300F50645
:109240008D476318F5041305A006EFA0FFAB9387C5
:10925000C1913E9504211305A006EFA0FFAA0605C3
:1092600093878192AA978A23EFA01FAAAA852685B1
:10927000EFF07FD10DC1938781B398439306C0125D
:10928000050798C363F7E600182094C3136707F82F
:1092900018A06F708FAA23AC01B2E5BF1305700B45
:1092A000EFA09FA67D151375F50F9387C191AA971F
:1092B00084239387819206053E950A21EFA0DFA4BF
:1092C000AA852685EFF03FCC79D5938781B3984363
:1092D0009306C012050763E4E60098C35DBF94C31C
:1092E0001C2093E707F81CA06DB7EF722FA11305A0
:1092F000E00AEFA09FA9AA841305A00AEFA0FFA887
:10930000538704F0D30705F01305700BD3F7E70874
:10931000538A07E0EFA05F9F7D151374F50F9387C5
:10932000C191A29788230604EF90BFB3EFF0B06617
:109330002A89138581922A940A20AE89EFA0DF9CA6
:109340000DC58547630EF502B707020003A6075552
:1093500083A647554A85CE85EFF0A040B7070200A7
:1093600003A6875583A6C75509A8B7E7010003A63A
:10937000873383A6C7334A85CE85EFE090011DA0D1
:10938000B707020003A6075483A647544A85CE8533
:10939000EFF0203DB707020003A6875483A6C75409
:1093A000EFE0B0702A895285AE89EFF0D05E2A8650
:1093B000AE864A85CE85EFE0506F2A892685AE8934
:1093C000EFF0705D2A86AE864A85CE85EFE06009B3
:1093D000EFF030676F70CF95EF72EF93B7A7002073
:1093E0001317250093878755BA978CC32A84EF20DB
:1093F0001001D30705F08547539617C042064182F6
:10940000630DF40011C48947630BF4006F70EF9291
:1094100085452145EF404022D5BF8945DDBF9145B7
:10942000CDBFB7A700200A0593878755AA97884321
:10943000828001A001A001A001A001A001A001A0C3
:1094400001A001A001A001A001A001A001A001A014
:1094500001A001A001A001A001A001A001A001A004
:1094600001A001A001A001A001A001A001A001A0F4
:1094700001A001A001A001A001A001A001A001A0E4
:1094800001A001A001A001A001A001A001A001A0D4
:1094900001A001A001A001A001A001A001A001A0C4
:1094A00001A001A001A001A001A001A001A001A0B4
:1094B00001A001A001A001A001A001A001A001A0A4
:1094C00001A001A001A001A001A001A001A001A094
:1094D00001A001A001A001A001A001A001A001A084
:1094E00001A001A001A001A001A001A001A001A074
:1094F0009781FF1F938181D217F10020130181B062
:10950000177501001305C5799775FF1F938585AF02
:109510001386C19A63FAC5008322050023A0550073
:1095200011059105E3EAC5FE1385019B978500208F
:109530009385456E6377B500232005001105E36D23
:10954000B5FEFD42739002BCFD4273904280B7822B
:1095500000009382028073A002309772FFFF938213
:10956000E2AD93E2320073905230EFE0AFDF97B29A
:10957000FFFF9382620073901234730020305C41CD
:109580003707F1E01307F7EF944D7D8F9C41D58F9E
:10959000D44DD58FD441A206D58FD98F5CC11C453F
:1095A00037F7F1FF1307D77FD4457D8F9C49D58FBF
:1095B00094458606D58FD98F1CC55C55370710FF9B
:1095C0007D177D8FDC29FD1793F7F70FD207D98F11
:1095D0005CD582805C4193F5F50F01C6DD8D4CC1F1
:1095E000828093C5F5FFFD8DDDBF08450D8105899E
:1095F000828008450981058982801C4591C537070D
:109600005000D98F1CC582803707B0FF7D17F98FB6
:10961000D5BFA54763F7B7048D47138765FF3307A9
:10962000F7020328C5009D47B397E70093C7F7FFEC
:10963000B3F70701B396E600DD8E54C5994763E39F
:10964000C70495477D163306F6025859FD47B39770
:10965000C70093C7F7FFF98F3396C5005D8E50D9C9
:1096600082800D473387E502032805019D47B397A4
:10967000E70093C7F7FFB3F70701B396E600DD8E67
:1096800014C96DBFB14763E2C7029547651633063B
:10969000F6021859FD47B397C70093C7F7FFF98F34
:1096A0003396C5005D8E10D9828095474D163306DE
:1096B000F6025855FD47B397C70093C7F7FFF98FD8
:1096C000B395C500DD8D4CD58280B72701409387C7
:1096D0000740984711C5B7068000558F98C782800C
:1096E000B70680FFFD16758FD5BF5841144193D73B
:1096F0008500F58F99C713F5F50F798D3335A000E7
:10970000828001458280EF621FE101112A842304D7
:109710000100A5441C8463F9F40423040100A54658
:1097200021461C8463FFF606231501002304010073
:1097300095461C8463F1F60E38853C8599460D46A6
:10974000B3F7D702056513050580B3D7C7023357B2
:10975000D702BA97C207C1837C853C8505611D8D00
:10976000420541856F607FDD1C4493E787001CC480
:109770002285EFF09FE76DFD1C4493E747001CC472
:109780002285EFF01FE76DFD78441C8414108607D6
:10979000B6972396E7FE1C84850793F7F70F5C8442
:1097A00095BFA30401009C846378F6001C848507A0
:1097B00093F7F70F5C84B5B798849C840C10060768
:1097C000850786072E97AE970357C7FE83D7C7FE38
:1097D00063FDE7029C848607AE9783D7C7FE7C852E
:1097E0009C84988485078607AE9783D5C7FE931718
:1097F00017001810BA972396B7FE9C8438850C1072
:1098000085078607AE972396E7FE9C84850793F726
:10981000F70FDC8449BF1C84101038858907860740
:10982000B29783D7C7FEBA97C207C1837C851C84D1
:10983000850793F7F70F5C84EDBDB7370240054706
:1098400098C782808147B73602406396B700B73722
:10985000024088438280139727002A971843850780
:1098600098C2E5B7B7370240884382808547339571
:10987000A70089C937770040832707405D8D2320E3
:10988000A7408280B777004003A707401345F5FF44
:10989000798D23A0A74082804111B777004002C68E
:1098A000938707403EC6B247A1073E952AC6B247F6
:1098B0008CC341018280B7F7FF1F03A547708280E8
:1098C0009317350063DA0700B707024083A7074004
:1098D0007D8D3335A00082809317250063D7070064
:1098E000B707024083A7074DE5B7B70702409C437F
:1098F000C5B79317350063D70700B707024023A207
:10990000A74082809317250063D70700B70702405E
:1099100023AAA74C8280B7070240C8C38280EF62A7
:109920009FBFEFF0FFF96F605FC1EF62DFBEEFF046
:109930005FFC6F609FC0EF621FBE85451165F92512
:1099400081451165E1256F605FBF930700043CC14D
:10995000930700027CC1930700087CD123200500F7
:10996000B707000423220500232405002326050051
:1099700023280500232A0500232C0500232E05009B
:1099800023200502232205022324050223260502A3
:1099900023280502232A0502232C0502232E050273
:1099A000232405042326050423280504232A05046B
:1099B000232C0504232E0504232005062324050655
:1099C0002326050623280506232A0506232C05063B
:1099D000232E05062320F508B70700022322F508E9
:1099E0002322F50AB7070200370720002326F50ACD
:1099F00093070010232405082326E50823280508DB
:109A0000232A0508232C0508232E05082320050AF0
:109A10002324050A2328F50A232A050A232C050AEC
:109A20008280411102C6B78602409C4A41672E05DA
:109A30007D17F18B798D9A055D8D93F5057CC98D28
:109A400093E51500B70750008CCAF9173247050790
:109A50003AC6984A058B01C73247E3F9E7FE324719
:109A6000B7075000FD1701456307F700B7870240AD
:109A7000C84B42054181410182804111B7870240B4
:109A800002C6984BC166FD162E05758D718B9A0521
:109A9000598D93F5057CC98DD0CB93E535008CCBE2
:109AA000B7070500B7860240F917324705073AC6DF
:109AB000984A058B01C73247E3F9E7FE3245B707FD
:109AC0000500FD173335F5004101828023A0A1B4C4
:109AD0002A878147B708104013030060130EF6FF72
:109AE0006396C700B797024088CB8280B38667022F
:109AF000232017012A88AE9614C79306070163F343
:109B0000C70136882326070185073687D1BF9166AE
:109B100023AEA1B20147AA8737030080938606606F
:109B2000130E0060930EF6FF6316C700B79702404E
:109B3000C8C782803308C70323A06700D4C3AA889C
:109B40002E9823A40701138807016373D701C288E5
:109B500023A617010507C287C1BF379702401C43E0
:109B600093E717001CC38280B7970240C8CB82805E
:109B7000379702401C4FB7061000D58F1CCF82804C
:109B8000EF627F99378402401C4093E787001CC036
:109B9000EFF01FFE1C40896693E747001CC0B79793
:109BA0000240984F558F98CF984F1367270098CF52
:109BB0006F60BF9899C5379702405C4F5D8D48CF65
:109BC0008280B7970240D84F1345F5FF798DC8CFF3
:109BD0008280B707014023AAA74082809C4513F7E3
:109BE000070113F8F70001C7D8413368E8008E2158
:109BF00013F7F50F39C318418146854E3D4F930F3A
:109C0000800293028004214E3396DE00B3F8C50033
:109C1000631116039398260033131F011343F3FFB8
:109C20003377E300B318180133E7E800639FF705C3
:109C300050C98506E39AC6FD18C11307F00F637576
:109C4000B70454412146854E3D4F930F8002930245
:109C50008004414EB398CE0033F715016392E802B9
:109C60001317260001173313EF001343F3FFB376E6
:109C7000D3003317E800D98E639DF701232A15011D
:109C80000506E319C6FD54C18280E39457FA10C952
:109C90004DB7E39757FE23281501DDB7B7070140FD
:109CA000635A0504DC4F9356050113180501370765
:109CB000300013F6F60013580801B376E500635040
:109CC0000506639BE602930606010D46B316D60011
:109CD00093C6F6FFF58F99C9135755011377F73FD0
:109CE00012073317E800D98F63570504370701407F
:109CF0005CCF8280DC4345BF1317B5006356070075
:109D00008D46B396C600E9B7135755011377F73F51
:109D100012073317E8001347F7FFF98F6DBF639001
:109D2000E602370601405442370700F17D17F98FEC
:109D3000758F58C2D5F1370701405CC38280131775
:109D4000B500635C07008D46B396C60093C6F6FF68
:109D5000FD8EB707000FD58FF1BF135755011207BE
:109D60003317E8001347F7FF7D8FB707000FD98F30
:109D7000D1B723A2A1B48280377700401C4309C524
:109D800093E707101CC3828093F7F7EFE5BFB71680
:109D90000240DC4251777D17F98F5D8DC8C2828009
:109DA000B717024023800702238007020547630696
:109DB000E50011476306E50082802380A7028280C8
:109DC00015472380E7028280371702405C439146A3
:109DD000B18B6385D700A1466382D706B7177A0097
:109DE000938707201CC1371602405C4237070020CA
:109DF0001307877E9183BD8BBA9794231C41B3D7F9
:109E0000D7005CC15442A1829D8ABA969422B3D6EF
:109E1000D70014C55442AD829D8A36971823B3D714
:109E2000E7005CC558423983937637001387018376
:109E300036971823B3D7E7021CC982805C43584386
:109E4000C166C983758FB7F6FF1F83A6C670BD8B29
:109E500089071396160163480600C54601466392BA
:109E6000D702C94739A88946638FD702BD46638E9A
:109E7000D702C146638ED702C54601466393D70019
:109E8000C1471DEF3747024003270780418B05C7B5
:109E900037177A0013070720B307F7021CC121D632
:109EA0001C41858381B701466DBF0546B547D1BFCB
:109EB0000146BD47F9B737173D0013070790E9BFC3
:109EC000B7150240D8559316F700D85563DF06043E
:109ED00011833D8B9306170037177A00130707206D
:109EE0003357D70218C1D455A182BD8A8DE2954659
:109EF0003307D702058318C137170240585714415A
:109F00003D8B050733D7E60218C1184171B7854567
:109F10006394B600E546E9BFBD456396B600D146F9
:109F20003387E602C9BF8906E5BF3D8B930617005C
:109F300037177A00130707203357D702F1B799C5AF
:109F4000371702405C4B5D8D48CB8280B7170240CB
:109F5000D84B1345F5FF798DC8CB828099C537174B
:109F600002401C4F5D8D08CF8280B7170240984F8A
:109F70001345F5FF798D88CF828099C53717024048
:109F80005C4F5D8D48CF8280B7170240D84F134594
:109F9000F5FF798DC8CF82809357550005476399A7
:109FA000E700B71702409C4333D5A700058982809C
:109FB00009476396E700B71702409C53F5B7B717F8
:109FC0000240DC53D5B7371702405C5793F7F7F0E0
:109FD0005D8D48D78280B7160240DC5645777D17E5
:109FE000F98F5D8DC8D6828009C9371702401C439E
:109FF000B7060010D58F1CC38280B71602409C4262
:10A00000370700F07D17F98F9CC2828099C53717FA
:10A0100002401C575D8D08D78280B71702409857C1
:10A020001345F5FF798D88D78280B737004003D775
:10A030004780136707012392E7808280373700400B
:10A0400083574780C207C183BD9BC207C1832312C8
:10A05000F7808280B736004083D7868103D5C681DA
:10A0600003D78681C207131605014207C1834183C6
:10A070004182938606806386E700CA2E4207598D87
:10A08000828013950701518D8280EF62CFC8411104
:10A090002AC6EFF09FF93245B73700401357050144
:10A0A0004205239CE7804181239EA780EFF01FF9A2
:10A0B00041016F608FC8EF620FC641112AC6EFF0F1
:10A0C000DFF63245B7370040135705013D8B420597
:10A0D0002394E78041812396A780EFF03FF641016A
:10A0E0006F60AFC5373700408357478093F707024B
:10A0F000E5DF82803737004083574780C207C1833E
:10A10000DD9BC207C1832312F78037370040835796
:10A110004780A18BEDDF82801E2189C593E707046C
:10A120001EA18280C207C18393F7F7FBC207C183D8
:10A13000C5BF85479181B395B7005E21C205C18136
:10A1400001C6DD8D4EA1828093C5F5FFFD8DDDBF7B
:10A150004EA582804A2582800A256D8D3335A00068
:10A1600082805E21162513F7F50005453317E500BB
:10A17000C207758FC18301CB91813315B5007D8DE9
:10A180003335A0008280014582801E21373701408F
:10A19000930607C0C207C1836300D504B706004019
:10A1A000630CD502938606406308D502B7160040BB
:10A1B000138606806302C502938606C0630ED5002F
:10A1C00013070740630AE50037570140930607C0AD
:10A1D0006304D5006316E500BA2193F7F7F8D98F29
:10A1E00037170040630CE500130707406308E500DC
:10A1F00093F7F7CFFA21C207C183D98F1EA1DE21C1
:10A200005EB59E211EB5B7370140138707C0630EA8
:10A21000E50093870740630AF500B75701401387AD
:10A2200007C06304E5006314F5009C251EB985474B
:10A230005EA982801E31922103D82500C207C18306
:10A24000F99BC207C1831EB11E3156211A2DC207C8
:10A25000C183420741831377C7F8518F9225F59B3D
:10A26000C20633660601D18F37360140130806C097
:10A27000C182630E050113060640630AC500375606
:10A280000140130806C0630405016310C502B2252E
:10A29000DD9B03D8E500D18FD221ED9B93F6F6CF5D
:10A2A000D18FD22533660601D18E56A11AADFA217F
:10A2B0005AB91EB182801E3165771307F7CFC207E6
:10A2C000C183BD9BC207C1831EB11E31562103D875
:10A2D0008500C20713960601162DC18393F7F7FD7B
:10A2E000758F96214182A206558FB6214207418380
:10A2F000B3E606019206D58FB7360140C207138830
:10A3000006C0C183630E050193860640630AD5002B
:10A31000B7560140138806C063040501631ED502C9
:10A32000B62593F7F7F703D8C5009206D58FD62147
:10A33000C207C183920693F7F7FBD58FFD7693860C
:10A34000F63FF18EF225C207C183336606010A0685
:10A35000D18E13960601418252A11AADFA211ABD7F
:10A360001EB182801E3103D88500C207C18393F7D6
:10A37000F7EFC207C1831EB11E3156215A2DC20705
:10A38000139606014207962141831377C7F8558F2C
:10A39000B621C18393F7F7DFB3E60601A206D58F96
:10A3A000B7360140C207138806C04182C183630EDD
:10A3B000050193860640630AD500B756014013880D
:10A3C00006C063040501631FD502FD769386F67F00
:10A3D000F58FB62503D8C500A206D58FD621C207B2
:10A3E000C183A20693F7F7BFD58FF576FD16F18EE0
:10A3F000F225C207C183336606011206D18E139679
:10A400000601418252A15AADFA215ABD1EB1828085
:10A410001A31FD77FD17F98F1EB103580502562139
:10A420005E2D65771396060196211307F7CF7D8F72
:10A43000F977A206FD17558FB3F70701B62103D8A8
:10A44000850042074182B3E60601B206D58FB736D2
:10A450000140C207138806C04183C183630E050112
:10A4600093860640630AD500B7560140138806C09C
:10A4700063040501631BD500F176FD16F18ED2252C
:10A480001A06D18E13960601418252A15AADFA21C5
:10A490002310E5041EB182801E2189C593E71700B1
:10A4A0001EA18280C207C183F99BC207C183CDBFB1
:10A4B0005E2501C6DD8D4EA5828093C5F5FFFD8D1D
:10A4C000DDBF1E2DC207C183DD9BDD8D0EAD8280F9
:10A4D0001A2DFD779387F77FF98FA205CD8FC207DD
:10A4E000C1831EAD82805E2DC207C183DD9BDD8DE1
:10A4F0004EAD82805A2DFD779387F77FF98FA205A5
:10A50000CD8FC207C1835EAD82805E21C207C18349
:10A5100093F7F7F8C207C1835EA15E21DD8D4EA1DE
:10A5200082801E294A25ED8F4205418189C76D8DA4
:10A530003335A00082800145828093C5F5FFC205B6
:10A54000C1810EA98280EF521FFD1629F577FD17F4
:10A55000F58FF621DA257971D58F1EA95625FD775D
:10A560009387379FF58FD6212A842EC6D58F9625BF
:10A57000D58FB625D58F5EA55E29C207C18393F717
:10A58000F7CFD98F5EA96808EFF01F84B747014065
:10A5900093870780B245631AF404A257562465478F
:10A5A000B387E702C206C186984163D20604060754
:10A5B00052244206B3D7E702130740064186B3D6BA
:10A5C000E702B3F7E7029206635506028E07938708
:10A5D0002703B3D7E70213F77700B367D700C207A3
:10A5E000C1831EA445616F505FF5925745BF0A07AE
:10A5F000C1B7920793872703B3D7E702BD8BD58FE7
:10A60000F9BF91C55E250967D98F5EA582805A255D
:10A61000F977FD17F98FD5BF93F5F51F4EA182800D
:10A620000A216D8D3335A000828013F7F50F854622
:10A630001583B397B6006311D7025A25F98F1A21F3
:10A6400001454207418381CB0545A181B315B50082
:10A650006D8F3335E000828089466314D7001A2954
:10A66000F1BF5A29E1BF83A701B49843634B0702A6
:10A670009843370600304E05518F98C398433706EC
:10A6800000804D81518F98C3C8C38CC73797024053
:10A69000114650CB23220700DC47054523A0F1B427
:10A6A000828001458280EF521FE78565854793854B
:10A6B00005806318F50037150140EF20802B6F509F
:10A6C000DFE737150140EF20C02BD5BFEF52BFE4C5
:10A6D0008547930500406318F50037150140EF20CA
:10A6E00040296F509FE537150140EF208029D5BFE5
:10A6F00037F7FF1F81471307D77E99463306F74088
:10A700000C223306F50085070CA2E399D7FE828060
:10A71000938741B598433A9588C3828003A741B592
:10A7200023A8E1B4B787024003A7471C25EF03A77E
:10A730004719894763F8E706EF52FFDD03D541B6B5
:10A74000F945138441B6EFF0CFAD93572500858BC3
:10A75000A9C74D99131605010A204182F945EFF06A
:10A76000CFB1378702408327071093E717002320D4
:10A77000F71083270710858BEDFFB787024003A7EB
:10A78000471C11CB238C01B4D843B706008093C675
:10A79000E6FF758FD8C36F505FDA13654500420539
:10A7A00041814DBFB787024003A7471C19CB238CBB
:10A7B00001B4D843B706008093C6E6FF758FD8C3AF
:10A7C00082808280EF529FD3938441B68A20954540
:10A7D000138441B6EFF0EFA42A898A208545EFF073
:10A7E0004FA49377F901138921B6638A071483472D
:10A7F0000900C1E30A208547F9452300F900A38039
:10A80000F1B6EFF00FA21376C5FF4206937715005D
:10A810004182A9CF136626000A20F945EFF0EFA583
:10A820000A208145EFF0EF9F1376E5FF42060A20EC
:10A830004182136606208145EFF02FA40A2081454E
:10A84000EFF02F9E136635200A2042064182814593
:10A85000EFF0AFA283A7C1B513074006B3F7E70235
:10A8600093872703238AF1826F509FCC13661600CB
:10A8700065B705476397E70089472300F900A38080
:10A8800001B6938721B703870700634607069384C1
:10A89000518394202147639AE6040A20F945EFF09A
:10A8A0004F981376350F0A20F94590A0EFF0EF9CF2
:10A8B000238004000A208145EFF0AF961376E5FF70
:10A8C00042060A204182136606208145EFF0EF9A86
:10A8D0000A208145EFF0EF94136635200A204206E6
:10A8E00041828145EFF06F9921A0130700F898A3EA
:10A8F000238801B695BF938791B7982393061700D5
:10A9000094A39546E316D7FE1375050275F193845B
:10A910005183238007009C2011490A20F945E380D8
:10A9200027F9EFF00F901376350F0A2013664600D3
:10A93000F94590A0EFF06F9423802401A5BF034751
:10A94000090085476312F708138711B61C23A14637
:10A950008A20850793F7F70F1CA3639BD70023007A
:10A960000700230009002146F945EFF00F91EDBDE6
:10A97000F945EFF00F8B1376C5FF4206937715006C
:10A980004182A1C3136626000A20F945EFF0EF8E3D
:10A990000A208145EFF0EF881376E5FF42060A2092
:10A9A0004182136606208145EFF02F8D0A208145F4
:10A9B000EFF02F87136635204206418281450A2039
:10A9C0006DB713661600C9B7138401B7834A040034
:10A9D000138A21B783460A0093871A0013070008D9
:10A9E00093F7F70F6394E6063D476384EA001CA0E3
:10A9F000A5BD8A202300040023000900138451838D
:10AA000021492146F945A38C01B623000A00230001
:10AA10002401EFF08F86230024018A208145EFF086
:10AA20004F801376E5FF42068A2041821366062096
:10AA30008145EFF08F848A208145EFE09FFE136609
:10AA400035204206418281458A2005B7938951838A
:10AA500003C709001DE71147E39BEAF88A20F9457F
:10AA600023000400EFE0FFFB1376350F8A20136606
:10AA70004600F9452380C900EFF02F80238059015B
:10AA800069BF91466318D7023D47E392EAF68A20F0
:10AA90002300040021442146F945A38C01B623007C
:10AAA000090023000A0023808900EFE01FFD2380B6
:10AAB0008900A5B71CA093074006E397FADA8A201D
:10AAC00021668145EFE07FFB238C01B6A38C01B6A4
:10AAD000238C01B4A14723000400230009002300B4
:10AAE0000A002380F9002146F945B9BFEF52BFA201
:10AAF000938711B798231377F70F2DC303A741B599
:10AB000083A641B7158F9306301F63F7E6043747D6
:10AB100002402380070083270780138441B60A2060
:10AB200093E747002320F78021668145EFE0FFF49B
:10AB3000238C01B6A38C01B6238801B6238101B60C
:10AB40000A20238C01B4238901B621472146F94507
:10AB5000A38AE182EFE07FF26F503F9E138981B7B5
:10AB600083470900138401B6C1EB83C621B60547AC
:10AB7000138921B693844183636BD70003D541B613
:10AB80009545EFE01FEA7D8919C123800400938772
:10AB900041B59043938641B794428C20158E93869D
:10ABA00041B5138741B76361B60403460900854781
:10ABB0006311F6041386C1B51C42B74503009385A3
:10ABC0001540B387B702B7A52600938595ECAE97DD
:10ABD0001CC213064006B3F7C702938727039CA045
:10ABE0009C421CC3EFF01FBE1C20BDD723000400F5
:10ABF000A5B793072003E5B71C20938481B5A5C3AF
:10AC000083A741B503A741B7998F1307900F6378C6
:10AC1000F70423000400138441B60A208545EFE0C1
:10AC20005FE09377450085EFEF50F0380A2021660A
:10AC30008145EFE09FE4A38C01B6238801B60A208A
:10AC4000238101B6238901B621472146F945230016
:10AC5000090023800400A38AE182EFE01FE29C2028
:10AC6000E38C07EE03A701B583A741B5998F1307BE
:10AC70003006E373F7EEEFF07FAAF9BDEF52BF891C
:10AC800041118545414502C202C402C6EFF00FAD35
:10AC90008D477C82C1473EC64C008D473715014029
:10ACA0003EC4EFE0BFF3856593850580371501400D
:10ACB000EF10304C9305004037150140EF10704BFA
:10ACC00041016F509F87EF521F850145EFF0CFB1D3
:10ACD0004145EFF04FAF3565EFF0EFAF0545EFF0D1
:10ACE000AFB01305D003EFF02FAB65DD6F50FF84DD
:10ACF000EF527F82138441B60A209545138941B6ED
:10AD0000EFE03FD2AA840A208545EFE09FD19377F8
:10AD100045002A8495C38DE037470240832707808A
:10AD2000ED9B2320F7800547A388E1B603A741B533
:10AD300023AAE1B66F507F802285EF50D02713748D
:10AD4000440293074002631AF40803550900C14501
:10AD5000EFE03FCD1189B786024019E5FD888547B0
:10AD6000B78602406385F4069C4205671307078097
:10AD7000D98F9CC2B78702409843D176FD16758F54
:10AD800098C39146238CD1B6D843B7060080850678
:10AD9000558FD8C303A707101367170023A0E71028
:10ADA0003787024083270710858BEDFF0547238CEB
:10ADB000E1B403A741B523A8E1B4EFE07FDCB78796
:10ADC00002409C43AD83858B2386F1B4A5B79C429A
:10ADD0007D771307F77FF98F69BF374702408327D5
:10ADE0000780ED9B2320F7800547A388E1B603A7E2
:10ADF00041B523AAE1B6E1B7EF524FF03171379672
:10AE00000240B7067000370760005C4AF58FE39E8A
:10AE1000E7FE83C781B7938481B795C703D541B651
:10AE2000F945138441B6EFE0DFBF1376C5FF420654
:10AE3000937715004182638C0722136626000A204F
:10AE4000F945EFE09FC30964EFE03FD113040471BB
:10AE5000379902407D14420429454180EF50E03B80
:10AE600009C483270900858BF5F737050200130510
:10AE70000558EFF040514800EFE03FAD85473EC236
:10AE8000930700203ED6B70700023EC585669307AC
:10AE900000083ECD37072000138906809307000481
:10AEA000378402403AC94AD202CC02D002D802DE2C
:10AEB00082C482C882CA82CC02C33ECF02D31C485D
:10AEC000938616A0378501808D9B1CC8B245A2478A
:10AED00010401305150CCD8FB78520FF9385F51015
:10AEE0006D8ED18F4246B7950240D18F5246D18F99
:10AEF0007246D18F2256D18F5256D18F6256D18F42
:10AF0000D58F1CC01C40B7061000D58F1CC08647CB
:10AF10009646D58FB646D58F5CC0F6471CC486577B
:10AF20005CC43656A657144CD18F4656D18F565610
:10AF3000D18F6656D18F4166130616F4F18ED58FE8
:10AF40009656C206D58F1CCC8A46F657D58F5CCC58
:10AF50005A46BA47944DD18F3746DEF8130636F27B
:10AF6000F18ED58F8A56D58FB70620029386060CB0
:10AF7000D58F9CCD9386819CDC32CC22A207CD8FCD
:10AF80003CC083C6919C83C7819C8545A206DD8E0B
:10AF900083C7A19CC207DD8E83C7B19CE207D58F12
:10AFA0007CC0B70702002328E410938707022326FA
:10AFB000F410EFE03FC037A50020B7D5002093097B
:10AFC000455D0946938545FF1305455DEFE01FB0DC
:10AFD00037A50020B7A50020130A45561D469385C6
:10AFE000455F13054556EFE09FB223A441B723A662
:10AFF00031B71C407D771307F77FF98F1CC083C7DB
:10B00000C1B491C71C4033E9270123202401B7862E
:10B0100002409C4251777D17F98F9CC2EFE05FB6EA
:10B020009C20138441B6B9E70A2021668145EFE0F0
:10B03000DFA4A38C01B6238801B6238101B60A20C0
:10B04000238C01B4238901B621472146F945238089
:10B050000400A38AE182EFE05FA205472380E1B606
:10B0600003A741B523AAE1B629616F506FCC1366DF
:10B070001600F1B30A20F945EFE0BF9A1376C5FF39
:10B08000420693771500418291CB136626000A2071
:10B09000F945EFE09F9E9C20E9F379B7136616000F
:10B0A000FDB783A781B41307000293F7070F639FCF
:10B0B000E700B79702409C533707FE1FF98F99C7E7
:10B0C000EF526FC5EFF05FD36F502FC78280EF5202
:10B0D0008FC4EF50006DEF504051EFF03FA1EFF003
:10B0E0005FFC6F508FC5EF520FC3378702401C4B78
:10B0F0002E8481458D9B1CCB50411C411443D18F24
:10B10000378620FF1306F610F18ED58F1445D58FA4
:10B110005445D58F1449D58F5449D58F144DD58FAB
:10B12000544DD58F1451D58F5451D58F1455D58F7B
:10B130005455D58F1459D58F5459D58F1CC31C43E2
:10B14000B7061000D58F1CC3545D1C5DD58F3441EC
:10B15000D58F7441D58F3445D58F7445D58F3449FB
:10B16000D58F7449D58F5CC33C4D1CC77C4D5CC7E3
:10B1700030557C51144FD18F4166130616F4F18E71
:10B18000D58F745537960240D58F3459D58F745961
:10B19000D58F3451C206D58F1CCF745D3C5DD58FE1
:10B1A0005CCF8326450883270508184ED58FB74600
:10B1B000DEF8938636F2758FD98F03278508D98FED
:10B1C0000327C508D98F03270509D98F0327450908
:10B1D000D98F03278509D98F0327C509D98F03275D
:10B1E000050A2285D98F1CCE2166EFE01F892146F2
:10B1F000F9452285EFE07F8805456F500FB4EF5287
:10B20000EFAF31718545AA847165EFE05FD3854763
:10B210002392F1B6EFF03FAB374702408327078018
:10B2200009641304047193E747002320F780EFE0DB
:10B230008FF0138941B6EFE05F92B79902407D1419
:10B24000420429454180EF40507D09C483A709008D
:10B25000858BF5F74800EFE04FEF85679387078010
:10B260003ED285473EC2930700203ED68355090053
:10B27000B70700023EC593070008370420003ECD03
:10B2800048009307000422C93ECF02CC02D002D866
:10B2900002DE82C882C482CA82CC02C302D3EFF02B
:10B2A0009FE4DC30D820B7860240A207D98FBCC209
:10B2B00098309C203785018022075D8FBC20854512
:10B2C0001305150CC2075D8FBC30E207D98FFCC295
:10B2D000B707020023A886109387070223A6F6105B
:10B2E000EFE05F8D29616F50AFA4EF52CFA2B79707
:10B2F0000240C04B13170401635A07021377040876
:10B300001DC303A781B4C1461377070F6319D70084
:10B31000F847B7060080584714C323A40700130555
:10B320000008EFE07F842165EFE01F849317F400AD
:10B3300063DA07029377040489C713050004EFE07A
:10B34000BF829377140081C70545EFE0FF81635802
:10B350000400EFF0FF9937050080EFE0FF804165C2
:10B36000EFE09F806F506F9DEF52EF9A2A84130594
:10B370004006EF40F06DEFE00FD423A4A1B4EFF04E
:10B38000FF8F3C3058202285B98F5830B98F37470E
:10B39000030013071740B387E70237A726001307F8
:10B3A00097ECBA9723AEF1B4EFF07FE537A5002014
:10B3B000B7D500201304455D0946938545FF130565
:10B3C000455DEFE0AFF037A50020B7A5002093045E
:10B3D00045561D469385455F13054556EFE02FF30F
:10B3E00023A491B623A681B60967B7E700E023A49A
:10B3F000E710A38607446F504F94EF52CF913971F5
:10B40000930700603ECA9307405B3ECC85679387F5
:10B4100047273ECE930720033ED0930730103ED2FD
:10B42000B727554089073ED4B7A700009387C76C5C
:10B430003ED6B7A700009387676A3ED8B7A700003B
:10B44000938767663EDAB7573412938787672A89EE
:10B4500048082EC632C4B68402DC3EDEEF50B0236C
:10B460002A8419E92246B245A6864A85EF509016ED
:10B470002A842685EFF05FEF228521616F50EF8BE4
:10B480008280EF524F89371401209304C4CD884441
:10B490004111EF10102FDC442547FD176366F704B8
:10B4A000370702008A0713070759BA979C43137599
:10B4B000F50F1304C4CD828789470E285CC4A1818F
:10B4C0000DA00C280844EF10F02CA9475CC429A853
:10B4D00008448145EF10102C8D47CDBF058905C567
:10B4E00095450844EF10102B41016F500F851E2C1D
:10B4F000584881453E97850708A3C2073A2CC18367
:10B500001EACE3E0E7FE0C2048407C0001478D467E
:10B51000054602C6EF40E064B247F9D7B7E700E05E
:10B52000116723A0E720C9B7954741BF0C280844FD
:10B53000EF105026994759BF1A2C3E2CE375F7FCA3
:10B540005C489306170016ACBA978C2359BFEF429C
:10B550009FFC371401204111A5471304C4CD5CC4DE
:10B560000CA0B71401402AC6EF40801C48C0856576
:10B57000138504C0EF10E04008449945EF10902176
:10B5800032460820FD55EF40C0292A840545EF309A
:10B59000103F138504C08565EF10A03D8547114518
:10B5A0006313F400014541016F403FF9EF42BFF6DC
:10B5B000371401204111A1471304C4CD5CC40CA071
:10B5C000B71401402AC6EF40A01648C08565138510
:10B5D00004C0EF10003B08449545EF10B01B324605
:10B5E0000820FD55EF40E0232A848565138504C0BB
:10B5F000EF102038854711456313F40001454101E0
:10B600006F40BFF3EF429FEF371401201304C4CD06
:10B610004111B6894CC832AC18A03AC60AA8231CFE
:10B620000400EF40E010324748C04E85BA85EFF085
:10B63000FFF7AA840DE9371901408565130509C094
:10B64000EF102034084485478D455CC4EF109014FA
:10B650000820FD554E86EF40C01CAA848565130561
:10B6600009C0EF100031854701456383F40011459F
:10B6700041016F40FFEBEF427FE837140120930751
:10B68000C4CD2A8A8853B7440040AE893289130456
:10B69000C4CDEF105056938A048089455685EFE05B
:10B6A000BFAB15C9D28513850480EFE07FAA08508F
:10B6B000B7440040138A0480EF10F053854552854B
:10B6C000EFE09FA90DC113850480EFE0BFA82380A0
:10B6D000A900014539A00850EF103053E37FA9FAC3
:10B6E00019456F40FFE40850EF103052E378A9FC91
:10B6F000C5BFEF425FE2AA8437150140411185655D
:10B70000130505C0EF10E02726869305F1001545C7
:10B71000EFF07FF69C872A84858B91C375D537150A
:10B7200001408565130505C0EF10A0242285410165
:10B730006F40BFE0EF429FDCB71401209387C4CD78
:10B740002A89885341113684AE8A328AEF107020DC
:10B750003745004001469305000613050580EFE0DC
:10B760005F9D2285EFF0FFF83715014085651305D1
:10B7700005C0EF10002122869305F1000D45EFF082
:10B780009FEF22869305F10013558900EFF0BFEE7D
:10B790001375F90F22869305F100EFF0DFEDAA890A
:10B7A00001499384C4CD93170901C18363FB470109
:10B7B000B3852A0122860145EFF0FFEBAA8905092E
:10B7C0007DD1371501408565130505C0EF10601A5E
:10B7D0003745004005469305000613050580EFE058
:10B7E0005F958850EF1090434E8541016F405FD4C4
:10B7F000EF427FD2371401404111130504C0856523
:10B80000EF10201805469305F1001945EFF0BFE64B
:10B81000AA840545EF40D023130504C08565EF10C9
:10B820004015268541016F405FD1EF423FCD2A840C
:10B83000371501404111130505C02E8A8565B68470
:10B84000B289EF10001426869305F1000945EFF048
:10B850009FE226869305F10013558400EFF0BFE1C7
:10B860001375F40F26869305F100EFF0DFE02A89C7
:10B87000014493170401C18363FD3701B3078A00B4
:10B88000882326869305F100EFF0FFDE2A89050460
:10B890006DD1371501408565130505C0EF10600DAA
:10B8A0004A8541016F40DFC8EF427FC42A8C37458B
:10B8B0000040B2842E8B01469305000613050580D7
:10B8C000368AEFE01F8733079C00A167114963C9DF
:10B8D000E706BDC48149930B0004B71A01205285C5
:10B8E000EFF03FE19377FC03B387FB40C207C183CE
:10B8F0003E8463F3F4002684420441802286B3052B
:10B900003B0113850AD0EFD0B03A5285EFF05FEEDD
:10B910002A891DE5D286228693850AD06285EFF0BA
:10B92000DFF02A8911ED818CA299C2046294C209C8
:10B93000131C0401C18093D90901135C0C01C5F0EB
:10B940003745004005469305000613050580EFE0E6
:10B950004FFE4A856F403FBDEF425FBA371401206A
:10B960001304C4CD4111B6894CC832AC18A03AC6F4
:10B970000AA8231C0400EF30B05B324748C04E8554
:10B98000BA85EFF0BFC2AA840DE937190140856579
:10B99000130509C0EF00F07E0844914789455CC457
:10B9A000EF10405F0820FD554E86EF309067AA8467
:10B9B0008565130509C0EF00D07B8547014563838A
:10B9C000F400114541016F40BFB6EF425FB2BA8B40
:10B9D000A1673307C50063C1E7082A89328411458E
:10B9E00035CA2E8B368A8149130C0004B71A012000
:10B9F0009377F903B307FC40C207C183BE84637326
:10BA0000F400A284C204C180B3053B0126861385DD
:10BA10000AD0EFD0F029DE855285EFF03FB91DE95D
:10BA200089455285EFF0BFB215E50947D2862686D3
:10BA300093850AD04A85EFF03FF209ED058CA6996F
:10BA400042042699C2094209418093D90901135938
:10BA5000090159FC6F403FAD1145EDBF9E214111D9
:10BA60002AC43EC6B24722479306C00DB387D70209
:10BA7000930640023307D702BA97A183C207C18356
:10BA80007C833C8328839EA1410182809E214111B9
:10BA90002AC43EC63247A24693070010918FB3874F
:10BAA000D7023306E602B297A183C207C1837C8323
:10BAB0003C8328839EA141018280B7170120938790
:10BAC00007D523A0070023A2070023940700B71778
:10BAD0000120938707D423A0070023A2070023A4F3
:10BAE000070023960700239D01B68280938701B843
:10BAF00023A0070023A20700239E01B6828091475E
:10BB0000D38705F063E7A7029317150037150120C7
:10BB1000130505D53E951C21A9C314313717012003
:10BB20001307071DB697FD17C207C183B14563F51B
:10BB3000D700D30700F015A06389F6003386B7025B
:10BB40003A9618625306F7A001CEB146B387D702E2
:10BB5000BA97D4639867C3F7D770538507E082809C
:10BB6000FD17C207C183E1B785476383F504371723
:10BB700001200605130707D52A971C2385E793861E
:10BB8000A1B79E221306400605453388B7006342DD
:10BB900006031CB3FD171386F5FFAE9710A39EA2F4
:10BBA00001458280FD1501456385B7000945828006
:10BBB0000D45828085476382F5040605938701B8A9
:10BBC000AA9798230DE703D7C1B79306000505454B
:10BBD0002E9763C5E6021387F5FF9386A1B798A356
:10BBE0009A22014598B37D172E979AA28280FD155F
:10BBF00001456305B700094582800D4582808D4768
:10BC0000D38705F063E5A70293171500138501B8E4
:10BC10003E951C21A9C31431371701201307C7D53E
:10BC2000B697FD17C207C183B14563F5D700D307A7
:10BC300000F015A06389F6003386B7023A961862C1
:10BC40005306F7A001CEB146B387D702BA97D463A3
:10BC50009867C3F7D770538507E08280FD17C20746
:10BC6000C183E1B7530606F0D30707F0D38607F088
:10BC7000538706F0D3F5D708D3F6C6105375E608F8
:10BC8000C7F7E7685377C708D3F5A518D3F7E718C0
:10BC90000CE19CE1828093171500371501201305F4
:10BCA00005D53E951C216378F604EF42DF8600310E
:10BCB000B1472E8922961314060141803304F40201
:10BCC00003270900832789008326C900032649002A
:10BCD000B71401209384041D9305840013054400C8
:10BCE0002695A695EFF01FF88727C90026940145F1
:10BCF0001CE06F409F8409458280931715001385CF
:10BD000001B83E951C21850763C3C702EF422FFE91
:10BD1000371A01200149AE8A9309F6FFAA84B14B74
:10BD2000130ACAD56347390101456F40CFFF094562
:10BD30008280803093163900338BDA004A943304C2
:10BD40007403A106D6969C4203270B00D442032617
:10BD50004B0005091379F90F93058400130544007E
:10BD6000D2955295EFF01FF087274B0052941CE0BC
:10BD700055BFB1473305F502B71701209387076D0B
:10BD80003E959C45230005001CC501458280B147B6
:10BD90003305F502B71701209387076DAA978CA387
:10BDA00001458280371701201307076D130607032B
:10BDB00085470C23142181CDDD8E860714A193F7CE
:10BDC000F70F91E385473107E315E6FE828093C5BF
:10BDD000F7FFED8EDDB7B1473305F502B717012048
:10BDE0009387076DAA9788238280EF422FF137143B
:10BDF00001201304446481448949130A4006854A9A
:10BE000015495C40638537071C4C26858297782846
:10BE1000630CA7041C4485071CC429E718486379F0
:10BE2000F7005C4068A893C7F7FF858BA98F5CA8D3
:10BE3000850493F4F40F7104E39524FD3714012075
:10BE40001304046D8144114958401C440C2019E32B
:10BE500093B515002685850482973104E39624FF67
:10BE60006F400FED584465BF23240400D1B75C2810
:10BE7000850793F7F70F638447015CA855BF1C4003
:10BE8000230A0400985B6315570123A807024DB7E6
:10BE900023A6070271BFF1473305F502B71701204A
:10BEA00093874764AA97C82B8280B717012093878E
:10BEB0004764938647F7014503C74708060591176E
:10BEC000058B598DE39AF6FE828037170120130700
:10BED00047641306C70885474C2B142181CDDD8E9E
:10BEE000860714A193F7F70F91E385477107E315D0
:10BEF000E6FE828093C5F7FFB3E6B60293F6F60F2F
:10BF0000C5B7EF424FE1B717012083A787704111F2
:10BF10004886CC86AA972380070003A5C1B82E8443
:10BF200081467D566C00EF20E043930700086314C0
:10BF3000F40023A401B841016F402FE01385C1B87C
:10BF40008280B717012003D5C7708280EF42AFDC33
:10BF50003E2937140120130404703EA85C490349AC
:10BF6000050054455CC81C451829AA844A863E85AC
:10BF700081451CC454C418A823002401EF40AFDC41
:10BF8000D8404A86814558C0EF40EFDB03A5C1B8D1
:10BF90008145EF20002601456F402FDAEF420FD692
:10BFA000B714012001449384047005498949094A62
:10BFB0009C20636DF400B62881CA938781B89843AA
:10BFC000050763E9E60698C36F408FD6DC482285F3
:10BFD000829763112503DC40A297982301CB23802D
:10BFE0000700930500042285EFF0BFF105041374E8
:10BFF000F40F7DBF984422971C23850793F7F70F12
:10C000001CA3D8402297142389EA9428E3E0D7FEA2
:10C010002300270193050008F9B7F03463E4C70053
:10C0200063872601F024E3E3C7FCE39146FD230088
:10C030003701CDB793050002014523A00700EFF0BB
:10C040005FEC59B7EF422FCD05E5B7170240984F87
:10C050001367072098CFD84713670720D8C7D8475A
:10C060001377F7DFD8C73165EFD07FD26F40EFCCC1
:10C070008547E31AF5FEB7170240984F136707404C
:10C0800098CFD84713670740D8C7D8471377F7BF6B
:10C09000D1BFEF424FC81317250093870193BA977A
:10C0A0008043370700FC7D171C44AA8493E71700E0
:10C0B0001CC45C40F98F5CC01C4493E787001CC41F
:10C0C0002285EFD08FD26DFD1C4493E747001CC43E
:10C0D0002285EFD00FD26DFD2285EFD0CFE286040E
:10C0E000938781B9A6978AA36F402FC50A059387C6
:10C0F0000193AA979C43E8474205418182803171B0
:10C100002AD7372501402ED506DF16DD1ADB1ED9CA
:10C1100032D336D13ACF3ECD42CB46C972C776C56F
:10C120007AC37EC182FE86FC8AFA8EF892F696F475
:10C130009AF29EF0A2EEA6ECAAEAAEE8B2E6B6E467
:10C14000BAE2BEE0930500221305054042FE46FC1C
:10C150004AFA4EF852F656F45AF25EF062EE66EC87
:10C160006AEA6EE872E676E47AE27EE0EFD0EFD734
:10C1700001C583A701B98297373501409305002295
:10C1800013050580EFD06FD601C583A741B982970B
:10C19000FA50EA525A53CA533A55AA551A568A5671
:10C1A0007A47EA475A48CA483A4EAA4E1A4F8A4F27
:10C1B0007670E6705671C6713672A6721673867303
:10C1C0007664E6645665C6653666A6661667866753
:10C1D0007278E2785279C279327AA27A127B827BC3
:10C1E000726CE26C526DC26D326EA26E126F826F13
:10C1F0002961730020300605938781B9AA97839738
:10C2000007000145AE9763C0070291CD856613878D
:10C21000F6FF3A8563D9D7002E856386E50013952E
:10C220000701418182808280EF424FAD0111AA84D3
:10C230002E8AB28A8145130600020A85B689EF402C
:10C240008FB02685EFF01FE085473EC2139724008C
:10C2500093870193BA9780438A8502C0228502C4DE
:10C260004EC602C8230A410102CC02CE37090200A1
:10C27000EFD0EFB081471309895B63954703B70798
:10C280000E00638FF9021C4437071000D98F1CC4BD
:10C290001C44268593E707101CC4EFF09FDF05615F
:10C2A0006F400FA9138B1700D6979C2389461376EE
:10C2B000FB0FCA978C232285EFD0AFB5DA8775BF05
:10C2C0001C443707F0FF7D17F98FD1B7EF420FA35A
:10C2D0007971AA842E8A3289B6893AC6EFF09FD640
:10C2E000324713942400138601B9229618C281455F
:10C2F000130600020808EF400FA585472302F1024C
:10C3000093870193A297804352CEB7070E00630D27
:10C31000FA021C4437071000D98F1CC40C08228570
:10C32000EFD0EFA54E86CA8513052002EF00F00678
:10C330000546930500222285EFD0CFA92685EFF090
:10C340005FD545616F40CF9E1C443707F0FF7D17D6
:10C35000F98FE1B7EF422F9C2A8437050020EF00C8
:10C3600050001C4081450145139727009387818326
:10C37000BA97944318445C40D98F5844D98F1848D1
:10C38000D98FB397D700377700402320F740032693
:10C3900007408547B397D700D18F2320F740EFD0D0
:10C3A000AFCF6F408F99EF420F97131425000945C7
:10C3B000411133158500EFD08FD68547631FF500F7
:10C3C000B717012093878771A2979C432AC682974B
:10C3D000324533158500EFD04FD541016F40EF95C1
:10C3E000B70700200A059387877FAA979443416780
:10C3F00079179C42F98F9CC28280EF422F900441B2
:10C400003D49994741112A84AE893319990063E463
:10C41000970A371702405C4B93E717005CCB37074E
:10C4200002405C4333E92701232227015C44CDC746
:10C4300005476386E70A8567930A0020138907800A
:10C44000B71501201397240093858571BA9594C17F
:10C4500026853A8A32C4EFF0BFF8370700200C482F
:10C460001307877F5C4052971843CD8F0C441443C9
:10C47000B3E75701CD8FE175BD05ED8ED58FB3E7DD
:10C48000270193E707081CC35E2C2246CE855CC3B8
:10C490005C481385B4011CC71C4C5CC71C4393E764
:10C4A00027001CC3994763F4970013851404F525EE
:10C4B00041016F40EF878545094536C632C4EFD04C
:10C4C0001FA8B707024003A74740B2462246336978
:10C4D000270123A2274199BF814A014995B7930AB1
:10C4E000001013090040A9BFB70700200A05938771
:10C4F000877FAA9798431C4393E717001CC3828049
:10C50000B70700200A059387877FAA979C43CCC36F
:10C510008280317106DF16DD1ADB1ED92AD72ED5AF
:10C5200032D336D13ACF3ECD42CB46C972C776C55B
:10C530007AC37EC182FE86FC8AFA8EF892F696F461
:10C540009AF29EF0A2EEA6ECAAEAAEE8B2E6B6E453
:10C55000BAE2BEE0014542FE46FC4AFA4EF852F607
:10C5600056F45AF25EF062EE66EC6AEA6EE872E643
:10C5700076E47AE27EE0EFF01FE3FA50EA525A5393
:10C58000CA533A55AA551A568A567A47EA475A481C
:10C59000CA483A4EAA4E1A4F8A4F7670E6705671C4
:10C5A000C6713672A672167386737664E664566533
:10C5B000C6653666A666166786677278E27852792F
:10C5C000C279327AA27A127B827B726CE26C526DF3
:10C5D000C26D326EA26E126F826F296173002030BD
:10C5E000317106DF16DD1ADB1ED92AD72ED532D3DC
:10C5F00036D13ACF3ECD42CB46C972C776C57AC353
:10C600007EC182FE86FC8AFA8EF892F696F49AF241
:10C610009EF0A2EEA6ECAAEAAEE8B2E6B6E4BAE272
:10C62000BEE0054542FE46FC4AFA4EF852F656F484
:10C630005AF25EF062EE66EC6AEA6EE872E676E462
:10C640007AE27EE0EFF03FD6FA50EA525A53CA53EC
:10C650003A55AA551A568A567A47EA475A48CA4856
:10C660003A4EAA4E1A4F8A4F7670E6705671C671CE
:10C670003672A672167386737664E6645665C6656E
:10C680003666A666166786677278E2785279C2794E
:10C69000327AA27A127B827B726CE26C526DC26D2E
:10C6A000326EA26E126F826F296173002030317179
:10C6B00006DF16DD1ADB1ED92AD72ED532D336D1A6
:10C6C0003ACF3ECD42CB46C972C776C57AC37EC14A
:10C6D00082FE86FC8AFA8EF892F696F49AF29EF022
:10C6E000A2EEA6ECAAEAAEE8B2E6B6E4BAE2BEE092
:10C6F0000D4542FE46FC4AFA4EF852F656F45AF2FE
:10C700005EF062EE66EC6AEA6EE872E676E47AE281
:10C710007EE0EFF05FC9FA50EA525A53CA533A55D5
:10C72000AA551A568A567A47EA475A48CA483A4E8C
:10C73000AA4E1A4F8A4F7670E6705671C6713672DD
:10C74000A672167386737664E6645665C6653666A9
:10C75000A666166786677278E2785279C279327A6D
:10C76000A27A127B827B726CE26C526DC26D326E69
:10C77000A26E126F826F296173002030317106DF63
:10C7800016DD1ADB1ED92AD72ED532D336D13ACFB1
:10C790003ECD42CB46C972C776C57AC37EC182FE02
:10C7A00086FC8AFA8EF892F696F49AF29EF0A2EE41
:10C7B000A6ECAAEAAEE8B2E6B6E4BAE2BEE01145FB
:10C7C00042FE46FC4AFA4EF852F656F45AF25EF031
:10C7D00062EE66EC6AEA6EE872E676E47AE27EE0A1
:10C7E000EFF07FBCFA50EA525A53CA533A55AA5551
:10C7F0001A568A567A47EA475A48CA483A4EAA4EC3
:10C800001A4F8A4F7670E6705671C6713672A672EC
:10C81000167386737664E6645665C6653666A666E4
:10C82000166786677278E2785279C279327AA27A8C
:10C83000127B827B726CE26C526DC26D326EA26EA4
:10C84000126F826F29617300203093F7060113F88D
:10C85000F60099C33368C80093F7F50FB9C31C41BC
:10C860000147854E3D4F930F800293028004214E75
:10C870003396EE00B3F8C500631116039318270032
:10C8800033131F011343F3FFB377F300B3181801F9
:10C89000B3E7F800639FF60550C90507E31AC7FD23
:10C8A0001CC19307F00F63F5B70458412146854E2C
:10C8B0003D4F930F800293028004414EB398CE0007
:10C8C000B3F715016392F80293172600811733130B
:10C8D000FF001343F3FF3377E300B317F8005D8FD6
:10C8E000639DF601232A15010506E319C6FD58C10B
:10C8F0008280E39456FA10C94DB7E39756FE232879
:10C900001501DDB7EF323FC1C1460D46EFF0FFF331
:10C910006F30BFC2EF323FC081460D46EFF0FFF2ED
:10C920006F30BFC1EF323FBF91460D46EFF0FFF1D0
:10C930006F30BFC0EF323FBE41112A84AE8409CEB2
:10C94000371702401C4F36C6854593E717001CCFAA
:10C950003285EFD0AFB4B2460D46A6852285EFF002
:10C96000DFEE41016F307FBD08456D8D3335A0008E
:10C9700082800CC982804CC5828048454205418135
:10C9800082804CC98280EF321FB91145CD2A2145E2
:10C99000FD224145ED2213050002D52213050004B6
:10C9A000F92A6F309FB9EF321FB70111AA842E8484
:10C9B00059E93705200075226800EFD0EFC0D24753
:10C9C00037470F001307072433D7E7028A0413857C
:10C9D00081932695144161651305056A9315070136
:10C9E000C181CEA2922242064182799A42064182B8
:10C9F00092A21040636FC5040606B3D7C702114662
:10CA0000139707014183BA876373C7009147850570
:10CA1000C205C207C181C1838EB2DEAE9E225A20FA
:10CA2000322493E717009EA29E22518FC207C18332
:10CA300093F757BFD98F9EA21A245E24D98F9EA642
:10CA400005616F309FAF8547E318F5F63705400065
:10CA50009DB76A20B165FD15631DB5028D4533068E
:10CA6000B602B3D7C702C207C1831396470119E2C2
:10CA700093E717002166D18F1306C0123307C70250
:10CA80001306803E3347C7020507420741839AB227
:10CA900069B7E5453306B602B3D7C7021166C207C8
:10CAA000C183D18FD9B70A0593878193AA979C43F5
:10CAB0008A2B1375F50F82800A0593878193AA97B5
:10CAC0009C43CA2B82800A0593878193AA979C4333
:10CAD0008A2F82800A0593878193AA9798431E2301
:10CAE00093E717001EA382800A0593878193AA9774
:10CAF00098431E2393E707201EA382800A0593878D
:10CB00008193AA9798431E2393E707101EA3828060
:10CB10000A0593878193AA979C438EAB82800A056E
:10CB200093878193AA979C4393F5E50F8EAB828000
:10CB30000A0593878193AA979C4393E5150093F583
:10CB4000F50F8EAB82800A0593878193AA9798434D
:10CB50001E23C207C18393F7F7BFC207C1831EA379
:10CB60008280B7170240D84F498FD8CF984B498F52
:10CB700098CB984B1345F5FF798D88CB8280B717FA
:10CB80000240984F498F98CFD847498FD8C7D84788
:10CB90001345F5FF798DC8C7828037E700E0960519
:10CBA000B307A70093F5F50F2380B74093575500BF
:10CBB0009387070485468A07B396A600BA9794C35D
:10CBC00082809377350099EF130740063377E502AB
:10CBD000854719E7930700193375F5029337150058
:10CBE0003E8582808147EDBF557122DF3ED386C7E7
:10CBF000B737004096C59AC39EC12ADD2EDB32D9D5
:10CC000036D73AD542D146CF72CD76CB7AC97EC7D8
:10CC100082FE86FC8AFA8EF892F696F49AF29EF0DC
:10CC2000A2EEA6ECAAEAAEE8B2E6B6E4BAE2BEE04C
:10CC30001384078083D7078042FE46FC4AFA4EF8E9
:10CC400052F656F45AF25EF062EE66EC6AEA6EE86C
:10CC500072E676E47AE27EE0858B99CB83A7C1B950
:10CC600082975E20C207C183F99BC207C1835EA081
:10CC7000EFD04FC77A54BE40AE421E438E436A5532
:10CC8000DA554A56BA562A579A570A58FA486A4EF7
:10CC9000DA4E4A4FBA4F7670E6705671C6713672E8
:10CCA000A672167386737664E6645665C665366644
:10CCB000A666166786677278E2785279C279327A08
:10CCC000A27A127B827B726CE26C526DC26D326E04
:10CCD000A26E126F826F696173002030EF32BF83E2
:10CCE0002A84EFD02FB7D567938707183375F502DD
:10CCF0008567938707E13357F5023375F50293078C
:10CD0000C00318A03357F5023375F50218B028A0F8
:10CD10006F30BF82EF32AFFD5564AA891304041847
:10CD2000EFD04FB3335485029304207B1309C01610
:10CD3000130AD016637089022685EFF09FE88504F8
:10CD400039C163074401130424E9C204C180DDB77B
:10CD5000C204C180370A020001496D4B130ACA5C44
:10CD6000854B714C930A190063628B02930740064E
:10CD7000B3F4F402050423A2590123848900A38497
:10CD800099006F304FFA130434E9C1B72685EFF0EC
:10CD90005FE319C9631A7901E30A84FD0D1413993D
:10CDA0000A01135909017DBF529983470900E36FB6
:10CDB000F4FA1D8CEDB7EF320FF6AA84EFD08FA9ED
:10CDC000D567938707183355F50280200567130749
:10CDD00007E19306C0033304E40298303307D70217
:10CDE000B307F502A8203A942A9405453E94EFC073
:10CDF000BFF82285EFD06FA9EFD0CFAE05456F30D9
:10CE0000CFF3EF32CFEE2A84EFD0CFA48349940042
:10CE10009307300663EC370BB73AE101378BE20139
:10CE20002A8A81441309207B938A0A38130B0B50FA
:10CE3000938BF97C4A85EFF0DFD82DC5DA9405098C
:10CE4000420913590901E3D72BFF832A4400B70B8A
:10CE50000200556BFD1A232254010149938BCB5CD0
:10CE6000130B0B189389097D054C636F590300243C
:10CE70005565130505187D143304A40285453375E3
:10CE8000AA022A9437050018EFD02F8F0545EFC06E
:10CE9000BFEE26942285EFD04F9FEFD0AFA401457F
:10CEA0006F306FE8D69461BFB3872B019C234E850A
:10CEB000B3876703BE94EFF0DFD001C56313890128
:10CEC000DA94050942091359090145B70545C9BF57
:10CED000EF326FE4AA842E8429E50565EFF03FCA9E
:10CEE000B7170020938707838A043624BE941E2434
:10CEF0009840D58F5440D58F5624D58F7624D58F22
:10CF00001628D58F1440D58F93E74710C207C183E9
:10CF10001EA35E2F93F747105EAF3E281EAB6F3007
:10CF2000CFE1854711656386F4008947E39AF4FAF7
:10CF30002165EFF01FC36DB7EF32EFDD85472A841F
:10CF40006315F5022E89B284B6853A86130540032F
:10CF5000EFF0BFC463060900B717012023AC2775A3
:10CF600089C4B717012023AE9774371500200A042F
:10CF700013050583229508418545EFD0EF996F3061
:10CF8000CFDBB71700200A0593870783AA979C4336
:10CF9000CA278280B71700200A0593870783AA97BC
:10CFA0009C43CEA7828031712AD7374500402ED5C9
:10CFB00006DF16DD1ADB1ED932D336D13ACF3ECD8D
:10CFC00042CB46C972C776C57AC37EC182FE86FC53
:10CFD0008AFA8EF892F696F49AF29EF0A2EEA6ECF9
:10CFE000AAEAAEE8B2E6B6E4BAE2BEE093051007FC
:10CFF0001305058042FE46FC4AFA4EF852F656F4F6
:10D000005AF25EF062EE66EC6AEA6EE872E676E488
:10D010007AE27EE0EFD0EF9411C5B717012083A725
:10D02000C7758297374500409305000613050580B4
:10D03000EFD02F9311C5B717012083A7877582976B
:10D04000FA50EA525A53CA533A55AA551A568A56B2
:10D050007A47EA475A48CA483A4EAA4E1A4F8A4F68
:10D060007670E6705671C6713672A6721673867344
:10D070007664E6645665C6653666A6661667866794
:10D080007278E2785279C279327AA27A127B827B04
:10D09000726CE26C526DC26D326EA26E126F826F54
:10D0A0002961730020309306F5FF954763FDD70291
:10D0B000A1473707100063EAA7009317250037053B
:10D0C00002001305455E3E951841B7170240D4474C
:10D0D000D98ED4C7D0479346F7FFF18ED4C7944F6B
:10D0E000558F98CF8280130700026386F6009387DE
:10D0F0000194B6979823B7170240944BD98E94CBDE
:10D10000904B9346F7FFF18E94CBD44F558FD8CFE9
:10D110008280EF324FC0B7070200131725009387B4
:10D120008760BA9784432A8485452685EFD06FBFF0
:10D130008547631EF50051453304A40237150120CD
:10D140001305857622955C458297F9579EA86F3026
:10D15000CFBEB70702000A0593878760AA979C4352
:10D16000239207029A23136717009AA38280EF3253
:10D170008FBAB70702000A0593878760AA9788438A
:10D18000C205C181EFD06FB86F302FBB317106DFA0
:10D1900016DD1ADB1ED92AD72ED532D336D13ACF97
:10D1A0003ECD42CB46C972C776C57AC37EC182FEE8
:10D1B00086FC8AFA8EF892F696F49AF29EF0A2EE27
:10D1C000A6ECAAEAAEE8B2E6B6E4BAE2BEE00D45E5
:10D1D00042FE46FC4AFA4EF852F656F45AF25EF017
:10D1E00062EE66EC6AEA6EE872E676E47AE27EE087
:10D1F000EFF03FF2FA50EA525A53CA533A55AA5541
:10D200001A568A567A47EA475A48CA483A4EAA4EA8
:10D210001A4F8A4F7670E6705671C6713672A672D2
:10D22000167386737664E6645665C6653666A666CA
:10D23000166786677278E2785279C279327AA27A72
:10D24000127B827B726CE26C526DC26D326EA26E8A
:10D25000126F826F296173002030317106DF16DD95
:10D260001ADB1ED92AD72ED532D336D13ACF3ECDAE
:10D2700042CB46C972C776C57AC37EC182FE86FCA0
:10D280008AFA8EF892F696F49AF29EF0A2EEA6EC46
:10D29000AAEAAEE8B2E6B6E4BAE2BEE01D4542FE56
:10D2A00046FC4AFA4EF852F656F45AF25EF062EE36
:10D2B00066EC6AEA6EE872E676E47AE27EE0EFF027
:10D2C0005FE5FA50EA525A53CA533A55AA551A56CC
:10D2D0008A567A47EA475A48CA483A4EAA4E1A4FDF
:10D2E0008A4F7670E6705671C6713672A6721673E2
:10D2F00086737664E6645665C6653666A666166706
:10D3000086677278E2785279C279327AA27A127B91
:10D31000827B726CE26C526DC26D326EA26E126FC5
:10D32000826F296173002030317106DF16DD1ADB50
:10D330001ED92AD72ED532D336D13ACF3ECD42CBC5
:10D3400046C972C776C57AC37EC182FE86FC8AFA58
:10D350008EF892F696F49AF29EF0A2EEA6ECAAEA65
:10D36000AEE8B2E6B6E4BAE2BEE0114542FE46FCE3
:10D370004AFA4EF852F656F45AF25EF062EE66EC55
:10D380006AEA6EE872E676E47AE27EE0EFF07FD851
:10D39000FA50EA525A53CA533A55AA551A568A565F
:10D3A0007A47EA475A48CA483A4EAA4E1A4F8A4F15
:10D3B0007670E6705671C6713672A67216738673F1
:10D3C0007664E6645665C6653666A6661667866741
:10D3D0007278E2785279C279327AA27A127B827BB1
:10D3E000726CE26C526DC26D326EA26E126F826F01
:10D3F000296173002030B70702000A059387876010
:10D40000AA979C43239207028280B70702000A056D
:10D4100093878760AA979C43CA338280B70702002C
:10D420000A0593878760AA9798431E23C207C18382
:10D43000F99BC207C1831EA38280B707020013179E
:10D44000250093878760BA979C439A2742074183B8
:10D45000619B420741839AA751473306E502962311
:10D460003717012013078776C206C18293F6F6C8E4
:10D4700032975223D18E96A316233A23D6B79AB762
:10D4800009E537370140231807C20547DAAB828028
:10D49000EF326F8841112A842EC632C4EFF0BFC02C
:10D4A000B24503A78182D147B306F4022246B717DB
:10D4B00001209387877622853357B702B69792A3C8
:10D4C000BAA3EFF09FF741016F302F87EF32AF849F
:10D4D00001112A843AC83EC62ECE32CC36CAEFF0AD
:10D4E0009FBC5145B308A4026246371501201305BD
:10D4F0008576F245D246469512A103A8818254C58D
:10D50000231205003358B802231105012285EFF0DC
:10D51000DFF2B70602001316240093868660B296E7
:10D5200094427956B24792AACA264247136515001B
:10D53000CAA68D461305E0026309D400914613057F
:10D5400020046304D4001305C0033E86BA85EFF0BF
:10D55000CFE405616F207FFEEF22FFFB01112A84DB
:10D56000B6842EC632C402C802CA02CC02CEEFF084
:10D570009FB3D1473307F4022246B245B7170120C3
:10D5800013190601938787761359090122850A0426
:10D590003306B602BA9783A581822390270123928E
:10D5A000070033D6C502B2A3EFF03FE9C1673705E4
:10D5B000020093870707130585603EC82295231B49
:10D5C0002101231C010093F71400004189CB0C08B2
:10D5D0002285EFC03FC681452285EFC09FEE93F7BD
:10D5E000240089CB0C082285EFC0FFCC8145228521
:10D5F000EFC01FEE93F7440089CB0C082285EFC0E3
:10D600007FD681452285EFC01FEEA18889C80C080E
:10D610002285EFC0FFDF81452285EFC0BFED1E20D0
:10D62000216793E707081EA083574404D98F23126C
:10D63000F40405616F207FF0EF22FFEDB7070200D1
:10D640000A0593878760AA978043A167FD17035750
:10D650004404411102C27D8F2312E40403574404A1
:10D6600002C402C6F98F2312F404C1679387070727
:10D670003EC089477C84708393F71500AE8489C7C8
:10D680008A852285EFC01FBB93F7240089C78A854E
:10D690002285EFC05FC293F7440089C78A8522853F
:10D6A000EFC05FCCA18889C48A852285EFC05FD690
:10D6B000835744042167D98F2312F40441016F205A
:10D6C000DFE7B70702000A0593878760AA979843A8
:10D6D000A16683574704D58F2312F7048280EF2277
:10D6E000FFE1854741112A842E8A3289B684BA899E
:10D6F0006304F50415CD89476305F5048D4763057B
:10D70000F504B1477C85B71700209387C7830A04C7
:10D710003E9408408A8552C023123101231321010F
:10D72000648423160100EFC01FE241016F205FE017
:10D730001165EFF0CFC4F1B737050200EFF06FC20B
:10D74000C9B737050400DDBF37050800C5BFB717E7
:10D7500000200A059387C783AA97984389665E27A6
:10D76000D58F5EA78280EF221FDB85472E89B2848A
:10D770002A84B6853A866300F5028D476302F50276
:10D78000372501200E041305C5812295232025018C
:10D7900044C16F209FDA13056003EFF00FC0CDB7CF
:10D7A00013054004DDBFB71700200A059387C78320
:10D7B000AA979C43CEA3DA2713670704DAA78280CF
:10D7C00023A0B1BAB71700200A059387C783AA9789
:10D7D00098435E2793E707025EA78280B717002071
:10D7E0000A059387C783AA9798435E27C207C18318
:10D7F00093F7F7FDC207C1835EA78280EF221FD097
:10D80000371400201309C483931925004E99AA8464
:10D8100003250900930560621304C483EFC0FFE091
:10D820008547631BF5020325090093056062EFC07D
:10D83000DFDF032709005E27C207C18393F7F7FBE9
:10D84000C207C1835EA737270120939734001307CF
:10D85000C781BA97DC4382974E9408409305505293
:10D86000EFC0BFDC8547631FF5001C403725012052
:10D870008E04DA2383A701BA1305C581269598A3E0
:10D880001C4182976F20DFCA317106DF16DD1ADB7B
:10D890001ED92AD72ED532D336D13ACF3ECD42CB60
:10D8A00046C972C776C57AC37EC182FE86FC8AFAF3
:10D8B0008EF892F696F49AF29EF0A2EEA6ECAAEA00
:10D8C000AEE8B2E6B6E4BAE2BEE0054542FE46FC8A
:10D8D0004AFA4EF852F656F45AF25EF062EE66ECF0
:10D8E0006AEA6EE872E676E47AE27EE0EFF01FF133
:10D8F000FA50EA525A53CA533A55AA551A568A56FA
:10D900007A47EA475A48CA483A4EAA4E1A4F8A4FAF
:10D910007670E6705671C6713672A672167386738B
:10D920007664E6645665C6653666A66616678667DB
:10D930007278E2785279C279327AA27A127B827B4B
:10D94000726CE26C526DC26D326EA26E126F826F9B
:10D95000296173002030317106DF16DD1ADB1ED914
:10D960002AD72ED532D336D13ACF3ECD42CB46C977
:10D9700072C776C57AC37EC182FE86FC8AFA8EF8AB
:10D9800092F696F49AF29EF0A2EEA6ECAAEAAEE81F
:10D99000B2E6B6E4BAE2BEE00D4542FE46FC4AFA03
:10D9A0004EF852F656F45AF25EF062EE66EC6AEA0F
:10D9B0006EE872E676E47AE27EE0EFF03FE4FA5059
:10D9C000EA525A53CA533A55AA551A568A567A47B2
:10D9D000EA475A48CA483A4EAA4E1A4F8A4F7670BA
:10D9E000E6705671C6713672A672167386737664C7
:10D9F000E6645665C6653666A666166786677278FB
:10DA0000E2785279C279327AA27A127B827B726C86
:10DA1000E26C526DC26D326EA26E126F826F29611E
:10DA2000730020301567B73700401307575598C368
:10DA30001147D8C30567130707FA98C72D6713075F
:10DA4000A7AA98C335671307C7CC98C38280AD6770
:10DA5000373700409387A7AA1CC38280938741BBB6
:10DA60009843636DA702D043B386C7006316D50001
:10DA700054413E85B296D4C35041B306C500631AE3
:10DA8000D70083A641BA6306D70054431843B29621
:10DA900054C118C16303F50088C38280BA87C9B72F
:10DAA00049CDEF225FA7032745FF83A781BA2A84C8
:10DAB000B376F7009DE2A1679387078073900730E4
:10DAC00037060200370502001306C66293054012AE
:10DAD00013054565EFC0207901A0832605FF9DC28F
:10DAE000A1679387078073900730370602003705D8
:10DAF00002001306C6629305501213054565EFC078
:10DB0000807601A093C7F7FFF98F232AF5FEEF1067
:10DB1000C02C9387C1BA9443032744FF130504FF25
:10DB2000369798C3EFF09FF3938701BB984305079F
:10DB300098C3EF10A0436F205FA08280B7E700E09A
:10DB400041572387E7402386E740B7F700E023A04B
:10DB5000070023A20700814694C70147D8C783A5C1
:10DB600081821307803E814633D6E5023D4790CB44
:10DB7000D4CB98C38280EF221F9A411102C6F327AB
:10DB800050303EC6B2470D478D8B6384E702A167D4
:10DB9000938707807390073037060200370502002D
:10DBA000130686679305600B13054565EFC0A06BF0
:10DBB00001A0B787012093870700BD8B9DC3A16794
:10DBC00093870780739007303706020037050200FD
:10DBD000130686679305B00B13054565EFC0A06873
:10DBE00001A0EFF0BFF5B7E700E0056723A0E7105D
:10DBF000116723A0E71023A00184EF206FF00145F7
:10DC000041016F209F93197182FE86FC8AFA8EF87B
:10DC100092F696F49AF29EF0A2EEA6ECAAEAAEE88C
:10DC2000B2E6B6E4BAE2BEE042FE46FC4AFA4EF87C
:10DC300052F656F45AF25EF062EE66EC6AEA6EE86C
:10DC400072E676E47AE27EE073110134A16793878D
:10DC5000078073900730B7F700E023A20700EF10AA
:10DC6000E01811C5B7E700E0116723A0E720A1671E
:10DC70009387878873900730731101347670E6704C
:10DC80005671C6713672A672167386737664E66430
:10DC90005665C6653666A666166786677278E27848
:10DCA0005279C279327AA27A127B827B726CE26CF0
:10DCB000526DC26D326EA26E126F826F0961730077
:10DCC0002030A16793870780739007309387018482
:10DCD0009843050798C38280138701841C438DE70E
:10DCE000EF227F83A1679387078073900730370601
:10DCF00002003705020013068667930520101305FE
:10DD00004565EFC0405601A0FD171CC391E7A16710
:10DD1000938787887390073082802165130505807B
:10DD2000731505308280731005308280EF22AFFEBC
:10DD300041111DE1A1679387078073900730370673
:10DD40000200370502001306066A93055006130504
:10DD50004565EFC0405101A0F1473EC6324763041C
:10DD6000F702A16793870780739007303706020098
:10DD7000370502001306066A9305D00613054565AC
:10DD8000EFC0604E01A02A842320050011055D2C00
:10DD900085471CAC228541016F202FFAEF220FF638
:10DDA0001DE1A16793870780739007303706020053
:10DDB000370502001306066A9305A014130545658E
:10DDC000EFC0604A01A0B70900FFB3F93501AE8486
:10DDD00063840902A1679387078073900730370631
:10DDE0000200370502001306066A9305B0141305F6
:10DDF0004565EFC0404701A09DE1A167938707807B
:10DE00007390073037060200370502001306066AD2
:10DE10009305C01413054565EFC0E04401A02A89AD
:10DE2000B28A368B3A8AEF1010110DE563040A02AC
:10DE3000A167938707807390073037060200370584
:10DE400002001306066A9305F01413054565EFC03A
:10DE5000804101A0EF00707803240900B3F784002B
:10DE600063170B029DE78149630C0A02B335500129
:10DE7000E20563050B00B7070004DD8D5286C58DF2
:10DE800013054900EF108050D289014411A8E39C8A
:10DE9000F4FC63870A0093C7F4FFE18F2320F900A5
:10DEA000EF10C00C638C090211E5B7E700E01167C1
:10DEB00023A0E720EF109015931765002A8463CD07
:10DEC0000700EFF01FE003240900B3F78400631A92
:10DED0000B0091EBEFF05FE02204218022856F20A0
:10DEE0002FE5E399F4FEE3870AFE93C4F4FFE18C87
:10DEF00023209900C5B7EF220FE241111DE1A16770
:10DF000093870780739007303706020037050200B9
:10DF10001306066A9305101E13054565EFC0A0346D
:10DF200001A0B70700FFED8F9DC3A167938707800E
:10DF30007390073037060200370502001306066AA1
:10DF40009305201E13054565EFC0E03101A02A842A
:10DF50002EC6EFF01FD7B245084093C5F5FFE98DF7
:10DF60000CC02AC6EFF05FD7324541016F20EFDCCD
:10DF7000EF22CFD841111DE1A167938707807390ED
:10DF8000073037060200370502001306066A9305BC
:10DF9000102213054565EFC0002D01A0370700FFD3
:10DFA0006D8F1DC3A1679387078073900730370675
:10DFB0000200370502001306066A930520221305A6
:10DFC0004565EFC0402A01A02A842EC69309C500EA
:10DFD000EF00B0601C40B245084837090001CD8F02
:10DFE0001CC081447D19370A00020C40639CA900C3
:10DFF00093C4F4FFED8C04C0EF005077084041015A
:10E000006F200FD31841832A4500B37727011316D9
:10E010005700B3F6B7006345060089E65685F1B7A9
:10E02000E39ED7FE9316770063D30600DD8CB3E53D
:10E030004501EF100054DDB7EF22EFCDEFF05FF3B5
:10E040006F20AFCF930785007D575CC118C55CC5B5
:10E050001CC92320050082802328050082805C41A2
:10E060009847DCC198C598474CC38CC71C4188C9E8
:10E0700085071CC182809841FD5693078500631E69
:10E08000D7001C49D843D8C10CC79CC5CCC31C4180
:10E0900088C985071CC18280B687D4439042E37D3E
:10E0A000C7FECDB7544118451C4998C654C3D44344
:10E0B0006393A600D8C39843232805007D1798C30F
:10E0C00088438280EF222FC541112AC6EFF07FBF1F
:10E0D0003245005DEFF05FC01335140041016F2041
:10E0E000CFC5EF224FC332893041045D2A8409EE47
:10E0F0001C41014591E70844EF10206523240400EA
:10E10000850404DC6F206FC3631009024841EFB03F
:10E11000203A5C4038400145BA9718445CC0E3E1BE
:10E12000E7FE1C405CC0E9BF4845EFB060383C40AA
:10E1300058441440B307F0403E9758C46375D70065
:10E140001844BA975CC489470145E31BF9FACDD856
:10E15000FD147DB7304115C2EF22EFBB5845144581
:10E16000AA87329758C56364D700184158C52E85D1
:10E17000CC47EFB0E0336F204FBC8280EF22AFB9C5
:10E180002A84EFF01FB48344540413094402E204C8
:10E19000E18463489002FD57A302F404EFF0DFB37B
:10E1A000EFF03FB28344440413090401E204E18424
:10E1B00063459002FD572302F404EFF0FFB16F2096
:10E1C000CFB75C50E9DB4A85EF10E02C19C1EF10A6
:10E1D000A055FD14E204E1846DBF1C48E1DF4A85CF
:10E1E000EF10602B19C1EF102054FD14E204E184FC
:10E1F000C1B7EF224FB241111DE1A167938707809C
:10E200007390073037060200370502001306C66B0D
:10E210009305001113054565EFC0E00401A05C5DA6
:10E220002EC62A84BDC73841B3B7E702BDE3EFF07D
:10E230005FA93040585C1440232C0402B307E60267
:10E24000B24554C03387F600918FB6975CC4FD5732
:10E250002302F40418C4A302F4049DE11C4899CBE2
:10E2600013050401EF10202311C5B7E700E0116783
:10E2700023A0E720EFF05FA6054541016F20EFAB3B
:10E2800013050401EFF01FDC13054402EFF09FDBE0
:10E29000D5B7A167938707807390073037060200D0
:10E2A000370502001306C66B930550141305456528
:10E2B000EFB0707B01A0EF220FA601119DE2A167D4
:10E2C00093870780739007303706020037050200F6
:10E2D0001306C66B9305901513054565EFB0B0782E
:10E2E00001A019C105C685E5A167938707807390D2
:10E2F000073037060200370502001306C66B930588
:10E30000201813054565EFB0107601A0F1FD9307C5
:10E3100080043ECE72476304F702A16793870780AB
:10E320007390073037060200370502001306C66BEC
:10E330009305B01613054565EFB0F07201A0F247E2
:10E3400085472383F60491E1368690C2C8DEACC2CD
:10E350003685854536C6EFF0DFE9B246056136857C
:10E360006F20AF9DEF22AF98011132C61DE1A1676A
:10E370009387078073900730370602003705020045
:10E380001306C66B9305E03213054565EFB0B06D1B
:10E3900001A02A842E89B6848DE53C419DC3A167E6
:10E3A0009387078073900730370602003705020015
:10E3B0001306C66B9305F03213054565EFB0B06ADE
:10E3C00001A089476398F402585C85476304F7020B
:10E3D000A1679387078073900730370602003705DF
:10E3E00002001306C66B9305003313054565EFB0B5
:10E3F000906701A0EF10203415E5B247014C85C7A6
:10E40000A1679387078073900730370602003705AE
:10E4100002001306C66B9305303313054565EFB054
:10E42000906401A0014C094BFD59930B040137EA9C
:10E4300000E0916AA5A8B24789E7EFF0FF8901459E
:10E4400055A063150C002808EF104021EFF0DF887D
:10E45000EF00B018EFF0FF8683474404E207E1873E
:10E46000639437012302040483475404E207E187DD
:10E4700063943701A3020404EFF01F866C002808A0
:10E48000EF10A01E35EDEFF0DF83185C5C5C631EBF
:10E49000F704EFF07F84B2455E85EF00F06A2285D5
:10E4A000EFF0DFCDEF00902C29C9054CEFF07F8114
:10E4B000185C5C5C6364F700E39F64F72686CA859A
:10E4C0002285EFF01FC25C5089C713054402EF009C
:10E4D000907C11C5B7E700E0116723A0E720EFF0BB
:10E4E000AFFF054505616F200F84EFF0EFFE228539
:10E4F000EFF0DFC8EF0090274DBF23205A2175B7FA
:10E500002285EFF0BFC7EF00702615BFEF121FFF87
:10E5100041111DE1A167938707807390073037068B
:10E520000200370502001306C66B93052040130551
:10E530004565EFB0505301A02A84B2898DE53C4176
:10E540009DC3A16793870780739007303706020049
:10E55000370502001306C66B930530401305456569
:10E56000EFB0705001A089476398F602585C854768
:10E570006304F702A167938707807390073037061B
:10E580000200370502001306C66B930540401305D1
:10E590004565EFB0504D01A036C62EC4EFF0EFF741
:10E5A000185C5C5C2A8AA245B2466366F70089471C
:10E5B00081446393F602834454041C5C36862285AE
:10E5C00013998401EFF0FFB113598941FD57631787
:10E5D000F9025C5089EB85445285EFF0CFF4268533
:10E5E00041016F10FFF413054402EF00D06A65D5B6
:10E5F000E38309FE854723A0F900F1BF9307F007E5
:10E600006314F902A1679387078073900730370678
:10E610000200370502001306C66B9305D0481305A8
:10E620004565EFB0504401A08504E204E184A302F3
:10E63000940455B7EF12BFEB011132C61DE1A1677B
:10E640009387078073900730370602003705020072
:10E650001306C66B9305105513054565EFB0B04022
:10E6600001A02A84AE898DE53C419DC3A1679387B3
:10E670000780739007303706020037050200130643
:10E68000C66B9305505513054565EFB0D03D01A00D
:10E69000EF10600A15E5B247014985C7A167938766
:10E6A0000780739007303706020037050200130613
:10E6B000C66B9305A05513054565EFB0D03A01A090
:10E6C00001497D5A930A440237EB00E0916B95A80B
:10E6D000B24789E7EFF04FE0014569A863150900EB
:10E6E0002808EF00B077EFF02FDFEF00006FEFF0BA
:10E6F0004FDD83474404E207E18763944701230227
:10E70000040483475404E207E18763944701A302AA
:10E710000404EFF06FDC6C002808EF00107525E5AD
:10E720002285EFF03F9A31C9B2455685EF00D041BE
:10E730002285EFF0BFA4EF00700319E123207B21B5
:10E740000549EFF00FD8045CC1D4CE852285FD14B5
:10E75000EFF05FA004DC1C4899CB13050401EF0027
:10E76000905311C5B7E700E0116723A0E720EFF051
:10E77000AFD6054505616F101FDB2285EFF01FA0A6
:10E78000EF00C07E75BF2285EFF05F9FEF00007E37
:10E790002285EFF03F934DD581B7EF12DFD74111BE
:10E7A0001DE1A16793870780739007303706020049
:10E7B000370502001306C66B9305307E13054565C9
:10E7C000EFB0702A01A02AC6EFF0AFCF3245085D46
:10E7D0002AC6EFF06FD0324541016F101FD615E504
:10E7E000EF127FD3A16793870780739007303706B6
:10E7F00002008565370502001306C66B938585AC5C
:10E8000013054565EFB0302601A09DCD37260120C8
:10E810009306C682814701471306C682214883A812
:10E8200046006398A80093173700B2978CC3C8C3FB
:10E8300021A891E783A8060063930800B68705071F
:10E84000A106E31E07FDFDF38280EF12DFCC41112C
:10E850002A842EC632C4EFF0CFC6834744047D57C6
:10E860002246E207E187B2456394E70023020404ED
:10E87000834754047D57E207E1876394E700A302CE
:10E88000040432C62EC4EFF02FC51C5CA2453246EC
:10E8900089E713054402EF00F0382285EFF01F8E60
:10E8A00041016F109FC9EF127FC52A84EFF06FC13D
:10E8B000938781BC9843B7290120050798C3138724
:10E8C000C1BB18439384C1BB1389C98661E780C06B
:10E8D000984385476312F7069389C986130AC912BC
:10E8E0004E85D109EFF00FF6E31C3AFF37250120E2
:10E8F000130A859913058599EFF0CFF43725012088
:10E900009309C59A1305C59AEFF0CFF33725012077
:10E910001305059CEFF00FF3372501201305859EA5
:10E92000EFF04FF2372501201305459DEFF08FF1F1
:10E9300023A041BD23A231BD938741BD9843050764
:10E9400098C3138781BD5C54144363F3F6001CC362
:10E950005147B387E702CA97D843144718C454C431
:10E9600010479306440054C214C798435CC8050777
:10E9700098C3EFF06FB683A781BE99CB9C40D85760
:10E980005C546377F700B7E700E0116723A0E72046
:10E990006F101FBA83A781BEC5F39C40D8575C5443
:10E9A000E3ECE7F880C049BF138701BC1C439443E4
:10E9B0009387C1BD81E67D5798C38280184358472D
:10E9C0001843DDBF0DE5EF121FB5A16793870780E0
:10E9D0007390073037060200370502001306866F72
:10E9E0009305707213054565EFB0F00701A0544917
:10E9F000372701201307479DAA870145639BE6003F
:10EA00009857B72701209387079C6304F7001335B5
:10EA100017008280EF129FAE4111AA89B28442840E
:10EA200003290803B1C5014641483385C5000305E4
:10EA30000500B308C400238AA80201C50506E31631
:10EA400006FFA301040439466377E602A1679387B2
:10EA5000078073900730370602003705020013065F
:10EA6000866F9305703913054565EFB0C07F01A02F
:10EA7000230A0802C9BF58D478C0130544002324D0
:10EA800004043EC636C43AC2EFF00FDD130584011C
:10EA9000EFF08FDC12473D4681453307E64018CC46
:10EAA000314600C840D01305C404EF10DFA9A246C8
:10EAB0001395240071154A95230C0404A30C040437
:10EAC000230D0404230E04043686CE854199EF10ED
:10EAD0003F93B24708C091C380C341016F105FA547
:10EAE000EF127FA38347B50591EB2A840859EFE025
:10EAF0003FFB2285EFE0DFFA6F103FA40547E38B71
:10EB0000E7FE0947E38AE7FEA167938707807390D2
:10EB10000730370602008565370502001306866F49
:10EB20009385C5F913054565EFB0E07301A0EF12B9
:10EB3000FF9C372401201304849E9384C1BC9C4015
:10EB4000EDDFEFF00F985C4403A9C70013054900FF
:10EB5000EFF04FD5138781BC1C43FD171CC39C40AD
:10EB6000FD179CC0EFF04F974A85EFF07FF7F1B7A4
:10EB7000EF12DF989384C1BB83A9C1BE2A849C4055
:10EB800088404111238E070411052EC6EFF08FD166
:10EB90007D579387C1BBB245631CE40295C9B72773
:10EBA00001209387479D9440D84398C610479440CE
:10EBB000D0C694401047910654C29440910614C7A1
:10EBC00098405CCB9843050798C341016F105F964E
:10EBD00098434E9440C36379340103A541BC8C43F0
:10EBE0009105EFF04FC9D5B703A501BC8C43910542
:10EBF000EFF06FC89387C1BD9843E378E4FC80C30E
:10EC0000E9B7EF125F9141119DE3A16793870780F8
:10EC10007390073037060200370502001306866F2F
:10EC20009305A02413054565EFB0E06301A042847D
:10EC300063140802A1679387078073900730370633
:10EC40000200370502001306866F9305B0241305F2
:10EC50004565EFB0406101A09308000646C6324307
:10EC600063041303A1679387078073900730370607
:10EC70000200370502001306866F93053025130541
:10EC80004565EFB0405E01A0B2482328F8028947ED
:10EC9000A30DF8043C00EFF0FFD72285EFF0BFC0D2
:10ECA000224541016F107F89EF12FF861DE1A167A8
:10ECB00093870780739007303706020037050200FC
:10ECC0001306866F9305107513054565EFB0A059BF
:10ECD00001A09387C1BB9C432A849384C1BB6384F6
:10ECE000A706EFE01FFE2285EFF0DFCD39C913093B
:10ECF00044004A85EFF00FBB938781BD585494437D
:10ED000063F3E60098C3D147B306F702B7270120A3
:10ED10009387C786B697D443904614C450C4904690
:10ED20002322260123A4260194435CC8850694C3AC
:10ED30009C40DC576367F700B7E700E0116723A04A
:10ED4000E720EFE07FF96F104FFFEF12CFFC41118A
:10ED500070002C00480002C202C4EF908FA8124835
:10ED6000A2473246B705020037F500000147814649
:10ED70009385C5701305E5B2EFF0BFE805C5EF1048
:10ED8000203E85476315F502A1679387078073903E
:10ED900007307D5723AEE1BC23A4A1BE23A601BE4C
:10EDA000EFE07FDD83A7418441016F100FF9FD572C
:10EDB000E31AF5FEA1679387078073900730370643
:10EDC00002008565370502001306866F938505846A
:10EDD00013054565EFB0204901A0938701BD984315
:10EDE000050798C3828003A5C1BE828083A701BDA9
:10EDF00063970716EF122FF29387C1BE8043050475
:10EE000080C331E4938701BC9843184305C7A167C9
:10EE100093870780739007303706020085653705B2
:10EE200002001306866F938575AC13054565EFB038
:10EE3000804301A0138741BC9443104390C314C383
:10EE4000938701BE9843050798C3EFF0FFB59387FA
:10EE5000C1BD9C43372701201386C1BD1307C78658
:10EE60009385C1BB01456373F4029C41D146DC57D5
:10EE7000B387D7023E971843854763F3E7000545FC
:10EE800083A701BF91C305456F102FEB514F9387A7
:10EE900001BC9443944281E6FD571CC2F9B79C43E0
:10EEA000DC47DC47D4436374D40014C27DBF83A81D
:10EEB000870003A8C700D44B1383470023A408018D
:10EEC0002322180183A846006394680023A2060148
:10EED00003A8060023AA07007D1823A00601945763
:10EEE00095CA03A8C70183A8070283AF460023245D
:10EEF000180183A8070223A20801138887016394DD
:10EF00000F0123A2160103A8060023A407027D18FF
:10EF100023A00601938681BD03A8C70283A806002B
:10EF200063F4080123A00601B306E803BA9683A898
:10EF3000460083AF880023A4170123A6F70183AFFF
:10EF4000880023A26F0023A46800D4CB9C428507CD
:10EF50009CC29C41DC57E36CF8F205450DBF9387DA
:10EF600041BE98430145050798C38280EF120FD92F
:10EF7000138401BD1C40411185E7A1679387078079
:10EF800073900730370602008565370502001306C7
:10EF9000866F9385358B13054565EFB0C02C01A0B6
:10EFA000EFE03FD21C40FD171CC01C4089CB01453F
:10EFB0002AC6EFE07FD2324541016F106FD783A799
:10EFC00081BCF5D7B72601203725012081479386DC
:10EFD000069C1305C586D148854E59A8DC46DC47FA
:10EFE000CC4F9053985790C503A807022322B8002E
:10EFF00003284700938587016313B80050C310436B
:10F0000023A407027D1610C38C47D047D84B138822
:10F01000470090C54CC24C436393050150C3104355
:10F0200023AA07007D1610C3138781BDD0570C4358
:10F0300063F3C50010C3330716032A974C4383AF0D
:10F0400085008CC723A6F70183AF850023A20F019B
:10F0500023A405010C43D8CB85050CC31387C1BB82
:10F06000184358576366E600138701BF2320D70172
:10F0700098422DF799C3EFF03F93138741BE0443A5
:10F08000138441BE89CC8549EFF05FD609C59387CB
:10F0900001BF23A03701FD14E5F82320040083A756
:10F0A00001BFE38607F0B7E700E0116723A0E72080
:10F0B0000545FDBDEF122FC641111DE1A1679387E4
:10F0C00007807390073037060200370502001306E9
:10F0D000866F9305104F13054565EFB0C01801A06A
:10F0E0009DE1A16793870780739007303706020080
:10F0F000370502001306866F9305204F13054565FB
:10F10000EFB0601601A083A701BD9DC3A1679387DF
:10F110000780739007303706020037050200130698
:10F12000866F9305304F13054565EFB0C01301A0FE
:10F130002A842EC6EFF07FCA1840B24503A5C1BE8F
:10F14000B307B7001CC06371E50263E1E702014445
:10F15000EFF0DFE111E5B7E700E0116723A0E7205A
:10F16000228541016F106FBD63E4E700E371F5FE96
:10F1700081453385A740EFF0BF9F0544D1BF19E516
:10F18000B7E700E0116723A0E7208280EF12AFB855
:10F1900083A701BD41119DC3A16793870780739029
:10F1A000073037060200370502001306866F930505
:10F1B000905413054565EFB0000B01A02AC6EFF08F
:10F1C000DFC132458145EFF0BF9AEFF03FDA11E53C
:10F1D000B7E700E0116723A0E72041016F10EFB50A
:10F1E00003A701BD938701BF01C7054798C382806C
:10F1F00023A00700138781BD1843138681BDB7275D
:10F2000001209387C7865148B3060703B385D7000B
:10F21000884105C5C841A106BE964841C8C16314CE
:10F22000D5005441D4C1D146B306D702B697DC43CA
:10F23000D44723AED1BA18C2828015E7EF12AFAD22
:10F24000A1679387078073900730370602008565B2
:10F25000370502001306866F938525C013054565A3
:10F26000EFB0600001A07D1745B7EF122FA92A84E7
:10F27000EFE03FA59389C1BB19E003A4090013097E
:10F2800044004A85EFE01FE21C5489C7130584013E
:10F29000EFE05FE1B7240120CA851385449DEFE0CC
:10F2A0001FDC83478405054726896314F700230C78
:10F2B00004048347940505476314F700A30C040472
:10F2C0008347A40505476314F700230D0404EFE00A
:10F2D000BFA0138781BE1843938481BE19C7EFE096
:10F2E0005F9EEFF06FECEFE03F9F83A70900639E06
:10F2F00087029C408DCF83A701BD9DC3A1679387E3
:10F3000007807390073037060200370502001306A6
:10F31000866F9305D06F13054565EFA0D07401A0EB
:10F32000B7E700E0116723A0E7206F106FA09307F5
:10F33000499D984383A781BC6315F70023A009006A
:10F34000EDB7EFF0FFE9D5B7EF12EF9C05E5A16748
:10F35000938707807390073037060200856537056D
:10F3600002001306866F9385C5C113054565EFA09E
:10F37000906F01A02E8483A5C1BBE105EFE0BFCF54
:10F3800085452285EFF0CFFE6F102F9BEF12AF98CF
:10F3900005E5A16793870780739007303706020061
:10F3A0008565370502001306866F938565C31305CF
:10F3B0004565EFA0506B01A083A701BD85E7A1675C
:10F3C00093870780739007303706020085653705FD
:10F3D00002001306866F9385A5C313054565EFA04C
:10F3E000906801A09387C1BB94432A8737050080AA
:10F3F000C98D8CCE54438C438846D4CD8C4388D160
:10F400008C438846E1054CC18C439C433285E10521
:10F410008CC698D71C43854585071CC3EFF04FF574
:10F420006F10AF91EF122F8F2A8705E5A1679387A1
:10F4300007807390073037060200856537050200A4
:10F440001306866F938525C513054565EFA0B0614A
:10F4500001A09387C1BB54432E858C4303A886002B
:10F46000D4CD8C4323A0050303A807008C46610874
:10F4700023A2050103A807009C43610823A40601F9
:10F4800098D71C4385071CC311C27D55B285EFF088
:10F490002FEE6F108F8A5C45DC4795E7EF12AF8740
:10F4A000A167938707807390073037060200856550
:10F4B000370502001306866F938525C81305456539
:10F4C000EFA0705A01A0D04F9453985793858701AD
:10F4D00014C6D0C250436313B60054C3144323A4CC
:10F4E0000702FD1614C303A701BDD45735E78C47A7
:10F4F000D047D84B90C5D04748434CC2938547006E
:10F500006313B50050C3104323AA07007D1610C330
:10F51000138781BD10436373D60014C351473386EC
:10F52000E602372701201307C78632975043084663
:10F5300090C7C8C708464CC10CC6D8CB1C43014570
:10F5400085071CC383A7C1BBDC5763F6D7000547FB
:10F5500023A8E1BE05458280372701201307079CB9
:10F5600050430846D0CF88D308464CC10CC698D724
:10F57000F1B7EF025FFA83A701BD85E7A167938723
:10F580000780739007303706020085653705020053
:10F590001306866F9385A5CB13054565EFA0B04C88
:10F5A00001A0B7070080DD8D5C450CC185E7A16730
:10F5B000938707807390073037060200856537050B
:10F5C00002001306866F938525CC13054565EFA0D1
:10F5D000904901A050411445184914C61445D0C2A1
:10F5E00050436313A60054C31443232805009047D7
:10F5F000FD1614C3D447D84B9385470014C6D4478F
:10F60000D0C250436313B60054C3144323AA070067
:10F61000FD1614C3138781BDD45710436373D600FE
:10F6200014C351473386E602372701201307C786E4
:10F6300032975043084690C7C8C708464CC10CC60D
:10F64000D8CB1C4385071CC383A7C1BBDC5763F51C
:10F65000D700054723A8E1BE6F003FEE83A701BE98
:10F660001CC183A7C1BE5CC18280EF02DFEA4111E9
:10F6700005E5A1679387078073900730370602007E
:10F680008565370502001306866F9385D5CF130570
:10F690004565EFA0503D01A085E5A16793870780F0
:10F6A00073900730370602008565370502001306A0
:10F6B000866F9385E5CF13054565EFA0D03A01A08D
:10F6C0002EC62AC4EFE0EFDF1387C1BB83A6C1BEFD
:10F6D0001C432245B24583C7C70599CB1C43238EE3
:10F6E00007040544EFE04FDF228541016F00FFE48E
:10F6F0009C417D570144E387E7FE03A601BE032832
:10F70000050058416307C80063E5E60023A0050033
:10F71000C9BF3386E640E37BF6FE958FBA979CC15E
:10F72000EFF0DFF301447DBF054723A8E1BE8280EF
:10F7300003A5C1BB828083A781BE054591C703A5F0
:10F7400001BD133515000605828011E50145828053
:10F7500001456F009FDEEF021FDC83A7C1BB2A8437
:10F760006385A702A16793870780739007303706E8
:10F7700002008565370502001306866F9385F50440
:10F7800013054565EFA0302E01A0BC4785E7A167B2
:10F790009387078073900730370602008565370529
:10F7A00002001306866F9385050513054565EFA0D6
:10F7B000902B01A054557841FD173CC5E38AE6F82B
:10F7C000C1FB930445002685EFE0DF8D7C403D477B
:10F7D0001D8F18CC138781BD14435CD463F3F600EE
:10F7E0001CC351473387E702B72701209387C78699
:10F7F0000545BA97D843144718C454C41447C4C223
:10F8000004C798435CC8050798C3A1B79387C1BBD9
:10F8100098439443084FD4569843BD47958F1CCFC7
:10F820008280EF02BFCD8947411163F5A702A1672E
:10F830009387078073900730370602008565370588
:10F8400002001306866F9385652613054565EFA0B4
:10F85000902101A02A89AE8932C6EFE08FC6938736
:10F86000C1BB9C439304090113972400BA97DC475A
:10F870001384C1BB8DE31C4032460547CA97238CD5
:10F88000E70411CA85453285EFF08FAEB7E700E097
:10F89000116723A0E720EFE02FC4EFE08FC21840EC
:10F8A000939724003E97484719C518406380090282
:10F8B000BA9723A607001C402AC63E99230C0904C8
:10F8C000EFE08FC1324541016F009FC69306F5FFFF
:10F8D000BA97D4C7CDB7EF027FC2094A4111637509
:10F8E000AA02A1679387078073900730370602004A
:10F8F0008565370502001306866F9385052B130572
:10F900004565EFA0501601A0AA843289B6893AC68F
:10F910002EC4EFE00FBB9387C1BB9C431384C1BBD4
:10F92000A69783C78705630CFA021C4093962400B0
:10F93000A245B697F44793C5F5FF3247F58DECC75E
:10F940001C408546A697238CD70411CB3A85854564
:10F95000EFF00FA2B7E700E0116723A0E720EFE088
:10F96000AFB7EFE00FB6638A09001C4013870401AC
:10F970000A07BA97DC4723A0F9001C400947014554
:10F98000A69783C78705631EF7001C4013972400C2
:10F990001349F9FFBA97F84705453379E90023A6DB
:10F9A00027051C402AC4BE94238C0404EFE0CFB288
:10F9B000224541016F00DFB7EF02FFB58947011112
:10F9C00063F5B702A1679387078073900730370606
:10F9D00002008565370502001306866F9385853022
:10F9E00013054565EFA0300801A005E5A1679387E1
:10F9F00007807390073037060200856537050200DF
:10FA00001306866F9385953013054565EFA0B00505
:10FA100001A03ACE36CC32CA2EC82AC6EFE06FAA71
:10FA200072473245C2455246E24619C793870501DF
:10FA30008A07AA97DC471CC33307B50083478705AD
:10FA40000948230C0705114793F7F70F6368D7049C
:10FA5000370702001307076D8A06BA969842028795
:10FA60008A05AA95F845598EF0C50547638EE704C7
:10FA700005452AC6EFE04FA6324505616F00FFAB92
:10FA80008A05AA95F8450507F8C5C5B709476388EB
:10FA9000E70CC1058A05AA95D0C5C1BF03A7C1BEA1
:10FAA00069D7A167938707807390073037060200F4
:10FAB0008565370502001306866F9385E5331305C8
:10FAC0004565EFA0407A01A0144558455C491306EE
:10FAD000450098C6584554C3D4436393C600D8C361
:10FAE0009843232A05007D1798C3938781BD5855F5
:10FAF000944363F3E60098C3D147B306F702B727F0
:10FB000001209387C786B697D4438C4614C54CC54D
:10FB10008C46D0C190C694435CC9850694C31C55DD
:10FB200085C7A16793870780739007303706020067
:10FB30008565370502001306866F9385D534130556
:10FB40004565EFA0407201A083A7C1BBDC57E3F17C
:10FB5000E7F2B7E700E0116723A0E72011BF0145F6
:10FB600009BFEF025F9B011105E5A167938707803D
:10FB700073900730370602008565370502001306CB
:10FB8000866F9385553813054565EFA0C06D01A0BC
:10FB90002A8409456375B502A1679387078073902E
:10FBA0000730370602008565370502001306866FA9
:10FBB0009385653813054565EFA0E06A01A03ECE48
:10FBC0003ACC36CA32C82EC6EFE02F956247B2450E
:10FBD0004246D246F24709CB138805010A0822980B
:10FBE0000328C800232007013308B4000347880511
:10FBF0008948230C180511481377F70F6367D80459
:10FC0000370802008A061308486EC296944282861C
:10FC10008A05A295F445558EF0C58546630DD70437
:10FC20000544EFE04F90228505616F001F918A0522
:10FC3000A295F4458506F4C5CDB789466302D71071
:10FC4000C1058A05A295D0C5C9BF83A6C1BEF1D69C
:10FC5000A167938707807390073037060200856598
:10FC6000370502001306866F9385D53C130545655D
:10FC7000EFA0605F01A0185405C7A16793870780B4
:10FC800073900730370602008565370502001306BA
:10FC9000866F9385853D13054565EFA0C05C01A087
:10FCA00003A701BD505425EF0C445444584894C553
:10FCB000544403284700CCC2930544006313B800A2
:10FCC00054C31443232A0400FD1614C3138781BDB3
:10FCD000144363F3C60010C35147B306E602372747
:10FCE00001201307C7863697544303A8860014C41F
:10FCF0002326040103A886002322B8008CC658C816
:10FD00001443850614C303A7C1BB5857E37AC7F051
:10FD100099C3054798C3054723A8E1BE11B7372704
:10FD200001201307079C54438C4654CC0CD003A8E5
:10FD30008600930584012322B8008CC618D4C9B765
:10FD40000144C5B5EF022FFD411105E5A167938779
:10FD5000078073900730370602008565370502007B
:10FD60001306866F9385C54013054565EFA0A04F28
:10FD700001A0894463F5B402A1679387078073905B
:10FD80000730370602008565370502001306866FC7
:10FD90009385D54013054565EFA0E04C01A02A846A
:10FDA0002EC432C6EFD07FF7A245B307B4008A0550
:10FDB00003C78705A295238C9704FC458507FCC5DE
:10FDC00085476396E70A1C54324685C7A167938727
:10FDD00007807390073037060200856537050200FB
:10FDE0001306866F9385354313054565EFA0A0473D
:10FDF00001A083A701BD5854C1E30C4454445C489E
:10FE000094C5544403A84700CCC29305440063132F
:10FE1000B800D4C39443232A0400FD1694C39387E7
:10FE200081BD944363F3E60098C3D147B306F7025C
:10FE3000B72701209387C786B697D44303A88600C7
:10FE400014C42326040103A886002322B8008CC60C
:10FE50005CC89443850694C383A7C1BBDC5763F891
:10FE6000E70019C285471CC2054723A8E1BEEFD0B1
:10FE70009FEB41016F006FECB72701209387079C30
:10FE8000D4438C4654CC0CD003A88600930584013F
:10FE90002322B8008CC61CD46DBFEF02CFE7EFD091
:10FEA0005FE2138401C01C40B1EB37250120130928
:10FEB000C5A31305C5A3EFE0EF98372501209304F0
:10FEC00005A5130505A5EFE0EF97B7260120372616
:10FED000012023AA21BF0147938646A61306C69F89
:10FEE000C145114523AC91BEEFE0EFBC08C019C578
:10FEF000B705020093858573EFE07F8EEFD0DFDDDD
:10FF00006F00AFE3EF022FE14CC108C9AA8763601D
:10FF1000B602184D158E05456379E60093854700B6
:10FF200003A581BFEFE02F9501456F000FE16375D9
:10FF3000D6000545E3FBD5FE9385470003A541BFE9
:10FF4000D5B7EF024FDD2A84AE8432890C4CA686E9
:10FF50004A86A6952285EFF0FFFA19E16F00EFDDE2
:10FF60001C4C2285BE941C508297CDB7EF02AFDAAD
:10FF700083A741BF4111AA84DC472EC6C0471305A1
:10FF80004400EFE02F9283474402324613F74700C4
:10FF900019CBA6852285EFF0DFFA1C5022858297C7
:10FFA00041016F008FD9F99B2302F402FDB7EF02E4
:10FFB0008FD6938641BF98421C4381EB938781BFC4
:10FFC000904398C390C26F004FD75C47FD5588435C
:10FFD000EFF0DFF9F9BFEF028FD1370902004111CD
:10FFE0001309497183A741BF984329CBDC47814C52
:10FFF00003AC0700EFE07FDEEFE0FFDE83A7C1BFC9
:020000021000EC
:100000002A849384C1BF138A01C0636CF50288C03F
:1000100063800C0483A781BF904313361600032529
:100020000A00B3058C40EFE05F82EFE03FF419ED8A
:10003000B7E700E0116723A0E72009A8854C014C31
:1000400055BFEFF0DFF680C0EFE05FF2214C0DA06E
:100050000146E36685FDEFE07FF1A2856285EFF062
:10006000FFF0EDB79247B2458297824763DD070004
:1000700003250A0001468A85EFE0CFDB25D58247BC
:100080002245E3C107FE22445C489DE3EFE0BFD573
:100090009C40AA8C6374F500EFF07FF1824723A0A7
:1000A0009401FD17E366FCFC8A07CA979C4382878C
:1000B00013054400EFD01FFFD1BF834744020C4C0F
:1000C000924693E717002302F4026686B6952285CE
:1000D000EFF05FE351DD8347440213F7470001CFA0
:1000E0001C4C924566862285BE95EFF09FE51C501C
:1000F00022858297B5BFF99B2302F402CDBF8347C7
:100100004402F99B2302F402A5B7834744029245B7
:1001100093E717002302F4020CCC9DE1A1679387BB
:100120000780739007303706020037050200130678
:1001300006749305903513054565EFA0C01201A024
:10014000E6866686E6952285EFF0DFDB15B7834706
:10015000440213F7270055F72285EFD07F9409BF9B
:10016000EF026FBB4111EFF05FD383A701C095CBC6
:1001700070002C00480002C202C4EF705FE8A24782
:1001800012483246B705020037050100394781465B
:1001900093858575130565FDEFE0BFA623A2A1C079
:1001A0001DE1A1679387078073900730370602002F
:1001B0003705020013060674930590111305456573
:1001C000EFA0600A01A0054541016F000FB7EF02E3
:1001D0008FB44111B68732C63E862AC203A501C03C
:1001E00079572EC481468A853AC0EFE02FB241018B
:1001F0006F00AFB483A7818237177A0013070720F7
:10020000B3D7E70293F7F70F2385F1C01307803EBA
:10021000B387E7022394F1C08280B7F700E0D843A8
:100220008146799BD8C303C7A1C03306A70290CBF0
:10023000D4CB98431367070198C3984313671702F9
:1002400098C3D843058B75DF9843799B98C3828008
:10025000B7F700E0D8438146799BD8C303D781C064
:100260003306A70290CBD4CB98431367070198C3FA
:1002700098431367170298C3D843058B75DF9843DB
:10028000799B98C38280EF020FA92A84116501111E
:1002900085451105EF909FCC930700207C82371590
:1002A00001408D473EC44C00E147130505803EC622
:1002B000EF90DF9222C837440140B70708000C08CE
:1002C000130504803ECC02CA231E0100EFA0AFA795
:1002D000854513050480EFA0CFB205616F00EFA53F
:1002E000EF02CFA1B7440140AE8932890144938423
:1002F0000480634524014A856F008FA393050004A1
:100300002685EFA0EFB17DD9B387890083850700EB
:1003100026850504C205C181EFA00FB0D9BF1387A0
:1003200081841C43B7260120938606C13E95636BEA
:10033000D500B78601209386068063E5A60008C332
:100340003E858280FD57EDBF732510348280732572
:10035000203482807325303482805D71A2C4A6C2AD
:10036000CAC052DE56DC86C62A84AE8455209387E6
:10037000C18403A90700FD572A8AAE8A6301F902E6
:100380002286A6862285A685EF80903109E901465E
:1003900081462285A685EF70F065634C0500B64066
:1003A00026445285D68596440649725AE25A6161BE
:1003B000828085473EC4970701009387A73A3EC6CF
:1003C00002D422CC26CE22C826CA630709020146DF
:1003D00081463285B685EF70C07B2AD02ED2894700
:1003E000631EF900EF908007930710021CC1A2570B
:1003F00099EB025A925A65B702D002D22800E52240
:1004000075D1A257FDD7EF906005A2571CC1D5B793
:1004100041113707F07F22C426C206C63378B700E1
:100420002E84AA84630DE816AE87AA86635FB00E99
:1004300013DE454163010E1A370710001306F7FF5C
:10044000F18FD98F130E1EC01397170013761E005D
:1004500093D7F601BA971397160011C67D838607C6
:10046000BA9713972600135E1E40D945814E8146E8
:10047000370620003385C6001358F701FD1563C603
:10048000A700898FB306C500B29E8607C2970607EC
:100490000582EDF113050002014381483706008013
:1004A00019A86385D70E9355F70186077D15AE977A
:1004B000060705820DC9B3051601E3D4F6FEB3881D
:1004C000C500368863CE050A958FB336B700958F81
:1004D0000D8F9355F70186077D153293C286AE972F
:1004E0000607058269F9D98F9354130089CB9304C9
:1004F0001300FD5785806314F300850E814413D7E4
:100500001E403704E03F93FE1E003A9463850E00C0
:10051000B7070080DD8C13174E012297B2402244AA
:100520002685BA8592444101828013971500058380
:100530003368A7002E87E30308FED9E193D5B60000
:10054000AD172E87D606FDD913D6450141EA0146DF
:1005500011A02A8606079315B70013051600E3DAE3
:1005600005FE930800023688B388A840BA85B39682
:10057000A60033571801338EC740B367B7006DBD6F
:1005800013C8F8FF1358F80136983DBFE36DB7F074
:10059000B388C500E3C605FE3E88814715BF2A869D
:1005A000AE86EF7090502686A286EF60906BB240C8
:1005B0002244AA842E872685BA85924441018280EE
:1005C0002A86AE86EF80E0192A86AE86EF70605CE0
:1005D000AA842E87A1B72E87814795BF36889308B6
:1005E00000027D5679B701458280EFF2DEF283A7E3
:1005F00041B541113EC6EF10201B1189630005145F
:10060000938741C29843B246998E3727012003272A
:10061000C7B405836376D700324798C3EF30D05410
:10062000EF40200083A741C391C7EF30105619E176
:1006300023AA01C2938401C29840B247998F13073D
:10064000703E6376F700EF202020B2479CC093876E
:10065000C1C09843B246998E056713077738637611
:10066000D700324798C3EF10005CB727012093876B
:1006700007B1D84711CF1387C1C11043B246918E3D
:100680001306703E6376D600B246DC4314C38297ED
:10069000B724012083A784ABA9CB138781C11C4356
:1006A000B2461306A00F9D8EB727012083A787B8F7
:1006B000ED83B387C70263E9F600B2471CC3938793
:1006C00084AB9C4B91C38297938741C19843B246B8
:1006D000998E3D671307F7A56379D7003247938456
:1006E00084AB98C3DC4891C382973245938401C19F
:1006F000412C9C4032471D8FBD679387F7A563F55A
:10070000E7009924B2479CC003C711C3BE84137786
:10071000F70F0DC703C711C31377070C1DE3B727E6
:10072000012083A707B999C30545829703A741B55F
:1007300023A6E1C293070004A388F1C241016FF030
:10074000DEDF03C711C31377070415CB83A6C1C22D
:1007500003A741B51389C1C2158F93064006E3FF75
:10076000E6FCB727012083A707B999C30145829703
:1007700083A741B52320F900930700F875BF03C78D
:1007800011C362076187E35B07FA83A6C1C203A7AF
:1007900041B5158F93064006E3F2E6FAA38801C23D
:1007A00071BFEFF25ED737250120130505BAEF10B0
:1007B000902A6FF09ED8EFF21ED6B72701209387BC
:1007C00007B3D8573724012088D313674700D8D7F9
:1007D0001189930744B79C4F130444B701CD99C3C3
:1007E000014582975C4C99C3014582970545352A9E
:1007F0006FF0BED499C3054582975C4CF5DB054587
:100800008297FDB783A781B6232005009DCB944333
:1008100063DB0600D4479042634506029C4363D4E1
:10082000070023A4D1B683A781B691650146FD15C3
:100830003548B7080080944363D7060019C223A443
:10084000F1B6014582809443139306016342030489
:10085000944393F606108DCE944393F606208DCAEA
:100860009443C182ED8EF11614C16371D802944392
:1008700093F6060281EA19C223A4F1B69C475CC133
:1008800005458280944393F61608F5D6232005008B
:1008900023A017010546DC4779BF03A781B6B70639
:1008A000008014C3584723A4E1B68280EFF2BEC68D
:1008B00083C711C393F7F70F81E78547A388F1C278
:1008C00003A741B5938781C209CB98C3B7270120FD
:1008D00083A747B982976FF05EC60547FDB7B72774
:1008E000012083A747B9014585CF03A701B40DCBEC
:1008F00014430847938781C263D206028C43A166E2
:1009000089069308300603A641B50D8E63E4C8003E
:10091000FD1681EA14438606858214C323A00700CE
:1009200082801043E34106FED5BF03A741B5B72738
:1009300001209387C7AA88A3239107002392070069
:1009400098C7A38007008280EFF2FEBCB724012085
:10095000138404BA5C4041116C00138504BA3EC68E
:1009600023220400EF10204DB2476C00138504BA17
:100970005CC05C443EC6EF10004C41016FF0FEBB12
:10098000B72701209387C7AA982319E388C78280D5
:1009900098479306703E3307E54063F3E602EFF2B3
:1009A0009EB7BA2388C7914663F7E6000145EFF08A
:1009B000DFF76FF09EB80507BAA3EFF0FFF8D5BFD9
:1009C0008280EFF25EB52A840145EFF01FF6B7276B
:1009D00001209387C7AA11C8054798B3B7270120FC
:1009E000094723AEE7B46FF05EB5A3800700E5BF0B
:1009F000828003288503630B0802EFF2DEB1FC5D01
:100A0000014791C70507420741839C43DDBF83A788
:100A1000050891C70507420741839C43DDBF814616
:100A200001468145029801456FF03EB10145828043
:100A300001458280EFF2BEAB5C42032A85000329A8
:100A4000C5000049AA8488239C33B289A2075D8D22
:100A5000EF10B00F9355650093F5C503B305B04093
:100A60004E85EF20904449E5DC44984C03DB890037
:100A7000998F63F867014E85EF20104A05456FF0A6
:100A80009EAA4A9A4E890356A900B30A8A40832B2C
:100A9000490063F4CA045686DE852285EF80502122
:100AA0008357A9009844330444413E942286B38579
:100AB0005B013A85EF80D01F2A9403290900E314D3
:100AC00009FC4E85EF2050459C4C80C8DA979CCCA1
:100AD0009C4093E747009CC055B72285DE85EF8098
:100AE000301D8357A9003E94E39957FD8044F1B728
:100AF000014571B771CAEFF29E9F832BC5001C4D53
:100B0000035B8600BA8AB387FB40368A32892A841F
:100B100063F767013285EF2030406FF0DEA01C459F
:100B20000449B289BE9B03D6A900338C9B4083AC99
:100B300049006377CC066286E6852685EF805017EC
:100B400083D7A9001844B3847441BE942686B38524
:100B50008C013A85EF80D015AA9483A90900E3940B
:100B600009FC4A85EF20503B0328840363050804F1
:100B700083451A0083470A001448A205DD8D834788
:100B80002A005A875686C207CD8F83453A002285B0
:100B9000E205DD8D02981C44232C04001CC8B5BF5F
:100BA0002685E685EF80D01083D7A900BE94E39612
:100BB00087FB04445DB7184C1C4004C85A9793E760
:100BC000470018CC1CC091BF828018519547631A0A
:100BD000F70CEFF2DE911C492A847D55D9CF328A79
:100BE000AE8455CA832A84005844835B86003289C8
:100BF000BA9AC20A93DA0A019399070193D90901B3
:100C0000338B3A410356A900420B135B0B01032CB3
:100C100049006376CB065A86E2853E85EF8050090F
:100C20000357A9001C44B3056C0133075741BA9917
:100C3000C20993D909013E854E86EF807007B3073C
:100C4000350103290900E31909FA184C1CC852851B
:100C50005E9718CC18401367470018C0EF20D02BC0
:100C6000FE38184C2685B38B77415C44239B740374
:100C7000998FDEB4EF30A01101456FF0DE8A3E851A
:100C8000E285EF80F0020357A900B307E500E31AFD
:100C900067FB1C447DB70145EDF22E85EF306058AF
:100CA000E9BF65558280EFF27E85B719012003C642
:100CB00001C3138749C68147938949C693F6F70F45
:100CC00063E5C6006D556FF0BE8603280702938664
:100CD00017001307C70363040800B687C5B71309D5
:100CE000C003338927032E842A8A1306C003814553
:100CF000B38429012685EFF01E851305C90211462C
:100D0000930544004E95EF80A07A5E3080D8A6858A
:100D1000DCD083278A0222859CD4EF308016B71559
:100D200001009385059F2285EF30A016B7150100BD
:100D30009385A5BC2285EF300015B715010093857A
:100D4000259F2285EF308014B715010022850546C6
:100D5000938505A3EF3080148D47DCCC95479CD05C
:100D60009C20014593E787009CC0B1BF01CD3305AE
:100D7000A040B7070200938787761375F50F3E955D
:100D80000821828001458280EFF2EEF89307C003CC
:100D9000B387F50237140120130744C62A89AE84AD
:100DA0001306C0038145130444C6BA973E85EFF08D
:100DB0008EF9630709001306C003CA85EF80406FF0
:100DC0009305C003B385B402A2959C459CC9DCC9B8
:100DD0006FF0AEF6EFF28EF22A8A3725012041112C
:100DE000AE89B28481456146130585AB36C6EFF006
:100DF0008EF5B24637240120130904B3B68519468F
:100E00001305C900EF80C06A1146D285130504B3EB
:100E1000EF80006A1146CE8513054900EF804069D6
:100E2000130404B3A1E0B7070001FD171CC48144FB
:100E300083C701C363CFF402EF10E04885475CD05D
:100E40001567B7270120938747B2130707E298C3B6
:100E50001167130787A9D8C3254798C701454101E2
:100E60006FF00EED1146A68513058400EF804064F7
:100E70007DBF93F5F40F0145EFF01FF185044DBFE1
:100E80001841B7270120938747B298C35841D8C368
:100E9000184598C782801855B757341293878767CB
:100EA0006311F712EFF28EE51C512A842545638207
:100EB000071037290120130640048145130509B3A3
:100EC000EFF06EE8B72401201306C00281451385B8
:100ED00044B7EFF04EE71306C002A285138544B76E
:100EE000EF80005D938944B703A749014A86938741
:100EF00044B72DEBB706020003D706569386065675
:100F0000AE222E97CE22F6222E97369793162701E1
:100F100063D3060AD8CBD84B9356E700FD8A89EAFB
:100F2000B746F8FFFD16758FB7060500558FD8CB6D
:100F3000D84B93563701FD8A89EAB746F8FFFD166C
:100F4000758FB7065000558FD8CBD84B93166700D6
:100F500063CA0600B70600FEFD16758FB7060014BB
:100F6000558FD8CBD84B9356B70189E6B7060040CA
:100F7000558FD8CBD85311E7371701001307478097
:100F8000D8D3D44B014513D7E6007D8B2388D1C23B
:100F9000930706B398CF13D736017D8B1306200332
:100FA0003307C702D8CF1397660063540700094779
:100FB000B8C36FF0EED7F976FD16758F8966558F39
:100FC00091BF1305F00F828003C601C3B71701203C
:100FD000938647C60147938747C66317E600814754
:100FE0006313F7020145828003A807036317A80073
:100FF00009C50545EDD998A1828005071377F70F3C
:101000009387C703D9BFD05A6319A60019C50545F0
:10101000F9D993E707F89CA18280850793F7F70F2A
:101020009386C60375BFEFF26ECD371901202300FA
:10103000050003C701C34111930749C68144130941
:1010400049C6631797001305000241016FF04ECEA9
:101050009387C70383A647FE63810618850493F42C
:10106000F40FC5B7B727012083A707B36C003EC6AE
:10107000EF20F01D11469305C4026800EF80404345
:101080006C004E85EF20901E1306C0033386C40209
:10109000B7150100938545A34E854A96EF20F01EB3
:1010A0009547372501206C00232834031CD01305F5
:1010B00005BAEF005058A6852285EFF0FFCC014518
:1010C00069B709476390E70AEF50B02EAA89630316
:1010D0000512930AC4021146D6856800EF80403D90
:1010E000324A370500F0EF106029337AAA0037053D
:1010F00000E0EF10A0286300AA04B7250120938523
:1011000005BA6800EF10A06F1DE5B727012083A77F
:1011100007B312346C004E853EC6EF5050031DE1FC
:10112000D68511466800EF80A03852306C004E859D
:10113000EF50F01C39A012349385C1954E85EF50C5
:10114000100101C5EFF09FC209B71306C003338633
:10115000C402B7150100938545AF4E854A96EF50FE
:10116000F0213DBF0D4713051002E390E7EEEF308D
:1011700060475C4412346C005EB9B727012083A736
:1011800007B3AA893EC6EF2090252A8A11C54E854D
:10119000EF30200952857DB79305C003B385B402B3
:1011A0004E85CA95EF20F04DB71501004E85938509
:1011B000059FEF20104E9547A685228523283403EE
:1011C000232A34031CD0EFF03FBC372501206C00EC
:1011D000130505BAEF003046DDB504A1DC4DC4C1EE
:1011E0002E84E39007EE03458402EF205016AA896F
:1011F000E31A05E6454591BDEFF2EEB14EB52A84FE
:10120000EF20F03809CD83476402228593E7270059
:101210002303F402EF40F06405456FF00EB2B727E8
:10122000012083A747B8A183858BFDD7834764023C
:10123000858BFDD38947A303F402054723AAE1C2A6
:10124000E1BF83C701C36376F5041307C003330509
:10125000E502B7170120938747C63E95584D232CCA
:10126000050050C50CC50CC94CC98D476313F70266
:10127000085905C15A3993371600631CF700EFF27D
:101280008EA993150601C1814EB9EFF0FFF66FF0FC
:10129000CEAA8280EFF28EA614426944CDCE2320DE
:1012A0000600328A1306C0033306C502B7140120B4
:1012B000138744C6AA89AE87938444C63297032B0A
:1012C0008700504703298701404B329B63F3260177
:1012D0003689B30A8B4063F32A0981CB3E85568653
:1012E000A285EF80E01CB30755011307C0033387C5
:1012F000E9024A94330464412697832A870091C700
:101300002286D6853E85EF80A01A56949307C003A7
:10131000B387F90223202A01A697984FC0CB33093F
:10132000274123AC2701631809009847D8CB98CBF5
:1013300098436D9B98C39307C003B389F9028D4707
:101340000144CE94D84C6318F70063160900CE24EC
:101350008858EFF07FEA22856FF08E9D91C74A860C
:10136000A2853E85EF80C0144A94E3912AFB93073F
:10137000C003B387F902A697804749BFEFF22E97C3
:1013800000422320060055C4AA876945D9C5130524
:10139000C003B387A70237150120130545C6B72A36
:1013A00001208144AA9703AB070393870AB3BC4388
:1013B000938A0AB3898B99E39304700C9307805C3A
:1013C00063F487001304805C931C0401328A2E8925
:1013D00093DC0C01130C800C0146E6850145EF20DF
:1013E0008038AA8929C948412286CA8523AE0A02C3
:1013F000EF80000CCE855A85EF206071AA8B4E8558
:10140000EF20803183A7CA0399CB8504C204C18031
:10141000EFF02FB9E39284FD4D456FF0CE9063D687
:101420000B005E85EFF09F94CDBF23208A0001451D
:10143000EDB76945DDB74545CDB7EFF24E8B0042BC
:101440002320060055C4AA876945D9C51305C003E2
:10145000B387A70237150120130545C6B72A012017
:101460008144AA9703AB070393870AB3BC43938ACB
:101470000AB3898B99E39304700C9307005C63F4BF
:1014800087001304005C931C0401328A2E8993DCCC
:101490000C01130C800C0146E6850145EF20A02CC1
:1014A000AA8929C948412286CA8523AE0A02EF804B
:1014B0002000CE855A85EF506063AA8B4E85EF20C1
:1014C000A02583A7CA0399CB8504C204C180EFF08D
:1014D0004FADE39284FD4D456FF0EE8463D60B0073
:1014E0005E85EFF0BF88CDBF23208A000145EDB7B0
:1014F0006945DDB74545CDB7EFE27EFF832906009C
:1015000023200600638E090CAA872E8B6945A1C192
:101510001305C003B387A70237150120130545C67D
:10152000372A0120B28B930A900C8144114C130A84
:101530004AB7FD5CAA9703A90703FD1AC20A93DA0A
:101540000A0163980A0083A70B00C9CB01456FE02D
:101550009EFD8327090163978709EFF08FA4035746
:10156000690719E34545E5B783270A01858B99E3A8
:10157000E36A37FF03244A00637387003A8463F306
:1015800089004E84131604014182854691E3814609
:10159000DA854A85EF40F022AA844A858DE4EF403F
:1015A000502C83A70B00B3898940AA84A29723A05B
:1015B000FB00229BE38C09F883270A01858BB5FF8A
:1015C000EFF0CFFA69B763999401EF409029832730
:1015D0000A01858BBDF379B7EF40B0282685CDB7DA
:1015E0006945B5B75D45A5B79307C003B307F502D5
:1015F00037170120130747C6BA9703A807021547F4
:101600006307E800DD47232006003E858280EFE285
:101610009EF0D84F8D476318F700EFF0FFEDAA87D3
:101620003E856FE09EF101E7EFF05FD5CDBF8946C3
:101630009307A00FE316D7FEEFF03FE0CDB7EFE240
:101640009EEDA147AA840021638AF50263ECB700EE
:1016500085476381F502894713642400638EF50092
:101660006FE0BEEDC147638EF5009307000413647D
:101670000404EDB71364140080C0DDB71364840064
:10168000E5BF48591364040165D9EF209039EDB7DF
:10169000EFE27EE841119305F1002A89A3070100DA
:1016A000EFF09F9215C5808793178401E18763D47B
:1016B00007021374F4071307C0033304E402B717D7
:1016C0000120938747C63E94232A04022320040264
:1016D00041016FE09EE683C701C3E37BF4FE13077D
:1016E000C0033307E402B7170120138547C693846C
:1016F00047C63A95544D0D47E39CE6FC8327090104
:101700000547DD1793F7F70F636DF700C145EFF05D
:101710001FF39307C0033304F40226942328040222
:1017200075B71C2193E707041CC1E5B737170120E3
:1017300083C601C3130747C68147638FF6001307AB
:10174000C703032647FC11CEB7270120938707B3B1
:10175000D85713670701D8D7B727012003C5C7B5E6
:101760008280850793F7F70FC9BFEFE2DEDAEFF06B
:10177000FFFBB727012023AE07B46FE01EDC83C751
:1017800001C36371F5029307C0033305F502B71770
:101790000120938747C6AA9798431375F70F118BBB
:1017A00098C3828001458280B727012003C507B511
:1017B00082809307C0033305F502B7170120938792
:1017C00047C63E951C5995CF145115475D45639BFF
:1017D000E60285899A279DC1136787009AA7372754
:1017E0000120130747B2144323A0D70A54431847D4
:1017F00023A2D70A23A4E70A014582805D9B9AA70A
:10180000E5BF5D4582801307C0033307E502B717C4
:101810000120938647C63697105395466319D60420
:10182000EFE27ECF045B585B938747C66304970063
:101830005D479DE81304C0033304850226853E946A
:10184000A28523280402EF20C0639305F00F2685AC
:10185000EF20404A454709C9B715010048D893858C
:1018600065CAEF20606301473A856FE01ECD5D4792
:101870003A858280EFE23ECA1304C0033304850236
:1018800037150120130545C6DD442A94085801CDBB
:101890001850954781446318F700EF50802E232895
:1018A00004022320040226856FE03EC9EFE2BEC693
:1018B0001304C0033304850237150120130545C600
:1018C000DD442A94085801CD185095478144631887
:1018D000F700EF20C02423280402232004022685D9
:1018E0006FE0BEC5EFE29EC19307C003B307F502E8
:1018F00037140120930944C62A894111130444C6B0
:101900008144BE9903A5490301C92EC6EF20701179
:10191000B245AA8423A009029307C003B307F902C2
:10192000A297885B09CD85E1EF20B00FAA8481E8FA
:101930001305C0033305A9022A9423200402268537
:1019400041016FE0FEBE85476396F5008545EF20B7
:10195000902BF1BF89476394F5008145CDBFD954E1
:10196000F9BF03C701C3637BE5041307C003B307D3
:10197000E50237170120130747C69546BA979053DB
:101980005D47631ED602EFE21EB9DC4F094763973D
:10199000E700EFF03FEE6205618531A00D47639AE5
:1019A000E700EFF03FF4EFF06FBC2A873A856FE075
:1019B000DEB86547E5FFEFF07FEFF1BF69473A8595
:1019C0008280B727012003A587B8358105898280E9
:1019D000B7270120938707B305474111C8CB94DB94
:1019E000D0DB8CDFD8D741018280B72701200547A3
:1019F00023A6E7B68280EFE21EB2B727012003A636
:101A000007B883A60185131786016187630B051448
:101A100083C781C361488948338807033698032305
:101A2000C8006310131503431500834805000328FD
:101A3000080022033363130183482500C20833E3FF
:101A4000680083483500E208B3E86800639B08112A
:101A5000E207E1873E856FE05EAEB3885702B69835
:101A600003AEC8006319060763170E0613988701B3
:101A700013588841850793F7F70FE3E0C7FE631714
:101A8000060193F81500FD57E38608FC8989FD5788
:101A9000F1F19377F80F636BC8009377F30F6367E7
:101AA000C300FD57E378C7FA9377F70F6147338791
:101AB000E702BA9623A6060001CD103118212206AE
:101AC000598E38214207598E38316207518F98C29A
:101AD000238806000DA863147E040DC9834E1500EB
:101AE000034E0500A20EB3EECE01034E2500420EBA
:101AF000B36EDE01034E3500620E336EDE0183AE3F
:101B000008006315DE01238CF1C299B783C8080170
:101B1000E3E2E8F7139787016187468FA1BFE31BD4
:101B20008EF415C5834E1500034E0500A20EB3EECC
:101B3000CE01034E2500420EB36EDE01034E35008A
:101B4000620E336EDE0183AE0800E30EDEFB83C857
:101B50000801E3E1F8F31393870113538341C68F20
:101B600011BF3A883A83814F014F8147E142854353
:101B7000094421B7EFE29E9898319C21368A2207CA
:101B80005D8FBC215441C2075D8FBC31E207D98F04
:101B9000639BF60089E6D9573E856FE07E9905453F
:101BA000EFE03FE2CDBFE5DB2E842A89AA852285BE
:101BB000B289EF00D04465F11C300420370500F0F5
:101BC000A207C58F2420C204C58F2430E204DD8C17
:101BD000EF00C07AE98C370500E0EF00207AE38C53
:101BE000A4FAD2852285EFF01FE1AA87E34605FA21
:101BF000E147B307F50203A501853E9589475CC51A
:101C0000232A2501938759001307950094237D17F4
:101C100014B39386F7FF6396F90023080500814704
:101C2000A5BFB687E5B7B727012003A507B803A866
:101C300001850147E14809430546130EF00E636331
:101C4000A7008280B3061703C2969C2ACC4685075C
:101C500093F7F70F9CAA63986500636AFE00050777
:101C60001377F70FE9BFE39CC5FEE37AF6FE23A6E0
:101C70000600F5B721CDEFE21E8AC4412A84DC3488
:101C8000C824A2075D8DEF00606BA16793870710E2
:101C9000938524016304F5009385E400D835DC25A1
:101CA00022075D8FFC25C2075D8FFC35E207D98FC7
:101CB0005840B98F1844F98F81EB81461386640030
:101CC000B1052285EFF01FEB6FE03E878280630352
:101CD0000516EFE2BE823A26930790024111B289BF
:101CE0002E8AAA8463E8E7004E85EF10F0224101B6
:101CF0006FE01E84032946008347D9000345C900CD
:101D000013042901A2075D8D152DA1679387071084
:101D10006304F5001304E900834A14001C20054500
:101D2000A20AB3EAFA00192DE390AAFC834A5400F0
:101D30005C2013054060A20AB3EAFA000125E3958E
:101D4000AAFA834A34003C200565A20A13050580DF
:101D5000B3EAFA00E523E399AAF8930AE4001146EE
:101D6000D6856800EF70C074D44013068400ADC2FD
:101D7000183C1C2C22075D8F3C2CC2075D8F3C3C1D
:101D8000E207D98F6396F60485466C002685EFF04E
:101D90007FDE054B7C306820A2075D8D452385479B
:101DA000630FF5028947E311F5F46C002685EF1007
:101DB0002033B727012003A787ABE30707F29387F8
:101DC00087ABDC47E38207F26C002685829729BF48
:101DD00081466C002685EFF0FFD9014B65BFE30516
:101DE0000BF00945A12B68A0218168B01146D6856A
:101DF00013058401EF70C06B11469385440056852E
:101E0000EF70006B350415099547FD5618207D19B4
:101E10007D1438B4A300E9003307FA001823FD1736
:101E200018B0A303E900E393D7FE9C4CCE8526852A
:101E300082975DBD8280EFE26EEC2A89AE89014611
:101E40009305A0020D45EF1010127D544DC940417D
:101E5000AA840545E52148A8218148B89306E902EE
:101E6000930754001547938541951386C1947D557A
:101E700003C80600FD17FD16A38B07013388E50094
:101E800003480800A38007033308E600034808005E
:101E90007D17A380070103C81600A3830701E31978
:101EA000A7FC1146930549001305C401EF7040607B
:101EB000CE85114613056402EF70805F0545BD298C
:101EC00068A48569218168B413850980852908A8DB
:101ED000218108B813054060952128A8218128B8E0
:101EE00013856980A1298327890148A4218148B4E9
:101EF000A6854A8582972A842685EF10F0012285DF
:101F00006FE00EE3EFE28EDF2E842A89AA85228518
:101F1000B289EF00D00E01C559556FE06EE11C305B
:101F20000420370500F0A207C58F2420C204C58F06
:101F30002430E204DD8C9921E98C370500E03D294D
:101F4000E38CA4FC18301C2022075D8F3C20C207C4
:101F50005D8F3C30E207D98FE1D385452285EFF0D4
:101F60009FA9E34C05FAE147B304F50203A70185F5
:101F7000138A018585472697544799EA5CC7EFF095
:101F8000DFA6A2854A85EFF01FEBE38809F831A0B0
:101F9000E387F6FE7D55E38409FE83270A0009479F
:101FA000A697D447E39BE6F603A44900138797005E
:101FB0001306E902930654008D070C237D17FD16C6
:101FC0008CB20C227D16ECB2E319F7FE0565130501
:101FD0000580AD268327890148A4218148B4CE8598
:101FE0004A8582971DBFEFE26ED1AE8441112A89E6
:101FF000B94526853284EF10406B631E0510CA85F3
:102000002285EF00C07F631505101C308349040052
:10201000370500F0A207B3E7370183492400C2095E
:10202000B3E7F90083493400E209B3E9F900B926BE
:10203000B3F9A900370500E09126102014303820AC
:102040003C30639CA90813958600518D4207598D39
:10205000E20785456C845D8D9305E0054C85392E3E
:1020600041811375F507C88508301C2022055D8D58
:102070003C20C207C98F283062055D8D0126218171
:10208000488608301C2022055D8D3C20C207C98F80
:10209000283062055D8DDD24C8863400C040954738
:1020A0007D5613075400B385F6008C217D170CB3C1
:1020B000B305F90083C59502FD176CB3E395C7FE20
:1020C0000565130505809D2C8327890148A421817E
:1020D00048B4A6854A8582970DA8A206D18E4207EC
:1020E000558FE207D98F03274900B98F032789004D
:1020F000F98F99C78327C900715581CB1304C90093
:102100002686A2854A85EFF0FFDF41016FE04EC2CF
:102110009386C19461B77955CDBFEFE2CEBF4441FC
:102120002A842E89DC34C824A2075D8D012CA16786
:10213000938707106317F5009C388828A2075D8DE8
:10214000F52A9307058091CB8567938767806302A3
:10215000F5042285EF10405C15A8A2854A85EFF0B2
:102160007FB1DC34C824A2075D8DC92AA16793879B
:102170000710B9456313F500C945B305B040228582
:10218000EF10A05279F5CA852285A92401456FE098
:10219000CEBA2286930599024A85EFF05FB3FDB768
:1021A000EFE26EB7B7270120938707AD5CD19307A5
:1021B0005006A309F5029307E006230AF502B727A4
:1021C0000100938767FE5CC9B7270100938747200A
:1021D0001CCDB725012099472A842304F502232E1C
:1021E00005001946938595BC13059502EF70402CA8
:1021F0009307C05D1EB8930730032309F40201451D
:102200006FE0AEB3EFE22EB1B1642E849384143547
:10221000EFF08FD9118915CDFD1485CCEFE02FECAF
:102220002A897DD5AA87814401E8CA852685EFE001
:10223000EFE701456FE06EB032244C403E85EF7011
:1022400020273A240040BA94C204B307E500C180B5
:10225000E1BF5155C5B7EFE26EAAB727012083A7AA
:1022600087B9AA891385C1C39384C1C382978C405F
:10227000A9C983C711C31384C1C393F7F70F81E7BB
:102280008547A388F1C2C2050D46C1810D45444072
:10229000EF10604D2A8915C52A8432244840A6854E
:1022A000EF7000213E240040BE9465F8EFE0EFDEC1
:1022B00083A70901CE854A85829701C54A85EF101B
:1022C000A0456FE0EEA6EFE20EA5411137240120F4
:1022D00002C202C402C6EF00D078130504BAB725C3
:1022E000012019469385C5B313059502EF70401C74
:1022F000B727012003A707B3938707B3130504BAD1
:102300003AC29847DC433AC43EC623AE01C423AC6C
:1023100001C4EF10A03837280100B727010074006E
:1023200030004C001308A8119387071A01471305C2
:1023300004BAEF10003141016FE02EA09317850021
:1023400021815D8D42054181828093178500218125
:102350005D8D420541818280135785019317850168
:10236000D98FB706FF0013178500758FD98F416786
:10237000130707F02181798D5D8D8280EFE2AE99A0
:10238000EFF09FFD6FE06E9BEFE2EE9803A4C1C5F6
:10239000AA8401EC03A581C511C5EF10803019C1D5
:1023A00003A481C522856FE04E992285EF10602F2E
:1023B00005C198309C2022075D8FBC20C2075D8F2D
:1023C000BC30E207D98F5840B98F1844F98FF9DB38
:1023D0000040C1B7EFE2AE914041AA84AE891C3003
:1023E0000820A2075D8DEFF05FF631814205418143
:1023F00091476306F5002685EF10003231A41C30AA
:102400000820A2075D8DEFF05FF419813C30137A4C
:10241000C5032820A2075D8DEFF03FF3BE242A8973
:10242000E3EB47FD9E24E3E8A7FCD2852285EF403D
:10243000F04171F1CA852685EF10E046370500F0BE
:10244000EFF0DFF3370500E0EFF05FF34E89054B67
:10245000930B04014A85EF10C02411E563130B129E
:10246000032909000DA293074900EDDB83264900EB
:10247000F5D618381C2822075D8F3C28C2075D8FCF
:102480003C38E207D98F6382F604CA855E85852EC3
:102490000DED1C38834A0401370500F0A207B3E7AD
:1024A0005701834A2401C20AB3E7FA00834A340180
:1024B000E20AB3EAFA00EFF07FECB3FAAA003705BC
:1024C00000E0EFF0BFEBE39BAAF858345C2422074E
:1024D0005D8F7C24C2075D8F7C34E207D98FB9C33E
:1024E000CE851305C400212EE31705F05C34034AA2
:1024F000C400370500F0A207B3E74701034AE40030
:10250000420AB367FA00034AF400620A336AFA0027
:10251000EFF0DFE6337AAA00370500E0EFF01FE6C0
:10252000E30BAAECE30909EC0349740068202209D3
:102530003369A90011657D15EFF05FE03375A900DF
:1025400011C52685ED26AA8461C14041CE85268528
:10255000EF10604955E91C340824A2075D8DEFF0A7
:10256000DFDE1375F50F99476303F50AC547630965
:10257000F50885476312F50ACE852685EF40006D84
:1025800061A003A9C1C56314390103290900014BE6
:10259000E31209EC1C340824A2075D8DEFF0FFDA8A
:1025A0001375F50FC547631EF500B3074401A82353
:1025B000BC33A2075D8DEFF05FD993074004630D34
:1025C000F502854A1C340824A2075D8DEFF0FFD781
:1025D0001375F50FC5476319F508229A83473A002A
:1025E00003452A00A2075D8DEFF03FD69307C07622
:1025F000631CF5064E893DB7E39809F2814AD9B7C5
:10260000CE852685EF40201101456FD0DEF1CE85C5
:102610002685EF20702ACDBFCE8513050401C52283
:10262000E31B05DC1C3803490401370500F0A20751
:10263000B3E72701034924014209B367F9000349BD
:10264000340162093369F900EFF05FD33379A900EF
:10265000370500E0EFF09FD2E30FA9D8C0C089454D
:102660002685EF40B00341BBE3910AE669B3EFD2A0
:102670001EE8AA894289630F0612AE8AD1453A8ABA
:10268000B284B68B3E8BEF1040027957631105126E
:1026900003A44900A20B1C340824A2075D8DEFF0AF
:1026A000DFCA1375F50F33657501EFF03FC9135796
:1026B000850018B408A4EFF05FC92181420541816B
:1026C00022053365650142054181EFF03FC798302F
:1026D0009C2008A422075D8FBC20218108B4C2077A
:1026E0005D8FBC30116513050550E207D98F13D7F4
:1026F00087001CA818B813D70701E1833CB838A895
:102700003365AA00EFF09FC308A0218108B003D56C
:102710008900138A41C4EFF07FC228A0218128B02C
:1027200003550A0023030400A3030400EFF01FC1B4
:1027300083570A0048A02181850748B02310FA007A
:1027400063810A0203C71A0083C70A0022075D8F4C
:1027500083C72A00C2075D8F83C73A00E207D98F7B
:1027600099E713074900814719C38327490013D705
:1027700087005CA458B413D70701E18378A47CB424
:1027800023050400A3050400D1452285EF40100C69
:1027900028A4218128B48357090385C303D789005E
:1027A00063FDE7002686CA854E8585232A873A85FC
:1027B0006FD07ED74441C104F9BF832749012686E3
:1027C000CE854A858297DDB7EFD2FED401112A84E7
:1027D00032852ECE36CC3ACA3EC832C6EFF0DFBACA
:1027E00009CDC2475247E2463246F2452A88228541
:1027F000EFF0FFE705616FD05ED47155E5BF18318A
:102800001C2122075D8F3C21C2075D8F3C31E2070E
:10281000D98F9386F7FF75576366D70203C72503E1
:102820000145098B0DC3D841630FF70094453D8FD7
:10283000758F11EB13C5F6FFE98F3385A74013356C
:102840001500828005458280EFD27ECA03A481C430
:10285000C544014B138981C419E06FD0DECCFD144F
:1028600093F4F40FFDD87C3C032C040091C7FD17B2
:102870007CBC228B6284CDB783294400814A03A5A6
:1028800049005C315821A207D98F85EF18311C21EE
:10289000514622075D8F3C2193058400C2075D8F5E
:1028A0003C31E207D98F5CC0EF60904085454E8592
:1028B000EF4000604E85EF108004AA8A4E85EF003D
:1028C000B0658329440063960902032709001C4070
:1028D000631CE4042320F900A2851545EF00B046EF
:1028E000138761C41E235A84B38A574123105701AA
:1028F00049B703A749004E851C33034A0700A207C6
:10290000B3E74701034A2700420AB367FA00034AC4
:102910003700620A336AFA00EF00707EAA9A4E8589
:10292000EF00905FD28945B72320FB0075B7EFD247
:102930001EBC44412A899C308820A2075D8DEFF09F
:10294000DFA019811375C503D1476312F526FC304A
:10295000E820A2075D8DEFF05F9FBC302A8BA82096
:10296000A2075D8DEFF07F9E9C30AA8C8820A20785
:102970005D8DEFF09F9D2A8C4A85EF005078B72738
:10298000012083A747B803D761C42A8D8D832A9776
:10299000FD8B938961C463ECE72003A481C4814A61
:1029A000138A81C41DE81545EF00F0372A846300BF
:1029B00005207146814513054400EFD0DEB88D47F0
:1029C0007CBC83270A0023208A001CC05146A685B0
:1029D00013058400EF60D02D95ACD834DC24220799
:1029E0005D8FFC24C2075D8FFC34E207D98F584805
:1029F0006316F70298389C2822075D8FBC28C2070F
:102A00005D8FBC38E207D98F184C6319F700DC30B2
:102A1000D4205A24A207D58F6306F720A28A00404B
:102A200051B7CC4203C8550003C3450022083368A0
:102A30006800637C060D93D5860094A38CB393D570
:102A40000601E182ACA3B4B3630E072A74336C238E
:102A5000A206CD8E6364D6146362A81493568900CF
:102A60002300270114B3935609011359890134A394
:102A7000A3012701782C014B058B630F0718638D89
:102A8000081858404443D830D4202207558F631586
:102A9000071894339823A206D98EB8234207D98EFB
:102AA000B8336207558F61E75E2C03C904005146B5
:102AB000D1075EAC9C30930584002685A207B3E75E
:102AC000270103C924004209B367F90003C9340090
:102AD00062093369F900EF60B01D4A2CEFF01F86E0
:102AE000A8A02181A8B023830400A3830400238528
:102AF0000400A3850400D1452685EF402055A8A4F5
:102B00002181A8B4032B4400D5A063090609F43140
:102B100003C36500A206B3E666006361D60801CB75
:102B2000742378332207558F6303E8008148983176
:102B300094212207558FB421C206558FB431E20685
:102B4000D98E2E8765AA935689002300270114B3D6
:102B5000935609011359890134A3A3012701742352
:102B600078332207558FE307E6F0814821B75443B5
:102B7000EC23F833DC32D0222207A2074D8FD18F0D
:102B8000631AF7029C329822A207D98FB822420713
:102B9000D98FB83262075D8FB68731B74A85EF00AB
:102BA000105683D709003385A7402390A9004A8592
:102BB000EF009036014B8DA0B1554A858324490022
:102BC000EF00B02ECA855A85EF0030559C3003C9FE
:102BD0000400A207B3E7270103C924004209B36731
:102BE000F90003C9340062093369F900E31609FCEE
:102BF00003270A001C406314E4022320FA00A28584
:102C00001545EF0050145A85EF00704F83D7090027
:102C10003385A7402390A9005A856FD0DE9023A06A
:102C2000FA00F1BFFC30E820896BA2075D8DEFF060
:102C3000CFF1FD1B337575014205418101E96A241D
:102C4000EFF0AFF033757501E31205D883D70900B3
:102C50003E9D2390A901FC30E820A2075D8DEFF096
:102C6000CFEE9317250163C2070213153B017C2C9D
:102C70004D810E05135C6C006695137CCC0393E7C5
:102C80001700330585417CAC4AAC83244900BC3035
:102C9000A820A2075D8DEFF04FEB9C302A8B882097
:102CA000A2075D8DEFF06FEAFC30AA8BE820A20747
:102CB00093DB6B005D8DEFF04FE94E054D811316F0
:102CC00035003305CB0013FBCB03832749003305C5
:102CD000654142051357860041815440D8B31357CC
:102CE0008500F8B323800700A38007002381070035
:102CF000A3810700D0A3E8A385480147E39306D248
:102D0000E31307E423222401B5B3EFD2CEFD032C55
:102D10004500011132CA03477C00AA8D03456C00AF
:102D2000220783DB0503598DAE8CEFF00FE2896635
:102D3000B377D500138ACBFEA146334ADA0283D497
:102D40008D0009677D173EC63379E500B11442094D
:102D5000C20413590901C1800144514D3ACC420AC1
:102D6000135A0A0193163A0093970601C1833EC88D
:102D70009387DBFE3ECE89E4014505616FD06EFA94
:102D8000E247A68A337BF900B24733EB6701F2478B
:102D900063C6F400C24A8967336BFB000146D14524
:102DA0000945EF00501CAA8939C948415146E285BE
:102DB000EF60007003A64D0083AB49006A9623A222
:102DC000CD0003D6AD00B306A6412395DD00568D98
:102DD00063090D0403D4AD0063738D006A8442045B
:102DE000418001E483AD0D00E5B7814509460D45FD
:102DF000EF007017AA8511E54E85EF00F0117D55A3
:102E0000ADBF03A64D0002A522A550C14E85EF001F
:102E1000D030B3068D40139D0601135D0D01E31301
:102E20000DFC5A85EFF08FD12383AB002181A38362
:102E3000AB0013854A0142054181EFF02FD0238179
:102E4000AB002181A381AB00D14523850B00A38575
:102E50000B005E85EF40801F03A74C01524623857F
:102E6000AB002181A385AB00CE8566850297B38434
:102E7000544152994E85C2044209EF00F009C180C5
:102E800013590901228DC5BD3C296385B7002CA9C2
:102E9000A309050082805E2D184DB306F700238834
:102EA000B60E938627008507C207C18356ADBA9731
:102EB0002388C70E82805A2D1C4D9306170056ADED
:102EC000BA972388B70E82805E2D184D13D68501E0
:102ED000B306F7002388C60E93861700C206C18288
:102EE000BA9613D605012388C60E93862700C2061C
:102EF000C182BA9613D685002388C60E93864700F2
:102F00008D07C207C18356ADBA972388B70E82805A
:102F100015C15E2D184D130630049386170056AD6B
:102F2000BA97FD562388D70E5E2D6376F60093F68A
:102F3000370091E282809386170056ADBA972388B6
:102F4000070EDDB7630C0516EFD2EEDC0329050290
:102F5000DD5763020916AA84014693054013014513
:102F6000EF007000232AA9002A87FD576305051486
:102F7000834639019387418581E69443850694C34E
:102F8000404388438547232C89002320A9001CA0A7
:102F90001CB099473CA0A3010400EFF0EFBB93578E
:102FA000850048A05CB09357050161817CA068B0A2
:102FB00003248901294723040400A30404002305F2
:102FC0000400A305040023060400A306040023074D
:102FD0000400A3070400834729016388E700F11771
:102FE00093F7F70F0547636AF700DC205CA4DC3039
:102FF0005CB4FC207CA4FC307CB423080400A3084F
:10300000040023090400A3090400230A0400A30AFE
:103010000400230B0400A30B0400230C0400A30CE6
:103020000400230D0400A30D040083C5840281471E
:10303000414613970701418381466376B700338782
:10304000F400834697023307F40054AF8507E392F8
:10305000C7FE1307C4029307C40623000700050731
:10306000E39DE7FE1307C40E238007008507E39D59
:10307000E7FE3755826313053536EFF0EFAD935712
:1030800085002306A40EA306F40E03268901935798
:10309000050161812307F40EA307A40E231E090076
:1030A000814713074004B306F6002388F60E850710
:1030B000E39BE7FE81473E856FD02EC8D9573E85FA
:1030C000828011CDEFD22EC5005101C8484811C1F0
:1030D000A125232A0400232C04006FD00EC6828071
:1030E00063000518EFD22EC3005163090416382877
:1030F000A1476315F71698319C2122075D8FBC21EB
:10310000C2075D8FBC31E207D98F18546398E7146A
:10311000AA84B1452285EFF03FD72685EFF09FE2E4
:10312000631905120546930550032285EFF0BFD6BB
:1031300091452285EFF03FD8114693052003228563
:10314000EFF07FD50854EFF06FA3AA852285EFF04A
:10315000BFD71146930560032285EFF0DFD34850B7
:10316000EFF0CFA1AA852285EFF01FD61D4693056B
:10317000D0032285EFF03FD25E2C184C0546228505
:10318000B306F7002388C60E138627004206418245
:1031900052AC9386170083C59402C206C182BA96C8
:1031A0002388B60E93863700C206C18256AC83C50B
:1031B000A4023A96BA962308B60E13864700420632
:1031C000418252AC83C5B4023A962388B60E9386E8
:1031D0005700C206C18256AC83C5C402BA96230802
:1031E000B60E138667004206418252AC83C5D402F4
:1031F0009D0732972388B60E5EAC83C7E40223088E
:10320000F70EEFF0FFD04E2C48489385050FC2050E
:10321000C181512D034784021C4C4C484840D8A71B
:103220000347940203A94400D8B70347A4029306B6
:10323000300413860196F8A70347B402F8B723A217
:1032400004002687EF30407A268523A22401EFF080
:103250005FE73C3885073CB885477EAC6FD0EEAD64
:103260008280EFD24EAB1128BD24B727012083A75F
:1032700087B191C382976FD04EAC37E70020130718
:10328000770A719B23A8E1C4B727012083A7C7B79A
:10329000231107008D07F19B93960701C182BA970E
:1032A00016A32302070023AAF1C40546D0A396A3C0
:1032B000B6A323A6E1C4828049C183A701C5636E7A
:1032C000F50683A541C5637AB50683A6C1C4130676
:1032D00085FF230E05FE1387C1C46373D60010C398
:1032E000835685FFBE966304D60203C8460063106A
:1032F0000802638ED5000C436393B60010C38E2280
:10330000231CB5FE9622B305F640BE96AEA28355A9
:10331000A5FFB386B7006302D60203C84600631E4A
:103320000800032807006313060114C3035785FF31
:103330009AA2035785FFBA97AEA382808D05C20576
:10334000C181F199C205C1813147AE8763F3E500C0
:10335000B147372701200326C7B7C207C1830D062F
:10336000719A6360F60A03A701C5636DE50883A639
:1033700041C56379D508930685FF835885FF998EEB
:10338000C206C182938588FF958DC205C18163EA1B
:10339000F5066389F50633031701034843006314F8
:1033A0000802938586001388C1C4AE97032E0800D7
:1033B000C207C18383580300B305F70063166E028A
:1033C0002320B80015A01388470163ED05039385FA
:1033D0008600AE971388C1C4C20703230800C183C7
:1033E000B305F700E3EE65FC23901501B6A1238237
:1033F0000500231CF5FE96216306D60036973EA3F2
:1034000082800145828039C5130735004207418318
:10341000719B42074183B146BA876373D700B147B6
:10342000372701200326C7B7C207C1830D06719A4B
:1034300001456362F60203A7C1C483AE01C593854B
:10344000C1C43303F640B306D741C206C182615EF0
:1034500063E46600014582803385DE000348450051
:1034600083580500631708063308DE4046986362F8
:10347000F8061383470163626804A107B697C20781
:10348000C1833388FE00231018012311D8002302C2
:10349000080085461EA154A1835608006304D60087
:1034A000F696BEA26319A70083A641C581475023A3
:1034B00001EE91C398C12105828085475CA1DDB7EB
:1034C0001A2385477697E5B7E39CE6FEEDD794C1CE
:1034D000DDB7C686B5BF83A5818583A6C185B7F74D
:1034E00000209387373237270120F19B130787BDD0
:1034F0001385060103D80500232007000146631841
:10350000C800890611078905E396A6FE82808328F4
:1035100007000506420623A0170183D806001CC336
:103520004182C697E9BF9D4763EDA700B7270120F9
:103530000A05938787BDAA97884309C5184198C390
:1035400082800145828099C9931725003725012083
:10355000130585BD3E951C419CC10CC18280EFC204
:10356000FEF998319C21AA8422075D8FBC212E840C
:10357000C2075D8FBC31E207D98F5841639FE700D6
:1035800018301C2022075D8F3C20C2075D8F3C3025
:10359000E207D98FDCC06FC0BEF903A581C601491F
:1035A0009309400605C11841DC40032AC500631198
:1035B000F7048545EF0030659307190093F7F70F7F
:1035C00063F7290383A701C7C5DF984319CFD44008
:1035D000631DD70014301820A206D98E3820420768
:1035E000D98E38306207558F98C3DC47F1BF3E89CA
:1035F00052854DBFEFC23EF2411132C636C42A8415
:10360000EFF0FFF53246A246814719CA18321C2254
:1036100022075D8F3C22C2075D8F3C32E207D98FC3
:103620001CC4814799CA98329C2222075D8FBC2214
:10363000C2075D8FBC32E207D98F5CC441016FC005
:10364000DEEFEFC25EED58CD138701C68348070059
:103650004111232205002324050023260500230908
:1036600005022320050213831800A30A150323284B
:1036700005012A843EC623006700EFF0BFF7B2477A
:103680002285829711E99387C1C5984318C080C3EA
:10369000228541016FC07EEA0144DDBF23ACA1C495
:1036A00082800345250305898280AA870145A5C537
:1036B000BDC3139605014182328863DB05003308E0
:1036C000C040BA274208135808010545636507053D
:1036D000D427D84381C60D456391A6020D8F9386EA
:1036E000070105456369D702D8C3BA270145329758
:1036F000BAA79A273A9692A78280FD16C206C1827F
:103700008548054563E9D80063D70500B62763E41B
:1037100006010D8FD1BF8280EFC25EDE01440DCD68
:10372000AA8501440D498549FE25FD17C207C183BD
:10373000FEA59DE3DC2584411D4563882701FD1717
:10374000C207C18363EDF9001945EFF0DFDF05041F
:103750001374F40FA685E9F822856FC07EDD2E85EF
:10376000EFF09FB5EDB7EFC27ED98547630DF50049
:1037700031C589476306F5048D476305F5040144A7
:1037800022856FC0FEDA8144D104B904C204C1802D
:103790008947B2892E8963E9C70279CA1945EFF0D2
:1037A0009FD82A8469DD23220500231425012315CF
:1037B00025012320050023063501B5A0D144E9B732
:1037C0008144E1B78144E9B78D470144E31AF6FA31
:1037D0001D45EFF05FD52A845DD1B3079500CD0775
:1037E000F19B372701205CC1930747B7DC438D0469
:1037F000F19893879703F19B230635012320050059
:1038000023142501B3849740930947B76373990044
:10381000CA84854726A47EA4B30499400D4A228910
:10382000854A6347900085477EA4A306040089BFAC
:103830001D45EFF05FCF09E52285EFF0FFED81B781
:1038400083A7490023164501232005002320A90052
:103850009387970306A5F19B63F3F400A6871307EC
:1038600005013EA558C1231755019D8C2A8955BFD6
:103870009387350013853401F19B71993E9542057C
:103880004181EFF05FB82A84E30B05EEAA94CD04E2
:10389000F19844C123142501231525012320050097
:1038A0002306050049B71E2563FAF504EFC2BEC61C
:1038B0002A84AE84B387F5402E2463E995025C2404
:1038C00081EF638B95004C402285818DA695C205C2
:1038D000C181EFF0BFA62A84084026A406A419C11E
:1038E000EFF09FE3232004006FC03EC51A248D8CA7
:1038F000C2043E971AA4C18000407DBF82808147E8
:1039000019E13E858280850793F7F70F0841CDBF07
:1039100001C57E2585077EA5828009CD99E182803B
:103920003A859E2516251841B697C207C1831EA564
:1039300065FB0CC18280EFC21EBE2E84EFF0FFFD3E
:103940002285EFF0FFFC6FC05EBF3DCDEFC21EBB16
:103950002A84AE845955ADC51A249E256362F706A4
:103960000149014A8359A400BE24B3894941B38760
:10397000274163C9F904939907014840CC4093D982
:1039800009015295CA954E86EF5090324E9A3E24C8
:10399000420A4E994209135A0A01135909016394C4
:1039A00047010040014ABE246365F900844099CC78
:1039B0000149BA249E246316F7029C409DC35D55BD
:1039C0006FC01EB7C20955BF5955828009C8014949
:1039D0003A241E246314F7001C40F5F3C1F401459A
:1039E000C5B77DF441B7EFC27EB103294500AA896E
:1039F0008347990003458900014AA2075D8DEFE0E6
:103A0000DF94937AF50F03A441C63109938441C62C
:103A100001E401456FC0DEB11C28014563945703E2
:103A20005C488DC3084CCA864E86A285829719C908
:103A300063080A005C442326FA009C4080C05CC4F2
:103A4000054581495C44228A71F53E84D1B781479E
:103A500099C998319C2122075D8FBC21C2075D8FD7
:103A6000BC31E207D98F1CC101458280814799C9C9
:103A700098319C2122075D8FBC21C2075D8FBC312C
:103A8000E207D98F5CC1014582804CC910CD82808C
:103A9000EFC2DEA6AE842A89D1452685B289EFF031
:103AA000DFC015C9014681450545EFF0DFCB2A840B
:103AB00009E57D594A856FC0BEA7A685EFF0BFE72F
:103AC0004E85EFE07F8C19ED7159E30594FE228558
:103AD000EFF09FC4C5B7B1552685EFF01FBD71F952
:103AE0002684F9BFCA85630509008327090099E385
:103AF00093054500834709010347A9008346B900A0
:103B00002A884E862285EFE09FB62A897DBFEFC2C4
:103B10009EA013064500EFF0BFF76FC01EA2EFC2D4
:103B20009E9F138741C61C43AA856390A7025C45EC
:103B30001CC30145EFF03FA16FC03EA0D84709C7A5
:103B40006314B700D845D8C7DC47EDFBDDB7EFC23B
:103B50009E9CAA840145EFF01F9D2A8411CD7146D9
:103B60008145EFC05E9E930700F83CB4938741C641
:103B7000984304A880C358C422856FC01E9C6D550D
:103B8000828083A681C603A601C883A501C703D589
:103B900041869387418613071500131507011318F3
:103BA00007014181635308000565368719E73287AD
:103BB00019EB2E8719EF8AA382800358C701E30C03
:103BC000A8FC5847E5B70358C701E306A8FC5847C7
:103BD000C5B70358C701E300A8FC5847E1BF1C491B
:103BE00063960710EFC29E914111AA84328411E6B8
:103BF0002EC6EFF01FF9B2452A8403A701C731E7AB
:103C000003A781C625EB83A9C1C61389C1C64E8708
:103C100059E783A701C8CDEB85C198319C212207C4
:103C20005D8FBC21C2075D8FBC31E207D98F89C788
:103C300011462685EF50D007C2AC23A634012320BD
:103C40009900014541016FC0BE8E5E2F63928702CD
:103C5000104359CED1CD94319C21A206DD8EBC21DA
:103C6000C207DD8EBC31E207D58FD9C36302F608E7
:103C7000584771B75E2F63928702104335CAADC9AA
:103C800094319C21A206DD8EBC21C207DD8EBC31A1
:103C9000E207D58FB1CF630DF6045847A5B75E2F65
:103CA00063928702104329C6A1C594319C21A206C4
:103CB000DD8EBC21C207DD8EBC31E207D58F8DCBF6
:103CC0006308F6025847A9B7DA2F631F87009431BB
:103CD0009821A206D98EB8214207D98EB831620741
:103CE000558F94436386E600DC4735B74D55828097
:103CF000555589BFEFC23E821C49411191C701440D
:103D0000228541016FC07E832AC60D45EFF0BF8139
:103D10002A8475D5B2451387C1C69C4D1CCDDE2DB6
:103D20005EAD85471CC99E2593E727001EA5BC35BF
:103D30003CB5BC253CA59C411CC11C436394B70207
:103D4000DC451CC323A605000945EFF0CFFFB747AC
:103D500001009387E7B71CD0938701C7984380C3BE
:103D600058C479BF23AEF1C681461387C1C789E71E
:103D7000F1DA23200700F9B7D0476317B60091C2E4
:103D80001CC3D845D8C77DBF8546B287CDB7AA87A3
:103D90000358C5021459D23B0C5583D80704330588
:103DA000D84005822E95328763F3C80046874207C4
:103DB00041833307E540634507002397070382806B
:103DC0003387D5406356E000239707020145828080
:103DD0008D8EF6B7E5BFEFC20EF45E352A84BE9530
:103DE000C2055E39C1814EB563F3B7005EB5228569
:103DF000EFF0FFF95E388983634BF5008347640277
:103E0000228593E727002303F402EF2080256FC06B
:103E1000CEF2EFC24EF04111014409CDAA854841CE
:103E2000014411C52EC6EFF03F8FB2452A841145DB
:103E3000EFF06FF1228541016FC02EF0EFC2AEEDC1
:103E4000014401E522856FC04EEF0441EFF07FFC95
:103E50002A941374F40F2685EDB7EFC2CEEB41110F
:103E60002AC61145EFF02FEC2A8401C9B24551460C
:103E7000EF5000644840EFF0BFA9228541016FC0B8
:103E8000CEEB0CCD82802328B50882802326B5088E
:103E90008280232EB50882800CD18280232CB50825
:103EA000A30EC50282801C4905476374F7042947A5
:103EB0006381E704EFC22EE62A840325850809C53D
:103EC000EFF09F852324040803254408FD577EBC9A
:103ED000EFF0DFF6685C23220408EFF03FF60325DD
:103EE0000408EFF0BFF5232E0406232004086FC05A
:103EF000CEE48280EFC22EDFB7240120938704B383
:103F0000138741C703CC87011C43B70A020085070A
:103F100003AD81C61CC313096006014A938404B330
:103F2000138441C7938981C68D4C938A8A79138BF8
:103F30004196631A0D0003A401C8938401C8631954
:103F400004246FC00EDE7D191379F90FE30B09FE0F
:103F500003462D0583260D01854D6302CC02834D5A
:103F60000D0B63840D100327CD0AB306BB0183C676
:103F7000F6FF05072326ED0A637CD70C814D032746
:103F80000D019946631DD70003268D031440918EC1
:103F9000904C6376D60093871D0093FDF70F8356F0
:103FA0008D00814BA18A95CE91466305D7009D4631
:103FB0006319D70283284D0A83268D0A03250D0A2B
:103FC000CC4CB386D802104003278D03198EAA96D5
:103FD000B3D6B60263FCC61093871D0093FDF70F9E
:103FE000854B03254D0805C103278D031440194651
:103FF000998E03170D053307C70263E6E600EFF05D
:10400000FFE323220D0803270D0163149711832674
:104010008D031840158F944C63E8E61063960D10DD
:104020008347CD030347DD03850793F7F70F230E7F
:10403000FD0263EBE70083278D09230E0D026392D7
:1040400007146A85EF20E0016A8A032DCD00D5B5FB
:1040500023260D0A19476366B70193871D002308BD
:10406000FD0A6A85EF20005E11BF0317ED0363456B
:1040700007000507231FED0203270D08E30007F0E3
:104080008315ED0303170D05E35AB7EE63F4DC0265
:104090000317CD048316ED04B1470D873697937649
:1040A000F60F63F3C700B146D69694223317D700B4
:1040B0002318ED048356AD0503574D06231F0D024B
:1040C00063F3E60036874207418383560D04058378
:1040D000231EED046376D70013971600231EED040C
:1040E000231DDD046A85EF20C03E51BD03471D0B33
:1040F000814B330717032A973357B702E373C7EE91
:104100006A85EF20404E03471D0B0507A308ED0A03
:10411000C9BDA546E314D7F003278D031440998E3B
:10412000984C0607E37CD7EE6A85EFD06FD66A8598
:10413000EFF07FD78327CD0063020A042326FA001D
:104140008327CD0989C703258D01ED558297638F9C
:104150000B0083574D020357CD0183258D020325A4
:104160000D0693064D006A86EF202026832BCD0096
:10417000EA850945EFF02FBD5E8D65BB23A0F900F0
:10418000C1B703258D01EA858297E30C05EA6DBD71
:104190002285EFD0EFCF2285EFF0FFD00329C400B6
:1041A000A285094523A024014A84EFF0CFB941BB81
:1041B000EFC26EB61C412E846390B704DC451CC16F
:1041C000232604002285EFF01FCE1C482947638177
:1041D000E7020547638EE7008347640213F7170081
:1041E00001CB93E727002303F4022285EF107067C9
:1041F000232804006FC06EB423AEF1C68146138736
:10420000C1C789E7D5DE232007005DBFD04763170C
:10421000860091C21CC35844D8C75DB78546B28793
:10422000CDB71C491D476366F70AEFC2CEAE37070C
:1042300002008A0713078777BA979C432A848287EC
:10424000EFD00FC51387C1C61C43639987005C4438
:104250001CC323260400A28509453DA823AEF1C650
:1042600081461387C1C789E7EDD623200700D5B75C
:10427000D0476317860091C21CC35844D8C7D1BF2A
:104280008546B287CDB7EFD0AFC0A285138501C7F1
:10429000EFF01FF2A2850D45EFF0EFAA014531A81E
:1042A000EFD00FBFA285138581C6EFF07FF065B711
:1042B0008545EF10B04F954701C96FC00EA88545E1
:1042C000EF10D04E7DF9A5471CC82285EF1070591C
:1042D000F1B701458280EFC20EA441112E8511CEA7
:1042E0000E2632C6EFF03FAF32463285EFF0CFC236
:1042F00081473E8541016FC04EA48147FDFAEFF032
:104300005FF2AA87FDB7EFC20EA103A481C6930492
:10431000500619E06FC06EA20326840819CA8327CD
:1043200004098146A2858DCF084C829719E1232488
:104330000408FD1493F4F40FF1DC8347640213F7CF
:10434000170009CF93E727002303F4022285EF101B
:10435000505183476402F19B2303F402404455BF4C
:104360000145EFF05FF7D9B7EFC2EE9AEFF0BFF972
:10437000138781C71C23850793F7F70F1CA3858B31
:1043800099C3EFF03FB76FC04E9BEFC2CE9803A426
:1043900081C693045006014901E44A856FC0EE9935
:1043A0000326840819CA832704098146A285B1C758
:1043B000084C829719E123240408FD1493F4F40FA8
:1043C000E9DC8347740285CB0347640293761700C8
:1043D0009DC2FD1793F7F70FA303F4029DE3136744
:1043E00027002303E4022285EF10B04783476402CD
:1043F000F19B2303F402404445B70145EFF0BFEDC4
:1044000055BF0509CDBFEFC28E8E1849A94741118E
:104410002A84631EF700AA85138501C8EFF05FD9CF
:10442000A2850945EFF02F9241016FC0CE8F1C414C
:104430002E8B032905063EC65C4183298502035A5B
:10444000C5013EC4835A45028324C509832B8501D7
:10445000EFD00FA4138581C6A285EFF07FD5032589
:10446000040819C1EFF09F9D685C19C1EFF01F9D12
:104470000325440819C1EFF07F9CA2850945EFF0A0
:104480008F8C81C4ED555E858294E30F0BF8D6873F
:10449000528734007000CE854A85EF10107369B7DB
:1044A00093870186884303A741C73A9588C38280D2
:1044B000EFC2CE842A890945EFF0EF86B7240120A8
:1044C000938444B72A8425E19C488983858B89E7B6
:1044D000014422856FC0CE8583A701C803A641C7CA
:1044E00001458146938941C7F1E701C58545EFF054
:1044F0009FF10945EFF02F832A8415E583A781C634
:1045000003A509007D191379F90F1306F0078145FA
:10451000DDEB09C485452285EFF0FFEE0945EFF09C
:104520008F802A8455D51306400B81452285EFC024
:104530008E81930700045CA89C44231C0406130787
:104540008021231BF4065E385EB47EB4E1773EA47E
:10455000DC406374F700930780212310F404C167E3
:104560007D577CC485472318F4047ABC231DF404CA
:10457000EFF01FF383A741C768D428D01CDCB747EE
:1045800001009387672D2328F408B727012003A78C
:1045900047B2938747B268C82320E40AD8439C47B0
:1045A00028D8230E04022322E40A2324F40AA308B1
:1045B000040A05B7985F3307E6406364D700BA86FC
:1045C0003E85DC4715B7D42B636CD900636AD600EF
:1045D000985F3307E5406365B7003686BA853E8449
:1045E000DC473DB7EFB23EF313050004EFF05FEC9C
:1045F0006FB0BEF4EFB23EF22A842E85EFD0DFD842
:1046000011CD1E3981CF938787FD3E87C207C183B5
:104610006373F400228713140701418022856FB071
:10462000DEF1EFB25EEF03A401C8938401C819E084
:104630006FB0BEF02285EFD0AF852285EFF0BF8648
:104640000329C400A285094523A024014A84EFE080
:104650009FEFF1BFEFB29EEA1C49AA842E8AC827B9
:10466000DC37A2075D8DEFD05FCE058929E941696E
:10467000130909FC03270A0103A681C9DE24543368
:104680004C23B297A206D58D7423C206CD8E6C330F
:10469000E205D58D8356CA00AE96B386D74063D562
:1046A00006028D8F6359F000918DC205C840C1810B
:1046B000CEA4EFF04F9F23A044016FB07EE7528558
:1046C000EFF0CFF7014AC5BF5C374827A2075D8DE1
:1046D000EFD0BFC7058915CD9C48C037C827220435
:1046E000498C4A85EFD09FC59C48698CC827DC3728
:1046F000A2075D8DEFD07FC51375E5031365150027
:10470000EFD0DFC39C48418D42054181C8A721817C
:10471000C8B703240A005285EFF0AFEF45D4228AD0
:1047200091BFEFB2DEDC83C781C82A84C18B1389B5
:1047300081C9F1C783250900385583564506705550
:104740003305B74083A741C8938441C86344050239
:104750006316B7003307F640634E0700631EF60288
:1047600003A501CA78350348E5002207336707012E
:1047700063F4E60203A501CA78350348E5002CD4AA
:104780002207336707012312E4067CD411C70347CD
:10479000040B19C32308040A6C483387B7406342EB
:1047A000E02A03D741CA231A0406631907280357CE
:1047B00044066854B2962A976312D7280317E40375
:1047C000634E0726639CF526834784050D478507BE
:1047D00093F7F70F230CF404637CF7240357A40525
:1047E00083570404BA97C207C1836374F700231D7B
:1047F000F4047C5C639F07367040631A064003D65E
:1048000041CA832709001454138A41CA6306067EED
:10481000B385F6401387F5FF634B074605471D8FA9
:10482000118F36976345E046B7290120938789BFEA
:10483000C443139705014183BE24938989BF63D381
:10484000B7449E24998FC207C183BA246346B742F6
:10485000B305B040C205C1852685EFE01FE5DC4009
:1048600083D6C9000327090023A4F9001C543697F6
:104870001D8F2396E90003A7090193D68700232003
:10488000F9005CA354B393D60701E18374A37CB30E
:10489000832609001854B387E64063CB077452346B
:1048A00093871600998F918F6344F0746390E65C50
:1048B000B7240120938784BF83D9C7009C4B93847E
:1048C00084BFC827DC37A2075D8DEFD01FA80D89F4
:1048D0003335A0004E9542055E3441812310AA0075
:1048E00063FDA7089C48C827DC37A2075D8DEFD081
:1048F000DFA5058931C19C4883C9D700C827A20913
:10490000B3E9A9004165130505FCEFD03FA39C481E
:10491000B3F9A900C827DC37A2075D8DEFD0FFA24D
:104920001375E503EFD09FA19C4833E5A90042052C
:104930004181C8A72181C8B75E34DEA49C48C8273E
:10494000DC37A2075D8DEFD05FA0098901C5DE24A9
:10495000FD17DEA4CE24C840EFE0FFF49C4883D9C5
:10496000C400C827DC37A2075D8DEFD01F9E0D89DC
:104970003335A000AA9923103A0183274408638D98
:1049800007329C48C827DC37A2075D8DEFD0FF9B1C
:10499000058963100532832A4408416B130B0BFC15
:1049A0000325090003570A002A9763800A0803A613
:1049B0000A014C325422A205D58D7422C206D58D2F
:1049C0007432E206CD8E83D5CA00B695B305B740E2
:1049D00063D90532158F635AE00483274408984B46
:1049E0005C335423A207D58F898FDEA49C48C82747
:1049F000DC37A2075D8DEFD05F95098901C5DE2404
:104A0000FD17DEA4CE24C840EFE0FFE99C4883D91F
:104A1000C400C827DC37A2075D8DEFD01F930D8936
:104A20003335A000AA9923103A012322540969A41E
:104A3000E391E7DC2285EF10F03465BB230C04041E
:104A40004DBB3450B386D7406342D01283466402D4
:104A500013F6460001CAED9A2303D4028356C40517
:104A6000231DD4048316C4040356E40442078D8630
:104A7000B2962318D404835664074183231AE406AC
:104A80003697231BE40618487CC823090404230C2A
:104A900004048D4763F1E7020357A4058356C40558
:104AA000835704046376D702BA97C207C18363743D
:104AB000F700231DF4048327040885E383270408F3
:104AC000230E040293B71700B307F0407EBC15B362
:104AD000B387F702B3C7E702C1BF984B48335C23E3
:104AE00022055D8D7C23C207C98F683362055D8D09
:104AF000EFD0DF8883270408AA8903DAC7009C4B1C
:104B0000C827DC37A2075D8DEFD03F849C400D891C
:104B10003335A0005295B389F9404E95E340A0FA91
:104B20008329040883A709002320F4088357440736
:104B300085C383A70901C827DC37A2075D8DEFD0A5
:104B4000DF80058911C583574407FD17231AF40632
:104B500003A54900EFE0BFDA835784073385A740F8
:104B6000231CA4064E85EFF0CFAAB1B7231A040682
:104B700049B1984B83A9040048335C2322055D8D1D
:104B80007C23C207C98F683362055D8DEFD00FFFAC
:104B90007C5CAA8AB389594103DAC7009C4BC827B9
:104BA000DC37A2075D8DEFD04FFA0D893335A000B9
:104BB0005295B389A940E3C109C49C403850998FEC
:104BC000E34CF0C28329C40783A709007CDC835728
:104BD000440785C383A70901C827DC37A2075D8D79
:104BE000EFD0AFF6058911C583574407FD17231A87
:104BF000F40603A54900EFE09FD08357840733856F
:104C0000A740231CA4064E85EFF0AFA0DDB63C44C0
:104C10009840998FE3D507BE8316C40403D741C7D4
:104C2000420693D536404182C205C181B307C740D1
:104C30008D8FC207C18313950701B697C207C1873D
:104C400041852316F40463570500198E2E9613151B
:104C5000060141858316E4048D872322040413D7BB
:104C600026403387E6402A9742074183BA972317A5
:104C7000E4042318F40461B69EA423950400998DDE
:104C80008440E1B63307E04093150701E9B6958FFC
:104C9000E3D007C083476402228593E727002303FC
:104CA000F402EF10003CEDB61C412322F408EFF0B3
:104CB0004F96032544086DF983560A005E34032796
:104CC00009002285958F369718D45EB4EFF02F8CAB
:104CD000DC409A2709C723A8F1C823A204009C48F6
:104CE000C827DC37A2075D8DEFD02FE6058919C5EF
:104CF000938741C998231367070298A3914A1D4BD4
:104D000039AA5C364826A2075D8DEFD00FE40589ED
:104D100035C59C48C827DC37A2075D8DEFD0EFE290
:104D2000098929ED9C4883C9D700C827A209B3E99E
:104D3000A9005A85EFD08FE09C48B3F9A900C82795
:104D4000DC37A2075D8DEFD04FE01375E5031365E7
:104D50001500EFD0AFDE33E5A9009C484205418144
:104D600013578500C8A7D8B783D9C400EFD0EFDDAB
:104D70000D893335A000AA9923103A0183A90A00AE
:104D80005685EFF00F89CE8A21B92320F9005C37D0
:104D9000482783DBC400A2075D8DEFD00FDB1C54D6
:104DA0000D893335A0005E953E959C4808D483DB81
:104DB000C400C827DC37A2075D8DEFD00FD95E3461
:104DC0000D893335A0005E953385A7404AB422850E
:104DD000EFE0FFFBCC409E2589CB938701C9884338
:104DE00035CDEFE09FB323A204009C48C827DC37F1
:104DF000A2075D8DEFD06FD5058901CD138741C91D
:104E00001C2393E707021CA31C4863945701232823
:104E100064019C4026852322F408EFE09FFF832451
:104E2000440899CC984854335C23A206DD8E7C2339
:104E3000C207DD8E7C33E207D58F1454E387D7F4A5
:104E40008347640213F7170001CFF99B93E727000C
:104E50002303F4022285EF10C02039A08CC361B770
:104E600093E717002303F4026FB0EEEB2285EF10F7
:104E700040188324440891E837250120130585BF95
:104E8000EFE0BFFD2322A408C5B70327090081492D
:104E90001308F7FF13051700904854325C22A2064E
:104EA000DD8E7C22C207DD8E7C32E207D58F639CCB
:104EB000E70237250120930785BFDA27DE24E3F5D3
:104EC000E7FA130585BFEFE05FF959DD638A090052
:104ED00023A0A900A685EFF0EFF779B7B6846DBFE0
:104EE0002322A408C5BF63900902B306F74063DE1E
:104EF000060837250120130585BFEFE01FF62DD5E5
:104F00002322A408C1BF83A8090183C5580083C612
:104F10004800A205D58D83C66800C206D58D83C61C
:104F20007800E206CD8EB306D84063C00606B3060D
:104F3000F540634CD00437250120130585BFEFE011
:104F4000DFF12A8415D103A709015C334C23A207A2
:104F5000DD8D7C23C207CD8F6C3303D7C900E205FA
:104F6000CD8F832509003E970D8F635BE0009D8DFB
:104F7000C20503A54900C1812396B900EFE0BF92A5
:104F800023A08900A6852285B9B79440A689B9F6E1
:104F9000B307F740E35AF0EC5C364826A2075D8D74
:104FA000EFD0AFBA0589E31105EC372501201305D1
:104FB00085BFEFE09FEA88C0E30805EA98485C33C4
:104FC0004C23A207DD8D7C23C207CD8F6C33DA24FE
:104FD000E205CD8F832509003E970D8FE356E0E86B
:104FE0009D8DC205C840C181CEA4EFE0DF8BADBD71
:104FF0002285EF1000008DBD3387D740634807003E
:105000005A348507958F998FE350F0E68347640201
:1050100035BDEFB24ED0938401CA03A904002A849F
:105020008347D9000345C900A2075D8DEFD0EFB1DA
:10503000318142054181954763FCA7029C4051099B
:10504000C827DC37A2075D8DEFD02FB0B72701202E
:1050500003A687B731816D150A0542059315060130
:105060004181C181814705488948114363E4A70014
:105070006FB0AECCB306F9009822630907016DDB6F
:10508000630A170198326DD7BA9711A08507C20736
:10509000C183E9BF9832E31D67FC13873700E359EA
:1050A000A7FCB822B4322207558F6363E60011E3F0
:1050B0002E871AA09107E1BFEFB2EEC24041AA8B42
:1050C0001C3008204111A2071389C1C85D8DAE892B
:1050D00023208900EFD06FA783270900198113755A
:1050E000C5032A9488239C3323A081CAA2075D8D1F
:1050F000EFD0AFA59355650093F5C503B305B04058
:105100005E85EFE08FDA11E503D78B00CD4763E8CA
:10511000E7005E85EFE04FE041016FB08EC0138B7A
:10512000C1C803250B00CE854105EFD04FED75F1C9
:1051300003270B00370500F01C3B002BA207C18F93
:10514000202B4204C18F203B62045D8CEFD00FA363
:10515000698C370500E0EFD06FA2E30CA4FA832539
:105160000B0003D78B009946138605015E85B105B8
:10517000EF10305D59FD938401CA9C40C827DC378D
:10518000A2075D8DEFD06F9C3181F155B305B5025B
:105190005E85C205C185EFE04FD125FD80401C3002
:1051A0000820A2075D8DEFD04F9A08A0218108B09A
:1051B00080403C302820A2075D8DEFD00F9928A0B9
:1051C000218128B0804048305C2022055D8D7C2004
:1051D000C207C98F683062055D8DEFD02F9A935753
:1051E00085005CB0935705017CA09357850148A0CA
:1051F0007CB0804023ACA1C8938A81C908341C24A8
:1052000022055D8D3C24C207C98F283462055D8D5F
:10521000EFD0CF96935785001CB4935705013CA45B
:105220009357850108A43CB4804023A2A1C81389E8
:1052300041C87C346824A2075D8DEFD00F919C405B
:1052400068A4218168B4C827DC37A2075D8DEFD040
:10525000CF8F1378F50F83D88B0093753800B33553
:10526000B000C69503A381C6C205944003260B0077
:105270009377F803C1812384F1C82392B1CA1A84B9
:105280000145938C81C8138C41CA01E403A501C870
:10529000E9A29C3203CE06005A30A207B3E7C70149
:1052A0006312F70EBC3203CE26005A2CA207B3E7D6
:1052B000C7016319F70C58365C2622075D8F7C26E0
:1052C000C2075D8F7C36E207D98F5840631CF70A0E
:1052D000183A1C2A22075D8F3C2AC2075D8F3C3A90
:1052E000E207D98F1840631FF70819C55C4423A44F
:1052F00081C65CC52326640003A74B00B72D01209F
:105300000326840893878DBF23A801C8238A01C878
:1053100023A007002396170198C723A2770194CBF7
:10532000138A41C9138D01C9938D8DBF09CE83277F
:1053300004098146A285638A072C084C8297E31AE8
:1053400005DC2324040883C70C0023AE81C813F7AF
:105350004700938BC1C9630D073018488947631A0A
:10536000F72A385083270900631FF72A83470A006A
:1053700093E787002300FA0083476402F99B230325
:10538000F40255A42285404409B798329C22220792
:105390005D8F5E316392E70C83C83600B822A208A5
:1053A000B3E8E8005A2D6319170B0343D60083486E
:1053B000C6002203336313018348E600C20833E3C7
:1053C00068008348F600E208B3E86800032345005C
:1053D0006314130903431601834806012203336350
:1053E000130183482601C20833E36800834836016D
:1053F000E208B3E8680003230500631F13059376F2
:105400004800E39806D0937628008DC603A80A00CA
:105410001455B306D84063C606028358C502B38646
:1054200016416340D0029306C600C295410603258B
:105430000900F1A8137818006305080083A741C785
:105440001CDDE38805CC8347650293E7270023032F
:10545000F502EF00104175B9484505F903A301C7EE
:105460003E8E1A8A63130A04DC36C826A2075D8DB5
:10547000EFC0BFED1189E31E05C8944003260B0061
:1054800003550C009C32B83283C8060003C82600BE
:1054900083A50A00A20722079306C600B3E71701F7
:1054A000336707014106AA9559B783280A00638E1E
:1054B0000800183A1C2A22075D8F3C2AC2075D8F1C
:1054C0003C3AE207D98F639EF812B832BC22220719
:1054D0005D8F8357CA016396E71201C98327CA000B
:1054E00023A841C75CC523266A00937708019DC3A2
:1054F0009C3283C8060003A80A0003250900A207FE
:105500009306C600B3E717014106C2950505EF00F3
:10551000D06B01B113782800E30D08BE03454A01A2
:10552000EFE01FF92A84E30605BE83270B0001473D
:105530009386070199CA943B982BA206D98EB82B63
:105540004207D98EB83B6207558F18C00357CA016E
:105550009386C7005AAC014799CAD437D827A20608
:10556000D98EF8274207D98EF8376207558F9440B5
:1055700058C0130504049C329822A207D98F03A7B0
:105580000A005EB08D471CC8930717001CD41CD8B6
:10559000FC36F0267D17A207D18F2312F406231EB6
:1055A000F40483278A0138D41CCCB727012083D781
:1055B00087B75EB47EB483270A021CD083578A0063
:1055C00093F797191EA483A781C623A481C65CC440
:1055D000EFF03FA40355040493054400EFF08F81DE
:1055E0002310A40485470147C94601468145228509
:1055F000952B11C581452285EFE0FFE019BE22857C
:1056000089BD5285032ACA00B1BD0145EFE0BFCC78
:105610003DB383A70A001854998F63C607005A3414
:10562000998FE355F0D483470A0013F7870063018D
:10563000073E9305F1002285EFB01F998547631659
:10564000F500184889476302F71C2285EFC04F8494
:105650008327C40981C7084CE9558297A285138521
:1056600081C6EFE0FFB4A2850945EFD0DFED71AA56
:10567000898B85C31C480547F917637CF70083476E
:105680006402228593E727002303F402EF00701DD4
:1056900059BF83A741C7A308040A130504041CDCEF
:1056A000EFF03F971C481D47F917E36EF7F63707F1
:1056B00002008A071307877ABA979C43828783C7B9
:1056C0000C004947C98B6392E70C83270408984B69
:1056D00048335C2322055D8D7C23C207C98F683364
:1056E00062055D8DEFC09FC9832709000505631E14
:1056F000F5088357640703A70A0094408507231B16
:10570000F4069307170068C81CD41CD8FC36F02692
:1057100003550404A207D18F7D172312F406914785
:1057200038D41CC893054400EFE0DFECA947B30769
:10573000F5020357A4052310A404231EF40485478F
:105740006315F70006054205418183578407231D31
:10575000A40403250408FD17231CF4061C41230997
:105760000404232204042320F40893B71700B3078A
:10577000F0407EBCEFE0EFE983274409E38107F0C6
:10578000084C0146A2858297DDBD83C70C00C18B02
:10579000E38B07E8944003550C0083A50A009C3274
:1057A000B83203260B0083C8060003C82600AA955A
:1057B00003250900A20722079306C600B3E71701D5
:1057C000336707014106EF005040B1BD83C70C00AD
:1057D00013F7070169C70325090078489307F5FF08
:1057E000998F63C607083C50B307F5406341F00842
:1057F00091471CC81C508DC7084C0146A285829752
:1058000005C185452285EFE01FC003A54D0023A0FB
:105810000B00E3030590EFD03FF023A20D00EDB89D
:1058200022858354A405EFE0DFEF8357440781C747
:10583000FD17231AF4060547835704046395E40013
:105840008607C207C183231DF40483470A0093F728
:105850000702E38A07DC83476402228593E7270077
:105860002303F402EF00E07F9D471CC86DBB94400A
:1058700003260B0003580C009C32B83203C3060009
:1058800083C8260083A50A00A20722079306C60044
:10589000B3E76700336717014106C2952DB7898BBF
:1058A000E38307D81C5403A70A00FD17E39DE7D63E
:1058B0002285EF00704585BB2285EFE09FE671B73A
:1058C0002285EFE01FE683470A0093F70702C1C372
:1058D00003C70C0083476402418B93E727002DC365
:1058E000345003270900639DE6042303F402228554
:1058F000EF0020772285EFE00FDB83A781C6631DD1
:10590000F4005C4423A4F1C6A9471CC803A701C83E
:1059100023A081C858C401BB23AEF1C6814689E7E4
:10592000E5D623AE01C6CDB7D0476318C40099C2EF
:1059300023AEF1C65844D8C7C1BF8546B287C5B7A4
:105940002303F4022285EF00C071A14739BF83C74A
:105950000C00C18BE38907CC385083270900E3147E
:10596000F7CC994719B72285EFE0BFDB83470A00E0
:1059700093F70702E38907CA83476402228593E706
:1059800027002303F402EF00C06D2285EFE0AFD1C2
:1059900083A781C6E307F4F623AEF1C68146C9D3D7
:1059A000D047E306C4F88546B287D5BF2285EFE02D
:1059B0005FD783C70C00C18BE38707C638508327A6
:1059C0000900E312F7C62285EFE0EFCD83A781C679
:1059D000E309F4F223AEF1C68146B9D3D047E30818
:1059E000C4F48546B287D5BF2285EFE09FD383C735
:1059F0000C00C18BE38907C2385083270900E314E8
:105A0000F7C283470A0093E707012300FA0021B990
:105A1000C18B89C72285EFB0BFC789B10356440740
:105A200019C68327C40881C7084CA285829703261C
:105A30000D000DC683C70C00A18B89C75C3693E7A8
:105A400017005CB6832704098146A28595CB084CD4
:105A5000829709C583270D002324F40883470A0091
:105A600093F7070289CB8327040981460146A28563
:105A700081CF084C8297228523A00B00DD2371B3D0
:105A80000145EFE05F85F1B70145EFE0DF84E5B761
:105A9000EFA27EA82A894A2D41112E8432C6EFC07A
:105AA000FF8908A0218108B003554902EFC01F8972
:105AB000324628A0218128B0935786000325890209
:105AC00050A05CB093570601618270B07CA0EFC01B
:105AD000BF889357850008A41CB44434935705012C
:105AE000618128B44824A2043CA4C98C41651305F3
:105AF00005FCEFC0BF84E98C4145EFC03F84458D74
:105B00004205418148A4218148B40355E902EFC010
:105B1000FF828357E90268A4218168B4231BF9023C
:105B20005C34482423090400A207A30904005D8D06
:105B3000EFC0BF8195671375F5035D8DEFC01F80C2
:105B40000357E9028327890248A4218148B4230826
:105B50000400A3080400BA972328F9022285410112
:105B60006FA0BE9DEFA23E9879712EC63ACA2A89CF
:105B7000B28A368BBE8D01EE93F73600B3E7FD0097
:105B8000595A91C38DC1528545616FA09E99835723
:105B9000650763FAC700834769027D5A93E707F8F0
:105BA0002303F902CDB793972D0013F72D00918BA6
:105BB000B14611E38146B6973EC283270907372DC8
:105BC000012013074DB73EC41C475843835489072F
:105BD0008A07B3D7E702130D4DB7E3FEF4FA416726
:105BE0009306C7FFE3E996FA92473082130707FC52
:105BF000898393F7F70F950732C85246B207C20759
:105C00003AD2B24C13170B01C183058A41833ECCB3
:105C1000D68B8149814732CE36D03AD4035A090413
:105C20001247330AEA4063D34B015E8A11453ED6E0
:105C3000131C0A01EFD03F8F135C0C012A8463060A
:105C40000518232005002322050063840914B25798
:105C500088C3F24763810714C24701460145B30573
:105C6000FC00C205C181EFD01FB048C0630F05140E
:105C7000EFD0FFC8B247AA94C204C18081CF5C4074
:105C8000E685C843C167FD173376FA0092473E9513
:105C9000EF3010025C40DC431CC483278D000327D7
:105CA0004D008A07B3D7E70263E19712825763EE8C
:105CB0009710484023168401D145EFD01F9F6316EB
:105CC00005105C400355C901B38B8B41DC43C20B0B
:105CD00093DB0B011CC83ED6EFC04FE6B25788A33A
:105CE000218188B31C48035549023ED6EFC00FE519
:105CF000B257A8A32181A8B31C4822453ED6EFC0C5
:105D0000AFE5B25713578500D8B313570501F8A371
:105D10001848C8A36181E8B35C3748272309070006
:105D2000A207C98F1255A30907003ED6EFC00FE1A5
:105D3000B257E98F22553ED6EFC04FE0B2575D8D86
:105D400042051C48418113578500D8B7C8A72307CF
:105D5000B401EFC08FDF1C481375F5033ED6E24750
:105D60005D8DEFC0AFDDB257C8A72181C8B7C1674D
:105D7000FD17337AFA00A247D29CD2973EC4A2877D
:105D8000E39E0BE8032AC90763190A06232E390785
:105D900051A2AA897DBDC24501460145EFD0BF9CF5
:105DA00048C005C5EFD0BFB5AA94C204C180E38640
:105DB0000BEEE28505460D45EFD0FF9AAA854840D7
:105DC00095E1EFD07F9523220400834769027D5A35
:105DD00093E707F82303F902E38709DA4E85EFE03A
:105DE000EF8555B323A295018504C20423249401B1
:105DF000C180EFD09FB255B53E8A83270A00EDFFE0
:105E000083270A01835BCA00C827DC37A2075D8DA0
:105E1000EFC0AFD30D893335A0005E95630505183B
:105E200083270A01C827DC37A2075D8DEFC0EFD1B9
:105E30000D89631A051693773B0081C78547631464
:105E4000FB1603D7C9008357CA00BA970357090442
:105E5000634BF7140347EA0083C7E9006315F7149F
:105E600003270A0148335C2322055D8D7C23C2078A
:105E7000C98F683362055D8DEFC04FD003A709015C
:105E8000835BCA005C23AA9B483322055D8D7C237B
:105E9000C207C98F683362055D8DEFC02FCE639452
:105EA000AB10C247B15503A549009D8DC205C18500
:105EB000EFD0AFFFE31B05F003A549003E2599EBAA
:105EC0001C41FD14C20423A2F90023200500C18057
:105ED000EFD09F8493771B00CDC783270A0183CB24
:105EE000D700C827A20BB3EBAB000545EFC00FC529
:105EF00083270A0133E5AB0042054181C8A7218110
:105F0000C8B763958900035CCA005284CE851145E9
:105F1000EFD06FE393773B0089C7850AC20A93DA13
:105F20000A01137B1B0063080B008347690293E798
:105F300007022303F90283270907231C9906014A54
:105F4000D6972328F90683576907B38A5741231B3D
:105F50005907E30A0CC21C48E38707C25247098B62
:105F6000E31307C2C437C827A204C98C2145EFC078
:105F7000EFBC1C48458D42054181C8A72181C8B7A7
:105F800019B183A5490003254A00EFD01F9903D713
:105F9000C9008357CA00BA972316FA0083A70900DD
:105FA0002320FA00B9BF23203A01ADB7EFA2AED645
:105FB000AE868147054701468145EFF0BFBA6FA025
:105FC000CED7AA8708491D476308E5001308E5FFF7
:105FD00009476155636E0701014519CAEFA2AED3A7
:105FE00036873E8581468147EFF0DFB76FA0EED45C
:105FF0008280EFA2AED02A840146D1450545EFD07C
:106000008FF631CD83476402AA842850F19B230385
:10601000F402EFC06FB4CC402A862285EFF05FA770
:106020009A2413094400AA8999464A86A28526859E
:10603000EF0030712388A9002181A388A9003824AA
:10604000343499474A86A2852685EFC0EFF7268526
:10605000EFD08FEC0145A30304026FA06ECD7955FC
:10606000EDBF83A7C1C96380A736EFA2CEC7835710
:106070004506035AA50563F347013E8A8347650237
:10608000420A2A84898B135A0A01645D95CB91E4F4
:106090002285EFF01FF66FA0CEC8984848335C23E6
:1060A00022055D8D7C23C207C98F683362055D8D33
:1060B000EFC0CFACDE247848998F3E95E36AAAFC06
:1060C0008329040863960908B72A0120894B938A1B
:1060D0004AB7370C0402130B4400FD5CADC098486E
:1060E00048335C2322055D8D7C23C207C98F68334A
:1060F00062055D8DEFC08FA8DE247848998F3E95AC
:10610000637CAA048347040B9DEB984848335C23C7
:1061100022055D8D7C23C207C98F683362055D8DC2
:10612000EFC0CFA5DE247848998F3E95835744066B
:1061300063F7A70085472326040A2308F40A834748
:106140006402014593F7F7072303F402A9B7BE8958
:1061500083A70900EDFF8DBF8327040895C38347FC
:10616000640213F7470409EF785C01CB144389EA12
:1061700056270357040463F5E60093F7070AD9D3BB
:106180009C407CDC1C48638977039C4803C9D7008A
:10619000C82722093369A9004145EFC02F9A9C48BE
:1061A0003365A90042054181C8A72181C8B783474B
:1061B0006402F19B2303F402085403A90401EFC015
:1061C000AF99935785002304A900A304F9009357BE
:1061D00005016181A305A9006A342305F90003A91B
:1061E0000401EFC0AF957A341C542307A900218124
:1061F000A307A900BA977AB81CD8FC24858B99CB41
:1062000003A54A0003A904013365AC00EFC0CF9495
:10621000232AA9001C4099E75A85EFC0EF9659C57B
:106220005C411CC08317E40363949701231F04029D
:106230007C4095E383A741C798487CC048335C23E2
:1062400022055D8D7C23C207C98F683362055D8D91
:10625000EFC0CF9228C4C84003A904019946584111
:10626000232225015A863307E940931707013A256F
:10627000C183A2851D8F3AA51A251D8F4207418330
:106280001AA523080900A3080900EF00904B230872
:10629000A9002181A308A90038243434C8409947B3
:1062A0005A86A285EFC04FD2A30304029848483310
:1062B0005C2322055D8D7C23C207C98F683362058C
:1062C0005D8DEFC0AF8B9C482A8983DDC400C82751
:1062D000DC37A2075D8DEFC04F870D893335A000F5
:1062E0003C506E954A95898F63D3070028D09C480F
:1062F00003D9C400C827DC37A2075D8DEFC0EF8447
:106300000D893335A0004A955DC98327040823A071
:10631000040089E723209408A68999A8984848335F
:106320005C2322055D8D7C23C207C98F683362051B
:106330005D8DEFC0AF8403A709012A8948335C2330
:1063400022055D8D7C23C207C98F683362055D8D90
:10635000EFC0CF823305A940635005061309040836
:106360008327090081EB832709009CC02320990023
:10637000645CADB3984B48335C2322055D8D7C2370
:10638000C207C98F683362055D8DEFB03FFF984843
:10639000AA8D48335C2322055D8D7C23C207C98FFB
:1063A000683362055D8DEFB07FFD3385AD40E35C02
:1063B00005FA032909006DB723A09900B1BF26850E
:1063C000EFD03FA575B701458280EFA22E93411112
:1063D000AA8AAE84B289D14501460545368A3AC6B5
:1063E0003E8BEFD04FB86303050E324740412A89F8
:1063F0003A85EFB0BFF408A0218108B05A85EFB00C
:10640000FFF328A0218128B05685EFB0FFF4935701
:10641000850048A05CB09357050161817CA068B0FD
:106420002685EFB07FF39357850008A41CB444344D
:1064300093570501618128B44824A2043CA4C98C67
:106440004165130505FCEFB07FEFE98C5145EFB0D6
:10645000FFEE458D42054181B727012048A42181E7
:1064600048B403D587B7EFB07FED68A45C342181D1
:1064700068B44824A207230904005D8DA309040021
:10648000EFB0BFEC95671375F5035D8DEFB01FEBB3
:106490000357890048A4218148B499465286CE8585
:1064A00023080400A30804004A85EF00902908A8E7
:1064B000218108B899470147930600085286CE8586
:1064C0004A85EFC06FB04A85EFD00FA541016FA09C
:1064D0002E868327050885CBEFA2EE833E871443E3
:1064E0008DE2745D14C37CDD8347250523200508F8
:1064F0002322050485072309F504EFF09FB66FA05A
:10650000CE833687E9BF8280EF925EFF8324050841
:1065100095C49C402A841309C5072320F5088327C6
:10652000090099EF832709009CC023209900834725
:1065300024052322040485072309F4046F905EFFD9
:10654000984B48335C2322055D8D7C23C207C98F9D
:10655000683362055D8DEFB07FE29848AA894833C1
:106560005C2322055D8D7C23C207C98F68336205D9
:106570005D8DEFB0BFE03385A940E35505FA0329EF
:10658000090071BF83270508B1CFEF92DEF883477A
:1065900065022A84918BA9E7EFF01FF78356A405C3
:1065A0008357440613D7160063F4D70013D7170098
:1065B00083570404231EE404939617006354D70002
:1065C000231ED4040D47B387E7020357C405BA97C7
:1065D000231DF4048347640293E747002303F40276
:1065E0006F90BEF58280EF927EF1AA840146D1457C
:1065F0000545EFD04F9729C52A84A8501389440038
:106600007D15EFB07FD54C402A862685EFF04FC828
:106610001A24AA8999464A86A6852285EF00701217
:106620002388A9002181A388A900B4349947014790
:106630004A86A6852285EFC02F992285EFD0CF8D7F
:106640006F901EEFEF929EEB0324050819E0605D4A
:106650005DC41C48AA84C827DC37A2075D8DEFB053
:10666000DFCE058959CD5E24C9EF054AD1450146E3
:106670000545EFD04F8F2A8959C118484C412685CE
:1066800050335C2322065D8E7C23C207D18F70338A
:1066900062065D8EEFF0CFBFAA8963070A06403518
:1066A0005C2541652204130505FC5D8CEFB01FC914
:1066B000698C4545EFB09FC8498C93170401C1838D
:1066C0002386F900A183A386F90003578900138468
:1066D000440099462286A6854A85EF0090062388C5
:1066E000A9002181A388A900B434994701472286D3
:1066F000A6854A85EFC04F8D4A85EFD0EF816F9018
:106700003EE3014AD545A5B718448327490003074E
:106710000700D8AB5DBFEF921EDD404106252A89F8
:106720001C3008204111A2075D8D2E8AEFB0FFC1F9
:1067300021813D8909050A0563C2A4021C30082095
:10674000A2075D8DEFB07FC09355650093F5C5033B
:10675000B305B0404A85EFC05FF519C54A85EFC063
:10676000BFFB41016F90FEDB832A4900130C04013B
:10677000D2856285EFC0AF8883C71A002A8B03C514
:106780000A00A2075D8DEFB05FBC83C73A00AA8BF9
:1067900003C52A00A2075D8DEFB03FBB93074004FD
:1067A000AA86631DF506930730046399FB128327BD
:1067B0000A0263850712C44363820412D44089CE5F
:1067C00058345C2422075D8F7C24C2075D8F7C34A3
:1067D000E207D98F6394F61083C77A0003C76A0073
:1067E000A207D98F99CB03578900C54662869305C6
:1067F000C4004A85EF00E07435F1E1554A85EFC0E9
:10680000DFEA29FD638C040E9C4CA9DBC84C5E8733
:106810009306C4004A86A6858297A1B783A481CA3D
:10682000014D814D938C81CA1306C07689E46307BC
:106830000D0AEA8455B7BE28639CD70898406315B3
:106840000B0439E363160D009C28918B91E3268D90
:10685000DE2863927709CC4089CD58345C24220726
:106860005D8F7C24C2075D8F7C34E207D98F6394EF
:10687000F506E3830DF6DC4423A6FD0083A70C0098
:1068800023A09C00DCC489BF1C3883490401A207F3
:10689000B3E7370183492401C209B3E7F90083490B
:1068A0003401E209B3E9F900E38EE9F8370500F0B5
:1068B00036C6EFB0BFACB3F9A900370500E0EFB0C2
:1068C000FFABB2461306C076E38EA9F6E31C0BF6C7
:1068D000A68DC444A1BFE39DC6FEFDBD18381C288B
:1068E00022075D8F3C28C2075D8F3C38E207D98FB5
:1068F00003274A00E314F7E68144F9BDE3100BE6F1
:106900001C380428370500F0A207C58F2428C204CC
:10691000C58F2438E204DD8CEFB05FA6E98C370523
:1069200000E0EFB0BFA5E38BA4E21C300820A20773
:106930005D8DEFB09FA193558500BD8989058A05BE
:106940004A85EFC09FD68D454A85892B01BD83A816
:1069500081CAAA860143C687138881CA9DE799C95F
:1069600098319C2122075D8FBC21C2075D8FBC310D
:10697000E207D98F9CC225C6B2AA0145631603005F
:1069800023A616012320D8008280638BD702BA2B5E
:106990006316C70203AE070063140E0055558280CC
:1069A000F5DD883198212205598DB8214207598D8E
:1069B000B8316207498F7DD3E302EEFEDC4779BF31
:1069C0000543EDBFAE2B639AC50005064206418222
:1069D000C687DDD3E318E6FED1B7DC47DDBF21670C
:1069E000C68705667D17F5B7EF925EB13E292A8905
:1069F000AE89B28A368B3A8AADC7A1454E85EFC0C3
:106A0000DFCACE8401CD0146A1450545EFC0BFD503
:106A1000AA847D5429CDCE85EFC0FFF1035529010D
:106A2000C040EFB0BF9108A0218108B05A85EFB0F7
:106A3000FF908327090028A0218128B023030400A8
:106A4000A3030400130B4A0095C703274A004A8B8F
:106A50006382E7025D54638C34012685EFC0DFCB8F
:106A600039A00146AA85EFF09FEE2A8459D52285E8
:106A70006F901EAC8A24EFB07F8C48A0218148B073
:106A800083470901858B99EB9A24C5465686DA859A
:106A9000268545290DC168A0218168B00347A9005A
:106AA0008346B9005288C5475686DA852685EFB0F9
:106AB0001FBC2A844DB7FD577CA07CB0C5B7EF92B0
:106AC0009EA541112A8432852EC636C432C2EFB04B
:106AD000BF8B19C9A2461246B2452A872285EFF01C
:106AE000BFF041016F907EA57155E5BFEF92BEA248
:106AF000562913064500EFF09FFC6F901EA4EF92FD
:106B00009EA13E292A84AE843289B1CB814799C89F
:106B100098309C2022075D8FBC20C2075D8FBC305F
:106B2000E207D98F18285CC0231A24011367470095
:106B300018A8184005EF85CF13054400EFB0DF8497
:106B4000AA87715595C3DC431CC083A681CA93876D
:106B500081CA368705E354C480C3014531A001468C
:106B6000AA85EFF0DFDE5DD16F903E9DF9FF232017
:106B70000400E1BFE30387FE5847E9BF0CCD50CDC9
:106B80008280EF925E99138781CA1C43AA85639025
:106B9000A7025C451CC30545EFC0FF9A6F90FE99A4
:106BA000D84709C76314B700D845D8C7DC47EDFB01
:106BB000DDB7EF925E960545EFC0FF962A8409C9BE
:106BC000130600028145EF901E98930700F83CB42D
:106BD00022856F909E96EF927E922A842E8AB289A9
:106BE0009305400201460545EFC0FFB731CD0329AB
:106BF00004004041AA847146CA8523004401A300D1
:106C0000340123020400A302040023030400A303AD
:106C1000040013058400EF20B009AE242301040012
:106C2000A301040022851D2128A0218128B08547C9
:106C30000147930600081306C90081452685EFB079
:106C4000BFB82685EFC05FAD6F909E8EEF923E8AF3
:106C50004041AA8441111C300820AE89A2075D8DF5
:106C6000EFB0AFEE135965001379C903B30A2041A1
:106C7000C20A93DA0A41D6852685EFC01FA339E1FF
:106C80009E248D4663F0F604DC4098236312D704FB
:106C9000982793868700883F3D8B0A0736972C23D9
:106CA00003483700982F22059433598DB82F903B15
:106CB000A2054207498FA83FB3E505016205598D3A
:106CC000EFA01FD12685EFC03FA541016F90BE8583
:106CD000A147E319F7FE1C38034A0401370500F009
:106CE000A207B3E74701034A2401014B420AB367F5
:106CF000FA00034A3401620A336AFA00EFB00FE87F
:106D00002A8C370500E0EFB06FE7AA8BCE8513051C
:106D10000401EFB0DFAE19E533758A013305754123
:106D2000333BA000EFA0FFC951DDE30D0BF89A241F
:106D30009D47E3F9E7F82685252649F5420993059D
:106D40002002268513590941EFC03F9663040512BE
:106D5000CA852685EFC07F9535F58E240146094505
:106D6000EFC07FA02A8A39DDA685EFC01FBE39F9A2
:106D7000D685528503244A00EFC03F9321F526852E
:106D8000EFC09F99D28458345C24143822075D8F59
:106D90007C24A20603AA4400C2075D8F7C343D65B3
:106DA0001305F57FE207D98F18281CA8D98E38283B
:106DB0004207D98E38386207558F9356870058A4FA
:106DC00054B493560701618378B413D7870018B879
:106DD00013D70701E18374A438A83CB8834A3A006A
:106DE00083472A0023000A00A20AB3EAFA00EFB0A0
:106DF000EFD463E9AA08056513050580EFB00FD449
:106E000083473A0003472A00A207D98F85073E959A
:106E1000420541812301AA002181A301AA001C345B
:106E20000824A2075D8DEFB04FD2A1671375F50F4F
:106E30005D8DEFB0AFD008A4218108B4D145230502
:106E40000400A30504002285112428A4218128B46C
:106E5000CA852685EFC07F85E31605E64E888547FF
:106E600001479306000801469305C4002685EFB04C
:106E70001F8089BD9305E0FD2685EFC01F83E304D5
:106E800005F089B5056513050580EFB02FCB834765
:106E90003A0003472A00A207D98F95BFEF92AEE7C9
:106EA00013F6F50F11058D45EFF0FFD26F90EEE868
:106EB000EF926EE613F6F50F1105AD45EFF0BFD179
:106EC0006F90AEE7EF922EE53308B5004208AA8630
:106ED0000147135808018548B307D840C207C1834A
:106EE00063E4F80493D71500939617003695F95686
:106EF000B387D702BE95C205C18181C51C21A207F7
:106F00003E9741659306F5FF93570701758F3385CB
:106F1000E700C177E98F99C3758D05054205418169
:106F2000EFB0CFC16F906EE19C3290228906A2072C
:106F3000D18F13968700A183D18FC207C1833E975B
:106F400061BFEF92CEDAB727012083A787B8BA8452
:106F50004111139757006349070E416B2A89AE8A86
:106F6000328A814901447D1B854B631E0908638B6E
:106F700009004167931784007D172180F98F1374EE
:106F8000F40F5D8C03C51A0083C70A0003470A008B
:106F900022055D8D83C72A0003463A004169C20776
:106FA0005D8D83C73A0062067D19E207C98F0345EC
:106FB0001A002205498F03452A004205598D498E42
:106FC00033752601418233F7270132953A95C18303
:106FD0003E952A943685EFB06FB62A942685EFB099
:106FE000EFB5229513540501337525012A941355E5
:106FF00004013374240122951345F5FF42054181B4
:1070000041016F904ED28355A9000325490036C631
:10701000EFF05FEB2A9493570401337464013E94BC
:107020008357A900B246858B89CF931784002180AE
:10703000B3893B41B3F767011374F40F93F9F90F68
:107040005D8C0329090015B701455DBFEF92AECCF9
:10705000EFF05FE71345F5FF420541816F90EECDFC
:10706000EF92CEC9C169AA8401490144FD19054ABC
:1070700095E0630B09004167931784007D17218019
:10708000F98F1374F40F5D8C1345F4FF42054181B1
:107090006F900ECAAE24C840EFF0DFE22A949357F7
:1070A0000401337434013E94BE24858B89CF931739
:1070B0008400218033092A41B3F737011374F40F98
:1070C0001379F90F5D8C844065B7B687B2882A833F
:1070D0002E88639D061463F9C50A4167636EE61A3C
:1070E000B70700016363F63493568601E1471797AB
:1070F00000001307A775369703470700BA971307D1
:1071000000021D8F19CB3398E500B357F500B31873
:10711000E60033E807013313E50013D608013355C1
:10712000C80293960801C182935703013377C802BE
:10713000B385A60242073368F700637AB800469821
:107140009307F5FF636418016367B8303E85330821
:10715000B8403357C8024203135303013378C802BF
:10716000B386E602420833686800637BD80046981D
:107170009307F7FF6365180179176363D8003E87AB
:107180004205598D8145828001E60547B358C70203
:10719000416763EAE80EB707000163ECF82893D66D
:1071A0008801E147179700001307476A369783461F
:1071B0000700BE9693070002958FE5EB939E0801AA
:1071C0003387154113DF080193DE0E018545935780
:1071D00003013355E7033377E703B306D5034207CB
:1071E000D98F63FAD700C6971307F5FF63E4170139
:1071F00063E6D7263A85958F33D7E70342031353C7
:107200000301B3F7E703B30ED703C207B3E7670081
:1072100063FBD701C6979306F7FF63E5170179175C
:1072200063E3D70136874205598D828063E2D50436
:10723000C16763E2F604B707000163E4F61E13D7E3
:10724000860161489797000093874760BA9703C704
:107250000700130E00024297330EEE40631A0E0C25
:1072600063EDB61C3335C50013451500814582809A
:107270008145014582809307F00F63F3D71C13D734
:1072800086002148C1B71307F00FC686E37C17F1CB
:1072900093D68800A14739B71307F00FB286E37879
:1072A000C7E493568600A14799B5B398F80033D642
:1072B000D50013DF0801335EE6033397F500B356BC
:1072C000D500558F939E080193DE0E013313F50010
:1072D00093550701B376E603B387CE03C206CD8E7E
:1072E00063FBF600C6961306FEFF63E4161763F20F
:1072F000F616791EC6969D8E33D6E60393170701C0
:10730000C183B3F6E6033385CE02139706015D8F82
:10731000637BA70046979307F6FF636817136376AE
:10732000A7127916469793150E01098FD18D45B591
:10733000B357E600B396C601DD8E33D3E50013DF05
:107340000601B357E303939E060193DE0E013398C3
:10735000C5013357E5003368070193580801331618
:10736000C6013373E303B385FE024203B36813011E
:1073700063FBB800B6981387F7FF63EAD80C63F88D
:10738000B80CF917B698B388B84033D7E803420869
:1073900013580801B3F8E8033383EE02C208B3E5DB
:1073A000080163FB6500B6951308F7FF63EDD50888
:1073B00063FB65087917B695C207416FD98F13072C
:1073C000FFFFB3F6E70093D80701718F4182B38EB8
:1073D000E602B3856540B386C60213D80E01338733
:1073E000E802BA96C2963386C80263F3E6007A963C
:1073F00093D80601469663E2C5026385C5003E85C3
:107400008145828041677D17F98EC206B3FEEE008A
:107410003315C501F696E374D5FE1385F7FF814554
:10742000828013D70601414831BD93560601C147FA
:107430007DB993D60801C147B5B381450545828022
:107440003687014801B5428785BF3E86E9BDBA87C8
:107450001DBF328E4DB579154698D5B97915C697A9
:1074600059BB3708100001117D183377B80026CAC0
:107470003378D80093D4450113D34601131E370047
:107480004EC61357D5010E089357D60193F4F47FD7
:107490001373F37F06CE22CC4AC893D9F50193DE4D
:1074A000F6013367C701131F350033E80701931F47
:1074B0003600338E64406380D9196356C013630469
:1074C000031CB70680009307F07F3368D800638FF2
:1074D000F4369307800363C0C735FD4763CDC747C4
:1074E000130500023305C541B3D7CF01B316A80079
:1074F0003399AF00DD8E33392001B357C80133E92A
:1075000026011D8F33092F41B3372F013306F74072
:107510009317860063D40724370780007D173374E0
:10752000E600630C042C2285EF105068130785FFDA
:1075300093070002998FB357F9003316E400D18FF7
:107540003319E9006341972A330597401306150064
:107550007D47634DC73813070002118FB356C9002A
:107560003319E9003397E700558F33392001336928
:10757000270133D6C70081449377790081CF1377F1
:10758000F90091476308F7001307490033392701D1
:107590004A963A899317860063D6071C1385140010
:1075A0009307F07FCE856304F520B70780FFFD17B2
:1075B000F18F9398D70113593900A607B3E8280132
:1075C000B1831375F57F9396C7005205F24062446C
:1075D000B182FE05C98ECD8ED2444249B24946855C
:1075E000B68505618280631E0E0A1383140013732F
:1075F000E37F63170322B367E701B368F801639D74
:10760000041A63870740638608443309FF41B307C0
:10761000074133362F013386C7409317860063D660
:10762000074C3389EF41B307E84033B62F01338667
:10763000C740F68991B76350C00F6300030CB706CB
:1076400080009307F07F3368D800638AF43A930789
:10765000800363CBC713FD4763DFC73513090EFEF5
:1076600093070002B3562801630AFE0013090004C1
:107670003309C94133192801B3EF2F013339F00120
:107680003369D90031A2B367F801638A071C9307F5
:10769000FEFF638C07389306F07F6309DE1A3E8E87
:1076A0000DBDB305934063910422B367E70163877F
:1076B00007329387F5FF638107449306F07F638C5D
:1076C000D520BE859307800363CCB72AFD4763CFDF
:1076D000B73C930700028D8F3319F700B356BF00F4
:1076E000B317FF003369D900B337F0003357B70041
:1076F0003369F9003308E84041ACB367F8016380AF
:1077000007349307FEFF638A07209306F07F630820
:10771000DE2E3E8E2DBF631E0E149386140093F74B
:10772000E67F63910734B367E7016395042C6380B8
:10773000073EB367F801638E07303309FF01B307D3
:107740000701333FE9013386E7019317860063D7CA
:107750000700B70780FFFD177D8E8544937779007A
:10776000E39F07E09317D60193583900B3E8F80078
:10777000935736001307F07F638DE404B207B1839B
:1077800013F5F47FCE8581B53369F80133392001D3
:107790007A99B337E9013386E70093178600E3DF70
:1077A00007FA85049307F07F6396F418CE851305D6
:1077B000F07F8147814801BDC1EB6384083A93168D
:1077C00036009317D8018D82B3E8D700F689935716
:1077D0003800B3E7F800F9DB81451305F07FB70700
:1077E00008008148CDB3370680FF7D167D8E9377E4
:1077F0007900998CE39507D8B5B74A85EF10103B0F
:1078000013078501FD47E3D5E7D2130685FFB317BC
:10781000C900014905BB3369F80133392001DDB1E5
:107820003309FF413306074133342F0133048640C7
:107830009317840063CD0724B3688900E39308CECF
:107840008147814981441DBFE39808F80E059317CD
:10785000D7010D81B3E8A700935737009DBF0E05F0
:107860009317D7010D81B3E8A700F284935737002F
:1078700011B73305934063820412B7068000930763
:10788000F07F558F630DF32E9307800363CBA72002
:10789000FD4763C3A72A93070002898F3319F700B6
:1078A000B356AF00B317FF003369D900B337F00008
:1078B0003357A7003369F9003A987E99B337F90135
:1078C000338607019A84D1BDB70680009307F07F05
:1078D000558FE319F3DE931736008D839318D80183
:1078E000B3E81701F68993573800E5B5130715FE7D
:1078F0009306000233D7E700630AD600930600041C
:107900003386C6403396C7003369C9003339200136
:107910003369E9000146814491B53309FF01B3079A
:1079200007013336E9013E96931786008544E3D775
:1079300007E28944B70780FFFD17F18F135719003D
:1079400013791900336927019398F70133E9280166
:1079500013D6170015B113090EFE93070002B35694
:107960002801630AFE00130900043309C9413319D1
:107970002801B3EF2F013339F0013369D90059B62B
:107980003369E7013339200133892F41B3B72F0120
:107990003306F8409A84F689A5BEB367E70163828F
:1079A00007189307F5FF6384071C9306F07F6304B1
:1079B000D5123E85D1BD93070002B387C741B316E8
:1079C000F8003399FF0033D6CF01D18E333920012F
:1079D000B357C80133E926013E975DBB93173600C4
:1079E0008D839318D801B3E81701AE8493573800FC
:1079F000F68949B3EDC33369F801E31F09DC0E05CD
:107A00009317D7010D81B368F50093573700D1B3B1
:107A10006381080E931636009317D8018D82B3E860
:107A2000D700F6899357380091BB3309FF41B3075C
:107A30000741333F2F013386E7418544D1BC0E0512
:107A40009317D7010D81B368F500F284935737007F
:107A500015B30E059317D7010D81B3E8A70093570F
:107A6000370029BB9307F07FE382F6D43309FF0187
:107A70003336E901B3070701B2979398F701135919
:107A8000190033E9280113D61700B684C1B9338928
:107A9000EF413307E84033B62F013304C740F6897E
:107AA00049B43369E7013339200101BD938705FEED
:107AB00093060002B357F700638AD50093060004CB
:107AC000B385B6403317B700336FEF003339E001A9
:107AD0003369F90055BD931736008D839318D8018B
:107AE000B3E8170193573800EDB1B368C900E397C5
:107AF00008C68147814959B13389EF41B307E8404E
:107B000033B62F013386C740F689854411B49316E6
:107B100036009317D8018D82B3E8D7009357380009
:107B2000B1B9931636009317D8018D82B3E8D70008
:107B3000AA84935738003DB9930705FE93060002C7
:107B4000B357F700630AD500930600043385A640B7
:107B50003317A700336FEF003339E0013369F900C1
:107B6000A9BB81451305F07FB7070800A9BC3309FD
:107B7000FF01B30707013336F9013E9675B393163B
:107B800036009317D8018D82B3E8D7009357380099
:107B900089B1397193D7450122DC4AD856D22A8956
:107BA0001394C50006DE26DA4ED652D45AD05ECEE5
:107BB00013F5F77F318093DAF501630B0510930716
:107BC000F07F630BF514135AD9010E0433648A0055
:107BD000370A8000336A4401131B3900930415C02F
:107BE0000144814B13D846011399C6001378F87FDE
:107BF000B2881359C90093D9F601630E0808930798
:107C0000F07F6300F8041357D6010E09336927018A
:107C1000130818C0B70780003367F90093183600BF
:107C2000B38404418145BD4733C83A0163E4871AF0
:107C300097970000938787B90A043E9410403E96B8
:107C400002863367C900938414806312071013649B
:107C5000240081488945C1BF1306F07F8147014751
:107C6000B207F25062545206B1837E08D18FB3E757
:107C70000701D2544259B259225A925A025BF24B2E
:107C80003A85BE852161828001481306F07FB707DF
:107C900008000147F1B73367C9004DC763080930D1
:107CA0004A8532C4EF1080702246130755FFF5470E
:107CB000930685FF998F3319D900B357F60033E740
:107CC0002701B318D60026959304353F8145A1BFFF
:107CD000336A240163030A0636C632C46306042AE3
:107CE0002285EF10A06C2246B246AA84130755FFE6
:107CF000754A138B84FF330AEA4033146401335A04
:107D00004901336A8A00331B69011305D0C0B304EB
:107D100095400144814BF9B5336A240163180A0088
:107D20002144014B9304F07F894B6DBD228A4A8B1D
:107D300031449304F07F8D4B75B51144014B814460
:107D4000854B4DB51364140081488545E9BD136426
:107D500034004A878D45C1BD630A052E8547898F4A
:107D60009306800363DDF632014681470147CDBDAE
:107D7000CE868947638DF53A8D47E387F5F08547D1
:107D80003688E383F5FE1385F43FE357A0FC93F7B1
:107D900078006396072893D638009317770063D846
:107DA0000700B70700FFFD177D8F13850440930779
:107DB000E07FE3C3A7EA1316D70193179700B183B7
:107DC0003367D6001376F57F61BDD6865287DA8891
:107DD000DE8545B763614723630DEA20DA86FD142B
:107DE0005284014B9317870013D388013363F30048
:107DF000935E0301B357D403131F0301135F0F01F5
:107E000093D50601139E88003374D4033307FF0211
:107E10004204C18D63FBE5009A951386F7FF63EE7C
:107E2000652663FCE526F9179A95998D33D7D50316
:107E3000C206C182B3F5D5033306EF02C205D58D64
:107E400063FBC5009A959306F7FF63E6652463F428
:107E5000C52479179A95C20741645D8F9307F4FF93
:107E60003375F70093580701935F0E01B377FE0057
:107E7000B302F502B386C540B383F80293D502017D
:107E80003386AF021E962E963385F8036373760011
:107E90002295C168FD1893550601337616014206F6
:107EA000B3F81201AA95469663E6B6126382B6123B
:107EB0003306CB408D8E333BCB00338B664113852D
:107EC000F43F630C6317B358DB0393550601337B10
:107ED000DB03B3061F03420B33EB6501637BDB005F
:107EE0001A9B9385F8FF636D6B20637BDB20F91889
:107EF0001A9B330BDB40B356DB0342064182337BD4
:107F0000DB03330FDF02420B33666601637BE6015E
:107F10001A969385F6FF6367661E6375E61FF9166A
:107F20001A96C208B3E8D8009395080193D20801C5
:107F3000C181B38EF5023306E641B385BF0293D605
:107F40000E01B387F202BE95AE96B38F5F0263F463
:107F5000F600C167BE9FC165FD1593D70601ED8E82
:107F6000C206B3FEBE00BE9FF696637FF6091A9660
:107F70009387F8FF6369661A6368F619630FF61B47
:107F8000BE8893E8180011B54A85EF102042130708
:107F90005501F145930405022246B246E3DAE5D4E1
:107FA000130485FF331A8900014B85B3328532C42F
:107FB000EF10C03F13075501F146AA87224613056B
:107FC0000502E3D6E6CEE1173317F6008148E5B99E
:107FD000E370CBEE729B3335CB011A95AA9613054D
:107FE000F7FF6378D30263E6B6106382D5102A8761
:107FF000C1B5E3651BDF93551B009316FA011354BB
:108000001A00CD8E7E0BF9BBE31DF6F7E38F06D683
:10801000B9BFE31ED3FCE378CBFD2A8751BD93F7AC
:10802000F8009146E389D7D693B7C8FF93864800F6
:1080300093C717008D823E978DB381468547E34CE9
:10804000A0FEFD58E31C05D0930410C0854713859E
:10805000E441B316A70033D6F8003395A800D18EBB
:108060003335A000C98E13F676003357F70001CEE2
:1080700093F7F60011466388C70093874600B3B6AE
:10808000D7003697BE869317870063D80704054646
:1080900081470147F1B636877DBBB28779B3FD468C
:1080A000E3D7F6FA0556098E930600023356C70049
:1080B0006388D7009387E443B317F700B3E8F80069
:1080C000B3361001D18E13F67600814701CE93F7B7
:1080D000F60011460147E392C7FA9317970013166B
:1080E000D701B18313D73600518F014695BEE37097
:1080F000CBF0729B3335CB011A957917AA964DBBFD
:10810000AE88C5BBAE8631BD93171E0033BEC70116
:1081100072931A96F9183E8EE315F6E7E307DEC66A
:1081200093E818009DB1BE88E30AF6FF99BD368832
:108130001306F07F8147014725B6E367DEFCBE8862
:10814000E310DEFE99B113D74501B7071000FD1704
:1081500013D846011377F77F9308F07F33F3B70006
:108160002A8EF58FFD81B28E1378F87FFD82630829
:108170001703630018030DEBB368A3006314080032
:108180005D8E29CA638508046388D502054595ED8F
:108190008280B3E8C700E38008FE795582803365AA
:1081A000A30065FD630CE802631408005D8E79DEB0
:1081B000E39ED5FCE34CE8FC63480701E3E867FC79
:1081C0006303F302637FF30081E57D558280F5DE72
:1081D000054582800145E39B08FA82805D8E69DA5D
:1081E0006DBF01458280E3E3CEFB0145E372DEFB18
:1081F000E5F1E1BF13D74501B7071000FD1713D80C
:1082000046011377F77F9308F07F33FEB700AA8EFD
:10821000F58FFD81328F1378F87FFD82630E17038F
:10822000630D180129E3B368AE00631F08005D8E7B
:1082300001EE0143638C080421A8B3E8C700094399
:10824000639608046DD305A0638408046385D50292
:1082500005438DCD7D531DA8B368AE0009436397D8
:108260000802630AE802631408005D8E75D2E39188
:10827000D5FEE34FE8FC63490701E3EBC7FD630F5D
:10828000FE0001436374FE00F1D505431A85828028
:10829000EDFE7D53E5BF5D8E79DACDBFE36ADFFB8E
:1082A0000143E3F5EEFFF5F175B739714AD813D9FB
:1082B00045014ED652D456D29399C50006DE22DC33
:1082C00026DA5AD05ECE1379F97F2A8A93D9C9006B
:1082D00093DAF501630D090E9307F07F6306F91831
:1082E0001354D5018E09B36934013704800033E497
:1082F000890093143500130919C08149814B13D7A4
:108300004601139AC6001377F77FB285135ACA0045
:1083100013DBF601630B07109307F07F6303F70489
:108320009357D6010E0A33EA4701130717C0B70760
:108330008000B367FA00931536003A99814833C735
:108340006A01BD463A851308190063E83617178697
:1083500000001306A64B8A09B29983A60900B296BB
:108360008286B367CA001309F97F6399071293E9FC
:10837000290081458948E1B701479307F07F370419
:10838000080081443204D20731807E075D8C598C0D
:10839000A285F250625426854259D254B259225ACB
:1083A000925A025BF24B216182805A853E84AE84F0
:1083B000C68B8947638DFB0E8D47E38FFBFA85479C
:1083C0002A87639EFB3881470144814465BF33E4BB
:1083D000A90061C036C632C4638C092A4E85EF00FD
:1083E000F07C2246B246AA87130755FF7544938452
:1083F00087FF198CB399990033548A003364340190
:10840000B3149A0013D746011309D0C0139AC600BB
:108410001377F77F3309F9408149814BB285135AAD
:10842000CA0013DBF601E31907EEB367CA00B1C750
:10843000630F0A22528532C4EF00507722462A8702
:10844000930655FFF547930587FF958F331ABA00BA
:10845000B357F600B3E74701B315B6003309E94057
:108460001309D9C08148E1BD33E4A90001ECA14959
:1084700081441309F07F894B59B593E9190081456F
:10848000854875BD4E84AA84B1491309F07F8D4B90
:10849000BDB5914981440149854B95B593E93900B2
:1084A000D2878D4869BD89475685E397FBF02A87B7
:1084B0009307F07F01448144F1B5C16E1386FEFF3E
:1084C00093D6040113DE0501F18CF18D33869502FC
:1084D0003383B6029358060133059E021A95AA9873
:1084E000B382C60363F36800F692C16F1383FFFF84
:1084F00033F5670093D30701B3F76800C2073373FE
:1085000066003E933306950293D80801B387A6020E
:10851000135F0601B3849302BE94FA94B38E76027D
:1085200063F3F400FE9E416A9307FAFF935F040130
:10853000B376F400B3F9F4007D8EC1803384D502A4
:10854000C209338FD401B299CE98B307DE02935E8D
:108550000401B385BF02AE97BE9E330EFE0363F3E4
:10856000BE00529EC1679385F7FF33F6BE006D8C47
:108570004206229693DE0E01B305D502769E338520
:10858000AF0213D40501B386D302AA96A296B38F85
:10859000F30363F3A600BE9F41657D15B3F7A60004
:1085A000C2076D8DAA97B3855800B3B93501FA9704
:1085B000B2953384370133B6C500B30EC401338599
:1085C000CE0033343401B3B7E701C18F33BECE01DF
:1085D00013D406013336C5003E943366CE0093941F
:1085E000950032947E94B3E464002604935675019A
:1085F000B3349000DD8193179500CD8C558CDD8CC4
:108600009317740063DB070093D7140085889316D3
:10861000F401DD8CD58C058042899307F93F6359BD
:10862000F00893F6740081CE93F6F4001146638847
:10863000C60093864400B3B496002694B68493167D
:10864000740063D80600B70700FFFD177D8C930701
:1086500009409306E07F63CFF60E93D6340093145F
:10866000D4012604D58C318093F7F77F21BB328566
:1086700032C4EF00B05393065501F14713070502CA
:108680002246E3D1D7DC6115B317A6008145F9B3C3
:10869000EF00D05113075501F1459307050222461B
:1086A000B246E3D5E5D461153314AA00814499BBE1
:1086B00085469D8EB1E71309E941B3972401B3D4F0
:1086C000D40033192401B337F000B3649900DD8C72
:1086D00093F77400B356D40081CF93F7F40011469A
:1086E0006388C70093874400B3B49700A696BE84FE
:1086F0009397860063D8070485470144814459B1A4
:1087000013068003E341D6CC7D46E356D6FA0556E0
:10871000B307F640930500023356F4006387B600B2
:108720001309E943B3172401DD8CB3349000D18CD5
:1087300093F67400014499CA93F7F40011468146F8
:10874000E392C7FA139496003180F6068D80D58C9B
:1087500081470DB99307F07F0144814425B14289D7
:108760006DBD370710007D1701113373B70093D823
:108770004601758F935ED60122CC26CA0E0393D490
:1087800045019357D5010E0706CE4AC84EC693F849
:10879000F87F130EF07F33E7EE0093F4F47F13D4E9
:1087A000F50133E36700131F3500FD82931E360089
:1087B0006380C81993C61600B38514416305D412AB
:1087C0006351B018638B081AB70780005D8F63810F
:1087D000C4599307800363C4B734FD4763C5B748E2
:1087E000930700028D8FB3D9BE003318F700B39EF4
:1087F000FE00336838013357B700B339D00133680E
:1088000038013303E340B3090F41B3373F01330667
:10881000F3409317860063D30724370980007D193E
:1088200033792601630F092C4A85EF00303813078E
:1088300085FF93070002998FB3D7F9003316E9003B
:10884000D18FB399E9006344972A058F1306170067
:10885000FD4663C5C63A13070002118FB3D6C9009F
:108860003398E9003397E700558F33380001B36937
:10887000070133D6C700814493F7790081CF93F67F
:10888000F90091476388F6009386490033B83601B2
:108890004296B6899317860063D6071C1387140087
:1088A0009307F07F05886306F720B70780FFFD1761
:1088B000F18F1398D70193D93900A607336838018F
:1088C000B1831377F77F9396C7005207B1827E0476
:1088D000D98EC18EF2406244D2444249B2494285A7
:1088E000B685056182806356B00A638A0812B707AD
:1088F00080005D8F6387C42D9307800363C7B7181B
:10890000FD4763D2B73C138805FE93070002B359B5
:108910000701638AF50093070004B385B740331756
:10892000B700B3EEEE003338D0013368380195A2BA
:10893000B367D7019385148099E393C61600630A41
:10894000D404D1E19387140093F7E77F6399071E5E
:10895000B367E3013368D701639204166382073C6F
:1089600063160842131835009316D30113583800C4
:1089700033E806019357330019A2B367D701638523
:10898000071A9387F5FF638B073A638CC523BE856F
:1089900089B56399051C9386140093F7E67FC1EFB0
:1089A000B367E30163900436638D0744B367D7016F
:1089B000639407460E051318D3010D813368A80090
:1089C000935733006DA8B385984063970420B3672D
:1089D000E301638D07309387F5FF63890740130533
:1089E000F07F6383A520BE859307800363C2B72A07
:1089F000FD4763C8B73C930700028D8F3318F3001F
:108A00003356BF00B317FF003368C800B339F00016
:108A10003353B3003368380133076740B5ACB367ED
:108A2000D701638307109387F5FF638F071E638069
:108A3000C52FBE85D1B59307F07F638BF606FA9EEE
:108A400033B6EE01B307E300B2971398F70193DE54
:108A50001E00B369D80113D61700B68493F77900C6
:108A6000E39F07E09317D60113D839003368F80065
:108A7000A685935736001307F07F6380E506B2079B
:108A8000B18313F7F57F05883DBD3367D7013338D0
:108A9000E000B309E801B3B7E90133866700931733
:108AA0008600E3DD07FA85049307F07F639CF418E2
:108AB00005881307F07F8147014831B5639107109E
:108AC0006301083C131836009317D7011358380078
:108AD0003368F800368493573700B367F800E9DB52
:108AE00001441307F07FB70708000148E9BB3706C8
:108AF00080FF7D167D8E93F77900998CE39107D8DE
:108B000095B74E85EF00900A13078501FD47E3D224
:108B1000E7D2130685FFB397C90081492DB33368A7
:108B2000D70133380001C5B1131835009317D301AD
:108B3000135838003368F800935733002DBFB3093A
:108B4000DF413309E34033363F013309C94093170E
:108B5000890063CA072033E82901E31508CC81475F
:108B6000014431BFB385984063810414B706800087
:108B70009307F07F3363D3006381F820930780036A
:108B800063CCB722FD4763C9B72C930700028D8FD2
:108B90003318F300B356BF00B317FF003368D80093
:108BA000B339F0003353B300336838011A97B3096F
:108BB000D801B3B7D9013386E700C684CDB5E31138
:108BC00008F2131835009317D3011358380033688F
:108BD000F8009357330011B7370580009307F07FF3
:108BE0003363A300E392F8E00E061318D7010D8259
:108BF0003368C800935737003684C5B50517930608
:108C0000000233D7E700630AD600930600043386D8
:108C1000C6403396C700B3E9C90033383001B369A1
:108C2000E800014681441DBDB309DF01B307E3003D
:108C300033BFE9013386E701931786008544E3DFFC
:108C400007E08944B70780FFFD17F18F13D719009C
:108C500013F81900336807019399F701B3E9090183
:108C600013D6170011B9138805FE93070002B359F4
:108C70000701638AF50093070004B385B7403317F3
:108C8000B700B3EEEE003338D00133683801A5BE2B
:108C90003363E30133386000B3890E41B3B73E015B
:108CA0003306F740C6843684ADB6B367E301638705
:108CB00007189387F5FF638C071C9306F07F638E7C
:108CC000D50ABE8565BD930700028D8FB3D9BE005E
:108CD0003318F700B39EFE00336838013357B700EE
:108CE000B339D001336838013A9365B313183600AD
:108CF0009317D7011358380033E807013684935788
:108D0000370095BBBDCB3367D701E31B07DC0E05EE
:108D10001318D3010D813368A8009357330075BB36
:108D2000E30F08E2131836009317D70113583800E1
:108D30003368F80036849357370091B3B309DF41A5
:108D4000B307E340333F3F013386E7418544D1B465
:108D5000131835009316D3011358380033E8060171
:108D6000935733009DBBB389EE413306674033B957
:108D70003E0133092641368475B40E061318D70117
:108D80000D823368C8009357370081BBB309DF41B8
:108D9000B307E34033363F013386C740931786005D
:108DA00063D7070AB389EE41B3076740B3BE3E01FC
:108DB0003386D7413684C9B43363E3013338600066
:108DC000FDB3138805FE93070002B3590301638ABC
:108DD000F50093070004B385B7403313B300336F36
:108DE0006F003338E001336838017DB5B389EE4157
:108DF000B3076740B3BE3E013386D741368485440E
:108E000009BC131836009317D7011358380033687C
:108E1000F80093573700A5B1B309DF01B307E300AA
:108E200033BFE9013386E70193178600E3D807C211
:108E3000B70780FFFD177D8E85440DB10E06131810
:108E4000D7010D823368C800935737002DB133E83E
:108E5000C900E30608D019B1138805FE9307000284
:108E6000B3590301638AF50093070004B385B74043
:108E70003313B300336F6F003338E00133683801C8
:108E80003DB301441307F07FB70708002DBCB309B9
:108E9000DF01B307E300B3BED9013386D70169BB55
:108EA00013D74501B7071000FD171347F7FF13D875
:108EB0004601FD8DF58F931657011378F87F99CAF7
:108EC0001307F07F01456303E8008280D18F3335BB
:108ED000F0008280C98D0545E5D5828093D7450194
:108EE000B70610001387F6FF93F7F77F1306E03FEE
:108EF0002A886D8F0145FD816354F60099C18280F7
:108F000082801306E0417D55E34BF6FE13053043A6
:108F10001D8D7D46558F634AA6009387D7BE3317B4
:108F2000F7003355A800598D828013053041B307EF
:108F3000F5403355F7008280411106C622C426C28F
:108F400005CD9357F541B3C4A7009D8C2A8426858F
:108F5000B1299306E041898EA9477D8093F6F67F7B
:108F600063CDA7022D47098FB3D7E4005505B2079B
:108F7000B394A400B18329A0014481468147814470
:108F8000B207D206B1837E04D58FC18FB24022448E
:108F90002685BE859244410182805515B397A40071
:108FA000B207B1838144E9BF15CD411122C406C681
:108FB0002A84ED2E9306E041898EA94793F6F67F29
:108FC00063DCA7025515B317A400B207B1830147AC
:108FD000B2402244B207D206B183D58F3A85BE850E
:108FE0004101828081478146B207D206B1830147A1
:108FF000D58F3A85BE8582802D47098FB357E4000F
:10900000B207130755013317E400B183D1B7B36733
:10901000B5009DCF411122C426C24AC006C6AA840B
:109020002E892E84A1C12E8551269306E043898E78
:109030009307304363C4D7069317C9002D4626878C
:1090400093F6F67FB183635CA60C130655FF0DA85B
:1090500081478146B207D206B1830147D58F3A8551
:10906000BE858280A1262A869306E0431305050269
:10907000898E1307A00293F6F67F634CA70C550662
:109080001307B002098FB317C90033D7E4005D8F0F
:109090009317C700B1833397C40051A0930760436F
:1090A00063D9D70213078501930785036347070C2C
:1090B0003396E40001472144098C518F930704FE45
:1090C0003337E00063CF0708B354F9008147D98CE8
:1090D0003E84A14763C1A706370780FF7D1713F6BB
:1090E0007400B377E40005C613F6F40091456300FD
:1090F000B60213864400B3349600A6979395870072
:1091000063D905089306F043F98F898EB2841397CB
:10911000D7018D80A607458FB18393F6F67FB240C5
:109120002244B207D206B183D58F924402493A85D0
:10913000BE854101828013078002130685FF098FD7
:1091400033D7E400B317C4003364F700B394C4000A
:1091500061B7930756FFB397F400B207B183014795
:109160007DBF7D4693171900018EB397C700B3D416
:109170008400DD8CB357890099BF7D461D8E13D7BF
:1091800014003357C7003316F900598E3397F40093
:109190001DB7B284ADBF135775011377F70F411197
:1091A0009307170022C426C21314950006C693F72E
:1091B000E70F25809354F50185C7935734001307B3
:1091C00007387604B2075207B1831395F401D98F9B
:1091D000C98FB240228522449244BE8541018280DB
:1091E00005EB39C42285D922A94763C6A7042D47B8
:1091F000098F930755013357E4003314F400931794
:10920000C70013079038098FB1831377F77F5DBFCD
:1092100001CC13573400B7070800D98FB207760482
:10922000B1831307F07F79BF1307F07F814759BFE0
:109230000147814741BF130755FF3317E40001443D
:109240007DBF93D645019397C50093F6F67FB18312
:10925000138616008E071357D5011376E67FFD811E
:109260005D8F9318350035CE138806C89307E00F3D
:1092700063DD07018147139597009306F00FDE0623
:109280002581FE05558D4D8D82806355000B93170A
:1092900065000E07B337F000D98F93D8D801B3E734
:1092A000170113F777006301071013F7F7009146D2
:1092B0006303D7009107370700047D8F75C7130735
:1092C00018001306F00F9376F70FE305C7FA9A0715
:1092D000A58313959700DE062581FE05558D4D8DDE
:1092E0008280B367170199EE85CF95479A07A583CA
:1092F0001395970093F6F60FDE062581FE05558D32
:109300004D8D8280A5DBB70740001395970093062B
:10931000F00FDE0681452581FE05558D4D8D82803D
:109320008147139597008146DE062581FE05558D00
:109330004D8D8280A5576348F804F94737068000B1
:10934000B38707417D45598E6351F504795733073B
:109350000741130500023357E6006388A700938690
:1093600026CAB316D600B3E8D800B3371001D98F98
:1093700013F77700014815FB139757008546E3481C
:1093800007F48146A5B781468DB7938626C83397E3
:10939000D8003337E000B316D600B3D8F800B3676F
:1093A000D700B3E7F800E9B7C28689B7C167637E23
:1093B000F5029307F00F1307000263ECA7009777FD
:1093C00000009387A748AA9703C507003305A74065
:1093D000828021819777000093874747AA9703C52A
:1093E000070061473305A7408280B7070001636E1D
:1093F000F50061819777000093874745AA9703C5D9
:10940000070021473305A7408280418197770000FC
:109410009387C743AA9703C5070041473305A74071
:109420008280938781869C434111328806C6AA8830
:109430002E87C84736869777000093872751631792
:109440000800977700009387A70E3E88C686977519
:1094500000009385A5503920EF10C01793878186AF
:1094600088438280397132D436D63EDA3AD842DC2B
:1094700046DE938781862E86AA858843341006CEE1
:1094800036C6892AF2402161828001476314E600D2
:1094900001458280B307E5000507B386E50083C771
:1094A000070083C6F6FFE383D7FE3385D74082806B
:1094B000B3C7A5008D8B3307C50081E78D4763EEE9
:1094C000C700AA876370E50A83C60500850785057E
:1094D000A38FD7FEE3EAE7FE828093763500AA8762
:1094E00091CA83C6050085078505A38FD7FE93F62D
:1094F0003700FDB79376C7FF138606FE63F0C706F5
:1095000083A3050083A2450083AF850003AFC50098
:1095100083AE050103AE450103A3850183A8C50100
:109520009385450223A0770003A8C5FF23A2570017
:1095300023A4F70123A6E70123A8D70123AAC70183
:1095400023AC670023AE17019387470223AE07FFC2
:1095500075B790419107910523AEC7FEE3EBD7FEA7
:10956000E3E4E7F682801C46FD171CC663DA0700B9
:10957000184E63C5E700A9476394F5006F001068B3
:109580001C422E851387170018C22380B7008280E3
:10959000011122CC26CA4AC84EC652C406CE2A8918
:1095A000AE893284B304D6007D5A63149400014519
:1095B00011A8834504004E864A85EFF0DFFA0504C2
:1095C000E31545FFF2406244D2444249B249224A7F
:1095D00005618280357122CD26CB4AC94EC706CFA0
:1095E00052C556C35AC1DEDEE2DCE6DAAA89AE8491
:1095F0003289368409C51C4D99E3EF10507A97776C
:10960000000093872745639DF40C83A4490083D70A
:10961000C400A18BE5CB9C48F5C793070002A304C7
:10962000F1029307000302D22305F10222C6930B35
:109630005002977A0000938A6A35054C294B4A8478
:109640008347040099C36392770FB30C2441638E60
:109650000C00E6864A86A6854E85EFF07FF3FD571F
:109660006306F51E9256E69636D283470400638F52
:10967000071CFD571309140002C802CE3ECA02CCD3
:10968000A309010482D48345090015465685EF20BD
:10969000801A13041900C24759E913F7070109C7D3
:1096A00013070002A309E10413F7870009C7130792
:1096B000B002A309E104834609001307A0026380F6
:1096C000E608F2474A84814625460347040093058D
:1096D0001400130707FD6379E60AB5CA3ECE85A8D4
:1096E00097770000938707396395F40083A4890076
:1096F00039BF977700009387E733E39AF4F083A4A8
:10970000C90031B7A6854E85EF00B05B19D57D55F0
:10971000FA406A44DA444A49BA492A4A9A4A0A4B00
:10972000F65B665CD65C0D618280050411BF330573
:1097300055413315AC00C98F3EC82289A9B73247BD
:1097400093064700184336C6634907023ACE0347DB
:1097500004009307E002631FF70403471400930714
:10976000A002631BF702B2470904138747009C431A
:109770003AC663C107023ECA35A83307E04093E703
:1097800027003ACE3EC8E1B7B387670385462E84EB
:10979000BA9725BFFD57C5B7050402CA8146814760
:1097A00025460347040093051400130707FD63785B
:1097B000E606F1F2834504000D4617750000130517
:1097C000651DEF20400711CD977700009387871C18
:1097D0001D8D93070004B397A700424505045D8DD6
:1097E0002AC8834504001946177500001305C51AD9
:1097F000130914002304B102EF20E00325C19707E9
:1098000000009387C71E95E74247B24713770710BA
:1098100009CF91073EC69257D2973ED20DB5B38776
:10982000670385462E84BA97ADBF9D07E19BA107CC
:10983000D5B77800970600009386C6D526860C0813
:109840004E856522FD572A8AE317F5FC83D7C400AD
:1098500093F70704E39D07EA12555DBD780097066C
:109860000000938626D326860C084E85B927D9BFDB
:10987000797122D44AD052CC56CA5AC806D626D2BA
:109880004ECE3A8AAE8A32843689428B014763587B
:109890000600370700803344C7001307D002238037
:1098A000E70093F4F8FD930760048D466388F400A5
:1098B0009307500489466393F4000509DA879308F7
:1098C000C100130881004A87D6852286EF003065E3
:1098D00093077004AA896396F400137A1A00630A46
:1098E0000A0493076004338A29016397F40203C7CB
:1098F000090093070003631EF70001468146568561
:10990000A285EF20307211C5854733892741232076
:109910002B0183270B003E9A014681465685A2857E
:10992000EF20507011E152C613070003B24763E203
:109930004703B2474257B2502254B38737411CC342
:109940004E8592540259F249624AD24A424B4561CD
:1099500082809386170036C62380E700C1BF2300AC
:10996000C500130725009307B00263D60500B305B1
:10997000B0409307D002A300F500A54763DAB7040F
:1099800041119307F100BE88294813033006B3E65E
:1099900005031386F7FF93860603A38FD7FEB3C68E
:1099A0000503634DB30093860603F917A30FD6FE94
:1099B00063E917013305A74041018280B287B6856C
:1099C000F9B7850783C6F7FF0507A30FD7FECDB705
:1099D0009307000313074500938505032301F50052
:1099E000A301B5003305A740828019713ACE86DE07
:1099F000A2DCA6DA2E84CAD8CED6D2D4B689DAD0E2
:109A0000DECEE2CC3289D6D2E6CAEAC8EEC6AA8455
:109A1000EF107050832B05005E85EF00101D032BA7
:109A20000400724702DC93760B102A8C034A8401EF
:109A30001C43F1CA9386470014C39C430810984303
:109A40003AD0D8433AD298473AD4DC473ED6EF20B2
:109A5000906A28C46CC4832CC404177700001307D1
:109A600067F4832A8404032D0700832D470093970E
:109A70001C0085836A86EE865685BE853ECEEFF055
:109A80002FC241EDF2476A86EE865685BE85EFE02D
:109A90006FF66354A008014681465685E685EFE0DF
:109AA0006FF5635605009307D002A301F4049307F2
:109AB0007004977A0000938A6AEF63F64701977AF9
:109AC0000000938AEAEE137BBBFF8D4723206401DD
:109AD0001CC8014B4E87CA867018A2852685C12EE8
:109AE000FD5C631E95157D55F6506654D654465957
:109AF000B659265A965A065BF64B664CD64C464DDE
:109B0000B64D096182809D07E19B9386870014C34F
:109B10009843DC4338C47CC43DBF5686E6865685F0
:109B2000E685EFF0EFB711CD93077004977A000048
:109B3000938A4AE8E3F947F9977A0000938ACAE7DB
:109B400059B75C407D57137DFA0D6395E708994737
:109B50005CC0544013670B403C18D6853EC018C00B
:109B60009307310302C2D288130841036686268513
:109B7000EFF01FD093077004AA8AD255631BFD0033
:109B8000F55763C5F5005C4063D8B708791A137AB6
:109B9000FA0F9307500663E64705FD155286130535
:109BA00004052EDAEFF0BFDB625785462A8BB30738
:109BB000A7001CC863C5E6001840058B19C38507BC
:109BC0001CC883473103E38707F09307D002A30142
:109BD000F40409B713077004E31DEDF6BDFB8547D8
:109BE00085BF93076006631BFA025C40635BB000AD
:109BF0000CC881E71840058B09CF8507AE971CC8B4
:109C000009A889E718408546058B19C39386270064
:109C100014C82CCC014B75B7130A7006E25763C900
:109C2000F5001C400CC8858BEDD793871500C1BF8C
:109C300005476344B00009470D8FBA97C9B71C4068
:109C400013F7074015E314485686CA85268582997E
:109C5000E30B95E91C40898B63960724F25748442F
:109C6000E354F5E83E8549B513075006637B471971
:109C700028446C4401468146EF20D03A39E98546B4
:109C80001756000013064661CA8526858299E30CA3
:109C900095E55257E2576345F7001C40858BDDDBA5
:109CA000E2865E86CA8526858299FD57E30DF5E238
:109CB000014A930AA4017D5BE257FD17E35CFAF8C1
:109CC00085465686CA8526858299E30E65E1050A92
:109CD000E5B7D2576346F0068546175600001306CF
:109CE000A65BCA8526858299E30F95DFD257625716
:109CF000D98F81E71C40858BB1DFE2865E86CA85FD
:109D000026858299FD57E300F5DE014A130BA40175
:109D1000FD5BD257B307F040634BFA00E25656861C
:109D2000CA8526858299FD57E316F5F26DBB8546F7
:109D30005A86CA8526858299E30775DB050AD1BF55
:109D40003C4C625A63D347013E8A635A4001D28633
:109D50005686CA8526858299FD57E306F5D8814C3B
:109D6000130DA401FD5D09A885466A86CA8526856E
:109D70008299E30AB5D7850C032B8405D2876353F8
:109D80000A008147B307FB40E3C0FCFE5257E2578D
:109D9000634DF7021C40858B8DEBE2575257338A97
:109DA000E7406344EB00338A6741635B4001D2863E
:109DB00033866A01CA8526858299FD57E305F5D267
:109DC000814A130BA401FD5B15A0E2865E86CA855D
:109DD00026858299FD57E312F5FC31B385465A86F4
:109DE000CA8526858299E30075D1850A5257E257C4
:109DF000998F528763530A000147998FE3C0FAFE97
:109E000091BDE25605476344D700858BB5C78546AB
:109E10005686CA85268582997D5AE30645CDE28617
:109E20005E86CA8526858299E30F45CB28446C441B
:109E300001468146EF20101F1DC9E25613861A0005
:109E4000CA85FD1626858299E30F45C9DA86130671
:109E50000405F9B585465686CA8526858299E304A8
:109E600075C9050AE257FD17E346FAFEC5B7014A70
:109E7000930AA401FD5BFDB785465686CA852685F3
:109E80008299E31595FD85B185465686CA85268556
:109E90008299E30A65C5050A5C447257998FE345C8
:109EA000FAFE6DBB014A930A94017D5BF5B77971A7
:109EB00056CA9C49BA8A984522D426D24ECE52CC54
:109EC00006D64AD05AC85EC6AA892E84B284368A7B
:109ED00063D3E700BA879CC00347340419C38507DE
:109EE0009CC01C4093F7070281C79C4089079CC017
:109EF0000329040013796900631A0900130B940104
:109F0000FD5B5C449840998F634CF9041C40834688
:109F1000340493F70702B336D000A5EB13063404DC
:109F2000D2854E85829AFD576303F5041C40114685
:109F30009840998B544481446397C700B384E640AA
:109F400063D3040081441C4418486354F700998F7C
:109F5000BE94014969047D5B63982405014509A805
:109F600085465A86D2854E85829A631E75017D5537
:109F7000B250225492540259F249624AD24A424B98
:109F8000B24B456182800509ADBF3307D40013068B
:109F90000003A301C7040347540493871600A29744
:109FA0008906A381E7049DBF85462286D2854E851A
:109FB000829AE30E65FB050945B7797122D426D252
:109FC0004AD04ECE06D652CC56CA5AC8B68983C697
:109FD0008501930790063289AA842E84138635045E
:109FE000638DF60263E2D706930780056389F6184E
:109FF00063EDD7006382062293073004638FF60A6D
:10A00000930A24042301D404D1A093073006638665
:10A01000F60A93074006E395F6FE1C40084393F6C4
:10A02000070893054500CDC61C410CC363D8070043
:10A030001307D002B307F040A301E40497760000B1
:10A040009386C697294775A8930700076385F61678
:10A0500063E5D7029307E006638CF6189307F006D2
:10A06000E390F6FA0C401C4313F8050813854700EB
:10A070006308080608C39C4395A893075007E38329
:10A08000F6FE93078007638CF61293073007E39977
:10A09000F6F61C43D04181459386470014C383AA3A
:10A0A00007005685EF10207901C53305554148C09A
:10A0B0005C401CC8A301040471A81C43930A240437
:10A0C000938647009C4314C32301F4048547D5B706
:10A0D00093F607041C410CC3B1DAC207C187B9B7B4
:10A0E00093F5050408C3C1D983D707001307F00609
:10A0F0006388E60E977600009386468C2947A30175
:10A1000004044C400CC463C5050008406D9908C0A8
:10A1100099E3B28A91CDB28AB3F5E702FD1AB695FA
:10A1200083C505002380BA00B3D5E70263F0E70CCE
:10A13000A147631EF7001C40858B91CB58401C48FB
:10A1400063C7E70093070003A38FFAFEFD1A3306E7
:10A15000564110C84E87CA867000A2852685EFF04A
:10A160001FD57D5A631E450B7D55B2502254925423
:10A170000259F249624AD24A424B45618280A38227
:10A18000D50497760000938666830C40084313F845
:10A1900005081C411105630D080208C313F71500DB
:10A1A00001C793E505020CC04147B1FB0C4093F594
:10A1B000F5FD0CC0A9B79C4193E707029CC193072A
:10A1C0008007A302F404977600009386668075BF2B
:10A1D00013F8050408C3E30308FCC207C1837DBF6D
:10A1E000976600009386867D214711BFAE872DB705
:10A1F00094411C43CC4913F80608138547006306B5
:10A20000080008C39C438CC301A808C393F6060446
:10A210009C43F5DA2390B70023280400B28A1DBFBF
:10A2200014485686CA8526858299E30F45F31C405B
:10A23000898B8DE7B2474844E359F5F23E8535B73F
:10A2400085465686CA8526858299E30F65F1050AFB
:10A250005C443247998FE345FAFEE9BF014A930A0D
:10A2600094017D5BF5B739713EDA2ED232D436D601
:10A270003AD842DC46DE9387818622CC804326CAC8
:10A2800006CEAA8411C41C4C81E72285EF10203130
:10A290000C4454102686228536C6EFF0AFB3F24048
:10A2A0006244D24421618280011126CA4AC806CE86
:10A2B00022CC4EC652C4AA842E8909C51C4D99E3EE
:10A2C000EF10E02D9C4C804481E72685EF10202D77
:10A2D0009767000093870778631CF402C040835798
:10A2E000C400A18BB1C71C48A1C7FD59294A1C4411
:10A2F00083450900FD17B1E91CC463DE0706228609
:10A30000A9452685E528FD576308F502294535A0AE
:10A3100097670000938707766314F4008044C1B701
:10A320009767000093870771E31BF4FAC04445BFA9
:10A33000A2852685792255D97D55F2406244D244C2
:10A340004249B249224A056182801CC4050963D78B
:10A350000700184C63CBE700638945011C40138755
:10A36000170018C02380B70059B7228626857920A8
:10A37000E31F35F7D1B71C401387170018C02947D2
:10A380002380E70061B793878186AA8588436FF0B1
:10A39000BFF135713ECBB707008093C7F7FF3ECEC4
:10A3A0003EC8C1779387872032C536C73AC942CDA8
:10A3B00046CF3ECA938781862AC42ACC884334017B
:10A3C0002E862C0086DE36C2EF10F06AA24723806C
:10A3D0000700F6500D618280AA8703C70500850734
:10A3E0008505A38FE7FE75FB8280AA87850703C7D3
:10A3F000F7FF6DFF3385A7407D158280011122CCC8
:10A4000026CA4AC806CE4EC6AA842E89328409C5F9
:10A410001C4D99E3EF10A01897670000938787639E
:10A42000631BF406C0401C4C1CC48357C400A18BA2
:10A43000D9C31C48C9C31C4808409379F90F137944
:10A44000F90F1D8D5C486347F500A2852685EF1046
:10A45000E00235E51C440505FD171CC41C401387AC
:10A46000170018C0238037015C486389A700835711
:10A47000C400858B89CBA9476317F900A28526857F
:10A48000EF00D07F0DEDF24062444A85D24442494C
:10A49000B24905618280976700009387A75D6314C6
:10A4A000F400804449B7976700009387A758E31CDE
:10A4B000F4F6C0448DBFA285268521202DDD7D596F
:10A4C000D9B741119387818626C2844322C44AC0EA
:10A4D00006C62A892E8491C49C4C81E72685EF10FC
:10A4E000000C976700009387E756631CF402C04096
:10A4F0000317C40093170701C18393F68700BDEECD
:10A5000093F607019DEEA5472320F9001367070482
:10A510002316E4007D55B240224492440249410191
:10A520008280976700009387E7546314F4008044A7
:10A53000C1B7976700009387E74FE31BF4FAC04465
:10A5400045BF918B95C74C5891C9930744046385C7
:10A55000F5004A85EF105026232A04028357C400D1
:10A560002322040093F7B7FD2316F4001C481CC0F7
:10A570008357C40093E787002316F4001C4889EF33
:10A580008357C4001307002093F707286386E7006A
:10A59000A2854A85EF10401F8357C40013F71700A8
:10A5A00005C75C4823240400B307F0401CCC1C48BA
:10A5B0000145B5F38317C40013F7070829DF93E7B4
:10A5C00007042316F400B9B7898B014791E3584873
:10A5D00018C4F1BF4111194506C6EF10F07A0545C0
:10A5E000EF20405A011122CC1C49804906CE26CAD0
:10A5F0004AC84EC652C456C263C187127D1413188E
:10A60000240093894501338A0901130945014A98B9
:10A6100083270A00032708008507B354F7026366FF
:10A62000F706C1684E834A8E814E014FFD18110313
:10A630000326C3FF110E33771601418233079702B9
:10A6400033069602769793560701B3771701B3073F
:10A65000FF4036968326CEFF935E060133761601C1
:10A6600033F71601BA97C18213D70741918EBA9674
:10A6700013DF0641B3F71701C206D58F232EFEFE66
:10A68000E3776AFA83270800BDCBAA8AEF10E0704F
:10A690006349050441668504CA8501457D16910913
:10A6A00003A8C9FF98419105B376C800158DB3760C
:10A6B000C700AA96935707011358080113D70641FC
:10A6C000B3870741BA9713D50741F18EC207D58FDB
:10A6D00023AEF5FEE3753AFD93172400CA9798431D
:10A6E0001DC72685F2406244D2444249B249224AFB
:10A6F000924A056182808327080089E77D147118DA
:10A70000E36B09FF00C951B7984309E77D14F117BE
:10A71000E36CF9FE23A88A00E9B70145E1B775713A
:10A720003ED85C5122C526C34AC1CEDED2DCE2D47B
:10A7300006C7D6DADAD8DED6E6D2EAD0EECE36C210
:10A740003AC646CAAA842E843289C2892E8A328C9D
:10A7500089EF4145EF10600DC8D023220500232466
:10A7600005002320050023260500DC508C4389CDFD
:10A77000D84385472685B397E7009CC5D8C1EF101D
:10A78000401ADC5023A00700635309048547131CBB
:10A79000190023A0F900135C1C00B707F07F337782
:10A7A000FC006314F70642578967320C9387F770F1
:10A7B000135CCC001CC3336C8C00E3050C32D24715
:10A7C00091EB976700009387A7263EC039A823A086
:10A7D0000900E1B797670000938787253EC0976718
:10A7E00000009387172552471CC3BA402A440245EC
:10A7F0009A440A49F659665AD65A465BB65B265CB5
:10A80000965C065DF64D496182800146814622854F
:10A81000E28522CE62D4EF20E00005E14257854771
:10A820001CC397570000938727A73EC0D247D5DFA8
:10A8300097570000938757A67DB7B800F40062864B
:10A84000A285268513594C01EF1060671379F97FB3
:10A85000AA89A64A630D0910A2577245130919C0A7
:10A860009395C700B181B707F03FDD8D02DC976794
:10A870000000938727179043D443EFD09FEE97674C
:10A8800000009387A7169043D443EFD01FA2976789
:10A890000000938727169043D443EFC09FBC2A8BB8
:10A8A0004A85AE8BEFE04FE9976700009387071565
:10A8B0009043D443EFD07F9F2A86AE865A85DE85AB
:10A8C000EFC03FBA2A8BAE8BEF10707C2A84014612
:10A8D00081465A85DE85EFD0FF91635B05002285B6
:10A8E000EFE08FE55A86DE86EF10D07311C17D143C
:10A8F0000547D9473AD663E38702131734009767B1
:10A9000000009387A71BBA979043D4437245A25582
:10A91000EFD05F8E635305007D1402D633892A4140
:10A92000930BF9FF014B63D60B00054B330B2B4107
:10A93000814B634E0406A29B22CC814A1247A54755
:10A9400063E5E7149547854C63D6E7009307C7FF97
:10A950003EC2814C12478D47630EF71063CFE70468
:10A96000894702C8630DF70685473EC88DA0364962
:10A970009307000256991307294363D5E70213058D
:10A980000004198D930729413315AC003354F400AA
:10A99000418DEFE06FE1B70710FEBE9585477D1949
:10A9A0003EDCF1B53385E7403315A400DDB7330B4A
:10A9B0008B40B30A804002CC51B712479147630ED7
:10A9C000F70005473AC8124795476306F70AFD574F
:10A9D0003EC4FD5DC94702C619A885473EC8B247B7
:10A9E0006348F00A854705473EC4854D3AC603A92A
:10A9F0004402114723220900930647018325490099
:10AA000063FCD7082685EF005069DC502320A9009D
:10AA10009C433EC0B94763E6B71D63840C1C635E6C
:10AA2000800A9377F40013973700935C444097674C
:10AA300000009387A708BA9793F60C019843094939
:10AA4000DC4385C6976600009386C6049052724523
:10AA5000D452A2553AD03ED2EFD0AF93025792577C
:10AA600093FCFC002A8A2E8C0D49176D0000130DF3
:10AA70006D0289A802C8B247A2973EC4938D170001
:10AA8000EE87E346B0F785479DB7854C02C2E9BD26
:10AA9000B2473EC4BE8DA1BF85052322B90006077B
:10AAA000A1BF93F61C0081CE03260D0083264D0026
:10AAB0003A85BE85EFD06FFF05092A87AE8793DC04
:10AAC0001C40210DE39F0CFC3A86BE865285E28530
:10AAD000EFD02F8C2A8A2E8C81A0094915CCB30C7B
:10AAE000804093F7FC001397370097670000938727
:10AAF000E7FCBA979043D4437245A25593DC4C408F
:10AB0000176D0000130D0DF9EFD02FFA2A8A2E8C45
:10AB10008147639C0C12DDFFB257638707141767E8
:10AB20000000130727EE104354435285E28552D0AC
:10AB3000EFD04FEC635A0512638B0D12A24763509E
:10AB4000F00A173700001307677F825710435443FA
:10AB50003E85E285EFD06FF5A247130DF4FF2A8AF8
:10AB60002E8C050962874A853EDE52DABA8C3AD0CD
:10AB7000EFE08FBC525802573709C0FC4286BA86B4
:10AB8000EFD0AFF297660000938646E89042D44239
:10AB9000528CEFC01F8DF2572A8A2E99E1EF9767EA
:10ABA0000000938727E7525802579043D4434285C9
:10ABB000BA85EFD01FBB5286CA862A8CAE8CEFD0E6
:10ABC0008FD8634AA054B7070080B3C727015286C5
:10ABD000BE866285E685EFD0EFE1634B0552724A8F
:10ABE000225CB64763C70730394763448730131781
:10ABF000340097670000938767ECBA9703AB0700B0
:10AC000083AB4700B24763D207206340B021639112
:10AC10000D50976700009387E7DF9043D4435A8530
:10AC2000DE85EFD08FE85286E286EFD0CFD1814A21
:10AC300001496357054A824702470504138A1700F2
:10AC4000930710032300F70045A113F71C0009CB5D
:10AC500003260D0083264D000509EFD00FE585473B
:10AC600093DC1C40210D75B5228DEE87E5BD228D4C
:10AC70008147CDBD9386F7FF139636009766000097
:10AC80009386C6E3B2968842CC428246B6973EDAB5
:10AC9000C247E9C397670000938747D82A86AE86E4
:10ACA0008843CC434ADE52D0EFC0BFEE0258725701
:10ACB00017390000130989684286BA86EFD07FAA47
:10ACC000024A2AD02ED2E6856285EF10503C2ADE59
:10ACD000EFE08FA62A86AE866285E685EFD07FA854
:10ACE000F2572A8CAE8C2A86AE8602559255050AFA
:10ACF00093870703A30FFAFEEFD0EFC46348A00EBB
:10AD000097670000938707D08843CC436286E68626
:10AD1000EFD03FA52A86AE8602559255EFD0AFC23E
:10AD20006342A018D257E30CFAEA032609008326EF
:10AD3000490002559255EFD04FD7032609008326CC
:10AD400049002AD02ED26285E685EFD00FD62A8C14
:10AD5000AE8C95BF5286CA86EFD02FD5525A024983
:10AD60002AD02ED2E6856285EF1070322ADEEFE01F
:10AD7000AF9C2A86AE866285E685EFD09F9E72578D
:10AD8000D257050913070703A30FE9FE2A8CAE8CDF
:10AD90006312F90617690000130949C80326090060
:10ADA0008326490002559255EFC0AFEB2A86AE8646
:10ADB0006285E685EFD02FB96346A00E0256925603
:10ADC0000325090083254900EFD0BF992A86AE8666
:10ADD0006285E685EFD00FC293070003E35105E0DB
:10ADE0000347FAFF9306FAFF6304F7006A8459A841
:10ADF000368AFDB797370000938747549043D44372
:10AE0000EFD0AFCA2A8CAE8CB1BFE287BE8C82472E
:10AE1000528C973A0000938A6A5213891700BE9D9C
:10AE20005A86DE866285E685EFC0BFD6EF103026F3
:10AE30002A8DEFE06F905A86DE86EFD00FC72A8604
:10AE4000AE866285E685EFD0DF9193070D03A30FF1
:10AE5000F9FE2A86AE864A8A639E2D07EFC06FE010
:10AE60005A86DE862A8CAE8CEFD0EFAD634BA00203
:10AE70005A86DE866285E685EF10D01A01E5937763
:10AE80001D0085E3CE852685EF00B029C25723003B
:10AE90000A00050480C3D247E389079423A0470131
:10AEA000A9B2228D130790038346FAFF9307FAFF96
:10AEB000639AE6008246639DF60013070003050DC2
:10AEC0002380E60003C7070005072380E70039BF9A
:10AED0003E8AD9BF03A60A0083A64A000509EFD01F
:10AEE000CFBC014681462A8CAE8CEF10B0130DF911
:10AEF00051BF424763000710924605476345D70C90
:10AF000062579387374309E7264793076003998F72
:10AF1000568DDA8C854526853E9BBE9BEF003039E9
:10AF20002A89635E9001635C7001E68763D39B01AD
:10AF3000DE87330BFB40B38CFC40B38BFB4063805C
:10AF40000A04C247C5CF6354A003CA856A86268512
:10AF5000EF00F04B4E86AA852A892685EF00F03651
:10AF60002ACECE852685EF00D01BF247BE893386D8
:10AF7000AA4111C6CE852685EF007049AA8985456C
:10AF80002685EF00D032E247AA8A635BF0063E8650
:10AF9000AA852685EF00B04712478547AA8A014D4A
:10AFA00063C8E706014D63120A069317CC00528D61
:10AFB000A9EFB705F07F337CBC0063080C04050BD8
:10AFC000850B054D99A0138DFDFF63CAAA01338D32
:10AFD000AA4163DE0D00B30CBB41814725BFE247A8
:10AFE000B30A5D41D6973ECCEA8A014DDDB7DA8CD3
:10AFF000EE870DB7568DDA8C014925B756869DBF71
:10B0000012478547014DE3DFE7F8E247054589CF61
:10B0100083A70A018D078A07D697C843EF00301E21
:10B02000930700023385A7405E957D8951C1930740
:10B030000002898F1147635AF706F1473385A7400D
:10B040002A9BAA9CAA9B63586001CE855A862685B6
:10B05000EF00D047AA8963587001D6855E862685A1
:10B06000EF00D046AA8AB257B1C7D6854E85EF0009
:10B07000D05263510504CE85814629462685EF00CE
:10B08000900EC2477D14AA89638C0726CA85814623
:10B0900029462685EF00300DA2472A896345F0082E
:10B0A0001247894763D1E70829A8E38EE7F83E8570
:10B0B000710579B76345B0071247894763D1E70641
:10B0C0006EC4A24791EFD685814615462685EF00CE
:10B0D0009009AA8AAA854E85EF00304CE34DA0B4B2
:10B0E000B247024A13C4F7FF014BD6852685EF000D
:10B0F0005003E30909D863080B0063062B01DA85C6
:10B100002685EF001002CA852685EF0090019DBBC1
:10B11000814A0149F1B76A84814A014929BEC2477F
:10B120006EC46386071E63589001CA8566862685AD
:10B13000EF00D0392A894A8563060D02832549002C
:10B140002685EF008075032609012A8B9305C90027
:10B1500009060A063105EFE0AFB50546DA85268512
:10B16000EF00D036824722474A8B138C1700BA97DC
:10B170003EC693771A002A893EC4D6854E85EFF0E5
:10B180006FC6DA852A8D930D05034E85EF00F040DA
:10B190004A86AA8BD6852685EF0050435045930CEE
:10B1A000FCFF2A8A054711E6AA854E85EF00F03E8E
:10B1B0002A87D28526853AC8EF00A0769247424773
:10B1C000628AB3E6E700A247DD8E81EE13079003A3
:10B1D0006388ED0463547001930D1D032380BC014B
:10B1E00029B763CA0B009247B3EB7701A247B3EBD1
:10B1F000FB0063950B04E353E0FECE8505462685F0
:10B20000EF00D02CD685AA89EF0030396346A00024
:10B2100071F513F71D0079D313079003E39EEDFA40
:10B22000930790032380FC00930690038347FAFF63
:10B230001307FAFF638CD708850745A0635BE0001E
:10B2400013079003E38EEDFC93871D002380FC0021
:10B2500069BDB247A30FBCFF63818705CE858146D8
:10B2600029462685EF002070AA8981462946DA857D
:10B27000268563182B01EF00006F2A8B2A89050CA5
:10B28000EDBDEF00406ECA852A8B81462946268592
:10B29000EF00606D2A89E5B7014BCE85054626850E
:10B2A000EF00D022D685AA89EF00302FE34EA0F61A
:10B2B00001E593F71D00ADFB930700030347FAFF79
:10B2C0009306FAFFE313F7E2368ACDBF824763990C
:10B2D000E70002470504930710032300F70031B588
:10B2E0003A8AA9B75247975700009387A7733EC081
:10B2F0009757000093878773631707CE6FF0EFCEE1
:10B30000A2476346F00012478947E3CCE7DA024AD6
:10B31000D6854E85EFF00FAD8247050A930D0503E4
:10B320003307FA40A247A30FBAFFE357F7F6CE85DB
:10B33000814629462685EF000063AA89D1BF83D7BD
:10B34000C500011122CC26CA06CE4AC84EC613F744
:10B350008700AA842E8479EFD841634DE000B8417C
:10B36000634AE0000145F2406244D2444249B24996
:10B370000561828058547DD703A904009396370154
:10B3800023A0040063DE060670488357C400918B37
:10B3900099C75C401D8E5C5899C33C401D8E5C541F
:10B3A0000C50814626858297FD570357C400631DC4
:10B3B000F5009440F54763E9D706B70740208507B5
:10B3C000B3D7D700858BADC31C48232204001CC013
:10B3D0009317370163D80700FD576314F5009C40AD
:10B3E00091E368C84C5823A02401ADDD93074404C1
:10B3F0006385F5002685EF00303C232A04029DB7C3
:10B400000C500146854626850297FD572A86E31E85
:10B41000F5F69C40BDDB75476385E70059476394AB
:10B42000E70423A024013DBF136707042316E400AB
:10B430007D5515BF83A90501E38609F203A905001F
:10B440008D8B23A0350133093941014791E3D84958
:10B4500018C4E35920F11C540C50CA864E86268528
:10B4600082976349A0008357C40093E7070423161B
:10B47000F4007DBFAA993309A940E1BF9C49A5C347
:10B48000011122CC06CE2A8411C51C4D81E72EC69F
:10B490003922B245975700009387C75B639CF5003C
:10B4A0004C408397C5009DC722856244F2400561E8
:10B4B0006FF0FFE8975700009387C75B6394F50030
:10B4C0000C44C5B7975700009387C756E39BF5FC1C
:10B4D0004C44C1BFF2406244014505618280014590
:10B4E0008280411122C406C62A842316B500231780
:10B4F000C500232005002322050023240500232264
:10B50000050623280500232A0500232C05002146D3
:10B5100081451305C505EF500E83971700009387EB
:10B52000E70A5CD0971700009387470D1CD4971744
:10B530000000938787115CD4971700009387471406
:10B5400000D01CD8B24022444101828097050000FF
:10B55000938505F399AA411126C2130680069384A8
:10B56000F5FFB384C4024AC02E8922C406C693855F
:10B570004407EF00F02E2A8401CD2320050023226A
:10B580002501310508C4138684068145EF40BEFBC2
:10B590002285B240224492440249410182801C4DDE
:10B5A000A5E7411106C622C497070000938747FA12
:10B5B0001CD59387C1969C432324050423260504A8
:10B5C000232805046314F50085471CCD2A843528FB
:10B5D00048C022851D2808C42285052848C4484043
:10B5E00001469145EFF0FFEF08440546A545EFF011
:10B5F0005FEF48440946C945EFF0BFEE85471CCCD4
:10B60000B240224441018280828041119387C196D9
:10B6100026C284434AC006C69C4C22C42A8981E7BC
:10B620002685EFF0DFF7938484048044DC40FD1727
:10B6300063D607009C40B9CF8440C5BF0317C40040
:10B6400039E7C1778507232204062320040023223B
:10B650000400232404005CC423280400232A0400DB
:10B66000232C0400214681451305C405EF40BEED9F
:10B67000232A0402232C0402232404042326040482
:10B680002285B2402244924402494101828013043F
:10B69000840671BF91454A85EFF0FFEB88C049FDF4
:10B6A000B1472320F9000144E1BF797122D44AD087
:10B6B00052CC56CA5AC85EC606D626D24ECE2A8A62
:10B6C000AE8A130485040149054BFD5B09ECB250B9
:10B6D00022544A8592540259F249624AD24A424B54
:10B6E000B24B45618280044483294400FD1963D430
:10B6F00009000040E1BF83D7C400637BFB00839750
:10B70000E40063877701A6855285829A3369A90090
:10B7100093848406E1BF938781869C43885309E51F
:10B720001755FE1F1305C5181305050F82801971E3
:10B73000A6DAAE848395E500A2DC86DE328463DC83
:10B74000050083D7C40023A0060093F7070885E708
:10B75000930700401DA0300836C6EF00F078B246CF
:10B76000E34105FE7247BD67F98F7977BA9793B7C2
:10B7700017009CC2F1BF930700041CC0F65066542A
:10B78000D65401450961828083D7C500011122CCBE
:10B7900006CE26CA4AC8898B2E8489CF93077404A3
:10B7A0001CC01CC885475CC8F2406244D244424970
:10B7B0000561828074003000AA84EFF05FF7A24533
:10B7C0002A892685EF00D00901ED8317C40013F7FD
:10B7D000072079FBF19B93E727002316F4007DBF38
:10B7E000970700009387C7D69CD48357C40008C02E
:10B7F00008C893E707082316F400A2475CC8B247BD
:10B8000091CF8315E4002685EF00307101C983577D
:10B81000C400F19B93E717002316F4008357C4007C
:10B820003369F9002316240141B793878186AA85DD
:10B8300088436F00F00293F5F50F2A966314C50054
:10B840000145828083470500E38DB7FE0505FDB7FE
:10B8500063F3A504B386C500637FD5029345F6FF65
:10B860008147FD176393F50082803387F600034814
:10B8700007003387C7002A9723000701DDB7338706
:10B88000F500834607003307F50085072300D7003E
:10B89000E317F6FE82808147E5BF5C51411122C467
:10B8A0004AC006C626C22A842E8989EF4145EFF098
:10B8B000DFF748D0232205002324050023200500BC
:10B8C000232605004450DC4495C75850931729009F
:10B8D0005847BA9788431DED8544B39424011386D5
:10B8E00054000A06854522856D2511CD23222501A8
:10B8F00004C51DA01306100291452285592D5C50E8
:10B90000C8C4DC47F9F30145B240224492440249DD
:10B9100041018280184198C3232805002326050091
:10B92000E5B75C51011122CC06CE2A8499EF41453E
:10B930002EC6EFF09FEFB24548D023220500232406
:10B940000500232005002326050091C95450DC4141
:10B9500013972700DC46BA97984398C18CC3F240EE
:10B9600062440561828079714ECEAA89416522D4F4
:10B9700026D22E84844906D64AD0D10501487D15A9
:10B980009C419105050833F7A7003307C702C1831F
:10B99000B387C702369793560701698FB69793D638
:10B9A0000701C207BA9723AEF5FEE34B98FCA1C28C
:10B9B0001C4463C7F4024C404E8536C68505EFF043
:10B9C000DFED10489305C4002A8909060A063105EF
:10B9D000EFD01FAEA2854E85EFF0BFF4B2464A8489
:10B9E000938744008A07A297D4C3850404C822859C
:10B9F000B250225492540259F249456182804177F3
:10BA0000698FAA87014519E3C2074145370700FF3F
:10BA10007D8F19E32105A207370700F07D8F19E319
:10BA200011059207370700C07D8F19E309058A07C2
:10BA300063C9070013971700050563440700130542
:10BA4000000282801C4113F777000DC393F61700A4
:10BA5000014799E613F7270011C785831CC10547E5
:10BA60003A85828089831CC10947DDBF939607010F
:10BA7000C182014799E2C183414793F6F70F99E2EA
:10BA80002107A18393F6F70099E21107918393F6BA
:10BA9000370099E20907898393F6170081E68583C9
:10BAA000050799C31CC16DBF1307000255BF4111A3
:10BAB00022C42E84854506C6EFF03FDE40C9B24061
:10BAC0002244054718C94101828098491C4A79716E
:10BAD00026D206D622D44AD04ECEAE846354F70086
:10BAE000B2842E8683A90401032906019C44CC401C
:10BAF0003384290163D38700850532C6EFF0FFD96F
:10BB0000324613084501131324004293C28763EDA4
:10BB1000670293854401939829005106131E29005A
:10BB2000C166AE98329EFD166364C60363568000FC
:10BB3000711383270300F1CB00C9B25022549254F1
:10BB40000259F2494561828023A007009107C1B7DD
:10BB5000832F0600B3FFDF00638A0F04428FAE829B
:10BB6000814403A7020083230F00110FB37ED70087
:10BB7000B38EFE03B3F7D30093D303019102BE9EAD
:10BB800093570701B387F703A69E13D70E01B3FEA1
:10BB9000DE009E97BA9793D40701C207B3E7D70197
:10BBA000232EFFFEE3EF12FB23209F00835226008B
:10BBB000638A020483270800C28E2E8F814F0327D9
:10BBC0000F0083D32E00F58F758F33075702910E28
:10BBD000110F1E977E97931F0701B3E7FF0023AE57
:10BBE000FEFE8357EFFF83AF0E004183B3875702FA
:10BBF000B3FFDF00FE97BA9793DF0701E3611FFDF4
:10BC000023A0FE001106110805B77D1405B7011128
:10BC100026CA4AC84EC606CE22CC52C493773600F6
:10BC20002A89B284AE8989CFFD1717570000130700
:10BC300067F58A07BA9790438146EFF0DFD2AA8969
:10BC40008984A5CC8327490291EF4145EFF0FFBDE0
:10BC50002322A90223220500232405002320050016
:10BC600023260500032A490203248A0019E89305C4
:10BC700010274A85EFF0BFE32324AA002A8423205B
:10BC8000050093F7140081CFCE8522864A85EFF018
:10BC9000DFE32A8ACE854A85EFF0BFC8D289858442
:10BCA00089CC084009E92286A2854A85EFF0FFE1A8
:10BCB00008C0232005002A84E9B7F24062444E857B
:10BCC000D2444249B249224A05618280797126D222
:10BCD000AE844ECE83A9040122D4CC4113545640E5
:10BCE0009C44A2994AD056CA06D652CCAA8A138935
:10BCF000190063C42709568532C6EFF01FBA3246D1
:10BD0000930745012A8ABE8601479106634A870642
:10BD100063530400014494480A04338787008A0669
:10BD2000938744017D8ABE9625C21308000233081A
:10BD3000C84081458843110791073315C500C98D57
:10BD4000232EB7FE83A5C7FFB3D50501E3E4D7FED5
:10BD50000CC399C1138929007D1923282A0156850E
:10BD6000A685EFF01FBCB25022545285925402595E
:10BD7000F249624AD24A456182808505860795BFAD
:10BD800023AE06FE050751B7910703A6C7FF1107AB
:10BD9000232EC7FEE3EAD7FEC1B71C499849998F05
:10BDA0008DE30A075105D105B306E500BA95F116F2
:10BDB000F115904298416308E600FD576363E60081
:10BDC00085473E858280E364D5FEE5BF011126CA22
:10BDD000AE844EC6B285AA89268522CC06CE4AC834
:10BDE0003284EFF09FFB05E181454E85EFF0FFAA1D
:10BDF00085471CC9232A0500F2406244D2444249C7
:10BE0000B24905618280054963460500A287014960
:10BE10002684BE844C404E85EFF03FA803230401E6
:10BE200083A8040113064401131E23001388440150
:10BE30008A08C16E23262501329EC29893064501C9
:10BE4000014FFD1E1842832F08009106B375D701DC
:10BE5000B3F7DF01FA959D8D93DF0F01935707012B
:10BE6000B387F74113D70541BA9713DF0741B3F5FD
:10BE7000D501C207CD8F110823AEF6FE1106E3638C
:10BE800018FDC165FD156368C601F1169C4295C792
:10BE90002328650095B71C429106110633F7B700B9
:10BEA0007A9713580741C183C29713DF07416D8FFB
:10BEB000C207D98F23AEF6FEF9B77D13F9B77971B2
:10BEC00022D42E84854526D24AD0B2844ECE52CC7E
:10BED0003A8906D6368AEFF05F9C37071000930741
:10BEE000F7FFE58FD18093F4F47FAA89B5E03EC6D1
:10BEF0002DC4280022C4EFF0FFB4A24621CD324762
:10BF000093070002898FB317F700D58F3357A70027
:10BF100023AAF9003AC6324423AC890033348000A6
:10BF2000050423A88900B9C49384D4BCAA949307B8
:10BF3000500323209A003385A7402320A900B25044
:10BF400022544E8592540259F249624A45618280D8
:10BF5000D98F71BF23AAD9007DBF6800EFF09FAED3
:10BF6000B24713050502054423AAF900854723A813
:10BF7000F90055BF931724001305E5BCCE97232085
:10BF8000AA00884B1604EFF09FA7098C2320890094
:10BF90007DB73386C502011122CC06CEB28532C6EA
:10BFA000C1202A8409C532468145EF40CED9228579
:10BFB000F240624405618280DDC183A7C5FF411163
:10BFC00022C406C626C21384C5FF63D307003E946D
:10BFD000AA84EF00607E9387C1CA9C4381EF23222D
:10BFE000040023A681CA2244B2402685924441011E
:10BFF0006F00A07C637EF40014403307D400639686
:10C00000E7009843DC43369718C05CC0D9BFBA87B5
:10C01000D84319C3E37DE4FE94433386D700631FFE
:10C0200086001040B29694C33386D700E31DC7FA4A
:10C0300010435843B29694C3D8C375B76375C40010
:10C04000B1479CC04DB71040B306C4006316D7007B
:10C0500014435843B29614C058C0C0C369B7828015
:10C06000011126CA93843500F19806CE22CC4AC825
:10C070004EC6A104B14763F2F404B14463E1B404D1
:10C080002A89EF0060739387C1CA98433A8431E0EC
:10C09000938701CB9C4391E781454A85A12923A839
:10C0A000A1CAA6854A85B921FD5963173507B1474D
:10C0B0002320F9004A85112729A0E3D104FCB147C8
:10C0C0001CC10145F2406244D2444249B249056173
:10C0D00082801C40858F63CE0702AD4663F6F60072
:10C0E0001CC03E9404C031A05C406312870223A6AA
:10C0F000F1CA4A85D9251305B40093074400619914
:10C100003307F54061D33A94898F1CC065BF5CC387
:10C11000CDB722874040A5BF130435007198E303D3
:10C1200085FCB305A4404A85F126E31D35FB41B7E4
:10C1300081E5B2856FF0DFF2011122CC06CE26CA6E
:10C140004AC84EC6328401EEEFF01FE70149F240C3
:10C1500062444A85D2444249B24905618280AE8434
:10C16000AA89A92D2689E37485FEA2854E85EFF064
:10C170003FEF2A8969DDA6852286EFD06FB3A685B9
:10C180004E85EFF07FE3E1B701114AC803A98500AE
:10C1900022CC52C45AC006CE26CA4EC656C22E84DF
:10C1A000328B368A63EE260983D7C50013F707481A
:10C1B00051C704408C495848AA8AB389B4408D4479
:10C1C000B384E4020947B3C4E402138716004E9710
:10C1D00063F3E400BA8493F70740D9C3A685568574
:10C1E000EFF01FE82A890DE5B14723A0FA00835735
:10C1F000C4007D5593E707042316F400F24062441F
:10C20000D2444249B249224A924A024B0561828095
:10C210000C484E86EFD0CFA98357C40093F7F7B7E9
:10C2200093E707082316F4002328240144C84E99F5
:10C23000B38434412320240104C4528963732A0146
:10C24000528908404A86DA85EFF08FE01C440145A8
:10C25000B38727411CC41C403E992320240179BF89
:10C2600026865685EFF0DFEC2A895DFD0C48568561
:10C27000EFF09FD495BF83D7C500717126D34AD103
:10C280004ECF06D722D552CD56CB5AC95EC762C50E
:10C2900066C393F70708AA892E89B284B9C39C495B
:10C2A000A9E39305000436C6EFF09FDB2320A90025
:10C2B0002328A900B24615E1B14723A0F9007D5516
:10C2C000BA502A549A540A59FA496A4ADA4A4A4BE5
:10C2D000BA4B2A4C9A4C4D61828093070004232A62
:10C2E000F90093070002A30CF1029307000302DA9E
:10C2F000230DF10236CE930B5002974A0000938A29
:10C30000EA68054C294B26848347040099C3639D42
:10C310007709B30C9440638E0C00E6862686CA85A6
:10C320004E85EFF07FE6FD576302F51AD256E6968A
:10C3300036DA83470400638B0718FD579304140013
:10C3400002D002D63ED202D4A301010682DC83C50C
:10C35000040015465685EFF00FCE13841400825763
:10C3600031E513F7070109C713070002A301E1062E
:10C3700013F7870009C71307B002A301E10683C6BC
:10C3800004001307A002638BE602B257268481469D
:10C3900025460347040093051400130707FD637443
:10C3A000E6068DC63ED61DA00504B9BF330555412E
:10C3B0003315AC00C98F3ED0A28451BF724793069B
:10C3C0004700184336CE634907023AD603470400B4
:10C3D0009307E002631FF704034714009307A002CA
:10C3E000631BF702F2470904138747009C433ACEC8
:10C3F00063C107023ED235A83307E04093E7270028
:10C400003AD63ED0E1B7B387670385462E84BA9704
:10C4100049B7FD57C5B7050402D281468147254675
:10C420000347040093051400130707FD6378E6062D
:10C43000F1F2834504000D461745000013058555AC
:10C44000EFF06FBF11CD974700009387A7541D8D64
:10C4500093070004B397A700025505045D8D2AD009
:10C46000834504001946174500001305E55293045F
:10C470001400230CB102EFF00FBC35C197D7FFFFBA
:10C480009387E75695E70257F2471377071009CFCE
:10C4900091073ECED257D2973EDAB5B5B387670340
:10C4A00085462E84BA97ADBF9D07E19BA107D5B7FE
:10C4B000780897060000938666CD4A860C104E8554
:10C4C000EFD0AFD2FD572A8AE316F5FC8357C90097
:10C4D0007D5593F70704E39507DE5255D5B37808E9
:10C4E00097060000938686CA4A860C104E85EFD0C8
:10C4F000DFACC9BF411122C42A842E859757FF1F84
:10C5000023A8077006C6EF309FE1FD576319F500B9
:10C510009757FF1F9387C76F9C4391C31CC0B240BE
:10C52000224441018280FD4763F6B700D9471CC110
:10C530007D5582807C41011122CC06CE2E862A8434
:10C5400091C713972500BA97984319EB228532C6F5
:10C550009D28AA85228562443246F24005611DA8C5
:10C56000854601456308D700FD566319D700D947B2
:10C570001CC00545F2406244056182802E8523A0DF
:10C58000070002970145FDB793878186AA858843F6
:10C590006FF07FF9411122C42A842E85B285975706
:10C5A000FF1F23A7076606C67523FD576319F5000D
:10C5B0009757FF1F9387C7659C4391C31CC0B24028
:10C5C000224441018280BDA3411122C42E8483955F
:10C5D000E50006C6F52A634905007C48AA977CC891
:10C5E000B2402244410182808357C4007D777D1789
:10C5F000F98F2316F400EDB783D7C500011122CCC3
:10C6000026CA4AC84EC606CE93F70710AA842E84BF
:10C610003289B68991C78395E5008946014635225E
:10C620008357C4007D777D17F98F2316F400831597
:10C63000E4006244F240CE864A86B24942492685E9
:10C64000D24405613DA8411122C42E848395E500A2
:10C6500006C6E528FD570357C400631BF500FD77A8
:10C66000FD17F98F2316F400B24022444101828065
:10C670008567D98F2316F40068C8FDB78395E50058
:10C6800025A8411122C42A842E85B2853686975763
:10C69000FF1F23AF075606C6EF309FC4FD5763192F
:10C6A000F5009757FF1F9387A7569C4391C31CC063
:10C6B000B240224441018280411122C42A842E8545
:10C6C0009757FF1F23A6075406C6A921FD576319D4
:10C6D000F5009757FF1F9387A7539C4391C31CC036
:10C6E000B240224441018280411122C42A842E8515
:10C6F000B2859757FF1F23AD075006C62521FD576A
:10C700006319F5009757FF1F938787509C4391C388
:10C710001CC0B240224441018280411122C42A84BB
:10C720002E859757FF1F23A5074E06C62129FD57C3
:10C730006319F5009757FF1F9387874D9C4391C35B
:10C740001CC0B240224441018280411122C42A848B
:10C750002E85B28536869757FF1F23AB074A06C63C
:10C760001121FD576319F5009757FF1F9387474A1B
:10C770009C4391C31CC0B24022444101828085E1A8
:10C7800041116C00014511CA795581CA83470600E1
:10C790009CC1034506003335A0004101828001455C
:10C7A00019CA795589CA834706009CC1034506000A
:10C7B0003335A000828082808280828083A7C5FF7B
:10C7C0001385C7FF63D50700AA959C413E958280DB
:10C7D000411122C42A842E85B28536869757FF1FC1
:10C7E00023A8074206C67926FD576319F500975717
:10C7F000FF1F9387E7419C4391C31CC0B240224472
:10C800004101828091CD9307F00F63F7C700930732
:10C81000A0081CC17D5582802380C500054582800B
:10C820000145828013D74501B7071000FD1713D8C3
:10C8300046011377F77F9308F07F33FEB700AA8E87
:10C84000F58FFD81328F1378F87FFD82630B17011E
:10C8500005436306180163140701630DFE001A8582
:10C860008280B368AE000543E39B08FEE319E8FE4F
:10C87000D18FF5F70543E394EEFF0143E381D5FE45
:10C88000054371FF3365AE003333A000C9BF93D7B2
:10C890004501B70610001387F6FF93F7F77F1306DD
:10C8A000E03F6D8FFD81635CF6001306D041635A53
:10C8B000F600370500801345F5FF2E95828001456F
:10C8C0008280130630431D8E7D48558F635DC800FE
:10C8D00093063041B387F640B357F7003305F04075
:10C8E000E5F13E8582809387D7BEB317F7003355B5
:10C8F000C500C98FE5B70328C500184154410C4550
:10C9000021659307F5FF13560801139E35007D8EB0
:10C910009358D70193D7D601131308018E064111FE
:10C92000B3E7C701B3E6160113530301131E370023
:10C93000930816007915F5810E033EC436C272C005
:10C9400033F5A8001358F801B3E5650005C9717700
:10C95000130707403A961307E07F635DC704130689
:10C96000F07F014781473207520631837E08518F9D
:10C97000336707013E85BA8541018280D58FCD8F0F
:10C98000B3E7C70105E2F1CB8147954693D5360061
:10C99000139797009396D701B3E7B60031831376C8
:10C9A000F67FD1B7CDDF01481306F07F37070800C7
:10C9B000814755BF6346C00A9307C0FC634FF60E1C
:10C9C0009307D0033386C740935756403707080074
:10C9D000D98D139527000A8781462EC6B308A1007A
:10C9E00011077D8AB3E6C60163091701032E07000C
:10C9F0001107B3E6C601E31B17FF0D471D8F79CA68
:10CA000093080101AA9883A808FF130E0002330EB1
:10CA1000CE40B398C801B3E6160175CB0A070A9554
:10CA2000B30EE1008A880C41032345009108B3D579
:10CA3000C5003313C301B3E5650023AEB8FE11058D
:10CA4000E3931EFF9145B387F540B24508082A9746
:10CA5000B3D5C5002328B7FE61A80146014721B719
:10CA600013974600139547003367C701F182F1839E
:10CA700092053337E000C98ECD8FD98E13F776003B
:10CA800011C713F7F6009145631CB7023707800002
:10CA90007D8FE30D07EE05061307F07FE301E6EC5B
:10CAA000370780FF7D177D8F9317D7018D8226076B
:10CAB0001376F67FD58F31837DB585468147014654
:10CAC00013B7C6FF13471700BA97370780009106C0
:10CAD0007D8FC1B78A85B388A50083A8080091051A
:10CAE000050623AE15FFE358C7FE1147B307F7400D
:10CAF0008A078A97180823A007009107E39DE7FE9D
:10CB00000247B336D0009247D98E014685BF85478C
:10CB100001472DBF930780051757FF1F232AF70EE4
:10CB20007D558280930780051757FF1F2322F70E3C
:10CB30007D558280930780051757FF1F232AF70C26
:10CB40007D558280930780051757FF1F2322F70C1E
:10CB500001458280930780051757FF1F232AF70A94
:10CB60007D558280930780051757FF1F2322F70A00
:10CB70007D558280930780051757FF1F232AF708EA
:10CB80007D55828001A000006500030203040305B7
:10CB900004060D00FE09FE0AFF015F02C404032023
:10CBA00005006E0721074943C7210922079B5A4701
:10CBB0006209230E3D464F294906A53228A52401C6
:10CBC000240F4D4257362851926D49940C5A042532
:10CBD0000D4D424FA474CC8A498B9400260E4542D9
:10CBE0004F9644495689A22952022706195BC7006D
:10CBF000280BDB3E57122551B7280B290CDB3E478B
:10CC0000166551972889002A0A2D5257A5B2344536
:10CC1000002B0A2D4A57180D5218012C079B3E8FE6
:10CC200052022D060D52C7202E089B3E4FB2240003
:10CC30002F0B4D42672DCC8A591802300B4D4257AD
:10CC400096D4BC25B508310B4D42572625614F833C
:10CC500000320B4D42CF926961D67110330C4D42B8
:10CC6000C72066B535D49205340F4D425F984949C7
:10CC7000949492410B1300350C4D42C7B1620A43A4
:10CC80002D5900360D4D42CF9289E19064B6640172
:10CC9000370C4D42C72066611666610D380D4D4256
:10CCA000CF92D99225B3250B00390D4D42CF92D9A1
:10CCB00092210CB564013A0BC33E4FB2E448B22452
:10CCC000003B0AC33E4FB2E48852023C084D426723
:10CCD000D6B5033D09254AC7A06383003E094D42EE
:10CCE00047DAAD23003F0C4D42CF92696156CCA18B
:10CCF00008400D4D42CF92999644492CE910410CC1
:10CD00004D425796D46CC390D90242104D42C71081
:10CD100055A2244AA64A94448302430B4D42CF9223
:10CD200089BD250B0044124D42C71055A2244AA2CA
:10CD3000244AA2241A1400450B4D42C7B13824617D
:10CD40007110460B4D42C7B13824612300470C4D8A
:10CD500042CF92894D9B962C00480B4D4247E636B8
:10CD60000C995B004908CB42C712F5654A0B4D424E
:10CD7000D716F6124512004B0D4D4247664A4A5AE5
:10CD80001255322D4C094D4247D88F83004D0D4D21
:10CD90004247A62D4BA2249A5B004E0D4D424736CA
:10CDA0004D4AA224D24D0B4F0A4D42CF92F92D5934
:10CDB00000500C4D42C79064B641091B01510A5501
:10CDC0003ECF92F9A5B206520D4D42C79064B641CE
:10CDD0002955322D530C4D42CF9289E91A6AC90266
:10CDE00054094D42C72085FD0455094D4247E66F61
:10CDF000C902560D4D4247E696949228C9C208577B
:10CE00000D4D4247E62551122551BA00580E4D42AC
:10CE100047A625A524AB44494D0B590C4D4247A6C6
:10CE200025A5240B3B015A0C4D42C720666156CC08
:10CE3000C2415B09DB3EC710F5A7015C0B4D4247C1
:10CE4000988669310D035D09DB3EC7D49F86005E7D
:10CE5000081D5A5796D4025F060D3EC72060061281
:10CE6000634714610B3542CF9A0C9AA42801620CD7
:10CE70004D4247581C92CC6D5000630A3542CF9208
:10CE800089B56401640B4D4267CBA0B925430065A9
:10CE90000C3542CF920D4398250B00660C4D4297FE
:10CEA0005409B3210ADB00670C453ACF92D992218D
:10CEB000D49205680A4D4247D862D2DC026908C3A1
:10CEC000424F2875196A0B543A5FACB54952A2001B
:10CED0006B0D4D4247D89494B424AA64016C08CBDE
:10CEE0004287D42F036D0D354287D2A2244AA22453
:10CEF0005A006E0935424762D2DC026F0A3542CFD2
:10CF000092B9250B00700C453AC79064B641098B65
:10CF100000710A453ACFA0D992216C720935424777
:10CF200062121B01730C3542CF92256A92250B00C9
:10CF3000740C45424F980D51D8142900750935429B
:10CF400047E6495102760B354247664B4A4916017E
:10CF5000770B35424766499444E902780B354247DE
:10CF600096D4C22CA905790C453A47E6A428A19687
:10CF70002C007A093542C7A0751C047B0B5D3E9FCF
:10CF80001436A961AB007C064943C7037D0B5D3EA7
:10CF9000871AB64A6193067E091D5A4FA42452028D
:10CFA000000000080464055BFFFF04000E55424FBB
:10CFB0009A0F63382461380804010F55424F2989BC
:10CFC00087311C92301C040402135D3AC72085A1EE
:10CFD0009644499444499484590204030C55425799
:10CFE0009623C326760404040D4D42D79285E19022
:10CFF00084693A04050D4D42CF9289E91A6AC90243
:10D00000040609CB42C712F56504070D55424F29A6
:10D01000890729EC340804080C4D42D716F612454E
:10D0200012000409124D428F94444994448952518C
:10D030001225B100040A134D42471225511225D181
:10D0400090549444492C00040B114D42C72085A1F3
:10D050009644499444499404040C0F5D425F29337B
:10D0600025252D892A9916040D0D55424F9A67D210
:10D070002599262D040E0E55424796CC992D19C29E
:10D08000CA02040F0C5D3A47E66FC3144600041051
:10D090000D4D425796D46CC390D90204110E4D42E7
:10D0A000C79084C521C96C830204120E4D42C790FB
:10D0B00064B641C96C830204130A4D42C74DEC2388
:10D0C00000041413553E97944449944449944449A8
:10D0D0009424C31604150C4D42C7B1382461711055
:10D0E0000416114D424792288952D9B2A5A2244A6A
:10D0F0000104170D4D42CF92852535D492050418B1
:10D100000E4D424766BA244A324D5A0004190E5554
:10D11000424796CC997449A6490B041A0E4D4247D2
:10D12000664A4A5A1255322D041B114D42D7122518
:10D1300051122551122591A605041C0E4D4247B6E9
:10D140000CC9922889E616041D0C4D4247E6360CA0
:10D15000995B00041E0B4D42CF92F92D5900041F1C
:10D16000094D42C7CDDF0204200D4D42C790646EC9
:10D170008312160104210C4D42CF9289BD250B006C
:10D1800004220A4D42C72085FD0404230D4D424769
:10D19000E62D19422D59000424104D4257B65494DF
:10D1A000444994CA16460004250F4D4247A625A5BA
:10D1B00024AB44494D0B0426145D3A4794444994EA
:10D1C00044499444499444C9201604270B4D4247CE
:10D1D000E6960C61070428134D424792288992284D
:10D1E000899228899228C9300429145D3A479228E7
:10D1F000899228899228899228C93016042A0E4DCE
:10D200004287D83855A2244A1600042B0C4D4247B9
:10D21000661B12E98312042C0D4D4247D83824991D
:10D220006D5000042D0D4D42C75A4C86B0964C00EF
:10D23000042E134D424794549444498644499444DF
:10D2400049A404042F0E4D42CFA0D992214A4A9AF4
:10D250001604300C3542CF9A0C9AA4280104310EE2
:10D260004D4267B2844392B9250B0004320D35421A
:10D27000C7906483926983020433093542C74D6CB9
:10D280000404340F3D3E97944449944449326C0160
:10D2900004350D3542CF920D4398250B0004360D11
:10D2A00035424792289569A9280504370C3542CFA5
:10D2B0009245AA962C0004380B354247665A92498B
:10D2C0000B04390D4D424796CC996949262D043AF5
:10D2D0000C35424726255325D302043B0D3542D752
:10D2E00012255112259116043C0D354247B62C8962
:10D2F00092685A00043D0B354247A60D43660B0465
:10D300003E0B3542CF92B9250B00043F093542C789
:10D31000CD5B0004400D453AC79064B641098B00CF
:10D3200004410B3542CF9289B5640104420A35426B
:10D33000C7A514360104430D453A47E6A428A19633
:10D340002C00044411553A57982D15255112A5B2B9
:10D3500085110004450B35424796D42A352D0446E5
:10D3600010453A47944449944449940C6201044757
:10D370000B354247664B86B00004480F3542479252
:10D380002889922889920C03044910453A4792282B
:10D3900089922889920C6301044A0C354287184E01
:10D3A00095285900044B0C354247A60D897450024C
:10D3B000044C0D354247180E49A60D0A00044D0CC9
:10D3C0003542C7904663382800044E0F35424794D3
:10D3D0005494644894444A00044F0D3542CFA069E8
:10D3E000C990445A0004500F4D424F9A234B360CBB
:10D3F00061962C0004510F4D424F29C9976C18C2F9
:10D400002C59000452135D3A4FB68549A4949228D2
:10D41000899228CC120004530C4D42579623C32600
:10D42000360204540B3542CF204E613A0404550DA8
:10D430003542CF92256A92250B00045609C3424F0C
:10D4400028751904570C4D424F29C9C54E83000455
:10D45000580C543A5FACB54952A20004590E3542FB
:10D460008F9444895251120B00045A0E35424712D0
:10D4700025D1905494C402045B104D424FB68549A7
:10D48000A4949228899228045C0E4D4257962399C1
:10D49000944C954C0B045D0D4D424F9A67A625990F
:10D4A000B400045E0F5D3A4796CC9993A2845AB2B9
:10D4B00000045F0B453A47E66D98C20804600E4DC4
:10D4C000424F9B4BA2244AA2740104610C35424F87
:10D4D0009B922889D2050462104D424F3644613830
:10D4E00055A2244A160004630D45424F986DE1543D
:10D4F0008992050464124D4247B444499444C312CE
:10D50000255112450204650D354247B444C3122526
:10D5100051240466114D4257982551122535255145
:10D5200012A50004670D3542579644494D499402AF
:10D530000468124D42479444499424C36548866464
:10D54000480604690E3542479444C9B00CC9900C92
:10D55000046A104D42C72D2925D152511225510A76
:10D56000046B0D3542C7A0949268A92805046C117C
:10D570004E4247B2F42F43942C4AB2244B01046D1F
:10D580000E354247322489940CCB900C046E106502
:10D590003A4F14E94B16466A982CE902046F105D65
:10D5A0003A4F14E94B16A961B2A40B000470114D57
:10D5B000424792288992288952D9C21200047110D8
:10D5C000453A4792288992288952D9C20804720E96
:10D5D0004D42CF92D98621B3250B0004730CB4427F
:10D5E0008F120D939428000474114D424734255135
:10D5F0001255A2244AB2300204750D354247342533
:10D6000051254AB20804761156424794457934446C
:10D610006D499684690604770F4D4247D41A4D49E7
:10D620005489922C020478155D3A4F964449940C23
:10D63000C9900CC9902C89982500047910453A4F5F
:10D6400072488664489644CC1200047A0D5D3E57B9
:10D65000B654345F2A5B04047B0D453E57B6543400
:10D660004B658B00047C125D428F14293AD2A624AC
:10D670004AA2244A1700047D1055428F14293AD239
:10D68000A6244AA27401047E105542C7A59CD494D6
:10D6900044499444E902047F0F4D42C7A59CD494A9
:10D6A0004449942E0004800C5D3ACF9219BB8E152C
:10D6B0000004810B3D3ECF9289E9580104820D356B
:10D6C0004A5792258954C992080483091E62EF3093
:10D6D000A8000484081662CF94090485081562CF57
:10D6E00022050486081562CF12090488106E3A4F8D
:10D6F00098E46192730B933C4C0204890E6E3A4F8E
:10D70000184EA9CE2D0CA754048A10653A4796CC22
:10D71000997449A6492B2600048B0F5D3A4796CC95
:10D7200099694926AD9800048C0F4D424F986DE1E0
:10D73000548992285900048D0D3D424FB6855325DA
:10D740004A1600048E0E4D42C790642EC9A0646232
:10D7500008048F0E453AC790649664503231040431
:10D76000900A5542E73084FD0804910A3D42E730B3
:10D77000841D0104920E4D42CF904449986D611B67
:10D780000004930C3542CF90444316D60004940C09
:10D79000553EC7B13824995B0504950B3D3EC771D2
:10D7A00048325B0504960E5E3A47D29FC6704AFA2D
:10D7B000452D04970D463A47D2D336255DD4020451
:10D7C000980E5D3ACF92852535D492AD0604990D19
:10D7D000453ACF9245AA966C3500049A125D3A47B5
:10D7E0009444492989B424AA44492416049B0E452B
:10D7F0003A479494B424AA446201049C104D4247D1
:10D80000A62496D294448952D102049D0D354247F4
:10D810009258A644A96801049E0F4D424F34244DEE
:10D820009A2D892A5100049F0F4D424F986D5152F5
:10D83000D292A8120504A00F4D428794444949B3DF
:10D840002551250A04A10D3542879494B424AA4495
:10D850000104A2145D3A479444499444C990444950
:10D86000944449241604A310453A479444C990446B
:10D87000499444620104A4134D42473224511225B5
:10D88000D19444499444490404A50F3542473224B5
:10D89000D194444994440004A6145D3AC794444981
:10D8A00094448952511225518A590204A710453ACD
:10D8B000C7944489525112A598250004A810553EDA
:10D8C000CF928951525112A5B2A50204A90C3D3E36
:10D8D000CF124649CB960A04AA0D5D3ACF9289BD74
:10D8E000255B9A0004AB0D453ACF9289B5644B1382
:10D8F0000004AC0C5D3AC720857D142B0004AD0CF0
:10D90000453AC7A51416C50A0004AE0D4D4247A6F8
:10D9100025A5240B3B0104AF0D453A47A625A524B8
:10D920000B9B0004B00F4D4247A625A5248B06296A
:10D930002C0104B10F453A47A625A5248B06298C56
:10D940000004B2135E3A47966451922561254BA2BA
:10D950002CC9D40204B30E463A4716256125CA9253
:10D960004C2D04B4145D3AC7524AA2244AA2244A58
:10D97000A2244A86B00004B50F453AC7524AA224F1
:10D980004AA264080B04B6115D3A47944449944492
:10D9900049148D45B10004B70D453A4794444914E4
:10D9A0008DA15804B80F4D4247E6922895214AA20E
:10D9B000240C04B90C35424766A90C51120604BA6E
:10D9C0000C4D4247581C92CC5B0004BB0B4C4247A9
:10D9D000D6B6444E0104BC0F4D4297548992685804
:10D9E000C252A40004BD0D354297140D4B18450AD0
:10D9F0000004BE115D3A975489926858C252A4A59A
:10DA0000090004BF0E453A97140D4B18455A9A0069
:10DA100004C009CB42C712F56504C1125D424796A6
:10DA2000CC49A2244A655A2A4AA21404C20F4D4284
:10DA30004796CC49A254A6A5A21404C3115D3A4747
:10DA4000664A4A5A1255322D8C140004C40E453AC7
:10DA50004726255325D3C2480104C5135D3AD71282
:10DA60002551122551122591A615130004C60F4504
:10DA70003AD7122551122591564C0004C70E5D3A33
:10DA800047E6360C995B18290004C80D453A47A6AD
:10DA90000D43660B230504C90D5D3A47E6360C9924
:10DAA0005B310104CA0D453A47A60D43662B26009B
:10DAB00004CB0E5D3A47E62D19C29A16260004CC17
:10DAC0000D453A47664B8630D3C20404CD105D3A0B
:10DAD00047B60CC9922889E6564C0004CE0E453A4A
:10DAE00047B62C8992685A310104D01055424796A6
:10DAF000EC4896D4B461C8B40004D10E4D424796A8
:10DB0000EC6B326892A20404D21055424F29C9919D
:10DB10002CA969C390690104D30E4D424F29C9D77E
:10DB200064D024450904D4124D424FB24449944470
:10DB30008932255112250304D50C3542CF96244B4A
:10DB400029E90204D60F55424796CCC3180E49184E
:10DB50000E0204D70F4D424796EC4B360C61962CC3
:10DB60000004D80E4D42CF9285E13064B6640104C2
:10DB7000D90D3542CF9285C390250B0004DA10559C
:10DB8000424F29C9972C1C864C4B160004DB0F4DC5
:10DB9000424F29C9972C1C862C590004DC10554291
:10DBA0004F29899344A96CD952510A04DD0F4D4283
:10DBB0004F29899344A94C4B452904DE0F55424F08
:10DBC00029C9972C8C542D590004DF0E4D424F2942
:10DBD000C9972C52B5640104E00D4D42C72066B5CB
:10DBE00035D4920504E10D453AC7A0D5D6504B1661
:10DBF0000004E20D4D42C7A066D22599262D04E30C
:10DC00000D4542C7A066A62599B40004E40E55420E
:10DC10004F298933E9924C931604E50E4D424F2962
:10DC20008933D3924C5A0004E60D55424F29C997C7
:10DC3000CC5BB20004E70D4D424F29C997CC2D595A
:10DC40000004E80F4D42CF926943A20C992D590070
:10DC500004E90D3542CF920D893264C90204EA10FD
:10DC600055424F29C9976C489421D3920504EB1073
:10DC70004D424F29C9976C4894214B160004EC0E75
:10DC800055424F2989D7CA1066C90404ED0E4D428A
:10DC90004F298987341AC3410104EE0E4D42C7A0B3
:10DCA00066264509B5640104EF0E553AC7A0664ED5
:10DCB0008A126AC90204F00F55424F29893393A290
:10DCC000845AB20004F10F5D3A4F29893327450980
:10DCD000B5640104F20F55424F24C5994951422DB4
:10DCE000590004F30F5D3A4F24C59993A2845AB2A8
:10DCF0000004F40D55424F2989335B32840D04F53D
:10DD00000D4D424F2989335B32840504F80E55428C
:10DD10004F2989336D48A4072504F90E4D424F2938
:10DD200089336D48A4831205000C4D4267CBA0B91E
:10DD300025430005010BCC425FCB103925030502BA
:10DD4000104D425758939228499444A92C0005033A
:10DD50000E4D4257D82625519228950505040E4DA3
:10DD6000424F96846D51254AB20405050C35428711
:10DD70001A6651254B0005060C5D3A8F546C52C350
:10DD80006A1805070C453AC71A466A9886010508BD
:10DD9000134D428F94444994444994244AA22452F6
:10DDA0000205090F35428F94444994244A222500E4
:10DDB000050A134D42471225511225D194244AA237
:10DDC000245202050B0F3542471225D194244A22D2
:10DDD0002500050C0D4D42CF92894D9B962C0005D8
:10DDE0000D0C3542CF9289D1962C00050E0E4D4276
:10DDF000C720855DA2244AB204050F0D3542C72015
:10DE0000859528C912000000D00F00004E100000B8
:10DE1000DA0F00006A1200005012000050120000D9
:10DE2000621200006A1200006A120000000164140D
:10DE300001060C4B00093D000004C8FA1008000060
:10DE40008000400047494E545F535441545F554E43
:10DE500052454143480D000047494E545F535441D9
:10DE6000545F49505F434F4E464C490D000000003F
:10DE7000504859204C696E6B20537563636573730A
:10DE80000D00000000C1814001C0804101C08041FF
:10DE900000C1814001C0804100C1814000C181407A
:10DEA00001C0804101C0804100C1814000C181406A
:10DEB00001C0804100C1814001C0804101C080415A
:10DEC00000C1814001C0804100C1814000C181404A
:10DED00001C0804100C1814001C0804101C080413A
:10DEE00000C1814000C1814001C0804101C080412A
:10DEF00000C1814001C0804100C1814000C181401A
:10DF000001C0804101C0804100C1814000C1814009
:10DF100001C0804100C1814001C0804101C08041F9
:10DF200000C1814000C1814001C0804101C08041E9
:10DF300000C1814001C0804100C1814000C18140D9
:10DF400001C0804100C1814001C0804101C08041C9
:10DF500000C1814001C0804100C1814000C18140B9
:10DF600001C0804101C0804100C1814000C18140A9
:10DF700001C0804100C1814001C0804101C0804199
:10DF800000C1814000C0C101C30302C2C60607C769
:10DF900005C5C404CC0C0DCD0FCFCE0E0ACACB0BD9
:10DFA000C90908C8D81819D91BDBDA1A1EDEDF1F09
:10DFB000DD1D1CDC14D4D515D71716D6D21213D3F9
:10DFC00011D1D010F03031F133F3F23236F6F737A9
:10DFD000F53534F43CFCFD3DFF3F3EFEFA3A3BFB99
:10DFE00039F9F83828E8E929EB2B2AEAEE2E2FEF49
:10DFF0002DEDEC2CE42425E527E7E62622E2E323B9
:10E00000E12120E0A06061A163A3A26266A6A767E8
:10E01000A56564A46CACAD6DAF6F6EAEAA6A6BAB58
:10E0200069A9A86878B8B979BB7B7ABABE7E7FBF88
:10E030007DBDBC7CB47475B577B7B67672B2B37378
:10E04000B17170B050909151935352929656579728
:10E05000559594549C5C5D9D5F9F9E5E5A9A9B5B18
:10E0600099595898884849894B8B8A4A4E8E8F4FC8
:10E070008D4D4C8C44848545874746868242438338
:10E0800041818040654D42525455526563656976C1
:10E0900065000000784D42525455526563656976BB
:10E0A0006546534D00000000784D4252545554725D
:10E0B000616E736D697446534D000000784D425295
:10E0C000545554696D65725433354578706972657D
:10E0D000640000007573526376427566666572501F
:10E0E0006F73203C204D425F5345525F5044555F53
:10E0F00053495A455F4D4158000000002E2E2F6DA8
:10E100006F646275732F7274752F6D627274752EE1
:10E110006300000065536E645374617465203D3D77
:10E120002053544154455F54585F49444C450000C6
:10E130002820655263765374617465203D3D2053F9
:10E14000544154455F52585F494E49542029207C20
:10E150007C202820655263765374617465203D3DB0
:10E160002053544154455F52585F52435620292052
:10E170007C7C202820655263765374617465203D51
:10E180003D2053544154455F52585F4552524F52BF
:10E1900020290000655263765374617465203D3D0B
:10E1A0002053544154455F52585F49444C45000048
:10E1B000784D425574696C536574426974730000FC
:10E1C00075634E42697473203C3D203800000000A6
:10E1D0002E2E2F6D6F646275732F66756E63746972
:10E1E0006F6E732F6D627574696C732E630000001F
:10E1F000504F525420737461727420696E69740DAB
:10E2000000000000504F52542044495341424C45B5
:10E210000D000000504F5254206E6F7420697469D5
:10E22000740D0000AC260000B8260000C2260000D5
:10E23000CA260000D2260000DA260000E2260000EE
:10E24000EA260000F2260000FA260000022700005D
:10E25000AC2E0000AC2E0000BC2E0000F22E000000
:10E26000FA2E0000FE2E0000022F0000022F0000F8
:10E270006C2F00008A2F0000A42F00009E2F0000AA
:10E28000942F0000AA2F00007E2E0000C83100004D
:10E29000E0310000F631000010320000D031000003
:10E2A000D0310000D0310000D03100002632000013
:10E2B000623200007A320000903200006A320000C0
:10E2C000AA3200006A320000D4320000E6320000B8
:10E2D0006A3200006A320000BE32000038330000AB
:10E2E0005433000076330000A2330000C633000030
:10E2F00032340000523400004E33000000000000B1
:10E3000081E4141B7EAED43F00005CC20000803B61
:10E31000ABAAAAAAAAAA1E400000004000008040A2
:10E32000B4D934E70C684A3F6666666666661A408A
:10E330009A9999999999B93F0000000000002440EA
:10E34000333333333333C33F486172644661756C92
:10E35000745F48616E646C65720D00006D6570637A
:10E3600020203A253038780D0A0000006D63617571
:10E3700073653A253038780D0A00000020202020EF
:10E38000203A253038780D0A000000000A3A0000D3
:10E390003E3A00005C3A00006C3A00007C3A000013
:10E3A000000000000020AC40454550524F4D7774AE
:10E3B0006979650D000000009A410000B441000039
:10E3C000B8410000BC410000C0410000E041000035
:10E3D000F4410000FA410000FE410000024200004A
:10E3E0000642000053797374656D20737461727412
:10E3F0002025690D0A0000005C4600007C470000F3
:10E400007C47000086470000A6470000A6470000A2
:10E41000AC470000D0470000DA4700005447000036
:10E4200060470000744700006A4700005A47000038
:10E430007C4700005A4700007C4700007C470000F2
:10E440007C4700007C4700007C4700007C470000C0
:10E450007C4700007C4700007C4700007C470000B0
:10E460007C4700007C470000E04700005A4700005E
:10E470002A460000404600002A47000040460000AF
:10E480002A470000404600002A4700005A47000083
:10E490005A4700005A47000040460000404600002E
:10E4A0004046000040460000404600004046000054
:10E4B0004046000040460000404600004046000044
:10E4C0004046000040460000404600004046000034
:10E4D0004046000040460000404600004046000024
:10E4E000404600004C4700003E4800004046000007
:10E4F0003E480000404600003E480000764A0000CA
:10E50000764A0000764A0000764A0000284800005B
:10E51000584A000034480000284800002A4A0000F9
:10E52000404600009C480000404600009C48000017
:10E53000404600009C480000404600009C48000007
:10E54000404600009C48000040460000864800000D
:10E5500040460000A0480000424A0000404600003B
:10E56000BC49000040460000BC4900004046000095
:10E57000BC49000040460000BC4900004046000085
:10E58000BC490000404600009C4800004046000096
:10E590004A490000704A0000704A0000744A0000B6
:10E5A000704A0000084A0000704A0000404600001F
:10E5B000B448000040460000084900004046000002
:10E5C000084900004046000008490000404600009D
:10E5D000084900004046000008490000404600008D
:10E5E000B448000040460000B44800004046000027
:10E5F000B4480000404600000849000040460000C2
:10E60000084900004046000008490000404600005C
:10E610000E4A0000404600009C48000040460000B2
:10E620009C480000704A000008000000090000003B
:10E63000000000000C0000000B00000001000000C2
:10E6400003000000040000000500000006000000B8
:10E6500007000000020000000A000000D700C80008
:10E66000E900EB00EA00E7000501E60004010A0109
:10E6700069005B005B00330033002F002F003B007C
:10E680003B00370037000000000000000000B6002B
:10E69000AE00AE00B200B200AA00AA00C000C000E6
:10E6A000C400C400A000A000B800B8006C0068005E
:10E6B0006E006D00D9006700700070007400740077
:10E6C00080008000840084009000900094009400FA
:10E6D0007800780088008800980098007C007C0012
:10E6E0008C008C009C009C00B7006A005F005F00FB
:10E6F000A400A4006B000000000006000800000059
:10E700000000000000000000000009000A000B00EB
:10E710000C000D0007000F00130014001500160078
:10E720001700180019001A001B001C001D001E0015
:10E7300020001F0000000000000001000100020096
:10E7400002001000110012002B002B0027002700F0
:10E7500057005700C800CA0063006500D7000E00CC
:10E76000D500D60000000000636F6E74726F6C20DD
:10E7700025690D0A000000001D0009000A000B00B9
:10E780000C00010002000E000F000D002500260005
:10E7900027000000EC00EE00F000F200F400F600AC
:10E7A000F800FA00FC00FE0000010201E400000095
:10E7B000CB00CD00C900CF00D1000601D800DA009F
:10E7C000DC00DE00E00000000000204100007A4490
:10E7D0009A3F1CC69A3F1C460000C8420000C8C2AF
:10E7E00000401C4500401CC533333333F387C3C09E
:10E7F00033333333F387C340A25400009E540000E8
:10E800009A540000965400005A5400001456000018
:10E810007C550000B2550000905500009A5500004C
:10E82000CC550000DE550000525700008A5600000B
:10E83000A8560000985600009E560000D0560000D2
:10E84000F256000018590000CC570000165800007E
:10E85000F0570000F45700004A58000076580000B6
:10E86000B0590000B85A0000E4590000F459000003
:10E87000C8590000EA590000245A00004C5A000010
:10E88000665B00007C5B0000805B0000845B000036
:10E89000885B0000C45B0000CE5B0000DA5B000018
:10E8A000E65B0000FE5B0000F25B0000125C000013
:10E8B0001C5C00002C5C00003C5C00004C5C000018
:10E8C000005D0000005D0000625D0000805D0000F2
:10E8D000905D0000BA5D0000C45D0000E05D0000D6
:10E8E000025E0000185E0000B65F0000AE5F000030
:10E8F000105F00004C5E0000345E0000EE5E000021
:10E90000C05F0000225F0000625E0000805E0000C9
:10E910007A5E0000165F00007A6300007A630000F0
:10E920007A6300007A6300007A6300004E6400009E
:10E9300070610000E26400001C650000C664000015
:10E940001C650000706100001C6500001C65000073
:10E95000C66400001C650000706100001C650000BA
:10E960001C650000C66400001C6500000462000015
:10E9700032620000B862000086620000EC610000B4
:10E98000BA610000EC620000F26000000C6300005D
:10E990008E6400008E6400008E6400008E640000AF
:10E9A00076600000BA6100004A600000A8600000C4
:10E9B0004C610000706100004E6400008E64000035
:10E9C0008E640000F2660000D6650000E666000076
:10E9D000AC6600000C66000028660000426600007D
:10E9E0005A6600008E650000EC650000506700006C
:10E9F000206700000E6700001468000094670000A4
:10EA000094670000C8670000C8670000DE68000067
:10EA10000E690000006B0000EE6B0000E46B00006C
:10EA2000C86B00002E6B00006C69000030690000AC
:10EA3000806E00002E6B0000766D0000766D000089
:10EA40006C6900006C6900009E6E0000446A000062
:10EA500042690000D26A0000BA6A0000BA6A000087
:10EA60008A6A00008A6A0000966B00002E6B000024
:10EA7000766D0000B4690000D86900000E6E0000D9
:10EA80004A6E0000766D0000FC6B0000086D00000F
:10EA9000326C0000466C000072680000386C0000A8
:10EAA000766C00009A6C000054EF010068EF0100E2
:10EAB00080EF010004EE010008EE010014EE0100F9
:10EAC00028EE010038EE010050EE010060EE01007A
:10EAD0007CEE010090EC010098EC0100A8EC010034
:10EAE0000400000007000000080000000200000011
:10EAF00090EF010098EF0100A0EF0100B8EC0100D9
:10EB0000C8ED010004ED010028ED0100A4ED0100B5
:10EB10008CEE010090EE0100A8EE0100C4EE0100B1
:10EB20009402020044EF01004CEF0100AE00B2007D
:10EB3000AA00C000C400A00010007000740078009B
:10EB40007C0011008000840088008C00120090007E
:10EB5000940098009C0067006900680068006C00E1
:10EB60006E006D006A00B8003B00370033002F00D4
:10EB7000A800A9006B00B600B7001000A4005F0059
:10EB80005B0000000E00C800CA00630065000000C2
:10EB9000050001000000000000000A00130007004B
:10EBA000060000001B000A0009000D000F001F00F6
:10EBB000570008000000000001002B002700200083
:10EBC00017000B0000000000000000000C00000017
:10EBD000FCFD0100D8FD010090FD0100A8EF01003F
:10EBE000ACEF0100B0EF0100B4EF0100B8EF01009D
:10EBF000BCEF0100C0EF0100FCFD010040EF01008F
:10EC0000C8F20100FCFD0100D8FD010090FD0100EB
:10EC1000E4EE0100ECEE0100F4EE0100B8EC0100BE
:10EC2000DCEC010004ED010028ED0100A4ED010081
:10EC30002C0502002C0502002C050200B8EC010096
:10EC4000DCEC010004ED010028ED01004CED0100B9
:10EC500054ED01006CED010088ED010001000000A1
:10EC60000A00000064000000E803000017B7D13874
:10EC70006F12833A0AD7233CCDCCCC3D0000803FB5
:10EC8000000020410000C84200007A4400401C46B9
:10EC9000D092D0A0000000003120D0BAD0B0D0BDBA
:10ECA000D0B0D0BB000000003220D0BAD0B0D0BD70
:10ECB000D0B0D0BBD0B000004845504120D0A4D047
:10ECC000B8D0BBD18CD182D18020D0B7D0B0D18187
:10ECD000D0BED180D0B5D0BD00000000D09DD0B551
:10ECE000D0B2D0BED0B72E20D0BFD0BED0B4D0B41A
:10ECF000D0B5D1802E20D183D181D182D0B0D0B2F5
:10ED000021000000D09DD0B8D0B7D0BAD0BED0B5C9
:10ED100020D0BDD0B0D0BFD180D18FD0B6D0B5D0AB
:10ED2000BDD0B8D0B5000000D092D18BD181D0BE7B
:10ED3000D0BAD0BED0B520D0BDD0B0D0BFD180D158
:10ED40008FD0B6D0B5D0BDD0B8D0B50044696E7004
:10ED500075740000D09DD0B5D181D0BFD18020D0B6
:10ED6000BAD0B0D0BDD0B0D0BB203100D09DD0B58E
:10ED7000D0B8D181D0BFD18020D0BAD0B0D0BDD052
:10ED8000B0D0BB2032000000D09DD0B5D0B8D1812A
:10ED9000D0BF2E20D0B4D0B0D182D187D0B8D0BAD5
:10EDA000D0B00000D097D0B0D181D0BED180D0B546
:10EDB000D0BD20D0BFD180D0B5D0B4D184D0B8D010
:10EDC000BBD18CD182D18000D09DD0B5D0B2D0BE85
:10EDD000D0B7D0BCD0BED0B6D0BDD0BE00000000F1
:10EDE000312028D09ED181D0BDD0BED0B2D0BDD0F0
:10EDF000BED0B92900000000322028D094D0BED067
:10EE0000BF2E290056415600436F6E7374204C305C
:10EE10002C320000564156202B20436F6E73742015
:10EE20004C302C3200000000D097D0B0D0BAD18046
:10EE3000D18BD182D0BE0000D09CD0B8D0BDD0B88C
:10EE4000D0BCD0B0D0BBD18CD0BDD0B0D18F000061
:10EE5000D0A1D180D0B5D0B4D0BDD18FD18F00009A
:10EE6000D09CD0B0D0BAD181D0B8D0BCD0B0D0BBBB
:10EE7000D18CD0BDD0B0D18F00000000D09ED18207
:10EE8000D0BAD180D18BD182D0BE00004341560090
:10EE900056415620D09FD0B0D181D181D0B8D0B2C8
:10EEA0002E20D0A20000000056415620D09AD0BE9D
:10EEB000D0BCD0BD2E20D0BAD0BED0BDD182D180A2
:10EEC0002E00000056415620D09FD180D0B5D0BE34
:10EED000D0B1D1802E20D0A22CD0A1D09E322CD067
:10EEE0009D000000302D313020D09200322D313085
:10EEF00020D09200342D323020D0BC4100000000E0
:10EF0000D092D18BD0BAD0BB00000000D092D0BA42
:10EF1000D0BB0000D0A0D0B5D0B6D0B8D0BC20D0E7
:10EF2000A4D09CD0A7000000D0A0D0B5D0B6D0B857
:10EF3000D0BC204341562F5641562D425000000070
:10EF400070706D00D0BC2F6320000000D09FD0B047
:10EF500020000000D09ED182D0BED0BFD0BBD0B5A3
:10EF6000D0BDD0B8D0B50000D09ED185D0BBD0B038
:10EF7000D0B6D0B4D0B5D0BDD0B8D0B50000000068
:10EF8000D090D0B2D182D0BED0BCD0B0D18200005F
:10EF9000444970757400000052532D343835000018
:10EFA0005443502049500000302E3100302E35009F
:10EFB000312E3000322E3000332E3000352E30000E
:10EFC00031302E30000000005CFF79C4252B303832
:10EFD0002E326600256920D09FD0B0002578257894
:10EFE000257825782578257800000000D09ED181ED
:10EFF000D182D0B0D0BDD0BED0B2D0BBD0B5D0BD04
:10F0000000000000D09AD0B0D0BBD0B8D0B1D18031
:10F01000D0BED0B2D0BAD0B000000000D0A0D0B0E6
:10F02000D0B1D0BED182D0B000000000253033690D
:10F030002E253033692E253033692E253033690073
:10F04000256920D092000000D0A1D182D0B0D1801B
:10F05000D1823F00D097D0B0D0B1D0BBD0BED0BA13
:10F060000000000020202020D09FD0B5D180D0B556
:10F07000D0B7D0B0D0B3D180D183D0B7D0B8D182FF
:10F08000D18C3F20202020002530303030303069B6
:10F0900020D187D0B0D181D0BED0B2202530306908
:10F0A00020D0BCD0B8D0BDD183D18200206B65798F
:10F0B00020646F776E0D0000F0FF79445CFF7944A7
:10F0C000E7FB1F4100000000000000000000594065
:10F0D0002530372E3366000025322E31662043005E
:10F0E0002530322E3166204300000000253034697F
:10F0F0002070706D00000000253033692025250048
:10F10000D0A4D0B0D0BAD18200000000D09ED1826D
:10F11000D0BAD1802E000000D097D0B0D0BAD18024
:10F120002E0000002530362E3166202573000000A9
:10F1300025362E316620257300000000D09ED18236
:10F14000D0BCD0B5D0BDD0B8D182D18C20D0BAD06F
:10F15000B0D0BBD0B8D0B1D0BED180D0B2D0BAD1AF
:10F16000833F0000D09AD0B0D0BBD0B8D0B1D1800E
:10F17000D0BED0B2D0BAD0B02E2E2E00D09ED1822A
:10F18000D0BAD0B0D0BBD0B8D0B1D180D0BED0B280
:10F19000D0B0D182D18C20303F00000025303369BF
:10F1A00000000000253169002530372E326600004E
:10F1B000252B30362E316600252B30372E31660058
:10F1C0002530362E3166000025362E3466000000CC
:10F1D0002530352E316600002020202020D0A1D0FF
:10F1E000B1D180D0BED181D0B8D182D18C20D0B65F
:10F1F000D183D180D0BDD0B0D0BB3F202020000033
:10F200002530346920D0BC5E332FD1870000000048
:10F210002D2D2D2D20D0BC5E332FD1870000000076
:10F22000253032692E253032692E253032690000B2
:10F23000D0B1D0BED0BBD0B5D0B52039302500007C
:10F24000D181D0B5D182D0B8203C20256920D09280
:10F2500000000000D181D0B5D182D0B8203E202559
:10F260006920D09200000000D0BFD0BED0B4D0B48E
:10F27000D0B5D180D0B6D0B8D0B2D0B0D182D18CF8
:10F2800020D183D181D182D0B0D0B2D0BAD1830085
:10F2900030302F3030000000253032692F253032D9
:10F2A0006900000025692043000000002530336913
:10F2B00020D09FD0B00000002D2D2D20D09FD0B0A9
:10F2C0000000000025692025250000002530346954
:10F2D0000000000025692F2569000000D09FD18023
:10F2E000D0B8D0BED180D0B8D182D0B5D18220D113
:10F2F00080D0B5D0B32E3A00D09FD180D0B8D0BE48
:10F30000D1802E20D180D0B5D0B3D183D0BB2E00F8
:10F31000D0A2D0B8D0BF20D0B4D0B0D182D187D0C5
:10F32000B8D0BAD0B02E3A00253032693A25303202
:10F33000693A253032690000000F0C00010000001E
:10F34000A4FC01007A000000000219000000000087
:10F35000DCFD010000000000000225460200000064
:10F3600094FD010038000000004625000200000066
:10F370009CFD010039000000000232000200000084
:10F38000C8FC01003700000001023E00020000003E
:10F39000A4FD01003A000000000F0C000100000075
:10F3A000A4FC01007B000000000219000000000026
:10F3B000B8FD010000000000000225460200000028
:10F3C00094FD01003D000000004625000200000001
:10F3D0009CFD01003E00000000023200020000001F
:10F3E000C8FC01003C00000001023E0002000000D9
:10F3F000A4FD01003F000000000F0C000100000010
:10F40000A4FC01007C0000000002190000000000C4
:10F4100070FD01000000000000022546020000000F
:10F4200094FD01004200000000462500020000009B
:10F430009CFD0100430000000002320002000000B9
:10F44000C8FC01004100000001023E000200000073
:10F45000A4FD010044000000000F0C0001000000AA
:10F46000A4FC01007D000000000219000000000063
:10F4700014FD010000000000000225000200000051
:10F4800034FD01003B0000000002320002000000D9
:10F4900048FD01004000000001023E0002000000A3
:10F4A0005CFD010045000000000F0C0001000000A1
:10F4B00078FB010077000000000219000200000044
:10F4C000D4FB0100540000000102250002000000EE
:10F4D000ECFB010053000000000F0C0001000000D5
:10F4E00078FB010078000000000219000000000015
:10F4F00000FC0100000000000002250001000000E7
:10F5000018FC01005F000000000232000200000051
:10F5100028FC01005C00000001023E000200000027
:10F5200038FC01005D000000000F0C00010000002D
:10F5300078FB0100770000000002190000000000C5
:10F5400000FC010000000000000225000000000097
:10F5500048FC010000000000000232000200000030
:10F5600028FC01004F00000001023E0002000000E4
:10F5700038FC010050000000000F0C0001000000EA
:10F5800078FB01007E00000000021900000000006E
:10F590008CFB0100000000000002250001000000BB
:10F5A000B4FB010013000000000232000100000063
:10F5B000C4FB01001400000001023E000200000034
:10F5C0002C0502006C00000000000C00010000008F
:10F5D000BC0302000200000000001900010000004E
:10F5E000A4F7010025000000000025000100000034
:10F5F000D00302002D0000000000320001000000D6
:10F60000140102002E00000000003228010000005A
:10F610002C0502002F00000001003E000100000048
:10F6200014FB01003000000000020C00010000008B
:10F63000F4FA01001A0000000002190001000000A5
:10F640002C0502001B000000000232000000000038
:10F65000A00302000000000001023E0001000000C3
:10F660008C0002002600000000020C0001000000D7
:10F67000F4FA01001A000000000219000100000065
:10F680002C0502001B000000000225000100000004
:10F6900014FB0100470000000102320001000000DD
:10F6A00020FB01000500000000020C00010000002A
:10F6B0009403020003000000000219000100000092
:10F6C000F00002000400000000022500010000001C
:10F6D000F0020200080000000002320001000000F9
:10F6E0002C0302000700000001023E0001000000A0
:10F6F0002C0502000600000000020C0001000000C2
:10F700006003020024000000000219000100000054
:10F710007C0302001200000000022500010000002E
:10F72000A4FA010005000000000232000000000001
:10F73000800302000000000001023E0501000000FD
:10F740002C0502000900000000020C00010000006E
:10F75000ACFF0100270000000002190001000000BA
:10F76000CCFF01002900000000022500010000007C
:10F77000D8FF010028000000000232000100000054
:10F780002C0502002A00000001023E0001000000DA
:10F790002C0502002B000000D09A2ED09F2ED0A165
:10F7A00000000000D0A3D181D182D0B0D0B2D0BAB5
:10F7B000D0B0000000020C0001000000BCFA010003
:10F7C000600000000002190001000000CCFA0100F6
:10F7D000610000000002250001000000DCFA0100C9
:10F7E000620000000002320001000000E4FA0100A3
:10F7F0006300000001023E0001000000ECFA01007D
:10F8000064000000000F0C000100000000FE010079
:10F810006E0000000002190002000000A4EF0100C9
:10F82000060000000002250002000000CC020200D9
:10F83000170000000002320002000000D80202009F
:10F840001800000001023E0002000000E402020075
:10F850000A000000000F0C00000000005C02020023
:10F860000000000000021900000000007C020200FD
:10F870000000000000022500020000009C020200BF
:10F88000220000000002320002000000B402020068
:10F890002300000001023E000200000098F7010072
:10F8A00010000000000F0C0000000000F00102003A
:10F8B0000000000000021900000000001002020019
:10F8C0000000000000022514020000002C050200C8
:10F8D000200000000073250000000000BCF20100C1
:10F8E00000000000000232000000000034020200AC
:10F8F0000000000000733E0000000000BCF20100A8
:10F900000000000001023E14020000002C0502006D
:10F9100021000000000F0C000100000000FE0100AB
:10F9200073000000000219000200000080010200C4
:10F930000C00000000022500020000009C010200F3
:10F940000B0000000002320002000000B8010200BB
:10F950001900000001023E0002000000D401020074
:10F960001E000000000F0C00000000004401020017
:10F9700000000000000219000000000000FC01006F
:10F9800000000000000225000200000028FC010029
:10F9900015000000000232000200000038FC0100E7
:10F9A0001600000001023E00020000006401020097
:10F9B0000F000000000F0C000100000078FB0100A8
:10F9C0007E00000000021900000000008CFB010016
:10F9D000000000000002250001000000FC00020001
:10F9E00013000000000232000100000014010200B8
:10F9F0001400000001023E00020000002401020089
:10FA00001C000000000F0C00000000009C00020021
:10FA1000000000000002190002000000BC0002000B
:10FA20000D0000000002250002000000D8000200C6
:10FA30001F0000000002320002000000CCFF0100A5
:10FA40000300000001023E0002000000F00002007E
:10FA500004000000000F0C00000000002400020061
:10FA60000000000000021900000000004400020035
:10FA70000000000000022500000000006C000200F1
:10FA80000000000000023200010000008C000200B3
:10FA90002600000001023E00020000002C050200CA
:10FAA0002C000000D09DD0B0D0BFD180D18FD0B677
:10FAB000D0B5D0BDD0B8D0B500000000D0A220D0C5
:10FAC000BFD0B0D181D1812E20310000D0A220D072
:10FAD000BFD0B0D181D1812E20320000542C4149B9
:10FAE00031000000434F322C41493200482C41493B
:10FAF00033000000D0A2D0B5D0BAD183D189D0B81C
:10FB0000D18520D0B0D0B2D0B0D180D0B8D0B93A61
:10FB100000000000D0A0D0B5D0B6D0B8D0BC000056
:10FB2000D09DD0B0D0BFD180D18FD0B6D0B5D0BD10
:10FB3000D0B8D0B500000000D0A2D0B8D0BF20D13E
:10FB400083D181D182D180D0BED0B9D181D182D0B0
:10FB5000B2D0B03A00000000D0A2D0B5D181D1829D
:10FB6000D0BED0B2D18BD0B920D180D0B5D0B6D054
:10FB7000B8D0BC3A00000000D09DD0B0D181D18275
:10FB8000D180D0BED0B9D0BAD0B80000D0A2D0B504
:10FB9000D0BAD183D189D0B8D0B920D0BFD0B5D117
:10FBA00080D0B5D0BFD0B0D0B420D0B4D0B0D0B217
:10FBB000D0BB2E00D09AD0B0D0BDD0B0D0BB2031B9
:10FBC00000000000D09AD0B0D0BDD0B0D0BB203261
:10FBD00000000000D0A2D0B8D0BFD0BED180D0B03D
:10FBE000D0B7D0BCD0B5D18000000000D0A2D0B832
:10FBF000D0BF20D180D0B5D0B3D183D0BB2E0000F0
:10FC0000D09FD09820D180D0B5D0B3D183D0BBD1F4
:10FC10008FD182D0BED18000D09AD0B0D0BDD0B02C
:10FC2000D0BBD0B020000000D09AD0BED18DD184FE
:10FC30002E20D09F00000000D09AD0BED18DD1845C
:10FC40002E20D09800000000D092D0B5D0B4D0BE05
:10FC5000D0BCD18BD0B920D0BAD0B0D0BDD0B0D02C
:10FC6000BB20322E00000000D09FD09820D180D041
:10FC7000B5D0B3D183D0BBD18FD182D0BED18020BB
:10FC800000000000D092D0B5D0B4D183D189D0B8D3
:10FC9000D0B920D0BAD0B0D0BDD0B0D0BB20312E9A
:10FCA00000000000D09DD0B0D181D182D180D0BEE3
:10FCB000D0B9D0BAD0B8202020202000D09AD0B01F
:10FCC000D0BDD0B0D0BB0000D0A2D0B8D0BF000013
:10FCD000D09FD0BED181D0B5D0B7D0BED0BDD0BD21
:10FCE000D0BED0B520D180D0B5D0B3D183D0BBD0D9
:10FCF000B8D1802E00000000D0A3D181D182D0B035
:10FD0000D0B2D0BAD0B020D0B4D0B0D1822E20544E
:10FD100020000000D0A3D181D182D0B0D0B2D0BA1F
:10FD2000D0B820D0B4D0B0D182D187D0B8D0BAD09A
:10FD3000BED0B200D0A3D181D182D0B0D0B2D0BADF
:10FD4000D0B0205400000000D0A3D181D182D0B027
:10FD5000D0B2D0BAD0B020434F320000D0A3D1816E
:10FD6000D182D0B0D0B2D0BAD0B0204800000000CC
:10FD7000D094D0B8D0B0D0BFD0B0D0B7D0BED0BD66
:10FD800020D0B4D0B0D182D187D0B8D0BAD0B020F2
:10FD900048000000D0BED18200000000D0B4D0BE28
:10FDA00000000000D0A1D0BCD0B5D189D0B5D0BD65
:10FDB000D0B8D0B500000000D094D0B8D0B0D0BF3B
:10FDC000D0B0D0B7D0BED0BD20D0B4D0B0D182D1C9
:10FDD00087D0B8D0BAD0B020434F3200D094D0B83A
:10FDE000D0B0D0BFD0B0D0B7D0BED0BD20D0B4D06E
:10FDF000B0D182D187D0B8D0BAD0B02054000000A2
:10FE0000D09DD0B0D181D182D180D0BED0B9D0BA6E
:10FE1000D0B820202020202000000000D090D0B2B8
:10FE2000D182D0BE20D0BAD0BED180D1802E302099
:10FE3000D1872E00D0A3D0B1D0BED180D0BAD0B05F
:10FE400020284449342920D0BCD0B8D0BD000000BF
:10FE5000D09AD0B0D0BBD0B8D0B1D1802E20302C29
:10FE600020D1812E3A000000D092D180D0B5D0BCF4
:10FE7000D18F20D183D181D180D0B5D0B42E20D1E3
:10FE8000812E0000D09A2ED09F2ED0A120D0BAD0A3
:10FE9000B0D0BDD0B0D0BB20310000004620D0BAD9
:10FEA000D0B0D0BD2E20312C20D0BC5E320000005E
:10FEB000D09A2ED09F2ED0A120D0BAD0B0D0BDD015
:10FEC000B0D0BB20320000004620D0BAD0B0D0BDA8
:10FED0002E20322C20D0BC5E32000000D090D0B258
:10FEE000D0B0D180D0B8D0B9D0BDD0B0D18F20D1D2
:10FEF00083D181D182D0B0D0B2D0BAD0B0000000CE
:10FF0000D0A1D0BCD0B5D18920320000D0A3D181FE
:10FF1000D182D0B0D0B2D0BAD0B80000D09CD0B886
:10FF2000D0BD2E00D09CD0B0D0BAD1812E00000020
:10FF3000D0A1D180D0B5D0B42E000000D095D0B4DF
:10FF4000D0B8D0BDD0B8D186D18B20D0B8D0B7D062
:10FF5000BCD0B5D180D0B5D0BDD0B8D18F00000015
:10FF6000D0A3D181D182D0B0D0B2D0BAD0B000006D
:10FF7000D0A2D0B8D0BFD0BED180D0B0D0B7D0BC86
:10FF8000D0B5D18020D092D0A0000000D0A3D181E4
:10FF9000D1822E20D0BA203100000000D0A3D18120
:10FFA000D1822E20D0BA203200000000D097D0B0ED
:10FFB000D0BFD0B8D181D18C20D0B6D183D180D060
:10FFC000BDD0B0D0BBD0B03A00000000D094D0B0CB
:10FFD000D182D0B03A000000D092D180D0B5D0BC50
:10FFE000D18F3A002020D094D0BBD18F20D0BFD069
:10FFF000B5D180D0B5D0B7D0B0D0B3D180D183D077
:020000022000DC
:10000000B7D0BAD0B820000020202020D0BDD0B07A
:10001000D0B6D0BCD0B8D182D0B520D092D092D0BA
:100020009ED09400D09DD0B0D181D182D180D0BE5D
:10003000D0B9D0BAD0B8202020202020392F31309C
:10004000000000002020D094D0BBD18F20D181D0DF
:10005000B1D180D0BED181D0B020D0B6D183D180F3
:10006000D0BDD0B0D0BBD0B00000000020202020F8
:100070002020D0BDD0B0D0B6D0BCD0B8D182D0B5C1
:1000800020D092D092D09ED094000000D097D0B0D3
:10009000D0BFD0B8D181D0B5D0B93A00D09DD0B0C2
:1000A000D181D182D180D0BED0B9D0BAD0B82020F1
:1000B00020202020382F313000000000D09AD0BE00
:1000C000D0BDD182D180D0B0D181D182D0BDD0BEBF
:1000D000D181D182D18C0000D09ED181D1822E20BD
:1000E000D0B2D0B5D0BDD18220D1812E0000000089
:1000F000D092D180D0B5D0BCD18F0000D092D0B5F5
:10010000D0BDD182D0B8D0BBD18FD182D0BED1806A
:1001100000000000D0A4D0B8D0BBD18CD182D18057
:1001200000000000D09ED182D0BAD0B0D0BBD0B8F1
:10013000D0B1D180D0BED0B2D0B0D182D18C20305D
:1001400000000000D09DD0B0D181D182D180D0BE3E
:10015000D0B9D0BAD0B8202020202020362F31307E
:1001600000000000D092D180D0B5D0BCD18F20D17A
:1001700083D181D180D0B5D0B42E20D181000000B0
:10018000D09DD0B0D0BFD180D18FD0B6D0B5D0BDAA
:10019000D0B8D0B5206D696E00000000D0A1D0B1FC
:1001A000D180D0BED18120D0B0D0B2D0B0D180D05B
:1001B000B8D0B8206D696E00D09DD0B0D0BFD180CE
:1001C000D18FD0B6D0B5D0BDD0B8D0B5206D6178C4
:1001D0000000000043D0B1D180D0BED18120D0B08A
:1001E000D0B2D0B0D180D0B8206D617800000000CE
:1001F000D09DD0B0D181D182D180D0BED0B9D0BA7B
:10020000D0B8202020202020342F313000000000E2
:10021000D09DD0B0D1872E20D181D0BED0BFD1808B
:100220002E20D184D0B8D0BBD18CD182D180D0B097
:1002300000000000D09AD0BED0BDD0B5D1872E200E
:10024000D181D0BED0BFD1802E20D184D0B8D0BB38
:10025000D18CD182D180D0B000000000D09DD0B030
:10026000D181D182D180D0BED0B9D0BAD0B820202F
:1002700020202020332F313000000000D0A3D18176
:10028000D182D0B0D0B2D0BAD0B820D180D0B5D041
:10029000B62E2020D0BC5E332FD18700D0A0D0B5A1
:1002A000D0B6D0B8D0BC20312028D09ED181D0BDCE
:1002B0002E290000D0A0D0B5D0B6D0B8D0BC203206
:1002C0002028D094D0BED0BF2E290000495020D085
:1002D0009FD0BED180D18200D0A8D0BBD18ED0B764
:1002E00000000000D09CD0B0D181D0BAD0B00000C6
:1002F000D0A0D0B5D0B6D0B8D0BC20D183D0BFD19B
:1003000080D0B0D0B2D0BB2E00000000D09FD180F2
:10031000D0BED182D0BED0BAD0BED0BB20D181D089
:10032000B2D18FD0B7D0B82E00000000D090D0B49A
:10033000D180D0B5D181204D6F644275730000002B
:10034000D0A2D0B0D0B9D0BCD0B0D183D18220D18E
:1003500081D0B2D18FD0B7D0B8000000632E00009A
:10036000D0A2D0B5D0BCD0BF2E20D0B2D0BED0B796
:10037000D0B4D183D185D0B0000000004D414300FE
:10038000D09CD0BED182D0BED187D0B0D181D18B0C
:1003900000000000D094D0B0D182D0B000000000A6
:1003A000D096D183D180D0BD61D0BB20D0B0D0B2A7
:1003B000D0B0D180D0B8D0B900000000D0A1D0BE5C
:1003C000D181D182D0BED18FD0BDD0B8D0B5000000
:1003D000D0A4D0B0D0BAD1822E20D180D0B0D181DB
:1003E000D1852E0000007F43436F6E666967000071
:1003F0004932430053657269616C00004C4344000C
:10040000414443004D5054435000000075736572E1
:10041000000000004B4559424F415244000000008B
:100420004465665461736B000000904000002042F8
:100430000000000000FEAF40D0A0D0B5D0B6D0B8CC
:10044000D0BC20D0BED0BDD0B1D0BED0BDD0B2D0F7
:10045000BBD0B5D0BDD0B8D18F20D0BAD0BED0BD22
:10046000D184D0B8D0B3D183D180D0B0D186D0B828
:10047000D0B80000D092D0B5D180D181D0B8D18F82
:1004800020D09FD09E20253032692E253032692E13
:1004900025303269000000002283000058830000EC
:1004A000CC83000058830000B88400005E83000005
:1004B00086830000EA850000F685000006860000BD
:1004C000FA85000006860000068600000686000009
:1004D000FE850000068600000686000006860000F5
:1004E00006860000068600000686000006860000DC
:1004F0000286000068880000788800007C88000080
:1005000078880000028A000078880000B089000026
:1005100078880000248A000000401C4664636865F7
:1005200072720D002569202025690D0A0000000067
:1005300000001841000000007B14AE47E17A943FB0
:100540000000000000000040000000000000C03F6C
:1005500000000000000010400000000000003240D9
:10056000000000000100010002000000040004007F
:100570001C002000B400240014002000100000061D
:100580007374617274207769636831320D00000002
:10059000B8B40000C2B40000EEB4000028B50000FA
:1005A0002CB5000038B50000E8B40000DCB4000051
:1005B00006B50000D0B400000001020304050607E0
:1005C00008090A0B0C0D0E0F101100001F1C1F1E36
:1005D0001F1E1F1F1E1F1E1F52544320494E4954E9
:1005E0000D000000000800000000100000001000D6
:1005F00000001000000010000000100000001000BB
:100600000020000000000800002C01400000004015
:100610000004004000080040000C004000100040B2
:100620000014004000340140004C01402E2E2F46A3
:1006300072656552544F532F706F727461626C65AE
:100640002F4D656D4D616E672F686561705F342E4B
:1006500063000000657272206174206C696E652011
:100660002564206F662066696C6520222573222E22
:10067000200D0A20000000002E2E2F4672656552C4
:10068000544F532F706F727461626C652F474343F0
:100690002F524953432D562F706F72742E630000F2
:1006A0002E2E2F4672656552544F532F6576656E18
:1006B000745F67726F7570732E6300002E2E2F4665
:1006C00072656552544F532F71756575652E6300C1
:1006D0006AFA000060FA000080FA000092FA000056
:1006E0008CFA00001AFC000010FC00002EFC000038
:1006F00040FC00003AFC00002E2E2F467265655229
:10070000544F532F7461736B732E630049444C45EF
:1007100000000000BA000100BA000100FE00010064
:100720000A0101004E010100BA000100BA000100F7
:10073000FE0001000A010100546D7251000000002A
:100740002E2E2F4672656552544F532F74696D6576
:1007500072732E6300000000546D722053766300A4
:100760007371727400000000001112131415161733
:1007700018191A1B1C1D1E1F404201008642010051
:10078000A0420100B0420100B04201009C420100C1
:100790009C420100BE420100010203040506070756
:1007A0000707070707000000BE560100CC570100ED
:1007B000B8580100C058010066590100B85801003E
:1007C000AC590100E85901000C76FFFF9074FFFF5F
:1007D000A075FFFFA875FFFFA075FFFFC074FFFFA6
:1007E000A075FFFFA875FFFF9074FFFF9074FFFFD7
:1007F000C074FFFFA875FFFF0276FFFF0276FFFFC0
:100800000276FFFFC074FFFFB27CFFFFA47BFFFFF7
:10081000A47BFFFFA27BFFFFAA7BFFFFAA7BFFFF5A
:10082000707BFFFFA27BFFFFAA7BFFFF707BFFFFB8
:10083000AA7BFFFFA27BFFFF9E7CFFFF9E7CFFFF4A
:100840009E7CFFFF707BFFFF000102020303030396
:100850000404040404040404050505050505050550
:100860000505050505050505060606060606060630
:100870000606060606060606060606060606060618
:100880000606060606060606070707070707070700
:1008900007070707070707070707070707070707E8
:1008A00007070707070707070707070707070707D8
:1008B00007070707070707070707070707070707C8
:1008C00007070707070707070808080808080808B0
:1008D0000808080808080808080808080808080898
:1008E0000808080808080808080808080808080888
:1008F0000808080808080808080808080808080878
:100900000808080808080808080808080808080867
:100910000808080808080808080808080808080857
:100920000808080808080808080808080808080847
:100930000808080808080808080808080808080837
:1009400008080808080808082C2066756E63746992
:100950006F6E3A2000000000617373657274696FF6
:100960006E2022257322206661696C65643A2066D8
:10097000696C6520222573222C206C696E65202508
:1009800064257325730A0000232D302B20000000FE
:10099000686C4C0065666745464700000000000033
:1009A000FFFFFFFFFFFFEF7F494E4600696E6600C5
:1009B0004E414E006E616E00303132333435363781
:1009C000383941424344454600000000303132335B
:1009D000343536373839616263646566000000007B
:1009E000000000000000F83F61436F63A787D23F1B
:1009F000B3C8608B288AC63FFB799F501344D33F0E
:100A0000000000000000F03F0000000000001C405B
:100A10000000000000001440000000000000E03F63
:100A2000496E66696E697479000000004E614E007F
:100A300000000000000000000000000000000000B6
:100A400000000000000000000000000000000000A6
:100A50000000000000000000000000000000000096
:100A60000000000000000000000000000000000086
:100A70000000000000000000000000000000000076
:100A80000000000000000000000000000000000066
:100A90000080E03779C34143176E05B5B5B893467A
:100AA000F5F93FE9034F384D321D30F94877825A46
:100AB0003CBF737FDD4F1575000000000000F03F64
:100AC0000000000000002440000000000000594029
:100AD0000000000000408F40000000000088C3407C
:100AE00000000000006AF8400000000080842E41F1
:100AF00000000000D01263410000000084D797413D
:100B00000000000065CDCD41000000205FA0024242
:100B1000000000E876483742000000A2941A6D42B7
:100B2000000040E59C30A2420000901EC4BCD642AA
:100B300000003426F56B0C430080E03779C3414355
:100B400000A0D8855734764300C84E676DC1AB43CB
:100B5000003D9160E458E143408CB5781DAF1544E9
:100B600050EFE2D6E41A4B4492D54D06CFF08044C4
:100B7000F64AE1C7022DB544B49DD9794378EA44D9
:100B800005000000190000007D0000004300000087
:100B9000504F5349580000000020202020202020E2
:100BA000202028282828282020202020202020201D
:100BB000202020202020202020881010101010102D
:100BC0001010101010101010100404040404040479
:100BD0000404041010101010101041414141414113
:100BE00001010101010101010101010101010101F5
:100BF0000101010110101010101042424242424205
:100C000002020202020202020202020202020202C4
:100C1000020202021010101020000000000000006C
:100C200000000000000000000000000000000000C4
:100C300000000000000000000000000000000000B4
:100C400000000000000000000000000000000000A4
:100C50000000000000000000000000000000000094
:100C60000000000000000000000000000000000084
:100C70000000000000000000000000000000000074
:100C80000000000000000000000000000000000064
:0C0C900000000000000000000000000058
:100C9C00110000008A230000040000000023000063
:100CAC000300000094210000100000001A21000035
:100CBC0006000000D82000001700000010220000E1
:100CCC0001000000B21E0000050000004C1F0000D7
:100CDC000F000000B81F00000200000040200000C0
:100CEC0000000000000000000000000000000000F8
:100CFC0000000000000000000000000000000000E8
:100D0C0000000000000000000000000000000000D7
:100D1C0004001400280050007800C8009001000066
:100D2C0000000C00010000008CFF010069000000B5
:100D3C000000190001000000B4FB01006700000076
:100D4C0000002569010000002C0502006A0000006B
:100D5C0000002500010000002C05020065000000C9
:100D6C0000003200010000009CFF01006800000040
:100D7C0000003E0001000000C4FB01006600000002
:100D8C0001643E00000000002C0502000000000081
:100D9C0000000C000100000060FF01006900000071
:100DAC0000640C00000000002C0502000000000094
:100DBC000000190001000000B4FB010067000000F6
:100DCC0000641900000000002C0502000000000067
:100DDC00000032000100000070FF01005400000010
:100DEC0001003E0001000000ECFB0100530000007C
:100DFC00010032200100000000F10100650000003C
:100E0C00000F0C0001000000A4FC010079000000A0
:100E1C0000021900020000002C0502004D00000029
:100E2C0000021928010000002C05020080000000BF
:100E3C000002320000000000D0FC010000000000A5
:100E4C0001023E00020000002C05020046000000DA
:100E5C000102250002000000F8FC01003B0000002C
:100E6C00000F0C000100000078FB01007600000070
:100E7C00000219000000000068FC010000000000E6
:100E8C00000225000000000084FC010000000000AE
:100E9C00000232000200000028FC0100510000009A
:100EAC0001023E000200000038FC0100520000006C
:100EBC00000F0C0001000000A4FC010079000000F0
:100ECC000002190002000000BCFC010057000000E9
:100EDC000102250002000000C8FC010058000000BF
:100EEC00000F0C000100000000FE01006F0000006C
:100EFC0000021900000000003CFF0100000000008F
:100F0C0000022500020000002C0502004800000031
:100F1C00000232000100000014FB01004700000039
:100F2C0001023E00010000002C05020056000000EA
:100F3C00000F0C000100000000FE0100700000001A
:100F4C0000021900000000000CFF0100000000006E
:100F5C000002251E020000001CFF010031000000F1
:100F6C0000642500010000002C0502004800000070
:100F7C000002321E0200000024FF010033000000BA
:100F8C0000643200010000002C0502004800000043
:100F9C0000643E00010000002C0502004800000027
:100FAC0001023E1E0200000030FF01003200000072
:100FBC00000F0C000100000000FE01007100000099
:100FCC000002190000000000DCFE0100000000001F
:100FDC0000642500010000002C0502004800000000
:100FEC000002251E02000000B4FB010034000000CA
:100FFC0000643200010000002C05020048000000D3
:10100C000002321E02000000C4FB0100350000008B
:10101C0000023E0E0200000000FF01004E00000026
:10102C0001783E00010000002C0502006B0000005E
:10103C00000F0C000100000000FE01007400000015
:10104C00000219000200000084FE01005B00000099
:10105C0000022500020000009CFE0100360000008A
:10106C000002320002000000B0FE01005A00000035
:10107C0001023E0002000000C8FE01005900000001
:10108C00000F0C000100000000FE010075000000C4
:10109C0000021900020000001CFE010055000000B7
:1010AC00000225000200000034FE01004A0000008E
:1010BC00000232000200000050FE01004B00000054
:1010CC0001023E000200000068FE01000F0000005B
:1010DC00000F0C000100000078FB01007200000002
:1010EC000002190000000000E4FF010000000000F5
:1010FC0000022500000000000800020000000000B3
:10110C0001023E00020000002C0502001D00000040
:10111C00000F0C000100000078FB01006D000000C6
:10112C000002190002000000F0020200080000009A
:10113C0000022500020000000C0302001100000058
:10114C0000023200020000002C0302000700000025
:10115C0000023E0A02000000400302000E000000E4
:10116C0001783E00000000005C030200000000005B
:10117C000100000090000020030002001600160081
:10118C00000000000200000068F6010001000300EE
:10119C00000000000000010003000000A8F60100A0
:1011AC000200010000000000040001000400000027
:1011BC0080040020000000001500050000800300E2
:1011CC000500000004F80100000000000400060007
:1011DC00008003000600000014F90100000000006C
:1011EC0005000700008003000700000078F50100EF
:1011FC00000000000600080000800300080000004A
:10120C0050020020000000000700090000800300CD
:10121C0009000000A00200200000000008000A00E5
:10122C00008003000A0000002003002000000000E2
:10123C0009000B00008003000B000000A00300203D
:10124C00000000000A000C00008003000C000000ED
:10125C00F0030020000000000B000D0000800300D4
:10126C000D000000D0010020000000000C000E005A
:10127C00008003000E000000D8F401000000000004
:10128C000D000F00008003000F00000028F5010086
:10129C00000000000E001000008003001000000091
:1012AC0070010020000000000F00110000800300FE
:1012BC001100000038F301000000000010001200C3
:1012CC00008003001200000098F3010000000000F1
:1012DC00110013000080030013000000F8F301005C
:1012EC000000000012001400008003001400000035
:1012FC0058F40100000000001300150000800300EA
:10130C001500000040040020000000001400040040
:10131C000080030016000000B4F70100000000007C
:10132C00010001000000030001000000C8F50100ED
:10133C00030002000B000B00000000000200000084
:10134C0028F6010001000300000000000C810100E0
:10135C0003000000A8F601000200010000000000DC
:10136C0004000100040000008004002000000000C4
:10137C000F000500008003000500000004F80100C8
:10138C0000000000040006000080030006000000BE
:10139C0054F8010000000000050007000080030065
:1013AC0007000000A4F8010000000000060008007F
:1013BC00008003000800000014F901000000000088
:1013CC0007000900008003000900000064F9010017
:1013DC000000000008000A00008003000A00000062
:1013EC00B4F901000000000009000D0000800300AA
:1013FC000B000000F8F601000000000001000100E5
:10140C00000003000C00000048F701000000000081
:10141C0000840083000002000D00000004FA0100AB
:10142C00000000000A000E00008003000E00000007
:10143C0054FA0100000000000D000F0000800300B2
:10144C000F00000040040020000000000E0004000B
:10145C0000800300000000000000000000000000FD
:10146C000000000000000000000000000000000070
:10147C00010203040607080900000000010203042E
:10148C000102030406070809080002401C00024080
:10149C003000024044000240580002406C00024000
:1014AC0080000240080402401C0402403004024048
:1014BC0044040240580402406C0402408004024080
:1014CC000030014000380040003C00400038014032
:1014DC000044004000480040004C00400000000068
:1014EC00500A0200700A0200300A020000000000DC
:1014FC0000000000000000000000000000000000E0
:10150C0000000000000000000000000000000000CF
:10151C0000000000000000000000000000000000BF
:10152C0000000000000000000000000000000000AF
:10153C00000000000000000000000000430000005C
:10154C00000000000000000000000000000000008F
:10155C00000000000000000000000000430000003C
:10156C00000000000000000000000000000000006F
:10157C00000000000000000000000000430000001C
:10158C00000000000000000000000000000000004F
:10159C0000000000000000000000000043000000FC
:1015AC00000000000000000000000000000000002F
:1015BC0000000000000000000000000043000000DC
:1015CC00000000000000000000000000000000000F
:1015DC0000000000000000000000000043000000BC
:1015EC0000000000000000000000000000000000EF
:1015FC00000000000000000000000000430000009C
:10160C0000000000000000000000000000000000CE
:10161C0000000000000000000000000004C80100F1
:10162C007EC7010000000000980B0200C0EE010014
:10163C002C0502002C0502002C0502002C050200D2
:10164C002C0502002C0502002C0502002C050200C2
:10165C002C050200FFFFFFFFFFFFFFFFFFFFFFFF57
:10166C00FFFF000001004153434949000000000006
:10167C00000000000000000000000000000000005E
:10168C0000000000000041534349490000000000E5
:10169C00000000000000000000000000000000003E
:1016AC000000000000000000C0A80101C0A8010A51
:1016BC00FFFFFF00FFFF0000020000000100000020
:1016CC00020506070E0F08000100000001000000D3
:1016DC00000E270701000000020406083208000073
:1016EC000000000010000000AAAAAAAA0E00000028
:1016FC00101C012001000000F4DB00200000CDAB29
:10170C0060050200700502006E1900000010000058
:10171C004C08002015C0FF00153FFF00153EFF00D0
:10172C000002040404040406010204006C006D00B1
:10173C006A006B0070006E0071006F006400660040
:10174C00680000003F0047004F00000043004B00C2
:10175C00530000000C0009000F00BFFF6400C8001C
:10176C000403020114EF010028EF0100E0ED010079
:10177C00F8ED01002D2D2D2D0000000010001100A2
:10178C00120000003F0047004F00000043004B00D8
:10179C005300000000EF01000CEF01002F003F0090
:1017AC0047004F00330043004B0053007C008C007B
:1017BC009C00000074008400940000007000800005
:1017CC0090000000030405007800880098000000D9
:1017DC0010001100120000000024014000280140FC
:1017EC0000540040005800400102040810000000A2
:1017FC0000800120FFFFFFFFFFFF00000000000042
:10180C000000000000000000FFFFFFFF03060C18A3
:10181C00306078004C0800200000104200000C42A0
:10182C00000020410000A040000070410000164361
:10183C000000964300001644000020420000A04126
:10184C000000FA4400007A440000C84200004842FC
:04185C00499D003D65
:020000024000BC
:100000003200080D2D0006102800D2132300B61868
:100010001E00061F1900102714008B310F004C3FE3
:100020000A007C510500EF690000EB8A0000000027
:100030000000000000009643C520903F00001644D9
:10004000D57811400000614448E15A4000009644D0
:10005000DD2492400080BB4417D9B6400000E14443
:100060003333DB40004003450000004100001645EB
:10007000713D124100C02845D7A32441EF020CC8AE
:10008000B75400201306500D8145138584BEEF0040
:100090008CCB930640061306500D938584BE014514
:1000A000EFB04CE98947631C052A138484BE1820ED
:1000B0001309B00581476304272B1306500D8145B2
:1000C000138584BEEF002CC8930720503EA0ED4757
:1000D0005CA0930700FC3CB8B7070AC09387871A57
:1000E0005CC8B70701FF9387871A1CCCFD575EAC2D
:1000F000930710107EA0B7C7C5FA938717B01CC42A
:10010000B73714059387072F5CC48547A304F4060B
:10011000A305F4069307F0302316F406B717002062
:1001200083A587B815471305700578BC2300240103
:10013000EF305CC0B717002087A7C7B81305B0051C
:10014000B7190020D38507E0EF30DCBEB7170020D9
:1001500087A7C7B81305F005D38507E0EF309CBD2E
:10016000B717002087A707B913057002D38507E0EA
:10017000EF305CBCB717002087A747B91305B00262
:10018000D38507E0538907E0EF30DCBA87A709B9C8
:100190001305F002D38507E0EF30DCB9CA851305FB
:1001A0003003EF303CB987A709B913057003B719BD
:1001B0000020D38507E0EF30FCB7CA851305B003F4
:1001C000EF305CB7B717002087A787B91305F00396
:1001D000D38507E0EF301CB6CA8513053004EF3035
:1001E0007CB587A789B91305F004D38507E0EF3004
:1001F0007CB4CA8513053005EF30DCB387A789B915
:1002000013057004D38507E0EF30DCB2CA8513050F
:10021000B004EF303CB2930740F8A301F4069967AD
:10022000938737802312F40689472303F406930744
:10023000601F1EB0B7072C01938767092324F40CB5
:10024000B717002083A5C7B91305E00AEF309CAEAD
:10025000B717002083A507BA1305200BEF309CAD1C
:10026000B717002083A547BA1305A00AEF309CAC4E
:100270009305000013050007EF30DCABB717002033
:1002800083A587BA13054007EF30DCAAB717002013
:1002900083A5C7BA1305C007EF30DCA9930500009A
:1002A00013050008EF301CA9B717002083A507BB72
:1002B00013054008EF301CA88D472317F406B71725
:1002C000002083A547BB1305C008EF30BCA69305EB
:1002D000000013050009EF30FCA5B717002083A527
:1002E00087BB13054009EF30FCA4B717002083A596
:1002F000C7BB1305C009EF30FCA3B717002087A7C1
:1003000007BC1305000AD38507E0EF30BCA2B7177E
:10031000002087A707BC1305400AD38507E0EF300C
:100320007CA1930700109306803E1306500D938521
:1003300084BE0145231BF40AEFB00CD719E537E55D
:1003400001001305853AEFA00D84930640061306BD
:10035000500D938584BE0145EFB0CCBD85473E85E9
:100360006F000C9DEF022C9B7971A9473ED23ED0C5
:10037000B7470000938727184C0801453ED602CCAA
:10038000EF0090284C080545EF0010284C0809455F
:10039000EF0090274C080D45EF0010274C08114541
:1003A000EF009026B7470000938787212C00014576
:1003B0003EC802C6EFB0FC9B2C000545EFB07C9B0D
:1003C0002C000945EFB0FC9A2C000D45EFB07C9A4B
:1003D00045616F008C96EF020C94011199475C8483
:1003E000938741A63EC89387C1A63EC6B70714644B
:1003F000D1073ECA8947230CF1008567938787BBE5
:10040000FC85B74700009387871C28003ECEEFB0DD
:10041000FCB305616F006C92EF02EC8F3714014062
:1004200085654111130504C0F1460146938505C059
:1004300002C002C202C402C6EFC0CCCFF1460146E0
:10044000130504C09305000CEFC0CCCEB797040091
:100450009387073E3EC0B70700403EC2B70700047F
:100460003EC48A85916701457C86EFC0CCD38A85DE
:100470000545EFC04CD30145EFC0CCE50545EFC0C5
:100480006CE541016F006C8BEF024C870111371452
:100490000140EFC04CCFF146014613050480C14531
:1004A000EFC04CC9130504C08D45EFC0ACC6930521
:1004B000000337150140EFC0ECC513050480930518
:1004C000400EEFC02CC5B72401401385048093056E
:1004D0000078EFC02CC313050440B165EFC08CC297
:1004E000856537150140EFC0ECC1130504408D450B
:1004F000EFC04CC1130504409305000EEFC08CC043
:10050000130504409145EFC0ECBF13050440856519
:10051000EFC04CBFE1460146130504C0A965EFC01A
:100520006CC191677C866C0093078004130504C03E
:100530003ECA231701002318010023190100EF9080
:10054000ECE9130504C08565EFC0CCBB91453715B8
:100550000140EFC02CBB1305044093050004EFC01D
:100560006CBA370613808D65E146410613050440D9
:10057000938505A0EFC00CBC130504C09305800350
:10058000EFC04CB813050440C145EFC0ACB70569D6
:10059000930509C037150140EFC0CCB61385048020
:1005A0009305C007EFC00CB8130504C093050010F5
:1005B000EFC04CB7C1651385048093850580EFC0FB
:1005C0006CB681450145EF902CAD130504409305B1
:1005D0000004EFC00CBA130504C093050020EFC05F
:1005E0006CB2B709308013862900138504809146C8
:1005F0008945EFC02CB41386290013850480E14699
:100600008545EFC02CB3E1460146130504809305F0
:100610000040EFC02CB213050480A165EFC08CAE82
:1006200013050480A165EFC0CCB585451165EF9039
:10063000DC9411454120EF204CBAB7B51D0065464A
:10064000938595150945EFC0BCE493050002094563
:10065000EFC0FCB1BD659D46130689BB938505A619
:100660002145EFC07CEF1306401F9D452145EFC09B
:10067000BCFC2145EFD0EC842145EFC09CAD680067
:1006800002C602C802CA02CC02CEEFB0BCCC85457D
:100690000145EF90AC9D9305803E0145EF90CC9FC6
:1006A000D1319D450545EF00206EEFD0ACB7056117
:1006B0006FF01BE8EFF23BE6B7460000B7B50A0063
:1006C000814705479386A6480546938505E6EFC012
:1006D000FCDF371501409305000213050540EFC00C
:1006E0004CAA37540020F965814601461305840D54
:1006F000938585E0EF000C82F565938585B8130539
:10070000840DEF00CCE41305840DEFF07BFE6FF059
:10071000DBE200000000000000000000FF1F0000FE
:1007200000000000000000000080FFF907780000D2
:10073000000000000000000000FCFF7F00C000007F
:100740000000000000000000801F001C008001006D
:100750000000000000000000E00C00180000030092
:10076000000000000000038071000020000006006F
:100770000000000000E003E01C0000000000060094
:100780000000000000E00730060000000000060C3A
:100790000000000000E0071C0600000000000C78CC
:1007A0000000000000E0070EFC01000000000CE06B
:1007B0000100000000E08703C01F000000000E8061
:1007C0000300000000E0C701007000000000060008
:1007D0000F00000000E0E70000C00000000006007D
:1007E0003C00000000E07F000080010000000600E7
:1007F0007800000000C03F000080010000000600FB
:10080000E000000000C01F000080010000000600A2
:10081000C003000000C00F000080010000000600BF
:100820008007000000C00F000080010000000C00E5
:10083000000F000000C00F000080010000000C004D
:10084000001E000000E00F00008001000000180002
:10085000003C000000E00F000080010000003800B4
:100860000078000000F01F000080010000003C0044
:1008700000F0000000F81F0000C0000000001E0093
:1008800000E0010000BC1F0000E0000000000F00BD
:1008900000C0030000BC1F0000E0070000000000D3
:1008A00000800700001E3F00000000000000000064
:1008B00000000F00000F3F000000000000000000DB
:1008C00000001E00000F3F000000000000000000BC
:1008D00000003E0080073E0000E007000000F0013D
:1008E000000C3C00C0037EC0FFE087E3FF0FFE0F5B
:1008F000000F7800C0037EC0FFE3C7E7FF0FFF1FB4
:10090000C00FF800E003FEC0FFE7E3EFFF8FFF3FFB
:10091000F01FF000E007FCC0EFE7F3E7FFCFFF7F39
:10092000F80FE001F00FFCC0CFE7FB037CE00F7F86
:10093000FC03E003F01FFCC1CFE7FF01FCE0077EF2
:10094000FE00C003F83FF8C1CFE7FF00FCE0077EE0
:100950007E00C00778FFF8C1EFE7FF00FCE0077EEC
:100960003E0080077CFEF9C3FFE3FF01FCE0077E49
:100970003F00000F3CFCF3C3FFE1FB03FCE0077EFC
:100980007F00000F3CF8FFC77FE0F307FCE00F3F5C
:10099000FE01001F3EE0FFC70FE0F307FCC0FF3F72
:1009A000FE1F001E1EC0FFCF0FE0E307FCC0FF1FAD
:1009B000FC1F003E1E80FFCF0FE0C707FC00FF0FAB
:1009C000F81F003C1F00FEDF0FE08701FC00FE0364
:1009D000E01F007C0F00FC1F000000000000000072
:1009E000000000780F00F03F000000000000000051
:1009F000000000F80F00E07F000000000000000091
:100A0000000000F8070080FF010000000000000067
:100A1000000000F0000000FE0700000000000000E1
:100A2000000000F0000000F83F000000000000009F
:100A3000000000F0000000E0FF00000000000000E7
:100A4000000000E000000080FF0700000000000040
:100A5000000000E000000000FC3F0000000000007B
:100A60000000000000000000F0FF01000000000096
:100A7000000000000000000080FF3F0000000000B8
:100A8000000000000000000000F8FF0F0000000060
:100A900000000000000000000080FFFFFF7F00005A
:100AA00000000000000000000000FCFFFFFF00004D
:100AB00000000000EFF23BA63785000001468D459F
:100AC000130565B0A52E6FF05BA7EFF2DBA413054D
:100AD000C00CEF306CA123A2A1AC6FF01BA6EFF20B
:100AE0009BA303A501ADEFE04CF8EF00FCB108417A
:100AF000EFE0ACF7EF704CD50841EFE00CF7EF10EA
:100B00007CED0841EFE06CF6EF20FCE10841EFE0FE
:100B1000CCF56FF09BA2EFF21BA0EF20DCE02A8463
:100B200037680020B7670020B7050200374500008E
:100B30001308C8A29387C782154785461306000885
:100B40009385853E1305259AEFE0AC8B08C0EF1026
:100B50007CE82A8437680020B7670020B7050200C8
:100B6000373500001308C8E89387C7A8194785469A
:100B7000130600109385053F13056555EFE06C885B
:100B800008C0EF007CA82A8437880020B7770020AF
:100B9000B7050200371500001308C89E9387C77E6B
:100BA00021478546130600089385453F1305A56E2A
:100BB000EFE02C8508C0EF30ECF02A843778002075
:100BC000B7670020B7050200374500001308C8C307
:100BD0009387C7141D478546130600209385C53F9C
:100BE0001305E52EEFE0EC8108C0EF105CDE2A84EF
:100BF00037580020B7570020B705020037350000EE
:100C00001308C87C9387C73C194785461306001014
:100C10009385054013054500EFD0BCFE08C037782A
:100C2000002037040200B7770020375500009305F5
:100C300044401308C878154785461306C02B938790
:100C4000C7C913054528EFD0DCFB23A8A1ACEF7082
:100C5000ACBFAA8437880020B7870020B705020000
:100C6000379500001308C8249387C7A421478546F9
:100C7000130600209385C5401305A5B9EFD07CF875
:100C800088C037980020B78700203785000093057B
:100C900044401308C8F29387C72A214785461306A4
:100CA0000032130585FAEFD0DCF537680020B7670E
:100CB0000020B7050200374500001308C80E9387CF
:100CC000C7EE114785461306000893854541130575
:100CD0008528EFD01CF337A80020B7970020B70570
:100CE0000200378500001308C8A71547854613067C
:100CF000C02B938505429387C7F8130585D1EFD0A4
:100D00005CF023A6A1ACE13B6FF03B83EFF2BB802C
:100D1000EF00BC812A8437A500201305C536EFD02B
:100D2000EC8008C0EF00FC8D2A8437A50020130555
:100D3000053DEFC0BCFF08C06FF03B80EFF2ABFD9C
:100D4000EFB0CC9FB7A6002037A600202A84014729
:100D50009386C63E1306C6AD89454145EFD0ACD556
:100D600008C0EF20FCBBB7A6002037A600202A84CD
:100D70000147938686381306C6AF85454145EFD0B7
:100D80008CD308C06FF06BFBEFF2EBF8C167011179
:100D900089073ECA37140120B70718009387072038
:100DA000AE841304C4CD6C003ECC2A8908C402C6AC
:100DB00002C802CEEFC0CC9137B60000B7B5000034
:100DC000014789464A851306064893852548EFC0A2
:100DD000AC9637450040054693050006130505808F
:100DE000EF902CB5371501408565130505C0EFB0B0
:100DF0005CB889652946938505712685EFC04CE965
:100E000004D005616FF06BF3F1473305F502B717B6
:100E1000012093874764D8413E959C4958C17D176E
:100E20001CC9DC453337E00058A95CC59C4D230B39
:100E30000500232405001CCD01458280EFF20BEC58
:100E4000371402405C4C37070018AE89D98F5CCC50
:100E5000377700401C43328AAA8493E707101CC3EB
:100E6000EF904C9F1C5041672A89D98F1CD01C5091
:100E700041777D17F98F1CD00545EF807CF2014446
:100E8000930AA00F13051004EF900C9101ED631469
:100E900054016FF0EBE9050451451374F40FEFF0C2
:100EA0002CBBCDB79307A00FE305F4FEB7170240A4
:100EB000985321641367071098D39853418F98D3A0
:100EC000EF904CA2EF900CA3EF90CCA11305F4FF90
:100ED000EF906C9EEF900CA1EF904C96373700404E
:100EE000835707805286CE8593E717002310F7803B
:100EF0004D45EFB09CCA4A85EF902C99370502000A
:0E0F00001305855D23AE91B8EF90EDC759B78C
:00000001FF
