:100000006FA0E000130000001300000013000000C8
:100010001300000013000000130000001300000094
:100020001300000013000000130000001300000084
:08003000130000007300100032
:100038000000000000000000683600006C36000078
:1000480000000000549F00000000000000000000B5
:10005800569F0000589F00000000000000000000AC
:10006800AAE80000000000000002000000000000F4
:100078005E9F0000609F0000629F00008CD8000017
:10008800669F0000689F00006A9F00006C9F000048
:100098006E9F0000709F0000729F0000E4D0000077
:1000A800B2D10000789F000080D200004ED300003B
:1000B8007E9F0000809F0000D0CC0000849F00003D
:1000C800869F0000889F00008A9F0000F23600008B
:1000D8008E9F0000909F0000929F0000949F000058
:1000E80052380000989F000030DE00009C9F0000FE
:1000F8009E9F0000A09F0000A29F0000A49F0000F8
:100108004ADC0000A89F00002CE50000AC9F00001E
:10011800AE9F0000B09F0000B29F0000B49F000097
:10012800FEDE0000B89F0000BA9F0000BC9F0000E0
:10013800BE9F0000C09F0000CCDF0000C49F0000ED
:10014800FAE50000C89F0000CA9F0000CC9F00008D
:10015800CE9F0000D09F0000D29F0000D49F0000D7
:10016800D69F0000C6370000DA9F0000DC9F000021
:10017800DE9F0000E09F0000E29F0000E49F000077
:10018800E69F0000E89F0000EA9F0000EC9F000047
:10019800EE9F0000F09F0000F29F0000F49F000017
:1001A800F69F0000F89F0000FA9F0000FC9F0000E7
:1001B800FE9F000000A0000002A0000004A00000B4
:1001C80006A0000008A000000AA000000CA0000083
:1001D8000000000000000000000000000000000017
:1001E8000000000000000000000000000000000007
:0801F8000000000000000000FF
:10020000130181F806C216C41AC61EC822CA26CC1B
:100210002ACE2ED032D236D43AD63ED842DA46DC76
:100220004ADECEC0D2C2D6C4DAC6DEC8E2CAE6CC46
:10023000EACEEED0F2D2F6D4FAD6FED8F3220030CF
:1002400096DA83A201B823A02200F32510342EC031
:100250009305000273A0458003A18194EFF09042C2
:1002600003A301B803210300824273901234D652D3
:10027000739002309240A2423243C2435244E2445D
:10028000724582551256A2563257C2575258E258FA
:1002900072598649164AA64A364BC64B564CE64C0E
:1002A000764D865D165EA65E365FC65F13018107DA
:1002B0007300203013000000130000001300000042
:1002C00013000000130000001300000013000000E2
:1002D00013000000130000001300000013000000D2
:1002E00013000000130000001300000013000000C2
:1002F00013000000130000001300000013000000B2
:1003000083A28194938202E07390023403A101B826
:10031000024182403243C2435244E2447245825514
:100320001256A2563257C2575258E258725986494D
:10033000164AA64A364BC64B564CE64C764D865D61
:10034000165EA65E365FC65FD652A102739002307B
:10035000A2421301810782801300000013000000F5
:100360001300000013000000130000001300000041
:100370001300000013000000130000001300000031
:100380001300000013000000130000001300000021
:100390001300000013000000130000001300000011
:1003A0001300000013000000130000001300000001
:1003B00013000000130000001300000013000000F1
:1003C00013000000130000001300000013000000E1
:1003D00013000000130000001300000013000000D1
:1003E00013000000130000001300000013000000C1
:1003F00013000000130000001300000013000000B1
:10040000F322003093F272FF130380781203B3E2F9
:100410006200711523205500130585FA10C12115BE
:10042000232005009302000063870200711523203A
:100430000500FD12D5BF71150CC1828000000000BF
:1004400000000000000000000000000000000000AC
:10045000000000000000000000000000000000009C
:10046000000000000000000000000000000000008C
:10047000000000000000000000000000000000007C
:10048000000000000000000000000000000000006C
:10049000000000000000000000000000000000005C
:1004A000000000000000000000000000000000004C
:1004B000000000000000000000000000000000003C
:1004C000000000000000000000000000000000002C
:1004D000000000000000000000000000000000001C
:1004E000000000000000397101436EC619A0397187
:1004F00041536AC866CA62CC5ECE19A039710153F5
:100500005AD056D252D44ED64AD826DA22DC06DE4B
:1005100033016140828241114AC026C222C406C60C
:100520008282B24D4101024D924C224CB24B4101AC
:10053000024B924A224AB249410102499244224462
:10054000B240410182803D432A876373C30293779F
:10055000F700BDEFADE5937606FF3D8ABA960CC372
:100560004CC30CC74CC74107E36BD7FE11E2828036
:10057000B306C3408A069702000096966780A600DD
:100580002307B700A306B7002306B700A305B700EB
:100590002305B700A304B7002304B700A303B700E3
:1005A0002303B700A302B7002302B700A301B700DB
:1005B0002301B700A300B7002300B700828093F5A2
:1005C000F50F93968500D58D93960501D58D61B76E
:1005D000939627009702000096968682E78086FA17
:1005E0009680C1171D8F3E96E374C3F8A5B7EFF24E
:1005F0001FF0AE96939906013A8B1307160093D914
:10060000090142074183CE86AA842E84B28A034A16
:100610002509EF00D00901C90549933B1A006395EC
:1006200089002389440901B783470B00B377F90098
:100630008DC723894409014785465686A2852685AC
:10064000EF0040750504060942041379F90F418053
:10065000E31709FC050B0549D9B783C71409FDF356
:1006600023897409C9BFEFF27FE932971319070193
:10067000B689AE9613590901C2064A87C1822A8BF0
:10068000AE8A32843E8AEF00900201C993847900D9
:10069000C204C1808D806313890059BD2286050480
:1006A0005287CE86D6855A8542049137269A418054
:1006B000DDB7EFF2BFE4329793140701B689AE9627
:1006C000C180C2062687C1822A8A2E893284EF0021
:1006D000007E01EDB1BD228605040147CE86CA85A4
:1006E00052854204EF00006B4180E39684FEDDB743
:1006F000EFF27FE21C418145902B834785034859E7
:100700003306F6020E0681350DBDA1471CA11385E7
:1007100081C78280EFF23FE03687AE84B286B7159C
:100720000000371600004111130686229385E52F3D
:100730002A84EF00105D1305F100C13F9087B716C2
:100740000000AA852687938686ED2285EF00101388
:100750004101E5B3AA959C218831A2073E95420547
:100760004181828001458280EFF2FFDA9C21AE84D4
:100770002A841CA19C311CB1BC213CA1BC313CB1E0
:10078000DC215CA1DC315CB1FC217CA1FC317CB1C1
:100790009C251CA59C351CB5BC253CA5BC353CB591
:1007A000DC255CA5DC355CB5FC257CA5FC357CB581
:1007B0009C29C5451CA92685713F2AA8CD452685BB
:1007C000513F4AA8D545268571376AA8BDB3104167
:1007D0000348C5001C223307B8001377F70FB3D6C0
:1007E00007419D4763ECE70093F7F60F58A57D5549
:1007F0003315B5001345F5FF7D8D828093071600F4
:100800001CC11C32214633060641B397C700D58F61
:10081000611793F7F70F1377F70FC9BFEFF2BFCF49
:100820002CD183458507930405062A8423060506F3
:100830002685713F834594072305A4062685413FFD
:1008400083472409A305A4062307F40693B71700DA
:10085000A307F406DDB1EFF21FCC2E848D3F7D148B
:100860008547B39787001D8D62056185F9B185477E
:10087000638CF60091C68947638AF6000D8D11A03E
:1008800032954205418182802E95E5BF118DD5BFFD
:100890008547638CF60091C68947638AF6003295D6
:1008A00011A02E95420541818280118DE5BF0D8DED
:1008B000D5BFEFF25FC38344850603499506411116
:1008C0002A84AE89328B834BA40693FAF90F338ABC
:1008D0009B40137AFA0F63743A01937AFA0F034735
:1008E0000407939C8401131C89010355440693DC7F
:1008F0008C41135C8C41BA866286E6853AC6493FD4
:100900003247835D64066286BA862A8DE6856E85E7
:10091000B93F2A86324763080B028347E40623095E
:10092000F408D686EA852285B521CE9493F4F40F97
:1009300063E14903B3847441050993F9F40F137912
:10094000F90F814449B78347D406E5F38347F4069A
:10095000F9B723049406A30484074101D9B6EFF242
:100960001FB92A84130A0506553D8345A4075285FD
:100970008309B406CD358345B4072A8C5285E13D01
:100980008345C4072A8B5285F9358304A406AA8AB5
:10099000635D90084E9B834B0407330B6041035506
:1009A0004406620B135B8B41DE865A86E285CD35A9
:1009B0002312A4062A89035564065A86DE86E28538
:1009C0007D352313A40685472A86638CFB06638046
:1009D0000B0689476387FB088D47638BFB0A2A87D1
:1009E000CA86CA852285E12129C1231404068345CC
:1009F00064075285E93B834574072A895285C13BC8
:100A0000AA840146CA8522856D35A68522850546BC
:100A10004D3585455285653B6DF583079406E3C8E2
:100A200037FD8347E4062309F4085685EDBCCA94D4
:100A300093960401B304350113970401C1824183E5
:100A40004DB7B3073941AA940509931609011397C5
:100A500004018507C18241831399070113590901D4
:100A600049B70547B3049740B307990033073741A7
:100A70009304190093960401B305E500930415004F
:100A80001397040113960501C18241834182E9B79E
:100A9000B304954013061500B306390185041317F6
:100AA0000601C20613960401C1824183418215BF2B
:100AB0003C4D1307F00FDD076368B702130700060C
:100AC000637DB70003578508BA97983335C39423DD
:100AD000E39CB6FE13852700828013070004E376AB
:100AE000B7FE03576508CDB7EFF2FFA20354A50880
:100AF000AE843E94228981454A85A9392A94894544
:100B00004A8589391109E36895FE1C301820A2072F
:100B1000D98F13978700A183D98FC207C18399CB3F
:100B20006395F4001305340009BC3C203E94F1BFEA
:100B3000014582800145CDBFEFF2FF9D2A848D3FA4
:100B40000DC5AA852285D9398345A40793040406D7
:100B5000268511338345B4072308A4082685E53983
:100B60008345C4072685C539C9BA0145F5BFEFF2EB
:100B70001F9823050506AA84AE8AF12BC1671309C5
:100B800000FC014A0144138BF7FF9389E7FF930BA5
:100B900000FC83C50A00DC4026858297AA85630392
:100BA0006503850AE30735FF26857937131A0501A2
:100BB000135A0A0163147901038904095294420407
:100BC0004180C1BF8387A40691CF03870409BA97E8
:100BD0003E943304444142044180635520014A94C9
:100BE0004204418022856FF01F94A306B5068280DF
:100BF000EFF2DF908347050705472A842E89B284E8
:100C0000B689638FE7029DC709476383E7040D47F1
:100C10006384E704CE8523122407231394062285D8
:100C2000413DAA85014589C52285153B4205418183
:100C30006FF01F907C4D8297AA94C204C180D9BFE7
:100C40007C4D82973309A940420913590901D9B74C
:100C50007C4D8297898CD5B77C4D82972A99EDB7C8
:100C6000EFF2FF884169AA8C2E84B284B689130AF8
:100C7000F9FFD521014C7919854A094B8D4B83A782
:100C80004C0083C5090066858297AA8663034505E3
:100C90008509E30625FF2686A2856685913F83C7E1
:100CA0000C076380570391CB6381670363817703EC
:100CB0002A9C420C135C0C01D9B72A94420441804F
:100CC000C5BFAA94C204C180E5B7098CC5BF898C91
:100CD000D5BF62856FF03F85EFF2FF83B717000045
:100CE0009387C70B5CC1AD3F6FF03F853C4DA9CBEF
:100CF00003061508830625088347D5082307C5087A
:100D0000A307D50895CF0547639FE70083073508FC
:100D10006354F6002307F5088307450863D2D7021A
:100D2000A307F50882808307E50703070508BA973C
:100D30006354F6002307F5086354D700A307E508BA
:100D40008280B7070000938747767CCD8280384D3C
:100D5000630DB700EFF22FFC2A842CCC1305450756
:100D60002134228561376FF04FFD8280EFF2AFFAB8
:100D7000B71700009387C70B5CC1D53B6FF0EFFB43
:100D8000EFF26FF97E3D1D8E5C55420641828297DF
:100D90006FF0AFFA8347C508C1CBD9C6854763F961
:100DA000D70089476317F7068505958DC205C18170
:100DB000058B25EF8357C5046368F6068357E50462
:100DC0006374F606AE96C206C18283578504035843
:100DD000A50463F9B60463F605059306F8FFC20699
:100DE000C18263F3D704BE8863F3B700AE889395DE
:100DF0000801C181C28763F30601B687B386B74095
:100E0000C206C182EFF22FF11C599C4782976FF006
:100E1000CFF28D47E31EF7F80506158E4206418294
:100E200041BFBE85E3EF05FB828083578504E3ED78
:100E3000F5FE8357A504E3F9F5FEB296C206C1821A
:100E40008357C5040358E50463F9C60263760603B5
:100E50009306F8FFC206C182E3F8D7FCBE8863F3AD
:100E6000C700B288139608014182C28763F3060166
:100E7000B687B386C74069B73E86E36F06FD6DB798
:100E8000894763E5B7002309B508828085472309B0
:100E9000F50882806379B60085476364D500B3B7EF
:100EA000C6003E858280E36CD5FE8147DDBFEFF250
:100EB0008FE62A84AE848355E5040355C50436893C
:100EC000BA86C93F01C98355A40403558404CA8660
:100ED0002686C9376FF06FE60343250993787600BD
:100EE0008547339817011378F80F014E63E56700C3
:100EF000428E6309F30403230500619A5C5903439E
:100F000003013306660242064182B295BE950DCFBB
:100F100005479C218508FD16B367FE00B347F8001E
:100F2000C2069CA193F87800C18263900804323D08
:100F300083472509B2956365F700054E638EE70286
:100F400005481DA8014845BFAE96C206C1829C2136
:100F50008505B367FE00B347F800A38FF5FE9397AE
:100F60000501C183E395D7FE828093171E00060812
:100F700013FEF70F1378F80FC9FE828083458503AF
:100F80001441834895031397050141839317370054
:100F90005EBD9C2A13980801135808018E073EBDB8
:100FA000931738007EBD903AC6956356B600330756
:100FB0000641420741830E072310F504BA97231117
:100FC000F504DE2A2312F504FE2A2313F504828099
:100FD000EFF26FD465376FF04FD6EFF2CFD34D33CA
:100FE0006FF0AFD5EFF22FD3035765058356250574
:100FF00003564505835505052A84553D09E5230615
:1010000004086FF08FD385472306F4080357840440
:10101000835704056374F7002314F40483572405ED
:101020000357A40463F4E7002315F404835744052D
:101030000357C4046374F7002316F404835764054C
:101040000357E404E3FFE7FA2317F4045DBFEFF26C
:101050008FCC03574504231405042315E5043841B8
:1010600078C549376FF06FCDEFF2EFCA1C59417761
:1010700038C9DC4378C982976FF02FCCEFF2AFC943
:1010800093071010230CC502A30C0502A306050646
:10109000A3060508A30805082319F5081C4354D521
:1010A0004CD918D9232C05042A84829722856D3FB8
:1010B00022854139230804066FF02FC8D1C9A947FA
:1010C0006388F508034765022DE79307B00F63FABD
:1010D000B70095472303F50285890EB1C165F9155F
:1010E000B9A09307700F63F7B70091472303F50288
:1010F0008D89E5B79307F00E63F7B7008D4723039B
:10110000F5029D89D9BF9307F00D63F7B7008947B2
:101110002303F502BD89D1B79307F00B63F7B7003E
:1011200085472303F502FD894DBFC205C1812E8588
:1011300082801E3193F5F5037D179A07DD8DC20578
:101140001377F70FC1812303E5020EB16DD379B791
:10115000C165FD15E9BF230305028280EFF2AFBB35
:101160001C492E8681469305000282976FF0EFBCE2
:10117000EFF26FBA1C49B2862E86DD4582976FF07A
:10118000CFBBEFF24FB94111CC871306F100854573
:10119000C53741016FF06FBAEFF2EFB75C452E86AD
:1011A0008146D54582976FF04FB9EFF2CFB65C45D7
:1011B000B2862E86DD4582976FF02FB8EFF20FB41E
:1011C0004111AA842E845D49E549130AE00FD54AEE
:1011D0000C20638C25036367B90063F0550341015C
:1011E0006FF00FB563FBB902E39B45FF1030930529
:1011F00090022685D087F92439A01030DC4481463E
:10120000D087268582970904E1B71C301306F100C8
:1012100085452685DC87513FFDB7DC448146014684
:101220002685050482976DB79387C5FE93F7F70F60
:1012300015476363F704EFF20FAE37F701008A0733
:10124000130787ABBA979C4341113289AE842A8435
:10125000828781452137CA85228525370545410189
:101260006FF0AFAD854536C6D53DB2461C484A86BF
:10127000A68522858297E5B701458280EFF20FA807
:101280002E84CC212A89B2898E0593F5F50393E546
:101290000504193783C569004A8593E5850BED3D43
:1012A0007C20A1CF542058309387860093F7870F76
:1012B000958F93F7F70F9375F70F63F4E70093F5A6
:1012C000F70FAE960D8F10408E0593F4F50FA6859F
:1012D00054A058B04A85D13D0C405C30AE9404C057
:1012E00091EB83A709001CC083C749005CB07C2038
:1012F000FD177CA05C209D8BC5F76FF06FA3EFF20C
:101300008FA1A94741112A84638DF50863EAB700CC
:10131000A5476381F5088144268541016FF0EFA15F
:10132000AD476382F50CBD47E397F5FE9C423689D5
:10133000D4323EC483574900508713978700A18356
:10134000D98F7C869D4763E1D7025C45814605467F
:10135000E14582974A862C0022850D375C44814600
:101360000146E545228582971886BD478544E3E519
:10137000E7FA5C4481460946E145228582974A8620
:101380002C002285E53D5C4481460146E5452285E9
:10139000829759B7B7F50100938505AD652085445F
:1013A000A5BF75205C4481460546E14522858297AC
:1013B0009385C186228519355C4481460146E54501
:1013C000228582975C44E1458146094622858297C1
:1013D0009385C1862285DD335C4481460146E5451F
:1013E000228582976DBF5C4581461DE60546E14535
:1013F0008297938501872285D1335C4481460146DB
:10140000E545228582975C44E1458146094622856F
:101410008297938501877DBF0546E1458297938535
:1014200041872285613B5C4481460146E545228532
:1014300082975C44E14581460946228582979385DF
:10144000418749BF0CC1BC292301F5028280EFF21C
:101450008F8C5C4981460146930580022A848297DD
:101460005C4481460146D145228582972285054606
:101470009305B00481281C40228593059002D02357
:101480009120228501469305B0042D281C40228519
:1014900093059002D0233D20228505469305B00494
:1014A00015201C40930590022285D03321286FF02F
:1014B000CF88EFF24F861C4581460146A5458297AD
:1014C0006FF0AF87EFF22F855C49814682976FF00E
:1014D000CF8601458280B71700009387274D1CC532
:1014E0005CC51CC95CC9FD5723200500A30105028A
:1014F00023030502232C05002302F5022304F50231
:101500008280EFF24F8141112A842EC632C436C246
:101510003AC0D137B2452246924602470CC450C465
:1015200014C858C82285713741016FF00F811385A7
:101530000197828005458280EFE2FFFD85474111DA
:101540002A8663F5A7008D4763E4A70283A5019768
:1015500037F5000074001305C5CD02C6EFF0701119
:1015600001C9B24791C7B7E700E0116723A0E720A0
:10157000054541016FE07FFCEFE2FFF92A8403A5F6
:1015800001977D57814605468D45EFD0604B8547D5
:10159000630FF50011C98947630BF5008D47630898
:1015A000F50005456FE07FF923200400DDBF08C08A
:1015B000CDBFEFE25FF683A50198411137F500003A
:1015C000740005461305C5CD02C6EFF0900A01C9A7
:1015D000B24791C7B7E700E0116723A0E7204101B8
:1015E0006FE0BFF5EFE23FF303C7D1979385D19743
:1015F000238EE19603A54197EFC0D06683A7819C17
:1016000082976FE09FF313850198828013858197FD
:101610008280EFE25FF085476380F604894763814B
:10162000F6040147814613844197014608C0EFC084
:101630005055084037160000B7150000014789468D
:101640001306265B9385455EEFC0305C0840EFC013
:10165000505A05456FE07FEE056793060060E1B7DD
:10166000056793060040C1B7EFE2FFEA2E8483A727
:10167000419715C59385D1973E85EFC0B05E37156C
:10168000014093050020130505C0EFB0B06C03A521
:10169000019885450DC0EFD0E0576FE01FEA3E8509
:1016A000EFC0105E3715014093050020130505C0FB
:1016B000EFB05069E9BFEFD0404EC5B7EFE2BFE5EC
:1016C0002A843715014093050020130505C0EFB0AB
:1016D000706703A541979375F40FEFC01057054548
:1016E0006FE0BFE583C7C1971CA105458280EFE28B
:1016F0009FE203A501987D57814605468545EFD0B9
:1017000020348547E317F5FE83A7C19C8297D5B7A0
:10171000EFE27FE008218545EF00F16E7D572386DB
:10172000E1806FE09FE1EFE21FDF41118545054554
:1017300002C202C423160100EF90003683A7818203
:1017400037470F0013070724B3D7E7024C003705CC
:101750000040231501007C8489679387F7703EC29F
:10176000EF9080540546854537050040EF903006E0
:10177000854537050040EF9010048545370500404A
:10178000EF90900DB7E700E0056723A2E710410155
:101790006FE0BFDAEFE2BFD5411113858198371AA8
:1017A0000020EF90D0260144BD3F938C4180130C64
:1017B0008AA1938B8180114B93140401C1801385FE
:1017C000340142054181EF202056B3878C0088A365
:1017D0001385740142054181EF200055B3078C0049
:1017E00088A31385B40142054181EF20E053B387FC
:1017F0008B0088A30504E31164FD9386819813860A
:10180000818093058AA113854180EFA0E0709567E0
:10181000938707E23EC29167938787A93EC4480039
:10182000A5473EC6EF0001301933184123ACE198BB
:1018300041016FE05FCFEFE27FCC0111C88793F7E2
:1018400045002E84B9C39379F50F1307C00333877E
:10185000E902B7170120938747C2BA97D447984740
:101860003697D44B9C4F3386F6006374C700B3079A
:10187000D740938441998E203ECE13076010AE97D7
:101880006371F7061305F1006135937784009DCBF2
:101890009384C18098209307F00F6315F70288871F
:1018A0008545EF00513B88870566130686B6B3056C
:1018B000C502B717002093870729BE95EF00A162E4
:1018C0009C879CA09377040181C77D572386E18084
:1018D0001374040401C47D572386E18005616FE021
:1018E0003FC537390020130909967008CA954E85FF
:1018F000EF0081649E2072473E97420741839AA081
:101900009947E3F4E7F88356490093978600A1824C
:10191000D58FC207C18393865700E3D8E6F69907AF
:10192000E312F7F60545EFF03FC103A581997D5716
:10193000854605468545EFD0A010B73500201386B3
:101940004198938585A64E85EF0051149384819923
:1019500001C51305F1006D3B88408945EFD0802B10
:101960002DB7EFE25FBBEF00912A937715002A8431
:1019700099C737F50100130585AEEF90016B93779A
:10198000240099C737F501001305C5AFEF90E16951
:101990009377440099CBEF00712B118919C537F566
:1019A0000100130545B1EF904168418819CC01450C
:1019B000EF003127AA8519C10145B53D0545EF0066
:1019C0005126AA8519C10545BD356FE01FB7EFE265
:1019D0009FB439711304601F11C12A841306C00318
:1019E00081454800EFE03FB68D4722D64C00138476
:1019F000D1801385D1803ED0EF00212D814719E998
:101A00000820EF00912A854711C508208945EF007D
:101A1000913F81473E8521616FE03FB2EFE2BFAF6A
:101A20001385D180EFF0DFCE6FE03FB1B7370020F4
:101A3000938707961CC1938741999A230545239064
:101A400007009AA18280EFE21FADB73700202E86F3
:101A50002E84AA85138587A6938487A6EF80816F3D
:101A600023A28198138481990840854523A89198E1
:101A7000EFD0401A08407D57854605468945EFC09E
:101A8000307C05456FE07FABEFE2FFA883A7019DA7
:101A900082976FE09FAAEFE21FA8B7260000956526
:101AA0002A8695470547938686A8938505E20D45C6
:101AB000EFC0006C05456FE05FA8EFE2DFA50D45C4
:101AC000EFC060336FE07FA7EFE2FFA40D45EFC0EA
:101AD000205F6FE09FA6EFE21FA4D53D01E50D4515
:101AE0006FE0BFA50145EDBF8280EFE2DFA23D3789
:101AF0006FE0BFA4EFE23FA201112A84AE84680820
:101B00009305A10132C61D3715C9724715453C33EF
:101B10003423A207D58F93968700A183D58FC20760
:101B2000C18391EBBC8532461D0798C0E5171EA204
:101B3000FD571CA0014505616FE03FA01545E5BFBD
:101B4000EFE27F9D9307160013D787401D06238F72
:101B5000F5FE2E85A38EE5FE93150601C181651560
:101B6000DD35954711C181473E856FE01F9DAA95E0
:101B7000C20537F6010037F801001307F00F93068E
:101B8000F00FC181130686B2130888C293170501AE
:101B9000C1836396F50013958600598D82800505F3
:101BA0008347F5FFB98F3307F6001823C297358FA7
:101BB0009423E9BFEFE23F9632842E852146A28529
:101BC000EFF03FA585476310F5029567938707B04F
:101BD0001305300263E48700130580026D3D05475D
:101BE00081476303E5008D473E856FE01F95EFE277
:101BF0009F928145054523AE0198EFF0FFA6753D04
:101C00006FE0BF93EFE23F9181450145EFF0DFA523
:101C1000653D6FE09F92EFE27F8E1384819A1E20D4
:101C20001307F00F41116372F702B7F6010037F6A0
:101C3000010037F50100938686D7130686D29305F7
:101C4000B009130505DAEF8001481E200D476366D1
:101C5000F700154541016FE0BF8D2E890E20AA893E
:101C600037350020930405B7130505B732C6013791
:101C70006DF19C20324685042380F9001E20F51763
:101C80001EA223209900F9B7EFE2FF8883A4C1992F
:101C900085476399F4061384A19A06A0AA87A38FA7
:101CA000F5FE1E201385F5FF3E964206418212A0E6
:101CB0000E2023A2A19A653D1A209376F50F21816B
:101CC0004207418393071700C207C1831EA0B7379D
:101CD0000020938707B73E9714A31A201375F50FBA
:101CE00085454207418393061700C206C18216A0AC
:101CF000BA9788A3014523A0919AEFF0FF9601457A
:101D00006FE0BF831545EDBFEFE2FF8083A7019A27
:101D100041118DC3B7F6010037F6010037F5010018
:101D2000938686DB130686D39305400E130505DAEA
:101D3000EF8061391305F100EFF0DF9A9387C199C5
:101D400098438546630FD70019C789466302D704B5
:101D50008D476314F700EFF05FD6014541016FE056
:101D6000CFFD9386819A239006009A2213160701CD
:101D7000418213071600420741839AA2948737379E
:101D80000020130707B7329714A3094798C3E1B798
:101D90001387819A16231306F00F6363D6021E235E
:101DA00093960701C18293871600C207C1831EA3C1
:101DB0009887B7370020938707B7B69798A361BF76
:101DC0000D47E9B7EFE22FF583A7C1990547638275
:101DD000E702B7F6010037F6010037F501009386F8
:101DE00086E31306C6D493050012130505DAEF80C7
:101DF000812D9384019A984019C7630BF700014421
:101E000022856FE08FF381450545EFF0FF85C5BF63
:101E10001384A19A1E20C207C18395C39384419A5B
:101E20009C40882362056185EFF05F899C408507AF
:101E30009CC01E20FD17C207C1831EA0C9B70D4557
:101E4000EFF08FEF2A848145054523A00400EFF0D1
:101E5000BF817DB7EFE22FEC1387C1991443094688
:101E600041111384C1996380C6048D476389F604C8
:101E700001459DCA1443A1C614436382C604184396
:101E800001456305F702B7F6010037F6010037F5A3
:101E90000100938646DD130606D6930580151305CB
:101EA00005DAEF8041220545EFF00FE985472AC6A4
:101EB0001CC0EFF07FC1324541016FE00FE80145E2
:101EC000F5B7962115476398E608582130319306F7
:101ED000E07C2207518F131687002183598E42061A
:101EE00041821307F6FF42074183AA870D4563E647
:101EF000E606EFE24FE2B823943323900500220771
:101F0000558F854694A396219354360093F4F40F8D
:101F1000850696A19376760081C6850493F4F40F26
:101F200084B396212E8413852700850696A19315E8
:101F3000870021834D8F93051700C2058146C1811B
:101F4000EF30302201C5112B6FE02FDF1E2001453D
:101F5000BE9406A0D5BF0D45828082809A21954708
:101F60006311F70658218D4731EF38311306D00F32
:101F70009306F7FF93F6F60F6376D604EFE2AFD938
:101F80003C210C314111A207CD8F93958700A1838D
:101F9000CD8F93851700130717F0C205133717006D
:101FA00085460546C1816800A30601005886EF30CA
:101FB000501B814719C15521AA873E8541016FE019
:101FC000CFD78D473E85828096211547637FD70600
:101FD00058213031AA872207518F13168700218399
:101FE000598E420641821357360093767600137756
:101FF000F70F81C605071377F70F9306F6FFC206A2
:10200000C1821308F07A0D456363D804D43363901A
:10201000E604EFE24FD0B8232E848C3322071385D9
:1020200067004D8F931687002183558F0507931501
:1020300007018546C181EF30D01201C539296FE013
:10204000CFCF95471EA00145DDBF0D458280828020
:10205000962115476397E608582130319306E07CB6
:102060002207518F131687002183598E4206418221
:102070001307F6FF42074183AA870D4563E5E6068D
:10208000EFE26FC9B8239433239005002207558FE0
:10209000894694A396219354360093F4F40F850651
:1020A00096A19376760081C6850493F4F40F84B3E9
:1020B00096212E8413852700850696A19315870007
:1020C00021834D8F93051700C205C181EF30701237
:1020D00001C561266FE06FC61E200145BE9406A0B3
:1020E000D5BF0D45828082809A219547631CF702F7
:1020F000EFE26FC23C210C318546A207CD8F93954C
:102100008700A183CD8F93851700C2050546C18145
:102110000D05EF300076814719C18126AA873E85DB
:102120006FE0AFC18D473E858280EFE2CFBE9A213E
:10213000954463F7E406582130319306700722076F
:10214000518F131687002183518F13160701418287
:102150001307F6FF42074183AA870D4563EDE602A8
:10216000D433131716001377F70F6396E602B823DC
:102170002E848C332207138567004D8F93168700BA
:102180002183558F0507931507018546C181EF30DF
:10219000406E01C5D9246FE04FBA06A00145E5BFE6
:1021A0000D45D5BF96211547639AE606EFE2AFB617
:1021B00054211306C007AA8793940601C180138790
:1021C000F4FF420741830D456362E6042E84B82381
:1021D0008C332310040088A31220860622070506EC
:1021E00012A04D8F94B393158700162021834D8F35
:1021F000930517008506C20516A026868146C18173
:1022000013852700EF30E06601C5812C6FE0EFB247
:102210001E2086040145BE9406A0CDBF0D458280D8
:102220009A21A54763F2E70EEFE24FAD5C2138310A
:102230002A84A207D98F93998700A183B3E7F90075
:102240009399070193D909019387F9FFC207C183C5
:102250001307C0070D456367F70A1C247030130786
:102260008007A207D18F13968700A183D18F139681
:10227000070141829307F6FFC207C1836364F70831
:10228000183493171600639FE70624202E890C301C
:10229000A2047C20CD8C4C30A2078546CD8F93952F
:1022A0008700A183CD8F93851700C205C1811305D7
:1022B000A400EF30005C39E923100900DD471CA0C1
:1022C00083570900139A19009395840085072310FA
:1022D000F900A300440183570900A180CD8C9385A8
:1022E00014008507C2052310F90081464E86C1817E
:1022F00013052400EF30E05711E9835709003E9A97
:10230000231049016FE0CFA201458280B922DDBFD1
:10231000962115476390E608582130319306B0079F
:102320002207518F131687002183518F131607013F
:1023300041821307F6FF42074183AA870D4563EDEB
:10234000E604EFE24F9D2E843E858C331147BC237B
:102350002310040018A11A20A207931416000507E1
:102360001AA004B1CD8F939587001A20A183CD8F39
:10237000938517000507C2051AA0C1810905EF3032
:10238000203C01C5D9286FE04F9B1E200145BE941B
:1023900006A0D5BF0D4582808280EFE2CF9703D49F
:1023A000C19AAE84B73500202286938505C70505FE
:1023B000EF70515A050482A001456FE00F98A147C4
:1023C00063F4C702EFE22F95B7F6010037F601007C
:1023D00037F50100938646E6130646E5930580032C
:1023E000130545E7EF70314E13D7350093071700FB
:1023F0003308E5003E958547B397C700FD17C20730
:102400000E073387E540C183B397E70018210346E1
:10241000080093C7F7FF2207518F9D89F98FB39664
:10242000B600DD8EC206C1862300D800C206C18276
:10243000A18214A1828093D735003E951C310821DA
:102440009D89A207C98F05453315C500B3D7B7408D
:102450007D157D8D1375F50F82809D4763E7A7007D
:1024600093878187AA978823828011458280EFE233
:102470008F8A9388F5FF93F8F80F9307600F63F640
:102480001701094422856FE04F8B238AB1802E8883
:102490006DF9B687B7260000B2859386E6BE23A005
:1024A000D19CB7260000938646C023A2D19CB726B4
:1024B0000000938686C823ACD19AB7260000938685
:1024C00066C123AAD19A23AE019AB726000093864B
:1024D00086D023A4D19CB7260000938646DC23A691
:1024E000D19CB7260000938646E523A8D19C42855F
:1024F000BA863E86EFF00FEC2A8449F5EFF08F8321
:1025000009C5054723A8E180B5BF0D44A5BFEFE28B
:102510008F802A8437F50100130545E9EF80F130FB
:102520002285EFF04FDB2A8419C937F50100130526
:1025300085EAEF80912F054723A8E18019A8EFE0F5
:102540007FFF19E937F50100130585EBEF80F12DC9
:102550000D4422856FD07FFEB7270000938787AE9A
:1025600023A0F19CB72700009387A7AE23A2F19C7C
:10257000B7270000938747AF23AAF19AB727000037
:10258000938707B423ACF19A23AE019A7D57238A2F
:10259000E18055B7EFD23FF8138401811840854799
:1025A00019456318F70083A7019C829701452320F2
:1025B00004006FD09FF8EFD21FF683A7018141116D
:1025C00019446395070C6800EFE01FFB0547AA87D5
:1025D0006304E50001445DA832476303A708894608
:1025E000E31AD7FE03A5819D0C213707002023A8FD
:1025F000F19A13060700238AB19C81471384819DB9
:102600001389419D9384019B1307070041481422BD
:1026100091CA6391D5088E07BA97DC439385E19DF3
:10262000829788C083C7C19DD5D794409387E19D89
:1026300085C203470900104085458EA3136707F83C
:1026400018A292231840930516008EA3329714A364
:10265000922303A7819B0C4003C5418102979DBF34
:1026600083A7419B9384C19D1386E19D9385819DA2
:102670001385C19D82972A8431FD9C2003C7418127
:102680006303F700A1FB0945EFE01FEB2285410141
:102690006FD0BFEA85072106E39B07F761B7930771
:1026A00040063345F502A9474205418163E9A70683
:1026B000B7F70100938787EC0A053E951C41828796
:1026C00023800500930760041CA2828089479CA197
:1026D00093078002D5BF91479CA1E547F5B7954781
:1026E0009CA1D147D5B79D479CA1BD47F1BFA1474C
:1026F0009CA1A947D1BFAD479CA1A147F1B7B14764
:102700009CA19D47D1B7B9479CA1994775BFBD47CB
:102710009CA1954755BFC1479CA1914775B7D1472B
:10272000E5BFEFD25FDF7971BD47AA842E8436857D
:1027300093056100130671005C83DC83EFF03FF6C4
:102740009C83034E61009308C05D93960701C1828C
:10275000B388F84013982700139716008608B30E25
:10276000C04113932600814701458145054FD14F54
:10277000634A170105476369F70A81471EA045614F
:102780006FD0BFDB93161700A6960396060063DB97
:10279000CE046359C605B30607418606A6968396FE
:1027A000060063C5C604B306E8008606A6968396AF
:1027B0000600634DD60211C19DCD81459386170059
:1027C00010188607B297135617001A974207050587
:1027D00093F6F60F239CC7FC41831375F50F63ED49
:1027E000DF00B68709074207418359B719C16384DF
:1027F000E5018545E1B795463000054781472E2222
:102800000A2205071377F70F898DAE97C207C18398
:102810000906E366D7FEFD16B3C7D702C207C18318
:102820008607C207C18399BFBE86F9B7EFD2BFCE74
:10283000B386C502AA88014701450148634FD70006
:102840002E868146C285EF508152EF708146EFE0BF
:10285000007BEF7041696FD05FCE93171700C6976A
:102860008397070032974207B387F702418313DE4D
:10287000F741AA9733B3A70072983E851A987DBF97
:10288000856793870777AA971A2136211105158F37
:10289000231EE5FEE39AA7FE828005668147014775
:1028A0008146130686BB139817002A980318080060
:1028B0009398070193D8080163D406014687C2861E
:1028C0008907E392C7FE05839AA136858280EFD2FD
:1028D0009FC40945EFB0C07E0145EFA0806D03A500
:1028E000C19F138401A10147938701A18546114629
:1028F000814523200400EFD010711C4091C7B7E739
:1029000000E0116723A0E7206FD03FC3EFD2BFC024
:102910000545EFA0C03A1384B19F9315050104202B
:10292000C1850545EFA0404AB7470020860493873C
:102930000740A6978AA31C209946850793F7F70FAF
:102940001CA01387818163F4F6040C233735014002
:10295000854605461305058023000400EF70407D81
:1029600003A5C19F138441A10147938741A18546D7
:102970000946814523200400EFD0F0681C4091C730
:10298000B7E700E0116723A0E7206FD01FBBBA971D
:102990008C23373401401305048085460546EF70CB
:1029A0002079854513050480EF700077F9BF9D47B6
:1029B00063E8A702EFD23FB6AA852A847D45EF10CF
:1029C0006014370500201305050806042A941A2010
:1029D000B747002093874747DAA39AAB6FD0FFB57C
:1029E00082801385C19F8280138501A08280EFD2EF
:1029F000FFB01D71EF905046AD450D45EF90B050C2
:102A0000AD451145EF90305037F4010023A201A0ED
:102A1000130484FA8144A9493E20139904011359EF
:102A20000901D3F717D01E204A863EFAD3F717D0F4
:102A30007E200C183EF8D3F717D05E200D453EFEE1
:102A4000D3F717D0850411043EFCEF90B05E4A86A0
:102A50000C181145EF90105EE39034FDEF90F042BA
:102A6000A9450145EF90F04E37F401002946930542
:102A700044FD0145EF905062A9450545EF90704D2A
:102A80002946930544FD0545EF901061A945094588
:102A9000EF90304C930544FD29460945EF90D05FF7
:102AA00093070010B70608007010894501452316EA
:102AB000F102EFA0803493070002BEC8B72701409F
:102AC0009387C744BECAB7370020938707C9BECCD7
:102AD0008547BEC68567938787BB231EF1048C009C
:102AE0008567130600020A85BEC482C082C2EF70E9
:102AF0006166B73600009386E68C014685450A85F7
:102B0000EFA0C04C0145EFA0405B37370000130732
:102B1000C79081460546B7050E000545EFA0203851
:102B200083C58181373501409D46054613050580E3
:102B3000EF7000600545EF70206B3745002093096A
:102B4000455313060032814513054553EFD0BF9F0F
:102B50003744002013044447130900193755002057
:102B600023203401231224019309458523240400E2
:102B700013060032814513054585EFD0DF9C8D4754
:102B80005EAC9387819E1CCCB7470020938707419A
:102B90005CD0B7470020938747421CD8B747002036
:102BA000938787435CDCB74700209387C7443CC4C6
:102BB000B7470020938707467CC8B7470020938714
:102BC000874F3CD0B74700209387C7507CD4B74786
:102BD0000020938707522318240123263401232A37
:102BE00004002310040206B42316040246B8231C72
:102BF00004022310940423120404231694042318BB
:102C00000404231C9404231E040423129406231496
:102C1000040623189406231A0406231E9406231080
:102C200004083CDC25616FD0BF90EFD2DF8E7D457C
:102C3000EF10800FB7040020938404080605269542
:102C40001E2137440020130444477D455EA0EF1049
:102C5000A00D0605AA949E20130520021EA8EF10C1
:102C600020092AA413054002EF1080086AA86FD03B
:102C7000DF8C1A251C410607BA978EA31E255A2100
:102C80008507C207C1831EA563E4E700231405007E
:102C9000828052211A2581469305F6FFC205C18123
:102CA0008147631CD6000315A5003305C502898F33
:102CB00033C5C70242054185828011E32E877D1707
:102CC000420703280500418393181700469803180C
:102CD00008008506C206C297C182E1B7EFD21F8203
:102CE00041112A8A1305800DEF100004374400209B
:102CF00085472A89130444476307FA0A894763070B
:102D0000FA0C13054402EFF0DFF842051306400603
:102D1000938541A04181EF9050112A844145EF10E5
:102D2000A000AA892285EF607172B7F7010003A69F
:102D3000070483A64704EF60812193870188D29717
:102D4000802385476382F90A89476383F90EB7F7C1
:102D5000010003A6870483A6C7041344F4FF337459
:102D60002401EF60C11EEF7001182AC6EF70E10C5C
:102D7000B7F7010003A6070583A647051374F40FF0
:102D8000EF608111B26763540500D30700F0A2859C
:102D90001305800D3EE6EF003071B26741015385A7
:102DA00007E06FD0EFF84545EF001078AA891305CA
:102DB0000403EFF01FEE938541A01306400689053A
:102DC00042054181EF9070062A84A9BF4945EF0072
:102DD000B075AA891305C403EFF0BFEB938541A03A
:102DE000130640069105E9BFB7F7010003A6870463
:102DF00083A6C704EF60A115EF70E10E2AC6EF703D
:102E0000C103B7F7010003A6070583A64705EF60D6
:102E1000A108634B0504B7F7010007A78703B26752
:102E2000D397E7A0A9C7336489001374F40F85B75B
:102E3000B7F7010003A6870583A6C705EF60211138
:102E4000EF70610A2AC6EF60517FB7F7010003A651
:102E5000070683A64706EF60210463470500B7F71E
:102E6000010007A7C70365BFD30700F06DBF134478
:102E7000F4FF3374240155BFB94763E7A714EFD2B9
:102E80008FE937F7010093162500130747EF3697B0
:102E90001C432A848287374500201305454DEFF0F7
:102EA0005FDF42054181EF607153B7F7010003A670
:102EB000070483A64704EF608109EF70C102D307BE
:102EC00005F029A09387019FB6979C63538507E07F
:102ED0006FD0AFE6374500201305C548EFF07FDB24
:102EE000D37705D0538507E0EF603175B7F7010060
:102EF00003A6070483A64704EF606105B7F7010046
:102F000003A6070383A647037DB70145EFF01FDD46
:102F10007DB70545E5BF0945D5BF99471945630309
:102F2000F4001D45B1473305F502B74700209387EC
:102F300047473E95EFF0FFD51317050199474183A9
:102F40000D456303F4001145896593850571B3054B
:102F5000B7028567FD17998FD3F707D053F705D0D0
:102F6000D377F718D38507E0EF904073B7F70100E8
:102F7000D30705F007A74702D397E7A0A1DBD30744
:102F8000E720A9B7374500201305054EEFF07FD0A5
:102F9000B7F70100D37705D007A78702D3F7E7106B
:102FA00035B70395A1A0D37705D00DB737450020DD
:102FB0001305C54EE1BF0395C1A0F5B787A7019ED4
:102FC00031B787A7419E19B7D30700F0538507E0B3
:102FD000828052211A2581469305F6FFC205C181E0
:102FE0008147631CD6000315A5003305C502898FF0
:102FF00033C5C70242054185828003280500931826
:103000001700469803180800C29711E32E877D1712
:1030100085064207C2064183C182E1B7EFD2AFCC39
:1030200041119307B05D7C8323120100EFC0F025AE
:10303000B7F7010083AB07FA03AC47FAB74A0020A1
:10304000938A4A472AC61544014B01498144B7393E
:1030500000205E8DE28D938CCA06094A8545680082
:10306000EFC0904F63060900630F49010549FDB7A2
:1030700037350140854513050580EF70E0090945A6
:10308000EFA070571DAA0547340019468145014538
:10309000EFD0A04EA247898BA1C737490020130962
:1030A0000940138A8A01831509005285310AEFF01D
:1030B0005FBC0909E3994CFFA947B3F7F402054B3C
:1030C0006312F4027D141374F40F11E025443735B4
:1030D0000140854513050580EF700004014B19A0E0
:1030E000E31C0BFCA247918B6382070C056A1389D2
:1030F00009C9130A0A774A9A831509000145090983
:10310000EF90904C231FA9FEE31849FF138509C9CE
:10311000EFF00FF793052100138509C9EFF0EFF7E2
:10312000AA86930561000946138509C9EFF06FDF90
:103130002C839307A05D63EFB7040946138509C983
:10314000EFF0CFEED30705F0539517C01319050123
:1031500013590901D37719D0538507E0EF60F14D7A
:103160005E86E286EF50B15EEF60F15723A2A19E2A
:103170004C004A85EF906048D37715D0538507E01F
:10318000EF60B14B6A86EE86EF50715CEF60B1552F
:1031900023A0A19E8565938585BB0145EF90707343
:1031A0000145EF9090710945EFA0F044850493F438
:1031B000F40FA54763F397008144094979BD9C4208
:1031C0002147636AF708EFD26FB337F701008A0728
:1031D000130707F3BA979C43B6843289AE892A84D1
:1031E0008287EFA0604B098919C101459DA0228506
:1031F000EFA0E04D85479CC0CDBFEFA000490589F9
:103200006DD59305A00D2285EFA0804E8947E5B7C7
:10321000EFA0A047098971D92285EFA0E047CE85AC
:103220002285EFA0004C8D47F9B7EFA0004613753B
:10323000050845DDCA852285EFA0A04AA14765BFE4
:10324000EFA0A044137545084DD12285EFA0E046BC
:1032500005456FD0EFAD014582809C4229476365EB
:10326000F70CEFD2AFA937F701008A07130747F52C
:10327000BA979C43B6843289AE892A848287EFA0AC
:10328000A041098919C1014571A82285EFA02044F8
:1032900085479CC0CDBFEFA0403F05896DD5930504
:1032A000A00D2285EFA0C0448947E5B7EFA0E03D1F
:1032B000098971D92285EFA0203ECE852285EFA015
:1032C00040429147F9B7EFA0403C1375450845DDF2
:1032D0002285EFA0C03FA9476DBFEFA0003B058945
:1032E0005DD19305A00D2285EFA0A041994755B768
:1032F000EFA0A039098941D92285EFA0E0399D4787
:1033000049BFEFA080381375050435DD2285EFA095
:10331000A0402285EFA040362300A9002285EFA01F
:10332000C03905456FD0CFA0014582809C411D4723
:103330006368F718EFD28F9C37F701008A071307ED
:1033400007F8BA979C432A84411113451500368A21
:10335000B2842E898287B286930500032946EFF056
:103360001FE68547631BF5042320A90023A0040062
:10337000A9A0B286930500031306F100EFF0FFED5C
:103380008547631CF5029C87A18BEDF389472320B9
:10339000F900E9BFB75700209387C7B91316340067
:1033A0003E96A6869945EFF05FEB85476317F500DB
:1033B00023A004008D472320F90041016FD04F97CF
:1033C000B2860E043756002005041306C6B92296AD
:1033D0009D45EFF09FE88547E311F5FE23A004002B
:1033E0009147D1BF37570020931A34009309C7B9CA
:1033F00013862A00A6864E96A145EFF01FE6854764
:10340000E31DF5FA338759011C2314332C23C2071B
:10341000A206D58FCD8F3707800093D5B70063798B
:10342000F700B70500FFAE97AD8393950701C18103
:1034300031453304A402374500202310BA00130598
:103440004547C205C1852295EFF0BF82954781B7F8
:10345000B2860E04375600200D041306C6B9229614
:10346000A545EFF09FDF8547E319F5F4994705B7C8
:10347000B7590020131A34009389C9B913064A00BA
:10348000A6864E96A945EFF05FDD8547E317F5F276
:1034900033348000314525043304A402D29983C516
:1034A000390083C7490037450020A205BE95C205F3
:1034B00013054547C1852295EFF0AFFB9D47C1BD80
:1034C00082800547A38CE19E238D019E828003C5E7
:1034D000A19F828003C7919F49CF1386919F138537
:1034E000819F18219386819F2548B7570020938597
:1034F00047B76362E80283D6A1A093171700AE977F
:1035000096A39307A7008607BE9583D7C1A005079A
:1035100018A19EA18280EFD20F80938747B71385B1
:1035200047010147814503D807008907C29503D8A1
:1035300027014297E319F5FEA947B3C5F5023744C1
:1035400000201304444713052002230006002380B3
:1035500006003347F7022EA4C205C1817AA8512B79
:103560006E281305400271230547238DE19E6FC02D
:10357000DFFC8280EFC29FF8371401404111A16542
:1035800013050480EF90107D1305803EEFC0700995
:10359000A16513050480EF90F07AB744002013056D
:1035A000803E93844447EFC0D0071D44EF10600B6A
:1035B00002C402C6EFF06FE7938AC400EFC0E04C8C
:1035C0002A8B02C002C2130920038247638487004A
:1035D000639A270192476384870063952701054515
:1035E000EFC03004EFC0604A3305654142054181B8
:1035F000E54763F3A7048247638687000545EFA08C
:10360000C00B02C49247638687000145EFA0E00A21
:1036100002C62685EFF0FF9BD37705D01389019F63
:1036200056852720F900EFF0DF9AD37705D02722BF
:10363000F900EFF03FEA59B7954763F8A7008247D2
:1036400091E34AC0924791E34AC29386A1A0300019
:103650008A850145EFF09FCD9386C1A070004C0094
:103660000545EFF0BFCC95B77300203037F501006A
:1036700019711305850682FE86FC8AFA8EF892F689
:1036800096F49AF29EF0A2EEA6ECAAEAAEE8B2E6B2
:10369000B6E4BAE2BEE042FE46FC4AFA4EF852F602
:1036A00056F45AF25EF062EE66EC6AEA6EE872E692
:1036B00076E47AE27EE0EF705117EFD03013AA85FE
:1036C00037F501001305C507EF703104EFD0701214
:1036D000AA8537F501001305C508EF701103EFD077
:1036E000B011AA8537F501001305C509EF70F10186
:1036F00001A0317106DF16DD1ADB1ED92AD72ED5BF
:1037000032D336D13ACF3ECD42CB46C972C776C509
:103710007AC37EC182FE86FC8AFA8EF892F696F40F
:103720009AF29EF0A2EEA6ECAAEAAEE8B2E6B6E401
:10373000BAE2BEE042FE46FC4AFA4EF852F656F4B1
:103740005AF25EF062EE66EC6AEA6EE872E676E4E1
:103750007AE27EE0EF80A00B13050008EF6050795D
:10376000FA50EA525A53CA533A55AA551A568A562B
:103770007A47EA475A48CA483A4EAA4E1A4F8A4FE1
:103780007670E6705671C6713672A67216738673BD
:103790007664E6645665C6653666A666166786670D
:1037A0007278E2785279C279327AA27A127B827B7D
:1037B000726CE26C526DC26D326EA26E126F826FCD
:1037C000296173002030197182FE86FC8AFA8EF816
:1037D00092F696F49AF29EF0A2EEA6ECAAEAAEE871
:1037E000B2E6B6E4BAE2BEE042FE46FC4AFA4EF861
:1037F00052F656F45AF25EF062EE66EC6AEA6EE851
:1038000072E676E47AE27EE0EF8000607670E67041
:103810005671C6713672A672167386737664E66444
:103820005665C6653666A666166786677278E2785C
:103830005279C279327AA27A127B827B726CE26C04
:10384000526DC26D326EA26E126F826F096173008B
:1038500020301971294582FE86FC8AFA8EF892F68C
:1038600096F49AF29EF0A2EEA6ECAAEAAEE8B2E6D0
:10387000B6E4BAE2BEE042FE46FC4AFA4EF852F620
:1038800056F45AF25EF062EE66EC6AEA6EE872E6B0
:1038900076E47AE27EE0EF709019854537050040C6
:1038A000EF70807B7670E6705671C6713672A672C4
:1038B000167386737664E6645665C6653666A666D4
:1038C000166786677278E2785279C279327AA27A7C
:1038D000127B827B726CE26C526DC26D326EA26E94
:1038E000126F826F096173002030EFC2DFC203A53F
:1038F000C1A1411170008145EFD0000FB24791C7BF
:10390000B7E700E0116723A0E72041016FC0FFC2C5
:10391000EFC27FC003A581A14111238001A281468E
:103920007000938501A2EFB0B008B24791C7B7E726
:1039300000E0116723A0E72041016FC01FC013857D
:1039400081A182801385C1A18280AA870A211307E1
:10395000500D6364A704EFC21FBC98470546AC2313
:10396000B433630BC70019C70946630EC70001458E
:103970006FC0BFBC152EE5BF854799E1B337D000B6
:10398000BE85852AEDB713978501C206558F4D8FE9
:10399000CC23A205D98DD125D9BF05458280EFC2A0
:1039A0009FB79305500519E1930540040545EFA025
:1039B000D0297D5685450145EFC0F0306FC0FFB777
:1039C000EFC2DFB37971854513050004EF7000097C
:1039D000F165056789460146938505200545EFA0F9
:1039E000501A37460000B7450000014789461306C4
:1039F000A68E938505910545EFA03021054537F941
:103A00000100EFA0101F01441309C90A3C0803A5D7
:103A100081A1B38A87002946D685EFB0F00B938445
:103A2000018205E185479CC001441C183E94034770
:103A300084FE93075005631FF70089479CC0054427
:103A4000F1B79C401147FD17E362F7FC8A07CA975C
:103A50009C4382870545EFF09FF4014445BF03C7AF
:103A60000A00894763F8E7000545EFF05FF38547F3
:103A70009CC0E5B78D479CC0094449BF0504137439
:103A8000F40F9147E3F487F89CC049B70504137419
:103A9000F40FA147E3FC87F69547FDB705041374BF
:103AA000F40FB147E3F487F6EF60100B894528085F
:103AB000EF60300BEF60F00C8347A101E316F5FADD
:103AC00083479101220531463ED68347B1014C1010
:103AD0005D8DBC862312A1020A852313F102BC87E7
:103AE0002314F102EF6001670A85EFF01FE62DFD58
:103AF000ADBFB75700209387C7BA3E950CA1A181EF
:103B00000CB18280EFC23FA19307300641112A8495
:103B10006306F500930750066316F5002EC6EF50B6
:103B2000E003B2452285EFF0DFFCB7550020938516
:103B3000C5BA0947A9460946A2952285EF80D02239
:103B400041016FC09F9FEFC21F9D81451305000D6E
:103B5000EFF05FFB6FC07F9EEFC2FF9B9307800675
:103B60002A8493F4F50F630EF50C63E3A706C947A7
:103B700063E1A704C1476370F512A1476306F5101E
:103B8000B5476303F50E9947631CF5028D47014560
:103B900063EDB70A63880510B75500209385C5BA51
:103BA00084A50947A9460546A1052145EF80D01BFC
:103BB00001A8FD47630DF50893077006630DF50432
:103BC000B75700209387C7BA3E9404A00545B5A80F
:103BD0009307600B630BF50463E2A7029307A0064B
:103BE0006301F5066368F5069307B006E31AF5FC72
:103BF000E14763E7B70AE9F58544D9B79307900D24
:103C0000630BF50663EDA7009307A5F2C207C18316
:103C10000547E367F7FA8547E3E0B7FE55B7930733
:103C2000B00DE31FF5F8914725A08D470D4563EED4
:103C3000B700B757002003C557C1A685EF30507FA6
:103C400041B789470945E3FDB7F66FC01F8F994714
:103C50000145D5BF894763F3B7008944B7570020B2
:103C600083C527C62685D9BF93074006E3FAB7F474
:103C700093044006B1B791470145E3E8B7FCB75755
:103C80000020A38F97C62DBFB757002083C727BB3F
:103C900001459DD75DBF89470145E3F397F275B7AD
:103CA000E14439BF814429BFB75700209387C7BA81
:103CB0003E950CA18280EFC21F862A84EFF0DFE9D7
:103CC00001CDB75500209385C5BA0947A9460546D9
:103CD000A2952285EF8050096FC03F86B75700201C
:103CE0009387C7BAAA97983388232207598D828071
:103CF000B75700209387C7BA3E951C310821A20709
:103D00005D8D420541858280B75700209387C7BAF1
:103D1000AA979833A82322074205498F8823498F01
:103D2000A8336205598D8280B75700209387C7BAA0
:103D30003E9508218280B75700209387C7BA3E95E9
:103D400093D785000CA11CB193D70501E1813CA15B
:103D50002CB18280B75700209387C7BA3E9593D77E
:103D600085000CA11CB193D70501E1813CA12CB1C8
:103D70008280EFC2AFF8B75400201306500D814582
:103D80001385C4BAEFC02FFC930640061306500DEE
:103D90009385C4BA0145EF80C0538947631C052A47
:103DA0001384C4BA18201309F00581476304272B34
:103DB0001306500D81451385C4BAEFC0CFF89307A1
:103DC00020503EA0FD475CA0930700FC3CB8B7071D
:103DD0000AC09387871A5CC8B70701FF9387871AC1
:103DE0001CCCFD575EAC930710107EA0B7C7C5FA78
:103DF000938717B01CC4B73714059387072F5CC48B
:103E00008547A304F406A305F4069307F0302316B0
:103E1000F406B7F7010083A5070C154713057005D5
:103E200078BC23002401EFF0FFF2B7F7010087A769
:103E3000470C1305B005B7F90100D38507E0EFF093
:103E40007FF1B7F7010087A7470C1305F005D3856D
:103E500007E0EFF03FF0B7F7010087A7870C1305E5
:103E60007002D38507E0EFF0FFEEB7F7010087A7F8
:103E7000C70C1305B002D38507E0538907E0EFF0C4
:103E80007FED87A7890C1305F002D38507E0EFF0DB
:103E90007FECCA8513053003EFF0DFEB87A7890CB1
:103EA00013057003B7F90100D38507E0EFF09FEA2F
:103EB000CA851305B003EFF0FFE9B7F7010087A744
:103EC000070D1305F003D38507E0EFF0BFE8CA85BF
:103ED00013053004EFF01FE887A7090D1305F00460
:103EE000D38507E0EFF01FE7CA8513053005EFF033
:103EF0007FE687A7090D13057004D38507E0EFF06F
:103F00007FE5CA851305B004EFF0DFE4930740F8BE
:103F1000A301F4069967938737802312F406894733
:103F20002303F4069307601F1EB0B7072C01938785
:103F300067092324F40CB7F7010083A5470D130587
:103F4000E00AEFF03FE1B7F7010083A5870D130505
:103F5000200BEFF03FE0B7F7010083A5C70D130575
:103F6000A00AEFF03FDF9305000013050007EFF014
:103F70007FDEB7F7010083A5070E13054007EFF0BA
:103F80007FDDB7F7010083A5470E1305C007EFF0EB
:103F90007FDC9305000013050008EFF0BFDBB7F7E7
:103FA000010083A5870E13054008EFF0BFDA8D47A7
:103FB0002317F406B7F7010083A5C70E1305C00841
:103FC000EFF05FD99305000013050009EFF09FD8CB
:103FD000B7F7010083A5070F13054009EFF09FD73E
:103FE000B7F7010083A5470F1305C009EFF09FD66F
:103FF000B7F7010087A7870F1305000AD38507E0ED
:10400000EFF05FD5B7F7010087A7870F1305400AC8
:10401000D38507E0EFF01FD4930700109306803E8E
:104020001306500D9385C4BA0145231BF40AEF8093
:10403000804119E537F501001305C50FEF60F17EEA
:10404000930640061306500D9385C4BA0145EF80D0
:10405000402885473E856FC0AFCDEFC2CFCB2A84C5
:10406000EFF05FCFB75500209385C5BA0947A94641
:104070001146A2952285EF80204F6FC00FCC3E21C4
:104080001A21C20733E5E70082808AA14181AAA1F3
:104090008280B75700209387C7BAAA979833A8237E
:1040A00022074205498F8823498FA8336205598D1D
:1040B0008280EFC24FC641112AC41305B00599C1D1
:1040C0001305F005EFF0FFFC530700F0A267D306DD
:1040D00005F0530507E0D3A7E7A0B9EFD3A7E6A003
:1040E000A1EFD317F7A05387F72099E35397F72051
:1040F000530507E03EE636E4EF503154A2662A84C9
:10410000AE84538506E0EF5051532A86AE86228551
:10411000A685EF4041722A86AE86EF405163530771
:1041200000F0B2672E87D307F7A081E7370700803A
:104130002D8FBA85EF50315B41016FC00FC0011167
:1041400022CC4ACA06CE4EC82A892E841305000AFC
:1041500099C11305400AEFF0DFF3D30700F0D3064F
:1041600009F0530705F0538507E0D3A7F6A09DEFAC
:104170004A853AE6EF50714C32672A89AE89530579
:1041800007E0EF50914B2A86AE864A85CE85EF40F8
:10419000115CB7F7010003A6071183A64711EF4092
:1041A000115BEF505154A285EFF0BFF0F240624432
:1041B0005249C24905618280EFC2EFB52A841305D6
:1041C000B00599C11305F005EFF0BFEC530700F0FF
:1041D000D30704F0AA84D3A7E7A0D307E720A9E375
:1041E0002285EF509145D30704F0530700F0D31711
:1041F000F7A081E7B7070080BD8DEFC05060EF509A
:10420000914E538704F0D30705F0D30604F0D3F79B
:10421000E710530700F0D397E6A099C3D397F72090
:10422000538507E06FC06FB1EFC2EFAE4111AE84AE
:10423000EFF09FF82A841305000A99C01305400A7D
:10424000EFF03FE5D30705F0530700F02AC6D3A7E8
:10425000E7A0530507E09DEB2285EF50113EB267C2
:104260002A84AE84538507E0EF50313D2A86AE861E
:104270002285A685EF40215CB7F7010003A6071150
:1042800083A64711EF40215BEF50F14541016FC01C
:10429000CFAAEFC24FA8B757002083C747C191C725
:1042A00005476387E7006FC04FA9EFF09FE0E5BFC8
:1042B000EFF0FFE8CDBFEFC20FA6B757002083C7CE
:1042C00047C191C705476387E7006FC00FA7EFF0AD
:1042D000BFEEE5BFEFF05FF5CDBFEFC22FA22A849E
:1042E00039711305000D2E89B289B684EFF01F9F36
:1042F000636085082A8A1305200DEFF03F9EB307FF
:10430000454163DA0700636345077D143304444184
:104310002A94420441801D453305A4020947D14631
:104320001D466C001305550D42054181EF70706705
:104330001886814795461376170019E68507C20748
:10434000C1830583E399D7FE2300F9009C86B880DA
:104350009CA41C87DCC09C879CB4834721012390CC
:10436000E9002381F90021616FC08F9C2A8465B721
:1043700023000900CDBFEFC20F9A0111AA841305D3
:10438000200DEFF0BF952A8468004482EF90405FD3
:104390004808EF9060621D453305A4028347C101C0
:1043A0003886A946DC82E24778841D465C838347D1
:1043B000D1011305550D4205DC831C8709474C00CC
:1043C00041815C85EF80401A13051400420541814C
:1043D0009307100363F3A7000145375400209307A8
:1043E000C4BA2389A70C1305000DA389070CEFF0AD
:1043F000FF8E930710039305C4BA63E7A700050572
:104400002388A50CA388050C0947A9461146938566
:10441000050D1305000DEF80201505616FC0EF91AC
:10442000EFC26F8F375400201304C4BA9305C40C35
:104430000947A94611461305C00CEF80E012930509
:1044400064020947A946054613056002EF80C011C2
:10445000930524020947A946094613052002EF8067
:10446000A010930544020947A946094613054002D6
:10447000EF80800F0947A94605469305340D1305C3
:10448000300DEF80600E6FC04F8B914763E1A70442
:10449000EFC26F88B7F70100938787110A053E9531
:1044A0001C4182878565938505803725014013056A
:1044B0000580EF9080081375F50F6FC00F88856534
:1044C000EDB78965DDB79165CDB7A165F9BF014548
:1044D0008280954763E6A704EFC2EF83B7F7010038
:1044E0009387C7120A053E951C41828793050004F5
:1044F0003725014013050580EF9020046FC0EF833E
:1045000093050002F5B7C145E5B7A145D5B791457B
:10451000C5B73715014093050010130505C0E9BF65
:1045200001458280EFB23FFF8547630CF50209C960
:1045300089476305F5048D476307F5046FB0FFFFF6
:1045400089E937150140C14513050540EF80907F8B
:10455000F5B737150140C14513050540EF80907F41
:10456000F1BF99E5A14537150140130505C0F9BF15
:10457000A14537150140130505C0CDB799E1C145E7
:10458000DDB7C145FDB781E593050002E9BF93059D
:104590000002C5B7EFB23FF87971A9473ED23ED0CD
:1045A000B74700009387A7484C0801453ED602CC88
:1045B000EF80803D4C080545EF80003D4C080945E3
:1045C000EF80803C4C080D45EF80003C4C081145C5
:1045D000EF80803BB7470000938747522C0001458E
:1045E0003EC802C6EF80C0322C000545EF80403245
:1045F0002C000945EF80C0312C000D45EF80403183
:1046000045616FB09FF3EFB21FF1011199475C84D0
:10461000938741A23EC89387C1A23EC6B7071464E0
:10462000D1073ECA8947230CF1008567938787BB72
:10463000FC85B74700009387274D28003ECEEF80CA
:10464000004E05616FB07FEFEFB2FFECEFF0BFFB04
:10465000EF80404CEFB0E07CEF806051EF8000369F
:10466000C5BFEFB25FEB37140140856541111305FB
:1046700004C0F1460146938505C002C002C202C4CF
:1046800002C6EF805068F1460146130504C0930549
:10469000000CEF805067B79704009387073E3EC039
:1046A000B70700403EC2B70700043EC48A85916741
:1046B00001457C86EF80506C8A850545EF80D06B84
:1046C0000145EF80507E0545EF80F07D41016FB0E0
:1046D000DFE6EFB2BFE2011137140140EF80D0678F
:1046E000F146014613050480C145EF80D0611305F2
:1046F00004C08D45EF80305F9305000337150140FE
:10470000EF80705E130504809305400EEF80B05D6E
:10471000B72401401385048093050078EF80B05BD7
:1047200013050440B165EF80105B856537150140C6
:10473000EF80705A130504408D45EF80D059130562
:1047400004409305000EEF80105913050440914575
:10475000EF807058130504408565EF80D057E1461F
:104760000146130504C0A965EF80F05991677C8666
:104770006C0093078004130504C03ECA2317010090
:104780002318010023190100EF503077130504C0EE
:104790008565EF805054914537150140EF80B05347
:1047A0001305044093050004EF80F0523706138090
:1047B0008D65E146410613050440938505A0EF8011
:1047C0009054130504C093058003EF80D050130567
:1047D0000440C145EF8030500569930509C0371585
:1047E0000140EF80504F138504809305C007EF8090
:1047F0009050130504C093050010EF80D04FC165A1
:104800001385048093850580EF80F04E8145014536
:10481000EF50703A1305044093050004EF80905266
:10482000130504C093050020EF80F04AB7093080DB
:10483000138629001385048091468945EF80B04C8A
:104840001386290013850480E1468545EF80B04B2F
:10485000E14601461305048093050040EF80B04A0D
:1048600013050480A165EF80104713050480A1653E
:10487000EF80504E85451165EF6000221145912E65
:10488000EFE0EF96B7B51D00654693859515094590
:10489000EF90500A930500020945EF908057BD65DF
:1048A0009D46130689BB938505A62145EF901015FB
:1048B0001306401F9D452145EF9050222145EF9062
:1048C000902A2145EF902053680002C602C802CA10
:1048D00002CC02CEEF80206585450145EF50F02ADD
:1048E0009305803E0145EF50102DEFF0BFCA9D4566
:1048F0000545EF70A077EF90305D05616FB05FC345
:10490000EFB27FC1B75700202386A7C81145EF90AB
:10491000804E13064006FD550945EFB0D03A6FB002
:10492000DFC1138541A38280EFB2FFBEB7570020DD
:1049300083A5070D37550020130600401305C5C990
:10494000EF50E17E1375F50F6FB03FBFEFB23FBA86
:1049500037140140130504409145EF80B03F130523
:10496000044093050008EF80F03E8565371501404F
:10497000EF80503E2945EFB0C04A856537150140AC
:10498000EF80503C2945EFB0C04913050440930522
:104990000008EF80303B856537150140EF80903B84
:1049A0002945EFB00048856537150140EF80903903
:1049B0002945EFB000479305000813050440EF8038
:1049C00070391305F003EFF0BFF30545EFB0604514
:1049D0009305000813050440EF80D0361305F0035B
:1049E000EFF01FF20545B7590020B7540020EFB093
:1049F0004043B75A00209389C909130404409384A3
:104A0000C4C8A14B7D5685450145EFB0D02B83A589
:104A10004903130600401385CAC9EF50A173138AD6
:104A2000CAC90149930500082285EF80B0321305F9
:104A30000004EFF0FFEC136B890B5A85EFF05FEC8D
:104A4000930500082285EF80F02F13050004EFF096
:104A50003FEB5A85EFF0DFEA93070008114523A2E8
:104A600044019CC423800400239604000509EF90B0
:104A7000803813064006FD5509451379F90FEFB04C
:104A80009024130A0A08E31F79F9ADBFEFB2BFA85B
:104A9000B71401402A8413850440EF80302B9355CE
:104AA00024409317E4008D89DD8D9167F1177D8D8A
:104AB000C98DC205C18113850440EF80F028B72459
:104AC000014013850480EF8070280E041375F5876C
:104AD00013740478498C93150401C18113850480F3
:104AE000EF8090266FB07FA5EFB2FFA283C781A3AE
:104AF00041113754002002C6938481A31304C4C813
:104B0000A5EB371901409305000213050940EF801A
:104B100070241C2085651305094085C7EF8090230C
:104B20000820EFF0BFF6231404003715014091452B
:104B300013050540EF80102185479CA041016FB00F
:104B4000DF9FEF8030205A249307F003930500087D
:104B50001305094063EBE700EF80D01E3A245C4068
:104B6000BA978823EFF09FF2C9B7EF80B01EFDB768
:104B700037150140914513050540EF80B01D5E24B7
:104B80001307F0078507C207C1836361F7045EA4BA
:104B90003E241A248507C207C1833EA463E5E702C9
:104BA0001145EF90E05103A541A37C0001478D46DC
:104BB00005468945EFB03045B24791C7B7E700E0F9
:104BC000116723A0E720238004008DBF2316040073
:104BD000C1B7EFB25F94B7560000B7B50A0081477E
:104BE0000547938686AE0546938505E6EF904058C7
:104BF000371501409305000213050540EF8090151D
:104C000037540020B7F50100814601461305C40959
:104C10009385C5AAEFB01FB0F9659385C5821305CA
:104C2000C409EFC0CF921305C409EFB07FAC6FB0D9
:104C3000DF90EFB25F8E0945EF509045EF3090085E
:104C4000EFC08025EFF0FFA8716513050520EFC0C8
:104C5000C02DEF30C074EFF0CF91EF303068EF30FF
:104C6000F064EF305045EFC0FFB283A5818237F585
:104C7000010013054514EF604129EFA0505701A032
:104C8000EFB27F891545EFF02F8A11C10945A38C3A
:104C9000A1A26FB09F8A03C591A38280EFB21F8645
:104CA00001112A890545EFF02F88B754002093079A
:104CB00030062A8A9384841463EE271F37F7010095
:104CC000931719001307C7463E97A69782239307A9
:104CD000B0038359070063E6270337F701009317F2
:104CE000290013078715BA979C43828719C8EF30AC
:104CF000106A8947631AF50085476317FA00EF4089
:104D0000603005616FB0DF82EF30706811E56315C8
:104D10000A00EFE00FFBF5B7239E0402DDB78D47D5
:104D2000138991A363FA870683470900A1CB9D6786
:104D3000138717406302E402938727406310F4044B
:104D400085450545EFE03FF7B707EFBE37E700E0E1
:104D5000938707083CC739A881450545EFE0BFF5B3
:104D6000B707EFBE9387070837E700E03CC78347E4
:104D7000090089E7834709009EA061B793075005A2
:104D80006315F400EFE03FDCF5B79307A00AE313E7
:104D9000F4FEEF30A05EF9BF23008900631FF4002A
:104DA000EFF00FE813054006EFB0A007B707EFBE1E
:104DB00037E700E0938707083CC78347090081EB8A
:104DC0001545EFE07FF685478145630DF500034704
:104DD00009008947E317F7F21545EFE0FFF4E31206
:104DE00005F285451545EFE01FED21BF03C791A3EF
:104DF0008947E318F7F01305F9FF06052695EFF04C
:104E00000FA8AA8513F5F90FEF50E00EDDBD22853E
:104E1000EFD0FFB9FDB5DE28E375F4EEA2854E852F
:104E2000D9B7BE28E3FF87EC9E2CFDB7DE28E3FA56
:104E300087ECFE28D5B79E2CE3F587ECC5B783C772
:104E400091A3E38007ECD9BFDD47E3EC87EAFE20BE
:104E50004808230AF1009E24A30AF100BE24230B74
:104E6000F100EF80903F71BD9307B003F9BF7D144F
:104E700042044180F947E3E687E8DE244808230E30
:104E8000F100FE243ECC9E28A30EF100EF80B0413D
:104E90008DBD7D1442044180AD47F1BF93072006CC
:104EA000D9BF83C791A3E38E07E4A2854E85EFE0C7
:104EB0007FC581BD1307C9F906079307B9F939E919
:104EC00093161900A6968E22B7F601009386C64B5C
:104ED0003697C2070223C1833147E364F7E237F70D
:104EE00001008A0713078724BA979C43828793F5AA
:104EF000F50F2285EFE05FC629B513F5F50FEF300A
:104F0000D04601B51305F9FF06052695EFF02F975A
:104F1000AA854DA82697860783590700B7F6010092
:104F2000130789F3131617009386463EBE94931712
:104F30000701B296C183130720048222E363F7DCE2
:104F400037F701008A071307C727BA979C43828760
:104F5000EF40F038E30705DAEF40103A0605938793
:104F6000418AAA978223268555B7EF405037E30A36
:104F700005D8EF40703806059387C189DDB72685CF
:104F8000EFF0EF8FAA84EF40516BB7F7010003A653
:104F9000075683A647562A89AE89EF30F16F6345DD
:104FA0000502B7F7010003A6875683A6C7564A85B0
:104FB000CE85EF3091636356A000B7F7010083A45C
:104FC000C754A68522856DA8B7F7010083A487542E
:104FD000CDBF2685EFF0AF8AD30705F0530700F069
:104FE0002AC4D397E7A0D30700F095E3EF40F1641C
:104FF000B7F7010003A6875683A6C756EF30F15EC8
:10500000A2676356A000B7F7010087A7C754D385EE
:1050100007E04DBF13058006EFE01FD18947630805
:10502000F5022685EFF0AF85B7F70100D30705F04D
:1050300007A7070FD317F7A081EBB7F7010007A762
:105040000755D397E7A0E1D7D307E720C9B726854F
:10505000EFF0EF82B7F70100D30705F007A7475538
:10506000D317F7A081EBB7F7010007A78755D397B0
:10507000E7A099C3D307E720D38507E01305C00B4A
:10508000EFE0BFFDBDB99305F9F193B51500268595
:105090002EC6EFE0DFFE2AC413058006EFE0DFC86E
:1050A000A267B24519C985476300F502B7F7010049
:1050B00007A74755D317F7A079B7538507E0EFE067
:1050C0005FFFD30705F0DDB7538507E0EFF02F87CB
:1050D000CDBF93F5F90F31BDCE852285EFE0BFBD81
:1050E0001305600BEFE05FC4AA8513B51900EF202C
:1050F000B03001B99967138797E86394E900854553
:105100001DA09387A7E8E39EF9BE894529A8996762
:10511000138787E9E385E9FE63693701938777E9B8
:105120008145E390F9BE22857DB9138797E9E38E27
:10513000E9FC9387A7E98D45E387F9FED9B6CE85CB
:10514000DDB7CE852285A5B3EFB2EFBC41111305C3
:10515000F100EF30D0259C8791E3014537540020C2
:10516000130484282314A40CEF30D0222315A40C9C
:1051700013056002EFE05FBB231FA40C1305000DB5
:10518000EFE0DFB5B75700202317A40C03D5C722E3
:1051900001ED2328040C232A040C232C040C231EC9
:1051A000040C41016FB06FB91375F50F7D15B7563B
:1051B00000204205138906139384C1A39386061326
:1051C0001386C1A39305F1004181EFF00F9183474E
:1051D00089002318F40C832749002319F40C834712
:1051E0009900231AF40C9C20231BF40C9C30231CE4
:1051F000F40CBC20231DF40C9C87231EF40C55B723
:10520000EFB2CFAF411101453EE6EFD0FFC6814579
:1052100037590020EFF02F8A130489289305840C56
:10522000EFE0BFE60545EFD03FC58545EFF0AF881D
:105230009305C40CEFE07FE5EF408076B7F70100FF
:1052400087A6870CD30705F09305040D53F7D710F5
:10525000531507C042054185537705D0D377D7183A
:10526000538507E0EFE07FE2EF404072D30705F09F
:10527000539517C0231AA40CEF40E06D231BA40C18
:10528000EF40A00A231CA40CEF40200A9147AA84F7
:10529000B26763EBA70437F70100931725001307E4
:1052A0008738BA979C4382871305E00AEFE07FDED8
:1052B0008145EFF04F80D30705F03DA01305A00A0C
:1052C000F5B71305600B3EE6EFE01FA685476301C7
:1052D000F50A93178501E187D9C389476304F50867
:1052E0008D476304F508B267538507E09305A40D65
:1052F000ED98EFE09FD913050000B9C8EF303003F7
:105300008145EFE05FFBAA8413058006EFE0DFA193
:1053100089476307F5062685EF4031322A89130550
:10532000800BAE89EFE0FFD6EF403131B7F70100D7
:1053300003A6075483A64754EF30E14F4A86CE8632
:10534000EF30F1404A86CE86EF20F15BEF40B13975
:105350009305E40DEFE07FD341016FB06F9D13051E
:10536000200BA9B7EF40502AA1B7EF30306EA1B79C
:105370001305C007EFE0FFD13DBFD30700F0ADB785
:105380001305C00BEFE0FFD0D30705F0538704F0FF
:10539000D3F7E700538507E065BFEFB22F9637F9E3
:1053A0000100375400208149938A41881309C94B71
:1053B00013048414138AC188214BB3873A018623CE
:1053C0009387C4F98607CA978A238604A294EFE0DC
:1053D000FF90B3073A018AA0862389099387C4F90D
:1053E0008607CA978A238604A294EFE0FF938AA0D7
:1053F000E39569FD93844189138A640083D904008D
:1054000089049387C9F98607CA978A23EFE07FC882
:1054100093951900A295EFE05FC7E3119AFE8354BC
:10542000440E1305000DEFE07F8B637895001305A4
:10543000000DEFE0BF8A2312A40E6FB06F8FEFB2A2
:10544000EF8BB7F4010093844452B7F9010037544D
:1054500000204111138AC4009389493E1304841427
:1054600003D904008904930789F38607CE978A231A
:10547000EFE03FC29305C9F98605A295EFE0FFC0B2
:10548000E39044FF1305000AEFE0BFC09305C40F8B
:10549000EFE0BFBF1305400AEFE0BFBF93058414E0
:1054A000EFE0BFBEEF40A06363040510EF40C064AF
:1054B000931415009387418AA6978A23EFE07FBD56
:1054C0002AC61385C18926950A21EFE09FBCD30720
:1054D00005F03267530507E09305E40D3EE6EFE083
:1054E000DFBAB267B7F401009305240E538507E0D5
:1054F00093848450138AA401EFE03FB9930A400ECD
:10550000094B03D90400631A590B13058006EFE019
:10551000BF816314650B1305C00BEFE09FB79305C4
:10552000C9F98605A2958904EFE03FB6E39B44FDE7
:10553000B7F4010093840453138AA40003D9040030
:105540008904930789F38607CE978A23EFE07FB417
:105550009375B9FF938505F293B51500EFE0BFD5BC
:105560009305C9F98605A295EFE03FB2E3189AFCCE
:1055700037F901001309093D130A49018354090051
:105580000909938784F38607CE978A239384C4F905
:105590008604EFE06FF9A2948AA0E3112AFF1305B5
:1055A000E006EFE0AFF32314A41041016FA05FF811
:1055B000D30700F05387F72031BF930789F386079D
:1055C000CE978A2399BFEFA21FF50545EFE0CFF5EF
:1055D0008547631BF5001305300DEFE0EFF4AA8556
:1055E0001305900DEFE04FEC6FA03FF5EFA21FF118
:1055F0009307300663E9A71083C791A337590020AA
:105600001304891401451EA0EF4090139305E40391
:10561000EFE0BFA70545EF40B01293052404EFE08B
:10562000DFA60945EF40D01193056404EFE0FFA524
:10563000938941A4138541A4EF808034375500201D
:105640009304C5131305C513EF8000370545EF70AC
:10565000603283C709002311A40E130500027EA047
:1056600083C719001EA483C72900930989143EA487
:105670009C245EA4DC407EA49C34930489147D4960
:105680001EA8EFE0AFE50ABC4D4422850504EFE01B
:10569000AFE942048AB041808904E31824FF37F45B
:1056A00001001304C44E37F90100130AA4011309C1
:1056B000C946062009048604B30799008A23CE94BC
:1056C000EFE08FE68AA0E3168AFE0545EFE0CFE51E
:1056D00011E9EFD0DFDF7D153335A000B75700208B
:1056E0002392A7180545EFE02FE48547631BF500DB
:1056F000EF30E049691513351500B75700202392A4
:10570000A7186FA0FFE20545EFE00FE201E5EFF01B
:10571000DFC865BF93874182982305C323800700B4
:10572000EFF07FEA1305300DEFE00FE0AA8537F5C3
:1057300001001305C54DEF50417DEFF05FD071B70B
:10574000EFA2FFDAAA8A05452E843289EFE0CFDD89
:1057500006059387418BAA97054503DA0700EFE01A
:10576000AFDC330789009307000263DFE70093177C
:1057700015001385C18A3E951E2105456369440BBA
:10578000D297850763C5E70A7D1413170401418387
:105790009307300663EFE708B7F7010087A7C70E46
:1057A00037FB0100B7540020538C07E08149130BED
:1057B000CB3993848428930B4003B3073B01884380
:1057C000EFD08FEB53070CF0D30705F0B38534010E
:1057D0009109D3F7E710539507C0D37705D0D3F7D6
:1057E000E718538507E0EFE05F8AE39879FDEF2043
:1057F000303ACAB8EF20F038EAB8EF30A036239636
:10580000A40C1305800DEFE02FD28ABCEF3050328C
:105810009385A403EFE07F871307CAF94207B756C1
:105820000020418393868628631F090001456FA0ED
:105830009FCF0545EFE04FCF01E5EFF0FF90E9BFC7
:10584000EFF01F9CD1BF814763434401BA87B30780
:10585000F4408607B69792237D19890A2182238F07
:10586000CAFE9E2342090504A38FFAFE13590901BB
:1058700065BFEFA2BFC841112A8905452E84B284B5
:1058800036C6EFE06FCA06059387418BAA97054598
:1058900083D90700EFE04FC9338784009307A00244
:1058A000B24663DFE700931715001385018B3E9521
:1058B0001E210545636F3407CE97850763CBE70646
:1058C0007D14A9CA85476395F606138AC9F9420A69
:1058D000B75A0020135A0A01938A8A14B1C8814723
:1058E00063433401D28703470900B307F4408607B6
:1058F000D69722079AA309098346F9FF13150401D5
:10590000FD14558F4181C2049AA30504EFF00FB92D
:10591000C180E9B7131504014181EFF03FCD138732
:10592000C9F94207B756002041839386861489E45B
:10593000014541016FA0DFBF814763433401BA874E
:10594000B307F4408607B6979223FD140909218214
:10595000230FC9FE9E23C2040504A30FF9FEC180D4
:10596000F9B7EFA2BFB99384F5FFC204C1803387B2
:10597000C400914763CDE70632892E84AA899DC66B
:10598000854701456395F6043384C5004204418090
:10599000138914004209135909016309890283C557
:1059A00009002685CA84EF607078DDB7375A002079
:1059B0004A9413058A144204EF60B0784180138939
:1059C00014004209135909016315890001456FA0AC
:1059D0003FB6A685054613058A14EFC0DFA5AA8643
:1059E000A68505464E85EFC09F9DCA84C9BF054563
:1059F000F9BFFD15C205C1813387C500954763CA4C
:105A0000E706EFA2DFAE375B00202A84935A360008
:105A100093DB350013058B14B28493F97500138959
:105A20001A00EF70A007228A130B8B14B38B8B40E4
:105A300033057A01420541812146CE855A957D196B
:105A4000050AEFC05F9F4209A30FAAFE135909017F
:105A5000E31009FEA1479D88B38497403315950054
:105A60001375F50F56943355954008A001456FA066
:105A70009FAB05458280EFA21FAA156485441304DD
:105A800004B02145EFE04FAA631395021D45EFE0F6
:105A9000AFA9AA850547A2860D460145EFC03F9DE7
:105AA0006DF1EFC03FAF71FDEFC0FFB0EDBF01453D
:105AB000EFC0FFA5F5B703C641A5375700208146C3
:105AC00013074738894593F7F60F63FDC7003688FB
:105AD0008506B308D70083C8F8FFE396B8FE42975F
:105AE000854614A39306F6FFB7550020014793F6A9
:105AF000F60F9385453885486313E60082800DE1F3
:105B000081EFB6873388F500034308006311130360
:105B100089472300F8008280FD1793F7F70FDDB760
:105B2000850793F7F70FE3EFC7FC8147E1BF050750
:105B30001377F70FD1B70A059387C18BAA978843CC
:105B40008280EFA25F9DB707020037550020938740
:105B500087A01307A003930600080146814513059B
:105B6000C509EFA05FB06FA05F9DEFA2DF9AEF6065
:105B7000107A184123A6E1A66FA03F9C83A501A738
:105B800051488147130640063387070393F6F70F02
:105B90002E9718236306A7008507E397C7FE85465F
:105BA00036858280375700209307473823A20700A5
:105BB00023A007002394070083C691A65146B3860D
:105BC000C60283A701A70146014513074738894547
:105BD000854805432948B697D443814703AE46001C
:105BE000631ABE0005051375F50F19EE3306F700AD
:105BF0000CA2054683CE0600850713FEF70F639AB5
:105C00006E00238AC1A58280330EF70023001E0197
:105C1000D5B7C106E39407FD8280EFA23F8E83C70C
:105C200091A651477D153387E70283A701A7137516
:105C3000F50F138991A6BA9711476360A70637F746
:105C40000100130707570A053A9518410287A22B4E
:105C50001DC8937704F0C2072167C183930607101C
:105C60006387D70663EDF6029966938606306382F2
:105C7000D7086385E7049377F40F91C73E85EFF06B
:105C8000FFEF2300A9006FA0BF8A822BD1B7C227E4
:105C9000C1B7E22775BFA22765BF822755BF93060C
:105CA00007306389D70213070740E396E7FC938721
:105CB00061A6982369D37D1798A375BFEFF09FEE77
:105CC00009472384E1A605472386E1A46DB7238312
:105CD00001A655B7938461A683C904001305000D7E
:105CE0008509EFD0BFFFE3D8A9F89C2085079CA0C9
:105CF00059B7B707EFBE37E700E0938707083CC7FF
:105D00009DBFEFA25F81EF2030620547938701A717
:105D1000630CE500370700201307876998C3054522
:105D2000EF1010706FA07F81370700201307074E18
:105D30001305900698C3EFD03FFF2A841305600B2C
:105D4000EFD09FFEAA852285EF10906E0145C9BF56
:105D5000AA8879162E85994563E5C50EEFA2AFFB9B
:105D6000B7F501000A06938545582E961042028623
:105D7000639C0800EFD05FFB42054181239CA1A4F6
:105D8000A38901A46FA06FFBEFD05FF5C5BF83D5DA
:105D900081A56397080093F5F50FEFD0DFF1DDB72C
:105DA000EFD05FD6C5B7138731A51C23850793F7BE
:105DB000F70F63E4F6001CA3F1B723000700D9B77F
:105DC000938731A5982319E394A36DBF7D1798A3FA
:105DD00055BF83C631A5938881A513952600B706C4
:105DE00002009386469DAA9683D5080094421386A6
:105DF00081A5AE966365D7002390D80061B7631381
:105E00000800BA871EA2BDBF83C631A5938881A5AD
:105E100013952600B70602009386469DAA9683D561
:105E200008009442138681A53385F5406366D5004A
:105E3000958D2390B800B9B7631308003E871AA266
:105E400091B78280EFA28FEB538707F08D47411106
:105E5000D30607F0014963E7D7001388818B369892
:105E600003490800F915994763E2B702B7F7010043
:105E70009387075A8A05BE959C4136848287EFE056
:105E80004FA123AEA1A40504A38981A441016FA061
:105E90002FEA83A5C1A5EFE04F9CCDBF03C731A575
:105EA0003696938731A505071377F70F6349E60008
:105EB00098A39823E31C87FC050480A3C1BF23801B
:105EC0000700C5BF83C731A53696138731A599C38F
:105ED0001386F7FF1376F60F6304C40010A37DB793
:105EE0007D1400A365B783C431A563F59600FD1446
:105EF00093F4F40F370402001304449E9397240094
:105F0000A2979389C1A59C6307A70900D377F700DF
:105F1000D387D7A095C7530507E0CA948A04EF300A
:105F2000D171A2942AC488402EC6EF301171224646
:105F3000B246EF20411DEF30117B23A0A900B9B775
:105F400027A0D900A1B783C431A563F59600FD143D
:105F500093F4F40F370402001304449E9397240033
:105F60009389C1A5A29787A609009C63D3F7F60879
:105F70005307F7A005C7538506E0CA948A04EF309B
:105F8000D16BA2942A8A8840AE8AEF30116B2A86A0
:105F9000AE865285D685EF30014771BF27A0E90054
:105FA000F5B5F915994763E6B71EEFA22FD5B7F7F8
:105FB00001009387C75B8A05BE959C41AA848287AE
:105FC0000144138901A6914933858400420541812A
:105FD000EFD09FD5B307890088A30504E31634FFEB
:105FE000A38901A46FA0CFD40144138901A69149CC
:105FF000B3078900338584008C2342054181050461
:10600000EFD07FCBE31634FFF1BF03C731A5B9460C
:10601000938731A505071377F70F63EFE60098A381
:1060200098238D461376B70F6305D600AD46E31B64
:10603000D7FA050798A37DB723800700D5B783C794
:1060400031A5138731A591CF9386F7FF93F6F60F0D
:1060500093F5B60F0D466388C5002D466385C600CF
:10606000B6871CA341B7F917EDBF83C731A5370623
:1060700002000947938501A61306469D636FF7004A
:106080008A07B297B8319C43BA971307F00F63643D
:10609000F700BCB181BFFD57EDBF19476361F7023F
:1060A000F11793962700B296B8219C42BA9713072E
:1060B000F00F6364F700BCA135B7FD57EDBF29476A
:1060C0006362F702E1178A07B29798319C43BA9747
:1060D0001307F00F6364F7009CB129B77D57A380C5
:1060E000E1A609B7138747FF8D473367F70294216D
:1060F0000A0732971C431307F00FB6976364F70043
:106100009CA1CDB57D572380E1A6E9BD83C731A50C
:10611000370602000947938501A61306469D636E64
:10612000F7008A07B297B8319C436365F7001D8F6B
:10613000B8B14DBDA381050075B519476360F7027D
:10614000F11793962700B296B8219C426365F70039
:106150001D8FB8A141BD2381050069B52947636C36
:10616000F700E1178A07B29798319C43E368F7F686
:106170001D8F98B185BD138747FF8D473367F702A1
:1061800094210A0732971C43E3EEF6F69D8E94A104
:1061900091BD8280EFA22FB82E841DE1138581A7C7
:1061A000EF70007E938781A7B82394339023B705BF
:1061B0000200938545432285EF40F1676FA0EFB75A
:1061C0007D159D47E3ECA7FEB7F701009387875D38
:1061D0000A053E951C418287A38901A4C5B7138592
:1061E00081A7EF709007D9BF03C731A59D4693875C
:1061F00031A505071377F70F63EDE60098A3982301
:1062000089466305D7009546E31AD7FA050798A390
:1062100075B723800700E5B783C731A5138731A57C
:1062200081CFFD1793F7F70F89466389D70095460D
:106230006386D7001CA359B79D47EDBFFD17DDBF8F
:1062400083C731A5370602000547938681A7130649
:10625000469D636DF7008A07B297B8229C43BA97B0
:106260001307B0036366F706BCA289BF1147636ECC
:10627000F700F5178A07B29798329C43BA9713072D
:10628000B0036367F7069CB215BF1387A7FF894762
:106290003367F7028C220A0732971C435D47AE979B
:1062A0006364F7009CA219BF98A209BF83C731A5F8
:1062B000370602000547938681A71306469D636E45
:1062C000F7008A07B297B8229C436365F7001D8FD9
:1062D000B8A2EDB523810600D5B51147636FF7006D
:1062E000F5178A07B29798329C436365F7001D8FB4
:1062F00098B2E9B5A3800600D1B51387A7FF8947F7
:106300003367F7028C220A0732971C4363E5F500D6
:106310009D8D8CA265B5238006004DB5EFA20F9E22
:106320002A840545AE84EFD03FA0AA89EF10900ED5
:10633000930720072A8963E58704130424F942049C
:1063400041809147054663EB8700B7F701009387CB
:10635000875F0A043E941C4082870946B705020005
:10636000CA869385053E2685EF40F14C6FA04F9C71
:106370001546EDB71946DDB71D46CDB72A86F9BFDC
:1063800013059006EFD05F9A9307E00763E2870C4E
:106390001304D4F842044180A94763EA8700B7F7A1
:1063A00001009387C7600A043E941C4082871D4603
:1063B000E38609FA11465DB71546E38109FA0D46F1
:1063C00071BF89471D46E31BF5F8214641BF894748
:1063D0002146E315F5F8254651B789472546E31FC1
:1063E000F5F62946A5BF89472946E319F5F62D4656
:1063F000B5B789472D46E303F5F6EF30406E290522
:106400001376F50FA1BF89473146E309F5F4F5B7D7
:1064100089473546E304F5F4EF30606C2D05CDB7C0
:1064200089473946E30CF5F2EF30606B3105C9BF9F
:1064300089473D46E304F5F2EF30606A3505C9B798
:1064400089474146E30CF5F0EF30606939054DBFEF
:1064500023800400930700086305F40293071008E3
:10646000630DF4029307F007E312F4F08947E31F8A
:10647000F5EEB70502009385853E2685EF40114075
:10648000F5B51305600BEFD03F8A8D47E310F5EEAD
:10649000B705020093854540CDB71305600BEFD0DB
:1064A000BF888947E314F5ECB70502009385C54121
:1064B000E9B7EFA2AF849307B0054111AA89AE8472
:1064C000328463F7A7381305600B3A8AEFD0DF8573
:1064D0002A89EF209065938749FAC207C183414713
:1064E0006367F70837F701008A0713078763BA97CE
:1064F0009C438287EF3040609307C0050605639593
:10650000F9021387418E2A970A23854763F387028E
:10651000370702000327071D930700008D460D462D
:10652000A285EFF03F92A1A09387C18DAA978A23FD
:10653000E9BF19ECEFD0FFB5EF303110AE86B705EB
:1065400002002A869385C51D2685EF40D12E05A021
:1065500003A5C1A5D5B7EF205040B70702000A0533
:1065600093878783AA978C432685EF403131410179
:106570006F901FFCEF304058B70702000A05938761
:10658000C797CDB7EF30A05505C1EF30E05609ED04
:106590001945EFC07F8EEF30510AAE86B705020075
:1065A0002A869385451E4DB79385C18C75BF854757
:1065B000E31CF9FE1D45F1BF8D47E317F9FEEF30EF
:1065C000203EEF309107AE86B70502002A869385FC
:1065D000C51E9DBF8D47E319F9FCEF30203BD30763
:1065E00005F0B70502009385851F539607C02685E1
:1065F000EF407124ADBF8D47E318F9FAEF30A035B5
:10660000B70502002A8693854520D5B7238004006C
:106610000544E30189FA8D47E31BF9F4EF30C04DDF
:1066200059DDE30C85FAD9BF238004001379D90F13
:106630008547E31EF9F2B70502009385C5202DB703
:106640009147E3E6A7F2B7F701009387C7670A050A
:106650003E951C4182871305E00AEFD09FA3814538
:10666000EFD07FC523AAA1A62AC613058006EFD0C6
:10667000AFEBB267B70702000A0593878789AA972D
:106680009843538507E03AC0EF30217B02472A86C2
:10669000AE8615AA1305A00AC9B71305600BEFD083
:1066A000AFE88547630DF50493178501E187B1C312
:1066B00089476303F5048D47E31BF5EAEF201039A2
:1066C0002A84EF306043B70702000A0593870797D3
:1066D000AA97984322853AC0EF3021760247AE86CA
:1066E000B70502002A869385C5232685EF40B1149D
:1066F000BDBD1305200B95B7EF3000718DB71305A5
:10670000C007EFD01F996DBF13058006EFD0CFE112
:1067100089476307F500B70502009385453DA9B594
:10672000B70502009385853C81B591476317F50055
:10673000B70502009385852105BD11E5B705020067
:106740009385452215B5EF20803E8145EFD0BFB639
:1067500023AAA1A613058006EFD00FDD8947138475
:1067600041A76307F5060840EF30216D2A8913051C
:10677000800BAE89EFD0FF91EF30216CB7F70100AD
:1067800003A6075483A64754EF20E10A4A86CE8623
:10679000EF20E17B4A86CE86EF10F116EF30A17430
:1067A00008C00840EF3061692AC0130580062EC278
:1067B000EFD08FD7B70702000A0593878789AA977A
:1067C000984302469246B70502009385052331BFE0
:1067D0001305C00BEFD0FF8B1C60530705F0D3F7F8
:1067E000E7001CE07DBF0145EFC00FE98DBD054509
:1067F000EFC08FE88545ADB515C08D47E319F4D6D8
:10680000EF20E03889476312F504EFE0CFC815EDBB
:10681000EF20407F85472300FA0091BBEF2020370F
:106820009947631FF50083C7C1A491C7B70502004C
:106830009385852415BBB7050200938505272DB3E5
:10684000B70502009385852805B3EF20207CD9B7D2
:106850009307F5FC37070200139617001307478AC2
:106860003297C20703590700C1831307A002E360F0
:10687000F7D037F701008A0713070769BA979C43D7
:106880008287854763ED87006317041A4A85EFD036
:10689000AFC92A86B71502009385855589BB05487F
:1068A0008547614785462286CA850145B1AA23806E
:1068B0000600854763F5870005488147CDA2631D23
:1068C000F40003C581A593172500370502001305C1
:1068D000C5823E950C4149B94A85EFD0EFC4E5B772
:1068E00023800600854763F487029947631CF40000
:1068F00013059006EFD04FC383D581A5EF10403329
:10690000EFF04FAA054881470D47814669BF19E856
:106910004A85EFD06FC19317250037050200130594
:10692000858845BF03D581A5FDB7238006001305E3
:10693000600BEFD06FBF8D476313F504854763F29B
:1069400087029947E31AF4F683D481A51305600BF7
:10695000EFD08FBD93B41400AA852685EF10C0290F
:10696000A1BF19E84A85EFD02FBC93172500370542
:10697000020013058594B1BF03D581A5FDB723801F
:106980000400F5B6854763F487000548B5BF11E8F4
:106990004A85EFD06FB92A86B70502009385052B8B
:1069A000B9B103D681A5CDBF930780056310F50269
:1069B0001305700B36C0EFD02FB77D159317150058
:1069C0001385418D3E9503590500824623800600BC
:1069D0008547E3E387EE19E84A85EFD0EFB49317D4
:1069E00025003705020013058598E5B503D581A577
:1069F000FDB7854763FD8700014881471307703E57
:106A000089462286CA850545EFF08FB48DB6631896
:106A100004124A85EFD08FAC2A86B7050200938511
:106A2000852AF1B68547E3F187E6014881471307D8
:106A3000300689468DBD03D681A5A9BD23800600F9
:106A4000854763F687000548814705477DBD19E8FE
:106A50004A85EFD06FAD9317250037050200130567
:106A6000058285BD03D581A5FDB723800600854736
:106A700063F9870299476312F402938481A58A20FF
:106A800013351500EF10E05886201305600BEFD08A
:106A9000AFA9AA852685EF10A019054885470947A3
:106AA000ADB519E84A85EFD02FA893172500370513
:106AB00002001305C58431BD03D581A5FDB7EF30B4
:106AC000000219ED1305B00DEFD00FA611C94A85CC
:106AD000EFD08FA5B70702000A059387878959B4BD
:106AE000EF20F07FB70702000A05938707979DBC48
:106AF00023800600854763F9870013059006EFD0D1
:106B0000AFA2E30605A64DBB19E84A85EFD0CFA199
:106B10009317250037050200130585895DBB03D552
:106B200081A5FDB7854763F78700014881471307B3
:106B3000A00FE1BB09E44A85EFD00F9FF1BD03D65A
:106B400081A5E1BD13058006EFD00F9E8947630044
:106B5000F502854763F0871EB7F7010037F701009C
:106B600083A707550327070F85460D460DAA8547BE
:106B700063F08702B7F7010037F7010083A7875555
:106B80000327475585461146A2851305C00B51BA08
:106B900011EC1305C00BEFD0CFCFEF30012AAE863A
:106BA000B70502002A869385452C79BA03A5C1A5AD
:106BB000EDB79305B5FC854993B515006303340D16
:106BC00051CC8D476304F4029947938441A7630C29
:106BD000F404B7F7010003A54755EFD0CFED88C007
:106BE000930700002A878546114655A84A852EC07E
:106BF000EFD02FCA8245EFD00FECB7F7010087A77F
:106C0000870C530705F0A9470947D377F710539529
:106C100007C03345F502D37705D027AEF1A4A38989
:106C2000E1A46FF0DF9487A7C1A5130580062EC0ED
:106C30009CE0EFD06F8F824509C9630D35018C4010
:106C40004A85EFD08FC16FF09F928840EFD06FC61A
:106C500088C0F5B78840EFD08FCEDDBF4A852EC003
:106C6000EFD02FC38245EFD00FE523AAA1A6EF30C6
:106C7000C11CAE86B70502002A869385C52C6FF02D
:106C8000BF8C03A5C1A5E5B7854763FE870037071D
:106C900002000327871D9307000091460546A28541
:106CA0004A856FF01F8811EC4A85EFD08FBEEF3018
:106CB000C118AE86B70502002A869385452D6FF070
:106CC000BF8803A5C1A5E5B7854763FA87003707E5
:106CD0000200930700000327471D894631B711ECD6
:106CE0004A85EFD00FBBEF304115AE86B7050200E5
:106CF0002A869385452B6FF03F8503A5C1A5E5B78F
:106D0000854763F98702B7F7010037F7010083A7CA
:106D100087540327C7548546154651B7854763FBFB
:106D20008700B7F7010083A7875437F701000327CF
:106D3000C7541DBD11EC4A85EFD0AFB5EF30E10F60
:106D4000AE86B70502002A869385C52B6FF0CFFF6C
:106D500003A5C1A5E5B7854763F587009307000044
:106D6000E9B711EC4A85EFD0CFB2EF30010DAE8616
:106D7000B70502002A869385C52D6FF0EFFC03A5A9
:106D8000C1A5E5B7EF922FF9930730020111AA844C
:106D90002E8463F6A7201305000D9384C4FD3A8961
:106DA00032C6A30F0100C204EFC05FF3C180B14738
:106DB000AA8663E79704B7F701009387C7738A042D
:106DC000BE949C403246828715C28D47631AF602F4
:106DD00081451305200DEFC0FFD281451305000D3D
:106DE000EFC05FD285472300F90019A883C7C1A46B
:106DF00099CBB70502009385452E2285EF400128E7
:106E000005616F908FF3B715020093854563F5B761
:106E1000EF1010572A86B70502009385C5302285EA
:106E2000EF406121F1BF1305F101EF105058834786
:106E3000F10189C7131605014186F1BFB7050200AC
:106E40009385C5315DBF4DDD938781A7B82394330A
:106E50009023B7050200938545432285EF40A11D8D
:106E600045B759DDB757002093878737B70502002C
:106E70009837D44390279385C532C5B751D183C77E
:106E800041A613972700B707020093874787BA9751
:106E90008C43A5B735D583C741A605476380E70472
:106EA00085C309476383E7020D47E39BE7F42D455C
:106EB000EFC09FE7B70502002A869385053685B7A0
:106EC000B70502009385C5330DBF2545EFC0DFE54B
:106ED000B70502002A869385C53491B7B70502002D
:106EE0009385453719BF11E5B70502009385C5396C
:106EF00029B7938461A69020B70502009385453A8F
:106F000005062285EF4021138820B756002093867E
:106F10008637138681A7938541A6EFD00FBCCDB5E8
:106F20002A86B715020093858555D5BD1D45EFB05E
:106F3000BFF4D30705F0B70502009385053B5396D0
:106F400017C01376F60FE1BD1305700DEFC0DFDD3E
:106F50000A059387418CAA9725BFEF1050438947B4
:106F60006310F5020545EFB03FF1D30705F0B70513
:106F700002009385853B539617C04206418245B572
:106F8000B70502009385453C8DBD13056002EFC037
:106F9000BFD9B70502002A869385053D49B59307F9
:106FA00015FE37070200939617001307C78F369711
:106FB000C20703590700C1831147E363F7E437F7BA
:106FC00001008A0713070777BA979C438287854792
:106FD00063FCC700014881471307703E8946CA8594
:106FE0000545EFE0FFD629BD11EA4A85EFC01FCF66
:106FF0002A86B70502009385852A15B503D681A593
:10700000CDBF854763F8C702B7F701009305E5FDDB
:1070100003A54755B335B00032C6EFD0EF99D3077B
:1070200005F001488147539717C08D463246420705
:10703000418375B711EA4A85EFC05FCA2A86B70552
:1070400002009385853DE1BB03D681A5CDBF854771
:1070500063F9C7000148130730068946CA85014510
:1070600049B711E64A85EFC03FCC2A865DBD03D6FD
:1070700081A545BDEF922FCA0111B687A30B010070
:10708000238005002E893284BA8681C703C731A5C3
:1070900098A399C285479CA2930735F9C207C1837B
:1070A0005147636AF700CA85EFF04FA703457101A6
:1070B00005616F908FC89307F5FCC207C183130762
:1070C000B0036369F700130771012286CA85EFF0E8
:1070D0004FBEE9BF930715FEC207C18345476369E9
:1070E000F700130771012286CA85EFF0BFC97DBF83
:1070F000370702009317150013078790BA97862366
:10710000F947E3E5A7FA37F70100931725001307BE
:107110004778BA979C43828723800600854763F7A8
:107120008700054881470547814679A019E82685EB
:10713000EFC09FBF931725001385C18E3E950C416C
:1071400035A203D581A5FDB7238006008547E3EA74
:1071500087FC09E82685EFC03FBD931725001385FE
:10716000C18BE9BF03D581A5CDBF2380060085472C
:1071700063FD87000548814709477DB723800600E6
:10718000854763F487000548C5BF19E82685EFC029
:10719000BFB993172500370502001305858679BF0F
:1071A00003D581A5FDB709CC85476307F4020148E3
:1071B00085471307300685462286A685014525A406
:1071C0002685EFC07FB62A86B715020093858555C0
:1071D0004A85EF305166D9BDB547138481A5631642
:1071E000F5000C202685EFC03FAC1220F1BFEF1058
:1071F0007017A14701461377150001C705061376DE
:10720000F60FFD17058193F7F70F1375F50FE5F7E7
:1072100065BFEF103015E30B05E803C721A583C751
:1072200051A6138451A609C73357F540058B15E3C2
:1072300021471D46850793F7F70F6373F6008147D3
:10724000B356F540858A89E67D171377F70F7DF3EE
:107250001CA00545EFC05FAD1C201397270019E95E
:10726000B707020093874799BA978C434A85EF3056
:10727000F1602DBDB70702009387479BF5B785479F
:1072800063FF870093070000370702000327471DAD
:1072900089461146A2852685EFE0DFBA01BD05E0EB
:1072A0002685EFC01FDFEF205139AE86B7050200FB
:1072B0002A869385452B4A85EF30F157C5BB03A538
:1072C000C1A5D5B7854763F78700B707020083A735
:1072D000070E5DBF09EC2685EFC0BFDBEF20F1355F
:1072E000AE86B70502002A869385450EE9B703A549
:1072F000C1A5EDB72685EFB03FB8D30705F0B705B8
:1073000002009385C50E539607C0D9B52808EF3003
:1073100010708348D1010348C1018347B10103477D
:10732000A1018346910103468101B70502009385BF
:10733000450F4A85EF30315095BBEF10B0058547BA
:10734000630AF5008947630CF500B70502009385D1
:10735000451029BFB70502009385C51101BFB705C8
:1073600002009385451319B709C88547630BF404D8
:10737000A2852685EFE0FFC215BB2685EFC0DF9A08
:107380002AC61385140042054181EFC0FF992AC423
:107390001385240042054181EFC01F992AC213853D
:1073A000340042054181EFC03F981247A246324661
:1073B000AA87B7050200938545144A85EF30B14787
:1073C000F5B1138601A63C32382214321022D5B70B
:1073D000854763FD8700014881471307703E894652
:1073E0002286A6850545EFE0BF96C9B1631B04243C
:1073F0002685EFC0BF8E2A86B70502009385852AB1
:10740000C1BB2685EFB05FA7D30705F0B705020023
:1074100093858515539617C04206418255BBCA8590
:107420002285EFE03FD759B115E437550020130509
:107430008537EF606058B7570020938787379837B4
:10744000D4439027B70502009385C5324A85EF30B3
:10745000913EA9B97D149D47E3EA87C4B7070200AE
:10746000938707800A043E941C408287A38901A465
:1074700035B93755002013058537EF60C0623DB13F
:1074800003C731A59D46938731A505071377F70FED
:1074900063EDE60098A3982389466305D7009546D7
:1074A000E316D7C0050798A311B123800700E5B7FD
:1074B00083C731A5138731A591CBFD1793F7F70F3C
:1074C00089466387D70095466384D7001CA3F9BE1D
:1074D000FD17EDBF83C731A5B75600203706020060
:1074E0000547938686371306469D636DF7008A0726
:1074F000B29798369C43BA97130730066367F7062E
:107500009CB66DB61147636DF700F5178A07B29701
:10751000D8429C43BA9731476368F706DCC279B614
:107520001387A7FF89473367F7028C260A0732972C
:107530001C437D47AE976364F7009CA685BE98A662
:10754000B5B683C731A5B75600203706020085457A
:10755000938686371306469D63EDF5008A07B2973A
:1075600098369C4363F5E7001D8F98B681B68CB6BC
:1075700035BE1147636EF700F5178A07B297D842F8
:107580009C4363F5E7001D8FD8C20DB6CCC239BE4F
:107590001387A7FF89473367F70288260A073297C0
:1075A0001C4363F5A7001D8D88A609B68CA6FDBCFB
:1075B000854763F38708B147631EF5002945EFC08F
:1075C000AFF67D1513170501418393074006014867
:1075D0008946DDB6AD476313F5023145EFC0CFF400
:1075E0007D1513170501418325453AC2EFC0CFF33E
:1075F000050593170501C1831247D1BFF9476313EE
:10760000F5022945EFC04FF2050593170501C18327
:107610002D453EC2EFC04FF17D1513170501418383
:10762000924775B73145EFC02FF005059317050157
:10763000C1831307F00F61BF09E42685EFC0CFEEC9
:107640005DBB03D681A54DBB15E083C7C1A4E38F05
:1076500007A4EF10C05311E5B70502009385051686
:1076600031B1B70502009385C51609B18D47E31FF7
:10767000F4A2EF10C05119E1EFB0BFE48547A30BAE
:10768000F1002DB415C08D47E312F4A2EFC05FD90D
:1076900013054006EF80E078B707EFBE37E700E05C
:1076A000938707083CC719B483C7C1A4E38007A028
:1076B000B70502009385C51755BEEF00704D2AC26D
:1076C000EF00304C1246B7050200AA869385051AD2
:1076D0004A85EF305116D9BA23800600854763F6F4
:1076E000870005488147194781B419E82685EFC00E
:1076F000AFE39317250037050200130545953DBC00
:1077000003D581A5FDB73757002003C641A5130750
:1077100047388147894593F6F70F63E7C600054769
:1077200005452386E1A48280938617003305D700A0
:107730000345F5FF6310B504EF82FFDD3E978D46EC
:1077400014A383C691A65146B386C60203A701A718
:1077500092070D468145369758438146BA97CA2706
:107760000147239BA1A4EFF0FF9005472386E1A4E6
:107770006F80BFDCB68745B73757002003C641A5E9
:107780001307473881478D4593F6F70F63E6C60028
:1077900009472384E1A68280938617003308D70027
:1077A0000348F8FF631EB802EF82FFD63E97894672
:1077B00014A383C691A6D145B386B60203A701A739
:1077C00092072A868145369758438146BA97CA2739
:1077D0000147EFF03F8A09472384E1A66F80FFD578
:1077E000B6875DB7EF823FD3B2862E86AA8537551E
:1077F00000201305C509EF902FCE6F801FD4EF82B4
:107800009FD1375500201305C509EF807FEE6F80AB
:10781000DFD2EF825FCD1389C1A60325090019715C
:10782000EF70F041938901A7138491A65DC90325E8
:107830000900938501A50146EF70102A85479384BE
:1078400001A56310F50A983037150140930700022F
:1078500093050004130505406316F70EEF50904F93
:107860009830930700046319F70483C681A6114773
:10787000138981A66397E606942003C771A69387B0
:1078800071A6E1C61546136717006382C60C9823DC
:107890008D476318F704370502001305451CEF30C8
:1078A000C17895472300F90005472386E1A4EFE05E
:1078B0006FAF1945EFF05FEC983093070008631243
:1078C000F702138981A6034709000D4A630947138C
:1078D00091476308F70089468820630CD706EFE0DC
:1078E000CFB31820D14683A709003307D702B75971
:1078F000002093894938B7540020BA97C043EFF06D
:107900001FF0130B040A03284400054D0C303020EF
:107910006307A813630F081089476308F8161C2033
:1079200089E741048509E3108BFE138721A51C23F9
:10793000A946850793F7F70F63ECF6281CA30961A6
:107940006F803FBEEF50104021BF1367270098A300
:107950003DBF63004509636BAA00E314E5F883C7E4
:10796000C1A4C9C70145EFE00F95A5BF630AF502A1
:107970009547E318F5F69387C1A4982301C72380A0
:10798000070085B71820D14683A709003307D7021F
:1079900023000900BA97A82BEFE04F9E08A091B7EB
:1079A0009384C1A49C2091E785479CA0EFE08F9F22
:1079B0000DBFEFF05FD58547631AF5001545EFF071
:1079C000BFDB238004002300090021BF23004901FD
:1079D00009BF83C7C1A40545D9F71820D14683A79D
:1079E00009003307D702BA97C8277DB71820D146B8
:1079F00083A709003307D702BA97E82771BF9C20F5
:107A00006361F70237070200130787858A07BA9771
:107A1000904303D561A5014781468145EFF08FE58D
:107A2000C9B5114719456383E7001545EFF0DFD469
:107A30004DBD14441385C409EF900FAACDB5131999
:107A400006011444135909014A861385C409034ADF
:107A50003400EF906FA84A249306A1010146130752
:107A6000B1016C08EFF00FE16C081385C409EF90C9
:107A7000EFAF93050008B38545411375F50F898D68
:107A8000C20574084A86C18175B7131906011444EA
:107A9000135909014A861385C40942C6EF90CFA342
:107AA00003C609004A241307B10175169306A10104
:107AB000133616006C08EFF0EFDB6C081385C40971
:107AC000EF90CFAA83C781A6834A3400137AF50FBB
:107AD000F9C383C709006370FD0C139D0A01931855
:107AE0000A01135D0D019305F00793D80801B385D2
:107AF000A5413248B3851541939D050193DD0D01E4
:107B00006391070583C7C1A4D9C703C721A59547BA
:107B100063E3E708130669FF4206C6862D474182E4
:107B2000EE851385C40946C6EF80BFB8814513852D
:107B3000C409EF90EFB485451385C409EF90EF8A2F
:107B4000B24803C709008D476317F7040347B10123
:107B5000130669FF4206854741826317F70683458E
:107B6000A101E9572D478505B385F502994693850F
:107B7000F507B385A541C205C1811385C409EF800E
:107B80005FB389451385C409EF908FAF8545138591
:107B9000C409EF908F859305F007B3855541B385F0
:107BA0004541C20574084A86C1811385C409EF9016
:107BB000AF921385C4098545EF908FAC814513853D
:107BC000C409EF908F82A1BB2D47C686EE8575B79D
:107BD00023000700ADB3B707002093870717238062
:107BE000070205476317E500238007042388A704DD
:107BF00082802380E704828001C9EF82DF912E8595
:107C0000EFF07FFD6F807F93B70700200547238843
:107C1000E718828001C503C501A8828029458280BA
:107C20007D153335A000B70700202388A74A82803E
:107C3000EF82DF8C3704002037090020AE84130464
:107C4000044E1309093A21ED814513058006EFC062
:107C5000AF858547B7090020938909102300F902F1
:107C60002D47A547231AF40C232234012317E40AD5
:107C700085476381F40AADCC094A6383440F8D477D
:107C8000638EF4100149B707002005472388E734C5
:107C9000B70702009387475B232EF41051AAB7075A
:107CA000002093870709230009025CC00547AA89C1
:107CB0006307E51489460149631CD516238807022A
:107CC000A9472317F40A231AF40C6380E52663807E
:107CD0000524638EA5288D476385F52C0149B707D8
:107CE000002023880734B7070200938747636DB7E6
:107CF0002388F9042380E1A8B7070F00B107232EDA
:107D0000F40EB7071500B5072322F412BD47231E52
:107D1000F4188DBF35472380E1A8B7071000B907D5
:107D20002322F412BD472319F410B7070E00B10740
:107D3000232EF40EB7071500BD07232CF412C147FC
:107D4000231EF418B7070020938707172388090418
:107D5000C4CB05452328F4120549EFF0DFE725B72A
:107D60002388F904B7070E00B107232EF40EB707D6
:107D70001000B9072322F412B7071500BD07232C02
:107D8000F412C147231EF418B7070020B1469387A9
:107D900007222380D1A82328F412EDB51305A006ED
:107DA000EFB09FF813391500238809040D45EFF053
:107DB0009FE2B7070020938707172328F41223AA0E
:107DC000470145472380E1A8BD472319F410B707B1
:107DD0000E00B107232EF40EB7071000B9072322B7
:107DE000F412B7071100BD07232CF412B7071200D5
:107DF000C1072326F414D147231EF41869B523883C
:107E0000A7022547AD472300A9022317F40A231A26
:107E1000E40C6388A50485CD8949638F35078D47B8
:107E2000638FF5080149B707002005472388E73429
:107E30001305600BEFB05FEFAA854A85EFF0DFDB3B
:107E4000638E041A8D4763F0971C6F806FEE29478D
:107E50002380E1A8D547231FF40EB547231EF4184D
:107E6000D1B731472380E1A8B947231FF40EB707E4
:107E70001500B907232CF412B707002093870717C2
:107E80004147CCCB2319E410231EE4182328F41215
:107E90000549EFF05FD441BF2380F1A8B707150073
:107EA000B507232CF412B707002041479387072218
:107EB000231FE40E231EE4182328F412A5B713058C
:107EC000A006EFB07FE6133915000D45EFF0BFD0E7
:107ED000B7070020938707172328F41223AA370136
:107EE00041472380E1A8C1472319F410B947231F54
:107EF000F40EB7071100B907232CF412B7071200CC
:107F0000C1072326F414D147231EF41829BF314793
:107F10002380E1A8B70715003D47B507231FE40EEE
:107F20002322F412231EE41855BB35472380E1A811
:107F3000B947231FF40EBD472319F410B7071000EB
:107F4000B9072322F412B7071500BD07232CF4123A
:107F5000C147231EF418B707002093870717CCCB1F
:107F600005452328F4120549EFF0FFC68DBB3547C0
:107F70002380E1A8BD47231FF40EB7071000B50703
:107F80002322F412B7071500BD07232CF412C147B2
:107F9000231EF418B7070020938707222328F41222
:107FA00035BB1305A006370A0020EFB0FFD7130A30
:107FB0000A17454713391500232A3A010D45238036
:107FC000E1A8EFF05FC1B947231FF40EB707100017
:107FD000B9072322F412BD472319F410B707110083
:107FE000BD07232CF412B7071200C1072326F4148F
:107FF000D14723284413231EF418D5B1B707002016
:108000002388072E99B5B707002005472388E72E58
:108010002DBDEF824FD0B704002037040020938499
:10802000043A1304044E05C1814513058006EFB0E0
:10803000BFC785472380F402B70700209387071046
:108040005CC06F808FCFB707002023800402938726
:108050000709FDB7EF828FCA18510CDD50DDD3063A
:1080600006F01C632A84D397F6A085CB10C3485C26
:10807000032A8402832AC402EF10315C2A89AE8964
:108080002A86AE865285D685EF003156635EA00003
:1080900023242403232634032DA0538705F0D397EC
:1080A000E7A0F1D70CC3E1B7085CEF1011592A899A
:1080B000AE892A86AE865285D685EF00F15DE3490A
:1080C00005FC6F80EFC6EF820FC541112A842E8513
:1080D00032C62EC4EF107156587CA267324608D4BF
:1080E000D317F7A04CD410D881CB530507E0EF107D
:1080F000D15408D44CD429A0187CD397E7A0F5F725
:1081000041016F808FC3EF820FBE5C51538705F032
:108110002A849C63B7F40100AE8CD3F7E70853853B
:1081200007E0EF10915103A6840583A6C405EF0074
:1081300081702A8B4848AE8BEF103150B7F70100A1
:1081400003A6070583A647052A8AAE8A5A85DE85D7
:10815000EF00F15F2A89084CAE89EF10114E2A8694
:10816000AE864A85CE85EF00915E10545454EFF0F0
:10817000907953870CF01C782A89AE89D377F70859
:10818000538507E0EF10714B03A6840583A6C40551
:10819000EF00616A5286D686EF00715B2A86AE8652
:1081A0004A85CE85EF1021262A8908D4485C4CD414
:1081B000AE89EF1091482A8CAE842A86AE864A8515
:1081C000CE85EF0091426353A0062324840344D458
:1081D0005A86DE865285D685EF0071571054545466
:1081E000EFF07072AA892E892A86AE866285A685EE
:1081F000EF00914A634F0500085CEF1011444E8672
:10820000CA862A8CAE84EF00513E6344A0004E8C97
:10821000CA84032904026285A685EF10D14C23206D
:10822000A9002328940305456F80AFAF085CEF10C9
:10823000D1402A8DAE8D2A86AE864A85CE85EF0046
:10824000B145E35705F82324A4032326B40349B713
:10825000D38705F0530706F0D307F7A099E7EF821D
:108260008FABEFF03FDF6F804FAD8280538605F01C
:10827000D30700F0D30606F0538706F0D317F6A015
:10828000A9E7D397F6A0B1E3D317F7A09DEF5C4120
:1082900018410CC5D3F517D0B7F7010007A5C70ED5
:1082A00050C514C9D3F5A5184CC910CD85475377CF
:1082B000B71858ED631BF70053F6C708D3F6D70875
:1082C000D3F7E70850E914ED5CED82801C41638030
:1082D000B702D30700F0586953F7E70858E9186D5B
:1082E00053F7E70818ED586DD3F7E7085CED0CC1BC
:1082F0008280EF824FA2411136C6B716020050D1DC
:1083000003A6064F0CD1930500002A843AC43EC24E
:1083100042C0EFF03FD402489306400654C0C285E5
:108320002285EFF0BFFAB26792472247D38507E074
:10833000BE863A862285EFF07FF341016F80EF9F82
:10834000EF826F9D0145EF40E0621DC5138781A854
:108350001C239306B003850793F7F70F1CA363FD57
:10836000F600938741A88C431305C00C2300070037
:1083700085058CC3EFB03F9C6F802F9C23A201A882
:10838000828003A541A89307C0033375F50282805C
:1083900003A541A89307C0033355F5028280EF82FD
:1083A0008F973785000001468D4513050534EF5042
:1083B000C0406F808F98EF820F961305C00CEFB00E
:1083C000BF9423A2A1A86F804F97B717024098438C
:1083D000B706FFF841111367170098C3D843370653
:1083E0000200758FD8C39843B706F7FEFD16758F48
:1083F00098C39843B706FCFFFD16758F98C3D84302
:10840000B70681FFFD16758FD8C39843B70600ECF9
:10841000FD16758F98C33707FF0098C723A607027C
:1084200002C402C69843C166558F98C3B71602406E
:1084300009679C42F18F3EC6A24785073EC4B247FA
:1084400081E7A247E397E7FEB71702409C431397E3
:10845000E7006357070685473EC632478547631FD7
:10846000F704B7170240D843B706C1FFFD16D8C3BB
:10847000D843D8C3D84313670740D8C3D843758FB0
:10848000D8C3D843B7061D00558FD8C39843B70645
:108490000001558F98C3984393166700E3DD06FEED
:1084A000D843B7160240719BD8C3D843136727003F
:1084B000D8C32147DC42B18BE39EE7FE41018280B5
:1084C00002C661BF371602405C429146B18B1387EA
:1084D00081826385D700A1466388D702B7177A00E7
:1084E000938707201CC3B7170240DC43918393F6A0
:1084F000F700B70700209387877DB69794231C4326
:10850000B3D7D7001CC3828054425042C167C9828E
:10851000BD8A7D8E9387260085CABD466389D702B2
:10852000C1466389D702C54581466393B700C147F9
:108530000DE63746024003260680418A15C63716E7
:108540007A00130606202DA08146C947D5B7854677
:10855000B547F9BF8146BD47E1BF371602405042DB
:108560009315E600E3DD05FC37163D001306069083
:10857000B387C7021CC3A5DA1C438583A5B7EF7276
:108580009FF65D71EFD06FDE7D5685450145EF703A
:108590009073B7F7010003AA075483AA4754B7F7AB
:1085A000010087A7870CB7F7010081493EE087A744
:1085B000070E814401443EE23545EFB0EFF663001B
:1085C00035053545EFB04FF6AA891305400633054A
:1085D0003541EF10A1605286D686EF00C125B7174E
:1085E000020003A6874F83A6C74FEF005116EF1076
:1085F000215993150501C1810145EF10D05B8947D1
:10860000638BF41C8D476382F41A639E0418EFD0C9
:108610004FD3EFC00FB1084101478D460546814554
:10862000EF80C0030545EFB02FF0B717020087A712
:10863000474F23ACA1A8D38D07E0138981A9B71BAD
:108640000200375B0020371C02003945EFA0DF82B3
:10865000D30705F053870DF05315F7A03DC9094521
:10866000EFA09F81D30705F002675395E7A035C1BE
:108670002945EFA07F80D30705F012675395E7A047
:1086800029C993850B506808EF20F11A6C0813056F
:10869000CB09EF80AFED930700081375F50F338515
:1086A000A74089473345F50270089305800213758A
:1086B000F50FEFF02F93EFC0CFA6084101478D468D
:1086C00005468145EF709079EFA00FB20841EF7039
:1086D000E027EF6000020545EF70A0749307007D6E
:1086E0006399F40AEFF0AF9103450900930C000879
:1086F000094DEFD04FC4AA856808EF2031186C08E7
:108700001305CB09EF808FE61375F50F3385AC4069
:108710003345A5037008D1451375F50FEFF08F8C25
:10872000EFD02FDE0945EFB02FE02AC60D45EFB0A0
:10873000AFDF2AC41145EFB02FDFA24632462A87A9
:108740009305CC536808EF20110F6C081305CB0973
:10875000EF80CFE11375F50F3385AC403345A503AA
:108760007008930580021375F50FEFF0AF87EFC027
:108770004F9B084101478D4605468145EF70106EBD
:10878000D92E0841EF70801CEFA00FA60841EF70B2
:10879000E01B8504C2048567C180938787BBE3968D
:1087A000F4EA8D4411BD854401BD2145EFB0CFD71A
:1087B0008547AA846319F500EF805FE50841EF70F3
:1087C000E018238A91A8EFC0AFCB03A501A9894483
:1087D000EF70C017D5B305041374F40FEF50707128
:1087E000EFF02F8363F08402EFC00F942A8419C93D
:1087F000EFC02F93084101478D4605468145EF7034
:10880000F065014413054006EF70A06175B3EF7287
:108810009FD0238A01A8EFF01FBA03A5C1A8014782
:10882000894601468145EF707063138441A91C207D
:1088300081EBEF30A03BEF90B03919C1EF906F9210
:108840000545EF70005EE5B7B7A700209387072DB9
:108850001CC1B7A70020938707AD9CC193070010E8
:108860001CC28280B7A700209387873F1CC1B7A78F
:108870000020938707ED9CC1930700101CC28280E3
:10888000EF727FC903A501A9EF706068EF801FD860
:108890000841EF70C067C1240841EF704067EFA046
:1088A000AF940841EF70A066EFB0CF890841EF7038
:1088B00000666F709FC8EF721FC6EFB0AF882A8442
:1088C00037680020B7570020B71502003745000071
:1088D0001308089F9387077F1547854613060008EE
:1088E000938505561305059CEF60F07B08C0EFA04B
:1088F000AF8F2A8437680020B7670020B7150200C1
:1089000037350000130808E5938707A51947854602
:10891000130600109385855613054557EF60B07810
:1089200008C0EF80BFCE2A8437880020B7770020A8
:10893000B7150200371500001308089B9387077BC3
:1089400021478546130600089385C5561305E56E35
:10895000EF60707508C0EFB0DFFC2A843778002024
:10896000B7670020B715020037550000130808C08C
:10897000938707111D4785461306002093854557A9
:108980001305C594EF60307208C0EFA08F852A846C
:1089900037580020B7570020B715020037350000C0
:1089A000130808799387073919478546130600107D
:1089B000938585571305C501EF60F06E08C03778C1
:1089C000002037140200B7770020376500009305B8
:1089D000C45713080875154785461306C02B93879F
:1089E00007C6130565A7EF60106C23A8A1A8A522F0
:1089F000AA8437880020B7870020B7150200379572
:108A0000000013080821938707A121478546130614
:108A10000020938545581305256BEF60D06888C00A
:108A200037980020B7870020379500009305C4577A
:108A3000130808EF9387072721478546130600325E
:108A40001305E580EF60306637680020B7670020C7
:108A5000B7150200374500001308080B938707EB92
:108A600011478546130600089385C558130585648C
:108A7000EF60706337A80020B7970020B715020099
:108A800037850000130808A4154785461306C02B38
:108A900093858559938707F51305E557EF60B06017
:108AA00023A6A1A8EFF0DFDD6F703FA9EF72BFA68C
:108AB000EF80FFA72A8437A5002013050533EF5068
:108AC000307108C0EF803FB42A8437A50020130519
:108AD0004539EF50F06F08C06F703FA6EF72BFA32B
:108AE000EF40E002B7A6002037A600202A84014705
:108AF0009386063B130606AA89454145EF60E0458B
:108B000008C0EFA0DFE3B7A6002037A600202A8424
:108B100001479386C634130606AC85454145EF6090
:108B2000C04308C06F707FA103A581A98280EF7246
:108B30009F9E1305600BEFB02F9F138441AD19E585
:108B400087A7C1AA1CE008406F703F9F0145EFA0B6
:108B5000AFB208C0CDBF1385C1AC82800547238C5E
:108B6000E1AC828003C561AC8280EF72DF9AAA8596
:108B70001305500D23A401ACEFB00F936F70FF9B52
:108B800087A701AD539517C042054181828003A597
:108B900001AE828083A701AE094709456388E700DB
:108BA000014563E5E700ED1713B52700828003A7B1
:108BB00001AE89476311F704EF72FF9585474111B4
:108BC0001CA10145EFA04FABEF102127EF80204300
:108BD0002AC4130570052EC6EFB0AFCBEF10E12508
:108BE0002246B246EF00A136EF009179420541815D
:108BF00041016F709F942300050001458280EF7250
:108C00009F9141111305B003EFB0AFC82AC61305F9
:108C10007003EFB00FC8B2452A8637A5002093062F
:108C2000000013058549EFF06FE413053003EFB042
:108C30004FC62AC61305F002EFB0AFC5B2452A866B
:108C400037A500209306000013058545EFF00FE2DD
:108C50000145EFA06FA241016F703F8EEF721F8A36
:108C600041112A841945EFB02F8CAA8909E90545DD
:108C7000EF30905FAA851305600DEFB0EF8213050A
:108C8000600DEFB06F8AAA850545EF30304A9384B6
:108C900081AC638909029C403D4585079CC0EFB0CB
:108CA000AF88930740063305F5029C4063C7A700D1
:108CB00081451305500DEFA03FFF1305500DEFB098
:108CC000AF8631A0014523A00400EF30F05983A7FF
:108CD00001AE138901AE6301053281E79547232078
:108CE000F900639A09000945EF301058AA85130569
:108CF000700DEFA07FFB1305700DEFB0EF82182011
:108D0000938781AD6314A700982331CB1305700DB1
:108D100023800700EFB04F8108A09307300619C1E8
:108D2000930750063E85EFA07FFBD37715D0130540
:108D3000700527A8F1AC3EE6EFB0AFB5530705F0DC
:108D4000B267D3F7E718538507E0EF10010F2A86C3
:108D5000AE86EF00C11FEF10011923A6A1AA83C799
:108D600061AC938461ACB18B81C791472320F9003A
:108D70002285EF00B046034704029307900563FE87
:108D8000E7081C30D9CB9C20858B85E31C441167F8
:108D90001307F76485071CC46379F7000545EFB036
:108DA0008FDD9C2093E717009CA0EFB0DFEE19CD7C
:108DB00083270900ADCB91453715014023200900D9
:108DC000EF40407881450945EF3050368327090050
:108DD000ED9BB1CB0D45EF30304931C59C20C18BA7
:108DE00085E35C4411671307F76485075CC4637906
:108DF000F7004145EFB02FD89C2093E707019CA0D6
:108E00008327090019476361F706371702008A07AD
:108E10001307075ABA979C4382879C202324040097
:108E2000F99B9CA059B79C2023260400BD9B9CA0C5
:108E3000C1BF8145A30004000145EF30302F9305E9
:108E40000000014523AE01A8EF10E00A93050000E1
:108E50000545EF10400A930500000945EF10A009F1
:108E6000232C04002380040041016F706FEC044C3C
:108E7000A30004003945850404CCEFA0FFEA930762
:108E800040063305F502E37195FE99472320F9006A
:108E9000EFA02FE3D1BFEFA08FE379D51305B00288
:108EA00023AE01A8EFB0EF9E2AC613057002EFB003
:108EB0004F9EB24537A400202A8693060000130572
:108EC0008445EFF0AFBA13060000B2851305844560
:108ED000EFF06F9F89472320F90079B71C48254799
:108EE00085076368F7001CC885450145EF301024ED
:108EF000A5BF232804000145EF901FF823ACA1AAC9
:108F0000AA8537A5002013058545EFF0CF9F87A7D9
:108F1000C1A9B7F7010007A7C70E0545D3F7E718A2
:108F20009389C1AA138981ABD38507E03EE6EF00A0
:108F3000907CB717020007A78763B267D307F7A033
:108F4000BDCF8727090007A70900D397E7A0A5CBC6
:108F50009C20898B99EF5C401307707085075CC07B
:108F60006379F7000945EFB00FC19C2093E7270014
:108F70009CA007A70900872709003AE6D377F708DE
:108F8000D3A7F720538507E0EF00316B32672A89BA
:108F9000AE89530507E0EF00516AB717020003A638
:108FA000076483A64764EFF0907A2A86AE864A85E6
:108FB000CE85EFF0706E1325150008B035B79C20F4
:108FC00023220400F59B6DB79C20B18B99E32320ED
:108FD000090093050000054523AE01A8EF00B0711C
:108FE00081450145EF3090149C20A3000400232C00
:108FF0000400F59B9CA08DBDED9BE38407CE232050
:109000000900C5B1194723A0E1AE8280094723A01A
:10901000E1AE8280EF728FCE41112A8B1305B00D25
:10902000EFA09FD02A8A1945EFA01FD09384C18258
:10903000631005109C20138451AC138941AC81CF7F
:1090400081451305B00DEFA03FC623800400230027
:10905000040023000900EF30702283470900937455
:10906000F500638B97061C2089E785471CA0232009
:109070000B0083250B001305D006930940062EC66E
:10908000EFA09FCA33063503B2453715020013051A
:10909000C562EF109167832A0B001305D006850A7D
:1090A00023205B01EFA05FC83305350363E8AA0204
:1090B000938661AC9C22230099008A0493F7F70EF3
:1090C0009CA2B71602009386C65BB6949440230018
:1090D0000400138761AC82861C20C1FF1305B00D0C
:1090E000EFA09FC485476318AA001305B00DEFA039
:1090F000BFC3933715003E85EF00702A3DA0814520
:109100001305B00DEFA05FBAD1BF8545D5BF894526
:10911000C5BF8D45F5B79145E5B793E70701814593
:109120001305B00D1CA3EFA03FB841016F704FC0F5
:1091300085479CA0938761AC98231305900D3D9BB8
:1091400098A3EFA07FBEAA8565BFEF72CFBC1305C1
:10915000B00DEFA07FBD6F704FBEEF72CFBBEFF0D1
:10916000DFFE6F708FBDEF726FB9AA891305B00D66
:10917000EFA09FBBAA8413059006EFA0FFBA894712
:109180002A896311F50C138481AA89E8232004003D
:109190000C400545EF0030566F708FB991476398CA
:1091A000F400B7F7010087A7870C1CE0D5B71305BB
:1091B0008006EFA07FB7938401AB63092507814543
:1091C0004E85EFB04F8FEF0051472A891305800B72
:1091D000AE89EFA01FECEF005146B7F7010003A6E0
:1091E000075483A64754EFF000654A86CE86EFF019
:1091F00010564A86CE86EFE01071EF00D14E8545BD
:10920000EFB02F8988C00545EF901FC7AA8537A505
:10921000002013058549EFE01FEF87A701AAB7F7E4
:10922000010007A7C70ED3F7E71841B71305C00B16
:10923000EFA03FE6D30705F0538709F0D3F7E70027
:109240009CE0D1B731D993050000A1B7EF72AFAC64
:109250001305A006EFA05FAD060593874190AA977E
:109260008A23EFA01FE36F704FADEF72CFAA0111F9
:10927000AA841305A006EFA03FAB05478547638886
:10928000E40011C509478D476303E500894713943E
:1092900017009387C18FA2978A23EFA09FDF938740
:1092A000418FA2972AC68A2337A40020EFA07FDE31
:1092B000B245930600002A861305844DEFE01FFB9C
:1092C0001305E00AEFA0FFDC2AC61305A00AEFA0F1
:1092D0005FDCB2452A861305844DEFE07FF7A68553
:1092E0001305F101A30F0100EF0050048347F101C2
:1092F000AA8489CB13057006EFA01FA3854781457B
:109300006313F50085451305844DEFE03FFCEFF056
:10931000FFF323AAA1AAA6851305844DEFE0BFDEC3
:1093200003A541AA05616F704FA103A541AE8280DC
:1093300003A5C1AA8280EF726F9C03A701AE994773
:109340002A89138401AE6301F71813858501AE895C
:10935000EFF05FCC138561ACEF00B01E138561ACFC
:10936000EF00F00D1C4021476362F702371702003F
:109370008A071307C75FBA979C43828723AC09000B
:10938000238301ACEF00D00089471CC06F704F9A57
:109390002300090083C761AC13F7070111E7139796
:1093A00087016187635B070291471CC0938481AE8C
:1093B00003A904001305B006050923A02401EFA0AA
:1093C000BF96B7870500938707E43305F502E36F7F
:1093D000A9FA23A0040099474DBF93F7070699C344
:1093E000A147E1B783A709012547850723A8F9000D
:1093F000E37EF7FA1305600BEFA01F93AA84130511
:10940000B00DEFA07F92138941AE2320A900EFF0A9
:109410000FFF2A8A23A809001305A00DEFA0DF90F3
:109420000547631DE5028D472320F9001305A00AB7
:10943000EFA03FC623A6A1AA37A50020D285130519
:109440008545EFE05FCC07A7C1A9B7F7010087A763
:10945000C70ED377F718D38507E00DA88327090037
:109460008946638DD70263E9F6001305E00AE381BC
:10947000E7FC9305000019A80D47E389E7FA1147B7
:10948000E399E7FEB7F7010083A5870C0145EF00DC
:109490009026EFF0CFE9EFF01FCD09BF638BE4001A
:1094A00013978401618719CB638DF4008D47E39591
:1094B000F4F889452685EFF05FDBADBF1305200B7F
:1094C00085BFEF007014BDB71305E006EFA01F8144
:1094D000130740063305E5029384C1AD9C4063EA5F
:1094E000A7028347090099E7EF90BFFD8547230056
:1094F000F90069BDEF90BFFDE30A05E88947230045
:10950000090023A004001CC081450545EF3000423E
:10951000B5BD85079CC08545CDBF83C761AC93F7BA
:10952000070981E72320040095B593050000014554
:10953000EF00701C93050000054535A037150200AB
:1095400013054562EF10712E83C761AC13F7070254
:1095500011CF930500000545EF00F019B7F70100A2
:1095600083A5870C0145EF0010190DB593F707048B
:10957000D5DB930500000145EF00F017B7F70100B8
:1095800083A5870C55BFEF621FF95C212A84062151
:109590006386070E2D45EFA02FF94205418163E652
:1095A000A40C138761AC142393F7860085E33C2059
:1095B00013064006850793F7F70F3CA06378F60083
:1095C00093E68600214514A3EFA0FFDA2545062087
:1095D000EFA08FF542054181636C9508138761AC5C
:1095E000142393F7460085E33C30130640068507B5
:1095F00093F7F70F3CB06378F60093E64600114509
:1096000014A3EFA05FD731450620EFA0EFF142058C
:109610004181636F950029450620EFA0EFF04205D8
:10962000418163E7A400938761AC98234D9B98A385
:109630001A20CD4763E1E7047C200947850793F7AB
:10964000F70F7CA06371F702371501409305000402
:1096500013050540EF301070EFA09FDC930700105A
:109660005EA023A001AE6F605FED23010400B9BFCF
:10967000A301040049BF23030400F5B72945EFA067
:10968000AFEA4205418163E4A40085475CA01A204B
:1096900093078002E3F9E7FC5C30F1D72945EF60DE
:1096A0004078B707EFBE37E700E0938707083CC76D
:1096B0005DBFEF62BFE4397113064002814568085F
:1096C000EF607FE889470545230EF100EFA0CFE565
:1096D000AA891305B00223A001AE238301ACEFA039
:1096E0005F9B2AC613057002EFA0BF9AB246B7A4CB
:1096F00000202A871386C1AA9385C1A90148930730
:10970000000013858445EFE0DFBE371402001389A3
:1097100061AC032604629305000063960900B7F765
:10972000010083A5C70E13858445EFE07FB21305C2
:10973000B003EFA01F962AC613057003EFA07F9514
:10974000B246B7A400202A8701489307000013857A
:109750008449138601AB938501AAEFE09FB987275F
:1097600004629305000013858449538607E037A4FB
:1097700000208944EFE0DFAD1305B002EFA07F9138
:109780002AC613057002EFA0DF90B2462A8701486F
:109790001305844D93070000138641AB938541AABE
:1097A000EFE03FB5B717020087A707621305844DA6
:1097B00093050000538607E0EFE09FA92945EF607D
:1097C0004066EFB04FCDE30B95FE2945EF90CFEA11
:1097D000D30705F0539517C0239EA1AA1385C1ABEB
:1097E000EFF07FDA639209026808EFF02FC7834732
:1097F000090091453715014091CFEF30B0558545AF
:109800000945EF30A0125DBF6C08138571ACEFF015
:109810009FB2F1BFEF3010538145DDB7EF621FCE2D
:109820001314150093874191A297AA848A234111AA
:10983000EFA03F869387C190A2972A8A8A23EFA040
:109840005F85AA8A1385C19126950821EF90CFE202
:1098500093878192A2972AC68A23EFA0EFCC8547EF
:10986000B2676302F5028947630AF50A538507E088
:10987000EF00A15CB7F7010003A6870583A6C70523
:10988000EFE0707B25A8B7F7010007A78703D30790
:10989000F7A0DDCF538507E0EF00215AB71702008C
:1098A00003A6876483A6C764EFF0F035B7170200FC
:1098B00003A6076583A64765EFF0606953070AF0C2
:1098C000D3870AF02A89AE89D3F7E708538507E0E2
:1098D000EF00A1562A86AE864A85CE85EFF0206736
:1098E0002A895285AE89EF0041552A86AE864A857F
:1098F000CE85EFE05001EF00015F93870192A297C0
:109900002AC68A23EFA0EFF8530705F0B267D3F712
:10991000E700538507E041016F609FC1B7F7010081
:1099200007A7C703D307F7A085C7538507E0EF0054
:10993000C150B717020003A6876583A6C765EFF07D
:10994000902CB717020003A6076683A647660DBFD3
:10995000D30700F07DBFEF621FBC0945EFF01FEC9D
:10996000B7F70100D30705F007A7070FD317F7A034
:1099700091E7530700F0D397E7A099C3D307E720F7
:10998000539517C01375F50F6F603FBBEF62BFB8FB
:109990000545EFF0BFE80545EFF05FE86F60FFB900
:1099A000EF627FB70145EFF07FE7B7F70100D3071C
:1099B00005F007A70755D397E7A091EFB7F7010088
:1099C00007A7070FD317F7A099C3D307E72053853D
:1099D00007E06F609FB6D30700F0D5BFEF621FB2FC
:1099E0001C31AA84A1CF584D856793870777631FE1
:1099F000F7020545EF904FC8D30705F0539517C000
:109A0000131405011305800C4180EFA02FAD636B8B
:109A10008502238004021305700DEFA0EFB019E555
:109A200083C5040213056002EFA00FA8DC4C056794
:109A3000130707778507DCCC6374F70023AE0400B7
:109A40006F601FAF1305A00CEFA04FA96367A400C0
:109A5000930740062380F4027DBF1305800CEFA01E
:109A6000EFA7AA891305A00CEFA04FA72A893304FA
:109A700034411305800CEFA06FA6420441803305EA
:109A8000A940D37714D0537705D0B7F70100D3F7A7
:109A9000E71807A7070FD3F7E710539417C02380E1
:109AA000840295BFEF623FA785476388F500894729
:109AB0006380F50201456F605FA8EF90EFBBB7F7D9
:109AC000010087A78703530705F05315F7A0E5B7F3
:109AD000EF908FBAB7F7010087A7C703EDB7EF6222
:109AE0009FA31305600BEFA02FA41375D50F7D1551
:109AF000133515006F607FA4EF62FFA11305600BA3
:109B0000EFA08FA285476315F50001456F60FFA2A6
:109B10001305A006EFA04FA16DD91305A006EFA075
:109B2000AFA08947E304F5FE0545CDB7EF62BF9EC0
:109B3000854441112A84639B95001D452EC6EF90F4
:109B4000AFB3B2450CA041016F603F9F8D47639D4D
:109B5000F5021305A006EFA02F9D63099500894724
:109B6000630BF50004A0EFF0BFE3F1BF2300040096
:109B7000EFF0DFE1C9BF23000400EFF0DFDDD377B2
:109B800015D0538507E0C1B70145EF90EFAE65BF33
:109B90009387C1AE23A00700239207008280EF6263
:109BA0009F97AA8481451305A00DEFA0EF8F138422
:109BB000C1AE89C8EFF0DFFD81451305600DEFA050
:109BC000AF8E1DA01145EF20306A5820B707000165
:109BD00048B0938707F009EF5840F98F130700103A
:109BE0006394E70085475CA05C307CA06F60FF94C5
:109BF0005840F98F130700106394E70023200400F6
:109C000004401305C006850404C0EFA0EF918567EA
:109C1000938707773305F50263E7A4002302040066
:109C20002320040051BF1305A00D8545EFA0CF8769
:109C30001305600DEFA04F8F45F98545BDBFEF625D
:109C40009F8D41112A8413059006EFA0EF8D89475F
:109C50006307F5001C2093F7F7F91CA0ADA01C20AA
:109C600013F707062DEF0145EF900FA1AA84130506
:109C7000000CEFA0AF86538704F0D37705D0938410
:109C800041AF5315F7A0814719C19C408507054591
:109C90009CC0EF906F9E2AC61305400CEFA00F8466
:109CA000537705D0B267138781AF5395E7A08147FB
:109CB00019C11C43850794401CC3BDCA81CB23A096
:109CC00004002320070041016F603F87BD67938731
:109CD000F7A5E3FAD7FE1C2093E70702BDBF93F771
:109CE000070285C70145EF902F99AA841305E00A62
:109CF000EF90DFFED37705D0538704F05395E7A0AC
:109D000079D11C2093F7F7FD89BF0545EF90CF96D9
:109D1000AA841305E00AEF907FFCD37705D0538720
:109D200004F05395E7A045D11C2093F7F7FB35B716
:109D30003D671307F7A5E378F7F81C2093E70704BE
:109D400029BFEF624FFD1C212A8493F7F7071CA15E
:109D50001305600BEF905FFD89476300F5068D47A3
:109D60006318F5041305A006EF901FFC9387C191BB
:109D70003E9504211305A006EF901FFB060593876F
:109D80008192AA978A23EF903FFAAA852685EFF061
:109D90007FD10DC19387C1AF98439306C0120507C9
:109DA00098C363F7E600182094C3136707F818A058
:109DB0006F60AFF823AE01AEE5BF1305700BEF90F7
:109DC000BFF67D151375F50F9387C191AA9784236C
:109DD0009387819206053E950A21EF90FFF4AA85AC
:109DE0002685EFF03FCC79D59387C1AF9843930692
:109DF000C012050763E4E60098C35DBF94C31C204E
:109E000093E707F81CA06DB7EF624FEF1305E00A68
:109E1000EFA02FA8AA841305A00AEFA08FA753874D
:109E200004F0D30705F01305700BD3F7E708538A46
:109E300007E0EF907FEF7D151374F50F9387C191C5
:109E4000A29788230604EF902F83EFF0107F2A89D2
:109E5000138581922A940A20AE89EF90FFEC0DC5FC
:109E60008547630EF502B717020003A6876583A630
:109E7000C7654A85CE85EFF00059B717020003A6E3
:109E8000076683A6476609A8B7F7010003A68705FA
:109E900083A6C7054A85CE85EFE0F0191DA0B71748
:109EA000020003A6876483A6C7644A85CE85EFF0C7
:109EB0008055B717020003A6076583A64765EFF034
:109EC00000092A895285AE89EFF030772A86AE865E
:109ED0004A85CE85EFF0A0072A892685AE89EFF066
:109EE000D0752A86AE864A85CE85EFE0C021EFF098
:109EF000907F6F60EFE3EF620FE2B7A700201317C8
:109F0000250093878751BA978CC32A84EF201009C4
:109F1000D30705F08547539617C042064182630D6B
:109F2000F40011C48947630BF4006F600FE18545AD
:109F30002145EF40A03AD5BF8945DDBF9145CDBF52
:109F4000B7A700200A0593878751AA978843828084
:109F500001A001A001A001A001A001A001A001A0F9
:109F600001A001A001A001A001A001A001A001A0E9
:109F700001A001A001A001A001A001A001A001A0D9
:109F800001A001A001A001A001A001A001A001A0C9
:109F900001A001A001A001A001A001A001A001A0B9
:109FA00001A001A001A001A001A001A001A001A0A9
:109FB00001A001A001A001A001A001A001A001A099
:109FC00001A001A001A001A001A001A001A001A089
:109FD00001A001A001A001A001A001A001A001A079
:109FE00001A001A001A001A001A001A001A001A069
:109FF00001A001A001A001A001A001A001A001A059
:10A0000001A001A001A001A001A001A001A09771E1
:10A01000FF1F9381A12017E100201301A1FE1785E6
:10A020000100130565D89765FF1F9385A5FD13866D
:10A03000019763FAC5008322050023A0550011058E
:10A040009105E3EAC5FE1385019797850020938566
:10A0500065B86377B500232005001105E36DB5FEF3
:10A06000FD42739002BCFD4273904280B7820000B3
:10A070009382028073A002309762FFFF938202FCFA
:10A0800093E2320073905230EFE02FB497B2FFFFAB
:10A09000938262BA73901234730020305C413707A8
:10A0A000F1E01307F7EF944D7D8F9C41D58FD44D90
:10A0B000D58FD441A206D58FD98F5CC11C4537F707
:10A0C000F1FF1307D77FD4457D8F9C49D58F9445E9
:10A0D0008606D58FD98F1CC55C55370710FF7D17B5
:10A0E0007D8FDC29FD1793F7F70FD207D98F5CD549
:10A0F00082805C4193F5F50F01C6DD8D4CC18280F5
:10A1000093C5F5FFFD8DDDBF08450D810589828072
:10A1100008450981058982801C4591C53707500093
:10A12000D98F1CC582803707B0FF7D17F98FD5BF47
:10A13000A54763F7B7048D47138765FF3307F70219
:10A140000328C5009D47B397E70093C7F7FFB3F710
:10A150000701B396E600DD8E54C5994763E3C70453
:10A1600095477D163306F6025859FD47B397C70049
:10A1700093C7F7FFF98F3396C5005D8E50D9828063
:10A180000D473387E502032805019D47B397E70094
:10A1900093C7F7FFB3F70701B396E600DD8E14C946
:10A1A0006DBFB14763E2C702954765163306F602F5
:10A1B0001859FD47B397C70093C7F7FFF98F339638
:10A1C000C5005D8E10D9828095474D163306F60284
:10A1D0005855FD47B397C70093C7F7FFF98FB3955D
:10A1E000C500DD8D4CD58280B7270140938707409D
:10A1F000984711C5B7068000558F98C78280B7066B
:10A2000080FFFD16758FD5BF5841144193D7850047
:10A21000F58F99C713F5F50F798D3335A00082803E
:10A2200001458280EF622FAF01112A8423040100CF
:10A23000A5441C8463F9F40423040100A5462146C7
:10A240001C8463FFF60623150100230401009546D4
:10A250001C8463F1F60E38853C8599460D46B3F7AC
:10A26000D702056513050580B3D7C7023357D70258
:10A27000BA97C207C1837C853C8505611D8D420567
:10A2800041856F608FAB1C4493E787001CC4228517
:10A29000EFF09FE76DFD1C4493E747001CC4228547
:10A2A000EFF01FE76DFD78441C8414108607B69705
:10A2B0002396E7FE1C84850793F7F70F5C8495BF10
:10A2C000A30401009C846378F6001C84850793F73F
:10A2D000F70F5C84B5B798849C840C10060785073B
:10A2E00086072E97AE970357C7FE83D7C7FE63FD39
:10A2F000E7029C848607AE9783D7C7FE7C859C8443
:10A30000988485078607AE9783D5C7FE93171700F5
:10A310001810BA972396B7FE9C8438850C108507D1
:10A320008607AE972396E7FE9C84850793F7F70F81
:10A33000DC8449BF1C841010388589078607B297D2
:10A3400083D7C7FEBA97C207C1837C851C84850763
:10A3500093F7F70F5C84EDBDB7370240054798C708
:10A3600082808147B73602406396B700B737024014
:10A3700088438280139727002A971843850798C23D
:10A38000E5B7B73702408843828085473395A700F9
:10A3900089C937770040832707405D8D2320A74078
:10A3A0008280B777004003A707401345F5FF798DFA
:10A3B00023A0A74082804111B777004002C693874F
:10A3C00007403EC6B247A1073E952AC6B2478CC396
:10A3D00041018280B7F7FF1F03A547708280931762
:10A3E000350063DA0700B707024083A707407D8D79
:10A3F0003335A00082809317250063D70700B70785
:10A40000024083A7074DE5B7B70702409C43C5B795
:10A410009317350063D70700B707024023A2A74070
:10A4200082809317250063D70700B707024023AA4D
:10A43000A74C8280B7070240C8C38280EF62AF8D0D
:10A44000EFF0FFF96F606F8FEF62EF8CEFF05FFC62
:10A450006F60AF8EEF622F8C85451165F9258145C0
:10A460001165E1256F606F8D930700043CC1930770
:10A4700000027CC1930700087CD123200500B707A8
:10A480000004232205002324050023260500232899
:10A490000500232A0500232C0500232E0500232078
:10A4A0000502232205022324050223260502232870
:10A4B0000502232A0502232C0502232E050223244C
:10A4C00005042326050423280504232A0504232C38
:10A4D0000504232E05042320050623240506232630
:10A4E000050623280506232A0506232C0506232E08
:10A4F00005062320F508B70700022322F5082322CA
:10A50000F50AB7070200370720002326F50A93074C
:10A510000010232405082326E50823280508232AFC
:10A520000508232C0508232E05082320050A2324CB
:10A53000050A2328F50A232A050A232C050A828006
:10A54000411102C6B78602409C4A41672E057D171D
:10A55000F18B798D9A055D8D93F5057CC98D93E519
:10A560001500B70750008CCAF917324705073AC6DD
:10A57000984A058B01C73247E3F9E7FE3247B70730
:10A580005000FD1701456307F700B7870240C84B2D
:10A5900042054181410182804111B787024002C6D4
:10A5A000984BC166FD162E05758D718B9A05598DD8
:10A5B00093F5057CC98DD0CB93E535008CCBB707DF
:10A5C0000500B7860240F917324705073AC6984A90
:10A5D000058B01C73247E3F9E7FE3245B7070500AF
:10A5E000FD173335F5004101828023A2A1B02A87EF
:10A5F0008147B708104013030060130EF6FF6396FF
:10A60000C700B797024088CB8280B38667022320B9
:10A6100017012A88AE9614C79306070163F3C70192
:10A6200036882326070185073687D1BF916623A088
:10A63000A1B00147AA873703008093860660130EF6
:10A640000060930EF6FF6316C700B7970240C8C7B5
:10A6500082803308C70323A06700D4C3AA882E983A
:10A6600023A40701138807016373D701C28823A6B7
:10A6700017010507C287C1BF379702401C4393E704
:10A6800017001CC38280B7970240C8CB82803797DF
:10A6900002401C4FB7061000D58F1CCF8280EF52AE
:10A6A0009FE7378402401C4093E787001CC0EFF00F
:10A6B0001FFE1C40896693E747001CC0B797024005
:10A6C000984F558F98CF984F1367270098CF6F50AA
:10A6D000DFE699C5379702405C4F5D8D48CF828099
:10A6E000B7970240D84F1345F5FF798DC8CF8280C8
:10A6F000B707014023AAA74082809C4513F70701B2
:10A7000013F8F70001C7D8413368E8008E2113F72A
:10A71000F50F39C318418146854E3D4F930F800296
:10A7200093028004214E3396DE00B3F8C500631116
:10A7300016039398260033131F011343F3FF337757
:10A74000E300B318180133E7E800639FF70550C929
:10A750008506E39AC6FD18C11307F00F6375B704A9
:10A7600054412146854E3D4F930F80029302800451
:10A77000414EB398CE0033F715016392E8021317E8
:10A78000260001173313EF001343F3FFB376D30012
:10A790003317E800D98E639DF701232A15010506BA
:10A7A000E319C6FD54C18280E39457FA10C94DB72E
:10A7B000E39757FE23281501DDB7B7070140635A19
:10A7C0000504DC4F935605011318050137073000C7
:10A7D00013F6F60013580801B376E500635005063A
:10A7E000639BE602930606010D46B316D60093C698
:10A7F000F6FFF58F99C9135755011377F73F1207E5
:10A800003317E800D98F63570504370701405CCF41
:10A810008280DC4345BF1317B500635607008D46A1
:10A82000B396C600E9B7135755011377F73F1207E0
:10A830003317E8001347F7FFF98F6DBF6390E60207
:10A84000370601405442370700F17D17F98F758FA5
:10A8500058C2D5F1370701405CC382801317B50099
:10A86000635C07008D46B396C60093C6F6FFFD8E67
:10A87000B707000FD58FF1BF1357550112073317D4
:10A88000E8001347F7FF7D8FB707000FD98FD1B7C7
:10A8900023A4A1B08280377700401C4309C593E709
:10A8A00007101CC3828093F7F7EFE5BFB71602408D
:10A8B000DC4251777D17F98F5D8DC8C28280B71752
:10A8C0000240238007022380070205476306E50054
:10A8D00011476306E50082802380A7028280154726
:10A8E0002380E7028280371702405C439146B18B98
:10A8F0006385D700A1466382D706B7177A0093878E
:10A9000007201CC1371602405C423707002013079E
:10A91000877E9183BD8BBA9794231C41B3D7D70010
:10A920005CC15442A1829D8ABA969422B3D6D700C4
:10A9300014C55442AD829D8A36971823B3D7E700D9
:10A940005CC5584239839376370013870183369765
:10A950001823B3D7E7021CC982805C435843C16601
:10A96000C983758FB7F6FF1F83A6C670BD8B890795
:10A970001396160163480600C54601466392D70246
:10A98000C94739A88946638FD702BD46638ED7026F
:10A99000C146638ED702C54601466393D700C147BF
:10A9A0001DEF3747024003270780418B05C7371744
:10A9B0007A0013070720B307F7021CC121D61C41F8
:10A9C000858381B701466DBF0546B547D1BF0146B6
:10A9D000BD47F9B737173D0013070790E9BFB71513
:10A9E0000240D8559316F700D85563DF060411834B
:10A9F0003D8B9306170037177A001307072033574C
:10AA0000D70218C1D455A182BD8A8DE2954633077D
:10AA1000D702058318C137170240585714413D8BA0
:10AA2000050733D7E60218C1184171B7854563940D
:10AA3000B600E546E9BFBD456396B600D14633870B
:10AA4000E602C9BF8906E5BF3D8B9306170037179D
:10AA50007A00130707203357D702F1B799C5371784
:10AA600002405C4B5D8D48CB8280B7170240D84BCB
:10AA70001345F5FF798DC8CB828099C53717024001
:10AA80001C4F5D8D08CF8280B7170240984F134549
:10AA9000F5FF798D88CF828099C5371702405C4FCA
:10AAA0005D8D48CF8280B7170240D84F1345F5FF20
:10AAB000798DC8CF82809357550005476399E70089
:10AAC000B71702409C4333D5A70005898280094708
:10AAD0006396E700B71702409C53F5B7B7170240DB
:10AAE000DC53D5B7371702405C5793F7F7F05D8D0D
:10AAF00048D78280B7160240DC5645777D17F98F1C
:10AB00005D8DC8D6828009C9371702401C43B7063D
:10AB10000010D58F1CC38280B71602409C423707B5
:10AB200000F07D17F98F9CC2828099C537170240CB
:10AB30001C575D8D08D78280B71702409857134580
:10AB4000F5FF798D88D78280B737004003D74780DB
:10AB5000136707012392E7808280373700408357CD
:10AB60004780C207C183BD9BC207C1832312F78000
:10AB70008280B736004083D7868103D5C68103D74C
:10AB80008681C207131605014207C18341834182B2
:10AB9000938606806386E700CA2E4207598D82801D
:10ABA00013950701518D8280EF52FF9641112AC6FD
:10ABB000EFF09FF93245B7370040135705014205C2
:10ABC000239CE7804181239EA780EFF01FF941017C
:10ABD0006F50BF96EF523F9441112AC6EFF0DFF657
:10ABE0003245B7370040135705013D8B420523948A
:10ABF000E78041812396A780EFF03FF641016F5037
:10AC0000DF93373700408357478093F70702E5DF2C
:10AC100082803737004083574780C207C183DD9B5E
:10AC2000C207C1832312F78037370040835747801C
:10AC3000A18BEDDF82801E2189C593E707041EA149
:10AC40008280C207C18393F7F7FBC207C183C5BFE8
:10AC500085479181B395B7005E21C205C18101C6C8
:10AC6000DD8D4EA1828093C5F5FFFD8DDDBF4EA524
:10AC700082804A2582800A256D8D3335A00082802E
:10AC80005E21162513F7F50005453317E500C207C9
:10AC9000758FC18301CB91813315B5007D8D33351F
:10ACA000A0008280014582801E2137370140930633
:10ACB00007C0C207C1836300D504B7060040630C18
:10ACC000D502938606406308D502B7160040138666
:10ACD00006806302C502938606C0630ED500130783
:10ACE0000740630AE50037570140930607C0630435
:10ACF000D5006316E500BA2193F7F7F8D98F371717
:10AD00000040630CE500130707406308E50093F774
:10AD1000F7CFFA21C207C183D98F1EA1DE215EB50C
:10AD20009E211EB5B7370140138707C0630EE500AB
:10AD300093870740630AF500B7570140138707C0A0
:10AD40006304E5006314F5009C251EB985475EA9E0
:10AD500082801E31922103D82500C207C183F99B4E
:10AD6000C207C1831EB11E3156211A2DC207C183ED
:10AD7000420741831377C7F8518F9225F59BC2068E
:10AD800033660601D18F37360140130806C0C182F1
:10AD9000630E050113060640630AC50037560140DD
:10ADA000130806C0630405016310C502B225DD9BCC
:10ADB00003D8E500D18FD221ED9B93F6F6CFD18F4A
:10ADC000D22533660601D18E56A11AADFA215AB9A1
:10ADD0001EB182801E3165771307F7CFC207C1838A
:10ADE000BD9BC207C1831EB11E31562103D8850009
:10ADF000C20713960601162DC18393F7F7FD758FD1
:10AE000096214182A206558FB62142074183B3E6BF
:10AE100006019206D58FB7360140C207138806C0D7
:10AE2000C183630E050193860640630AD500B756B9
:10AE30000140138806C063040501631ED502B625D0
:10AE400093F7F7F703D8C5009206D58FD621C2072E
:10AE5000C183920693F7F7FBD58FFD769386F63F75
:10AE6000F18EF225C207C183336606010A06D18E30
:10AE700013960601418252A11AADFA211ABD1EB1E4
:10AE800082801E3103D88500C207C18393F7F7EF94
:10AE9000C207C1831EB11E3156215A2DC207139617
:10AEA00006014207962141831377C7F8558FB621D3
:10AEB000C18393F7F7DFB3E60601A206D58FB73655
:10AEC0000140C207138806C04182C183630E050199
:10AED00093860640630AD500B7560140138806C022
:10AEE00063040501631FD502FD769386F67FF58F17
:10AEF000B62503D8C500A206D58FD621C207C183C7
:10AF0000A20693F7F7BFD58FF576FD16F18EF225E1
:10AF1000C207C183336606011206D18E139606015D
:10AF2000418252A15AADFA215ABD1EB182801A3116
:10AF3000FD77FD17F98F1EB10358050256215E2DCE
:10AF400065771396060196211307F7CF7D8FF97762
:10AF5000A206FD17558FB3F70701B62103D8850068
:10AF600042074182B3E60601B206D58FB7360140EB
:10AF7000C207138806C04183C183630E050193860F
:10AF80000640630AD500B7560140138806C0630423
:10AF90000501631BD500F176FD16F18ED2251A0648
:10AFA000D18E13960601418252A15AADFA21231087
:10AFB000E5041EB182801E2189C593E717001EA1FA
:10AFC0008280C207C183F99BC207C183CDBF5E25C2
:10AFD00001C6DD8D4EA5828093C5F5FFFD8DDDBFD9
:10AFE0001E2DC207C183DD9BDD8D0EAD82801A2D23
:10AFF000FD779387F77FF98FA205CD8FC207C183B5
:10B000001EAD82805E2DC207C183DD9BDD8D4EADFE
:10B0100082805A2DFD779387F77FF98FA205CD8F18
:10B02000C207C1835EAD82805E21C207C18393F7F0
:10B03000F7F8C207C1835EA15E21DD8D4EA182803B
:10B040001E294A25ED8F4205418189C76D8D333513
:10B05000A00082800145828093C5F5FFC205C181B1
:10B060000EA98280EF522FCB1629F577FD17F58FA9
:10B07000F621DA257971D58F1EA95625FD7793879C
:10B08000379FF58FD6212A842EC6D58F9625D58F4A
:10B09000B625D58F5EA55E29C207C18393F7F7CF8A
:10B0A000D98F5EA96808EFF01F84B74701409387E6
:10B0B0000780B245631AF404A25756246547B38744
:10B0C000E702C206C186984163D2060406075224ED
:10B0D0004206B3D7E702130740064186B3D6E7021C
:10B0E000B3F7E7029206635506028E07938727039C
:10B0F000B3D7E70213F77700B367D700C207C1835E
:10B100001EA445616F506FC3925745BF0A07C1B770
:10B11000920793872703B3D7E702BD8BD58FF9BF7B
:10B1200091C55E250967D98F5EA582805A25F9777A
:10B13000FD17F98FD5BF93F5F51F4EA182800A2127
:10B140006D8D3335A000828013F7F50F854615838A
:10B15000B397B6006311D7025A25F98F1A2101451A
:10B160004207418381CB0545A181B315B5006D8FA1
:10B170003335E000828089466314D7001A29F1BF75
:10B180005A29E1BF83A741B09843634B0702984314
:10B19000370600304E05518F98C39843370600801C
:10B1A0004D81518F98C3C8C38CC737970240114651
:10B1B00050CB23220700DC47054523A2F1B0828053
:10B1C00001458280EF522FB58565854793850580BF
:10B1D0006318F50037150140EF20C0366F50EFB50A
:10B1E00037150140EF200037D5BFEF52CFB285476A
:10B1F000930500406318F50037150140EF208034B7
:10B200006F50AFB337150140EF20C034D5BF37F7CB
:10B21000FF1F81471307D77E99463306F7400C225C
:10B220003306F50085070CA2E399D7FE8280938749
:10B2300081B198433A9588C3828003A781B123AA3C
:10B24000E1B0B787024003A7471C25EF03A74719C2
:10B25000894763F8E706EF520FAC03D581B2F94591
:10B26000138481B2EFF0CFAD93572500858BA9C72A
:10B270004D99131605010A204182F945EFF0CFB12F
:10B28000378702408327071093E717002320F71022
:10B2900083270710858BEDFFB787024003A7471C64
:10B2A00011CB238E01B0D843B706008093C6E6FFCA
:10B2B000758FD8C36F506FA8136545004205418153
:10B2C0004DBFB787024003A7471C19CB238E01B09F
:10B2D000D843B706008093C6E6FF758FD8C3828037
:10B2E0008280EF52AFA1938481B28A209545138466
:10B2F00081B2EFF0EFA42A898A208545EFF04FA4B0
:10B300009377F901138961B2638A071483470900AF
:10B31000C1E30A208547F9452300F900A382F1B271
:10B32000EFF00FA21376C5FF420693771500418216
:10B33000A9CF136626000A20F945EFF0EFA50A20F1
:10B340008145EFF0EF9F1376E5FF42060A20418228
:10B35000136606208145EFF02FA40A208145EFF007
:10B360002F9E136635200A20420641828145EFF068
:10B37000AFA283A701B213074006B3F7E702938792
:10B380002703238AF1826F50AF9A1366160065B7C0
:10B3900005476397E70089472300F900A38201B2BC
:10B3A000938761B30387070063460706938451833D
:10B3B00094202147639AE6040A20F945EFF04F985C
:10B3C0001376350F0A20F94590A0EFF0EF9C23800B
:10B3D00004000A208145EFF0AF961376E5FF4206A0
:10B3E0000A204182136606208145EFF0EF9A0A2079
:10B3F0008145EFF0EF94136635200A204206418222
:10B400008145EFF06F9921A0130700F898A3238AD4
:10B4100001B295BF9387D1B398239306170094A3E5
:10B420009546E316D7FE1375050275F19384518393
:10B43000238007009C2011490A20F945E38027F961
:10B44000EFF00F901376350F0A2013664600F9458A
:10B4500090A0EFF06F9423802401A5BF034709005B
:10B4600085476312F708138751B21C23A1468A202F
:10B47000850793F7F70F1CA3639BD70023000700F2
:10B48000230009002146F945EFF00F91EDBDF94584
:10B49000EFF00F8B1376C5FF4206937715004182BC
:10B4A000A1C3136626000A20F945EFF0EF8E0A20AB
:10B4B0008145EFF0EF881376E5FF42060A204182CE
:10B4C000136606208145EFF02F8D0A208145EFF0AD
:10B4D0002F87136635204206418281450A206DB7C9
:10B4E00013661600C9B7138441B3834A0400138A54
:10B4F00061B383460A0093871A001307000893F785
:10B50000F70F6394E6063D476384EA001CA0A5BDDF
:10B510008A20230004002300090013845183214959
:10B520002146F945A38E01B223000A00230024011D
:10B53000EFF08F86230024018A208145EFF04F80B1
:10B540001376E5FF42068A20418213660620814574
:10B55000EFF08F848A208145EFE09FFE136635204F
:10B560004206418281458A2005B79389518303C7EA
:10B5700009001DE71147E39BEAF88A20F9452300FB
:10B580000400EFE0FFFB1376350F8A2013664600B8
:10B59000F9452380C900EFF02F802380590169BF4E
:10B5A00091466318D7023D47E392EAF68A202300CA
:10B5B000040021442146F945A38E01B2230009006D
:10B5C00023000A0023808900EFE01FFD238089000B
:10B5D000A5B71CA093074006E397FADA8A202166F4
:10B5E0008145EFE07FFB238E01B2A38E01B2238E53
:10B5F00001B0A147230004002300090023000A0032
:10B600002380F9002146F945B9BFEF42DFF0938767
:10B6100051B398231377F70F2DC303A781B183A6E6
:10B6200081B3158F9306301F63F7E6043747024056
:10B630002380070083270780138481B20A2093E7C1
:10B6400047002320F78021668145EFE0FFF4238E39
:10B6500001B2A38E01B2238A01B2238301B20A2070
:10B66000238E01B0238B01B221472146F945A38ADD
:10B67000E182EFE07FF26F405FEC1389C1B3834753
:10B680000900138441B2C1EB83C661B20547138937
:10B6900061B293844183636BD70003D581B2954532
:10B6A000EFE01FEA7D8919C123800400938781B1EF
:10B6B0009043938681B394428C20158E938681B1FA
:10B6C000138781B36361B60403460900854763119C
:10B6D000F604138601B21C42B7450300938515405A
:10B6E000B387B702B7A52600938595ECAE971CC229
:10B6F00013064006B3F7C702938727039CA09C421A
:10B700001CC3EFF01FBE1C20BDD723000400A5B74B
:10B7100093072003E5B71C209384C1B1A5C383A779
:10B7200081B103A781B3998F1307900F6378F70452
:10B7300023000400138481B20A208545EFE05FE016
:10B740009377450085EFEF5050510A2021668145DF
:10B75000EFE09FE4A38E01B2238A01B20A20238383
:10B7600001B2238B01B221472146F945230009008C
:10B7700023800400A38AE182EFE01FE29C20E38C97
:10B7800007EE03A741B183A781B1998F1307300654
:10B79000E373F7EEEFF07FAAF9BDEF42DFD7411177
:10B7A0008545414502C202C402C6EFF00FAD8D4788
:10B7B0007C82C1473EC64C008D47371501403EC4D0
:10B7C000EFE0BFF385659385058037150140EF10E5
:10B7D00070579305004037150140EF10B0564101F6
:10B7E0006F40BFD5EF423FD30145EFF0CFB14145A8
:10B7F000EFF04FAF3565EFF0EFAF0545EFF0AFB0CD
:10B800001305D003EFF02FAB65DD6F401FD3EF4280
:10B810009FD0138481B20A209545138981B2EFE04D
:10B820003FD2AA840A208545EFE09FD19377450057
:10B830002A8495C38DE03747024083270780ED9B1C
:10B840002320F7800547A38AE1B203A781B123AC87
:10B85000E1B26F409FCE2285EF5030401374440216
:10B8600093074002631AF40803550900C145EFE04D
:10B870003FCD1189B786024019E5FD888547B78617
:10B8800002406385F4069C42056713070780D98F41
:10B890009CC2B78702409843D176FD16758F98C336
:10B8A0009146238ED1B2D843B70600808506558FC6
:10B8B000D8C303A707101367170023A0E710378723
:10B8C000024083270710858BEDFF0547238EE1B0EB
:10B8D00003A781B123AAE1B0EFE07FDCB787024084
:10B8E0009C43AD83858B2388F1B0A5B79C427D77BF
:10B8F0001307F77FF98F69BF374702408327078017
:10B90000ED9B2320F7800547A38AE1B203A781B10D
:10B9100023ACE1B2E1B7EF427FBE3171379602400E
:10B92000B7067000370760005C4AF58FE39EE7FEBC
:10B9300083C7C1B39384C1B395C703D581B2F94519
:10B94000138481B2EFE0DFBF1376C5FF4206937721
:10B9500015004182638C0722136626000A20F945F0
:10B96000EFE09FC30964EFE03FD1130404713799FE
:10B9700002407D14420429454180EF50405409C4DF
:10B9800083270900858BF5F73715020013058568B5
:10B99000EFF0A0694800EFE03FAD85473EC2930756
:10B9A00000203ED6B70700023EC585669307000813
:10B9B0003ECD3707200013890680930700043784A3
:10B9C00002403AC94AD202CC02D002D802DE82C476
:10B9D00082C882CA82CC02C33ECF02D31C4893865F
:10B9E00016A0378501808D9B1CC8B245A247104028
:10B9F0001305150CCD8FB78520FF9385F5106D8E3F
:10BA0000D18F4246B7950240D18F5246D18F7246B0
:10BA1000D18F2256D18F5256D18F6256D18FD58F6A
:10BA20001CC01C40B7061000D58F1CC08647964628
:10BA3000D58FB646D58F5CC0F6471CC486575CC40C
:10BA40003656A657144CD18F4656D18F5656D18FA5
:10BA50006656D18F4166130616F4F18ED58F965631
:10BA6000C206D58F1CCC8A46F657D58F5CCC5A4679
:10BA7000BA47944DD18F3746DEF8130636F2F18E71
:10BA8000D58F8A56D58FB70620029386060CD58FA0
:10BA90009CCD93868198DC32CC22A207CD8F3CC00E
:10BAA00083C6919883C781988545A206DD8E83C79A
:10BAB000A198C207DD8E83C7B198E207D58F7CC0FD
:10BAC000B70702002328E410938707022326F41007
:10BAD000EFE03FC037A50020B7D5002093094559B6
:10BAE0000946938545FB13054559EFE01FB037A57F
:10BAF0000020B7A50020130A45521D469385455BDB
:10BB000013054552EFE09FB223A641B323A831B3FA
:10BB10001C407D771307F77FF98F1CC083C701B1E5
:10BB200091C71C4033E9270123202401B786024036
:10BB30009C4251777D17F98F9CC2EFE05FB69C2045
:10BB4000138481B2B9E70A2021668145EFE0DFA4C2
:10BB5000A38E01B2238A01B2238301B20A20238E6D
:10BB600001B0238B01B221472146F945238004000F
:10BB7000A38AE182EFE05FA205472382E1B203A737
:10BB800081B123ACE1B229616F409F9A1366160020
:10BB9000F1B30A20F945EFE0BF9A1376C5FF4206DC
:10BBA00093771500418291CB136626000A20F94550
:10BBB000EFE09F9E9C20E9F379B713661600FDB76E
:10BBC00083A7C1B01307000293F7070F639FE70035
:10BBD000B79702409C533707FE1FF98F99C7EF4272
:10BBE0009F93EFF05FD36F405F958280EF42BF92EB
:10BBF000EF507005EF50A069EFF03FA1EFF05FFC50
:10BC00006F40BF93EF423F91378702401C4B2E8419
:10BC100081458D9B1CCB50411C411443D18F3786ED
:10BC200020FF1306F610F18ED58F1445D58F54459D
:10BC3000D58F1449D58F5449D58F144DD58F544D78
:10BC4000D58F1451D58F5451D58F1455D58F545548
:10BC5000D58F1459D58F5459D58F1CC31C43B706A3
:10BC60001000D58F1CC3545D1C5DD58F3441D58F1A
:10BC70007441D58F3445D58F7445D58F3449D58FD0
:10BC80007449D58F5CC33C4D1CC77C4D5CC7305597
:10BC90007C51144FD18F4166130616F4F18ED58F67
:10BCA000745537960240D58F3459D58F7459D58F36
:10BCB0003451C206D58F1CCF745D3C5DD58F5CCFEF
:10BCC0008326450883270508184ED58FB746DEF82A
:10BCD000938636F2758FD98F03278508D98F03276E
:10BCE000C508D98F03270509D98F03274509D98F9F
:10BCF00003278509D98F0327C509D98F0327050A8B
:10BD00002285D98F1CCE2166EFE01F892146F94597
:10BD10002285EFE07F8805456F403F82EF420FFEAE
:10BD200031718545AA847165EFE05FD3854723941F
:10BD3000F1B2EFF03FAB3747024083270780096439
:10BD40001304047193E747002320F780EFE08FF09E
:10BD5000138981B2EFE05F92B79902407D144204EB
:10BD600029454180EF50A01509C483A70900858BA0
:10BD7000F5F74800EFE04FEF8567938707803ED2E5
:10BD800085473EC2930700203ED683550900B7077A
:10BD900000023EC593070008370420003ECD48004E
:10BDA0009307000422C93ECF02CC02D002D802DEA3
:10BDB00082C882C482CA82CC02C302D3EFF09FE45D
:10BDC000DC30D820B7860240A207D98FBCC2983099
:10BDD0009C203785018022075D8FBC208545130597
:10BDE000150CC2075D8FBC30E207D98FFCC2B707C4
:10BDF000020023A886109387070223A6F610EFE01F
:10BE00005F8D29616F40CFF2EF42EFF0B7970240AC
:10BE1000C04B13170401635A0702137704081DC3AC
:10BE200003A7C1B0C1461377070F6319D700F847BE
:10BE3000B7060080584714C323A407001305000861
:10BE4000EFE07F842165EFE01F849317F40063DA4D
:10BE500007029377040489C713050004EFE0BF824B
:10BE60009377140081C70545EFE0FF816358040014
:10BE7000EFF0FF9937050080EFE0FF804165EFE0CC
:10BE80009F806F408FEBEF420FE92A841305400635
:10BE9000EF504006EFE00FD423A6A1B0EFF0FF8FE4
:10BEA0003C3058202285B98F5830B98F374703006E
:10BEB00013071740B387E70237A72600130797EC4D
:10BEC000BA9723A0F1B2EFF07FE537A50020B7D5F0
:10BED0000020130445590946938545FB1305455930
:10BEE000EFE0AFF037A50020B7A50020930445523E
:10BEF0001D469385455B13054552EFE02FF323A6BE
:10BF000091B223A881B20967B7E700E023A4E71044
:10BF1000A38607446F406FE2EF42EFDF397193076A
:10BF200000603ECA9307405B3ECC856793874727F6
:10BF30003ECE930720033ED0930730103ED2B72762
:10BF4000554089073ED4B7B700009387A71E3ED659
:10BF5000B7B700009387471C3ED8B7B70000938758
:10BF600047183EDAB7573412938787672A894808FB
:10BF70002EC632C4B68402DC3EDEEF50103C2A846A
:10BF800019E92246B245A6864A85EF50F02E2A844A
:10BF90002685EFF05FEF228521616F400FDA828006
:10BFA000EF426FD7371401209304C4C9884441116C
:10BFB000EF107047DC442547FD176366F704371719
:10BFC00002008A0713078769BA979C431375F50F18
:10BFD0001304C4C9828789470E285CC4A1810DA0BF
:10BFE0000C280844EF105045A9475CC429A8084410
:10BFF0008145EF1070448D47CDBF058905C5954536
:10C000000844EF10704341016F402FD31E2C584855
:10C0100081453E97850708A3C2073A2CC1831EAC11
:10C02000E3E0E7FE0C2048407C0001478D460546D2
:10C0300002C6EF40407DB247F9D7B7E700E011678D
:10C0400023A0E720C9B7954741BF0C280844EF104B
:10C05000B03E994759BF1A2C3E2CE375F7FC5C485B
:10C060009306170016ACBA978C2359BFEF42AFCA9C
:10C07000C167011189073ECA37140120B7071800AC
:10C0800093870720AE841304C4C96C003ECC2A8970
:10C0900008C402C602C802CEEF10D02D37C6000079
:10C0A000B7C50000014789464A851306E6F993851E
:10C0B00005FAEF10B03237450040054693050006FB
:10C0C00013050580EFE0DFB83715014085651305DE
:10C0D00005C0EF102047896529469385057126859F
:10C0E000EF20400504D005616F402FC5EF42AFC27D
:10C0F000371401204111A5471304C4C95CC40CA026
:10C10000B71401402AC6EF40E02C48C0856513856E
:10C1100004C0EF10204408449945EF10F031324636
:10C120000820FD55EF40203A2A840545EF30704F36
:10C13000138504C08565EF10E04085471145631302
:10C14000F400014541016F404FBFEF42CFBC3714AF
:10C1500001204111A1471304C4C95CC40CA0B71449
:10C1600001402AC6EF40002748C08565138504C0FA
:10C17000EF10403E08449545EF10102C3246082041
:10C18000FD55EF4040342A848565138504C0EF10C7
:10C19000603B854711456313F400014541016F4041
:10C1A000CFB9EF42AFB5371401201304C4C9411110
:10C1B000B6894CC832AC18A03AC60AA8231C0400A1
:10C1C000EF404021324748C04E85BA85EFF0FFF777
:10C1D000AA840DE9371901408565130509C0EF10E0
:10C1E0006037084485478D455CC4EF10F024082073
:10C1F000FD554E86EF40202DAA848565130509C0A4
:10C20000EF104034854701456383F4001145410137
:10C210006F400FB2EF428FAE371401209307C4C9AD
:10C220002A8A8853B7440040AE8932891304C4C9AE
:10C23000EF10B066938A048089455685EFE0BFA36E
:10C2400015C9D28513850480EFE07FA20850B7445A
:10C250000040138A0480EF10506485455285EFE05A
:10C260009FA10DC113850480EFE0BFA02380A9002A
:10C27000014539A00850EF109063E37FA9FA1945F2
:10C280006F400FAB0850EF109062E378A9FCC5BF78
:10C29000EF426FA8AA843715014041118565130547
:10C2A00005C0EF10202B26869305F1001545EFF011
:10C2B0007FF69C872A84858B91C375D537150140FD
:10C2C0008565130505C0EF10E027228541016F4009
:10C2D000CFA6EF42AFA2B71401209387C4C92A8921
:10C2E000885341113684AE8A328AEF10D0303745F8
:10C2F000004001469305000613050580EFE05F95B9
:10C300002285EFF0FFF8371501408565130505C05C
:10C31000EF10402422869305F1000D45EFF09FEFCA
:10C3200022869305F10013558900EFF0BFEE1375D7
:10C33000F90F22869305F100EFF0DFEDAA8901499C
:10C340009384C4C993170901C18363FB4701B38573
:10C350002A0122860145EFF0FFEBAA8905097DD16C
:10C36000371501408565130505C0EF10A01D374541
:10C37000004005469305000613050580EFE05F8D3C
:10C380008850EF10F0534E8541016F406F9AEF4295
:10C390008F98371401404111130504C08565EF10D3
:10C3A000601B05469305F1001945EFF0BFE6AA842E
:10C3B0000545EF403034130504C08565EF10801843
:10C3C000268541016F406F97EF424F932A843715BE
:10C3D00001404111130505C02E8A8565B684B289D6
:10C3E000EF10401726869305F1000945EFF09FE214
:10C3F00026869305F10013558400EFF0BFE1137515
:10C40000F40F26869305F100EFF0DFE02A8901445E
:10C4100093170401C18363FD3701B3078A008823A2
:10C4200026869305F100EFF0FFDE2A8905046DD121
:10C43000371501408565130505C0EF10A0104A852A
:10C4400041016F40EF8EEF428F8A2A8C37450040C2
:10C45000B2842E8B01469305000613050580368AAB
:10C46000EFE00FFF33079C00A167114963C9E7069E
:10C47000BDC48149930B0004B71A01205285EFF027
:10C480003FE19377FC03B387FB40C207C1833E843F
:10C4900063F3F4002684420441802286B3053B0105
:10C4A00013850ACCEFD0104B5285EFF05FEE2A894E
:10C4B0001DE5D286228693850ACC6285EFF0DFF0F7
:10C4C0002A8911ED818CA299C2046294C209131CBD
:10C4D0000401C18093D90901135C0C01C5F03745F3
:10C4E000004005469305000613050580EFE04FF672
:10C4F0004A856F404F83EF426F8037140120130449
:10C50000C4C94111B6894CC832AC18A03AC60AA8B1
:10C51000231C0400EF30106C324748C04E85BA85AA
:10C52000EFF0BFC2AA840DE93719014085651305F4
:10C5300009C0EF1020020844914789455CC4EF1000
:10C54000A06F0820FD554E86EF30F077AA848565F0
:10C55000130509C0EF00107F854701456383F40090
:10C56000114541016F30DFFCEF327FF8BA8BA167D4
:10C570003307C50063C1E7082A893284114535CAEB
:10C580002E8B368A8149130C0004B71A0120937749
:10C59000F903B307FC40C207C183BE846373F40090
:10C5A000A284C204C180B3053B01268613850ACC50
:10C5B000EFD0503ADE855285EFF03FB91DE989454D
:10C5C0005285EFF0BFB215E50947D28626869385DE
:10C5D0000ACC4A85EFF03FF209ED058CA69942049A
:10C5E0002699C2094209418093D9090113590901C9
:10C5F00059FC6F305FF31145EDBF9E2141112AC4F4
:10C600003EC6B24722479306C00DB387D7029306B2
:10C6100040023307D702BA97A183C207C1837C8344
:10C620003C8328839EA1410182809E2141112AC41E
:10C630003EC63247A24693070010918FB387D702B8
:10C640003306E602B297A183C207C1837C833C8391
:10C6500028839EA141018280B7170120938707D1CB
:10C6600023A0070023A2070023940700B717012087
:10C67000938707D023A0070023A2070023A4070065
:10C6800023960700239F01B28280938741B423A0A1
:10C69000070023A20700239001B482809147D3872B
:10C6A00005F063E7A702931715003715012013055E
:10C6B00005D13E951C21A9C314313717012013075A
:10C6C0000719B697FD17C207C183B14563F5D700B7
:10C6D000D30700F015A06389F6003386B7023A96B7
:10C6E00018625306F7A001CEB146B387D702BA97B6
:10C6F000D4639867C3F7D770538507E08280FD172E
:10C70000C207C183E1B785476383F504371701206A
:10C710000605130707D12A971C2385E79386E1B303
:10C720009E221306400605453388B7006342060380
:10C730001CB3FD171386F5FFAE9710A39EA201450B
:10C740008280FD1501456385B700094582800D454E
:10C75000828085476382F5040605938741B4AA97D2
:10C7600098230DE703D701B49306000505452E97DE
:10C7700063C5E6021387F5FF9386E1B398A39A2277
:10C78000014598B37D172E979AA28280FD15014529
:10C790006305B700094582800D4582808D47D387A8
:10C7A00005F063E5A70293171500138541B43E9584
:10C7B0001C21A9C31431371701201307C7D1B6971D
:10C7C000FD17C207C183B14563F5D700D30700F059
:10C7D00015A06389F6003386B7023A9618625306AD
:10C7E000F7A001CEB146B387D702BA97D463986752
:10C7F000C3F7D770538507E08280FD17C207C18356
:10C80000E1B7530606F0D30707F0D38607F0538746
:10C8100006F0D3F5D708D3F6C6105375E608C7F768
:10C82000E7685377C708D3F5A518D3F7E7180CE1E5
:10C830009CE182809317150037150120130505D15F
:10C840003E951C216378F604EF32FFCC0031B147EE
:10C850002E8922961314060141803304F402032723
:10C860000900832789008326C90003264900B714DD
:10C870000120938404199305840013054400269530
:10C88000A695EFF01FF88727C900269401451CE004
:10C890006F30BFCA0945828093171500138541B4D4
:10C8A0003E951C21850763C3C702EF325FC4371A68
:10C8B00001200149AE8A9309F6FFAA84B14B130AFD
:10C8C000CAD16347390101456F30FFC509458280F0
:10C8D000803093163900338BDA004A9433047403A2
:10C8E000A106D6969C4203270B00D44203264B0098
:10C8F00005091379F90F9305840013054400D295B7
:10C900005295EFF01FF087274B0052941CE055BF63
:10C91000B1473305F502B7170120938707693E95A4
:10C920009C45230005001CC501458280B1473305A5
:10C93000F502B717012093870769AA978CA30145D1
:10C9400082803717012013070769130607038547FD
:10C950000C23142181CDDD8E860714A193F7F70FE8
:10C9600091E385473107E315E6FE828093C5F7FF23
:10C97000ED8EDDB7B1473305F502B7170120938778
:10C980000769AA9788238280F1473305F502B71714
:10C99000012093874760D8413E959C4958C17D1737
:10C9A0001CC9DC453337E00058A95CC59C4D230BFE
:10C9B0000500232405001CCD01458280EF321FB401
:10C9C000371401201304446081448949130A400646
:10C9D000854A15495C40638537071C4C268582973C
:10C9E0007828630CA7041C4485071CC429E7184851
:10C9F0006379F7005C4068A893C7F7FF858BA98F20
:10CA00005CA8850493F4F40F7104E39524FD3714B6
:10CA10000120130404698144114958401C440C202E
:10CA200019E393B515002685850482973104E396B2
:10CA300024FF6F30FFAF584465BF23240400D1B7F3
:10CA40005C28850793F7F70F638447015CA855BFFF
:10CA50001C40230A0400985B6315570123A80702B2
:10CA60004DB723A6070271BFF1473305F502B7178B
:10CA7000012093874760AA97C82B8280B7170120AF
:10CA800093874760938647F7014503C74708060524
:10CA90009117058B598DE39AF6FE82803717012096
:10CAA000130747601306C70885474C2B142181CD17
:10CAB000DD8E860714A193F7F70F91E38547710781
:10CAC000E315E6FE828093C5F7FFB3E6B60293F660
:10CAD000F60FC5B7EF323FA4B717012083A7876CC5
:10CAE00041114886CC86AA972380070003A501B58B
:10CAF0002E8481467D566C00EF200051930700087C
:10CB00006314F40023A601B441016F301FA3138501
:10CB100001B58280B717012003D5C76C8280EF3240
:10CB20009F9F3E29371401201304046C3EA85C49E2
:10CB30000349050054455CC81C451829AA844A8647
:10CB40003E8581451CC454C418A823002401EF303D
:10CB50009F9FD8404A86814558C0EF30DF9E03A58D
:10CB600001B58145EF20203301456F301F9DEF3225
:10CB7000FF98B714012001449384046C0549894946
:10CB8000094A9C20636DF400B62881CA9387C1B41A
:10CB90009843050763E9E60698C36F307F99DC4840
:10CBA0002285829763112503DC40A297982301CB4D
:10CBB00023800700930500042285EFF0BFF10504F0
:10CBC0001374F40F7DBF984422971C23850793F7B5
:10CBD000F70F1CA3D8402297142389EA9428E3E096
:10CBE000D7FE2300270193050008F9B7F03463E46A
:10CBF000C70063872601F024E3E3C7FCE39146FD09
:10CC000023003701CDB793050002014523A007009B
:10CC1000EFF05FEC59B7EF321F9005E5B717024010
:10CC2000984F1367072098CFD84713670720D8C7B6
:10CC3000D8471377F7DFD8C73165EFD03FC76F30DC
:10CC4000DF8F8547E31AF5FEB7170240984F136749
:10CC5000074098CFD84713670740D8C7D8471377FE
:10CC6000F7BFD1BFEF323F8B131725009387019396
:10CC7000BA978043370700FC7D171C44AA8493E7CA
:10CC800017001CC45C40F98F5CC01C4493E787000C
:10CC90001CC42285EFD04FC76DFD1C4493E74700AD
:10CCA0001CC42285EFD0CFC66DFD2285EFD08FD773
:10CCB00086049387C1B5A6978AA36F301F880A059B
:10CCC00093870193AA979C43E8474205418182805C
:10CCD00031712AD7372501402ED506DF16DD1ADB44
:10CCE0001ED932D336D13ACF3ECD42CB46C972C7D8
:10CCF00076C57AC37EC182FE86FC8AFA8EF892F6E9
:10CD000096F49AF29EF0A2EEA6ECAAEAAEE8B2E69B
:10CD1000B6E4BAE2BEE0930500221305054042FEE8
:10CD200046FC4AFA4EF852F656F45AF25EF062EEBB
:10CD300066EC6AEA6EE872E676E47AE27EE0EFD0CC
:10CD4000AFCC01C583A741B5829737350140930524
:10CD5000002213050580EFD02FCB01C583A781B535
:10CD60008297FA50EA525A53CA533A55AA551A565C
:10CD70008A567A47EA475A48CA483A4EAA4E1A4F44
:10CD80008A4F7670E6705671C6713672A672167347
:10CD900086737664E6645665C6653666A66616676B
:10CDA00086677278E2785279C279327AA27A127BF7
:10CDB000827B726CE26C526DC26D326EA26E126F2B
:10CDC000826F29617300203006059387C1B5AA9749
:10CDD000839707000145AE9763C0070291CD856632
:10CDE0001387F6FF3A8563D9D7002E856386E50061
:10CDF00013950701418182808280EF322FF001116B
:10CE0000AA842E8AB28A8145130600020A85B68951
:10CE1000EF306FF32685EFF01FE085473EC2139792
:10CE2000240093870193BA9780438A8502C02285A4
:10CE300002C44EC602C8230A410102CC02CE3719F1
:10CE40000200EFD0AFA581471309096C6395470332
:10CE5000B7070E00638FF9021C4437071000D98F03
:10CE60001CC41C44268593E707101CC4EFF09FDF09
:10CE700005616F30EFEB138B1700D6979C23894623
:10CE80001376FB0FCA978C232285EFD06FAADA871F
:10CE900075BF1C443707F0FF7D17F98FD1B7EF320C
:10CEA000EFE57971AA842E8A3289B6893AC6EFF005
:10CEB0009FD6324713942400138641B5229618C298
:10CEC0008145130600020808EF30EFE7854723028B
:10CED000F10293870193A297804352CEB7070E00C9
:10CEE000630DFA021C4437071000D98F1CC40C08CC
:10CEF0002285EFD0AF9A4E86CA8513052002EF0037
:10CF0000F0060546930500222285EFD08F9E2685E8
:10CF1000EFF05FD545616F30AFE11C443707F0FF9C
:10CF20007D17F98FE1B7EF320FDF2A843705002034
:10CF3000EF0050001C40814501451397270093875F
:10CF40008183BA97944318445C40D98F5844D98F51
:10CF50001848D98FB397D700377700402320F74080
:10CF6000032607408547B397D700D18F2320F7408A
:10CF7000EFD06FC46F306FDCEF32EFD913142500A0
:10CF80000945411133158500EFD04FCB8547631F0D
:10CF9000F500B71701209387876DA2979C432AC697
:10CFA0008297324533158500EFD00FCA41016F30AB
:10CFB000CFD8B70700200A059387877FAA979443A5
:10CFC000416779179C42F98F9CC28280EF320FD360
:10CFD00004413D49994741112A84AE89331999008A
:10CFE00063E4970A371702405C4B93E717005CCB6A
:10CFF000370702405C4333E92701232227015C44C1
:10D00000CDC705476386E70A8567930A0020138921
:10D010000780B7150120139724009385856DBA9575
:10D0200094C126853A8A32C4EFF0BFF83707002052
:10D030000C481307877F5C4052971843CD8F0C44F0
:10D040001443B3E75701CD8FE175BD05ED8ED58F44
:10D05000B3E7270193E707081CC35E2C2246CE8561
:10D060005CC35C481385B4011CC71C4C5CC71C43E3
:10D0700093E727001CC3994763F4970013851404B2
:10D08000F52541016F30CFCA8545094536C632C402
:10D09000EFD0DF9CB707024003A74740B2462246C5
:10D0A0003369270123A2274199BF814A014995B7D6
:10D0B000930A001013090040A9BFB70700200A0512
:10D0C0009387877FAA9798431C4393E717001CC355
:10D0D0008280B70700200A059387877FAA979C4321
:10D0E000CCC38280317106DF16DD1ADB1ED92AD748
:10D0F0002ED532D336D13ACF3ECD42CB46C972C7B8
:10D1000076C57AC37EC182FE86FC8AFA8EF892F6D4
:10D1100096F49AF29EF0A2EEA6ECAAEAAEE8B2E687
:10D12000B6E4BAE2BEE0014542FE46FC4AFA4EF8D9
:10D1300052F656F45AF25EF062EE66EC6AEA6EE877
:10D1400072E676E47AE27EE0EFF01FE3FA50EA520C
:10D150005A53CA533A55AA551A568A567A47EA4735
:10D160005A48CA483A4EAA4E1A4F8A4F7670E6700D
:10D170005671C6713672A672167386737664E6644B
:10D180005665C6653666A666166786677278E27863
:10D190005279C279327AA27A127B827B726CE26C0B
:10D1A000526DC26D326EA26E126F826F2961730072
:10D1B0002030317106DF16DD1ADB1ED92AD72ED5B5
:10D1C00032D336D13ACF3ECD42CB46C972C776C5AF
:10D1D0007AC37EC182FE86FC8AFA8EF892F696F4B5
:10D1E0009AF29EF0A2EEA6ECAAEAAEE8B2E6B6E4A7
:10D1F000BAE2BEE0054542FE46FC4AFA4EF852F657
:10D2000056F45AF25EF062EE66EC6AEA6EE872E696
:10D2100076E47AE27EE0EFF03FD6FA50EA525A53D3
:10D22000CA533A55AA551A568A567A47EA475A486F
:10D23000CA483A4EAA4E1A4F8A4F7670E670567117
:10D24000C6713672A672167386737664E664566586
:10D25000C6653666A666166786677278E278527982
:10D26000C279327AA27A127B827B726CE26C526D46
:10D27000C26D326EA26E126F826F29617300203010
:10D28000317106DF16DD1ADB1ED92AD72ED532D32F
:10D2900036D13ACF3ECD42CB46C972C776C57AC3A6
:10D2A0007EC182FE86FC8AFA8EF892F696F49AF295
:10D2B0009EF0A2EEA6ECAAEAAEE8B2E6B6E4BAE2C6
:10D2C000BEE00D4542FE46FC4AFA4EF852F656F4D0
:10D2D0005AF25EF062EE66EC6AEA6EE872E676E4B6
:10D2E0007AE27EE0EFF05FC9FA50EA525A53CA532D
:10D2F0003A55AA551A568A567A47EA475A48CA48AA
:10D300003A4EAA4E1A4F8A4F7670E6705671C67121
:10D310003672A672167386737664E6645665C665C1
:10D320003666A666166786677278E2785279C279A1
:10D33000327AA27A127B827B726CE26C526DC26D81
:10D34000326EA26E126F826F2961730020303171CC
:10D3500006DF16DD1ADB1ED92AD72ED532D336D1F9
:10D360003ACF3ECD42CB46C972C776C57AC37EC19D
:10D3700082FE86FC8AFA8EF892F696F49AF29EF075
:10D38000A2EEA6ECAAEAAEE8B2E6B6E4BAE2BEE0E5
:10D39000114542FE46FC4AFA4EF852F656F45AF24D
:10D3A0005EF062EE66EC6AEA6EE872E676E47AE2D5
:10D3B0007EE0EFF07FBCFA50EA525A53CA533A5516
:10D3C000AA551A568A567A47EA475A48CA483A4EE0
:10D3D000AA4E1A4F8A4F7670E6705671C671367231
:10D3E000A672167386737664E6645665C6653666FD
:10D3F000A666166786677278E2785279C279327AC1
:10D40000A27A127B827B726CE26C526DC26D326EBC
:10D41000A26E126F826F29617300203093F70601AC
:10D4200013F8F60099C33368C80093F7F50FB9C332
:10D430001C410147854E3D4F930F800293028004AB
:10D44000214E3396EE00B3F8C5006311160393180E
:10D45000270033131F011343F3FFB377F300B3180F
:10D460001801B3E7F800639FF60550C90507E31AF2
:10D47000C7FD1CC19307F00F63F5B704584121465F
:10D48000854E3D4F930F800293028004414EB39826
:10D49000CE00B3F715016392F802931726008117A7
:10D4A0003313FF001343F3FF3377E300B317F800A0
:10D4B0005D8F639DF601232A15010506E319C6FD5C
:10D4C00058C18280E39456FA10C94DB7E39756FECF
:10D4D00023281501DDB7EF320F84C1460D46EFF06A
:10D4E000FFF36F308F85EF320F8381460D46EFF0EB
:10D4F000FFF26F308F84EF320F8291460D46EFF0CE
:10D50000FFF16F308F83EF320F8141112A84AE8497
:10D5100009CE371702401C4F36C6854593E71700E2
:10D520001CCF3285EFD06FA9B2460D46A685228565
:10D53000EFF0DFEE41016F304F8008456D8D3335E0
:10D54000A00082800CC982804CC58280484542057B
:10D55000418182804CC98280EF22FFFB1145CD2A98
:10D560002145FD224145ED2213050002D522130578
:10D570000004F92A6F207FFCEF22FFF90111AA8431
:10D580002E8459E93705200075226800EFD0AFB529
:10D59000D24737470F001307072433D7E7028A041F
:10D5A000138581932695144161651305056A9315CA
:10D5B0000701C181CEA2922242064182799A420697
:10D5C000418292A21040636FC5040606B3D7C7021A
:10D5D0001146139707014183BA876373C7009147C8
:10D5E0008505C205C207C181C1838EB2DEAE9E220F
:10D5F0005A20322493E717009EA29E22518FC20721
:10D60000C18393F757BFD98F9EA21A245E24D98F66
:10D610009EA605616F207FF28547E318F5F6370572
:10D6200040009DB76A20B165FD15631DB5028D45AB
:10D630003306B602B3D7C702C207C18313964701A8
:10D6400019E293E717002166D18F1306C012330742
:10D65000C7021306803E3347C702050742074183CE
:10D660009AB269B7E5453306B602B3D7C702116669
:10D67000C207C183D18FD9B70A0593878193AA972F
:10D680009C438A2B1375F50F82800A05938781933B
:10D69000AA979C43CA2B82800A0593878193AA97F5
:10D6A0009C438A2F82800A0593878193AA97984387
:10D6B0001E2393E717001EA382800A059387819398
:10D6C000AA9798431E2393E707201EA382800A058A
:10D6D00093878193AA9798431E2393E707101EA36D
:10D6E00082800A0593878193AA979C438EAB8280A0
:10D6F0000A0593878193AA979C4393F5E50F8EAB18
:10D7000082800A0593878193AA979C4393E515002D
:10D7100093F5F50F8EAB82800A0593878193AA97C4
:10D7200098431E23C207C18393F7F7BFC207C18383
:10D730001EA38280B7170240D84F498FD8CF984B8D
:10D74000498F98CB984B1345F5FF798D88CB828014
:10D75000B7170240984F498F98CFD847498FD8C7FD
:10D76000D8471345F5FF798DC8C7828037E700E0B9
:10D770009605B307A70093F5F50F2380B74093579D
:10D7800055009387070485468A07B396A600BA9783
:10D7900094C382809377350099EF1307400633775F
:10D7A000E502854719E7930700193375F5029337AA
:10D7B00015003E8582808147EDBFEF223FD43714AC
:10D7C00002405C4C37070018AE89D98F5CCC3777A4
:10D7D00000401C43328AAA8493E707101CC3EFD091
:10D7E0004FB91C5041672A89D98F1CD01C504177F2
:10D7F0007D17F98F1CD00545EFD06F8C0144930A3B
:10D80000A00F13051004EFD00FAB01ED631454010A
:10D810006F201FD2050451451374F40FEF30806D53
:10D82000CDB79307A00FE305F4FEB7170240985356
:10D8300021641367071098D39853418F98D3EFD082
:10D840004FBCEFD00FBDEFD0CFBB1305F4FFEFD02F
:10D850006FB8EFD00FBBEFD04FB0373700408357D2
:10D8600007805286CE8593E717002310F7804D4539
:10D87000EFF0DFEF4A85EFD02FB337150200130525
:10D88000456D23A091B6EFD0407A59B7557122DF8C
:10D890003ED386C7B737004096C59AC39EC12ADDDE
:10D8A0002EDB32D936D73AD542D146CF72CD76CBA0
:10D8B0007AC97EC782FE86FC8AFA8EF892F696F4C2
:10D8C0009AF29EF0A2EEA6ECAAEAAEE8B2E6B6E4C0
:10D8D000BAE2BEE01384078083D7078042FE46FC8D
:10D8E0004AFA4EF852F656F45AF25EF062EE66ECE0
:10D8F0006AEA6EE872E676E47AE27EE0858B99CB9E
:10D9000083A701B682975E20C207C183F99BC20735
:10D91000C1835EA0EFD0EFAE7A54BE40AE421E434C
:10D920008E436A55DA554A56BA562A579A570A58B4
:10D93000FA486A4EDA4E4A4FBA4F7670E670567120
:10D94000C6713672A672167386737664E66456657F
:10D95000C6653666A666166786677278E27852797B
:10D96000C279327AA27A127B827B726CE26C526D3F
:10D97000C26D326EA26E126F826F696173002030C9
:10D98000EF227FB92A84EFD0CF9ED56793870718FF
:10D990003375F5028567938707E13357F5023375D1
:10D9A000F5029307C00318A03357F5023375F5024B
:10D9B00018B028A06F207FB8EF227FB35564AA89E2
:10D9C00013040418EFD0EF9A335485029304207B9C
:10D9D0001309C016130AD016637089022685EFF06A
:10D9E0007FDB850439C163074401130424E9C204C1
:10D9F000C180DDB7C204C180371A020001496D4BF6
:10DA0000130A0A6E854B714C930A190063628B02EC
:10DA100093074006B3F4F402050423A259012384BA
:10DA20008900A38499006F201FB0130434E9C1B7A3
:10DA30002685EFF03FD619C9631A7901E30A84FD00
:10DA40000D1413990A01135909017DBF5299834797
:10DA50000900E36FF4FA1D8CEDB7EF22DFABAA8467
:10DA6000EFD02F91D567938707183355F5028020A3
:10DA70000567130707E19306C0033304E4029830F7
:10DA80003307D702B307F502A8203A942A94054534
:10DA90003E94EFC05FE02285EFD00F91EFD06F96FC
:10DAA00005456F209FA9EF229FA42A84EFD06F8C99
:10DAB000834994009307300663EC370BB73AE101D2
:10DAC000378BE2012A8A81441309207B938A0A3822
:10DAD000130B0B50938BF97C4A85EFF0BFCB2DC510
:10DAE000DA940509420913590901E3D72BFF832A68
:10DAF0004400B71B0200556BFD1A23225401014953
:10DB0000938B0B6E130B0B189389097D054C636F78
:10DB1000590300245565130505187D143304A40228
:10DB200085453375AA022A9437050018EFC0DFF641
:10DB30000545EFC05FD626942285EFD0EF86EFD063
:10DB40004F8C01456F203F9ED69461BFB3872B0158
:10DB50009C234E85B3876703BE94EFF0BFC301C516
:10DB600063138901DA94050942091359090145B77C
:10DB70000545C9BFEF223F9AAA842E8429E5056591
:10DB8000EFF01FBDB7170020938707838A04362460
:10DB9000BE941E249840D58F5440D58F5624D58FDF
:10DBA0007624D58F1628D58F1440D58F93E747104C
:10DBB000C207C1831EA35E2F93F747105EAF3E28B6
:10DBC0001EAB6F209F97854711656386F4008947D8
:10DBD000E39AF4FA2165EFF0FFB56DB7EF22BF933A
:10DBE00085472A846315F5022E89B284B6853A8664
:10DBF00013054003EFF09FB763060900B717012034
:10DC000023AC277189C4B717012023AE977037154D
:10DC100000200A0413050583229508418545EFD0AD
:10DC20008F816F209F91B71700200A059387078384
:10DC3000AA979C43CA278280B71700200A059387BA
:10DC40000783AA979C43CEA7828031712AD7374594
:10DC500000402ED506DF16DD1ADB1ED932D336D1B1
:10DC60003ACF3ECD42CB46C972C776C57AC37EC194
:10DC700082FE86FC8AFA8EF892F696F49AF29EF06C
:10DC8000A2EEA6ECAAEAAEE8B2E6B6E4BAE2BEE0DC
:10DC9000930510071305058042FE46FC4AFA4EF82C
:10DCA00052F656F45AF25EF062EE66EC6AEA6EE8FC
:10DCB00072E676E47AE27EE0EFC09FFC11C5B7170A
:10DCC000012083A7C771829737450040930500065E
:10DCD00013050580EFC0DFFA11C5B717012083A730
:10DCE00087718297FA50EA525A53CA533A55AA5545
:10DCF0001A568A567A47EA475A48CA483A4EAA4EAE
:10DD00001A4F8A4F7670E6705671C6713672A672D7
:10DD1000167386737664E6645665C6653666A666CF
:10DD2000166786677278E2785279C279327AA27A77
:10DD3000127B827B726CE26C526DC26D326EA26E8F
:10DD4000126F826F2961730020309306F5FF9547AB
:10DD500063FDD702A1473707100063EAA7009317B6
:10DD60002500371502001305C56E3E951841B717FB
:10DD70000240D447D98ED4C7D0479346F7FFF18EDF
:10DD8000D4C7944F558F98CF8280130700026386C3
:10DD9000F60093870194B6979823B7170240944BE7
:10DDA000D98E94CB904B9346F7FFF18E94CBD44F02
:10DDB000558FD8CF8280EF220FF6B71702001317C6
:10DDC000250093870771BA9784432A848545268561
:10DDD000EFD00FA78547631EF50051453304A40219
:10DDE000371501201305857222955C458297F957F6
:10DDF0009EA86F208FF4B71702000A05938707715A
:10DE0000AA979C43239207029A23136717009AA3A9
:10DE10008280EF224FF0B71702000A05938707713F
:10DE2000AA978843C205C181EFD00FA06F20EFF001
:10DE3000317106DF16DD1ADB1ED92AD72ED532D373
:10DE400036D13ACF3ECD42CB46C972C776C57AC3EA
:10DE50007EC182FE86FC8AFA8EF892F696F49AF2D9
:10DE60009EF0A2EEA6ECAAEAAEE8B2E6B6E4BAE20A
:10DE7000BEE00D4542FE46FC4AFA4EF852F656F414
:10DE80005AF25EF062EE66EC6AEA6EE872E676E4FA
:10DE90007AE27EE0EFF03FF2FA50EA525A53CA5368
:10DEA0003A55AA551A568A567A47EA475A48CA48EE
:10DEB0003A4EAA4E1A4F8A4F7670E6705671C67166
:10DEC0003672A672167386737664E6645665C66506
:10DED0003666A666166786677278E2785279C279E6
:10DEE000327AA27A127B827B726CE26C526DC26DC6
:10DEF000326EA26E126F826F296173002030317111
:10DF000006DF16DD1ADB1ED92AD72ED532D336D13D
:10DF10003ACF3ECD42CB46C972C776C57AC37EC1E1
:10DF200082FE86FC8AFA8EF892F696F49AF29EF0B9
:10DF3000A2EEA6ECAAEAAEE8B2E6B6E4BAE2BEE029
:10DF40001D4542FE46FC4AFA4EF852F656F45AF285
:10DF50005EF062EE66EC6AEA6EE872E676E47AE219
:10DF60007EE0EFF05FE5FA50EA525A53CA533A5551
:10DF7000AA551A568A567A47EA475A48CA483A4E24
:10DF8000AA4E1A4F8A4F7670E6705671C671367275
:10DF9000A672167386737664E6645665C665366641
:10DFA000A666166786677278E2785279C279327A05
:10DFB000A27A127B827B726CE26C526DC26D326E01
:10DFC000A26E126F826F296173002030317106DFFB
:10DFD00016DD1ADB1ED92AD72ED532D336D13ACF49
:10DFE0003ECD42CB46C972C776C57AC37EC182FE9A
:10DFF00086FC8AFA8EF892F696F49AF29EF0A2EED9
:10E00000A6ECAAEAAEE8B2E6B6E4BAE2BEE0114592
:10E0100042FE46FC4AFA4EF852F656F45AF25EF0C8
:10E0200062EE66EC6AEA6EE872E676E47AE27EE038
:10E03000EFF07FD8FA50EA525A53CA533A55AA55CC
:10E040001A568A567A47EA475A48CA483A4EAA4E5A
:10E050001A4F8A4F7670E6705671C6713672A67284
:10E06000167386737664E6645665C6653666A6667C
:10E07000166786677278E2785279C279327AA27A24
:10E08000127B827B726CE26C526DC26D326EA26E3C
:10E09000126F826F296173002030B71702000A05E2
:10E0A00093870771AA979C43239207028280B71730
:10E0B00002000A0593870771AA979C43CA3382809E
:10E0C000B71702000A0593870771AA9798431E2382
:10E0D000C207C183F99BC207C1831EA38280B71701
:10E0E00002001317250093870771BA979C439A275C
:10E0F00042074183619B420741839AA751473306F8
:10E10000E50296233717012013078772C206C182E2
:10E1100093F6F6C832975223D18E96A316233A234C
:10E12000D6B79AB709E537370140231807C2054724
:10E13000DAAB8280EF222FBE41112A842EC632C470
:10E14000EFF0BFC0B24503A78182D147B306F40206
:10E150002246B71701209387877222853357B7026B
:10E16000B69792A3BAA3EFF09FF741016F20EFBCDF
:10E17000EF226FBA01112A843AC83EC62ECE32CCA5
:10E1800036CAEFF09FBC5145B308A402624637156A
:10E19000012013058572F245D246469512A103A8C7
:10E1A000818254C5231205003358B802231105019A
:10E1B0002285EFF0DFF2B7160200131624009386D3
:10E1C0000671B29694427956B24792AACA2642473D
:10E1D00013651500CAA68D461305E0026309D40035
:10E1E0009146130520046304D4001305C0033E8642
:10E1F000BA85EFF0AFD705616F202FB4EF22AFB132
:10E2000001112A84B6842EC632C402C802CA02CCC6
:10E2100002CEEFF09FB3D1473307F4022246B24556
:10E22000B717012013190601938787721359090143
:10E2300022850A043306B602BA9783A58182239009
:10E2400027012392070033D6C502B2A3EFF03FE9BE
:10E25000C1673715020093870707130505713EC88C
:10E260002295231B2101231C010093F71400004178
:10E2700089CB0C082285EFC0DFAD81452285EFC038
:10E280003FD693F7240089CB0C082285EFC09FB4BA
:10E2900081452285EFC0BFD593F7440089CB0C0898
:10E2A0002285EFC01FBE81452285EFC0BFD5A18862
:10E2B00089C80C082285EFC09FC781452285EFC021
:10E2C0005FD51E20216793E707081EA083574404EB
:10E2D000D98F2312F40405616F202FA6EF22AFA37C
:10E2E000B71702000A0593870771AA978043A167B1
:10E2F000FD1703574404411102C27D8F2312E40429
:10E300000357440402C402C6F98F2312F404C16700
:10E31000938707073EC089477C84708393F7150075
:10E32000AE8489C78A852285EFC0BFA293F72400F7
:10E3300089C78A852285EFC0FFA993F7440089C762
:10E340008A852285EFC0FFB3A18889C48A8522858A
:10E35000EFC0FFBD835744042167D98F2312F40413
:10E3600041016F208F9DB71702000A05938707713F
:10E37000AA979843A16683574704D58F2312F704C1
:10E380008280EF22AF97854741112A842E8A3289F5
:10E39000B684BA896304F50415CD89476305F5048D
:10E3A0008D476305F504B1477C85B7170020938737
:10E3B000C7830A043E9408408A8552C02312310163
:10E3C00023132101648423160100EFC0BFC941015A
:10E3D0006F200F961165EFF0AFB7F1B73705020068
:10E3E000EFF04FB5C9B737050400DDBF37050800AA
:10E3F000C5BFB71700200A059387C783AA9798431C
:10E4000089665E27D58F5EA78280EF22CF908547F1
:10E410002E89B2842A84B6853A866300F5028D4738
:10E420006302F502371501200E041305C57D229500
:10E430002320250144C16F204F9013056003EFF0A6
:10E44000EFB2CDB713054004DDBFB71700200A05B2
:10E450009387C783AA979C43CEA3DA271367070441
:10E46000DAA7828023A2B1B6B71700200A059387E6
:10E47000C783AA9798435E2793E707025EA7828027
:10E48000B71700200A059387C783AA9798435E278A
:10E49000C207C18393F7F7FDC207C1835EA78280DD
:10E4A000EF22CF85371400201309C4839319250068
:10E4B0004E99AA8403250900930560621304C4835E
:10E4C000EFC09FC88547631BF5020325090093052C
:10E4D0006062EFC07FC7032709005E27C207C183C0
:10E4E00093F7F7FBC207C1835EA737170120939705
:10E4F00034001307C77DBA97DC4382974E940840D7
:10E5000093055052EFC05FC48547631FF5001C4060
:10E51000371501208E04DA2383A741B61305C57D84
:10E52000269598A31C4182976F208F80317106DF5A
:10E5300016DD1ADB1ED92AD72ED532D336D13ACFE3
:10E540003ECD42CB46C972C776C57AC37EC182FE34
:10E5500086FC8AFA8EF892F696F49AF29EF0A2EE73
:10E56000A6ECAAEAAEE8B2E6B6E4BAE2BEE0054539
:10E5700042FE46FC4AFA4EF852F656F45AF25EF063
:10E5800062EE66EC6AEA6EE872E676E47AE27EE0D3
:10E59000EFF01FF1FA50EA525A53CA533A55AA55AE
:10E5A0001A568A567A47EA475A48CA483A4EAA4EF5
:10E5B0001A4F8A4F7670E6705671C6713672A6721F
:10E5C000167386737664E6645665C6653666A66617
:10E5D000166786677278E2785279C279327AA27ABF
:10E5E000127B827B726CE26C526DC26D326EA26ED7
:10E5F000126F826F296173002030317106DF16DDE2
:10E600001ADB1ED92AD72ED532D336D13ACF3ECDFA
:10E6100042CB46C972C776C57AC37EC182FE86FCEC
:10E620008AFA8EF892F696F49AF29EF0A2EEA6EC92
:10E63000AAEAAEE8B2E6B6E4BAE2BEE00D4542FEB2
:10E6400046FC4AFA4EF852F656F45AF25EF062EE82
:10E6500066EC6AEA6EE872E676E47AE27EE0EFF073
:10E660003FE4FA50EA525A53CA533A55AA551A5639
:10E670008A567A47EA475A48CA483A4EAA4E1A4F2B
:10E680008A4F7670E6705671C6713672A67216732E
:10E6900086737664E6645665C6653666A666166752
:10E6A00086677278E2785279C279327AA27A127BDE
:10E6B000827B726CE26C526DC26D326EA26E126F12
:10E6C000826F2961730020301567B7370040130748
:10E6D000575598C31147D8C30567130707FA98C75A
:10E6E0002D671307A7AA98C335671307C7CC98C32C
:10E6F0008280AD67373700409387A7AA1CC382800A
:10E70000938781B79843636DA702D043B386C70050
:10E710006316D50054413E85B296D4C35041B3062A
:10E72000C500631AD70083A681B66306D700544399
:10E730001843B29654C118C16303F50088C38280A0
:10E74000BA87C9B749CDEF121FDD032745FF83A75D
:10E75000C1B62A84B376F7009DE2A167938707804C
:10E760007390073037160200371502001306467300
:10E77000930540121305C575EFC0207901A08326CB
:10E7800005FF9DC2A16793870780739007303716F6
:10E790000200371502001306467393055012130545
:10E7A000C575EFC0807601A093C7F7FFF98F232AC4
:10E7B000F5FEEF10C02C938701B79443032744FF65
:10E7C000130504FF369798C3EFF09FF3938741B783
:10E7D0009843050798C3EF10A0436F101FD682809F
:10E7E000B7E700E041572387E7402386E740B7F7C4
:10E7F00000E023A0070023A20700814694C7014739
:10E80000D8C783A581821307803E814633D6E502AF
:10E810003D4790CBD4CB98C38280EF12DFCF41111C
:10E8200002C6F32750303EC6B2470D478D8B638436
:10E83000E702A167938707807390073037160200BD
:10E8400037150200130606789305600B1305C5758E
:10E85000EFC0A06B01A0B787012093870700BD8B95
:10E860009DC3A16793870780739007303716020016
:10E8700037150200130606789305B00B1305C5750E
:10E88000EFC0A06801A0EFF0BFF5B7E700E00567B3
:10E8900023A0E710116723A0E71023A00184EF1045
:10E8A0003FA6014541016F105FC9197182FE86FCC8
:10E8B0008AFA8EF892F696F49AF29EF0A2EEA6EC00
:10E8C000AAEAAEE8B2E6B6E4BAE2BEE042FE46FC30
:10E8D0004AFA4EF852F656F45AF25EF062EE66ECE0
:10E8E0006AEA6EE872E676E47AE27EE07311013459
:10E8F000A1679387078073900730B7F700E023A2E2
:10E900000700EF10E01811C5B7E700E0116723A07A
:10E91000E720A167938787887390073073110134CC
:10E920007670E6705671C6713672A672167386736B
:10E930007664E6645665C6653666A66616678667BB
:10E940007278E2785279C279327AA27A127B827B2B
:10E95000726CE26C526DC26D326EA26E126F826F7B
:10E96000096173002030A167938707807390073097
:10E97000938701849843050798C382801387018495
:10E980001C438DE7EF123FB9A1679387078073900F
:10E990000730371602003715020013060678930574
:10E9A00020101305C575EFC0405601A0FD171CC30C
:10E9B00091E7A167938787887390073082802165EC
:10E9C0001305058073150530828073100530828031
:10E9D000EF127FB441111DE1A16793870780739007
:10E9E000073037160200371502001306867A9305A2
:10E9F00050061305C575EFC0405101A0F1473EC652
:10EA000032476304F702A16793870780739007304A
:10EA100037160200371502001306867A9305D006D2
:10EA20001305C575EFC0604E01A02A8423200500A0
:10EA300011055D2C85471CAC228541016F10FFAF8D
:10EA4000EF12DFAB1DE1A16793870780739007305A
:10EA500037160200371502001306867A9305A014B4
:10EA60001305C575EFC0604A01A0B70900FFB3F9EF
:10EA70003501AE8463840902A16793870780739090
:10EA8000073037160200371502001306867A930501
:10EA9000B0141305C575EFC0404701A09DE1A16703
:10EAA00093870780739007303716020037150200EE
:10EAB0001306867A9305C0141305C575EFC0E044AC
:10EAC00001A02A89B28A368B3A8AEF1010110DE51F
:10EAD00063040A02A1679387078073900730371693
:10EAE0000200371502001306867A9305F014130509
:10EAF000C575EFC0804101A0EF00707803240900C4
:10EB0000B3F7840063170B029DE78149630C0A0287
:10EB1000B3355001E20563050B00B7070004DD8D36
:10EB20005286C58D13054900EF108050D2890144EB
:10EB300011A8E39CF4FC63870A0093C7F4FFE18FFC
:10EB40002320F900EF10C00C638C090211E5B7E730
:10EB500000E0116723A0E720EF10901593176500E0
:10EB60002A8463CD0700EFF01FE003240900B3F708
:10EB70008400631A0B0091EBEFF05FE02204218028
:10EB800022856F10FF9AE399F4FEE3870AFE93C48F
:10EB9000F4FFE18C23209900C5B7EF12DF974111F4
:10EBA0001DE1A16793870780739007303716020035
:10EBB000371502001306867A9305101E1305C575D6
:10EBC000EFC0A03401A0B70700FFED8F9DC3A16780
:10EBD00093870780739007303716020037150200BD
:10EBE0001306867A9305201E1305C575EFC0E03124
:10EBF00001A02A842EC6EFF01FD7B245084093C566
:10EC0000F5FFE98D0CC02AC6EFF05FD73245410110
:10EC10006F10BF92EF129F8E41111DE1A167938784
:10EC2000078073900730371602003715020013066D
:10EC3000867A930510221305C575EFC0002D01A03B
:10EC4000370700FF6D8F1DC3A167938707807390FF
:10EC5000073037160200371502001306867A93052F
:10EC600020221305C575EFC0402A01A02A842EC6B4
:10EC70009309C500EF00B0601C40B2450848370951
:10EC80000001CD8F1CC081447D19370A00020C4061
:10EC9000639CA90093C4F4FFED8C04C0EF0050778F
:10ECA000084041016F10DF881841832A4500B3777F
:10ECB000270113165700B3F6B7006345060089E62F
:10ECC0005685F1B7E39ED7FE9316770063D306000F
:10ECD000DD8CB3E54501EF100054DDB7EF12BF83C3
:10ECE000EFF05FF36F107F85930785007D575CC160
:10ECF00018C55CC51CC92320050082802328050097
:10ED000082805C419847DCC198C598474CC38CC74A
:10ED10001C4188C985071CC182809841FD56930714
:10ED20008500631ED7001C49D843D8C10CC79CC5B9
:10ED3000CCC31C4188C985071CC18280B687D443D7
:10ED40009042E37DC7FECDB7544118451C4998C693
:10ED500054C3D4436393A600D8C398432328050023
:10ED60007D1798C388438280EF12EFFA41112AC6BB
:10ED7000EFF07FBF3245005DEFF05FC01335140048
:10ED800041016F108FFBEF120FF932893041045DA2
:10ED90002A8409EE1C41014591E70844EF102065E3
:10EDA00023240400850404DC6F102FF9631009028A
:10EDB0004841EFB0203A5C4038400145BA971844CA
:10EDC0005CC0E3E1E7FE1C405CC0E9BF4845EFB032
:10EDD00060383C4058441440B307F0403E9758C454
:10EDE0006375D7001844BA975CC489470145E31B93
:10EDF000F9FACDD8FD147DB7304115C2EF12AFF14D
:10EE000058451445AA87329758C56364D7001841FE
:10EE100058C52E85CC47EFB0E0336F100FF28280DB
:10EE2000EF126FEF2A84EFF01FB4834454041309E8
:10EE30004402E204E18463489002FD57A302F40413
:10EE4000EFF0DFB3EFF03FB2834444041309040151
:10EE5000E204E18463459002FD572302F404EFF0DD
:10EE6000FFB16F108FED5C50E9DB4A85EF10E02CAD
:10EE700019C1EF10A055FD14E204E1846DBF1C48D8
:10EE8000E1DF4A85EF10602B19C1EF102054FD140B
:10EE9000E204E184C1B7EF120FE841111DE1A1675F
:10EEA00093870780739007303716020037150200EA
:10EEB0001306467C930500111305C575EFC0E004E9
:10EEC00001A05C5D2EC62A84BDC73841B3B7E702F6
:10EED000BDE3EFF05FA93040585C1440232C0402DE
:10EEE000B307E602B24554C03387F600918FB69758
:10EEF0005CC4FD572302F40418C4A302F4049DE18A
:10EF00001C4899CB13050401EF10202311C5B7E766
:10EF100000E0116723A0E720EFF05FA6054541015F
:10EF20006F10AFE113050401EFF01FDC130544027D
:10EF3000EFF09FDBD5B7A167938707807390073009
:10EF400037160200371502001306467C930550144D
:10EF50001305C575EFB0707B01A0EF12CFDB011177
:10EF60009DE2A167938707807390073037160200F0
:10EF7000371502001306467C930590151305C575D9
:10EF8000EFB0B07801A019C105C685E5A1679387E8
:10EF900007807390073037160200371502001306FA
:10EFA000467C930520181305C575EFB0107601A0B7
:10EFB000F1FD930780043ECE72476304F702A16718
:10EFC00093870780739007303716020037150200C9
:10EFD0001306467C9305B0161305C575EFB0F072A5
:10EFE00001A0F24785472383F60491E1368690C25B
:10EFF000C8DEACC23685854536C6EFF0DFE9B246DD
:10F00000056136856F106FD3EF126FCE011132C6D6
:10F010001DE1A167938707807390073037160200C0
:10F02000371502001306467C9305E0321305C575BB
:10F03000EFB0B06D01A02A842E89B6848DE53C41E5
:10F040009DC3A1679387078073900730371602002E
:10F05000371502001306467C9305F0321305C5757B
:10F06000EFB0B06A01A089476398F402585C854705
:10F070006304F702A1679387078073900730371600
:10F080000200371502001306467C93050033130572
:10F09000C575EFB0906701A0EF10203415E5B247B9
:10F0A000014C85C7A1679387078073900730371697
:10F0B0000200371502001306467C93053033130512
:10F0C000C575EFB0906401A0014C094BFD59930B3D
:10F0D000040137EA00E0916AA5A8B24789E7EFF09A
:10F0E000FF89014555A063150C002808EF10402149
:10F0F000EFF0DF88EF00B018EFF0FF86834744049D
:10F10000E207E18763943701230204048347540430
:10F11000E207E18763943701A3020404EFF01F863E
:10F120006C002808EF10A01E35EDEFF0DF83185CAF
:10F130005C5C631EF704EFF07F84B2455E85EF00F0
:10F14000F06A2285EFF0DFCDEF00902C29C9054C45
:10F15000EFF07F81185C5C5C6364F700E39F64F709
:10F160002686CA852285EFF01FC25C5089C7130529
:10F170004402EF00907C11C5B7E700E0116723A0BF
:10F18000E720EFF0AFFF054505616F10CFB9EFF055
:10F19000EFFE2285EFF0DFC8EF0090274DBF232060
:10F1A0005A2175B72285EFF0BFC7EF00702615BF53
:10F1B000EF12CFB441111DE1A167938707807390CF
:10F1C000073037160200371502001306467C9305F8
:10F1D00020401305C575EFB0505301A02A84B289B1
:10F1E0008DE53C419DC3A1679387078073900730ED
:10F1F00037160200371502001306467C930530408F
:10F200001305C575EFB0705001A089476398F602E9
:10F21000585C85476304F702A16793870780739062
:10F22000073037160200371502001306467C930597
:10F2300040401305C575EFB0504D01A036C62EC431
:10F24000EFF0EFF7185C5C5C2A8AA245B246636671
:10F25000F700894781446393F602834454041C5C9D
:10F260003686228513998401EFF0FFB11359894145
:10F27000FD576317F9025C5089EB85445285EFF026
:10F28000CFF4268541016F10AFAA13054402EF00A9
:10F29000D06A65D5E38309FE854723A0F900F1BF55
:10F2A0009307F0076314F902A167938707807390AF
:10F2B000073037160200371502001306467C930507
:10F2C000D0481305C575EFB0504401A08504E20491
:10F2D000E184A302940455B7EF126FA1011132C665
:10F2E0001DE1A167938707807390073037160200EE
:10F2F000371502001306467C930510551305C57596
:10F30000EFB0B04001A02A84AE898DE53C419DC399
:10F31000A16793870780739007303716020037156F
:10F3200002001306467C930550551305C575EFB0D2
:10F33000D03D01A0EF10600A15E5B247014985C72D
:10F34000A16793870780739007303716020037153F
:10F3500002001306467C9305A0551305C575EFB052
:10F36000D03A01A001497D5A930A440237EB00E0EC
:10F37000916B95A8B24789E7EFF04FE0014569A886
:10F38000631509002808EF00B077EFF02FDFEF00DA
:10F39000006FEFF04FDD83474404E207E187639499
:10F3A00047012302040483475404E207E18763947E
:10F3B0004701A3020404EFF06FDC6C002808EF00A3
:10F3C000107525E52285EFF03F9A31C9B245568583
:10F3D000EF00D0412285EFF0BFA4EF00700319E1E8
:10F3E00023207B210549EFF00FD8045CC1D4CE85E2
:10F3F0002285FD14EFF05FA004DC1C4899CB1305B7
:10F400000401EF00905311C5B7E700E0116723A096
:10F41000E720EFF0AFD6054505616F10CF9022854C
:10F42000EFF01FA0EF00C07E75BF2285EFF05F9F59
:10F43000EF00007E2285EFF03F934DD581B7EF12AC
:10F440008F8D41111DE1A16793870780739007306D
:10F4500037160200371502001306467C9305307EEE
:10F460001305C575EFB0702A01A02AC6EFF0AFCF23
:10F470003245085D2AC6EFF06FD0324541016F106A
:10F48000CF8B15E5EF122F89A167938707807390C3
:10F490000730371602008565371502001306467CD3
:10F4A000938585AC1305C575EFB0302601A09DCDC1
:10F4B000371601209306C67E814701471306C67E94
:10F4C000214883A846006398A80093173700B29795
:10F4D0008CC3C8C321A891E783A8060063930800E2
:10F4E000B6870507A106E31E07FDFDF38280EF1234
:10F4F0008F8241112A842EC632C4EFF0CFC68347D3
:10F5000044047D572246E207E187B2456394E70051
:10F5100023020404834754047D57E207E187639480
:10F52000E700A302040432C62EC4EFF02FC51C5C12
:10F53000A245324689E713054402EF00F0382285E0
:10F54000EFF01F8E41016F005FFFEF023FFB2A8447
:10F55000EFF06FC19387C1B89843B7290120050721
:10F5600098C3138701B81843938401B81389C982DB
:10F5700061E780C0984385476312F7069389C98283
:10F58000130AC9124E85D109EFF00FF6E31C3AFFBA
:10F5900037250120130A859513058595EFF0CFF4E3
:10F5A000372501209309C5961305C596EFF0CFF3D3
:10F5B0003725012013050598EFF00FF337250120BB
:10F5C0001305859AEFF04FF2372501201305459971
:10F5D000EFF08FF123A241B923A431B9938781B908
:10F5E0009843050798C31387C1B95C54144363F368
:10F5F000F6001CC35147B387E702CA97D8431447A4
:10F6000018C454C410479306440054C214C7984306
:10F610005CC8050798C3EFF06FB683A7C1BA99CB52
:10F620009C40D8575C546377F700B7E700E0116758
:10F6300023A0E7206F00DFEF83A7C1BAC5F39C408A
:10F64000D8575C54E3ECE7F880C049BF138741B852
:10F650001C439443938701BA81E67D5798C3828007
:10F66000184358471843DDBF0DE5EF02DFEAA167F5
:10F670009387078073900730372602003715020002
:10F6800013060680930570721305C575EFB0F00779
:10F6900001A054493727012013074799AA8701453C
:10F6A000639BE6009857B727012093870798630468
:10F6B000F700133517008280EF025FE44111AA8939
:10F6C000B284428403290803B1C501464148338509
:10F6D000C50003050500B308C400238AA80201C5BC
:10F6E0000506E31606FFA301040439466377E60224
:10F6F000A16793870780739007303726020037157C
:10F70000020013060680930570391305C575EFB026
:10F71000C07F01A0230A0802C9BF58D478C01305CE
:10F720004400232404043EC636C43AC2EFF00FDD81
:10F7300013058401EFF08FDC12473D468145330706
:10F74000E64018CC314600C840D01305C404EF0091
:10F750009FDFA2461395240071154A95230C0404DB
:10F76000A30C0404230D0404230E04043686CE8562
:10F770004199EF00FFC8B24708C091C380C341015F
:10F780006F001FDBEF023FD98347B50591EB2A8459
:10F790000859EFE03FFB2285EFE0DFFA6F00FFD969
:10F7A0000547E38BE7FE0947E38AE7FEA1679387F6
:10F7B00007807390073037260200856537150200F1
:10F7C000130606809385C5F91305C575EFB0E07380
:10F7D00001A0EF02BFD2372401201304849A93843E
:10F7E00001B99C40EDDFEFF00F985C4403A9C7001E
:10F7F00013054900EFF04FD51387C1B81C43FD171F
:10F800001CC39C40FD179CC0EFF04F974A85EFF05A
:10F810007FF7F1B7EF029FCE938401B883A901BBB4
:10F820002A849C4088404111238E070411052EC66E
:10F83000EFF08FD17D57938701B8B245631CE40286
:10F8400095C9B7270120938747999440D84398C614
:10F8500010479440D0C694401047910654C294403B
:10F86000910614C798405CCB9843050798C34101A3
:10F870006F001FCC98434E9440C36379340103A5B5
:10F8800081B88C439105EFF04FC9D5B703A541B8B6
:10F890008C439105EFF06FC8938701BA9843E378E2
:10F8A000E4FC80C3E9B7EF021FC741119DE3A167E4
:10F8B00093870780739007303726020037150200C0
:10F8C000130606809305A0241305C575EFB0E06309
:10F8D00001A0428463140802A16793870780739094
:10F8E00007303726020037150200130606809305FD
:10F8F000B0241305C575EFB0406101A09308000660
:10F9000046C6324363041303A1679387078073904D
:10F9100007303726020037150200130606809305CC
:10F9200030251305C575EFB0405E01A0B24823280D
:10F93000F8028947A30DF8043C00EFF0FFD72285B9
:10F94000EFF0BFC0224541016F003FBFEF02BFBCD7
:10F950001DE1A16793870780739007303726020067
:10F960003715020013060680930510751305C5753B
:10F97000EFB0A05901A0938701B89C432A849384D7
:10F9800001B86384A706EFE01FFE2285EFF0DFCD0C
:10F9900039C9130944004A85EFF00FBB9387C1B9F9
:10F9A0005854944363F3E60098C3D147B306F70273
:10F9B000B72701209387C782B697D443904614C4D3
:10F9C00050C490462322260123A4260194435CC8F8
:10F9D000850694C39C40DC576367F700B7E700E0F7
:10F9E000116723A0E720EFE07FF96F001FB5EF025A
:10F9F0009FB2411170002C00480002C202C4EF8087
:10FA0000BFE41248A2473246B725020037F500008E
:10FA100001478146938545811305257DEFF0BFE8B9
:10FA200005C5EF10203E85476315F502A167938752
:10FA30000780739007307D5723A0E1BA23A6A1BAAF
:10FA400023A801BAEFE07FDD83A7418441016F0065
:10FA5000DFAEFD57E31AF5FEA16793870780739029
:10FA60000730372602008565371502001306068029
:10FA7000938505841305C575EFB0204901A09387D0
:10FA800041B99843050798C3828003A501BB8280D2
:10FA900083A741B963970716EF02FFA7938701BBBE
:10FAA0008043050480C331E4938741B898431843E9
:10FAB00005C7A16793870780739007303726020038
:10FAC00085653715020013060680938575AC13050E
:10FAD000C575EFB0804301A0138781B894431043EC
:10FAE00090C314C3938741BA9843050798C3EFF0B6
:10FAF000FFB5938701BA9C4337270120138601BACB
:10FB00001307C782938501B801456373F4029C41D2
:10FB1000D146DC57B387D7023E971843854763F336
:10FB2000E700054583A741BB91C305456F00FFA0D2
:10FB3000514F938741B89443944281E6FD571CC2CC
:10FB4000F9B79C43DC47DC47D4436374D40014C248
:10FB50007DBF83A8870003A8C700D44B1383470049
:10FB600023A408012322180183A846006394680097
:10FB700023A2060103A8060023AA07007D1823A0DC
:10FB80000601945795CA03A8C70183A8070283AF4B
:10FB900046002324180183A8070223A20801138822
:10FBA000870163940F0123A2160103A8060023A472
:10FBB00007027D1823A006019386C1B903A8C702D6
:10FBC00083A8060063F4080123A00601B306E80336
:10FBD000BA9683A8460083AF880023A4170123A602
:10FBE000F70183AF880023A26F0023A46800D4CB61
:10FBF0009C4285079CC29C41DC57E36CF8F20545AA
:10FC00000DBF938781BA98430145050798C3828049
:10FC1000EF02DF8E138441B91C40411185E7A167D3
:10FC20009387078073900730372602008565371564
:10FC30000200130606809385358B1305C575EFB05A
:10FC4000C02C01A0EFE03FD21C40FD171CC01C409F
:10FC500089CB01452AC6EFE07FD2324541016F00D2
:10FC60003F8D83A7C1B8F5D7B726012037250120DE
:10FC70008147938606981305C582D148854E59A8B9
:10FC8000DC46DC47CC4F9053985790C503A8070239
:10FC90002322B80003284700938587016313B80027
:10FCA00050C3104323A407027D1610C38C47D047CE
:10FCB000D84B1388470090C54CC24C436393050151
:10FCC00050C3104323AA07007D1610C31387C1B980
:10FCD000D0570C4363F3C50010C3330716032A97AC
:10FCE0004C4383AF85008CC723A6F70183AF850003
:10FCF00023A20F0123A405010C43D8CB85050CC317
:10FD0000138701B8184358576366E600138741BB51
:10FD10002320D70198422DF799C3EFF03F93138723
:10FD200081BA0443138481BA89CC8549EFF05FD648
:10FD300009C5938741BB23A03701FD14E5F82320B3
:10FD4000040083A741BBE38607F0B7E700E0116733
:10FD500023A0E7200545FDBDEF02EFFB41111DE1AA
:10FD6000A167938707807390073037260200371505
:10FD70000200130606809305104F1305C575EFB0FA
:10FD8000C01801A09DE1A167938707807390073099
:10FD90003726020037150200130606809305204F10
:10FDA0001305C575EFB0601601A083A741B99DC3C7
:10FDB000A1679387078073900730372602003715B5
:10FDC0000200130606809305304F1305C575EFB08A
:10FDD000C01301A02A842EC6EFF07FCA1840B24596
:10FDE00003A501BBB307B7001CC06371E50263E163
:10FDF000E7020144EFF0DFE111E5B7E700E011674A
:10FE000023A0E720228541016F002FF363E4E70080
:10FE1000E371F5FE81453385A740EFF0BF9F0544B0
:10FE2000D1BF19E5B7E700E0116723A0E720828082
:10FE3000EF026FEE83A741B941119DC3A16793877C
:10FE4000078073900730372602003715020013062B
:10FE50000680930590541305C575EFB0000B01A003
:10FE60002AC6EFF0DFC132458145EFF0BF9AEFF0CF
:10FE70003FDA11E5B7E700E0116723A0E720410171
:10FE80006F00AFEB03A741B9938741BB01C705479B
:10FE900098C3828023A007001387C1B91843138633
:10FEA000C1B9B72701209387C7825148B30607031A
:10FEB000B385D700884105C5C841A106BE96484113
:10FEC000C8C16314D5005441D4C1D146B306D7028A
:10FED000B697DC43D44723A0D1B818C2828015E777
:10FEE000EF026FE3A167938707807390073037268F
:10FEF000020085653715020013060680938525C02C
:10FF00001305C575EFB0600001A07D1745B7EF027E
:10FF1000EFDE2A84EFE03FA5938901B819E003A43E
:10FF20000900130944004A85EFE01FE21C5489C709
:10FF300013058401EFE05FE1B7240120CA85138532
:10FF40004499EFE01FDC8347840505472689631445
:10FF5000F700230C04048347940505476314F70056
:10FF6000A30C04048347A40505476314F700230D7D
:10FF70000404EFE0BFA01387C1BA18439384C1BA49
:10FF800019C7EFE05F9EEFF06FECEFE03F9F83A7B4
:10FF90000900639E87029C408DCF83A741B99DC312
:10FFA000A1679387078073900730372602003715C3
:10FFB0000200130606809305D06F1305C575EFA0E8
:10FFC000D07401A0B7E700E0116723A0E7206F001D
:10FFD0002FD693074999984383A7C1B86315F700B3
:10FFE00023A00900EDB7EFF0FFE9D5B7EF02AFD2DC
:10FFF00005E5A167938707807390073037260200D5
:020000021000EC
:10000000856537150200130606809385C5C1130563
:10001000C575EFA0906F01A02E8483A501B8E105FE
:10002000EFE0BFCF85452285EFF0CFFE6F00EFD028
:10003000EF026FCE05E5A1679387078073900730C5
:100040003726020085653715020013060680938562
:1000500065C31305C575EFA0506B01A083A741B917
:1000600085E7A167938707807390073037260200E2
:10007000856537150200130606809385A5C3130511
:10008000C575EFA0906801A0938701B894432A87B3
:1000900037050080C98D8CCE54438C438846D4CD1F
:1000A0008C4388D18C438846E1054CC18C439C43EA
:1000B0003285E1058CC698D71C43854585071CC34E
:1000C000EFF04FF56F006FC7EF02EFC42A8705E529
:1000D000A1679387078073900730372602008565F4
:1000E0003715020013060680938525C51305C575CF
:1000F000EFA0B06101A0938701B854432E858C43D3
:1001000003A88600D4CD8C4323A0050303A80700D1
:100110008C46610823A2050103A807009C436108DF
:1001200023A4060198D71C4385071CC311C27D5523
:10013000B285EFF02FEE6F004FC05C45DC4795E7CE
:10014000EF026FBDA1679387078073900730372652
:10015000020085653715020013060680938525C8C1
:100160001305C575EFA0705A01A0D04F945398574E
:100170009385870114C6D0C250436313B60054C39D
:10018000144323A40702FD1614C303A741B9D4578F
:1001900035E78C47D047D84B90C5D04748434CC231
:1001A000938547006313B50050C3104323AA07008B
:1001B0007D1610C31387C1B910436373D60014C3EF
:1001C00051473386E602372701201307C78232974B
:1001D0005043084690C7C8C708464CC10CC6D8CB88
:1001E0001C43014585071CC383A701B8DC5763F690
:1001F000D700054723AAE1BA0545828037270120A9
:100200001307079850430846D0CF88D308464CC1FF
:100210000CC698D7F1B7EF020FB083A741B985E7B5
:10022000A1679387078073900730372602008565A2
:1002300037150200130606809385A5CB1305C575F7
:10024000EFA0B04C01A0B7070080DD8D5C450CC16C
:1002500085E7A167938707807390073037260200F0
:1002600085653715020013060680938525CC130596
:10027000C575EFA0904901A050411445184914C616
:100280001445D0C250436313A60054C3144323281B
:1002900005009047FD1614C3D447D84B93854700FB
:1002A00014C6D447D0C250436313B60054C314439A
:1002B00023AA0700FD1614C31387C1B9D4571043EE
:1002C0006373D60014C351473386E60237270120F3
:1002D0001307C78232975043084690C7C8C70846DD
:1002E0004CC10CC6D8CB1C4385071CC383A701B8DF
:1002F000DC5763F5D700054723AAE1BA6F00EFA3E7
:1003000083A741BA1CC183A701BB5CC18280EF02F5
:100310008FA0411105E5A16793870780739007308F
:10032000372602008565371502001306068093857F
:10033000D5CF1305C575EFA0503D01A085E5A16798
:10034000938707807390073037260200856537153D
:100350000200130606809385E5CF1305C575EFA04F
:10036000D03A01A02EC62AC4EFE0EFDF138701B810
:1003700083A601BB1C432245B24583C7C70599CB61
:100380001C43238E07040544EFE04FDF2285410123
:100390006F00AF9A9C417D570144E387E7FE03A6B7
:1003A00041BA0328050058416307C80063E5E60029
:1003B00023A00500C9BF3386E640E37BF6FE958F98
:1003C000BA979CC1EFF0DFF301447DBF054723AA34
:1003D000E1BA828003A501B8828083A7C1BA05452E
:1003E00091C703A541B9133515000605828011E5B3
:1003F0000145828001456F004F94EF02CF9183A7A2
:1004000001B82A846385A702A16793870780739048
:10041000073037260200856537150200130606806F
:100420009385F5041305C575EFA0302E01A0BC47D8
:1004300085E7A1679387078073900730372602000E
:10044000856537150200130606809385050513059B
:10045000C575EFA0902B01A054557841FD173CC500
:10046000E38AE6F8C1FB930445002685EFE0DF8DC3
:100470007C403D471D8F18CC1387C1B914435CD411
:1004800063F3F6001CC351473387E702B727012007
:100490009387C7820545BA97D843144718C454C4F4
:1004A0001447C4C204C798435CC8050798C3A1B7E2
:1004B000938701B898439443084FD4569843BD4757
:1004C000958F1CCF8280EF026F838947411163F5BE
:1004D000A702A16793870780739007303726020031
:1004E000856537150200130606809385652613057A
:1004F000C575EFA0902101A02A89AE8932C6EFE030
:100500008FC6938701B89C43930409011397240075
:10051000BA97DC47138401B88DE31C403246054787
:10052000CA97238CE70411CA85453285EFF08FAE58
:10053000B7E700E0116723A0E720EFE02FC4EFE06A
:100540008FC21840939724003E97484719C518401A
:1005500063800902BA9723A607001C402AC63E9969
:10056000230C0904EFE08FC1324541016FF05EFCBE
:100570009306F5FFBA97D4C7CDB7EFF23EF8094A14
:1005800041116375AA02A1679387078073900730B2
:10059000372602008565371502001306068093850D
:1005A000052B1305C575EFA0501601A0AA8432894A
:1005B000B6893AC62EC4EFE00FBB938701B89C43BF
:1005C000138401B8A69783C78705630CFA021C4001
:1005D00093962400A245B697F44793C5F5FF32479A
:1005E000F58DECC71C408546A697238CD70411CB0C
:1005F0003A858545EFF00FA2B7E700E0116723A029
:10060000E720EFE0AFB7EFE00FB6638A09001C40C8
:10061000138704010A07BA97DC4723A0F9001C409E
:1006200009470145A69783C78705631EF7001C404D
:10063000139724001349F9FFBA97F8470545337912
:10064000E90023A627051C402AC4BE94238C040479
:10065000EFE0CFB2224541016FF09EEDEFF2BEEB2D
:100660008947011163F5B702A167938707807390EB
:10067000073037260200856537150200130606800D
:10068000938585301305C575EFA0300801A005E5F9
:10069000A16793870780739007303726020085652E
:1006A0003715020013060680938595301305C5752E
:1006B000EFA0B00501A03ACE36CC32CA2EC82AC669
:1006C000EFE06FAA72473245C2455246E24619C76B
:1006D000938705018A07AA97DC471CC33307B50037
:1006E000834787050948230C0705114793F7F70F40
:1006F0006368D704371702001307877D8A06BA9606
:10070000984202878A05AA95F845598EF0C5054793
:10071000638EE70405452AC6EFE04FA63245056122
:100720006FF0BEE18A05AA95F8450507F8C5C5B77B
:1007300009476388E70CC1058A05AA95D0C5C1BFE2
:1007400003A701BB69D7A167938707807390073020
:10075000372602008565371502001306068093854B
:10076000E5331305C575EFA0407A01A0144558453F
:100770005C491306450098C6584554C3D443639357
:10078000C600D8C39843232A05007D1798C39387D2
:10079000C1B95855944363F3E60098C3D147B306F3
:1007A000F702B72701209387C782B697D4438C46B8
:1007B00014C54CC58C46D0C190C694435CC985060F
:1007C00094C31C5585C7A167938707807390073032
:1007D00037260200856537150200130606809385CB
:1007E000D5341305C575EFA0407201A083A701B8E9
:1007F000DC57E3F1E7F2B7E700E0116723A0E72059
:1008000011BF014509BFEFF21ED1011105E5A16736
:100810009387078073900730372602008565371568
:10082000020013060680938555381305C575EFA0A1
:10083000C06D01A02A8409456375B502A16793873D
:100840000780739007303726020085653715020050
:1008500013060680938565381305C575EFA0E06A19
:1008600001A03ECE3ACC36CA32C82EC6EFE02F9554
:100870006247B2454246D246F24709CB138805018A
:100880000A0822980328C800232007013308B4006F
:10089000034788058948230C180511481377F70F7B
:1008A0006367D804371802008A061308C87EC29608
:1008B000944282868A05A295F445558EF0C58546F8
:1008C000630DD7040544EFE04F90228505616FF07A
:1008D000DEC68A05A295F4458506F4C5CDB78946DE
:1008E0006302D710C1058A05A295D0C5C9BF83A6EA
:1008F00001BBF1D6A1679387078073900730372635
:100900000200856537150200130606809385D53CE5
:100910001305C575EFA0605F01A0185405C7A16756
:100920009387078073900730372602008565371557
:100930000200130606809385853D1305C575EFA05B
:10094000C05C01A003A741B9505425EF0C445444A6
:10095000584894C5544403284700CCC2930544002A
:100960006313B80054C31443232A0400FD1614C3B0
:100970001387C1B9144363F3C60010C35147B306CC
:10098000E602372701201307C7823697544303A88E
:10099000860014C42326040103A886002322B8007D
:1009A0008CC658C81443850614C303A701B858570A
:1009B000E37AC7F099C3054798C3054723AAE1BA6C
:1009C00011B7372701201307079854438C4654CC9E
:1009D0000CD003A88600930584012322B8008CC69E
:1009E00018D4C9B70144C5B5EFF2FEB2411105E50F
:1009F000A1679387078073900730372602008565CB
:100A000037150200130606809385C5401305C5758A
:100A1000EFA0A04F01A0894463F5B402A1679387BA
:100A2000078073900730372602008565371502006E
:100A3000130606809385D5401305C575EFA0E04CDD
:100A400001A02A842EC432C6EFD07FF7A245B30797
:100A5000B4008A0503C78705A295238C9704FC453B
:100A60008507FCC585476396E70A1C54324685C74F
:100A7000A16793870780739007303726020085654A
:100A80003715020013060680938535431305C57597
:100A9000EFA0A04701A083A741B95854C1E30C447B
:100AA00054445C4894C5544403A84700CCC2930501
:100AB00044006313B800D4C39443232A0400FD16F2
:100AC00094C39387C1B9944363F3E60098C3D147B5
:100AD000B306F702B72701209387C782B697D4439E
:100AE00003A8860014C42326040103A88600232239
:100AF000B8008CC65CC89443850694C383A701B82C
:100B0000DC5763F8E70019C285471CC2054723AAD2
:100B1000E1BAEFD09FEB41016FF03EA2B727012071
:100B200093870798D4438C4654CC0CD003A88600F6
:100B3000930584012322B8008CC61CD46DBFEFF24C
:100B40009E9DEFD05FE2138441BC1C40B1EB372582
:100B500001201309C59F1305C59FEFE0EF983725C6
:100B60000120930405A1130505A1EFE0EF97B72637
:100B700001203726012023AC21BB0147938646A2E2
:100B80001306C69BC145114523AE91BAEFE0EFBCF9
:100B900008C019C5B725020093850584EFE07F8E54
:100BA000EFD0DFDD6FF07E99EFF2FE964CC108C901
:100BB000AA876360B602184D158E05456379E60075
:100BC0009385470003A5C1BBEFE02F9501456FF06A
:100BD000DE966375D6000545E3FBD5FE9385470099
:100BE00003A581BBD5B7EFF21E932A84AE84328968
:100BF0000C4CA6864A86A6952285EFF0FFFA19E1ED
:100C00006FF0BE931C4C2285BE941C508297CDB7CA
:100C1000EFF27E9083A781BB4111AA84DC472EC6E8
:100C2000C04713054400EFE02F9283474402324649
:100C300013F7470019CBA6852285EFF0DFFA1C5089
:100C40002285829741016FF05E8FF99B2302F402A7
:100C5000FDB7EFF25E8C938681BB98421C4381EB1B
:100C60009387C1BB904398C390C26FF01E8D5C47C1
:100C7000FD558843EFF0DFF9F9BFEFF25E873729C2
:100C8000020041111309C98183A781BB984329CB75
:100C9000DC47814C03AC0700EFE07FDEEFE0FFDED6
:100CA00083A701BC2A84938401BC138A41BC636C72
:100CB000F50288C063800C0483A7C1BB9043133640
:100CC000160003250A00B3058C40EFE05F82EFE0D9
:100CD0003FF419EDB7E700E0116723A0E72009A86A
:100CE000854C014C55BFEFF0DFF680C0EFE05FF2BE
:100CF000214C0DA00146E36685FDEFE07FF1A28562
:100D00006285EFF0FFF0EDB79247B24582978247D8
:100D100063DD070003250A0001468A85EFE0CFDB8B
:100D200025D582472245E3C107FE22445C489DE366
:100D3000EFE0BFD59C40AA8C6374F500EFF07FF123
:100D4000824723A09401FD17E366FCFC8A07CA973B
:100D50009C43828713054400EFD01FFFD1BF834718
:100D600044020C4C924693E717002302F402668675
:100D7000B6952285EFF05FE351DD8347440213F718
:100D8000470001CF1C4C924566862285BE95EFF048
:100D90009FE51C5022858297B5BFF99B2302F40280
:100DA000CDBF83474402F99B2302F402A5B78347D2
:100DB0004402924593E717002302F4020CCC9DE114
:100DC000A167938707807390073037260200371595
:100DD000020013068684930590351305C575EFA0B0
:100DE000C01201A0E6866686E6952285EFF0DFDB7D
:100DF00015B78347440213F7270055F72285EFD034
:100E00007F9409BFEFF22EF14111EFF05FD383A77A
:100E100041BC95CB70002C00480002C202C4EF70A8
:100E20007FA4A24712483246B725020037150100B9
:100E300039478146938505861305A5C7EFE0BFA610
:100E400023A4A1BC1DE1A16793870780739007309D
:100E50003726020037150200130686849305901189
:100E60001305C575EFA0600A01A0054541016FF0AB
:100E7000CEECEFF24EEA4111B68732C63E862AC268
:100E800003A541BC79572EC481468A853AC0EFE05C
:100E90002FB241016FF06EEA83A7818237177A0083
:100EA00013070720B3D7E70293F7F70F2387F1BCA7
:100EB0001307803EB387E7022396F1BC8280B7F721
:100EC00000E0D8438146799BD8C303C7E1BC330611
:100ED000A70290CBD4CB98431367070198C39843DC
:100EE0001367170298C3D843058B75DF9843799B26
:100EF00098C38280B7F700E0D8438146799BD8C376
:100F000003D7C1BC3306A70290CBD4CB9843136759
:100F1000070198C398431367170298C3D843058BFA
:100F200075DF9843799B98C38280EFF2CEDE2A84E6
:100F30001165011185451105EF903FB4930700201D
:100F40007C82371501408D473EC44C00E1471305B4
:100F500005803EC6EF906FFA22C837440140B707BC
:100F600008000C08130504803ECC02CA231E0100B1
:100F7000EFA04F8F854513050480EFA06F9A0561A0
:100F80006FF0AEDBEFF28ED7B7440140AE89328905
:100F9000014493840480634524014A856FF04ED94F
:100FA000930500042685EFA08F997DD9B38789002A
:100FB0008385070026850504C205C181EFA0AF9790
:100FC000D9BF138781841C43B7260120938606BDB1
:100FD0003E95636BD500B78601209386068063E556
:100FE000A60008C33E858280FD57EDBF73251034EF
:100FF00082807325203482807325303482805D7135
:10100000A2C4A6C2CAC052DE56DC86C62A84AE84FA
:1010100055209387C18403A90700FD572A8AAE8A09
:101020006301F9022286A6862285A685EF8090318B
:1010300009E9014681462285A685EF70F065634C7B
:101040000500B64026445285D68596440649725A14
:10105000E25A6161828085473EC4971701009387F9
:10106000E7803EC602D422CC26CE22C826CA630719
:101070000902014681463285B685EF70C07B2AD0D1
:101080002ED28947631EF900EF9080079307100264
:101090001CC1A25799EB025A925A65B702D002D2EC
:1010A0002800E52275D1A257FDD7EF906005A25721
:1010B0001CC1D5B741113707F07F22C426C206C62E
:1010C0003378B7002E84AA84630DE816AE87AA860B
:1010D000635FB00E13DE454163010E1A370710003F
:1010E0001306F7FFF18FD98F130E1EC01397170049
:1010F00013761E0093D7F601BA971397160011C600
:101100007D838607BA9713972600135E1E40D94544
:10111000814E8146370620003385C6001358F701FB
:10112000FD1563C6A700898FB306C500B29E86076A
:10113000C29706070582EDF11305000201438148BD
:101140003706008019A86385D70E9355F7018607E7
:101150007D15AE97060705820DC9B3051601E3D4C8
:10116000F6FEB388C500368863CE050A958FB33680
:10117000B700958F0D8F9355F70186077D15329334
:10118000C286AE970607058269F9D98F935413007A
:1011900089CB93041300FD5785806314F300850EFB
:1011A000814413D71E403704E03F93FE1E003A945B
:1011B00063850E00B7070080DD8C13174E01229760
:1011C000B24022442685BA85924441018280139719
:1011D000150005833368A7002E87E30308FED9E1D5
:1011E00093D5B600AD172E87D606FDD913D6450187
:1011F00041EA014611A02A8606079315B700130598
:101200001600E3DA05FE930800023688B388A8408A
:10121000BA85B396A60033571801338EC740B3671B
:10122000B7006DBD13C8F8FF1358F80136983DBFDD
:10123000E36DB7F0B388C500E3C605FE3E8881477D
:1012400015BF2A86AE86EF7090502686A286EF6084
:10125000906BB2402244AA842E872685BA85924498
:10126000410182802A86AE86EF80E0192A86AE860A
:10127000EF70605CAA842E87A1B72E87814795BF47
:101280003688930800027D5679B701458280EFF2D7
:101290008EA883A781B141113EC6EF10201B118992
:1012A00063000514938781BE9843B246998E372711
:1012B00001200327C7B005836376D700324798C360
:1012C000EF30D054EF40200083A781BF91C7EF30AB
:1012D000105619E123AC01BE938441BE9840B24739
:1012E000998F1307703E6376F700EF202020B247F6
:1012F0009CC0938701BD9843B246998E056713073A
:1013000077386376D700324798C3EF10005CB72771
:101310000120938707ADD84711CF138701BE104333
:10132000B246918E1306703E6376D600B246DC4319
:1013300014C38297B724012083A784A7A9CB13875E
:10134000C1BD1C43B2461306A00F9D8EB7270120D6
:1013500083A787B4ED83B387C70263E9F600B2477A
:101360001CC3938784A79C4B91C38297938781BDAD
:101370009843B246998E3D671307F7A56379D70066
:101380003247938484A798C3DC4891C3829732453F
:10139000938441BD412C9C4032471D8FBD6793878C
:1013A000F7A563F5E7009924B2479CC003C751BF76
:1013B000BE841377F70F0DC703C751BF1377070C10
:1013C0001DE3B727012083A707B599C30545829779
:1013D00003A781B123A8E1BE93070004A38AF1BE4D
:1013E00041016FF08E9503C751BF1377070415CBEA
:1013F00083A601BF03A781B1138901BF158F93068F
:101400004006E3FFE6FCB727012083A707B599C391
:101410000145829783A781B12320F900930700F843
:1014200075BF03C751BF62076187E35B07FA83A6F5
:1014300001BF03A781B1158F93064006E3F2E6FAD8
:10144000A38A01BE71BFEFF20E8D3725012013056F
:1014500005B6EF10902A6FF04E8EEFF2CE8BB727C5
:101460000120938707AFD8573724012088D313670B
:101470004700D8D71189930744B39C4F130444B352
:1014800001CD99C3014582975C4C99C30145829770
:101490000545352A6FF06E8A99C3054582975C4CE5
:1014A000F5DB05458297FDB783A7C1B22320050070
:1014B0009DCB944363DB0600D4479042634506020C
:1014C0009C4363D4070023A6D1B283A7C1B2916520
:1014D0000146FD153548B7080080944363D70600E0
:1014E00019C223A6F1B201458280944313930601E9
:1014F00063420304944393F606108DCE944393F60F
:1015000006208DCA9443C182ED8EF11614C1637119
:10151000D802944393F6060281EA19C223A6F1B2D7
:101520009C475CC105458280944393F61608F5D626
:101530002320050023A017010546DC4779BF03A738
:10154000C1B2B706008014C3584723A6E1B2828017
:10155000EFE27EFC83C751BF93F7F70F81E7854722
:10156000A38AF1BE03A781B19387C1BE09CB98C3FB
:10157000B727012083A747B582976FE01EFC054778
:10158000FDB7B727012083A747B5014585CF03A73E
:1015900041B00DCB144308479387C1BE63D2060206
:1015A0008C43A16689069308300603A681B10D8E8F
:1015B00063E4C800FD1681EA14438606858214C3DD
:1015C00023A0070082801043E34106FED5BF03A796
:1015D00081B1B72701209387C7A688A3239107006D
:1015E0002392070098C7A38007008280EFE2BEF233
:1015F000B7240120138404B65C4041116C001385AC
:1016000004B63EC623220400EF10204DB2476C0002
:10161000138504B65CC05C443EC6EF10004C41012B
:101620006FE0BEF1B72701209387C7A6982319E37F
:1016300088C7828098479306703E3307E54063F37E
:10164000E602EFE25EEDBA2388C7914663F7E60053
:101650000145EFF0DFF76FE05EEE0507BAA3EFF0AC
:10166000FFF8D5BF8280EFE21EEB2A840145EFF040
:101670001FF6B72701209387C7A611C8054798B35F
:10168000B7270120094723AEE7B06FE01EEBA38028
:101690000700E5BF828003288503630B0802EFE2A1
:1016A0009EE7FC5D014791C70507420741839C43C4
:1016B000DDBF83A7050891C70507420741839C4307
:1016C000DDBF814601468145029801456FE0FEE697
:1016D0000145828001458280EFE27EE15C42032A7F
:1016E00085000329C5000049AA8488239C33B28958
:1016F000A2075D8DEF10B00F9355650093F5C503FC
:10170000B305B0404E85EF20904449E5DC44984C49
:1017100003DB8900998F63F867014E85EF20104A3B
:1017200005456FE05EE04A9A4E890356A900B30A68
:101730008A40832B490063F4CA045686DE852285DD
:10174000EF8050218357A9009844330444413E94CC
:101750002286B3855B013A85EF80D01F2A94032946
:101760000900E31409FC4E85EF2050459C4C80C8CD
:10177000DA979CCC9C4093E747009CC055B72285E4
:10178000DE85EF80301D8357A9003E94E39957FD15
:101790008044F1B7014571B771CAEFE25ED5832B82
:1017A000C5001C4D035B8600BA8AB387FB40368AAE
:1017B00032892A8463F767013285EF2030406FE079
:1017C0009ED61C450449B289BE9B03D6A900338C22
:1017D0009B4083AC49006377CC066286E68526850C
:1017E000EF80501783D7A9001844B3847441BE9486
:1017F0002686B3858C013A85EF80D015AA9483A9FB
:101800000900E39409FC4A85EF20503B0328840338
:101810006305080483451A0083470A001448A2059B
:10182000DD8D83472A005A875686C207CD8F8345B0
:101830003A002285E205DD8D02981C44232C040029
:101840001CC8B5BF2685E685EF80D01083D7A900D8
:10185000BE94E39687FB04445DB7184C1C4004C853
:101860005A9793E7470018CC1CC091BF828018514B
:101870009547631AF70CEFE29EC71C492A847D55F1
:10188000D9CF328AAE8455CA832A84005844835BF8
:1018900086003289BA9AC20A93DA0A01939907013B
:1018A00093D90901338B3A410356A900420B135BCC
:1018B0000B01032C49006376CB065A86E2853E85F0
:1018C000EF8050090357A9001C44B3056C0133078E
:1018D0005741BA99C20993D909013E854E86EF80D6
:1018E0007007B307350103290900E31909FA184CF9
:1018F0001CC852855E9718CC18401367470018C063
:10190000EF20D02BFE38184C2685B38B77415C44F2
:10191000239B7403998FDEB4EF30A01101456FE073
:101920009EC03E85E285EF80F0020357A900B30711
:10193000E500E31A67FB1C447DB70145EDF22E85F7
:10194000EF306058E9BF65558280EFE23EBBB719C2
:10195000012003C641BF138749C28147938949C209
:1019600093F6F70F63E5C6006D556FE07EBC032864
:101970000702938617001307C70363040800B6879E
:10198000C5B71309C003338927032E842A8A130697
:10199000C0038145B38429012685EFE0DEBA130533
:1019A000C9021146930544004E95EF80A07A5E303F
:1019B00080D8A685DCD083278A0222859CD4EF308C
:1019C0008016B7150100938545692285EF30A01672
:1019D000B72501009385E5862285EF300015B71500
:1019E0000100938565692285EF308014B7150100E9
:1019F000228505469385456DEF3080148D47DCCCFC
:101A000095479CD09C20014593E787009CC0B1BFBF
:101A100001CD3305A040B7270200938707871375D0
:101A2000F50F3E950821828001458280EFE2BEAE2F
:101A30009307C003B387F50237140120130744C28C
:101A40002A89AE841306C0038145130444C2BA97A1
:101A50003E85EFE05EAF630709001306C003CA8549
:101A6000EF80406F9305C003B385B402A2959C45F7
:101A70009CC9DCC96FE07EACEFE25EA82A8A3725FC
:101A800001204111AE89B28481456146130585A7C5
:101A900036C6EFE05EABB24637240120130904AF2F
:101AA000B68519461305C900EF80C06A1146D28574
:101AB000130504AFEF80006A1146CE851305490077
:101AC000EF804069130404AFA1E0B7070001FD17E0
:101AD0001CC4814483C741BF63CFF402EF10E048C8
:101AE00085475CD01567B7270120938747AE13075A
:101AF00007E298C31167130787A9D8C3254798C77A
:101B0000014541016FE0DEA21146A6851305840060
:101B1000EF8040647DBF93F5F40F0145EFF01FF1B6
:101B200085044DBF1841B7270120938747AE98C35E
:101B30005841D8C3184598C782801855B7573412F2
:101B4000938787676311F712EFE25E9B1C512A842B
:101B5000254563820710372901201306400481457B
:101B6000130509AFEFE03E9EB72401201306C00223
:101B70008145138544B3EFE01E9D1306C002A28584
:101B8000138544B3EF80005D938944B303A74901F3
:101B90004A86938744B32DEBB716020003D78666B7
:101BA00093868666AE222E97CE22F6222E97369701
:101BB0009316270163D3060AD8CBD84B9356E70078
:101BC000FD8A89EAB746F8FFFD16758FB70605004E
:101BD000558FD8CBD84B93563701FD8A89EAB74643
:101BE000F8FFFD16758FB7065000558FD8CBD84B30
:101BF0009316670063CA0600B70600FEFD16758FD0
:101C0000B7060014558FD8CBD84B9356B70189E649
:101C1000B7060040558FD8CBD85311E737170100CE
:101C20001307874AD8D3D44B014513D7E6007D8BE1
:101C3000238AD1BE930706AF98CF13D736017D8B89
:101C4000130620033307C702D8CF139766006354E7
:101C500007000947B8C36FE0BE8DF976FD16758F92
:101C60008966558F91BF1305F00F828003C641BF6F
:101C7000B7170120938647C20147938747C263176E
:101C8000E60081476313F7020145828003A807033A
:101C90006317A80009C50545EDD998A182800507FD
:101CA0001377F70F9387C703D9BFD05A6319A600DC
:101CB00019C50545F9D993E707F89CA182808507E6
:101CC00093F7F70F9386C60375BFEFE23E8337198C
:101CD00001202300050003C741BF4111930749C2FA
:101CE0008144130949C2631797001305000241019B
:101CF0006FE01E849387C70383A647FE638106189F
:101D0000850493F4F40FC5B7B727012083A707AF65
:101D10006C003EC6EF20F01D11469305C40268001A
:101D2000EF8040436C004E85EF20901E1306C003E9
:101D30003386C402B71501009385856D4E854A969A
:101D4000EF20F01E9547372501206C00232834032F
:101D50001CD0130505B6EF005058A6852285EFF07C
:101D6000FFCC014569B709476390E70AEF50B02EF1
:101D7000AA8963030512930AC4021146D685680036
:101D8000EF80403D324A370500F0EF106029337A8A
:101D9000AA00370500E0EF10A0286300AA04B725C9
:101DA0000120938505B66800EF10A06F1DE5B727E9
:101DB000012083A707AF12346C004E853EC6EF505A
:101DC00050031DE1D68511466800EF80A0385230DF
:101DD0006C004E85EF50F01C39A012349385C195EC
:101DE0004E85EF50100101C5EFF09FC209B71306F1
:101DF000C0033386C402B7150100938585794E85EB
:101E00004A96EF50F0213DBF0D4713051002E390B5
:101E1000E7EEEF3060475C4412346C005EB9B727E0
:101E2000012083A707AFAA893EC6EF2090252A8A02
:101E300011C54E85EF30200952857DB79305C0034B
:101E4000B385B4024E85CA95EF20F04DB715010059
:101E50004E8593854569EF20104E9547A6852285CE
:101E600023283403232A34031CD0EFF03FBC37254A
:101E700001206C00130505B6EF003046DDB504A166
:101E8000DC4DC4C12E84E39007EE03458402EF20AD
:101E90005016AA89E31A05E6454591BDEFE2AEE783
:101EA0004EB52A84EF20F03809CD8347640222859D
:101EB00093E727002303F402EF40F06405456FE049
:101EC000CEE7B727012083A747B4A183858BFDD731
:101ED00083476402858BFDD38947A303F40205473A
:101EE00023ACE1BEE1BF83C741BF6376F5041307AE
:101EF000C0033305E502B7170120938747C23E951B
:101F0000584D232C050050C50CC50CC94CC98D4734
:101F10006313F702085905C15A3993371600631C39
:101F2000F700EFE24EDF93150601C1814EB9EFF0E5
:101F3000FFF66FE08EE08280EFE24EDC14426944EF
:101F4000CDCE23200600328A1306C0033306C50215
:101F5000B7140120138744C2AA89AE87938444C270
:101F60003297032B8700504703298701404B329B50
:101F700063F326013689B30A8B4063F32A0981CBC8
:101F80003E855686A285EF80E01CB30755011307F6
:101F9000C0033387E9024A94330464412697832AB5
:101FA000870091C72286D6853E85EF80A01A569479
:101FB0009307C003B387F90223202A01A697984FFD
:101FC000C0CB3309274123AC270163180900984788
:101FD000D8CB98CB98436D9B98C39307C003B38924
:101FE000F9028D470144CE94D84C6318F70063166C
:101FF0000900CE248858EFF07FEA22856FE04ED3A7
:1020000091C74A86A2853E85EF80C0144A94E39129
:102010002AFB9307C003B387F902A697804749BFFD
:10202000EFE2EECC00422320060055C4AA876945A2
:10203000D9C51305C003B387A702371501201305BF
:1020400045C2B72A01208144AA9703AB07039387AF
:102050000AAFBC43938A0AAF898B99E39304700C4F
:102060009307805C63F487001304805C931C040175
:10207000328A2E8993DC0C01130C800C0146E68514
:102080000145EF208038AA8929C948412286CA859E
:1020900023AE0A02EF80000CCE855A85EF206071D6
:1020A000AA8B4E85EF20803183A7CA0399CB850484
:1020B000C204C180EFF02FB9E39284FD4D456FE07B
:1020C0008EC663D60B005E85EFF09F94CDBF2320B4
:1020D0008A000145EDB76945DDB74545CDB7EFE26B
:1020E0000EC100422320060055C4AA876945D9C500
:1020F0001305C003B387A70237150120130545C296
:10210000B72A01208144AA9703AB070393870AAF3C
:10211000BC43938A0AAF898B99E39304700C9307AD
:10212000005C63F487001304005C931C0401328A92
:102130002E8993DC0C01130C800C0146E6850145C9
:10214000EF20A02CAA8929C948412286CA8523AE3E
:102150000A02EF802000CE855A85EF506063AA8B7B
:102160004E85EF20A02583A7CA0399CB8504C2041E
:10217000C180EFF04FADE39284FD4D456FE0AEBA04
:1021800063D60B005E85EFF0BF88CDBF23208A00A9
:102190000145EDB76945DDB74545CDB7EFE22EB551
:1021A0008329060023200600638E090CAA872E8B44
:1021B0006945A1C11305C003B387A70237150120E4
:1021C000130545C2372A0120B28B930A900C814433
:1021D000114C130A4AB3FD5CAA9703A90703FD1A21
:1021E000C20A93DA0A0163980A0083A70B00C9CBDD
:1021F00001456FE04EB38327090163978709EFF02C
:102200008FA40357690719E34545E5B783270A01FA
:10221000858B99E3E36A37FF03244A0063738700E1
:102220003A8463F389004E84131604014182854683
:1022300091E38146DA854A85EF40F022AA844A85F7
:102240008DE4EF40502C83A70B00B3898940AA840A
:10225000A29723A0FB00229BE38C09F883270A01A5
:10226000858BB5FFEFF0CFFA69B763999401EF4022
:10227000902983270A01858BBDF379B7EF40B028F9
:102280002685CDB76945B5B75D45A5B79307C003AA
:10229000B307F50237170120130747C2BA9703A8FF
:1022A000070215476307E800DD47232006003E8547
:1022B0008280EFE24EA6D84F8D476318F700EFF00B
:1022C000FFEDAA873E856FE04EA701E7EFF05FD5EF
:1022D000CDBF89469307A00FE316D7FEEFF03FE08E
:1022E000CDB7EFE24EA3A147AA840021638AF5028D
:1022F00063ECB70085476381F502894713642400C6
:10230000638EF5006FE06EA3C147638EF5009307FF
:10231000000413640404EDB71364140080C0DDB737
:1023200013648400E5BF48591364040165D9EF20A4
:102330009039EDB7EFE22E9E41119305F1002A8905
:10234000A3070100EFF09F9215C5808793178401C2
:10235000E18763D407021374F4071307C00333043F
:10236000E402B7170120938747C23E94232A040250
:102370002320040241016FE04E9C83C741BFE37BF1
:10238000F4FE1307C0033307E402B71701201385D7
:1023900047C2938447C23A95544D0D47E39CE6FCEF
:1023A000832709010547DD1793F7F70F636DF700E2
:1023B000C145EFF01FF39307C0033304F4022694E2
:1023C0002328040275B71C2193E707041CC1E5B755
:1023D0003717012083C641BF130747C28147638F68
:1023E000F6001307C703032647FC11CEB7270120C9
:1023F000938707AFD85713670701D8D7B7270120AE
:1024000003C5C7B18280850793F7F70FC9BFEFE215
:102410008E90EFF0FFFBB727012023AE07B06FE0EF
:10242000CE9183C741BF6371F5029307C0033305A3
:10243000F502B7170120938747C2AA9798431375EF
:10244000F70F118B98C3828001458280B727012046
:1024500003C507B182809307C0033305F502B717A0
:102460000120938747C23E951C5995CF14511547BB
:102470005D45639BE60285899A279DC113678700A6
:102480009AA737270120130747AE144323A0D70A82
:102490005443184723A2D70A23A4E70A01458280A0
:1024A0005D9B9AA7E5BF5D4582801307C003330794
:1024B000E502B7170120938647C236971053954619
:1024C0006319D604EFE22E85045B585B938747C2FD
:1024D000630497005D479DE81304C003330485023D
:1024E00026853E94A28523280402EF20C06393052D
:1024F000F00F2685EF20404A454709C9B72501005E
:1025000048D89385A594EF20606301473A856FE032
:10251000CE825D473A858280EFD2FEFF1304C0036E
:102520003304850237150120130545C2DD442A9482
:10253000085801CD1850954781446318F700EF50B3
:10254000802E232804022320040226856FD0FEFE5D
:10255000EFD27EFC1304C00333048502371501203B
:10256000130545C2DD442A94085801CD18509547FB
:1025700081446318F700EF20C0242328040223209D
:10258000040226856FD07EFBEFD25EF79307C0036F
:10259000B307F50237140120930944C22A89411177
:1025A000130444C28144BE9903A5490301C92EC640
:1025B000EF207011B245AA8423A009029307C0033B
:1025C000B307F902A297885B09CD85E1EF20B00F30
:1025D000AA8481E81305C0033305A9022A942320A5
:1025E0000402268541016FD0BEF485476396F5004D
:1025F0008545EF20902BF1BF89476394F500814515
:10260000CDBFD954F9BF03C741BF637BE5041307AE
:10261000C003B307E50237170120130747C29546E9
:10262000BA9790535D47631ED602EFD2DEEEDC4FC1
:1026300009476397E700EFF03FEE6205618531A03F
:102640000D47639AE700EFF03FF4EFF06FBC2A8785
:102650003A856FD09EEE6547E5FFEFF07FEFF1BF63
:1026600069473A858280B727012003A587B4358161
:1026700005898280B7270120938707AF054741115D
:10268000C8CB94DBD0DB8CDFD8D741018280B72761
:102690000120054723A6E7B28280EFD2DEE7B72705
:1026A000012003A607B483A601851317860161875D
:1026B000630B051483C7C1BF61488948338807038A
:1026C00036980323C800631013150343150083488D
:1026D0000500032808002203336313018348250003
:1026E000C20833E3680083483500E208B3E86800B5
:1026F000639B0811E207E1873E856FD01EE4B38833
:102700005702B69803AEC8006319060763170E0692
:102710001398870113588841850793F7F70FE3E073
:10272000C7FE6317060193F81500FD57E38608FC02
:102730008989FD57F1F19377F80F636BC8009377A0
:10274000F30F6367C300FD57E378C7FA9377F70F7A
:1027500061473387E702BA9623A6060001CD103100
:1027600018212206598E38214207598E38316207C6
:10277000518F98C2238806000DA863147E040DC9EA
:10278000834E1500034E0500A20EB3EECE01034E9C
:102790002500420EB36EDE01034E3500620E336E2D
:1027A000DE0183AE08006315DE01238EF1BE99B70A
:1027B00083C80801E3E2E8F7139787016187468F32
:1027C000A1BFE31B8EF415C5834E1500034E050013
:1027D000A20EB3EECE01034E2500420EB36EDE0113
:1027E000034E3500620E336EDE0183AE0800E30E49
:1027F000DEFB83C80801E3E1F8F313938701135369
:102800008341C68F11BF3A883A83814F014F814778
:10281000E1428543094421B7EFD25ECE98319C2135
:10282000368A22075D8FBC215441C2075D8FBC31BF
:10283000E207D98F639BF60089E6D9573E856FD0B2
:102840003ECF0545EFE03FE2CDBFE5DB2E842A8990
:10285000AA852285B289EF00D04465F11C3004209E
:10286000370500F0A207C58F2420C204C58F24308D
:10287000E204DD8CEF00C07AE98C370500E0EF0060
:10288000207AE38CA4FAD2852285EFF01FE1AA8793
:10289000E34605FAE147B307F50203A501853E9536
:1028A00089475CC5232A25019387590013079500A2
:1028B00094237D1714B39386F7FF6396F9002308DA
:1028C00005008147A5BFB687E5B7B727012003A557
:1028D00007B403A801850147E14809430546130EE3
:1028E000F00E6363A7008280B3061703C2969C2A8A
:1028F000CC46850793F7F70F9CAA63986500636A37
:10290000FE0005071377F70FE9BFE39CC5FEE37AE6
:10291000F6FE23A60600F5B721CDEFD2DEBFC441F7
:102920002A84DC34C824A2075D8DEF00606BA167A8
:1029300093870710938524016304F5009385E400D1
:10294000D835DC2522075D8FFC25C2075D8FFC355D
:10295000E207D98F5840B98F1844F98F81EB81462F
:1029600013866400B1052285EFF01FEB6FD0FEBC2B
:10297000828063030516EFD27EB83A269307900251
:102980004111B2892E8AAA8463E8E7004E85EF10D0
:10299000F02241016FD0DEB9032946008347D900F8
:1029A0000345C90013042901A2075D8D152DA167F8
:1029B000938707106304F5001304E900834A1400A9
:1029C0001C200545A20AB3EAFA00192DE390AAFCDF
:1029D000834A54005C2013054060A20AB3EAFA005F
:1029E0000125E395AAFA834A34003C200565A20A32
:1029F00013050580B3EAFA00E523E399AAF8930AE0
:102A0000E4001146D6856800EF70C074D440130608
:102A10008400ADC2183C1C2C22075D8F3C2CC207E1
:102A20005D8F3C3CE207D98F6396F60485466C00C7
:102A30002685EFF07FDE054B7C306820A2075D8D98
:102A400045238547630FF5028947E311F5F46C00D0
:102A50002685EF102033B727012003A787A7E307B8
:102A600007F2938787A7DC47E38207F26C0026858D
:102A7000829729BF81466C002685EFF0FFD9014B74
:102A800065BFE3050BF00945A12B68A0218168B063
:102A90001146D68513058401EF70C06B11469385EE
:102AA00044005685EF70006B350415099547FD56B7
:102AB00018207D197D1438B4A300E9003307FA000B
:102AC0001823FD1718B0A303E900E393D7FE9C4C2D
:102AD000CE85268582975DBD8280EFD23EA22A896F
:102AE000AE8901469305A0020D45EF1010127D54EA
:102AF0004DC94041AA840545E52148A8218148B82F
:102B00009306E90293075400154793854195138670
:102B1000C1947D5503C80600FD17FD16A38B070160
:102B20003388E50003480800A38007033308E60064
:102B3000034808007D17A380070103C81600A3837C
:102B40000701E319A7FC1146930549001305C401C9
:102B5000EF704060CE85114613056402EF70805F10
:102B60000545BD2968A48569218168B4138509805C
:102B7000852908A8218108B813054060952128A857
:102B8000218128B813856980A1298327890148A458
:102B9000218148B4A6854A8582972A842685EF102C
:102BA000F00122856FD0DE98EFD25E952E842A89BF
:102BB000AA852285B289EF00D00E01C559556FD084
:102BC0003E971C300420370500F0A207C58F242053
:102BD000C204C58F2430E204DD8C9921E98C3705CD
:102BE00000E03D29E38CA4FC18301C2022075D8FF7
:102BF0003C20C2075D8F3C30E207D98FE1D3854589
:102C00002285EFF09FA9E34C05FAE147B304F502F2
:102C100003A70185138A018585472697544799EABA
:102C20005CC7EFF0DFA6A2854A85EFF01FEBE388D3
:102C300009F831A0E387F6FE7D55E38409FE83277A
:102C40000A000947A697D447E39BE6F603A4490088
:102C5000138797001306E902930654008D070C238F
:102C60007D17FD168CB20C227D16ECB2E319F7FE2F
:102C7000056513050580AD268327890148A42181B8
:102C800048B4CE854A8582971DBFEFD23E87AE8479
:102C900041112A89B94526853284EF10406B631EA5
:102CA0000510CA852285EF00C07F631505101C3012
:102CB00083490400370500F0A207B3E737018349D1
:102CC0002400C209B3E7F90083493400E209B3E9FB
:102CD000F900B926B3F9A900370500E091261020C4
:102CE000143038203C30639CA90813958600518D20
:102CF0004207598DE20785456C845D8D9305E0059B
:102D00004C85392E41811375F507C88508301C2084
:102D100022055D8D3C20C207C98F283062055D8D7C
:102D200001262181488608301C2022055D8D3C202B
:102D3000C207C98F283062055D8DDD24C886340046
:102D4000C04095477D5613075400B385F6008C218B
:102D50007D170CB3B305F90083C59502FD176CB35D
:102D6000E395C7FE0565130505809D2C8327890122
:102D700048A4218148B4A6854A8582970DA8A20659
:102D8000D18E4207558FE207D98F03274900B98FAB
:102D900003278900F98F99C78327C900715581CB13
:102DA0001304C9002686A2854A85EFF0FFDF4101A2
:102DB0006FD00EF89386C19461B77955CDBFEFD22D
:102DC0008EF544412A842E89DC34C824A2075D8D07
:102DD000012CA167938707106317F5009C3888289A
:102DE000A2075D8DF52A9307058091CB85679387B0
:102DF00067806302F5042285EF10405C15A8A28568
:102E00004A85EFF07FB1DC34C824A2075D8DC92A62
:102E1000A16793870710B9456313F500C945B3054A
:102E2000B0402285EF10A05279F5CA852285A924E9
:102E300001456FD08EF02286930599024A85EFF006
:102E40005FB3FDB7EFD22EEDB7270120938707A917
:102E50005CD193075006A309F5029307E006230A05
:102E6000F502B73701009387A7C85CC9B7370100DF
:102E7000938787EA1CCDB725012099472A8423042C
:102E8000F502232E05001946938595B81305950282
:102E9000EF70402C9307C05D1EB8930730032309E1
:102EA000F40201456FD06EE9EFD2EEE6B1642E84F4
:102EB00093841435EFF08FD9118915CDFD1485CC8D
:102EC000EFE02FEC2A897DD5AA87814401E8CA85E5
:102ED0002685EFE0EFE701456FD02EE632244C4027
:102EE0003E85EF7020273A240040BA94C204B3070D
:102EF000E500C180E1BF5155C5B7EFD22EE0B7273D
:102F0000012083A787B5AA89138501C0938401C0D6
:102F100082978C40A9C983C751BF138401C093F71E
:102F2000F70F81E78547A38AF1BEC2050D46C1812F
:102F30000D454440EF10604D2A8915C52A8432247E
:102F40004840A685EF7000213E240040BE9465F8FD
:102F5000EFE0EFDE83A70901CE854A85829701C5A0
:102F60004A85EF10A0456FD0AEDCEFD2CEDA41112A
:102F70003724012002C202C402C6EF00D078130534
:102F800004B6B725012019469385C5AF13059502F0
:102F9000EF70401CB727012003A707AF938707AF47
:102FA000130504B63AC29847DC433AC43EC623A090
:102FB00001C223AE01C0EF10A03837380100B73787
:102FC0000100740030004C001308E8DB938747E4ED
:102FD0000147130504B6EF10003141016FD0EED563
:102FE0009317850021815D8D420541818280931771
:102FF000850021815D8D42054181828013578501C5
:1030000093178501D98FB706FF0013178500758FB9
:10301000D98F4167130707F02181798D5D8D8280FB
:10302000EFD26ECFEFF09FFD6FD02ED1EFD2AECEAC
:1030300003A401C2AA8401EC03A5C1C111C5EF100C
:10304000803019C103A4C1C122856FD00ECF228563
:10305000EF10602F05C198309C2022075D8FBC20A7
:10306000C2075D8FBC30E207D98F5840B98F184432
:10307000F98FF9DB0040C1B7EFD26EC74041AA8497
:10308000AE891C300820A2075D8DEFF05FF631811C
:103090004205418191476306F5002685EF10003215
:1030A00031A41C300820A2075D8DEFF05FF4198178
:1030B0003C30137AC5032820A2075D8DEFF03FF363
:1030C000BE242A89E3EB47FD9E24E3E8A7FCD285D2
:1030D0002285EF40F04171F1CA852685EF10E04668
:1030E000370500F0EFF0DFF3370500E0EFF05FF3B6
:1030F0004E89054B930B04014A85EF10C02411E55E
:1031000063130B12032909000DA293074900EDDB9D
:1031100083264900F5D618381C2822075D8F3C28E5
:10312000C2075D8F3C38E207D98F6382F604CA85F7
:103130005E85852E0DED1C38834A0401370500F0AD
:10314000A207B3E75701834A2401C20AB3E7FA0092
:10315000834A3401E20AB3EAFA00EFF07FECB3FAF3
:10316000AA00370500E0EFF0BFEBE39BAAF8583464
:103170005C2422075D8F7C24C2075D8F7C34E207CC
:10318000D98FB9C3CE851305C400212EE31705F0EE
:103190005C34034AC400370500F0A207B3E74701D7
:1031A000034AE400420AB367FA00034AF400620AE1
:1031B000336AFA00EFF0DFE6337AAA00370500E061
:1031C000EFF01FE6E30BAAECE30909EC03497400F6
:1031D000682022093369A90011657D15EFF05FE0D1
:1031E0003375A90011C52685ED26AA8461C1404129
:1031F000CE852685EF10604955E91C340824A207C6
:103200005D8DEFF0DFDE1375F50F99476303F50A67
:10321000C5476309F50885476312F50ACE852685FB
:10322000EF40006D61A003A901C2631439010329B5
:103230000900014BE31209EC1C340824A2075D8D40
:10324000EFF0FFDA1375F50FC547631EF500B307FE
:103250004401A823BC33A2075D8DEFF05FD993072B
:103260004004630DF502854A1C340824A2075D8DD5
:10327000EFF0FFD71375F50FC5476319F508229ACC
:1032800083473A0003452A00A2075D8DEFF03FD641
:103290009307C076631CF5064E893DB7E39809F2A3
:1032A000814AD9B7CE852685EF40201101456FD0E0
:1032B0008EA7CE852685EF20702ACDBFCE8513053B
:1032C0000401C522E31B05DC1C3803490401370552
:1032D00000F0A207B3E72701034924014209B367BD
:1032E000F9000349340162093369F900EFF05FD353
:1032F0003379A900370500E0EFF09FD2E30FA9D89A
:10330000C0C089452685EF40B00341BBE3910AE682
:1033100069B3EFD2CE9DAA894289630F0612AE8AA5
:10332000D1453A8AB284B68B3E8BEF104002795772
:103330006311051203A44900A20B1C340824A20740
:103340005D8DEFF0DFCA1375F50F33657501EFF092
:103350003FC91357850018B408A4EFF05FC9218155
:103360004205418122053365650142054181EFF047
:103370003FC798309C2008A422075D8FBC20218184
:1033800008B4C2075D8FBC30116513050550E20714
:10339000D98F13D787001CA818B813D70701E1836A
:1033A0003CB838A83365AA00EFF09FC308A021817C
:1033B00008B003D58900138A81C0EFF07FC228A02E
:1033C000218128B003550A0023030400A30304004D
:1033D000EFF01FC183570A0048A02181850748B03C
:1033E0002310FA0063810A0203C71A0083C70A0088
:1033F00022075D8F83C72A00C2075D8F83C73A000B
:10340000E207D98F99E713074900814719C383273A
:10341000490013D787005CA458B413D70701E18390
:1034200078A47CB423050400A3050400D1452285BB
:10343000EF40100C28A4218128B48357090385C3C9
:1034400003D7890063FDE7002686CA854E8585235C
:103450002A873A856FD02E8D4441C104F9BF832756
:1034600049012686CE854A858297DDB7EFD2AE8A9E
:1034700001112A8432852ECE36CC3ACA3EC832C6D5
:10348000EFF0DFBA09CDC2475247E2463246F24575
:103490002A882285EFF0FFE705616FD00E8A71550B
:1034A000E5BF18311C2122075D8F3C21C2075D8FCB
:1034B0003C31E207D98F9386F7FF75576366D702D1
:1034C00003C725030145098B0DC3D841630FF700DE
:1034D00094453D8F758F11EB13C5F6FFE98F33854A
:1034E000A74013351500828005458280EFD22E80DB
:1034F00003A4C1C0C544014B1389C1C019E06FD0FA
:103500008E82FD1493F4F40FFDD87C3C032C040050
:1035100091C7FD177CBC228B6284CDB78329440000
:10352000814A03A549005C315821A207D98F85EF54
:1035300018311C21514622075D8F3C2193058400E0
:10354000C2075D8F3C31E207D98F5CC0EF609040CD
:1035500085454E85EF4000604E85EF108004AA8AB5
:103560004E85EF00B0658329440063960902032766
:1035700009001C40631CE4042320F900A2851545C2
:10358000EF00B0461387A1C01E235A84B38A574167
:103590002310570149B703A749004E851C33034A3E
:1035A0000700A207B3E74701034A2700420AB367AF
:1035B000FA00034A3700620A336AFA00EF00707EAD
:1035C000AA9A4E85EF00905FD28945B72320FB0071
:1035D00075B7EFC2DEF144412A899C308820A207EA
:1035E0005D8DEFF0DFA019811375C503D14763121C
:1035F000F526FC30E820A2075D8DEFF05F9FBC3020
:103600002A8BA820A2075D8DEFF07F9E9C30AA8CAC
:103610008820A2075D8DEFF09F9D2A8C4A85EF00E0
:103620005078B727012083A747B403D7A1C02A8DBC
:103630008D832A97FD8B9389A1C063ECE72003A4B7
:10364000C1C0814A138AC1C01DE81545EF00F0379B
:103650002A84630005207146814513054400EFC0AC
:103660009EEE8D477CBC83270A0023208A001CC065
:103670005146A68513058400EF60D02D95ACD83453
:10368000DC2422075D8FFC24C2075D8FFC34E20737
:10369000D98F58486316F70298389C2822075D8F07
:1036A000BC28C2075D8FBC38E207D98F184C63195C
:1036B000F700DC30D4205A24A207D58F6306F72008
:1036C000A28A004051B7CC4203C8550003C345004D
:1036D000220833686800637C060D93D5860094A3A6
:1036E0008CB393D50601E182ACA3B4B3630E072A71
:1036F00074336C23A206CD8E6364D6146362A8145F
:10370000935689002300270114B3935609011359D6
:10371000890134A3A3012701782C014B058B630F8A
:103720000718638D081858404443D830D420220726
:10373000558F6315071894339823A206D98EB823A2
:103740004207D98EB8336207558F61E75E2C03C9F3
:1037500004005146D1075EAC9C3093058400268559
:10376000A207B3E7270103C924004209B367F900A0
:1037700003C9340062093369F900EF60B01D4A2CB7
:10378000EFF01F86A8A02181A8B023830400A383A3
:10379000040023850400A3850400D1452685EF405D
:1037A0002055A8A42181A8B4032B4400D5A0630907
:1037B0000609F43103C36500A206B3E6660063613F
:1037C000D60801CB742378332207558F6303E800B2
:1037D0008148983194212207558FB421C206558F14
:1037E000B431E206D98E2E8765AA9356890023004C
:1037F000270114B3935609011359890134A3A30176
:103800002701742378332207558FE307E6F08148B8
:1038100021B75443EC23F833DC32D0222207A2072D
:103820004D8FD18F631AF7029C329822A207D98F4D
:10383000B8224207D98FB83262075D8FB68731B799
:103840004A85EF00105683D709003385A74023909F
:10385000A9004A85EF009036014B8DA0B1554A85ED
:1038600083244900EF00B02ECA855A85EF003055F9
:103870009C3003C90400A207B3E7270103C9240051
:103880004209B367F90003C9340062093369F900DA
:10389000E31609FC03270A001C406314E4022320FA
:1038A000FA00A2851545EF0050145A85EF00704FBD
:1038B00083D709003385A7402390A9005A856FC09C
:1038C0009EC623A0FA00F1BFFC30E820896BA20756
:1038D0005D8DEFF0CFF1FD1B337575014205418120
:1038E00001E96A24EFF0AFF033757501E31205D8F2
:1038F00083D709003E9D2390A901FC30E820A20750
:103900005D8DEFF0CFEE9317250163C2070213150B
:103910003B017C2C4D810E05135C6C006695137C7D
:10392000CC0393E71700330585417CAC4AAC832474
:103930004900BC30A820A2075D8DEFF04FEB9C3012
:103940002A8B8820A2075D8DEFF06FEAFC30AA8BEE
:10395000E820A20793DB6B005D8DEFF04FE94E0589
:103960004D81131635003305CB0013FBCB038327A2
:103970004900330565414205135786004181544093
:10398000D8B313578500F8B323800700A38007003E
:1039900023810700A3810700D0A3E8A3854801473E
:1039A000E39306D2E31307E423222401B5B3EFC265
:1039B0009EB3032C4500011132CA03477C00AA8D37
:1039C00003456C00220783DB0503598DAE8CEFF0B5
:1039D0000FE28966B377D500138ACBFEA146334A3E
:1039E000DA0283D48D0009677D173EC63379E5007E
:1039F000B1144209C20413590901C1800144514D57
:103A00003ACC420A135A0A0193163A0093970601D8
:103A1000C1833EC89387DBFE3ECE89E40145056144
:103A20006FC03EB0E247A68A337BF900B24733EB62
:103A30006701F24763C6F400C24A8967336BFB0033
:103A40000146D1450945EF00501CAA8939C94841B2
:103A50005146E285EF60007003A64D0083AB49003C
:103A60006A9623A2CD0003D6AD00B306A6412395E6
:103A7000DD00568D63090D0403D4AD0063738D0022
:103A80006A844204418001E483AD0D00E5B78145BD
:103A900009460D45EF007017AA8511E54E85EF0028
:103AA000F0117D55ADBF03A64D0002A522A550C162
:103AB0004E85EF00D030B3068D40139D0601135D97
:103AC0000D01E3130DFC5A85EFF08FD12383AB007A
:103AD0002181A383AB0013854A0142054181EFF0A8
:103AE0002FD02381AB002181A381AB00D145238559
:103AF0000B00A3850B005E85EF40801F03A74C01E0
:103B000052462385AB002181A385AB00CE85668517
:103B10000297B384544152994E85C2044209EF0082
:103B2000F009C18013590901228DC5BD3C29638567
:103B3000B7002CA9A309050082805E2D184DB3069D
:103B4000F7002388B60E938627008507C207C18336
:103B500056ADBA972388C70E82805A2D1C4D930606
:103B6000170056ADBA972388B70E82805E2D184D88
:103B700013D68501B306F7002388C60E9386170077
:103B8000C206C182BA9613D605012388C60E938653
:103B90002700C206C182BA9613D685002388C60EB6
:103BA000938647008D07C207C18356ADBA97238815
:103BB000B70E828015C15E2D184D13063004938612
:103BC000170056ADBA97FD562388D70E5E2D637643
:103BD000F60093F6370091E282809386170056AD87
:103BE000BA972388070EDDB7630C0516EFC2BE92A5
:103BF00003290502DD5763020916AA8401469305CD
:103C000040130145EF007000232AA9002A87FD57C1
:103C100063050514834639019387418581E6944302
:103C2000850694C3404388438547232C890023207D
:103C3000A9001CA01CB099473CA0A3010400EFF010
:103C4000EFBB9357850048A05CB093570501618195
:103C50007CA068B003248901294723040400A3043D
:103C6000040023050400A305040023060400A306A2
:103C7000040023070400A307040083472901638885
:103C8000E700F11793F7F70F0547636AF700DC20A9
:103C90005CA4DC305CB4FC207CA4FC307CB4230845
:103CA0000400A308040023090400A3090400230A54
:103CB0000400A30A0400230B0400A30B0400230C3C
:103CC0000400A30C0400230D0400A30D040083C50D
:103CD00084028147414613970701418381466376F9
:103CE000B7003387F400834697023307F40054AFDC
:103CF0008507E392C7FE1307C4029307C406230097
:103D000007000507E39DE7FE1307C40E23800700A5
:103D10008507E39DE7FE3755826313053536EFF0DF
:103D2000EFAD935785002306A40EA306F40E0326D9
:103D300089019357050161812307F40EA307A40E9F
:103D4000231E0900814713074004B306F6002388A9
:103D5000F60E8507E39BE7FE81473E856FC0EEFDCB
:103D6000D9573E85828011CDEFC2EEFA005101C8CD
:103D7000484811C1A125232A0400232C04006FC048
:103D8000CEFB828063000518EFC2EEF80051630994
:103D900004163828A1476315F71698319C2122078D
:103DA0005D8FBC21C2075D8FBC31E207D98F1854EB
:103DB0006398E714AA84B1452285EFF03FD72685A2
:103DC000EFF09FE263190512054693055003228523
:103DD000EFF0BFD691452285EFF03FD8114693050D
:103DE00020032285EFF07FD50854EFF06FA3AA855A
:103DF0002285EFF0BFD71146930560032285EFF0CF
:103E0000DFD34850EFF0CFA1AA852285EFF01FD66F
:103E10001D469305D0032285EFF03FD25E2C184C4F
:103E200005462285B306F7002388C60E13862700B1
:103E30004206418252AC9386170083C59402C206A3
:103E4000C182BA962388B60E93863700C206C18215
:103E500056AC83C5A4023A96BA962308B60E1386CA
:103E600047004206418252AC83C5B4023A96238889
:103E7000B60E93865700C206C18256AC83C5C402F3
:103E8000BA962308B60E138667004206418252ACEA
:103E900083C5D4029D0732972388B60E5EAC83C7D4
:103EA000E4022308F70EEFF0FFD04E2C484893852C
:103EB000050FC205C181512D034784021C4C4C489B
:103EC0004840D8A70347940203A94400D8B7034742
:103ED000A4029306300413860196F8A70347B402A0
:103EE000F8B723A204002687EF30407A268523A264
:103EF0002401EFF05FE73C3885073CB885477EAC8E
:103F00006FC0AEE38280EFC20EE11128BD24B72757
:103F1000012083A787AD91C382976FC00EE237E778
:103F2000002013077706719B23AAE1C0B727012061
:103F300083A7C7B3231107008D07F19B9396070151
:103F4000C182BA9716A32302070023ACF1C005462D
:103F5000D0A396A3B6A323A8E1C0828049C183A7BA
:103F600041C1636EF50683A581C1637AB50683A658
:103F700001C1130685FF230E05FE138701C163737C
:103F8000D60010C3835685FFBE966304D60203C8CD
:103F9000460063100802638ED5000C436393B6009D
:103FA00010C38E22231CB5FE9622B305F640BE96A2
:103FB000AEA28355A5FFB386B7006302D60203C83D
:103FC0004600631E0800032807006313060114C39C
:103FD000035785FF9AA2035785FFBA97AEA3828045
:103FE0008D05C205C181F199C205C1813147AE87F6
:103FF00063F3E500B147372701200326C7B3C207A3
:10400000C1830D06719A6360F60A03A741C1636D0F
:10401000E50883A681C16379D508930685FF835897
:1040200085FF998EC206C182938588FF958DC20552
:10403000C18163EAF5066389F50633031701034876
:1040400043006314080293858600138801C1AE976C
:10405000032E0800C207C18383580300B305F7008D
:1040600063166E022320B80015A01388470163ED84
:10407000050393858600AE97138801C1C207032309
:104080000800C183B305F700E3EE65FC239015013A
:10409000B6A123820500231CF5FE96216306D600F7
:1040A00036973EA382800145828039C513073500CB
:1040B00042074183719B42074183B146BA876373CC
:1040C000D700B147372701200326C7B3C207C183F2
:1040D0000D06719A01456362F60203A701C183AE22
:1040E00041C1938501C13303F640B306D741C206EF
:1040F000C182615E63E46600014582803385DE0033
:104100000348450083580500631708063308DE405E
:1041100046986362F8061383470163626804A10747
:10412000B697C207C1833388FE00231018012311FC
:10413000D8002302080085461EA154A1835608001A
:104140006304D600F696BEA26319A70083A681C1B8
:104150008147502301EE91C398C121058280854794
:104160005CA1DDB71A2385477697E5B7E39CE6FEA9
:10417000EDD794C1DDB7C686B5BF83A5818583A67B
:10418000C185B7F700209387372E37270120F19B91
:10419000130787B91385060103D8050023200700FC
:1041A00001466318C800890611078905E396A6FE33
:1041B0008280832807000506420623A0170183D8C2
:1041C00006001CC34182C697E9BF9D4763EDA70067
:1041D000B72701200A05938787B9AA97884309C59D
:1041E000184198C382800145828099C993172500A0
:1041F00037250120130585B93E951C419CC10CC192
:104200008280EFC2AEAF98319C21AA8422075D8FD5
:10421000BC212E84C2075D8FBC31E207D98F584183
:10422000639FE70018301C2022075D8F3C20C207E7
:104230005D8F3C30E207D98FDCC06FC06EAF03A545
:10424000C1C201499309400605C11841DC40032A57
:10425000C5006311F7048545EF0030659307190029
:1042600093F7F70F63F7290383A741C3C5DF98438B
:1042700019CFD440631DD70014301820A206D98E60
:1042800038204207D98E38306207558F98C3DC47F3
:10429000F1BF3E8952854DBFEFC2EEA7411132C634
:1042A00036C42A84EFF0FFF53246A246814719CA88
:1042B00018321C2222075D8F3C22C2075D8F3C32E0
:1042C000E207D98F1CC4814799CA98329C222207E1
:1042D0005D8FBC22C2075D8FBC32E207D98F5CC400
:1042E00041016FC08EA5EFC20EA358CD138741C206
:1042F00083480700411123220500232405002326BB
:104300000500230905022320050213831800A30AD0
:104310001503232805012A843EC623006700EFF019
:10432000BFF7B2472285829711E9938701C298436C
:1043300018C080C3228541016FC02EA00144DDBF9B
:1043400023AEA1C082800345250305898280AA8708
:104350000145A5C5BDC3139605014182328863DBC3
:1043600005003308C040BA27420813580801054524
:1043700063650705D427D84381C60D456391A6021E
:104380000D8F9386070105456369D702D8C3BA2705
:1043900001453297BAA79A273A9692A78280FD16CE
:1043A000C206C1828548054563E9D80063D7050088
:1043B000B62763E406010D8FD1BF8280EFC20E9451
:1043C00001440DCDAA8501440D498549FE25FD17FF
:1043D000C207C183FEA59DE3DC2584411D4563889A
:1043E0002701FD17C207C18363EDF9001945EFF0FE
:1043F000DFDF05041374F40FA685E9F822856FC08A
:104400002E932E85EFF09FB5EDB7EFC22E8F854727
:10441000630DF50031C589476306F5048D476305D3
:10442000F504014422856FC0AE908144D104B904E3
:10443000C204C1808947B2892E8963E9C70279CA5B
:104440001945EFF09FD82A8469DD23220500231443
:104450002501231525012320050023063501B5A0DC
:10446000D144E9B78144E1B78144E9B78D470144BC
:10447000E31AF6FA1D45EFF05FD52A845DD1B30744
:104480009500CD07F19B372701205CC1930747B307
:10449000DC438D04F19893879703F19B2306350144
:1044A0002320050023142501B3849740930947B3C3
:1044B00063739900CA84854726A47EA4B3049940F7
:1044C0000D4A2289854A6347900085477EA4A3064A
:1044D000040089BF1D45EFF05FCF09E52285EFF0AD
:1044E000FFED81B783A7490023164501232005006E
:1044F0002320A9009387970306A5F19B63F3F4009B
:10450000A687130705013EA558C1231755019D8CA9
:104510002A8955BF9387350013853401F19B719922
:104520003E9542054181EFF05FB82A84E30B05EE2A
:10453000AA94CD04F19844C1231425012315250123
:10454000232005002306050049B71E2563FAF5045C
:10455000EFB27EFC2A84AE84B387F5402E2463E953
:1045600095025C2481EF638B95004C402285818D00
:10457000A695C205C181EFF0BFA62A84084026A4F3
:1045800006A419C1EFF09FE3232004006FB0FEFAE8
:104590001A248D8CC2043E971AA4C18000407DBFAE
:1045A0008280814719E13E858280850793F7F70F66
:1045B0000841CDBF01C57E2585077EA5828009CD36
:1045C00099E182803A859E2516251841B697C20743
:1045D000C1831EA565FB0CC18280EFB2DEF32E8481
:1045E000EFF0FFFD2285EFF0FFFC6FB01EF53DCD33
:1045F000EFB2DEF02A84AE845955ADC51A249E254B
:104600006362F7060149014A8359A400BE24B389B5
:104610004941B387274163C9F90493990701484089
:10462000CC4093D909015295CA954E86EF509032ED
:104630004E9A3E24420A4E994209135A0A011359CE
:104640000901639447010040014ABE246365F900F3
:10465000844099CC0149BA249E246316F7029C40F9
:104660009DC35D556FB0DEECC20955BF59558280C0
:1046700009C801493A241E246314F7001C40F5F3CD
:10468000C1F40145C5B77DF441B7EFB23EE7032958
:104690004500AA898347990003458900014AA2077A
:1046A0005D8DEFE0DF94937AF50F03A481C23109A9
:1046B000938481C201E401456FB09EE71C28014547
:1046C000639457035C488DC3084CCA864E86A28506
:1046D000829719C963080A005C442326FA009C40AB
:1046E00080C05CC4054581495C44228A71F53E84E2
:1046F000D1B7814799C998319C2122075D8FBC2190
:10470000C2075D8FBC31E207D98F1CC10145828091
:10471000814799C998319C2122075D8FBC21C2072E
:104720005D8FBC31E207D98F5CC1014582804CC9E5
:1047300010CD8280EFB29EDCAE842A89D1452685D9
:10474000B289EFF0DFC015C9014681450545EFF09C
:10475000DFCB2A8409E57D594A856FB07EDDA685C9
:10476000EFF0BFE74E85EFE07F8C19ED7159E3055F
:1047700094FE2285EFF09FC4C5B7B1552685EFF0B2
:104780001FBD71F92684F9BFCA8563050900832717
:10479000090099E393054500834709010347A900F0
:1047A0008346B9002A884E862285EFE09FB62A8983
:1047B0007DBFEFB25ED613064500EFF0BFF76FB0D6
:1047C000DED7EFB25ED5138781C21C43AA85639002
:1047D000A7025C451CC30145EFF03FA16FB0FED5B9
:1047E000D84709C76314B700D845D8C7DC47EDFBE5
:1047F000DDB7EFB25ED2AA840145EFF01F9D2A8497
:1048000011CD71468145EFB01ED4930700F83CB43A
:10481000938781C2984304A880C358C422856FB08F
:10482000DED16D55828083A6C1C203A641C483A593
:1048300041C303D54186938741861307150013159D
:104840000701131807014181635308000565368786
:1048500019E7328719EB2E8719EF8AA38280035854
:10486000C701E30CA8FC5847E5B70358C701E306A6
:10487000A8FC5847C5B70358C701E300A8FC584730
:10488000E1BF1C4963960710EFB25EC74111AA84CD
:10489000328411E62EC6EFF01FF9B2452A8403A731
:1048A00041C331E703A7C1C225EB83A901C3138923
:1048B00001C34E8759E783A741C4CDEB85C1983129
:1048C0009C2122075D8FBC21C2075D8FBC31E207AE
:1048D000D98F89C711462685EF50D007C2AC23A6D1
:1048E000340123209900014541016FB07EC45E2F41
:1048F00063928702104359CED1CD94319C21A206F8
:10490000DD8EBC21C207DD8EBC31E207D58FD9C355
:104910006302F608584771B75E2F6392870210430F
:1049200035CAADC994319C21A206DD8EBC21C207D7
:10493000DD8EBC31E207D58FB1CF630DF604584749
:10494000A5B75E2F63928702104329C6A1C5943193
:104950009C21A206DD8EBC21C207DD8EBC31E207A0
:10496000D58F8DCB6308F6025847A9B7DA2F631F9E
:10497000870094319821A206D98EB8214207D98E9A
:10498000B8316207558F94436386E600DC4735B73C
:104990004D558280555589BFEFB2FEB71C49411174
:1049A00091C70144228541016FB03EB92AC60D4529
:1049B000EFF0BF812A8475D5B245138701C39C4DA2
:1049C0001CCDDE2D5EAD85471CC99E2593E72700D3
:1049D0001EA5BC353CB5BC253CA59C411CC11C4357
:1049E0006394B702DC451CC323A605000945EFF01C
:1049F000CFFFB7570100938727821CD0938741C30D
:104A0000984380C358C479BF23A0F1C4814613875B
:104A100001C489E7F1DA23200700F9B7D04763170B
:104A2000B60091C21CC3D845D8C77DBF8546B287A2
:104A3000CDB7AA870358C5021459D23B0C5583D869
:104A400007043305D84005822E95328763F3C800EA
:104A50004687420741833307E540634507002397B4
:104A6000070382803387D5406356E000239707020F
:104A7000014582808D8EF6B7E5BFEFB2DEA95E35C7
:104A80002A84BE95C2055E39C1814EB563F3B70075
:104A90005EB52285EFF0FFF95E388983634BF50040
:104AA00083476402228593E727002303F402EF2063
:104AB00080256FB09EA8EFB21EA64111014409CD1A
:104AC000AA854841014411C52EC6EFF03F8FB2457B
:104AD0002A841145EFF06FF1228541016FB0FEA5E8
:104AE000EFB27EA3014401E522856FB01EA504410B
:104AF000EFF07FFC2A941374F40F2685EDB7EFB224
:104B00009EA141112AC61145EFF02FEC2A8401C95C
:104B1000B2455146EF5000644840EFF0BFA92285EE
:104B200041016FB09EA10CCD82802328B508828000
:104B30002326B5088280232EB50882800CD182807E
:104B4000232CB508A30EC50282801C490547637457
:104B5000F70429476381E704EFB2FE9B2A8403250B
:104B6000850809C5EFF09F85232404080325440820
:104B7000FD577EBCEFF0DFF6685C23220408EFF0FF
:104B80003FF603250408EFF0BFF5232E040623208B
:104B900004086FB09E9A8280EFB2FE94B724012081
:104BA000938704AF138781C303CC87011C43B72AC3
:104BB0000200850703ADC1C21CC313096006014A88
:104BC000938404AF138481C39389C1C28D4C938AAB
:104BD0000A8A138B4196631A0D0003A441C493847F
:104BE00041C4631904246FB0DE937D191379F90F62
:104BF000E30B09FE03462D0583260D01854D630257
:104C0000CC02834D0D0B63840D100327CD0AB30630
:104C1000BB0183C6F6FF05072326ED0A637CD70C8C
:104C2000814D03270D019946631DD70003268D038F
:104C30001440918E904C6376D60093871D0093FDAF
:104C4000F70F83568D00814BA18A95CE914663055F
:104C5000D7009D466319D70283284D0A83268D0A03
:104C600003250D0ACC4CB386D802104003278D03D0
:104C7000198EAA96B3D6B60263FCC61093871D00A0
:104C800093FDF70F854B03254D0805C103278D03C1
:104C900014401946998E03170D053307C70263E6C2
:104CA000E600EFF0FFE323220D0803270D01631454
:104CB000971183268D031840158F944C63E8E610F6
:104CC00063960D108347CD030347DD03850793F7F4
:104CD000F70F230EFD0263EBE70083278D09230EF8
:104CE0000D02639207146A85EF20E0016A8A032DA2
:104CF000CD00D5B523260D0A19476366B701938702
:104D00001D002308FD0A6A85EF20005E11BF03170E
:104D1000ED03634507000507231FED0203270D0878
:104D2000E30007F08315ED0303170D05E35AB7EE13
:104D300063F4DC020317CD048316ED04B1470D873D
:104D400036979376F60F63F3C700B146D696942252
:104D50003317D7002318ED048356AD0503574D06CE
:104D6000231F0D0263F3E600368742074183835613
:104D70000D040583231EED046376D70013971600F8
:104D8000231EED04231DDD046A85EF20C03E51BDC6
:104D900003471D0B814B330717032A973357B7027D
:104DA000E373C7EE6A85EF20404E03471D0B0507EE
:104DB000A308ED0AC9BDA546E314D7F003278D0368
:104DC0001440998E984C0607E37CD7EE6A85EFD0A5
:104DD0006FD66A85EFF07FD78327CD0063020A0480
:104DE0002326FA008327CD0989C703258D01ED55B8
:104DF0008297638F0B0083574D020357CD018325A4
:104E00008D0203250D0693064D006A86EF202026AD
:104E1000832BCD00EA850945EFF02FBD5E8D65BB84
:104E200023A0F900C1B703258D01EA858297E30C21
:104E300005EA6DBD2285EFD0EFCF2285EFF0FFD0E0
:104E40000329C400A285094523A024014A84EFF068
:104E5000CFB941BBEFB22EEC1C412E846390B70456
:104E6000DC451CC1232604002285EFF01FCE1C4820
:104E700029476381E7020547638EE70083476402A1
:104E800013F7170001CB93E727002303F4022285D1
:104E9000EF107067232804006FB02EEA23A0F1C43E
:104EA0008146138701C489E7D5DE232007005DBF53
:104EB000D0476317860091C21CC35844D8C75DB75A
:104EC0008546B287CDB71C491D476366F70AEFB226
:104ED0008EE4372702008A0713070788BA979C4396
:104EE0002A848287EFD00FC5138701C31C436399BF
:104EF00087005C441CC323260400A28509453DA805
:104F000023A0F1C48146138701C489E7EDD623208D
:104F10000700D5B7D0476317860091C21CC3584419
:104F2000D8C7D1BF8546B287CDB7EFD0AFC0A28575
:104F3000138541C3EFF01FF2A2850D45EFF0EFAAF4
:104F4000014531A8EFD00FBFA2851385C1C2EFF094
:104F50007FF065B78545EF10B04F954701C96FB039
:104F6000CEDD8545EF10D04E7DF9A5471CC82285C2
:104F7000EF107059F1B701458280EFB2CED94111DF
:104F80002E8511CE0E2632C6EFF03FAF3246328567
:104F9000EFF0CFC281473E8541016FB00EDA814705
:104FA000FDFAEFF05FF2AA87FDB7EFB2CED603A409
:104FB000C1C29304500619E06FB02ED803268408AE
:104FC00019CA832704098146A2858DCF084C829790
:104FD00019E123240408FD1493F4F40FF1DC834752
:104FE000640213F7170009CF93E727002303F402A5
:104FF0002285EF10505183476402F19B2303F40292
:10500000404455BF0145EFF05FF7D9B7EFB2AED0DE
:10501000EFF0BFF91387C1C31C23850793F7F70F80
:105020001CA3858B99C3EFF03FB76FB00ED1EFB2E1
:105030008ECE03A4C1C293045006014901E44A85FF
:105040006FB0AECF0326840819CA832704098146AE
:10505000A285B1C7084C829719E123240408FD14E6
:1050600093F4F40FE9DC8347740285CB03476402B1
:10507000937617009DC2FD1793F7F70FA303F40271
:105080009DE3136727002303E4022285EF10B04756
:1050900083476402F19B2303F402404445B7014572
:1050A000EFF0BFED55BF0509CDBFEFB24EC41849B3
:1050B000A94741112A84631EF700AA85138541C4BC
:1050C000EFF05FD9A2850945EFF02F9241016FB053
:1050D0008EC51C412E8B032905063EC65C418329E3
:1050E0008502035AC5013EC4835A45028324C5097B
:1050F000832B8501EFD00FA41385C1C2A285EFF0E9
:105100007FD50325040819C1EFF09F9D685C19C184
:10511000EFF01F9D0325440819C1EFF07F9CA28585
:105120000945EFF08F8C81C4ED555E858294E30FC5
:105130000BF8D687528734007000CE854A85EF1071
:10514000107369B793870186884303A781C33A9593
:1051500088C38280EFB28EBA2A890945EFF0EF86C4
:10516000B7240120938444B32A8425E19C48898391
:10517000858B89E7014422856FB08EBB83A741C42C
:1051800003A681C301458146938981C3F1E701C527
:105190008545EFF09FF10945EFF02F832A8415E54F
:1051A00083A7C1C203A509007D191379F90F13065E
:1051B000F0078145DDEB09C485452285EFF0FFEE60
:1051C0000945EFF08F802A8455D51306400B8145A1
:1051D0002285EFB04EB7930700045CA89C44231CC3
:1051E000040613078021231BF4065E385EB47EB4E8
:1051F000E1773EA4DC406374F7009307802123101D
:10520000F404C1677D577CC485472318F4047ABC35
:10521000231DF404EFF01FF383A781C368D428D0C3
:105220001CDCB75701009387A7F72328F408B7279A
:10523000012003A747AE938747AE68C82320E40A3E
:10524000D8439C4728D8230E04022322E40A2324AF
:10525000F40AA308040A05B7985F3307E6406364BD
:10526000D700BA863E85DC4715B7D42B636CD900CE
:10527000636AD600985F3307E5406365B7003686FA
:10528000BA853E84DC473DB7EFB2EEA813050004B3
:10529000EFF05FEC6FB06EAAEFB2EEA72A842E8516
:1052A000EFD0DFD811CD1E3981CF938787FD3E87A0
:1052B000C207C1836373F40022871314070141807E
:1052C00022856FB08EA7EFB20EA503A441C49384CC
:1052D00041C419E06FB06EA62285EFD0AF8522855C
:1052E000EFF0BF860329C400A285094523A024014D
:1052F0004A84EFE09FEFF1BFEFB24EA01C49AA84B1
:105300002E8AC827DC37A2075D8DEFD05FCE0589D6
:1053100029E94169130909FC03270A0103A6C1C54C
:10532000DE2454334C23B297A206D58D7423C206D3
:10533000CD8E6C33E205D58D8356CA00AE96B3860A
:10534000D74063D506028D8F6359F000918DC20559
:10535000C840C181CEA4EFF04F9F23A044016FB09D
:105360002E9D5285EFF0CFF7014AC5BF5C37482725
:10537000A2075D8DEFD0BFC7058915CD9C48C0370A
:10538000C8272204498C4A85EFD09FC59C48698C68
:10539000C827DC37A2075D8DEFD07FC51375E50305
:1053A00013651500EFD0DFC39C48418D4205418154
:1053B000C8A72181C8B703240A005285EFF0AFEFD8
:1053C00045D4228A91BFEFB28E9283C7C1C42A848A
:1053D000C18B1389C1C5F1C7832509003855835690
:1053E000450670553305B74083A781C4938481C4B3
:1053F000634405026316B7003307F640634E0700A7
:10540000631EF60203A541C678350348E50022076E
:105410003367070163F4E60203A541C67835034804
:10542000E5002CD42207336707012312E4067CD45D
:1054300011C70347040B19C32308040A6C483387B8
:10544000B7406342E02A03D781C6231A04066319D2
:105450000728035744066854B2962A976312D72840
:105460000317E403634E0726639CF52683478405F0
:105470000D47850793F7F70F230CF404637CF7249B
:105480000357A40583570404BA97C207C183637402
:10549000F700231DF4047C5C639F07367040631A99
:1054A000064003D681C6832709001454138A81C697
:1054B0006306067EB385F6401387F5FF634B074608
:1054C00005471D8F118F36976345E046B7290120A8
:1054D000938789BBC443139705014183BE249389F5
:1054E00089BB63D3B7449E24998FC207C183BA2472
:1054F0006346B742B305B040C205C1852685EFE0DB
:105500001FE5DC4083D6C9000327090023A4F90066
:105510001C5436971D8F2396E90003A7090193D6E3
:1055200087002320F9005CA354B393D60701E183DD
:1055300074A37CB3832609001854B387E64063CB79
:105540000774523493871600998F918F6344F074D7
:105550006390E65CB7240120938784BB83D9C7009E
:105560009C4B938484BBC827DC37A2075D8DEFD0AA
:105570001FA80D893335A0004E9542055E34418148
:105580002310AA0063FDA7089C48C827DC37A207A0
:105590005D8DEFD0DFA5058931C19C4883C9D70057
:1055A000C827A209B3E9A9004165130505FCEFD09E
:1055B0003FA39C48B3F9A900C827DC37A2075D8D3B
:1055C000EFD0FFA21375E503EFD09FA19C4833E510
:1055D000A90042054181C8A72181C8B75E34DEA475
:1055E0009C48C827DC37A2075D8DEFD05FA00989F2
:1055F00001C5DE24FD17DEA4CE24C840EFE0FFF491
:105600009C4883D9C400C827DC37A2075D8DEFD042
:105610001F9E0D893335A000AA9923103A018327D4
:105620004408638D07329C48C827DC37A2075D8D8C
:10563000EFD0FF9B058963100532832A4408416B34
:10564000130B0BFC0325090003570A002A976380FC
:105650000A0803A60A014C325422A205D58D7422F1
:10566000C206D58D7432E206CD8E83D5CA00B695BA
:10567000B305B74063D90532158F635AE004832719
:105680004408984B5C335423A207D58F898FDEA43E
:105690009C48C827DC37A2075D8DEFD05F9509894C
:1056A00001C5DE24FD17DEA4CE24C840EFE0FFE9EB
:1056B0009C4883D9C400C827DC37A2075D8DEFD092
:1056C0001F930D893335A000AA9923103A01232294
:1056D000540969A4E391E7DC2285EF10F03465BB3F
:1056E000230C04044DBB3450B386D7406342D01220
:1056F0008346640213F6460001CAED9A2303D402DE
:105700008356C405231DD4048316C4040356E4043D
:1057100042078D86B2962318D404835664074183CA
:10572000231AE4063697231BE40618487CC823098D
:105730000404230C04048D4763F1E7020357A40516
:105740008356C405835704046376D702BA97C20709
:10575000C1836374F700231DF4048327040885E3E1
:1057600083270408230E040293B71700B307F04001
:105770007EBC15B3B387F702B3C7E702C1BF984B2E
:1057800048335C2322055D8D7C23C207C98F6833B3
:1057900062055D8DEFD0DF8883270408AA8903DACC
:1057A000C7009C4BC827DC37A2075D8DEFD03F8434
:1057B0009C400D893335A0005295B389F9404E9530
:1057C000E340A0FA8329040883A709002320F408F2
:1057D0008357440785C383A70901C827DC37A2077D
:1057E0005D8DEFD0DF80058911C583574407FD1714
:1057F000231AF40603A54900EFE0BFDA83578407B4
:105800003385A740231CA4064E85EFF0CFAAB1B77D
:10581000231A040649B1984B83A9040048335C233A
:1058200022055D8D7C23C207C98F683362055D8DBB
:10583000EFD00FFF7C5CAA8AB389594103DAC70015
:105840009C4BC827DC37A2075D8DEFD04FFA0D893E
:105850003335A0005295B389A940E3C109C49C40E7
:105860003850998FE34CF0C28329C40783A70900FD
:105870007CDC8357440785C383A70901C827DC372D
:10588000A2075D8DEFD0AFF6058911C58357440798
:10589000FD17231AF40603A54900EFE09FD08357B4
:1058A00084073385A740231CA4064E85EFF0AFA0E4
:1058B000DDB63C449840998FE3D507BE8316C404F7
:1058C00003D781C3420693D536404182C205C181C8
:1058D000B307C7408D8FC207C18313950701B697E1
:1058E000C207C18741852316F40463570500198E4A
:1058F0002E961315060141858316E4048D87232215
:10590000040413D726403387E6402A974207418391
:10591000BA972317E4042318F40461B69EA42395D0
:105920000400998D8440E1B63307E04093150701E8
:10593000E9B6958FE3D007C083476402228593E7D9
:1059400027002303F402EF10003CEDB61C41232294
:10595000F408EFF04F96032544086DF983560A00CA
:105960005E34032709002285958F369718D45EB4DC
:10597000EFF02F8CDC409A2709C723AAF1C423A299
:1059800004009C48C827DC37A2075D8DEFD02FE6C6
:10599000058919C5938781C598231367070298A3C2
:1059A000914A1D4B39AA5C364826A2075D8DEFD07F
:1059B0000FE4058935C59C48C827DC37A2075D8DF3
:1059C000EFD0EFE2098929ED9C4883C9D700C827A9
:1059D000A209B3E9A9005A85EFD08FE09C48B3F93A
:1059E000A900C827DC37A2075D8DEFD04FE0137503
:1059F000E50313651500EFD0AFDE33E5A9009C4841
:105A00004205418113578500C8A7D8B783D9C40080
:105A1000EFD0EFDD0D893335A000AA9923103A01AC
:105A200083A90A005685EFF00F89CE8A21B9232079
:105A3000F9005C37482783DBC400A2075D8DEFD0F7
:105A40000FDB1C540D893335A0005E953E959C48B4
:105A500008D483DBC400C827DC37A2075D8DEFD0F4
:105A60000FD95E340D893335A0005E953385A7408C
:105A70004AB42285EFE0FFFBCC409E2589CB93877B
:105A800041C5884335CDEFE09FB323A204009C4875
:105A9000C827DC37A2075D8DEFD06FD5058901CD12
:105AA000138781C51C2393E707021CA31C4863943A
:105AB0005701232864019C4026852322F408EFE047
:105AC0009FFF8324440899CC984854335C23A20652
:105AD000DD8E7C23C207DD8E7C33E207D58F145424
:105AE000E387D7F48347640213F7170001CFF99BCC
:105AF00093E727002303F4022285EF10C02039A08A
:105B00008CC361B793E717002303F4026FA0BEA113
:105B10002285EF1040188324440891E8372501209E
:105B2000130585BBEFE0BFFD2322A408C5B70327FB
:105B3000090081491308F7FF1305170090485432F4
:105B40005C22A206DD8E7C22C207DD8E7C32E2075B
:105B5000D58F639CE70237250120930785BBDA27A1
:105B6000DE24E3F5E7FA130585BBEFE05FF959DDC5
:105B7000638A090023A0A900A685EFF0EFF779B7A3
:105B8000B6846DBF2322A408C5BF63900902B30683
:105B9000F74063DE060837250120130585BBEFE0DB
:105BA0001FF62DD52322A408C1BF83A8090183C5F0
:105BB000580083C64800A205D58D83C66800C2067A
:105BC000D58D83C67800E206CD8EB306D84063C07B
:105BD0000606B306F540634CD004372501201305B3
:105BE00085BBEFE0DFF12A8415D103A709015C33FF
:105BF0004C23A207DD8D7C23C207CD8F6C3303D7E6
:105C0000C900E205CD8F832509003E970D8F635BA8
:105C1000E0009D8DC20503A54900C1812396B9000E
:105C2000EFE0BF9223A08900A6852285B9B79440F2
:105C3000A689B9F6B307F740E35AF0EC5C3648267C
:105C4000A2075D8DEFD0AFBA0589E31105EC3725CA
:105C50000120130585BBEFE09FEA88C0E30805EA51
:105C600098485C334C23A207DD8D7C23C207CD8F7F
:105C70006C33DA24E205CD8F832509003E970D8F22
:105C8000E356E0E89D8DC205C840C181CEA4EFE097
:105C9000DF8BADBD2285EF1000008DBD3387D7406F
:105CA000634807005A348507958F998FE350F0E6D3
:105CB0008347640235BDEFA21E86938441C603A9C3
:105CC00004002A848347D9000345C900A2075D8DDB
:105CD000EFD0EFB1318142054181954763FCA702C6
:105CE0009C405109C827DC37A2075D8DEFD02FB04B
:105CF000B727012003A687B331816D150A05420538
:105D0000931506014181C1818147054889481143A6
:105D100063E4A7006FA07E82B306F90098226309AE
:105D200007016DDB630A170198326DD7BA9711A08E
:105D30008507C207C183E9BF9832E31D67FC13875B
:105D40003700E359A7FCB822B4322207558F6363AA
:105D5000E60011E32E871AA09107E1BFEFA2AEF88B
:105D60004041AA8B1C3008204111A207138901C5AC
:105D70005D8DAE8923208900EFD06FA783270900AE
:105D800019811375C5032A9488239C3323A281C6E5
:105D9000A2075D8DEFD0AFA59355650093F5C503C0
:105DA000B305B0405E85EFE08FDA11E503D78B00D5
:105DB000CD4763E8E7005E85EFE04FE041016FA06B
:105DC0004EF6138B01C503250B00CE854105EFD0A0
:105DD0004FED75F103270B00370500F01C3B002B3E
:105DE000A207C18F202B4204C18F203B62045D8C2F
:105DF000EFD00FA3698C370500E0EFD06FA2E30C62
:105E0000A4FA83250B0003D78B009946138605015E
:105E10005E85B105EF10305D59FD938441C69C400D
:105E2000C827DC37A2075D8DEFD06F9C3181F1551B
:105E3000B305B5025E85C205C185EFE04FD125FDF2
:105E400080401C300820A2075D8DEFD04F9A08A03B
:105E5000218108B080403C302820A2075D8DEFD022
:105E60000F9928A0218128B0804048305C2022056D
:105E70005D8D7C20C207C98F683062055D8DEFD0D3
:105E80002F9A935785005CB0935705017CA09357D8
:105E9000850148A07CB0804023AEA1C4938AC1C5CF
:105EA00008341C2422055D8D3C24C207C98F283488
:105EB00062055D8DEFD0CF96935785001CB4935744
:105EC00005013CA49357850108A43CB4804023A459
:105ED000A1C4138981C47C346824A2075D8DEFD0EE
:105EE0000F919C4068A4218168B4C827DC37A207C1
:105EF0005D8DEFD0CF8F1378F50F83D88B0093751E
:105F00003800B335B000C69503A3C1C2C2059440A2
:105F100003260B009377F803C1812386F1C42394F1
:105F2000B1C61A840145938CC1C4138C81C601E4A7
:105F300003A541C4E9A29C3203CE06005A30A20751
:105F4000B3E7C7016312F70EBC3203CE26005A2C0A
:105F5000A207B3E7C7016319F70C58365C2622077E
:105F60005D8F7C26C2075D8F7C36E207D98F584053
:105F7000631CF70A183A1C2A22075D8F3C2AC207C5
:105F80005D8F3C3AE207D98F1840631FF70819C5A7
:105F90005C4423A681C25CC52326640003A74B0092
:105FA000B72D01200326840893878DBB23AA01C443
:105FB000238C01C423A007002396170198C723A2AE
:105FC000770194CB138A81C5138D41C5938D8DBB09
:105FD00009CE832704098146A285638A072C084CD1
:105FE0008297E31A05DC2324040883C70C0023A04E
:105FF00081C613F74700938B01C6630D073018481D
:106000008947631AF72A385083270900631FF72A44
:1060100083470A0093E787002300FA00834764025E
:10602000F99B2303F40255A42285404409B7983212
:106030009C2222075D8F5E316392E70C83C8360095
:10604000B822A208B3E8E8005A2D6319170B0343DE
:10605000D6008348C6002203336313018348E60059
:10606000C20833E368008348F600E208B3E868003A
:1060700003234500631413090343160183480601F3
:1060800022033363130183482601C20833E3680007
:1060900083483601E208B3E8680003230500631F64
:1060A000130593764800E39806D0937628008DC6B2
:1060B00003A80A001455B306D84063C606028358E5
:1060C000C502B38616416340D0029306C600C2954E
:1060D000410603250900F1A813781800630508009C
:1060E00083A781C31CDDE38805CC8347650293E762
:1060F00027002303F502EF00104175B9484505F963
:1061000003A341C33E8E1A8A63130A04DC36C826F1
:10611000A2075D8DEFC0BFED1189E31E05C8944055
:1061200003260B0003550C009C32B83283C80600CE
:1061300003C8260083A50A00A20722079306C6000B
:10614000B3E71701336707014106AA9559B78328BA
:106150000A00638E0800183A1C2A22075D8F3C2A29
:10616000C2075D8F3C3AE207D98F639EF812B832BE
:10617000BC2222075D8F8357CA016396E71201C9CB
:106180008327CA0023AA41C35CC523266A009377EC
:1061900008019DC39C3283C8060003A80A0003259A
:1061A0000900A2079306C600B3E717014106C2958E
:1061B0000505EF00D06B01B113782800E30D08BE90
:1061C00003454A01EFE01FF92A84E30605BE832751
:1061D0000B0001479386070199CA943B982BA206AE
:1061E000D98EB82B4207D98EB83B6207558F18C09D
:1061F0000357CA019386C7005AAC014799CAD437DE
:10620000D827A206D98EF8274207D98EF837620719
:10621000558F944058C0130504049C329822A2075D
:10622000D98F03A70A005EB08D471CC893071700DB
:106230001CD41CD8FC36F0267D17A207D18F231260
:10624000F406231EF40483278A0138D41CCCB72714
:10625000012083D787B35EB47EB483270A021CD0A3
:1062600083578A0093F797191EA483A7C1C223A658
:1062700081C25CC4EFF03FA40355040493054400BD
:10628000EFF08F812310A40485470147C9460146DA
:1062900081452285952B11C581452285EFE0FFE0E0
:1062A00019BE228589BD5285032ACA00B1BD0145A8
:1062B000EFE0BFCC3DB383A70A001854998F63C6A3
:1062C00007005A34998FE355F0D483470A0013F737
:1062D00087006301073E9305F1002285EFB01F9907
:1062E00085476316F500184889476302F71C228525
:1062F000EFC04F848327C40981C7084CE9558297B2
:10630000A2851385C1C2EFE0FFB4A2850945EFD095
:10631000DFED71AA898B85C31C480547F917637C9B
:10632000F70083476402228593E727002303F402E2
:10633000EF00701D59BF83A781C3A308040A13058A
:1063400004041CDCEFF03F971C481D47F917E36E6F
:10635000F7F6372702008A071307078BBA979C4383
:10636000828783C70C004947C98B6392E70C832758
:106370000408984B48335C2322055D8D7C23C207BB
:10638000C98F683362055D8DEFC09FC983270900FF
:106390000505631EF5088357640703A70A009440A8
:1063A0008507231BF4069307170068C81CD41CD864
:1063B000FC36F02603550404A207D18F7D17231263
:1063C000F406914738D41CC893054400EFE0DFEC95
:1063D000A947B307F5020357A4052310A404231EFD
:1063E000F40485476315F70006054205418183578C
:1063F0008407231DA40403250408FD17231CF406A9
:106400001C4123090404232204042320F40893B725
:106410001700B307F0407EBCEFE0EFE983274409A3
:10642000E38107F0084C0146A2858297DDBD83C752
:106430000C00C18BE38B07E8944003550C0083A547
:106440000A009C32B83203260B0083C8060003C83A
:106450002600AA9503250900A20722079306C60075
:10646000B3E71701336707014106EF005040B1BDA4
:1064700083C70C0013F7070169C703250900784893
:106480009307F5FF998F63C607083C50B307F540A3
:106490006341F00891471CC81C508DC7084C014649
:1064A000A285829705C185452285EFE01FC003A51F
:1064B0004D0023A00B00E3030590EFD03FF023A293
:1064C0000D00EDB822858354A405EFE0DFEF83577C
:1064D000440781C7FD17231AF406054783570404B0
:1064E0006395E4008607C207C183231DF404834734
:1064F0000A0093F70702E38A07DC834764022285D8
:1065000093E727002303F402EF00E07F9D471CC8B8
:106510006DBB944003260B0003580C009C32B8322C
:1065200003C3060083C8260083A50A00A20722072A
:106530009306C600B3E76700336717014106C295AB
:106540002DB7898BE38307D81C5403A70A00FD17D6
:10655000E39DE7D62285EF00704585BB2285EFE0FD
:106560009FE671B72285EFE01FE683470A0093F7A5
:106570000702C1C303C70C0083476402418B93E742
:1065800027002DC3345003270900639DE60423032D
:10659000F4022285EF0020772285EFE00FDB83A74E
:1065A000C1C2631DF4005C4423A6F1C2A9471CC804
:1065B00003A741C423A281C458C401BB23A0F1C4D2
:1065C000814689E7E5D623A001C4CDB7D04763183B
:1065D000C40099C223A0F1C45844D8C7C1BF85469E
:1065E000B287C5B72303F4022285EF00C071A1472B
:1065F00039BF83C70C00C18BE38907CC3850832790
:106600000900E314F7CC994719B72285EFE0BFDB07
:1066100083470A0093F70702E38907CA83476402A6
:10662000228593E727002303F402EF00C06D228543
:10663000EFE0AFD183A7C1C2E307F4F623A0F1C412
:106640008146C9D3D047E306C4F88546B287D5BF93
:106650002285EFE05FD783C70C00C18BE38707C6B5
:10666000385083270900E312F7C62285EFE0EFCD0B
:1066700083A7C1C2E309F4F223A0F1C48146B9D3D0
:10668000D047E308C4F48546B287D5BF2285EFE042
:106690009FD383C70C00C18BE38907C2385083277F
:1066A0000900E314F7C283470A0093E707012300B8
:1066B000FA0021B9C18B89C72285EFB0BFC789B164
:1066C0000356440719C68327C40881C7084CA2850E
:1066D000829703260D000DC683C70C00A18B89C7C6
:1066E0005C3693E717005CB6832704098146A285D0
:1066F00095CB084C829709C583270D002324F40805
:1067000083470A0093F7070289CB83270409814650
:106710000146A28581CF084C8297228523A00B00D9
:10672000DD2371B30145EFE05F85F1B70145EFE08F
:10673000DF84E5B7EF923EDE2A894A2D41112E848F
:1067400032C6EFC0FF8908A0218108B00355490275
:10675000EFC01F89324628A0218128B093578600B8
:106760000325890250A05CB093570601618270B086
:106770007CA0EFC0BF889357850008A41CB44434A4
:1067800093570501618128B44824A2043CA4C98C14
:106790004165130505FCEFC0BF84E98C4145EFC09E
:1067A0003F84458D4205418148A4218148B4035569
:1067B000E902EFC0FF828357E90268A4218168B42F
:1067C000231BF9025C34482423090400A207A3090F
:1067D00004005D8DEFC0BF8195671375F5035D8D76
:1067E000EFC01F800357E9028327890248A4218153
:1067F00048B423080400A3080400BA972328F90228
:10680000228541016F907ED3EF92FECD79712EC625
:106810003ACA2A89B28A368BBE8D01EE93F73600CA
:10682000B3E7FD00595A91C38DC1528545616F9000
:106830005ECF8357650763FAC700834769027D5AB5
:1068400093E707F82303F902CDB793972D0013F7C9
:106850002D00918BB14611E38146B6973EC2832746
:106860000907372D012013074DB33EC41C47584379
:10687000835489078A07B3D7E702130D4DB3E3FEAC
:10688000F4FA41679306C7FFE3E996FA924730822C
:10689000130707FC898393F7F70F950732C8524611
:1068A000B207C2073AD2B24C13170B01C183058A53
:1068B00041833ECCD68B8149814732CE36D03AD403
:1068C000035A09041247330AEA4063D34B015E8A34
:1068D00011453ED6131C0A01EFD03F8F135C0C010B
:1068E0002A846306051823200500232205006384FB
:1068F0000914B25788C3F24763810714C24701469F
:106900000145B305FC00C205C181EFD01FB048C0EE
:10691000630F0514EFD0FFC8B247AA94C204C18028
:1069200081CF5C40E685C843C167FD173376FA0026
:1069300092473E95EF3010025C40DC431CC4832735
:106940008D0003274D008A07B3D7E70263E1971252
:10695000825763EE9710484023168401D145EFD04B
:106960001F9F631605105C400355C901B38B8B4113
:10697000DC43C20B93DB0B011CC83ED6EFC04FE6D5
:10698000B25788A3218188B31C48035549023ED6DB
:10699000EFC00FE5B257A8A32181A8B31C48224538
:1069A0003ED6EFC0AFE5B25713578500D8B31357A3
:1069B0000501F8A31848C8A36181E8B35C374827EC
:1069C00023090700A207C98F1255A30907003ED665
:1069D000EFC00FE1B257E98F22553ED6EFC04FE02E
:1069E000B2575D8D42051C48418113578500D8B7C9
:1069F000C8A72307B401EFC08FDF1C481375F50348
:106A00003ED6E2475D8DEFC0AFDDB257C8A721810A
:106A1000C8B7C167FD17337AFA00A247D29CD29754
:106A20003EC4A287E39E0BE8032AC90763190A063E
:106A3000232E390751A2AA897DBDC24501460145D1
:106A4000EFD0BF9C48C005C5EFD0BFB5AA94C20423
:106A5000C180E3860BEEE28505460D45EFD0FF9A37
:106A6000AA85484095E1EFD07F9523220400834713
:106A700069027D5A93E707F82303F902E38709DAED
:106A80004E85EFE0EF8555B323A295018504C2043E
:106A900023249401C180EFD09FB255B53E8A83274D
:106AA0000A00EDFF83270A01835BCA00C827DC3791
:106AB000A2075D8DEFC0AFD30D893335A0005E9581
:106AC0006305051883270A01C827DC37A2075D8DF7
:106AD000EFC0EFD10D89631A051693773B0081C78C
:106AE00085476314FB1603D7C9008357CA00BA97BA
:106AF00003570904634BF7140347EA0083C7E9000F
:106B00006315F71403270A0148335C2322055D8DC2
:106B10007C23C207C98F683362055D8DEFC04FD0FB
:106B200003A70901835BCA005C23AA9B48332205A3
:106B30005D8D7C23C207C98F683362055D8DEFC010
:106B40002FCE6394AB10C247B15503A549009D8D6C
:106B5000C205C185EFD0AFFFE31B05F003A54900D7
:106B60003E2599EB1C41FD14C20423A2F900232009
:106B70000500C180EFD09F8493771B00CDC783278A
:106B80000A0183CBD700C827A20BB3EBAB000545A6
:106B9000EFC00FC583270A0133E5AB0042054181F1
:106BA000C8A72181C8B763958900035CCA005284D5
:106BB000CE851145EFD06FE393773B0089C7850AF7
:106BC000C20A93DA0A01137B1B0063080B00834798
:106BD000690293E707022303F90283270907231CAD
:106BE0009906014AD6972328F90683576907B38A7D
:106BF0005741231B5907E30A0CC21C48E38707C20D
:106C00005247098BE31307C2C437C827A204C98CB3
:106C10002145EFC0EFBC1C48458D42054181C8A706
:106C20002181C8B719B183A5490003254A00EFD0D7
:106C30001F9903D7C9008357CA00BA972316FA00D1
:106C400083A709002320FA00B9BF23203A01ADB77A
:106C5000EF927E8CAE868147054701468145EFF075
:106C6000BFBA6F909E8DAA8708491D476308E5004B
:106C70001308E5FF09476155636E0701014519CA0D
:106C8000EF927E8936873E8581468147EFF0DFB7F8
:106C90006F90BE8A8280EF927E862A840146D1451B
:106CA0000545EFD08FF631CD83476402AA84285082
:106CB000F19B2303F402EFC06FB4CC402A862285F7
:106CC000EFF05FA79A2413094400AA8999464A86DF
:106CD000A2852685EF0030712388A9002181A38831
:106CE000A9003824343499474A86A2852685EFC006
:106CF000EFF72685EFD08FEC0145A30304026F90D8
:106D00003E837955EDBF83A701C66380A736EF9216
:106D10008EFD83574506035AA50563F347013E8A56
:106D200083476502420A2A84898B135A0A01645DEB
:106D300095CB91E42285EFF01FF66F908EFE984878
:106D400048335C2322055D8D7C23C207C98F6833DD
:106D500062055D8DEFC0CFACDE247848998F3E95FB
:106D6000E36AAAFC8329040863960908B72A01206C
:106D7000894B938A4AB3370C0402130B4400FD5C21
:106D8000ADC0984848335C2322055D8D7C23C20743
:106D9000C98F683362055D8DEFC08FA8DE24784807
:106DA000998F3E95637CAA048347040B9DEB98481A
:106DB00048335C2322055D8D7C23C207C98F68336D
:106DC00062055D8DEFC0CFA5DE247848998F3E9592
:106DD0008357440663F7A70085472326040A230840
:106DE000F40A83476402014593F7F7072303F4028B
:106DF000A9B7BE8983A70900EDFF8DBF83270408CB
:106E000095C38347640213F7470409EF785C01CB0D
:106E1000144389EA56270357040463F5E60093F701
:106E2000070AD9D39C407CDC1C48638977039C48C3
:106E300003C9D700C82722093369A9004145EFC01B
:106E40002F9A9C483365A90042054181C8A721813A
:106E5000C8B783476402F19B2303F402085403A9D3
:106E60000401EFC0AF99935785002304A900A30440
:106E7000F900935705016181A305A9006A34230530
:106E8000F90003A90401EFC0AF957A341C5423071D
:106E9000A9002181A307A900BA977AB81CD8FC24BD
:106EA000858B99CB03A54A0003A904013365AC0087
:106EB000EFC0CF94232AA9001C4099E75A85EFC060
:106EC000EF9659C55C411CC08317E4036394970196
:106ED000231F04027C4095E383A781C398487CC0AC
:106EE00048335C2322055D8D7C23C207C98F68333C
:106EF00062055D8DEFC0CF9228C4C84003A904018C
:106F000099465841232225015A863307E9409317B1
:106F100007013A25C183A2851D8F3AA51A251D8F29
:106F2000420741831AA523080900A3080900EF00BE
:106F3000904B2308A9002181A308A90038243434E8
:106F4000C84099475A86A285EFC04FD2A3030402D6
:106F5000984848335C2322055D8D7C23C207C98F86
:106F6000683362055D8DEFC0AF8B9C482A8983DD55
:106F7000C400C827DC37A2075D8DEFC04F870D899D
:106F80003335A0003C506E954A95898F63D3070036
:106F900028D09C4803D9C400C827DC37A2075D8DE0
:106FA000EFC0EF840D893335A0004A955DC9832772
:106FB000040823A0040089E723209408A68999A83F
:106FC000984848335C2322055D8D7C23C207C98F16
:106FD000683362055D8DEFC0AF8403A709012A897C
:106FE00048335C2322055D8D7C23C207C98F68333B
:106FF00062055D8DEFC0CF823305A9406350050661
:10700000130904088327090081EB832709009CC02A
:1070100023209900645CADB3984B48335C23220570
:107020005D8D7C23C207C98F683362055D8DEFB02B
:107030003FFF9848AA8D48335C2322055D8D7C2351
:10704000C207C98F683362055D8DEFB07FFD338560
:10705000AD40E35C05FA032909006DB723A0990050
:10706000B1BF2685EFD03FA575B701458280EF926D
:10707000EEC84111AA8AAE84B289D14501460545C0
:10708000368A3AC63E8BEFD04FB86303050E3247BF
:1070900040412A893A85EFB0BFF408A0218108B0A9
:1070A0005A85EFB0FFF328A0218128B05685EFB0B4
:1070B000FFF49357850048A05CB0935705016181A8
:1070C0007CA068B02685EFB07FF39357850008A4B5
:1070D0001CB4443493570501618128B44824A204A8
:1070E0003CA4C98C4165130505FCEFB07FEFE98C2A
:1070F0005145EFB0FFEE458D42054181B727012094
:1071000048A4218148B403D587B3EFB07FED68A4CC
:107110005C34218168B44824A207230904005D8DF2
:10712000A3090400EFB0BFEC95671375F5035D8DFF
:10713000EFB01FEB0357890048A4218148B499465A
:107140005286CE8523080400A30804004A85EF0078
:10715000902908A8218108B899470147930600089B
:107160005286CE854A85EFC06FB04A85EFD00FA515
:1071700041016F90EEBB8327050885CBEF92AEB936
:107180003E8714438DE2745D14C37CDD834725057F
:10719000232005082322050485072309F504EFF0C1
:1071A0009FB66F908EB93687E9BF8280EF920EB599
:1071B0008324050895C49C402A841309C50723200D
:1071C000F5088327090099EF832709009CC0232035
:1071D0009900834724052322040485072309F40426
:1071E0006F900EB5984B48335C2322055D8D7C2350
:1071F000C207C98F683362055D8DEFB07FE29848A2
:10720000AA8948335C2322055D8D7C23C207C98F80
:10721000683362055D8DEFB0BFE03385A940E3556B
:1072200005FA0329090071BF83270508B1CFEF9242
:107230008EAE834765022A84918BA9E7EFF01FF792
:107240008356A4058357440613D7160063F4D7006A
:1072500013D7170083570404231EE40493961700E2
:107260006354D700231ED4040D47B387E7020357A6
:10727000C405BA97231DF4048347640293E74700CB
:107280002303F4026F906EAB8280EF922EA7AA8444
:107290000146D1450545EFD04F9729C52A84A8500E
:1072A000138944007D15EFB07FD54C402A86268592
:1072B000EFF04FC81A24AA8999464A86A6852285E6
:1072C000EF0070122388A9002181A388A900B4349B
:1072D000994701474A86A6852285EFC02F992285C6
:1072E000EFD0CF8D6F90CEA4EF924EA1032405086E
:1072F00019E0605D5DC41C48AA84C827DC37A2077A
:107300005D8DEFB0DFCE058959CD5E24C9EF054A0A
:10731000D14501460545EFD04F8F2A8959C11848FC
:107320004C41268550335C2322065D8E7C23C207A8
:10733000D18F703362065D8EEFF0CFBFAA896307ED
:107340000A0640355C2541652204130505FC5D8C69
:10735000EFB01FC9698C4545EFB09FC8498C9317A2
:107360000401C1832386F900A183A386F900035792
:1073700089001384440099462286A6854A85EF0039
:1073800090062388A9002181A388A900B4349947D5
:1073900001472286A6854A85EFC04F8D4A85EFD0EA
:1073A000EF816F90EE98014AD545A5B71844832721
:1073B000490003070700D8AB5DBFEF92CE92404172
:1073C00006252A891C3008204111A2075D8D2E8ACE
:1073D000EFB0FFC121813D8909050A0563C2A402FE
:1073E0001C300820A2075D8DEFB07FC0935565006B
:1073F00093F5C503B305B0404A85EFC05FF519C5E5
:107400004A85EFC0BFFB41016F90AE91832A4900CE
:10741000130C0401D2856285EFC0AF8883C71A00C0
:107420002A8B03C50A00A2075D8DEFB05FBC83C73E
:107430003A00AA8B03C52A00A2075D8DEFB03FBBBF
:1074400093074004AA86631DF506930730046399E9
:10745000FB1283270A0263850712C4436382041266
:10746000D44089CE58345C2422075D8F7C24C20727
:107470005D8F7C34E207D98F6394F61083C77A005E
:1074800003C76A00A207D98F99CB03578900C54665
:1074900062869305C4004A85EF00E07435F1E1553A
:1074A0004A85EFC0DFEA29FD638C040E9C4CA9DB02
:1074B000C84C5E879306C4004A86A6858297A1B70A
:1074C00083A4C1C6014D814D938CC1C61306C076FD
:1074D00089E463070D0AEA8455B7BE28639CD70880
:1074E000984063150B0439E363160D009C28918BBB
:1074F00091E3268DDE2863927709CC4089CD5834FC
:107500005C2422075D8F7C24C2075D8F7C34E207F8
:10751000D98F6394F506E3830DF6DC4423A6FD00C2
:1075200083A70C0023A09C00DCC489BF1C388349BE
:107530000401A207B3E7370183492401C209B3E775
:10754000F90083493401E209B3E9F900E38EE9F86F
:10755000370500F036C6EFB0BFACB3F9A900370568
:1075600000E0EFB0FFABB2461306C076E38EA9F69B
:10757000E31C0BF6A68DC444A1BFE39DC6FEFDBD72
:1075800018381C2822075D8F3C28C2075D8F3C38C5
:10759000E207D98F03274A00E314F7E68144F9BDD7
:1075A000E3100BE61C380428370500F0A207C58F4E
:1075B0002428C204C58F2438E204DD8CEFB05FA616
:1075C000E98C370500E0EFB0BFA5E38BA4E21C30E7
:1075D0000820A2075D8DEFB09FA193558500BD895E
:1075E00089058A054A85EFC09FD68D454A85892B36
:1075F00001BD83A8C1C6AA860143C6871388C1C638
:107600009DE799C998319C2122075D8FBC21C20753
:107610005D8FBC31E207D98F9CC225C6B2AA014555
:107620006316030023A616012320D8008280638BF3
:10763000D702BA2B6316C70203AE070063140E000D
:1076400055558280F5DD883198212205598DB82164
:107650004207598DB8316207498F7DD3E302EEFEB0
:10766000DC4779BF0543EDBFAE2B639AC500050625
:1076700042064182C687DDD3E318E6FED1B7DC4778
:10768000DDBF2167C68705667D17F5B7EF821EE768
:107690003E292A89AE89B28A368B3A8AADC7A1457E
:1076A0004E85EFC0DFCACE8401CD0146A145054518
:1076B000EFC0BFD5AA847D5429CDCE85EFC0FFF1A0
:1076C00003552901C040EFB0BF9108A0218108B047
:1076D0005A85EFB0FF908327090028A0218128B0A8
:1076E00023030400A3030400130B4A0095C70327D8
:1076F0004A004A8B6382E7025D54638C340126851D
:10770000EFC0DFCB39A00146AA85EFF09FEE2A84B7
:1077100059D522856F80DEE18A24EFB07F8C48A0A6
:10772000218148B083470901858B99EB9A24C5468E
:107730005686DA85268545290DC168A0218168B065
:107740000347A9008346B9005288C5475686DA85A3
:107750002685EFB01FBC2A844DB7FD577CA07CB0B6
:10776000C5B7EF825EDB41112A8432852EC636C44E
:1077700032C2EFB0BF8B19C9A2461246B2452A8762
:107780002285EFF0BFF041016F803EDB7155E5BF10
:10779000EF827ED8562913064500EFF09FFC6F80DC
:1077A000DED9EF825ED73E292A84AE843289B1CBFE
:1077B000814799C898309C2022075D8FBC20C20762
:1077C0005D8FBC30E207D98F18285CC0231A2401D2
:1077D0001367470018A8184005EF85CF130544002C
:1077E000EFB0DF84AA87715595C3DC431CC083A624
:1077F000C1C69387C1C6368705E354C480C301451B
:1078000031A00146AA85EFF0DFDE5DD16F80FED2A8
:10781000F9FF23200400E1BFE30387FE5847E9BFD7
:107820000CCD50CD8280EF821ECF1387C1C61C4382
:10783000AA856390A7025C451CC30545EFC0FF9A6B
:107840006F80BECFD84709C76314B700D845D8C7E3
:10785000DC47EDFBDDB7EF821ECC0545EFC0FF96A0
:107860002A8409C9130600028145EF80DECD930703
:1078700000F83CB422856F805ECCEF823EC82A843B
:107880002E8AB2899305400201460545EFC0FFB735
:1078900031CD032904004041AA847146CA852300E2
:1078A0004401A300340123020400A30204002303C3
:1078B0000400A303040013058400EF20B009AE24E4
:1078C00023010400A301040022851D2128A0218199
:1078D00028B085470147930600081306C900814573
:1078E0002685EFB0BFB82685EFC05FAD6F805EC460
:1078F000EF82FEBF4041AA8441111C300820AE89AE
:10790000A2075D8DEFB0AFEE135965001379C9037F
:10791000B30A2041C20A93DA0A41D6852685EFC010
:107920001FA339E19E248D4663F0F604DC409823C2
:107930006312D704982793868700883F3D8B0A07F8
:1079400036972C2303483700982F22059433598DFE
:10795000B82F903BA2054207498FA83FB3E5050128
:107960006205598DEFA01FD12685EFC03FA54101CB
:107970006F807EBBA147E319F7FE1C38034A040160
:10798000370500F0A207B3E74701034A2401014B82
:10799000420AB367FA00034A3401620A336AFA0002
:1079A000EFB00FE82A8C370500E0EFB06FE7AA8B45
:1079B000CE8513050401EFB0DFAE19E533758A01FA
:1079C00033057541333BA000EFA0FFC951DDE30D46
:1079D0000BF89A249D47E3F9E7F82685252649F513
:1079E000420993052002268513590941EFC03F96AD
:1079F00063040512CA852685EFC07F9535F58E2470
:107A000001460945EFC07FA02A8A39DDA685EFC06F
:107A10001FBE39F9D685528503244A00EFC03F9333
:107A200021F52685EFC09F99D28458345C24143800
:107A300022075D8F7C24A20603AA4400C2075D8F43
:107A40007C343D651305F57FE207D98F18281CA803
:107A5000D98E38284207D98E38386207558F935609
:107A6000870058A454B493560701618378B413D7A0
:107A7000870018B813D70701E18374A438A83CB86D
:107A8000834A3A0083472A0023000A00A20AB3EA85
:107A9000FA00EFB0EFD463E9AA0805651305058085
:107AA000EFB00FD483473A0003472A00A207D98FCB
:107AB00085073E95420541812301AA002181A3014A
:107AC000AA001C340824A2075D8DEFB04FD2A16735
:107AD0001375F50F5D8DEFB0AFD008A4218108B408
:107AE000D14523050400A30504002285112428A400
:107AF000218128B4CA852685EFC07F85E31605E677
:107B00004E88854701479306000801469305C40047
:107B10002685EFB01F8089BD9305E0FD2685EFC067
:107B20001F83E30405F089B5056513050580EFB0F3
:107B30002FCB83473A0003472A00A207D98F95BF6E
:107B4000EF827E9D13F6F50F11058D45EFF0FFD204
:107B50006F80BE9EEF823E9C13F6F50F1105AD457A
:107B6000EFF0BFD16F807E9DEF82FE9A3308B500A3
:107B70004208AA860147135808018548B307D84030
:107B8000C207C18363E4F80493D7150093961700E6
:107B90003695F956B387D702BE95C205C18181C516
:107BA0001C21A2073E9741659306F5FF93570701F5
:107BB000758F3385E700C177E98F99C3758D05050A
:107BC00042054181EFB0CFC16F803E979C32902239
:107BD0008906A207D18F13968700A183D18FC20790
:107BE000C1833E9761BFEF829E90B727012083A794
:107BF00087B4BA844111139757006349070E416B4C
:107C00002A89AE8A328A814901447D1B854B631ED5
:107C10000908638B09004167931784007D17218051
:107C2000F98F1374F40F5D8C03C51A0083C70A0023
:107C300003470A0022055D8D83C72A0003463A00E8
:107C40004169C2075D8D83C73A0062067D19E2076C
:107C5000C98F03451A002205498F03452A004205B2
:107C6000598D498E33752601418233F727013295AC
:107C70003A95C1833E952A943685EFB06FB62A9423
:107C80002685EFB0EFB52295135405013375250114
:107C90002A94135504013374240122951345F5FFEA
:107CA0004205418141016F801E888355A90003254B
:107CB000490036C6EFF05FEB2A9493570401337402
:107CC00064013E948357A900B246858B89CF9317F0
:107CD00084002180B3893B41B3F767011374F40F2B
:107CE00093F9F90F5D8C0329090015B701455DBFB4
:107CF000EF827E82EFF05FE71345F5FF4205418199
:107D00006F80BE83EF828EFFC169AA84014901445E
:107D1000FD19054A95E0630B09004167931784003C
:107D20007D172180F98F1374F40F5D8C1345F4FFD8
:107D3000420541816F80CEFFAE24C840EFF0DFE204
:107D40002A9493570401337434013E94BE24858BE6
:107D500089CF93178400218033092A41B3F7370173
:107D60001374F40F1379F90F5D8C844065B7B687EF
:107D7000B2882A832E88639D061463F9C50A416779
:107D8000636EE61AB70700016363F6349356860103
:107D9000E14717A700001307E7BB36970347070023
:107DA000BA97130700021D8F19CB3398E500B3571C
:107DB000F500B318E60033E807013313E50013D6E6
:107DC00008013355C80293960801C18293570301F5
:107DD0003377C802B385A60242073368F700637A97
:107DE000B80046989307F5FF636418016367B830DD
:107DF0003E853308B8403357C8024203135303018A
:107E00003378C802B386E602420833686800637BB1
:107E1000D80046989307F7FF6365180179176363E5
:107E2000D8003E874205598D8145828001E605478D
:107E3000B358C702416763EAE80EB707000163EC75
:107E4000F82893D68801E14717A70000130787B0E9
:107E5000369783460700BE9693070002958FE5EBA1
:107E6000939E08013387154113DF080193DE0E014D
:107E70008545935703013355E7033377E703B3068B
:107E8000D5034207D98F63FAD700C6971307F5FFCA
:107E900063E4170163E6D7263A85958F33D7E70366
:107EA000420313530301B3F7E703B30ED703C2072B
:107EB000B3E7670063FBD701C6979306F7FF63E557
:107EC0001701791763E3D70136874205598D828000
:107ED00063E2D504C16763E2F604B707000163E417
:107EE000F61E13D78601614897A70000938787A6DF
:107EF000BA9703C70700130E00024297330EEE40F5
:107F0000631A0E0C63EDB61C3335C500134515001E
:107F1000814582808145014582809307F00F63F39C
:107F2000D71C13D786002148C1B71307F00FC686A8
:107F3000E37C17F193D68800A14739B71307F00FF8
:107F4000B286E378C7E493568600A14799B5B39803
:107F5000F80033D6D50013DF0801335EE60333970C
:107F6000F500B356D500558F939E080193DE0E01A0
:107F70003313F50093550701B376E603B387CE03B9
:107F8000C206CD8E63FBF600C6961306FEFF63E4C1
:107F9000161763F2F616791EC6969D8E33D6E60343
:107FA00093170701C183B3F6E6033385CE02139717
:107FB00006015D8F637BA70046979307F6FF636812
:107FC00017136376A7127916469793150E01098F3A
:107FD000D18D45B5B357E600B396C601DD8E33D3D8
:107FE000E50013DF0601B357E303939E060193DE1A
:107FF0000E013398C5013357E500336807019358E4
:1080000008013316C6013373E303B385FE0242034E
:10801000B368130163FBB800B6981387F7FF63EAF0
:10802000D80C63F8B80CF917B698B388B84033D7B2
:10803000E803420813580801B3F8E8033383EE025B
:10804000C208B3E5080163FB6500B6951308F7FFA6
:1080500063EDD50863FB65087917B695C207416FD4
:10806000D98F1307FFFFB3F6E70093D80701718F8D
:108070004182B38EE602B3856540B386C60213D84B
:108080000E013387E802BA96C2963386C80263F3BC
:10809000E6007A9693D80601469663E2C5026385A8
:1080A000C5003E858145828041677D17F98EC206F5
:1080B000B3FEEE003315C501F696E374D5FE1385C5
:1080C000F7FF8145828013D70601414831BD9356A1
:1080D0000601C1477DB993D60801C147B5B38145B3
:1080E000054582803687014801B5428785BF3E86B7
:1080F000E9BDBA871DBF328E4DB579154698D5B901
:108100007915C69759BB3708100001117D183377D0
:10811000B80026CA3378D80093D4450113D346015A
:10812000131E37004EC61357D5010E089357D601BC
:1081300093F4F47F1373F37F06CE22CC4AC893D90D
:10814000F50193DEF6013367C701131F350033E8ED
:108150000701931F3600338E64406380D91963563C
:10816000C0136304031CB70680009307F07F3368D5
:10817000D800638FF4369307800363C0C735FD478B
:1081800063CDC747130500023305C541B3D7CF01FF
:10819000B316A8003399AF00DD8E33392001B357F1
:1081A000C80133E926011D8F33092F41B3372F0151
:1081B0003306F7409317860063D4072437078000FF
:1081C0007D173374E600630C042C2285EF10506891
:1081D000130785FF93070002998FB357F9003316F1
:1081E000E400D18F3319E9006341972A33059740A2
:1081F000130615007D47634DC73813070002118F22
:10820000B356C9003319E9003397E700558F333966
:1082100020013369270133D6C70081449377790061
:1082200081CF1377F90091476308F70013074900DE
:10823000333927014A963A899317860063D6071C7B
:10824000138514009307F07FCE856304F520B707EC
:1082500080FFFD17F18F9398D70113593900A607B6
:10826000B3E82801B1831375F57F9396C7005205D3
:10827000F2406244B182FE05C98ECD8ED24442499D
:10828000B2494685B68505618280631E0E0A138356
:1082900014001373E37F63170322B367E701B36826
:1082A000F801639D041A6387074063860844330915
:1082B000FF41B307074133362F013386C740931779
:1082C000860063D6074C3389EF41B307E84033B6E5
:1082D0002F013386C740F68991B76350C00F630002
:1082E000030CB70680009307F07F3368D800638AD9
:1082F000F43A9307800363CBC713FD4763DFC735A9
:1083000013090EFE93070002B3562801630AFE000C
:10831000130900043309C94133192801B3EF2F01B0
:108320003339F0013369D90031A2B367F801638AA8
:10833000071C9307FEFF638C07389306F07F6309E1
:10834000DE1A3E8E0DBDB305934063910422B367E0
:10835000E701638707329387F5FF6381074493063C
:10836000F07F638CD520BE859307800363CCB72A4A
:10837000FD4763CFB73C930700028D8F3319F70099
:10838000B356BF00B317FF003369D900B337F0000D
:108390003357B7003369F9003308E84041ACB3679D
:1083A000F801638007349307FEFF638A0720930672
:1083B000F07F6308DE2E3E8E2DBF631E0E14938663
:1083C000140093F7E67F63910734B367E701639581
:1083D000042C6380073EB367F801638E07303309CE
:1083E000FF01B3070701333FE9013386E701931724
:1083F000860063D70700B70780FFFD177D8E854491
:1084000093777900E39F07E09317D60193583900DB
:10841000B3E8F800935736001307F07F638DE40448
:10842000B207B18313F5F47FCE8581B53369F801C6
:10843000333920017A99B337E9013386E70093177E
:108440008600E3DF07FA85049307F07F6396F4184C
:10845000CE851305F07F8147814801BDC1EB638460
:10846000083A931636009317D8018D82B3E8D700E7
:10847000F68993573800B3E7F800F9DB8145130517
:10848000F07FB70708008148CDB3370680FF7D161F
:108490007D8E93777900998CE39507D8B5B74A8597
:1084A000EF10103B13078501FD47E3D5E7D2130614
:1084B00085FFB317C900014905BB3369F80133399A
:1084C0002001DDB13309FF413306074133342F0169
:1084D000330486409317840063CD0724B368890072
:1084E000E39308CE8147814981441DBFE39808F892
:1084F0000E059317D7010D81B3E8A70093573700F6
:108500009DBF0E059317D7010D81B3E8A700F28434
:108510009357370011B73305934063820412B706AF
:1085200080009307F07F558F630DF32E9307800330
:1085300063CBA720FD4763C3A72A93070002898F57
:108540003319F700B356AF00B317FF003369D900F2
:10855000B337F0003357A7003369F9003A987E9992
:10856000B337F901338607019A84D1BDB70680007D
:108570009307F07F558FE319F3DE931736008D8351
:108580009318D801B3E81701F68993573800E5B579
:10859000130715FE9306000233D7E700630AD600DF
:1085A000930600043386C6403396C7003369C9007A
:1085B000333920013369E9000146814491B533091B
:1085C000FF01B30707013336E9013E969317860092
:1085D0008544E3D707E28944B70780FFFD17F18F91
:1085E0001357190013791900336927019398F7017C
:1085F00033E9280113D6170015B113090EFE9307AE
:108600000002B3562801630AFE001309000433096F
:10861000C94133192801B3EF2F013339F001336910
:10862000D90059B63369E7013339200133892F4125
:10863000B3B72F013306F8409A84F689A5BEB36715
:10864000E701638207189307F5FF6384071C93060D
:10865000F07F6304D5123E85D1BD93070002B38736
:10866000C741B316F8003399FF0033D6CF01D18E3E
:1086700033392001B357C80133E926013E975DBB6A
:10868000931736008D839318D801B3E81701AE8491
:1086900093573800F68949B3EDC33369F801E31FF6
:1086A00009DC0E059317D7010D81B368F5009357C8
:1086B0003700D1B36381080E931636009317D801A3
:1086C0008D82B3E8D700F6899357380091BB330900
:1086D000FF41B3070741333F2F013386E74185440C
:1086E000D1BC0E059317D7010D81B368F500F28454
:1086F0009357370015B30E059317D7010D81B3E8D3
:10870000A7009357370029BB9307F07FE382F6D485
:108710003309FF013336E901B3070701B297939894
:10872000F7011359190033E9280113D61700B6844D
:10873000C1B93389EF413307E84033B62F01330421
:10874000C740F68949B43369E7013339200101BDD7
:10875000938705FE93060002B357F700638AD5009E
:1087600093060004B385B6403317B700336FEF00AC
:108770003339E0013369F90055BD931736008D8315
:108780009318D801B3E8170193573800EDB1B368D7
:10879000C900E39708C68147814959B13389EF4140
:1087A000B307E84033B62F013386C740F6898544C6
:1087B00011B4931636009317D8018D82B3E8D70011
:1087C00093573800B1B9931636009317D8018D82AC
:1087D000B3E8D700AA84935738003DB9930705FE44
:1087E00093060002B357F700630AD500930600040E
:1087F0003385A6403317A700336FEF003339E0010C
:108800003369F900A9BB81451305F07FB70708005C
:10881000A9BC3309FF01B30707013336F9013E96BE
:1088200075B3931636009317D8018D82B3E8D7003D
:108830009357380089B1397193D7450122DC4AD862
:1088400056D22A891394C50006DE26DA4ED652D4B3
:108850005AD05ECE13F5F77F318093DAF501630BC2
:1088600005109307F07F630BF514135AD9010E041A
:1088700033648A00370A8000336A4401131B3900CD
:10888000930415C00144814B13D846011399C600C7
:108890001378F87FB2881359C90093D9F601630E93
:1088A00008089307F07F6300F8041357D6010E09F8
:1088B00033692701130818C0B70780003367F90030
:1088C00093183600B38404418145BD4733C83A014B
:1088D00063E4871A979700009387C7FF0A043E94C2
:1088E00010403E9602863367C90093841480631259
:1088F00007101364240081488945C1BF1306F07F27
:1089000081470147B207F25062545206B1837E0894
:10891000D18FB3E70701D2544259B259225A925A21
:10892000025BF24B3A85BE852161828001481306C5
:10893000F07FB70708000147F1B73367C9004DC79B
:10894000630809304A8532C4EF108070224613074D
:1089500055FFF547930685FF998F3319D900B35713
:10896000F60033E72701B318D60026959304353F68
:108970008145A1BF336A240163030A0636C632C4A7
:108980006306042A2285EF10A06C2246B246AA8410
:10899000130755FF754A138B84FF330AEA403314DB
:1089A0006401335A4901336A8A00331B6901130594
:1089B000D0C0B30495400144814BF9B5336A24011A
:1089C00063180A002144014B9304F07F894B6DBD6D
:1089D000228A4A8B31449304F07F8D4B75B5114444
:1089E000014B8144854B4DB5136414008148854586
:1089F000E9BD136434004A878D45C1BD630A052E65
:108A00008547898F9306800363DDF63201468147EF
:108A10000147CDBDCE868947638DF53A8D47E38703
:108A2000F5F085473688E383F5FE1385F43FE35779
:108A3000A0FC93F778006396072893D63800931725
:108A4000770063D80700B70700FFFD177D8F1385F8
:108A500004409307E07FE3C3A7EA1316D7019317F7
:108A60009700B1833367D6001376F57F61BDD68654
:108A70005287DA88DE8545B763614723630DEA20B4
:108A8000DA86FD145284014B9317870013D38801B3
:108A90003363F300935E0301B357D403131F030141
:108AA000135F0F0193D50601139E88003374D4031E
:108AB0003307FF024204C18D63FBE5009A951386DC
:108AC000F7FF63EE652663FCE526F9179A95998D05
:108AD00033D7D503C206C182B3F5D5033306EF02FF
:108AE000C205D58D63FBC5009A959306F7FF63E633
:108AF000652463F4C52479179A95C20741645D8F94
:108B00009307F4FF3375F70093580701935F0E0145
:108B1000B377FE00B302F502B386C540B383F80213
:108B200093D502013386AF021E962E963385F80345
:108B3000637376002295C168FD189355060133765C
:108B400016014206B3F81201AA95469663E6B612DC
:108B50006382B6123306CB408D8E333BCB00338B12
:108B600066411385F43F630C6317B358DB039355D9
:108B70000601337BDB03B3061F03420B33EB6501B6
:108B8000637BDB001A9B9385F8FF636D6B20637B2F
:108B9000DB20F9181A9B330BDB40B356DB0342068C
:108BA0004182337BDB03330FDF02420B3366660106
:108BB000637BE6011A969385F6FF6367661E63750D
:108BC000E61FF9161A96C208B3E8D8009395080173
:108BD00093D20801C181B38EF5023306E641B38515
:108BE000BF0293D60E01B387F202BE95AE96B38F45
:108BF0005F0263F4F600C167BE9FC165FD1593D7A0
:108C00000601ED8EC206B3FEBE00BE9FF696637FE0
:108C1000F6091A969387F8FF6369661A6368F6196E
:108C2000630FF61BBE8893E8180011B54A85EF1054
:108C3000204213075501F145930405022246B2462E
:108C4000E3DAE5D4130485FF331A8900014B85B3B9
:108C5000328532C4EF10C03F13075501F146AA8791
:108C6000224613050502E3D6E6CEE1173317F600D8
:108C70008148E5B9E370CBEE729B3335CB011A9591
:108C8000AA961305F7FF6378D30263E6B6106382F2
:108C9000D5102A87C1B5E3651BDF93551B009316DA
:108CA000FA0113541A00CD8E7E0BF9BBE31DF6F7C3
:108CB000E38F06D6B9BFE31ED3FCE378CBFD2A874A
:108CC00051BD93F7F8009146E389D7D693B7C8FF13
:108CD0009386480093C717008D823E978DB38146D7
:108CE0008547E34CA0FEFD58E31C05D0930410C05B
:108CF00085471385E441B316A70033D6F8003395B2
:108D0000A800D18E3335A000C98E13F676003357F4
:108D1000F70001CE93F7F60011466388C7009387EA
:108D20004600B3B6D7003697BE869317870063D840
:108D30000704054681470147F1B636877DBBB287F8
:108D400079B3FD46E3D7F6FA0556098E930600027D
:108D50003356C7006388D7009387E443B317F700FF
:108D6000B3E8F800B3361001D18E13F676008147D0
:108D700001CE93F7F60011460147E392C7FA931725
:108D800097001316D701B18313D73600518F0146D0
:108D900095BEE370CBF0729B3335CB011A957917F2
:108DA000AA964DBBAE88C5BBAE8631BD93171E00DB
:108DB00033BEC70172931A96F9183E8EE315F6E793
:108DC000E307DEC693E818009DB1BE88E30AF6FF0C
:108DD00099BD36881306F07F8147014725B6E367C2
:108DE000DEFCBE88E310DEFE99B113D74501B7075C
:108DF0001000FD1713D846011377F77F9308F07F13
:108E000033F3B7002A8EF58FFD81B28E1378F87F89
:108E1000FD8263081703630018030DEBB368A3001A
:108E2000631408005D8E29CA638508046388D5022F
:108E3000054595ED8280B3E8C700E38008FE7955CB
:108E400082803365A30065FD630CE80263140800AB
:108E50005D8E79DEE39ED5FCE34CE8FC63480701B8
:108E6000E3E867FC6303F302637FF30081E57D556C
:108E70008280F5DE054582800145E39B08FA828009
:108E80005D8E69DA6DBF01458280E3E3CEFB01456B
:108E9000E372DEFBE5F1E1BF13D74501B707100030
:108EA000FD1713D846011377F77F9308F07F33FE41
:108EB000B700AA8EF58FFD81328F1378F87FFD827F
:108EC000630E1703630D180129E3B368AE00631F37
:108ED00008005D8E01EE0143638C080421A8B3E80D
:108EE000C7000943639608046DD305A06384080492
:108EF0006385D50205438DCD7D531DA8B368AE00B3
:108F0000094363970802630AE802631408005D8E50
:108F100075D2E391D5FEE34FE8FC63490701E3EB2B
:108F2000C7FD630FFE0001436374FE00F1D50543E6
:108F30001A858280EDFE7D53E5BF5D8E79DACDBF67
:108F4000E36ADFFB0143E3F5EEFFF5F175B7397135
:108F50004AD813D945014ED652D456D29399C5005A
:108F600006DE22DC26DA5AD05ECE1379F97F2A8A11
:108F700093D9C90093DAF501630D090E9307F07FC9
:108F80006306F9181354D5018E09B3693401370407
:108F9000800033E4890093143500130919C0814916
:108FA000814B13D74601139AC6001377F77FB2851A
:108FB000135ACA0013DBF601630B07109307F07F07
:108FC0006303F7049357D6010E0A33EA47011307E8
:108FD00017C0B7078000B367FA00931536003A99B7
:108FE000814833C76A01BD463A851308190063E812
:108FF0003617179600001306E6918A09B29983A6E0
:109000000900B2968286B367CA001309F97F639993
:10901000071293E9290081458948E1B70147930781
:10902000F07F3704080081443204D20731807E0784
:109030005D8C598CA285F250625426854259D254D7
:10904000B259225A925A025BF24B216182805A85B0
:109050003E84AE84C68B8947638DFB0E8D47E38FBC
:10906000FBFA85472A87639EFB3881470144814488
:1090700065BF33E4A90061C036C632C4638C092AD7
:109080004E85EF00F07C2246B246AA87130755FFB3
:109090007544938487FF198CB399990033548A00DF
:1090A00033643401B3149A0013D746011309D0C0B6
:1090B000139AC6001377F77F3309F9408149814B32
:1090C000B285135ACA0013DBF601E31907EEB36742
:1090D000CA00B1C7630F0A22528532C4EF0050772D
:1090E00022462A87930655FFF547930587FF958FFC
:1090F000331ABA00B357F600B3E74701B315B60009
:109100003309E9401309D9C08148E1BD33E4A9001E
:1091100001ECA14981441309F07F894B59B593E9CA
:1091200019008145854875BD4E84AA84B14913094B
:10913000F07F8D4BBDB5914981440149854B95B573
:1091400093E93900D2878D4869BD89475685E397F1
:10915000FBF02A879307F07F01448144F1B5C16E8B
:109160001386FEFF93D6040113DE0501F18CF18D09
:10917000338695023383B6029358060133059E0267
:109180001A95AA98B382C60363F36800F692C16F7A
:109190001383FFFF33F5670093D30701B3F768002C
:1091A000C207337366003E933306950293D80801D5
:1091B000B387A602135F0601B3849302BE94FA94A8
:1091C000B38E760263F3F400FE9E416A9307FAFFC2
:1091D000935F0401B376F400B3F9F4007D8EC1808F
:1091E0003384D502C209338FD401B299CE98B30724
:1091F000DE02935E0401B385BF02AE97BE9E330EBE
:10920000FE0363F3BE00529EC1679385F7FF33F6FA
:10921000BE006D8C4206229693DE0E01B305D50288
:10922000769E3385AF0213D40501B386D302AA9686
:10923000A296B38FF30363F3A600BE9F41657D152D
:10924000B3F7A600C2076D8DAA97B3855800B3B9CE
:109250003501FA97B2953384370133B6C500B30EA2
:10926000C4013385CE0033343401B3B7E701C18F75
:1092700033BECE0113D406013336C5003E943366A7
:10928000CE009394950032947E94B3E46400260457
:1092900093567501B3349000DD8193179500CD8C02
:1092A000558CDD8C9317740063DB070093D7140093
:1092B00085889316F401DD8CD58C0580428993074F
:1092C000F93F6359F00893F6740081CE93F6F400E9
:1092D00011466388C60093864400B3B49600269472
:1092E000B6849316740063D80600B70700FFFD1715
:1092F0007D8C930709409306E07F63CFF60E93D6EB
:1093000034009314D4012604D58C318093F7F77F71
:1093100021BB328532C4EF00B05393065501F147AB
:10932000130705022246E3D1D7DC6115B317A60067
:109330008145F9B3EF00D05113075501F14593076B
:1093400005022246B246E3D5E5D461153314AA00DE
:10935000814499BB85469D8EB1E71309E941B397D6
:109360002401B3D4D40033192401B337F000B3641B
:109370009900DD8C93F77400B356D40081CF93F736
:10938000F40011466388C70093874400B3B4970084
:10939000A696BE849397860063D807048547014448
:1093A000814459B113068003E341D6CC7D46E35690
:1093B000D6FA0556B307F640930500023356F4007B
:1093C0006387B6001309E943B3172401DD8CB33476
:1093D0009000D18C93F67400014499CA93F7F4007D
:1093E00011468146E392C7FA139496003180F6063F
:1093F0008D80D58C81470DB99307F07F014481445E
:1094000025B142896DBD370710007D1701113373F7
:10941000B70093D84601758F935ED60122CC26CA39
:109420000E0393D445019357D5010E0706CE4AC8C3
:109430004EC693F8F87F130EF07F33E7EE0093F4F7
:10944000F47F13D4F50133E36700131F3500FD8269
:10945000931E36006380C81993C61600B385144165
:109460006305D4126351B018638B081AB7078000E4
:109470005D8F6381C4599307800363C4B734FD478C
:1094800063C5B748930700028D8FB3D9BE00331868
:10949000F700B39EFE00336838013357B700B33985
:1094A000D001336838013303E340B3090F41B337C8
:1094B0003F013306F3409317860063D3072437092F
:1094C00080007D1933792601630F092C4A85EF004E
:1094D0003038130785FF93070002998FB3D7F9003F
:1094E0003316E900D18FB399E9006344972A058FB9
:1094F00013061700FD4663C5C63A13070002118F15
:10950000B3D6C9003398E9003397E700558F333855
:109510000001B369070133D6C700814493F779008E
:1095200081CF93F6F90091476388F600938649004E
:1095300033B836014296B6899317860063D6071C66
:10954000138714009307F07F05886306F720B70799
:1095500080FFFD17F18F1398D70193D93900A60723
:1095600033683801B1831377F77F9396C7005207AA
:10957000B1827E04D98EC18EF2406244D244424907
:10958000B2494285B685056182806356B00A638A16
:109590000812B70780005D8F6387C42D930780038F
:1095A00063C7B718FD4763D2B73C138805FE93071E
:1095B0000002B3590701638AF50093070004B385DD
:1095C000B7403317B700B3EEEE003338D00133683D
:1095D000380195A2B367D7019385148099E393C6A8
:1095E0001600630AD404D1E19387140093F7E77F50
:1095F0006399071EB367E3013368D70163920416CA
:109600006382073C63160842131835009316D30192
:109610001358380033E806019357330019A2B36793
:10962000D7016385071A9387F5FF638B073A638C2D
:10963000C523BE8589B56399051C9386140093F7ED
:10964000E67FC1EFB367E30163900436638D07449F
:10965000B367D701639407460E051318D3010D8134
:109660003368A800935733006DA8B385984063977B
:109670000420B367E301638D07309387F5FF6389A7
:1096800007401305F07F6383A520BE859307800301
:1096900063C2B72AFD4763C8B73C930700028D8FAA
:1096A0003318F3003356BF00B317FF003368C80008
:1096B000B339F0003353B3003368380133076740E0
:1096C000B5ACB367D701638307109387F5FF638F4A
:1096D000071E6380C52FBE85D1B59307F07F638BCE
:1096E000F606FA9E33B6EE01B307E300B29713987D
:1096F000F70193DE1E00B369D80113D61700B684B4
:1097000093F77900E39F07E09317D60113D8390048
:109710003368F800A685935736001307F07F6380FF
:10972000E506B207B18313F7F57F05883DBD3367C2
:10973000D7013338E000B309E801B3B7E901338654
:10974000670093178600E3DD07FA85049307F07F2F
:10975000639CF41805881307F07F8147014831B5F1
:10976000639107106301083C131836009317D70163
:10977000135838003368F800368493573700B367BE
:10978000F800E9DB01441307F07FB7070800014840
:10979000E9BB370680FF7D167D8E93F77900998CA3
:1097A000E39107D895B74E85EF00900A130785011E
:1097B000FD47E3D2E7D2130685FFB397C90081497D
:1097C0002DB33368D70133380001C5B11318350004
:1097D0009317D301135838003368F80093573300B8
:1097E0002DBFB309DF413309E34033363F0133096D
:1097F000C9409317890063CA072033E82901E3159C
:1098000008CC8147014431BFB3859840638104147B
:10981000B70680009307F07F3363D3006381F8209D
:109820009307800363CCB722FD4763C9B72C930726
:1098300000028D8F3318F300B356BF00B317FF003B
:109840003368D800B339F0003353B30033683801BC
:109850001A97B309D801B3B7D9013386E700C68494
:10986000CDB5E31108F2131835009317D30113583F
:1098700038003368F8009357330011B7370580007C
:109880009307F07F3363A300E392F8E00E0613180A
:10989000D7010D823368C800935737003684C5B5A9
:1098A00005179306000233D7E700630AD600930634
:1098B00000043386C6403396C700B3E9C900333885
:1098C0003001B369E800014681441DBDB309DF01E1
:1098D000B307E30033BFE9013386E701931786003E
:1098E0008544E3DF07E08944B70780FFFD17F18F68
:1098F00013D7190013F81900336807019399F7017A
:10990000B3E9090113D6170011B9138805FE9307AF
:109910000002B3590701638AF50093070004B38579
:10992000B7403317B700B3EEEE003338D0013368D9
:109930003801A5BE3363E30133386000B3890E41BB
:10994000B3B73E013306F740C6843684ADB6B3677D
:10995000E301638707189387F5FF638C071C930661
:10996000F07F638ED50ABE8565BD930700028D8F9B
:10997000B3D9BE003318F700B39EFE003368380138
:109980003357B700B339D001336838013A9365B320
:10999000131836009317D7011358380033E807011E
:1099A00036849357370095BBBDCB3367D701E31B94
:1099B00007DC0E051318D3010D813368A8009357F7
:1099C000330075BBE30F08E2131836009317D70175
:1099D000135838003368F80036849357370091B332
:1099E000B309DF41B307E340333F3F013386E7412B
:1099F0008544D1B4131835009316D3011358380099
:109A000033E80601935733009DBBB389EE4133061B
:109A1000674033B93E0133092641368475B40E06DA
:109A20001318D7010D823368C8009357370081BBE4
:109A3000B309DF41B307E34033363F013386C74004
:109A40009317860063D7070AB389EE41B3076740CF
:109A5000B3BE3E013386D7413684C9B43363E301D4
:109A600033386000FDB3138805FE93070002B35935
:109A70000301638AF50093070004B385B7403313ED
:109A8000B300336F6F003338E001336838017DB5C0
:109A9000B389EE41B3076740B3BE3E013386D74179
:109AA0003684854409BC131836009317D701135820
:109AB00038003368F80093573700A5B1B309DF01C8
:109AC000B307E30033BFE9013386E701931786004C
:109AD000E3D807C2B70780FFFD177D8E85440DB11F
:109AE0000E061318D7010D823368C800935737004C
:109AF0002DB133E8C900E30608D019B1138805FE7B
:109B000093070002B3590301638AF5009307000429
:109B1000B385B7403313B300336F6F003338E001C0
:109B2000336838013DB301441307F07FB7070800DD
:109B30002DBCB309DF01B307E300B3BED9013386FF
:109B4000D70169BB13D74501B7071000FD171347AD
:109B5000F7FF13D84601FD8DF58F93165701137843
:109B6000F87F99CA1307F07F01456303E8008280FC
:109B7000D18F3335F0008280C98D0545E5D58280CF
:109B800093D74501B70610001387F6FF93F7F77FC9
:109B90001306E03F2A886D8F0145FD816354F6006E
:109BA00099C1828082801306E0417D55E34BF6FE29
:109BB000130530431D8D7D46558F634AA60093875C
:109BC000D7BE3317F7003355A800598D828013058F
:109BD0003041B307F5403355F7008280411106C686
:109BE00022C426C205CD9357F541B3C4A7009D8C6E
:109BF0002A842685B1299306E041898EA9477D8074
:109C000093F6F67F63CDA7022D47098FB3D7E40003
:109C10005505B207B394A400B18329A0014481463D
:109C200081478144B207D206B1837E04D58FC18FAC
:109C3000B24022442685BE8592444101828055155A
:109C4000B397A400B207B1838144E9BF15CD411198
:109C500022C406C62A84ED2E9306E041898EA947C8
:109C600093F6F67F63DCA7025515B317A400B2077D
:109C7000B1830147B2402244B207D206B183D58FE7
:109C80003A85BE854101828081478146B207D2066E
:109C9000B1830147D58F3A85BE8582802D47098FD4
:109CA000B357E400B207130755013317E400B1833B
:109CB000D1B7B367B5009DCF411122C426C24AC0B7
:109CC00006C6AA842E892E84A1C12E85512693060C
:109CD000E043898E9307304363C4D7069317C900C6
:109CE0002D46268793F6F67FB183635CA60C130698
:109CF00055FF0DA881478146B207D206B1830147BF
:109D0000D58F3A85BE858280A1262A869306E043B8
:109D100013050502898E1307A00293F6F67F634CA4
:109D2000A70C55061307B002098FB317C90033D724
:109D3000E4005D8F9317C700B1833397C40051A02F
:109D40009307604363D9D7021307850193078503FF
:109D50006347070C3396E40001472144098C518F77
:109D6000930704FE3337E00063CF0708B354F900CC
:109D70008147D98C3E84A14763C1A706370780FF7E
:109D80007D1713F67400B377E40005C613F6F400EC
:109D900091456300B60213864400B3349600A6973B
:109DA0009395870063D905089306F043F98F898E50
:109DB000B2841397D7018D80A607458FB18393F6A0
:109DC000F67FB2402244B207D206B183D58F9244C7
:109DD00002493A85BE85410182801307800213063D
:109DE00085FF098F33D7E400B317C4003364F7004D
:109DF000B394C40061B7930756FFB397F400B2075A
:109E0000B18301477DBF7D4693171900018EB3973B
:109E1000C700B3D48400DD8CB357890099BF7D4659
:109E20001D8E13D714003357C7003316F900598E0F
:109E30003397F4001DB7B284ADBF13577501137784
:109E4000F70F41119307170022C426C2131495007F
:109E500006C693F7E70F25809354F50185C79357FE
:109E60003400130707387604B2075207B1831395FD
:109E7000F401D98FC98FB240228522449244BE8515
:109E80004101828005EB39C42285D922A94763C6E6
:109E9000A7042D47098F930755013357E400331466
:109EA000F4009317C70013079038098FB183137715
:109EB000F77F5DBF01CC13573400B7070800D98F77
:109EC000B2077604B1831307F07F79BF1307F07FE1
:109ED000814759BF0147814741BF130755FF3317DA
:109EE000E40001447DBF93D645019397C50093F6E6
:109EF000F67FB183138616008E071357D5011376AC
:109F0000E67FFD815D8F9318350035CE138806C836
:109F10009307E00F63DD07018147139597009306D0
:109F2000F00FDE062581FE05558D4D8D828063552F
:109F3000000B931765000E07B337F000D98F93D845
:109F4000D801B3E7170113F777006301071013F780
:109F5000F70091466303D7009107370700047D8F10
:109F600075C7130718001306F00F9376F70FE30574
:109F7000C7FA9A07A58313959700DE062581FE058B
:109F8000558D4D8D8280B367170199EE85CF95472A
:109F90009A07A5831395970093F6F60FDE062581A1
:109FA000FE05558D4D8D8280A5DBB70740001395CA
:109FB00097009306F00FDE0681452581FE05558D3D
:109FC0004D8D82808147139597008146DE0625815D
:109FD000FE05558D4D8D8280A5576348F804F947DD
:109FE00037068000B38707417D45598E6351F504DC
:109FF000795733070741130500023357E60063889A
:10A00000A700938626CAB316D600B3E8D800B337A4
:10A010001001D98F13F77700014815FB13975700EC
:10A020008546E34807F48146A5B781468DB79386F8
:10A0300026C83397D8003337E000B316D600B3D81C
:10A04000F800B367D700B3E7F800E9B7C28689B76D
:10A05000C167637EF5029307F00F1307000263ECFC
:10A06000A700978700009387E78EAA9703C507008C
:10A070003305A74082802181978700009387878DD1
:10A08000AA9703C5070061473305A7408280B70739
:10A090000001636EF5006181978700009387878BCD
:10A0A000AA9703C5070021473305A7408280418155
:10A0B000978700009387078AAA9703C5070041473F
:10A0C0003305A7408280938781869C434111328863
:10A0D00006C6AA882E87C8473686978700009387CA
:10A0E000679763170800977700009387E7543E88C7
:10A0F000C686978500009385E5963920EF10C01736
:10A100009387818688438280397132D436D63EDA8D
:10A110003AD842DC46DE938781862E86AA8588431C
:10A12000341006CE36C6892AF2402161828001476A
:10A130006314E60001458280B307E5000507B38696
:10A14000E50083C7070083C6F6FFE383D7FE3385A8
:10A15000D7408280B3C7A5008D8B3307C50081E748
:10A160008D4763EEC700AA876370E50A83C60500C2
:10A1700085078505A38FD7FEE3EAE7FE8280937605
:10A180003500AA8791CA83C6050085078505A38F78
:10A19000D7FE93F63700FDB79376C7FF138606FE0A
:10A1A00063F0C70683A3050083A2450083AF850043
:10A1B00003AFC50083AE050103AE450103A38501CE
:10A1C00083A8C5019385450223A0770003A8C5FF96
:10A1D00023A2570023A4F70123A6E70123A8D70150
:10A1E00023AAC70123AC670023AE17019387470258
:10A1F00023AE07FF75B790419107910523AEC7FEC7
:10A20000E3EBD7FEE3E4E7F682801C46FD171CC6AD
:10A2100063DA0700184E63C5E700A9476394F500A9
:10A220006F0010681C422E851387170018C2238008
:10A23000B7008280011122CC26CA4AC84EC652C439
:10A2400006CE2A89AE893284B304D6007D5A6314BF
:10A250009400014511A8834504004E864A85EFF01D
:10A26000DFFA0504E31545FFF2406244D244424957
:10A27000B249224A05618280357122CD26CB4AC976
:10A280004EC706CF52C556C35AC1DEDEE2DCE6DA5F
:10A29000AA89AE843289368409C51C4D99E3EF1032
:10A2A000507A978700009387678B639DF40C83A493
:10A2B000490083D7C400A18BE5CB9C48F5C7930721
:10A2C0000002A304F1029307000302D22305F10266
:10A2D00022C6930B5002977A0000938AAA7B054C02
:10A2E000294B4A848347040099C36392770FB30CC8
:10A2F0002441638E0C00E6864A86A6854E85EFF0E3
:10A300007FF3FD576306F51E9256E69636D28347D5
:10A310000400638F071CFD571309140002C802CE06
:10A320003ECA02CCA309010482D483450900154624
:10A330005685EF20801A13041900C24759E913F714
:10A34000070109C713070002A309E10413F78700F7
:10A3500009C71307B002A309E104834609001307E4
:10A36000A0026380E608F2474A84814625460347F7
:10A37000040093051400130707FD6379E60AB5CAC4
:10A380003ECE85A8977700009387477F6395F400BA
:10A3900083A4890039BF977700009387277AE39ACF
:10A3A000F4F083A4C90031B7A6854E85EF00B05BF9
:10A3B00019D57D55FA406A44DA444A49BA492A4ACD
:10A3C0009A4A0A4BF65B665CD65C0D618280050496
:10A3D00011BF330555413315AC00C98F3EC82289E2
:10A3E000A9B7324793064700184336C663490702A8
:10A3F0003ACE034704009307E002631FF7040347C4
:10A4000014009307A002631BF702B24709041387E5
:10A4100047009C433AC663C107023ECA35A83307CA
:10A42000E04093E727003ACE3EC8E1B7B387670321
:10A4300085462E84BA9725BFFD57C5B7050402CAC5
:10A4400081468147254603470400930514001307FE
:10A4500007FD6378E606F1F2834504000D461775A3
:10A4600000001305A563EF20400711CD977700008A
:10A470009387C7621D8D93070004B397A7004245D9
:10A4800005045D8D2AC88345040019461775000030
:10A4900013050561130914002304B102EF20E00342
:10A4A00025C1970700009387C71E95E74247B2472B
:10A4B0001377071009CF91073EC69257D2973ED225
:10A4C0000DB5B387670385462E84BA97ADBF9D0748
:10A4D000E19BA107D5B77800970600009386C6D503
:10A4E00026860C084E856522FD572A8AE317F5FC5F
:10A4F00083D7C40093F70704E39D07EA12555DBDB7
:10A50000780097060000938626D326860C084E8591
:10A51000B927D9BF797122D44AD052CC56CA5AC869
:10A5200006D626D24ECE3A8AAE8A32843689428BFD
:10A53000014763580600370700803344C7001307FC
:10A54000D0022380E70093F4F8FD930760048D4662
:10A550006388F4009307500489466393F400050967
:10A56000DA879308C100130881004A87D6852286BE
:10A57000EF00306593077004AA896396F400137A9C
:10A580001A00630A0A0493076004338A2901639757
:10A59000F40203C7090093070003631EF700014696
:10A5A00081465685A285EF20307211C585473389D3
:10A5B000274123202B0183270B003E9A0146814629
:10A5C0005685A285EF20507011E152C61307000393
:10A5D000B24763E24703B2474257B2502254B387AF
:10A5E00037411CC34E8592540259F249624AD24AFD
:10A5F000424B456182809386170036C62380E70070
:10A60000C1BF2300C500130725009307B00263D61E
:10A610000500B305B0409307D002A300F500A5479D
:10A6200063DAB70441119307F100BE882948130388
:10A630003006B3E605031386F7FF93860603A38F60
:10A64000D7FEB3C60503634DB30093860603F9171F
:10A65000A30FD6FE63E917013305A74041018280AD
:10A66000B287B685F9B7850783C6F7FF0507A30F3D
:10A67000D7FECDB793070003130745009385050365
:10A680002301F500A301B5003305A74082801971AD
:10A690003ACE86DEA2DCA6DA2E84CAD8CED6D2D4B2
:10A6A000B689DAD0DECEE2CC3289D6D2E6CAEAC8A2
:10A6B000EEC6AA84EF107050832B05005E85EF0074
:10A6C000101D032B0400724702DC93760B102A8CBA
:10A6D000034A84011C43F1CA9386470014C39C4378
:10A6E000081098433AD0D8433AD298473AD4DC4736
:10A6F0003ED6EF20906A28C46CC4832CC40417771C
:10A7000000001307A73A832A8404032D0700832D32
:10A71000470093971C0085836A86EE865685BE8522
:10A720003ECEEFF02FC241EDF2476A86EE865685A7
:10A73000BE85EFE06FF66354A0080146814656855A
:10A74000E685EFE06FF5635605009307D002A3019D
:10A75000F40493077004977A0000938AAA3563F68D
:10A760004701977A0000938A2A35137BBBFF8D47F8
:10A77000232064011CC8014B4E87CA867018A2852D
:10A780002685C12EFD5C631E95157D55F6506654D9
:10A79000D6544659B659265A965A065BF64B664C1D
:10A7A000D64C464DB64D096182809D07E19B93864C
:10A7B000870014C39843DC4338C47CC43DBF56862D
:10A7C000E6865685E685EFF0EFB711CD9307700466
:10A7D000977A0000938A8A2EE3F947F9977A000066
:10A7E000938A0A2E59B75C407D57137DFA0D639505
:10A7F000E70899475CC0544013670B403C18D68566
:10A800003EC018C09307310302C2D2881308410327
:10A8100066862685EFF01FD093077004AA8AD2556A
:10A82000631BFD00F55763C5F5005C4063D8B708AE
:10A83000791A137AFA0F9307500663E64705FD1558
:10A840005286130504052EDAEFF0BFDB625785460A
:10A850002A8BB307A7001CC863C5E6001840058B08
:10A8600019C385071CC883473103E38707F09307A3
:10A87000D002A301F40409B713077004E31DEDF639
:10A88000BDFB854785BF93076006631BFA025C40EA
:10A89000635BB0000CC881E71840058B09CF8507C2
:10A8A000AE971CC809A889E718408546058B19C3CF
:10A8B0009386270014C82CCC014B75B7130A700679
:10A8C000E25763C9F5001C400CC8858BEDD7938710
:10A8D0001500C1BF05476344B00009470D8FBA9703
:10A8E000C9B71C4013F7074015E314485686CA85BC
:10A8F00026858299E30B95E91C40898B6396072492
:10A90000F2574844E354F5E83E8549B5130750062D
:10A91000637B471928446C4401468146EF20D03AB6
:10A9200039E98546176600001306C6A7CA8526853D
:10A930008299E30C95E55257E2576345F7001C40B6
:10A94000858BDDDBE2865E86CA8526858299FD578A
:10A95000E30DF5E2014A930AA4017D5BE257FD177E
:10A96000E35CFAF885465686CA8526858299E30E09
:10A9700065E1050AE5B7D2576346F00685461766D6
:10A980000000130626A2CA8526858299E30F95DF6B
:10A99000D2576257D98F81E71C40858BB1DFE286A1
:10A9A0005E86CA8526858299FD57E300F5DE014A59
:10A9B000130BA401FD5BD257B307F040634BFA00C1
:10A9C000E2565686CA8526858299FD57E316F5F22A
:10A9D0006DBB85465A86CA8526858299E30775DB55
:10A9E000050AD1BF3C4C625A63D347013E8A635A81
:10A9F0004001D2865686CA8526858299FD57E30690
:10AA0000F5D8814C130DA401FD5D09A885466A8621
:10AA1000CA8526858299E30AB5D7850C032B840560
:10AA2000D28763530A008147B307FB40E3C0FCFEB3
:10AA30005257E257634DF7021C40858B8DEBE2576E
:10AA40005257338AE7406344EB00338A6741635BC4
:10AA50004001D28633866A01CA8526858299FD57D0
:10AA6000E305F5D2814A130BA401FD5B15A0E28634
:10AA70005E86CA8526858299FD57E312F5FC31B3BF
:10AA800085465A86CA8526858299E30075D1850A4E
:10AA90005257E257998F528763530A000147998FA3
:10AAA000E3C0FAFE91BDE25605476344D700858BAB
:10AAB000B5C785465686CA85268582997D5AE3069E
:10AAC00045CDE2865E86CA8526858299E30F45CB11
:10AAD00028446C4401468146EF20101F1DC9E256F0
:10AAE00013861A00CA85FD1626858299E30F45C98B
:10AAF000DA8613060405F9B585465686CA85268585
:10AB00008299E30475C9050AE257FD17E346FAFE88
:10AB1000C5B7014A930AA401FD5BFDB78546568679
:10AB2000CA8526858299E31595FD85B185465686A9
:10AB3000CA8526858299E30A65C5050A5C44725771
:10AB4000998FE345FAFE6DBB014A930A94017D5B40
:10AB5000F5B7797156CA9C49BA8A984522D426D24B
:10AB60004ECE52CC06D64AD05AC85EC6AA892E848A
:10AB7000B284368A63D3E700BA879CC003473404A3
:10AB800019C385079CC01C4093F7070281C79C40EE
:10AB900089079CC00329040013796900631A09001E
:10ABA000130B9401FD5B5C449840998F634CF9044E
:10ABB0001C408346340493F70702B336D000A5EB5C
:10ABC00013063404D2854E85829AFD576303F5043B
:10ABD0001C4011469840998B544481446397C700A8
:10ABE000B384E64063D3040081441C441848635492
:10ABF000F700998FBE94014969047D5B6398240531
:10AC0000014509A885465A86D2854E85829A631EDB
:10AC100075017D55B250225492540259F249624A4C
:10AC2000D24A424BB24B456182800509ADBF330722
:10AC3000D40013060003A301C704034754049387F9
:10AC40001600A2978906A381E7049DBF8546228648
:10AC5000D2854E85829AE30E65FB050945B7797169
:10AC600022D426D24AD04ECE06D652CC56CA5AC884
:10AC7000B68983C68501930790063289AA842E84FB
:10AC800013863504638DF60263E2D70693078005C9
:10AC90006389F61863EDD7006382062293073004B8
:10ACA000638FF60A930A24042301D404D1A09307E6
:10ACB00030066386F60A93074006E395F6FE1C40CD
:10ACC000084393F6070893054500CDC61C410CC305
:10ACD00063D807001307D002B307F040A301E404D0
:10ACE00097760000938606DE294775A8930700072C
:10ACF0006385F61663E5D7029307E006638CF618C2
:10AD00009307F006E390F6FA0C401C4313F805088D
:10AD1000138547006308080608C39C4395A893075A
:10AD20005007E383F6FE93078007638CF6129307C0
:10AD30003007E399F6F61C43D041814593864700DE
:10AD400014C383AA07005685EF10207901C5330587
:10AD5000554148C05C401CC8A301040471A81C43B1
:10AD6000930A2404938647009C4314C32301F404EC
:10AD70008547D5B793F607041C410CC3B1DAC20767
:10AD8000C187B9B793F5050408C3C1D983D70700B4
:10AD90001307F0066388E60E97760000938686D246
:10ADA0002947A30104044C400CC463C505000840B6
:10ADB0006D9908C099E3B28A91CDB28AB3F5E702E2
:10ADC000FD1AB69583C505002380BA00B3D5E70206
:10ADD00063F0E70CA147631EF7001C40858B91CB05
:10ADE00058401C4863C7E70093070003A38FFAFE8F
:10ADF000FD1A3306564110C84E87CA867000A285D8
:10AE00002685EFF01FD57D5A631E450B7D55B25048
:10AE1000225492540259F249624AD24A424B456145
:10AE20008280A382D504977600009386A6C90C4041
:10AE3000084313F805081C411105630D080208C3F7
:10AE400013F7150001C793E505020CC04147B1FB9C
:10AE50000C4093F5F5FD0CC0A9B79C4193E70702A0
:10AE60009CC193078007A302F404977600009386A1
:10AE7000A6C675BF13F8050408C3E30308FCC207A0
:10AE8000C1837DBF977600009386C6C3214711BF5B
:10AE9000AE872DB794411C43CC4913F8060813859F
:10AEA00047006306080008C39C438CC301A808C37D
:10AEB00093F606049C43F5DA2390B7002328040098
:10AEC000B28A1DBF14485686CA8526858299E30F2B
:10AED00045F31C40898B8DE7B2474844E359F5F2AE
:10AEE0003E8535B785465686CA8526858299E30F05
:10AEF00065F1050A5C443247998FE345FAFEE9BFE4
:10AF0000014A930A94017D5BF5B739713EDA2ED27E
:10AF100032D436D63AD842DC46DE9387818622CCBC
:10AF2000804326CA06CEAA8411C41C4C81E7228520
:10AF3000EF1020310C4454102686228536C6EFF0DF
:10AF4000AFB3F2406244D24421618280011126CA2B
:10AF50004AC806CE22CC4EC652C4AA842E8909C540
:10AF60001C4D99E3EF10E02D9C4C804481E7268531
:10AF7000EF10202D97770000938747BE631CF402E3
:10AF8000C0408357C400A18BB1C71C48A1C7FD595D
:10AF9000294A1C4483450900FD17B1E91CC463DE3E
:10AFA00007062286A9452685E528FD576308F50290
:10AFB000294535A097770000938747BC6314F400B8
:10AFC0008044C1B797770000938747B7E31BF4FA33
:10AFD000C04445BFA2852685792255D97D55F240CA
:10AFE0006244D2444249B249224A056182801CC46B
:10AFF000050963D70700184C63CBE7006389450157
:10B000001C401387170018C02380B70059B7228649
:10B0100026857920E31F35F7D1B71C401387170029
:10B0200018C029472380E70061B793878186AA85E6
:10B0300088436FF0BFF135713ECBB707008093C7EF
:10B04000F7FF3ECE3EC8C1779387872032C536C70B
:10B050003AC942CD46CF3ECA938781862AC42ACCBC
:10B06000884334012E862C0086DE36C2EF10F06A4B
:10B07000A24723800700F6500D618280AA8703C78C
:10B08000050085078505A38FE7FE75FB8280AA87EB
:10B09000850703C7F7FF6DFF3385A7407D158280C5
:10B0A000011122CC26CA4AC806CE4EC6AA842E89D1
:10B0B000328409C51C4D99E3EF10A0189777000062
:10B0C0009387C7A9631BF406C0401C4C1CC483575C
:10B0D000C400A18BD9C31C48C9C31C48084093793C
:10B0E000F90F1379F90F1D8D5C486347F500A285B0
:10B0F0002685EF10E00235E51C440505FD171CC44C
:10B100001C401387170018C0238037015C486389EF
:10B11000A7008357C400858B89CBA9476317F90023
:10B12000A2852685EF00D07F0DEDF24062444A856E
:10B13000D2444249B24905618280977700009387E3
:10B14000E7A36314F400804449B79777000093871E
:10B15000E79EE31CF4F6C0448DBFA285268521201E
:10B160002DDD7D59D9B741119387818626C284434D
:10B1700022C44AC006C62A892E8491C49C4C81E709
:10B180002685EF10000C977700009387279D631C9E
:10B19000F402C0400317C40093170701C18393F65C
:10B1A0008700BDEE93F607019DEEA5472320F90029
:10B1B000136707042316E4007D55B24022449244ED
:10B1C000024941018280977700009387279B63148F
:10B1D000F4008044C1B79777000093872796E31B5C
:10B1E000F4FAC04445BF918B95C74C5891C9930759
:10B1F00044046385F5004A85EF105026232A040293
:10B200008357C4002322040093F7B7FD2316F400EC
:10B210001C481CC08357C40093E787002316F40022
:10B220001C4889EF8357C4001307002093F70728B1
:10B230006386E700A2854A85EF10401F8357C4004C
:10B2400013F7170005C75C4823240400B307F04038
:10B250001CCC1C480145B5F38317C40013F707083D
:10B2600029DF93E707042316F400B9B7898B014758
:10B2700091E3584818C4F1BF4111194506C6EF10B3
:10B28000F07A0545EF20405A011122CC1C49804933
:10B2900006CE26CA4AC84EC652C456C263C18712D9
:10B2A0007D141318240093894501338A0901130979
:10B2B00045014A9883270A00032708008507B354ED
:10B2C000F7026366F706C1684E834A8E814E014FCE
:10B2D000FD1811030326C3FF110E337716014182B7
:10B2E0003307970233069602769793560701B37792
:10B2F0001701B307FF4036968326CEFF935E060103
:10B300003376160133F71601BA97C18213D7074176
:10B31000918EBA9613DF0641B3F71701C206D58F97
:10B32000232EFEFEE3776AFA83270800BDCBAA8AA4
:10B33000EF10E0706349050441668504CA85014544
:10B340007D16910903A8C9FF98419105B376C800FD
:10B35000158DB376C700AA969357070113580801B5
:10B3600013D70641B3870741BA9713D50741F18E2A
:10B37000C207D58F23AEF5FEE3753AFD931724007F
:10B38000CA9798431DC72685F2406244D244424979
:10B39000B249224A924A056182808327080089E7E0
:10B3A0007D147118E36B09FF00C951B7984309E791
:10B3B0007D14F117E36CF9FE23A88A00E9B7014573
:10B3C000E1B775713ED85C5122C526C34AC1CEDEB5
:10B3D000D2DCE2D406C7D6DADAD8DED6E6D2EAD0B4
:10B3E000EECE36C23AC646CAAA842E843289C289B3
:10B3F0002E8A328C89EF4145EF10600DC8D0232290
:10B400000500232405002320050023260500DC5029
:10B410008C4389CDD84385472685B397E7009CC5E3
:10B42000D8C1EF10401ADC5023A007006353090471
:10B430008547131C190023A0F900135C1C00B707F3
:10B44000F07F3377FC006314F70642578967320CAC
:10B450009387F770135CCC001CC3336C8C00E3053E
:10B460000C32D24791EB976700009387E76C3EC0A0
:10B4700039A823A00900E1B7976700009387C76B3D
:10B480003EC0976700009387576B52471CC3BA4072
:10B490002A4402459A440A49F659665AD65A465BE6
:10B4A000B65B265C965C065DF64D4961828001467E
:10B4B00081462285E28522CE62D4EF20E00005E1BC
:10B4C000425785471CC3975700009387A7ED3EC09E
:10B4D000D247D5DF975700009387D7EC7DB7B800E8
:10B4E000F4006286A285268513594C01EF1060672F
:10B4F0001379F97FAA89A64A630D0910A2577245EC
:10B50000130919C09395C700B181B707F03FDD8DCE
:10B5100002DC976700009387675D9043D443EFD0C8
:10B520009FEE976700009387E75C9043D443EFD08A
:10B530001FA2976700009387675C9043D443EFC0D6
:10B540009FBC2A8B4A85AE8BEFE04FE997670000DE
:10B550009387475B9043D443EFD07F9F2A86AE8684
:10B560005A85DE85EFC03FBA2A8BAE8BEF10707C18
:10B570002A84014681465A85DE85EFD0FF91635BC0
:10B5800005002285EFE08FE55A86DE86EF10D07346
:10B5900011C17D140547D9473AD663E387021317D3
:10B5A0003400976700009387E761BA979043D443CC
:10B5B0007245A255EFD05F8E635305007D1402D60D
:10B5C00033892A41930BF9FF014B63D60B00054BDE
:10B5D000330B2B41814B634E0406A29B22CC814A44
:10B5E0001247A54763E5E7149547854C63D6E70006
:10B5F0009307C7FF3EC2814C12478D47630EF71079
:10B6000063CFE704894702C8630DF70685473EC844
:10B610008DA036499307000256991307294363D535
:10B62000E70213050004198D930729413315AC0077
:10B630003354F400418DEFE06FE1B70710FEBE9583
:10B6400085477D193EDCF1B53385E7403315A4000D
:10B65000DDB7330B8B40B30A804002CC51B71247A1
:10B660009147630EF70005473AC8124795476306AE
:10B67000F70AFD573EC4FD5DC94702C619A88547B4
:10B680003EC8B2476348F00A854705473EC4854D2A
:10B690003AC603A944021147232209009306470131
:10B6A0008325490063FCD7082685EF005069DC50EC
:10B6B0002320A9009C433EC0B94763E6B71D6384BD
:10B6C0000C1C635E800A9377F40013973700935C39
:10B6D0004440976700009387E74EBA9793F60C01B2
:10B6E00098430949DC4385C6976600009386064B5C
:10B6F00090527245D452A2553AD03ED2EFD0AF9379
:10B700000257925793FCFC002A8A2E8C0D49176D24
:10B710000000130DAD4889A802C8B247A2973EC4E5
:10B72000938D1700EE87E346B0F785479DB7854CAC
:10B7300002C2E9BDB2473EC4BE8DA1BF850523222A
:10B74000B9000607A1BF93F61C0081CE03260D00A9
:10B7500083264D003A85BE85EFD06FFF05092A8705
:10B76000AE8793DC1C40210DE39F0CFC3A86BE861D
:10B770005285E285EFD02F8C2A8A2E8C81A0094930
:10B7800015CCB30C804093F7FC00139737009767F4
:10B79000000093872743BA979043D4437245A2553C
:10B7A00093DC4C40176D0000130D4D3FEFD02FFA86
:10B7B0002A8A2E8C8147639C0C12DDFFB257638767
:10B7C000071417670000130767341043544352856A
:10B7D000E28552D0EFD04FEC635A0512638B0D1205
:10B7E000A2476350F00A17470000130727878257C4
:10B7F000104354433E85E285EFD06FF5A247130D09
:10B80000F4FF2A8A2E8C050962874A853EDE52DAC9
:10B81000BA8C3AD0EFE08FBC525802573709C0FCBF
:10B820004286BA86EFD0AFF2976600009386862EE6
:10B830009042D442528CEFC01F8DF2572A8A2E9923
:10B84000E1EF976700009387672D525802579043A6
:10B85000D4434285BA85EFD01FBB5286CA862A8C54
:10B86000AE8CEFD08FD8634AA054B7070080B3C71F
:10B8700027015286BE866285E685EFD0EFE1634BF5
:10B880000552724A225CB64763C7073039476344A2
:10B89000873013173400976700009387A732BA9751
:10B8A00003AB070083AB4700B24763D20720634076
:10B8B000B02163910D50976700009387272690432E
:10B8C000D4435A85DE85EFD08FE85286E286EFD0EA
:10B8D000CFD1814A01496357054A8247024705048F
:10B8E000138A1700930710032300F70045A113F7ED
:10B8F0001C0009CB03260D0083264D000509EFD05F
:10B900000FE5854793DC1C40210D75B5228DEE8730
:10B91000E5BD228D8147CDBD9386F7FF1396360096
:10B92000976600009386062AB2968842CC428246E9
:10B93000B6973EDAC247E9C3976700009387871E30
:10B940002A86AE868843CC434ADE52D0EFC0BFEE93
:10B950000258725717390000130949704286BA8697
:10B96000EFD07FAA024A2AD02ED2E6856285EF1058
:10B97000503C2ADEEFE08FA62A86AE866285E685F9
:10B98000EFD07FA8F2572A8CAE8C2A86AE8602555D
:10B990009255050A93870703A30FFAFEEFD0EFC471
:10B9A0006348A00E97670000938747168843CC43EF
:10B9B0006286E686EFD03FA52A86AE86025592556E
:10B9C000EFD0AFC26342A018D257E30CFAEA0326C5
:10B9D00009008326490002559255EFD04FD7032620
:10B9E0000900832649002AD02ED26285E685EFD051
:10B9F0000FD62A8CAE8C95BF5286CA86EFD02FD533
:10BA0000525A02492AD02ED2E6856285EF10703252
:10BA10002ADEEFE0AF9C2A86AE866285E685EFD00F
:10BA20009F9E7257D257050913070703A30FE9FE1C
:10BA30002A8CAE8C6312F906176900001309890E6F
:10BA4000032609008326490002559255EFC0AFEB4B
:10BA50002A86AE866285E685EFD02FB96346A00EB2
:10BA6000025692560325090083254900EFD0BF995D
:10BA70002A86AE866285E685EFD00FC29307000363
:10BA8000E35105E00347FAFF9306FAFF6304F7006A
:10BA90006A8459A8368AFDB7973700009387075CF8
:10BAA0009043D443EFD0AFCA2A8CAE8CB1BFE287AB
:10BAB000BE8C8247528C973A0000938A2A5A138987
:10BAC0001700BE9D5A86DE866285E685EFC0BFD62A
:10BAD000EF1030262A8DEFE06F905A86DE86EFD089
:10BAE0000FC72A86AE866285E685EFD0DF91930781
:10BAF0000D03A30FF9FE2A86AE864A8A639E2D07A0
:10BB0000EFC06FE05A86DE862A8CAE8CEFD0EFADA8
:10BB1000634BA0025A86DE866285E685EF10D01A56
:10BB200001E593771D0085E3CE852685EF00B029DA
:10BB3000C25723000A00050480C3D247E389079453
:10BB400023A04701A9B2228D130790038346FAFF71
:10BB50009307FAFF639AE6008246639DF600130797
:10BB60000003050D2380E60003C7070005072380B7
:10BB7000E70039BF3E8AD9BF03A60A0083A64A0060
:10BB80000509EFD0CFBC014681462A8CAE8CEF1060
:10BB9000B0130DF951BF42476300071092460547A5
:10BBA0006345D70C62579387374309E726479307C6
:10BBB0006003998F568DDA8C854526853E9BBE9B0A
:10BBC000EF0030392A89635E9001635C7001E6877B
:10BBD00063D39B01DE87330BFB40B38CFC40B38BFC
:10BBE000FB4063800A04C247C5CF6354A003CA85E3
:10BBF0006A862685EF00F04B4E86AA852A8926851F
:10BC0000EF00F0362ACECE852685EF00D01BF24716
:10BC1000BE893386AA4111C6CE852685EF007049BC
:10BC2000AA8985452685EF00D032E247AA8A635B60
:10BC3000F0063E86AA852685EF00B0471247854765
:10BC4000AA8A014D63C8E706014D63120A069317DD
:10BC5000CC00528DA9EFB705F07F337CBC006308A0
:10BC60000C04050B850B054D99A0138DFDFF63CAD0
:10BC7000AA01338DAA4163DE0D00B30CBB4181479D
:10BC800025BFE247B30A5D41D6973ECCEA8A014D13
:10BC9000DDB7DA8CEE870DB7568DDA8C014925B702
:10BCA00056869DBF12478547014DE3DFE7F8E2471F
:10BCB000054589CF83A70A018D078A07D697C84310
:10BCC000EF00301E930700023385A7405E957D8903
:10BCD00051C193070002898F1147635AF706F14754
:10BCE0003385A7402A9BAA9CAA9B63586001CE85F6
:10BCF0005A862685EF00D047AA8963587001D685F9
:10BD00005E862685EF00D046AA8AB257B1C7D6858F
:10BD10004E85EF00D05263510504CE8581462946F9
:10BD20002685EF00900EC2477D14AA89638C0726F2
:10BD3000CA85814629462685EF00300DA2472A890B
:10BD40006345F0081247894763D1E70829A8E38EC5
:10BD5000E7F83E85710579B76345B0071247894713
:10BD600063D1E7066EC4A24791EFD685814615469A
:10BD70002685EF009009AA8AAA854E85EF00304CEF
:10BD8000E34DA0B4B247024A13C4F7FF014BD68576
:10BD90002685EF005003E30909D863080B0063060A
:10BDA0002B01DA852685EF001002CA852685EF0073
:10BDB00090019DBB814A0149F1B76A84814A0149DA
:10BDC00029BEC2476EC46386071E63589001CA85A8
:10BDD00066862685EF00D0392A894A8563060D02DA
:10BDE000832549002685EF008075032609012A8BEB
:10BDF0009305C90009060A063105EFE0AFB505460F
:10BE0000DA852685EF00D036824722474A8B138C8D
:10BE10001700BA973EC693771A002A893EC4D68582
:10BE20004E85EFF06FC6DA852A8D930D05034E859A
:10BE3000EF00F0404A86AA8BD6852685EF00504356
:10BE40005045930CFCFF2A8A054711E6AA854E85CA
:10BE5000EF00F03E2A87D28526853AC8EF00A0760B
:10BE600092474247628AB3E6E700A247DD8E81EE41
:10BE7000130790036388ED0463547001930D1D0351
:10BE80002380BC0129B763CA0B009247B3EB77014B
:10BE9000A247B3EBFB0063950B04E353E0FECE85B2
:10BEA00005462685EF00D02CD685AA89EF003039CB
:10BEB0006346A00071F513F71D0079D313079003B3
:10BEC000E39EEDFA930790032380FC009306900312
:10BED0008347FAFF1307FAFF638CD708850745A04D
:10BEE000635BE00013079003E38EEDFC93871D0076
:10BEF0002380FC0069BDB247A30FBCFF63818705A7
:10BF0000CE85814629462685EF002070AA89814684
:10BF10002946DA85268563182B01EF00006F2A8BEE
:10BF20002A89050CEDBDEF00406ECA852A8B81463B
:10BF300029462685EF00606D2A89E5B7014BCE853D
:10BF400005462685EF00D022D685AA89EF00302F3E
:10BF5000E34EA0F601E593F71D00ADFB9307000348
:10BF60000347FAFF9306FAFFE313F7E2368ACDBFE1
:10BF700082476399E70002470504930710032300F3
:10BF8000F70031B53A8AA9B75247976700009387FF
:10BF9000E7B93EC0976700009387C7B9631707CE1C
:10BFA0006FF0EFCEA2476346F00012478947E3CC1B
:10BFB000E7DA024AD6854E85EFF00FAD8247050AD3
:10BFC000930D05033307FA40A247A30FBAFFE357C7
:10BFD000F7F6CE85814629462685EF000063AA89BB
:10BFE000D1BF83D7C500011122CC26CA06CE4AC8CC
:10BFF0004EC613F78700AA842E8479EFD841634D8B
:10C00000E000B841634AE0000145F2406244D24496
:10C010004249B2490561828058547DD703A9040082
:10C020009396370123A0040063DE06067048835709
:10C03000C400918B99C75C401D8E5C5899C33C40ED
:10C040001D8E5C540C50814626858297FD57035700
:10C05000C400631DF5009440F54763E9D706B707B0
:10C0600040208507B3D7D700858BADC31C4823225A
:10C0700004001CC09317370163D80700FD576314F1
:10C08000F5009C4091E368C84C5823A02401ADDD25
:10C09000930744046385F5002685EF00303C232A8E
:10C0A00004029DB70C500146854626850297FD5730
:10C0B0002A86E31EF5F69C40BDDB75476385E700E5
:10C0C00059476394E70423A024013DBF1367070485
:10C0D0002316E4007D5515BF83A90501E38609F207
:10C0E00003A905008D8B23A0350133093941014790
:10C0F00091E3D84918C4E35920F11C540C50CA8666
:10C100004E86268582976349A0008357C40093E733
:10C1100007042316F4007DBFAA993309A940E1BFA3
:10C120009C49A5C3011122CC06CE2A8411C51C4D01
:10C1300081E72EC63922B24597670000938707A290
:10C14000639CF5004C408397C5009DC722856244DF
:10C15000F24005616FF0FFE897670000938707A240
:10C160006394F5000C44C5B7976700009387079D5B
:10C17000E39BF5FC4C44C1BFF240624401450561BC
:10C18000828001458280411122C406C62A8423167A
:10C19000B5002317C5002320050023220500232412
:10C1A00005002322050623280500232A0500232C49
:10C1B0000500214681451305C505EF40CEB8971708
:10C1C00000009387E70A5CD0971700009387470D1C
:10C1D0001CD497170000938787115CD49717000031
:10C1E0009387471400D01CD8B2402244410182807A
:10C1F00097050000938505F399AA411126C21306FD
:10C2000080069384F5FFB384C4024AC02E8922C4F9
:10C2100006C693854407EF00F02E2A8401CD232023
:10C22000050023222501310508C4138684068145B3
:10C23000EF406EB12285B24022449244024941014E
:10C2400082801C4DA5E7411106C622C49707000055
:10C25000938747FA1CD59387C1969C4323240504F2
:10C2600023260504232805046314F50085471CCD07
:10C270002A84352848C022851D2808C4228505281F
:10C2800048C4484001469145EFF0FFEF0844054699
:10C29000A545EFF05FEF48440946C945EFF0BFEE12
:10C2A00085471CCCB24022444101828082804111EA
:10C2B0009387C19626C284434AC006C69C4C22C4BA
:10C2C0002A8981E72685EFF0DFF793848404804490
:10C2D000DC40FD1763D607009C40B9CF8440C5BF42
:10C2E0000317C40039E7C1778507232204062320FA
:10C2F000040023220400232404005CC42328040037
:10C30000232A0400232C0400214681451305C4057B
:10C31000EF406EA3232A0402232C040223240404E6
:10C32000232604042285B24022449244024941015A
:10C3300082801304840671BF91454A85EFF0FFEBBC
:10C3400088C049FDB1472320F9000144E1BF79715C
:10C3500022D44AD052CC56CA5AC85EC606D626D275
:10C360004ECE2A8AAE8A130485040149054BFD5B33
:10C3700009ECB25022544A8592540259F249624A59
:10C38000D24A424BB24B4561828004448329440027
:10C39000FD1963D409000040E1BF83D7C400637B6B
:10C3A000FB008397E40063877701A6855285829A14
:10C3B0003369A90093848406E1BF938781869C43F7
:10C3C000885309E51745FE1F1305854E1305050F14
:10C3D00082801971A6DAAE848395E500A2DC86DE40
:10C3E000328463DC050083D7C40023A0060093F7E2
:10C3F000070885E7930700401DA0300836C6EF0008
:10C40000F078B246E34105FE7247BD67F98F797750
:10C41000BA9793B717009CC2F1BF930700041CC0E2
:10C42000F6506654D65401450961828083D7C50011
:10C43000011122CC06CE26CA4AC8898B2E8489CF08
:10C44000930774041CC01CC885475CC8F240624452
:10C45000D24442490561828074003000AA84EFF022
:10C460005FF7A2452A892685EF00D00901ED8317E1
:10C47000C40013F7072079FBF19B93E727002316ED
:10C48000F4007DBF970700009387C7D69CD48357DD
:10C49000C40008C008C893E707082316F400A247A1
:10C4A0005CC8B24791CF8315E4002685EF00307158
:10C4B00001C98357C400F19B93E717002316F400CA
:10C4C0008357C4003369F9002316240141B79387C9
:10C4D0008186AA8588436F00F00293F5F50F2A96AE
:10C4E0006314C5000145828083470500E38DB7FED4
:10C4F0000505FDB763F3A504B386C500637FD502C8
:10C500009345F6FF8147FD176393F50082803387DB
:10C51000F600034807003387C7002A972300070166
:10C52000DDB73387F500834607003307F50085073D
:10C530002300D700E317F6FE82808147E5BF5C51F8
:10C54000411122C44AC006C626C22A842E8989EF18
:10C550004145EFF0DFF748D02322050023240500F2
:10C5600023200500232605004450DC4495C758507D
:10C57000931729005847BA9788431DED8544B39413
:10C580002401138654000A06854522856D2511CDA8
:10C590002322250104C51DA0130610029145228502
:10C5A000592D5C50C8C4DC47F9F30145B240224420
:10C5B0009244024941018280184198C32328050012
:10C5C00023260500E5B75C51011122CC06CE2A8452
:10C5D00099EF41452EC6EFF09FEFB24548D0232298
:10C5E000050023240500232005002326050091C90A
:10C5F0005450DC4113972700DC46BA97984398C102
:10C600008CC3F24062440561828079714ECEAA8962
:10C61000416522D426D22E84844906D64AD0D1053B
:10C6200001487D159C419105050833F7A7003307A4
:10C63000C702C183B387C702369793560701698F34
:10C64000B69793D60701C207BA9723AEF5FEE34B20
:10C6500098FCA1C21C4463C7F4024C404E8536C608
:10C660008505EFF0DFED10489305C4002A8909061F
:10C670000A063105EFD01FAEA2854E85EFF0BFF45C
:10C68000B2464A84938744008A07A297D4C385049C
:10C6900004C82285B250225492540259F24945618D
:10C6A00082804177698FAA87014519E3C207414516
:10C6B000370700FF7D8F19E32105A207370700F038
:10C6C0007D8F19E311059207370700C07D8F19E3AD
:10C6D00009058A0763C90700139717000505634416
:10C6E00007001305000282801C4113F777000DC379
:10C6F00093F61700014799E613F7270011C78583C2
:10C700001CC105473A85828089831CC10947DDBF6A
:10C7100093960701C182014799E2C183414793F68D
:10C72000F70F99E22107A18393F6F70099E2110729
:10C73000918393F6370099E20907898393F61700EE
:10C7400081E68583050799C31CC16DBF13070002ED
:10C7500055BF411122C42E84854506C6EFF03FDE49
:10C7600040C9B2402244054718C941018280984916
:10C770001C4A797126D206D622D44AD04ECEAE8437
:10C780006354F700B2842E8683A9040103290601AD
:10C790009C44CC403384290163D38700850532C68D
:10C7A000EFF0FFD9324613084501131324004293DA
:10C7B000C28763ED6702938544019398290051066F
:10C7C000131E2900C166AE98329EFD166364C6032F
:10C7D00063568000711383270300F1CB00C9B25068
:10C7E000225492540259F2494561828023A00700E5
:10C7F0009107C1B7832F0600B3FFDF00638A0F04E0
:10C80000428FAE82814403A7020083230F00110FE1
:10C81000B37ED700B38EFE03B3F7D30093D30301E7
:10C820009102BE9E93570701B387F703A69E13D7C5
:10C830000E01B3FEDE009E97BA9793D40701C2079C
:10C84000B3E7D701232EFFFEE3EF12FB23209F0067
:10C8500083522600638A020483270800C28E2E8F2B
:10C86000814F03270F0083D32E00F58F758F330779
:10C870005702910E110F1E977E97931F0701B3E782
:10C88000FF0023AEFEFE8357EFFF83AF0E00418310
:10C89000B3875702B3FFDF00FE97BA9793DF070114
:10C8A000E3611FFD23A0FE001106110805B77D14EA
:10C8B00005B7011126CA4AC84EC606CE22CC52C4BC
:10C8C000937736002A89B284AE8989CFFD1717572E
:10C8D00000001307A73B8A07BA9790438146EFF001
:10C8E000DFD2AA898984A5CC8327490291EF4145EB
:10C8F000EFF0FFBD2322A902232205002324050017
:10C900002320050023260500032A490203248A0068
:10C9100019E8930510274A85EFF0BFE32324AA0006
:10C920002A842320050093F7140081CFCE85228628
:10C930004A85EFF0DFE32A8ACE854A85EFF0BFC84B
:10C94000D289858489CC084009E92286A2854A8556
:10C95000EFF0FFE108C0232005002A84E9B7F24088
:10C9600062444E85D2444249B249224A05618280DE
:10C97000797126D2AE844ECE83A9040122D4CC4153
:10C98000135456409C44A2994AD056CA06D652CC5B
:10C99000AA8A1389190063C42709568532C6EFF0A5
:10C9A0001FBA3246930745012A8ABE86014791067F
:10C9B000634A870663530400014494480A0433879A
:10C9C00087008A06938744017D8ABE9625C2130894
:10C9D00000023308C8408145884311079107331589
:10C9E000C500C98D232EB7FE83A5C7FFB3D50501AA
:10C9F000E3E4D7FE0CC399C1138929007D192328CC
:10CA00002A015685A685EFF01FBCB25022545285EC
:10CA100092540259F249624AD24A456182808505A0
:10CA2000860795BF23AE06FE050751B7910703A6FB
:10CA3000C7FF1107232EC7FEE3EAD7FEC1B71C4983
:10CA40009849998F8DE30A075105D105B306E50092
:10CA5000BA95F116F115904298416308E600FD572A
:10CA60006363E60085473E858280E364D5FEE5BFCB
:10CA7000011126CAAE844EC6B285AA89268522CC6B
:10CA800006CE4AC83284EFF09FFB05E181454E8512
:10CA9000EFF0FFAA85471CC9232A0500F240624433
:10CAA000D2444249B2490561828005496346050086
:10CAB000A28701492684BE844C404E85EFF03FA8F2
:10CAC0000323040183A8040113064401131E230059
:10CAD000138844018A08C16E23262501329EC2981C
:10CAE00093064501014FFD1E1842832F0800910651
:10CAF000B375D701B3F7DF01FA959D8D93DF0F0171
:10CB000093570701B387F74113D70541BA9713DF4E
:10CB10000741B3F5D501C207CD8F110823AEF6FE4C
:10CB20001106E36318FDC165FD156368C601F116C2
:10CB30009C4295C72328650095B71C4291061106B3
:10CB400033F7B7007A9713580741C183C29713DFB1
:10CB500007416D8FC207D98F23AEF6FEF9B77D135B
:10CB6000F9B7797122D42E84854526D24AD0B28471
:10CB70004ECE52CC3A8906D6368AEFF05F9C370704
:10CB800010009307F7FFE58FD18093F4F47FAA8913
:10CB9000B5E03EC62DC4280022C4EFF0FFB4A24683
:10CBA00021CD324793070002898FB317F700D58F45
:10CBB0003357A70023AAF9003AC6324423AC8900B0
:10CBC00033348000050423A88900B9C49384D4BCFD
:10CBD000AA949307500323209A003385A74023206B
:10CBE000A900B25022544E8592540259F249624A29
:10CBF00045618280D98F71BF23AAD9007DBF6800AB
:10CC0000EFF09FAEB24713050502054423AAF900D1
:10CC1000854723A8F90055BF931724001305E5BCE9
:10CC2000CE972320AA00884B1604EFF09FA7098C0B
:10CC3000232089007DB73386C502011122CC06CEA0
:10CC4000B28532C6C1202A8409C532468145EF30FB
:10CC50009E8F2285F240624405618280DDC183A7F8
:10CC6000C5FF411122C406C626C21384C5FF63D383
:10CC700007003E94AA84EF00607E938701C79C431F
:10CC800081EF2322040023A881C62244B2402685D6
:10CC9000924441016F00A07C637EF400144033078E
:10CCA000D4006396E7009843DC43369718C05CC015
:10CCB000D9BFBA87D84319C3E37DE4FE94433386D2
:10CCC000D700631F86001040B29694C33386D70006
:10CCD000E31DC7FA10435843B29694C3D8C375B73F
:10CCE0006375C400B1479CC04DB71040B306C40083
:10CCF0006316D70014435843B29614C058C0C0C33B
:10CD000069B78280011126CA93843500F19806CE56
:10CD100022CC4AC84EC6A104B14763F2F404B14420
:10CD200063E1B4042A89EF006073938701C79843D5
:10CD30003A8431E0938741C79C4391E781454A8516
:10CD4000A12923AAA1C6A6854A85B921FD59631741
:10CD50003507B1472320F9004A85112729A0E3D1DF
:10CD600004FCB1471CC10145F2406244D24442492F
:10CD7000B249056182801C40858F63CE0702AD46B3
:10CD800063F6F6001CC03E9404C031A05C40631200
:10CD9000870223A8F1C64A85D9251305B400930755
:10CDA000440061993307F54061D33A94898F1CC0E0
:10CDB00065BF5CC3CDB722874040A5BF13043500D3
:10CDC0007198E30385FCB305A4404A85F126E31D71
:10CDD00035FB41B781E5B2856FF0DFF2011122CC5E
:10CDE00006CE26CA4AC84EC6328401EEEFF01FE7CF
:10CDF0000149F24062444A85D2444249B249056140
:10CE00008280AE84AA89A92D2689E37485FEA28535
:10CE10004E85EFF03FEF2A8969DDA6852286EFD0A7
:10CE20006FB3A6854E85EFF07FE3E1B701114AC8E5
:10CE300003A9850022CC52C45AC006CE26CA4EC6CB
:10CE400056C22E84328B368A63EE260983D7C500FC
:10CE500013F7074851C704408C495848AA8AB38938
:10CE6000B4408D44B384E4020947B3C4E402138799
:10CE700016004E9763F3E400BA8493F70740D9C3D2
:10CE8000A6855685EFF01FE82A890DE5B14723A056
:10CE9000FA008357C4007D5593E707042316F40076
:10CEA000F2406244D2444249B249224A924A024B79
:10CEB000056182800C484E86EFD0CFA98357C4000D
:10CEC00093F7F7B793E707082316F4002328240104
:10CED00044C84E99B38434412320240104C45289A8
:10CEE00063732A01528908404A86DA85EFF08FE0A1
:10CEF0001C440145B38727411CC41C403E99232094
:10CF0000240179BF26865685EFF0DFEC2A895DFD86
:10CF10000C485685EFF09FD495BF83D7C50071713B
:10CF200026D34AD14ECF06D722D552CD56CB5AC999
:10CF30005EC762C566C393F70708AA892E89B284C3
:10CF4000B9C39C49A9E39305000436C6EFF09FDB03
:10CF50002320A9002328A900B24615E1B14723A048
:10CF6000F9007D55BA502A549A540A59FA496A4A26
:10CF7000DA4A4A4BBA4B2A4C9A4C4D61828093074D
:10CF80000004232AF90093070002A30CF10293077F
:10CF9000000302DA230DF10236CE930B5002975AAA
:10CFA0000000938A2AAF054C294B2684834704004E
:10CFB00099C3639D7709B30C9440638E0C00E68699
:10CFC0002686CA854E85EFF07FE6FD576302F51A87
:10CFD000D256E69636DA83470400638B0718FD576E
:10CFE0009304140002D002D63ED202D4A30101065B
:10CFF00082DC83C5040015465685EFF00FCE1384FE
:10D000001400825731E513F7070109C7130700021F
:10D01000A301E10613F7870009C71307B002A301B4
:10D02000E10683C604001307A002638BE602B25731
:10D030002684814625460347040093051400130700
:10D0400007FD6374E6068DC63ED61DA00504B9BF74
:10D05000330555413315AC00C98F3ED0A28451BF72
:10D06000724793064700184336CE634907023AD603
:10D07000034704009307E002631FF704034714000B
:10D080009307A002631BF702F247090413874700C6
:10D090009C433ACE63C107023ED235A83307E04035
:10D0A00093E727003AD63ED0E1B7B38767038546BA
:10D0B0002E84BA9749B7FD57C5B7050402D28146F9
:10D0C000814725460347040093051400130707FD15
:10D0D0006378E606F1F2834504000D46175500001B
:10D0E0001305C59BEFF06FBF11CD975700009387D5
:10D0F000E79A1D8D93070004B397A7000255050416
:10D100005D8D2AD08345040019461755000013058C
:10D11000259993041400230CB102EFF00FBC35C124
:10D1200097D7FFFF9387E75695E70257F2471377A4
:10D13000071009CF91073ECED257D2973EDAB5B548
:10D14000B387670385462E84BA97ADBF9D07E19BE1
:10D15000A107D5B7780897060000938666CD4A8662
:10D160000C104E85EFD0AFD2FD572A8AE316F5FC9E
:10D170008357C9007D5593F70704E39507DE5255A1
:10D18000D5B3780897060000938686CA4A860C10A5
:10D190004E85EFD0DFACC9BF411122C42A842E8551
:10D1A0009757FF1F23A607A206C6EF309FE1FD5742
:10D1B0006319F5009757FF1F938787A19C4391C37D
:10D1C0001CC0B240224441018280FD4763F6B70093
:10D1D000D9471CC17D5582807C41011122CC06CEED
:10D1E0002E862A8491C713972500BA97984319EB86
:10D1F000228532C69D28AA85228562443246F240A5
:10D2000005611DA8854601456308D700FD566319D1
:10D21000D700D9471CC00545F240624405618280B1
:10D220002E8523A0070002970145FDB793878186CD
:10D23000AA8588436FF07FF9411122C42A842E8584
:10D24000B2859757FF1F23A5079806C67523FD577C
:10D250006319F5009757FF1F938787979C4391C3E6
:10D260001CC0B240224441018280BDA3411122C4AE
:10D270002E848395E50006C6F52A634905007C489F
:10D28000AA977CC8B2402244410182808357C400DF
:10D290007D777D17F98F2316F400EDB783D7C5008E
:10D2A000011122CC26CA4AC84EC606CE93F70710F3
:10D2B000AA842E843289B68991C78395E500894670
:10D2C000014635228357C4007D777D17F98F2316D9
:10D2D000F4008315E4006244F240CE864A86B249E7
:10D2E00042492685D24405613DA8411122C42E84BD
:10D2F0008395E50006C6E528FD570357C400631B68
:10D30000F500FD77FD17F98F2316F400B240224493
:10D31000410182808567D98F2316F40068C8FDB764
:10D320008395E50025A8411122C42A842E85B28563
:10D3300036869757FF1F23AD078806C6EF309FC478
:10D34000FD576319F5009757FF1F938767889C4324
:10D3500091C31CC0B240224441018280411122C4C9
:10D360002A842E859757FF1F23A4078606C6A92166
:10D37000FD576319F5009757FF1F938767859C43F7
:10D3800091C31CC0B240224441018280411122C499
:10D390002A842E85B2859757FF1F23AB078206C6C6
:10D3A0002521FD576319F5009757FF1F9387478283
:10D3B0009C4391C31CC0B240224441018280411170
:10D3C00022C42A842E859757FF1F23A3078006C6F1
:10D3D0002129FD576319F5009747FF1F9387477F62
:10D3E0009C4391C31CC0B240224441018280411140
:10D3F00022C42A842E85B28536869747FF1F23A92B
:10D40000077C06C61121FD576319F5009747FF1FDA
:10D410009387077C9C4391C31CC0B24022444101C6
:10D42000828085E141116C00014511CA795581CA9C
:10D43000834706009CC1034506003335A000410127
:10D440008280014519CA795589CA834706009CC163
:10D45000034506003335A00082808280828082806E
:10D4600083A7C5FF1385C7FF63D50700AA959C4115
:10D470003E958280411122C42A842E85B28536864B
:10D480009747FF1F23A6077406C67926FD57631921
:10D49000F5009747FF1F9387A7739C4391C31CC058
:10D4A000B24022444101828091CD9307F00F63F78F
:10D4B000C7009307A0081CC17D5582802380C5004A
:10D4C000054582800145828013D74501B7071000CA
:10D4D000FD1713D846011377F77F9308F07F33FECB
:10D4E000B700AA8EF58FFD81328F1378F87FFD8209
:10D4F000630B170105436306180163140701630DED
:10D50000FE001A858280B368AE000543E39B08FEE7
:10D51000E319E8FED18FF5F70543E394EEFF0143ED
:10D52000E381D5FE054371FF3365AE003333A000C0
:10D53000C9BF93D74501B70610001387F6FF93F7CD
:10D54000F77F1306E03F6D8FFD81635CF6001306E5
:10D55000D041635AF600370500801345F5FF2E953C
:10D56000828001458280130630431D8E7D48558F91
:10D57000635DC80093063041B387F640B357F700A8
:10D580003305F040E5F13E8582809387D7BEB3171F
:10D59000F7003355C500C98FE5B70328C50018410A
:10D5A00054410C4521659307F5FF13560801139E5E
:10D5B00035007D8E9358D70193D7D60113130801F8
:10D5C0008E064111B3E7C701B3E6160113530301F9
:10D5D000131E3700930816007915F5810E033EC41B
:10D5E00036C272C033F5A8001358F801B3E56500E0
:10D5F00005C97177130707403A961307E07F635D0B
:10D60000C7041306F07F0147814732075206318372
:10D610007E08518F336707013E85BA8541018280BC
:10D62000D58FCD8FB3E7C70105E2F1CB8147954692
:10D6300093D53600139797009396D701B3E7B600BA
:10D6400031831376F67FD1B7CDDF01481306F07F23
:10D6500037070800814755BF6346C00A9307C0FCDF
:10D66000634FF60E9307D0033386C7409357564057
:10D6700037070800D98D139527000A8781462EC6E3
:10D68000B308A10011077D8AB3E6C601630917013B
:10D69000032E07001107B3E6C601E31B17FF0D4772
:10D6A0001D8F79CA93080101AA9883A808FF130E59
:10D6B0000002330ECE40B398C801B3E6160175CB15
:10D6C0000A070A95B30EE1008A880C41032345003E
:10D6D0009108B3D5C5003313C301B3E5650023AE8C
:10D6E000B8FE1105E3931EFF9145B387F540B2459F
:10D6F00008082A97B3D5C5002328B7FE61A80146BC
:10D70000014721B713974600139547003367C701B8
:10D71000F182F18392053337E000C98ECD8FD98E27
:10D7200013F7760011C713F7F6009145631CB70293
:10D73000370780007D8FE30D07EE05061307F07FA6
:10D74000E301E6EC370780FF7D177D8F9317D70144
:10D750008D8226071376F67FD58F31837DB585467A
:10D760008147014613B7C6FF13471700BA9737071B
:10D77000800091067D8FC1B78A85B388A50083A8F4
:10D7800008009105050623AE15FFE358C7FE1147B3
:10D79000B307F7408A078A97180823A00700910764
:10D7A000E39DE7FE0247B336D0009247D98E01468B
:10D7B00085BF854701472DBF930780051747FF1F8A
:10D7C0002328F7407D558280930780051747FF1F68
:10D7D0002320F7407D558280930780051747FF1F60
:10D7E0002328F73E7D558280930780051747FF1F4A
:10D7F0002320F73E01458280930780051747FF1FCE
:10D800002328F73C7D558280930780051747FF1F2B
:10D810002320F73C7D558280930780051747FF1F23
:10D820002328F73A7D55828001A00000650003029D
:10D830000304030504060D00FE09FE0AFF015F0252
:10D84000C404032005006E0721074943C7210922AC
:10D85000079B5A476209230E3D464F294906A532C8
:10D8600028A52401240F4D4257362851926D499422
:10D870000C5A04250D4D424FA474CC8A498B940058
:10D88000260E45424F9644495689A2295202270640
:10D89000195BC700280BDB3E57122551B7280B290F
:10D8A0000CDB3E47166551972889002A0A2D5257EE
:10D8B000A5B23445002B0A2D4A57180D5218012CD9
:10D8C000079B3E8F52022D060D52C7202E089B3E0D
:10D8D0004FB224002F0B4D42672DCC8A59180230CD
:10D8E0000B4D425796D4BC25B508310B4D425726F7
:10D8F00025614F8300320B4D42CF926961D6711082
:10D90000330C4D42C72066B535D49205340F4D42D5
:10D910005F984949949492410B1300350C4D42C7CE
:10D92000B1620A432D5900360D4D42CF9289E190E4
:10D9300064B66401370C4D42C72066611666610DFE
:10D94000380D4D42CF92D99225B3250B00390D4D9C
:10D9500042CF92D992210CB564013A0BC33E4FB22B
:10D96000E448B224003B0AC33E4FB2E48852023C72
:10D97000084D4267D6B5033D09254AC7A063830019
:10D980003E094D4247DAAD23003F0C4D42CF92692C
:10D990006156CCA108400D4D42CF92999644492C36
:10D9A000E910410C4D425796D46CC390D9024210F5
:10D9B0004D42C71055A2244AA64A94448302430B01
:10D9C0004D42CF9289BD250B0044124D42C71055E0
:10D9D000A2244AA2244AA2241A1400450B4D42C78D
:10D9E000B13824617110460B4D42C7B13824612310
:10D9F00000470C4D42CF92894D9B962C00480B4D11
:10DA00004247E6360C995B004908CB42C712F565E0
:10DA10004A0B4D42D716F6124512004B0D4D4247A8
:10DA2000664A4A5A1255322D4C094D4247D88F83C7
:10DA3000004D0D4D4247A62D4BA2249A5B004E0D82
:10DA40004D4247364D4AA224D24D0B4F0A4D42CF8C
:10DA500092F92D5900500C4D42C79064B641091BF4
:10DA600001510A553ECF92F9A5B206520D4D42C75B
:10DA70009064B6412955322D530C4D42CF9289E91D
:10DA80001A6AC90254094D42C72085FD0455094D43
:10DA90004247E66FC902560D4D4247E696949228DA
:10DAA000C9C208570D4D4247E62551122551BA000B
:10DAB000580E4D4247A625A524AB44494D0B590CA1
:10DAC0004D4247A625A5240B3B015A0C4D42C720C9
:10DAD000666156CCC2415B09DB3EC710F5A7015C0D
:10DAE0000B4D4247988669310D035D09DB3EC7D473
:10DAF0009F86005E081D5A5796D4025F060D3EC7EA
:10DB000020600612634714610B3542CF9A0C9AA429
:10DB10002801620C4D4247581C92CC6D5000630A9C
:10DB20003542CF9289B56401640B4D4267CBA0B9F1
:10DB3000254300650C3542CF920D4398250B0066B6
:10DB40000C4D42975409B3210ADB00670C453ACFCC
:10DB500092D99221D49205680A4D4247D862D2DC0C
:10DB6000026908C3424F2875196A0B543A5FACB575
:10DB70004952A2006B0D4D4247D89494B424AA6434
:10DB8000016C08CB4287D42F036D0D354287D2A29A
:10DB9000244AA2245A006E0935424762D2DC026F41
:10DBA0000A3542CF92B9250B00700C453AC79064F4
:10DBB000B641098B00710A453ACFA0D992216C7207
:10DBC0000935424762121B01730C3542CF92256A18
:10DBD00092250B00740C45424F980D51D814290022
:10DBE0007509354247E6495102760B354247664B87
:10DBF0004A491601770B35424766499444E9027851
:10DC00000B35424796D4C22CA905790C453A47E614
:10DC1000A428A1962C007A093542C7A0751C047B64
:10DC20000B5D3E9F1436A961AB007C064943C703D8
:10DC30007D0B5D3E871AB64A6193067E091D5A4FD9
:10DC4000A4245202000000080464055BFFFF0400E6
:10DC50000E55424F9A0F63382461380804010F555E
:10DC6000424F298987311C92301C040402135D3A0B
:10DC7000C72085A1964449944449948459020403D9
:10DC80000C5542579623C326760404040D4D42D703
:10DC90009285E19084693A04050D4D42CF9289E95D
:10DCA0001A6AC902040609CB42C712F56504070DBA
:10DCB00055424F29890729EC340804080C4D42D7F6
:10DCC00016F6124512000409124D428F94444994ED
:10DCD000448952511225B100040A134D42471225BE
:10DCE000511225D190549444492C00040B114D42FB
:10DCF000C72085A19644499444499404040C0F5DBF
:10DD0000425F293325252D892A9916040D0D554288
:10DD10004F9A67D22599262D040E0E55424796CC70
:10DD2000992D19C2CA02040F0C5D3A47E66FC3145D
:10DD3000460004100D4D425796D46CC390D902048E
:10DD4000110E4D42C79084C521C96C830204120E86
:10DD50004D42C79064B641C96C830204130A4D4218
:10DD6000C74DEC2300041413553E97944449944442
:10DD7000499444499424C31604150C4D42C7B13844
:10DD8000246171100416114D424792288952D9B26C
:10DD9000A5A2244A0104170D4D42CF92852535D402
:10DDA000920504180E4D424766BA244A324D5A0075
:10DDB00004190E55424796CC997449A6490B041A8A
:10DDC0000E4D4247664A4A5A1255322D041B114DD8
:10DDD00042D7122551122551122591A605041C0E79
:10DDE0004D4247B60CC9922889E616041D0C4D42D7
:10DDF00047E6360C995B00041E0B4D42CF92F92D7D
:10DE00005900041F094D42C7CDDF0204200D4D42C9
:10DE1000C790646E8312160104210C4D42CF928983
:10DE2000BD250B0004220A4D42C72085FD040423B2
:10DE30000D4D4247E62D19422D59000424104D4244
:10DE400057B65494444994CA16460004250F4D42CF
:10DE500047A625A524AB44494D0B0426145D3A473B
:10DE60009444499444499444499444C9201604274D
:10DE70000B4D4247E6960C61070428134D4247922A
:10DE800028899228899228899228C9300429145D0A
:10DE90003A479228899228899228899228C930166F
:10DEA000042A0E4D4287D83855A2244A1600042B66
:10DEB0000C4D4247661B12E98312042C0D4D42475C
:10DEC000D83824996D5000042D0D4D42C75A4C8608
:10DED000B0964C00042E134D424794549444498606
:10DEE0004449944449A404042F0E4D42CFA0D99232
:10DEF000214A4A9A1604300C3542CF9A0C9AA4282B
:10DF00000104310E4D4267B2844392B9250B0004DF
:10DF1000320D3542C7906483926983020433093518
:10DF200042C74D6C0404340F3D3E979444499444D9
:10DF300049326C0104350D3542CF920D4398250BC3
:10DF40000004360D35424792289569A92805043703
:10DF50000C3542CF9245AA962C0004380B35424727
:10DF6000665A92490B04390D4D424796CC9969493E
:10DF7000262D043A0C35424726255325D302043B6F
:10DF80000D3542D712255112259116043C0D35420C
:10DF900047B62C8992685A00043D0B354247A60DBE
:10DFA00043660B043E0B3542CF92B9250B00043F6C
:10DFB000093542C7CD5B0004400D453AC79064B6B1
:10DFC00041098B0004410B3542CF9289B5640104AD
:10DFD000420A3542C7A514360104430D453A47E6C7
:10DFE000A428A1962C00044411553A57982D1525C4
:10DFF0005112A5B285110004450B35424796D42A2B
:10E00000352D044610453A47944449944449940CAC
:10E01000620104470B354247664B86B00004480F47
:10E02000354247922889922889920C030449104569
:10E030003A47922889922889920C6301044A0C3548
:10E040004287184E95285900044B0C354247A60DBF
:10E0500089745002044C0D354247180E49A60D0A2A
:10E0600000044D0C3542C7904663382800044E0F1B
:10E07000354247945494644894444A00044F0D3503
:10E0800042CFA069C990445A0004500F4D424F9AA4
:10E09000234B360C61962C0004510F4D424F29C979
:10E0A000976C18C22C59000452135D3A4FB685493B
:10E0B000A4949228899228CC120004530C4D425704
:10E0C0009623C326360204540B3542CF204E613AC4
:10E0D0000404550D3542CF92256A92250B00045653
:10E0E00009C3424F28751904570C4D424F29C9C521
:10E0F0004E830004580C543A5FACB54952A2000458
:10E10000590E35428F9444895251120B00045A0E15
:10E110003542471225D1905494C402045B104D42FD
:10E120004FB68549A4949228899228045C0E4D42EA
:10E1300057962399944C954C0B045D0D4D424F9A84
:10E1400067A62599B400045E0F5D3A4796CC999373
:10E15000A2845AB200045F0B453A47E66D98C208A4
:10E1600004600E4D424F9B4BA2244AA274010461ED
:10E170000C35424F9B922889D2050462104D424FC4
:10E180003644613855A2244A160004630D45424FB7
:10E19000986DE1548992050464124D4247B4444994
:10E1A0009444C312255112450204650D354247B40B
:10E1B00044C3122551240466114D4257982551122B
:10E1C0002535255112A50004670D3542579644495F
:10E1D0004D4994020468124D42479444499424C323
:10E1E00065488664480604690E3542479444C9B0C0
:10E1F0000CC9900C046A104D42C72D2925D15251EB
:10E200001225510A046B0D3542C7A0949268A928C3
:10E2100005046C114E4247B2F42F43942C4AB224A9
:10E220004B01046D0E354247322489940CCB900C7F
:10E23000046E10653A4F14E94B16466A982CE902B1
:10E24000046F105D3A4F14E94B16A961B2A40B009C
:10E250000470114D424792288992288952D9C212DE
:10E2600000047110453A4792288992288952D9C2F0
:10E270000804720E4D42CF92D98621B3250B0004BB
:10E28000730CB4428F120D939428000474114D4204
:10E29000473425511255A2244AB2300204750D3577
:10E2A0004247342551254AB2080476115642479414
:10E2B000457934446D499684690604770F4D424789
:10E2C000D41A4D495489922C020478155D3A4F9620
:10E2D0004449940CC9900CC9902C89982500047964
:10E2E00010453A4F72488664489644CC1200047A2E
:10E2F0000D5D3E57B654345F2A5B04047B0D453EEA
:10E3000057B654344B658B00047C125D428F142940
:10E310003AD2A6244AA2244A1700047D1055428FFF
:10E3200014293AD2A6244AA27401047E105542C789
:10E33000A59CD49444499444E902047F0F4D42C7FC
:10E34000A59CD4944449942E0004800C5D3ACF924D
:10E3500019BB8E150004810B3D3ECF9289E958010F
:10E3600004820D354A5792258954C99208048309BD
:10E370001E62EF30A8000484081662CF9409048559
:10E38000081562CF22050486081562CF1209048899
:10E39000106E3A4F98E46192730B933C4C020489DF
:10E3A0000E6E3A4F184EA9CE2D0CA754048A106554
:10E3B0003A4796CC997449A6492B2600048B0F5DE9
:10E3C0003A4796CC99694926AD9800048C0F4D4286
:10E3D0004F986DE1548992285900048D0D3D424FAC
:10E3E000B68553254A1600048E0E4D42C790642E02
:10E3F000C9A0646208048F0E453AC79064966450C1
:10E4000032310404900A5542E73084FD0804910A31
:10E410003D42E730841D0104920E4D42CF904449A5
:10E42000986D611B0004930C3542CF90444316D67F
:10E430000004940C553EC7B13824995B0504950B34
:10E440003D3EC77148325B0504960E5E3A47D29F47
:10E45000C6704AFA452D04970D463A47D2D3362561
:10E460005DD40204980E5D3ACF92852535D492ADE5
:10E470000604990D453ACF9245AA966C3500049A48
:10E48000125D3A479444492989B424AA4449241680
:10E49000049B0E453A479494B424AA446201049C18
:10E4A000104D4247A62496D294448952D102049D2D
:10E4B0000D3542479258A644A96801049E0F4D426B
:10E4C0004F34244D9A2D892A5100049F0F4D424FFD
:10E4D000986D5152D292A8120504A00F4D42879414
:10E4E000444949B32551250A04A10D354287949426
:10E4F000B424AA440104A2145D3A479444499444C4
:10E50000C9904449944449241604A310453A4794B9
:10E5100044C99044499444620104A4134D424732D3
:10E5200024511225D19444499444490404A50F353B
:10E5300042473224D194444994440004A6145D3ADD
:10E54000C794444994448952511225518A5902046E
:10E55000A710453AC7944489525112A59825000442
:10E56000A810553ECF928951525112A5B2A502046E
:10E57000A90C3D3ECF124649CB960A04AA0D5D3A3E
:10E58000CF9289BD255B9A0004AB0D453ACF9289A5
:10E59000B5644B130004AC0C5D3AC720857D142B89
:10E5A0000004AD0C453AC7A51416C50A0004AE0D0B
:10E5B0004D4247A625A5240B3B0104AF0D453A4724
:10E5C000A625A5240B9B0004B00F4D4247A625A508
:10E5D000248B06292C0104B10F453A47A625A52412
:10E5E0008B06298C0004B2135E3A4796645192253B
:10E5F00061254BA22CC9D40204B30E463A47162516
:10E600006125CA924C2D04B4145D3AC7524AA22423
:10E610004AA2244AA2244A86B00004B50F453AC74C
:10E62000524AA2244AA264080B04B6115D3A4794E8
:10E630004449944449148D45B10004B70D453A4707
:10E64000944449148DA15804B80F4D4247E69228CE
:10E6500095214AA2240C04B90C35424766A90C51F5
:10E66000120604BA0C4D4247581C92CC5B0004BB06
:10E670000B4C4247D6B6444E0104BC0F4D42975452
:10E6800089926858C252A40004BD0D354297140DFA
:10E690004B18450A0004BE115D3A97548992685898
:10E6A000C252A4A5090004BF0E453A97140D4B1899
:10E6B000455A9A0004C009CB42C712F56504C1123D
:10E6C0005D424796CC49A2244A655A2A4AA21404BC
:10E6D000C20F4D424796CC49A254A6A5A21404C32A
:10E6E000115D3A47664A4A5A1255322D8C1400047D
:10E6F000C40E453A4726255325D3C2480104C51305
:10E700005D3AD7122551122551122591A6151300F5
:10E7100004C60F453AD7122551122591564C0004D4
:10E72000C70E5D3A47E6360C995B18290004C80D00
:10E73000453A47A60D43660B230504C90D5D3A47CC
:10E74000E6360C995B310104CA0D453A47A60D43E4
:10E75000662B260004CB0E5D3A47E62D19C29A16A9
:10E76000260004CC0D453A47664B8630D3C20404DC
:10E77000CD105D3A47B60CC9922889E6564C000484
:10E78000CE0E453A47B62C8992685A310104D01012
:10E7900055424796EC4896D4B461C8B40004D10EF3
:10E7A0004D424796EC6B326892A20404D210554257
:10E7B0004F29C9912CA969C390690104D30E4D4218
:10E7C0004F29C9D764D024450904D4124D424FB211
:10E7D000444994448932255112250304D50C35420D
:10E7E000CF96244B29E90204D60F55424796CCC355
:10E7F000180E49180E0204D70F4D424796EC4B36BF
:10E800000C61962C0004D80E4D42CF9285E1306405
:10E81000B6640104D90D3542CF9285C390250B0013
:10E8200004DA1055424F29C9972C1C864C4B160010
:10E8300004DB0F4D424F29C9972C1C862C5900042C
:10E84000DC1055424F29899344A96CD952510A04CE
:10E85000DD0F4D424F29899344A94C4B452904DED5
:10E860000F55424F29C9972C8C542D590004DF0EA7
:10E870004D424F29C9972C52B5640104E00D4D4219
:10E88000C72066B535D4920504E10D453AC7A0D539
:10E89000D6504B160004E20D4D42C7A066D2259912
:10E8A000262D04E30D4542C7A066A62599B40004B1
:10E8B000E40E55424F298933E9924C931604E50E34
:10E8C0004D424F298933D3924C5A0004E60D5542EC
:10E8D0004F29C997CC5BB20004E70D4D424F29C9BF
:10E8E00097CC2D590004E80F4D42CF926943A20CFA
:10E8F000992D590004E90D3542CF920D893264C932
:10E900000204EA1055424F29C9976C489421D392CA
:10E910000504EB104D424F29C9976C4894214B16C2
:10E920000004EC0E55424F2989D7CA1066C9040469
:10E93000ED0E4D424F298987341AC3410104EE0E72
:10E940004D42C7A066264509B5640104EF0E553A4D
:10E95000C7A0664E8A126AC90204F00F55424F29B9
:10E96000893393A2845AB20004F10F5D3A4F29898A
:10E9700033274509B5640104F20F55424F24C59968
:10E980004951422D590004F30F5D3A4F24C5999324
:10E99000A2845AB20004F40D55424F2989335B32E8
:10E9A000840D04F50D4D424F2989335B32840504F3
:10E9B000F80E55424F2989336D48A4072504F90EF6
:10E9C0004D424F2989336D48A4831205000C4D42F6
:10E9D00067CBA0B925430005010BCC425FCB1039B2
:10E9E00025030502104D425758939228499444A993
:10E9F0002C0005030E4D4257D82625519228950527
:10EA000005040E4D424F96846D51254AB20405050A
:10EA10000C3542871A6651254B0005060C5D3A8F6E
:10EA2000546C52C36A1805070C453AC71A466A98CF
:10EA300086010508134D428F944449944449942417
:10EA40004AA224520205090F35428F944449942466
:10EA50004A222500050A134D42471225511225D19D
:10EA600094244AA2245202050B0F3542471225D1A5
:10EA700094244A222500050C0D4D42CF92894D9BCE
:10EA8000962C00050D0C3542CF9289D1962C0005AD
:10EA90000E0E4D42C720855DA2244AB204050F0D1B
:10EAA0003542C720859528C912000000D00F00000C
:10EAB0004E100000DA0F00006C120000521200002D
:10EAC00052120000641200006C1200006C12000070
:10EAD0000001641401060C4B00093D000004C8FA53
:10EAE000100800008000400047494E545F535441D5
:10EAF000545F554E52454143480D000047494E541E
:10EB00005F535441545F49505F434F4E464C490D4B
:10EB100000000000504859204C696E6B205375630B
:10EB2000636573730D00000000C1814001C0804126
:10EB300001C0804100C1814001C0804100C18140CD
:10EB400000C1814001C0804101C0804100C18140BD
:10EB500000C1814001C0804100C1814001C08041AD
:10EB600001C0804100C1814001C0804100C181409D
:10EB700000C1814001C0804100C1814001C080418D
:10EB800001C0804100C1814000C1814001C080417D
:10EB900001C0804100C1814001C0804100C181406D
:10EBA00000C1814001C0804101C0804100C181405D
:10EBB00000C1814001C0804100C1814001C080414D
:10EBC00001C0804100C1814000C1814001C080413D
:10EBD00001C0804100C1814001C0804100C181402D
:10EBE00000C1814001C0804100C1814001C080411D
:10EBF00001C0804100C1814001C0804100C181400D
:10EC000000C1814001C0804101C0804100C18140FC
:10EC100000C1814001C0804100C1814001C08041EC
:10EC200001C0804100C1814000C0C101C30302C2D4
:10EC3000C60607C705C5C404CC0C0DCD0FCFCE0E3C
:10EC40000ACACB0BC90908C8D81819D91BDBDA1AAC
:10EC50001EDEDF1FDD1D1CDC14D4D515D71716D61C
:10EC6000D21213D311D1D010F03031F133F3F2328C
:10EC700036F6F737F53534F43CFCFD3DFF3F3EFEFC
:10EC8000FA3A3BFB39F9F83828E8E929EB2B2AEA6C
:10EC9000EE2E2FEF2DEDEC2CE42425E527E7E626DC
:10ECA00022E2E323E12120E0A06061A163A3A2624C
:10ECB00066A6A767A56564A46CACAD6DAF6F6EAEBC
:10ECC000AA6A6BAB69A9A86878B8B979BB7B7ABA2C
:10ECD000BE7E7FBF7DBDBC7CB47475B577B7B6769C
:10ECE00072B2B373B17170B050909151935352920C
:10ECF00096565797559594549C5C5D9D5F9F9E5E7C
:10ED00005A9A9B5B99595898884849894B8B8A4AEB
:10ED10004E8E8F4F8D4D4C8C44848545874746865B
:10ED20008242438341818040654D42525455526531
:10ED30006365697665000000784D4252545552650E
:10ED4000636569766546534D00000000784D425278
:10ED500054555472616E736D697446534D000000D2
:10ED6000784D4252545554696D6572543335457827
:10ED7000706972656400000075735263764275664F
:10ED8000666572506F73203C204D425F5345525F61
:10ED90005044555F53495A455F4D415800000000AB
:10EDA0002E2E2F6D6F646275732F7274752F6D62C6
:10EDB0007274752E6300000065536E645374617441
:10EDC00065203D3D2053544154455F54585F4944AC
:10EDD0004C450000282065526376537461746520A9
:10EDE0003D3D2053544154455F52585F494E49546C
:10EDF0002029207C7C20282065526376537461741E
:10EE000065203D3D2053544154455F52585F524365
:10EE1000562029207C7C202820655263765374611B
:10EE20007465203D3D2053544154455F52585F4521
:10EE300052524F5220290000655263765374617418
:10EE400065203D3D2053544154455F52585F49442D
:10EE50004C450000784D425574696C5365744269A5
:10EE60007473000075634E42697473203C3D203812
:10EE7000000000002E2E2F6D6F646275732F667573
:10EE80006E6374696F6E732F6D627574696C732E27
:10EE900063000000504F52542073746172742069F3
:10EEA0006E69740D00000000504F525420444953C5
:10EEB00041424C450D000000504F5254206E6F747B
:10EEC00020697469740D0000C0260000CC26000083
:10EED000D6260000DE260000E6260000EE26000012
:10EEE000F6260000FE260000062700000E27000080
:10EEF00016270000C42E0000C42E0000D42E0000EF
:10EF00000A2F0000122F0000162F00001A2F0000F9
:10EF10001A2F0000842F0000A22F0000BC2F000039
:10EF2000B62F0000AC2F0000C22F0000962E00006C
:10EF3000E2310000FA310000103200002A320000F5
:10EF4000EA310000EA310000EA310000EA31000055
:10EF5000403200007E32000096320000AC320000E9
:10EF600086320000C632000086320000F032000017
:10EF7000023300008632000086320000DA320000E0
:10EF8000563300007233000094330000C033000099
:10EF9000E433000050340000703400006C33000093
:10EFA00081E4141B7EAED43F3200080D2D00061004
:10EFB0002800D2132300B6181E00061F19001027C0
:10EFC00014008B310F004C3F0A007C510500EF69A3
:10EFD0000000EB8A000000000000000000009643E3
:10EFE000C520903F00001644D578114000006144D0
:10EFF00048E15A4000009644DD2492400080BB4422
:10F0000017D9B6400000E1443333DB4000400345EC
:10F010000000004100001645713D124100C0284526
:10F02000D7A3244100005CC20000803B0000000028
:10F03000ABAAAAAAAAAA1E40000000400000804075
:10F04000B4D934E70C684A3F6666666666661A405D
:10F050009A9999999999B93F0000000000002440BD
:10F06000333333333333C33F486172644661756C65
:10F07000745F48616E646C65720D00006D6570634D
:10F0800020203A253038780D0A0000006D63617544
:10F0900073653A253038780D0A00000020202020C2
:10F0A000203A253038780D0A000000002A3A000086
:10F0B0005E3A00007C3A00008C3A00009C3A000066
:10F0C0000000104200000C42000020410000A0405F
:10F0D00000007041000016430000964300001644F3
:10F0E000000020420000A0410000FA4400007A44E1
:10F0F0000000C84200004842499D003D454550522D
:10F100004F4D77746979650D000000000000000024
:10F11000000000000020AC40A4440000BE440000F9
:10F12000C2440000C6440000CA440000EC44000091
:10F1300000450000064500000A4500000E4500009D
:10F140001245000053797374656D20737461727495
:10F150002025690D0A0000001E4D00003E4E0000F3
:10F160003E4E0000484E0000684E0000684E000011
:10F170006E4E0000924E00009C4E0000164E0000A5
:10F18000224E0000364E00002C4E00001C4E0000A7
:10F190003E4E00001C4E00003E4E00003E4E000061
:10F1A0003E4E00003E4E00003E4E00003E4E00002F
:10F1B0003E4E00003E4E00003E4E00003E4E00001F
:10F1C0003E4E00003E4E0000A24E00001C4E0000CD
:10F1D000EC4C0000024D0000EC4D0000024D000020
:10F1E000EC4D0000024D0000EC4D00001C4E0000F4
:10F1F0001C4E00001C4E0000024D0000024D00009D
:10F20000024D0000024D0000024D0000024D0000C2
:10F21000024D0000024D0000024D0000024D0000B2
:10F22000024D0000024D0000024D0000024D0000A2
:10F23000024D0000024D0000024D0000024D000092
:10F24000024D00000E4E0000044F0000024D000071
:10F25000044F0000024D0000044F00004451000024
:10F26000445100004451000044510000EE4E0000A3
:10F2700026510000FA4E0000EE4E0000F45000004F
:10F28000024D0000664F0000024D0000664F000076
:10F29000024D0000664F0000024D0000664F000066
:10F2A000024D0000664F0000024D0000504F00006C
:10F2B000024D00006A4F00000E510000024D000098
:10F2C00086500000024D000086500000024D0000F4
:10F2D00086500000024D000086500000024D0000E4
:10F2E00086500000024D0000664F0000024D0000F5
:10F2F000145000003E5100003E51000042510000F9
:10F300003E510000D25000003E510000024D00006E
:10F310007E4F0000024D0000D24F0000024D000061
:10F32000D24F0000024D0000D24F0000024D0000FD
:10F33000D24F0000024D0000D24F0000024D0000ED
:10F340007E4F0000024D00007E4F0000024D000085
:10F350007E4F0000024D0000D24F0000024D000021
:10F36000D24F0000024D0000D24F0000024D0000BD
:10F37000D8500000024D0000664F0000024D000012
:10F38000664F00003E5100007A530000A852000072
:10F39000C2520000BC5200007A5300000800000076
:10F3A00009000000000000000C0000000B0000003D
:10F3B0000100000003000000040000000500000040
:10F3C0000600000007000000020000000A00000024
:10F3D000D700C800E900EB00EA00E7000501E600FD
:10F3E00004010A0169005B005B00330033002F0059
:10F3F0002F003B003B0037003700000000000000FA
:10F400000000B600AE00AE00B200B200AA00AA0032
:10F41000C000C000C400C400A000A000B800B80034
:10F420006C0068006E006D00D9006700700070000D
:10F4300074007400800080008400840090009000BC
:10F440009400940078007800880088009800980064
:10F450007C007C008C008C009C009C00B7006A0043
:10F460005F005F00A400A4006B0000000000060025
:10F47000080000000000000000000000000009007B
:10F480000A000B000C000D0007000F001300140011
:10F49000150016001700180019001A001B001C00A8
:10F4A0001D001E0020001F000000000000000100E1
:10F4B0000100020002001000110012002B002B00BE
:10F4C0002700270057005700C800CA0063006500E6
:10F4D000D7000E00D500D60000000000636F6E74E8
:10F4E000726F6C2025690D0A000000001D000900E4
:10F4F0000A000B000C00010002000E000F000D00BE
:10F500002500260027000000EC00EE00F000F200CD
:10F51000F400F600F800FA00FC00FE000001020111
:10F52000E4000000CB00CD00C900CF00D1000601EF
:10F53000D800DA00DC00DE00E0000000000000007F
:10F5400000000000000059409A3F1CC69A3F1C462C
:10F550000000C8C200401C4500401CC5000000005F
:10F5600033333333F387C3C033333333F387C34089
:10F57000965C0000925C00008E5C00008A5C0000DB
:10F580004E5C0000085E0000705D0000A65D00009B
:10F59000845D00008E5D0000C05D0000D25D000053
:10F5A000465F00007E5E00009C5E00008C5E0000F6
:10F5B000925E0000C45E0000E65E00000C61000088
:10F5C000C05F00000A600000E45F0000E85F000028
:10F5D0003E6000006A600000A4610000AC620000B0
:10F5E000D8610000E8610000BC610000DE6100003D
:10F5F00018620000406200005A630000706300005F
:10F6000074630000786300007C630000B86300004E
:10F61000C2630000CE630000DA630000F263000002
:10F62000E66300000664000010640000206400002F
:10F630003064000040640000F4640000F4640000E2
:10F64000566500007465000084650000AE6500002A
:10F65000B8650000D4650000F66500000C66000087
:10F66000EE670000E66700002A67000040660000C1
:10F670002866000008670000F86700003C6700008B
:10F68000566600009A66000094660000306700002D
:10F69000B26B0000B26B0000B26B0000B26B0000F6
:10F6A000B26B0000886C0000A86900001C6D0000AF
:10F6B000566D0000006D0000566D0000A869000046
:10F6C000566D0000566D0000006D0000566D000084
:10F6D000A8690000566D0000566D0000006D000026
:10F6E000566D00003C6A00006A6A0000F06A000083
:10F6F000BE6A0000246A0000F2690000246B00006A
:10F700002A690000446B0000C86C0000C86C00004F
:10F71000C86C0000C86C0000AE680000F269000010
:10F7200082680000E068000084690000A8690000A9
:10F73000886C0000C86C0000C86C00002C6F0000D2
:10F74000106E0000206F0000E66E0000466E0000A4
:10F75000626E00007C6E0000946E0000C86D0000B8
:10F76000266E00008A6F00005A6F0000486F00008C
:10F770004E700000CE6F0000CE6F000002700000DF
:10F780000270000018710000487100003A73000018
:10F79000287400001E7400000274000068730000EA
:10F7A000A67100006A710000BA760000687300005C
:10F7B000B0750000B0750000A6710000A6710000D1
:10F7C000D87600007E7200007C7100000C7300008F
:10F7D000F4720000F4720000C4720000C4720000F1
:10F7E000D073000068730000B0750000EE71000077
:10F7F000127200004876000084760000B0750000A8
:10F8000036740000427500006C74000080740000C3
:10F81000AC70000072740000B0740000D47400007A
:10F820006C00020080000200980002001CFF010032
:10F8300020FF01002CFF010040FF010050FF0100EC
:10F8400068FF010078FF010094FF0100A8FD01009E
:10F85000B0FD0100C0FD0100040000000700000031
:10F860000800000002000000A8000200B000020032
:10F87000B8000200D0FD0100E0FE01001CFE010006
:10F8800040FE0100BCFE0100A4FF0100A8FF010032
:10F89000C0FF0100DCFF0100A01302005C000200B9
:10F8A00064000200AE00B200AA00C000C400A000C4
:10F8B00010007000740078007C001100800084004B
:10F8C00088008C0012009000940098009C00670053
:10F8D0006900680068006C006E006D006A00B80086
:10F8E0003B00370033002F00A800A9006B00B600D2
:10F8F000B7001000A4005F005B0000000E00C8000D
:10F90000CA0063006500000005000100000000005F
:10F9100000000A0013000700060000001B000A0098
:10F9200009000D000F001F00570008000000000034
:10F9300001002B002700200017000B000000000032
:10F94000000000000C000000080F0200E40E02009E
:10F950009C0E0200C0000200C4000200C8000200A9
:10F96000CC000200D0000200D4000200D800020047
:10F97000080F020058000200D4030200080F020022
:10F98000E40E02009C0E0200FCFF010004000200D5
:10F990000C000200D0FD0100F4FD01001CFE01007E
:10F9A00040FE0100BCFE01003416020034160200C5
:10F9B00034160200D0FD0100F4FD01001CFE010020
:10F9C00040FE010064FE01006CFE010084FE0100A7
:10F9D000A0FE0100010000000A0000006400000019
:10F9E000E803000017B7D1386F12833A0AD7233CD7
:10F9F000CDCCCC3D0000803F000020410000C8423B
:10FA000000007A4400401C46000000000000000096
:10FA1000FF1F000000000000000000000080FFF950
:10FA200007780000000000000000000000FCFF7FDD
:10FA300000C000000000000000000000801F001C4B
:10FA4000008001000000000000000000E00C001831
:10FA5000000003000000000000000380710000208F
:10FA6000000006000000000000E003E01C000000B1
:10FA7000000006000000000000E007300600000063
:10FA80000000060C0000000000E0071C060000005B
:10FA900000000C780000000000E0070EFC010000F0
:10FAA00000000CE00100000000E08703C01F000020
:10FAB00000000E800300000000E0C701007000009D
:10FAC000000006000F00000000E0E70000C000009A
:10FAD000000006003C00000000E07F000080010004
:10FAE000000006007800000000C03F000080010018
:10FAF00000000600E000000000C01F0000800100C0
:10FB000000000600C003000000C00F0000800100DC
:10FB1000000006008007000000C00F000080010008
:10FB200000000C00000F000000C00F00008001006A
:10FB300000000C00001E000000E00F00008001002B
:10FB400000001800003C000000E00F0000800100F1
:10FB5000000038000078000000F01F000080010065
:10FB600000003C0000F0000000F81F0000C0000092
:10FB700000001E0000E0010000BC1F0000E00000CB
:10FB800000000F0000C0030000BC1F0000E00700E1
:10FB90000000000000800700001E3F000000000081
:10FBA0000000000000000F00000F3F0000000000F8
:10FBB0000000000000001E00000F3F0000000000D9
:10FBC0000000000000003E0080073E0000E007004B
:10FBD0000000F001000C3C00C0037EC0FFE087E3A2
:10FBE000FF0FFE0F000F7800C0037EC0FFE3C7E7E2
:10FBF000FF0FFF1FC00FF800E003FEC0FFE7E3EFB9
:10FC0000FF8FFF3FF01FF000E007FCC0EFE7F3E7D6
:10FC1000FFCFFF7FF80FE001F00FFCC0CFE7FB0341
:10FC20007CE00F7FFC03E003F01FFCC1CFE7FF0186
:10FC3000FCE0077EFE00C003F83FF8C1CFE7FF00FD
:10FC4000FCE0077E7E00C00778FFF8C1EFE7FF0009
:10FC5000FCE0077E3E0080077CFEF9C3FFE3FF0166
:10FC6000FCE0077E3F00000F3CFCF3C3FFE1FB0319
:10FC7000FCE0077E7F00000F3CF8FFC77FE0F30742
:10FC8000FCE00F3FFE01001F3EE0FFC70FE0F3075F
:10FC9000FCC0FF3FFE1F001E1EC0FFCF0FE0E307AA
:10FCA000FCC0FF1FFC1F003E1E80FFCF0FE0C707F8
:10FCB000FC00FF0FF81F003C1F00FEDF0FE0870174
:10FCC000FC00FE03E01F007C0F00FC1F0000000092
:10FCD00000000000000000780F00F03F000000006E
:10FCE00000000000000000F80F00E07F00000000AE
:10FCF00000000000000000F8070080FF0100000085
:10FD000000000000000000F0000000FE07000000FE
:10FD100000000000000000F0000000F83F000000BC
:10FD200000000000000000F0000000E0FF00000004
:10FD300000000000000000E000000080FF0700005D
:10FD400000000000000000E000000000FC3F000098
:10FD5000000000000000000000000000F0FF0100B3
:10FD600000000000000000000000000080FF3F00D5
:10FD700000000000000000000000000000F8FF0F7D
:10FD80000000000000000000000000000080FFFFF5
:10FD9000FF7F000000000000000000000000FCFFEA
:10FDA000FFFF000000000000D092D0A00000000083
:10FDB0003120D0BAD0B0D0BDD0B0D0BB0000000050
:10FDC0003220D0BAD0B0D0BDD0B0D0BBD0B00000BF
:10FDD0004845504120D0A4D0B8D0BBD18CD182D1DD
:10FDE0008020D0B7D0B0D181D0BED180D0B5D0BD29
:10FDF00000000000D09DD0B5D0B2D0BED0B72E202C
:10FE0000D0BFD0BED0B4D0B4D0B5D1802E20D18355
:10FE1000D181D182D0B0D0B221000000D09DD0B825
:10FE2000D0B7D0BAD0BED0B520D0BDD0B0D0BFD121
:10FE300080D18FD0B6D0B5D0BDD0B8D0B50000003D
:10FE4000D092D18BD181D0BED0BAD0BED0B520D087
:10FE5000BDD0B0D0BFD180D18FD0B6D0B5D0BDD0BD
:10FE6000B8D0B50044696E7075740000D09DD0B5EF
:10FE7000D181D0BFD18020D0BAD0B0D0BDD0B0D049
:10FE8000BB203100D09DD0B5D0B8D181D0BFD180BA
:10FE900020D0BAD0B0D0BDD0B0D0BB20320000004E
:10FEA000D09DD0B5D0B8D181D0BF2E20D0B4D0B0A5
:10FEB000D182D187D0B8D0BAD0B00000D097D0B01E
:10FEC000D181D0BED180D0B5D0BD20D0BFD180D01F
:10FED000B5D0B4D184D0B8D0BBD18CD182D1800080
:10FEE000D09DD0B5D0B2D0BED0B7D0BCD0BED0B6E9
:10FEF000D0BDD0BE00000000312028D09ED181D0DE
:10FF0000BDD0BED0B2D0BDD0BED0B9290000000057
:10FF1000322028D094D0BED0BF2E290056415600A2
:10FF2000436F6E7374204C302C32000056415620C3
:10FF30002B20436F6E7374204C302C320000000075
:10FF4000D097D0B0D0BAD180D18BD182D0BE0000B2
:10FF5000D09CD0B8D0BDD0B8D0BCD0B0D0BBD18CA4
:10FF6000D0BDD0B0D18F0000D0A1D180D0B5D0B459
:10FF7000D0BDD18FD18F0000D09CD0B0D0BAD1816C
:10FF8000D0B8D0BCD0B0D0BBD18CD0BDD0B0D18F88
:10FF900000000000D09ED182D0BAD180D18BD18216
:10FFA000D0BE00004341560056415620D09FD0B0ED
:10FFB000D181D181D0B8D0B22E20D0A200000000D3
:10FFC00056415620D09AD0BED0BCD0BD2E20D0BA3B
:10FFD000D0BED0BDD182D1802E0000005641562027
:10FFE000D09FD180D0B5D0BED0B1D1802E20D0A2AC
:10FFF0002CD0A1D09E322CD09D000000302D31306D
:020000022000DC
:1000000020D09200322D313020D09200342D323069
:1000100020D0BC4100000000D092D18BD0BAD0BB20
:1000200000000000D092D0BAD0BB0000D0A0D0B564
:10003000D0B6D0B8D0BC20D0A4D09CD0A7000000AF
:10004000D0A0D0B5D0B6D0B8D0BC204341562F56A2
:1000500041562D425000000070706D00D0BC2F63DF
:1000600020000000D09FD0B020000000D09ED182A0
:10007000D0BED0BFD0BBD0B5D0BDD0B8D0B50000B9
:10008000D09ED185D0BBD0B0D0B6D0B4D0B5D0BD85
:10009000D0B8D0B500000000D090D0B2D182D0BE90
:1000A000D0BCD0B0D182000044497075740000000B
:1000B00052532D343835000054435020495000002D
:1000C000302E3100302E3500312E3000322E3000EF
:1000D000332E3000352E300031302E30000000003D
:1000E0005CFF79C4252B30382E326600256920D07C
:1000F0009FD0B00025782578257825782578257833
:1001000000000000D09ED181D182D0B0D0BDD0BE41
:10011000D0B2D0BBD0B5D0BD00000000D09AD0B0D6
:10012000D0BBD0B8D0B1D180D0BED0B2D0BAD0B0D0
:1001300000000000D0A0D0B0D0B1D0BED182D0B0ED
:1001400000000000253033692E253033692E25301C
:1001500033692E2530336900256920D092000000D4
:10016000D0A1D182D0B0D180D1823F00D097D0B081
:10017000D0B1D0BBD0BED0BA0000000020202020DB
:10018000D09FD0B5D180D0B5D0B7D0B0D0B3D180CA
:10019000D183D0B7D0B8D182D18C3F20202020008D
:1001A000253030303030306920D187D0B0D181D087
:1001B000BED0B2202530306920D0BCD0B8D0BDD15F
:1001C00083D18200206B657920646F776E0D00000B
:1001D000F0FF79445CFF7944E7FB1F412530372E5F
:1001E0003366000025322E31662043002530322E42
:1001F0003166204300000000253034692070706DA6
:10020000000000002530336920252500D0A4D0B09F
:10021000D0BAD18200000000D09ED182D0BAD18065
:100220002E000000D097D0B0D0BAD1802E000000B0
:100230002530362E316620257300000025362E31FC
:100240006620257300000000D09ED182D0BCD0B5BE
:10025000D0BDD0B8D182D18C20D0BAD0B0D0BBD054
:10026000B8D0B1D0BED180D0B2D0BAD1833F0000D7
:10027000D09AD0B0D0BBD0B8D0B1D180D0BED0B29F
:10028000D0BAD0B02E2E2E00D09ED182D0BAD0B00F
:10029000D0BBD0B8D0B1D180D0BED0B2D0B0D18296
:1002A000D18C20303F000000253033690000000071
:1002B000253169002530372E32660000252B303677
:1002C0002E316600252B30372E3166002530362E34
:1002D0003166000025362E34660000002530352EAC
:1002E000316600002020202020D0A1D0B1D180D0C4
:1002F000BED181D0B8D182D18C20D0B6D183D1806B
:10030000D0BDD0B0D0BB3F202020000025303469C4
:1003100020D0BC5E332FD187000000002D2D2D2D65
:1003200020D0BC5E332FD187000000002530326919
:100330002E253032692E253032690000D0B1D0BE72
:10034000D0BBD0B5D0B5203930250000D181D0B593
:10035000D182D0B8203C20256920D0920000000036
:10036000D181D0B5D182D0B8203E20256920D0924D
:1003700000000000D0BFD0BED0B4D0B4D0B5D18082
:10038000D0B6D0B8D0B2D0B0D182D18C20D183D168
:1003900081D182D0B0D0B2D0BAD1830030302F30EA
:1003A00030000000253032692F253032690000000E
:1003B00025692043000000002530336920D09FD0FC
:1003C000B00000002D2D2D20D09FD0B000000000E7
:1003D0002569202525000000253034690000000033
:1003E00025692F2569000000D09FD180D0B8D0BEEC
:1003F000D180D0B8D182D0B5D18220D180D0B5D033
:10040000B32E3A00D09FD180D0B8D0BED1802E205C
:10041000D180D0B5D0B3D183D0BB2E00D0A2D0B87C
:10042000D0BF20D0B4D0B0D182D187D0B8D0BAD08C
:10043000B02E3A00253032693A253032693A2530FB
:1004400032690000000F0C0001000000B00D020036
:100450007A0000000002190000000000E80E02000F
:10046000000000000002254602000000A00E02006D
:10047000380000000046250002000000A80E02001F
:10048000390000000002320002000000D40D02001A
:100490003700000001023E0002000000B00E020022
:1004A0003A000000000F0C0001000000B00D020037
:1004B0007B0000000002190000000000C40E0200D2
:1004C000000000000002254602000000A00E02000D
:1004D0003D0000000046250002000000A80E0200BA
:1004E0003E0000000002320002000000D40D0200B5
:1004F0003C00000001023E0002000000B00E0200BD
:100500003F000000000F0C0001000000B00D0200D1
:100510007C00000000021900000000007C0E0200B8
:10052000000000000002254602000000A00E0200AC
:10053000420000000046250002000000A80E020054
:10054000430000000002320002000000D40D02004F
:100550004100000001023E0002000000B00E020057
:1005600044000000000F0C0001000000B00D02006C
:100570007D0000000002190000000000200E0200B3
:10058000000000000002250002000000400E0200F2
:100590003B0000000002320002000000540E020086
:1005A0004000000001023E0002000000680E020050
:1005B00045000000000F0C0001000000840C020048
:1005C000770000000002190002000000E00C0200A9
:1005D000540000000102250002000000F80C020097
:1005E00053000000000F0C0001000000840C02000A
:1005F0007800000000021900000000000C0D02004D
:10060000000000000002250001000000240D02008F
:100610005F0000000002320002000000340D020002
:100620005C00000001023E0002000000440D0200D8
:100630005D000000000F0C0001000000840C0200AF
:100640007700000000021900000000000C0D0200FD
:10065000000000000002250000000000540D020010
:10066000000000000002320002000000340D020011
:100670004F00000001023E0002000000440D020095
:1006800050000000000F0C0001000000840C02006C
:100690007E0000000002190000000000980C02001B
:1006A000000000000002250001000000C00C020054
:1006B000130000000002320001000000D00C020014
:1006C0001400000001023E00020000003416020087
:1006D0006C00000000000C0001000000C8140200C3
:1006E000020000000000190001000000B008020034
:1006F000250000000000250001000000DC140200BD
:100700002D00000000003200010000002012020055
:100710002E00000000003228010000003416020004
:100720002F00000001003E0001000000200C02002C
:100730003000000000020C0001000000000C02006C
:100740001A00000000021900010000003416020027
:100750001B0000000002320000000000AC14020088
:100760000000000001023E0001000000981102009C
:100770002600000000020C0001000000000C020036
:100780001A000000000219000100000034160200E7
:100790001B0000000002250001000000200C0200E8
:1007A0004700000001023200010000002C0C020092
:1007B0000500000000020C0001000000A01402006F
:1007C000030000000002190001000000FC110200FB
:1007D000040000000002250001000000FC130200DC
:1007E000080000000002320001000000381402007E
:1007F0000700000001023E00010000003416020064
:100800000600000000020C00010000006C14020051
:1008100024000000000219000100000088140200FA
:10082000120000000002250001000000B00B0200D1
:100830000500000000023200000000008C140200DD
:100840000000000001023E05010000003416020015
:100850000900000000020C0001000000B8100200B6
:10086000270000000002190001000000D81002005B
:10087000290000000002250001000000E410020031
:1008800028000000000232000100000034160200BF
:100890002A00000001023E000100000034160200A0
:1008A0002B000000D09A2ED09F2ED0A10000000077
:1008B000D0A3D181D182D0B0D0B2D0BAD0B0000014
:1008C00000020C0001000000C80B020060000000E4
:1008D0000002190001000000D80B020061000000B6
:1008E0000002250001000000E80B02006200000089
:1008F0000002320001000000F00B02006300000063
:1009000001023E0001000000F80B0200640000003C
:10091000000F0C00010000000C0F02006E00000030
:100920000002190002000000BC00020006000000E6
:100930000002250002000000D8130200170000008A
:100940000002320002000000E41302001800000060
:1009500001023E0002000000F01302000A00000045
:10096000000F0C00000000006813020000000000EF
:1009700000021900000000008813020000000000BF
:100980000002250002000000A8130200220000005F
:100990000002320002000000C01302002300000029
:1009A00001023E0002000000A40802001000000046
:1009B000000F0C0000000000FC120200000000000C
:1009C00000021900000000001C13020000000000DB
:1009D000000225140200000034160200200000006E
:1009E0000073250000000000C803020000000000A2
:1009F000000232000000000040130200000000006E
:100A000000733E0000000000C80302000000000068
:100A100001023E1402000000341602002100000012
:100A2000000F0C00010000000C0F0200730000001A
:100A300000021900020000008C1202000C000000ED
:100A40000002250002000000A81202000B000000B6
:100A50000002320002000000C4120200190000006F
:100A600001023E0002000000E01202001E00000031
:100A7000000F0C00000000005012020000000000F7
:100A800000021900000000000C0D02000000000030
:100A90000002250002000000340D020015000000D5
:100AA0000002320002000000440D020016000000A7
:100AB00001023E0002000000701202000F00000060
:100AC000000F0C0001000000840C02007E000000FA
:100AD0000002190000000000980C02000000000055
:100AE00000022500010000000812020013000000AF
:100AF0000002320001000000201202001400000079
:100B000001023E0002000000301202001C00000042
:100B1000000F0C0000000000A811020000000000FF
:100B20000002190002000000C81102000D000000C0
:100B30000002250002000000E41102001F00000076
:100B40000002320002000000D81002000300000082
:100B500001023E0002000000FC110200040000003F
:100B6000000F0C0000000000301102000000000027
:100B700000021900000000005011020000000000F7
:100B800000022500000000007811020000000000B3
:100B9000000232000100000098110200260000004F
:100BA00001023E0002000000341602002C0000008A
:100BB000D09DD0B0D0BFD180D18FD0B6D0B5D0BD70
:100BC000D0B8D0B500000000D0A220D0BFD0B0D1A6
:100BD00081D1812E20310000D0A220D0BFD0B0D151
:100BE00081D1812E20320000542C41493100000077
:100BF000434F322C41493200482C41493300000018
:100C0000D0A2D0B5D0BAD183D189D0B8D18520D0E7
:100C1000B0D0B2D0B0D180D0B8D0B93A0000000086
:100C2000D0A0D0B5D0B6D0B8D0BC0000D09DD0B048
:100C3000D0BFD180D18FD0B6D0B5D0BDD0B8D0B5CF
:100C400000000000D0A2D0B8D0BF20D183D181D184
:100C500082D180D0BED0B9D181D182D0B2D0B03AC9
:100C600000000000D0A2D0B5D181D182D0BED0B2D8
:100C7000D18BD0B920D180D0B5D0B6D0B8D0BC3AC5
:100C800000000000D09DD0B0D181D182D180D0BEF3
:100C9000D0B9D0BAD0B80000D0A2D0B5D0BAD183E4
:100CA000D189D0B8D0B920D0BFD0B5D180D0B5D0FF
:100CB000BFD0B0D0B420D0B4D0B0D0B2D0BB2E0012
:100CC000D09AD0B0D0BDD0B0D0BB20310000000051
:100CD000D09AD0B0D0BDD0B0D0BB20320000000040
:100CE000D0A2D0B8D0BFD0BED180D0B0D0B7D0BC09
:100CF000D0B5D18000000000D0A2D0B8D0BF20D1A4
:100D000080D0B5D0B3D183D0BB2E0000D09FD09877
:100D100020D180D0B5D0B3D183D0BBD18FD182D0F8
:100D2000BED18000D09AD0B0D0BDD0B0D0BBD0B0B2
:100D300020000000D09AD0BED18DD1842E20D09F2B
:100D400000000000D09AD0BED18DD1842E20D09842
:100D500000000000D092D0B5D0B4D0BED0BCD18BB2
:100D6000D0B920D0BAD0B0D0BDD0B0D0BB20322EB8
:100D700000000000D09FD09820D180D0B5D0B3D152
:100D800083D0BBD18FD182D0BED1802000000000A3
:100D9000D092D0B5D0B4D183D189D0B8D0B920D039
:100DA000BAD0B0D0BDD0B0D0BB20312E00000000F2
:100DB000D09DD0B0D181D182D180D0BED0B9D0BAAF
:100DC000D0B8202020202000D09AD0B0D0BDD0B004
:100DD000D0BB0000D0A2D0B8D0BF0000D09FD0BE02
:100DE000D181D0B5D0B7D0BED0BDD0BDD0BED0B5EA
:100DF00020D180D0B5D0B3D183D0BBD0B8D1802E94
:100E000000000000D0A3D181D182D0B0D0B2D0BA3E
:100E1000D0B020D0B4D0B0D1822E20542000000019
:100E2000D0A3D181D182D0B0D0B2D0BAD0B820D0A6
:100E3000B4D0B0D182D187D0B8D0BAD0BED0B200B1
:100E4000D0A3D181D182D0B0D0B2D0BAD0B020540A
:100E500000000000D0A3D181D182D0B0D0B2D0BAEE
:100E6000D0B020434F320000D0A3D181D182D0B086
:100E7000D0B2D0BAD0B0204800000000D094D0B892
:100E8000D0B0D0BFD0B0D0B7D0BED0BD20D0B4D0BD
:100E9000B0D182D187D0B8D0BAD0B02048000000FD
:100EA000D0BED18200000000D0B4D0BE000000004F
:100EB000D0A1D0BCD0B5D189D0B5D0BDD0B8D0B537
:100EC00000000000D094D0B8D0B0D0BFD0B0D0B720
:100ED000D0BED0BD20D0B4D0B0D182D187D0B8D0D0
:100EE000BAD0B020434F3200D094D0B8D0B0D0BFE9
:100EF000D0B0D0B7D0BED0BD20D0B4D0B0D182D188
:100F000087D0B8D0BAD0B02054000000D09DD0B067
:100F1000D181D182D180D0BED0B9D0BAD0B8202072
:100F20002020202000000000D090D0B2D182D0BE7E
:100F300020D0BAD0BED180D1802E3020D1872E00D3
:100F4000D0A3D0B1D0BED180D0BAD0B020284449EF
:100F5000342920D0BCD0B8D0BD000000D09AD0B089
:100F6000D0BBD0B8D0B1D1802E20302C20D1812E52
:100F70003A000000D092D180D0B5D0BCD18F20D122
:100F800083D181D180D0B5D0B42E20D1812E000064
:100F9000D09A2ED09F2ED0A120D0BAD0B0D0BDD024
:100FA000B0D0BB20310000004620D0BAD0B0D0BDB8
:100FB0002E20312C20D0BC5E32000000D09A2ED0E2
:100FC0009F2ED0A120D0BAD0B0D0BDD0B0D0BB2001
:100FD000320000004620D0BAD0B0D0BD2E20322C36
:100FE00020D0BC5E32000000D090D0B2D0B0D18012
:100FF000D0B8D0B9D0BDD0B0D18F20D183D181D1DC
:1010000082D0B0D0B2D0BAD0B0000000D0A1D0BC55
:10101000D0B5D18920320000D0A3D181D182D0B007
:10102000D0B2D0BAD0B80000D09CD0B8D0BD2E007D
:10103000D09CD0B0D0BAD1812E000000D0A1D180F8
:10104000D0B5D0B42E000000D095D0B4D0B8D0BD6B
:10105000D0B8D186D18B20D0B8D0B7D0BCD0B5D144
:1010600080D0B5D0BDD0B8D18F000000D0A3D18141
:10107000D182D0B0D0B2D0BAD0B00000D0A2D0B817
:10108000D0BFD0BED180D0B0D0B7D0BCD0B5D18089
:1010900020D092D0A0000000D0A3D181D1822E20F8
:1010A000D0BA203100000000D0A3D181D1822E20FF
:1010B000D0BA203200000000D097D0B0D0BFD0B856
:1010C000D181D18C20D0B6D183D180D0BDD0B0D049
:1010D000BBD0B03A00000000D094D0B0D182D0B0E4
:1010E0003A000000D092D180D0B5D0BCD18F3A0068
:1010F0002020D094D0BBD18F20D0BFD0B5D180D00C
:10110000B5D0B7D0B0D0B3D180D183D0B7D0BAD01A
:10111000B820000020202020D0BDD0B0D0B6D0BC58
:10112000D0B8D182D0B520D092D092D09ED09400A9
:10113000D09DD0B0D181D182D180D0BED0B9D0BA2B
:10114000D0B8202020202020392F3130000000008E
:101150002020D094D0BBD18F20D181D0B1D180D0EC
:10116000BED181D0B020D0B6D183D180D0BDD0B097
:10117000D0BBD0B000000000202020202020D0BD17
:10118000D0B0D0B6D0BCD0B8D182D0B520D092D01B
:1011900092D09ED094000000D097D0B0D0BFD0B8ED
:1011A000D181D0B5D0B93A00D09DD0B0D181D18213
:1011B000D180D0BED0B9D0BAD0B8202020202020F5
:1011C000382F313000000000D09AD0BED0BDD1827F
:1011D000D180D0B0D181D182D0BDD0BED181D182D9
:1011E000D18C0000D09ED181D1822E20D0B2D0B53A
:1011F000D0BDD18220D1812E00000000D092D180BC
:10120000D0B5D0BCD18F0000D092D0B5D0BDD182A6
:10121000D0B8D0BBD18FD182D0BED1800000000029
:10122000D0A4D0B8D0BBD18CD182D1800000000036
:10123000D09ED182D0BAD0B0D0BBD0B8D0B1D180FE
:10124000D0BED0B2D0B0D182D18C2030000000000E
:10125000D09DD0B0D181D182D180D0BED0B9D0BA0A
:10126000D0B8202020202020362F31300000000070
:10127000D092D180D0B5D0BCD18F20D183D181D1B3
:1012800080D0B5D0B42E20D181000000D09DD0B048
:10129000D0BFD180D18FD0B6D0B5D0BDD0B8D0B569
:1012A000206D696E00000000D0A1D0B1D180D0BE09
:1012B000D18120D0B0D0B2D0B0D180D0B8D0B820B9
:1012C0006D696E00D09DD0B0D0BFD180D18FD0B627
:1012D000D0B5D0BDD0B8D0B5206D61780000000089
:1012E00043D0B1D180D0BED18120D0B0D0B2D0B067
:1012F000D180D0B8206D617800000000D09DD0B0C2
:10130000D181D182D180D0BED0B9D0BAD0B820207E
:1013100020202020342F313000000000D09DD0B09C
:10132000D1872E20D181D0BED0BFD1802E20D184B4
:10133000D0B8D0BBD18CD182D180D0B00000000019
:10134000D09AD0BED0BDD0B5D1872E20D181D0BE0D
:10135000D0BFD1802E20D184D0B8D0BBD18CD18247
:10136000D180D0B000000000D09DD0B0D181D1821A
:10137000D180D0BED0B9D0BAD0B820202020202033
:10138000332F313000000000D0A3D181D182D0B002
:10139000D0B2D0BAD0B820D180D0B5D0B62E2020CF
:1013A000D0BC5E332FD18700D0A0D0B5D0B6D0B896
:1013B000D0BC20312028D09ED181D0BD2E29000064
:1013C000D0A0D0B5D0B6D0B8D0BC20322028D09490
:1013D000D0BED0BF2E290000495020D09FD0BED112
:1013E00080D18200D0A8D0BBD18ED0B70000000041
:1013F000D09CD0B0D181D0BAD0B00000D0A0D0B5B0
:10140000D0B6D0B8D0BC20D183D0BFD180D0B0D09E
:10141000B2D0BB2E00000000D09FD180D0BED182C0
:10142000D0BED0BAD0BED0BB20D181D0B2D18FD067
:10143000B7D0B82E00000000D090D0B4D180D0B585
:10144000D181204D6F64427573000000D0A2D0B0EE
:10145000D0B9D0BCD0B0D183D18220D181D0B2D18B
:101460008FD0B7D0B8000000632E0000D0A2D0B556
:10147000D0BCD0BF2E20D0B2D0BED0B7D0B4D18394
:10148000D185D0B0000000004D414300D09CD0BEBB
:10149000D182D0BED187D0B0D181D18B00000000E5
:1014A000D094D0B0D182D0B000000000D096D183CB
:1014B000D180D0BD61D0BB20D0B0D0B2D0B0D1806F
:1014C000D0B8D0B900000000D0A1D0BED181D18267
:1014D000D0BED18FD0BDD0B8D0B50000D0A4D0B090
:1014E000D0BAD1822E20D180D0B0D181D1852E002A
:1014F00000007F43000090400000000000FEAF406D
:10150000D0A0D0B5D0B6D0B8D0BC20D0BED0BDD041
:10151000B1D0BED0BDD0B2D0BBD0B5D0BDD0B8D187
:101520008F20D0BAD0BED0BDD184D0B8D0B3D183B3
:10153000D180D0B0D186D0B8D0B80000D092D0B58C
:10154000D180D181D0B8D18F20D09FD09E2025309E
:1015500032692E253032692E2530326900000000B4
:10156000436F6E66696700004932430053657269D4
:10157000616C00004C434400414443004D505443CF
:101580005000000075736572000000004B45594221
:101590004F415244000000004465665461736B0083
:1015A000328E0000688E0000DC8E0000688E000025
:1015B000C88F00006E8E0000968E0000FE90000026
:1015C0000A9100001A9100000E9100001A9100008B
:1015D0001A9100001A910000129100001A91000067
:1015E0001A9100001A9100001A9100001A9100004F
:1015F0001A9100001A910000169100007C930000DF
:101600008C930000909300008C9300001A950000CA
:101610008C930000C89400008C9300003C9500005F
:1016200000401C466463686572720D0025692020C5
:1016300025690D0A000000000000184100000000AC
:101640007B14AE47E17A943F0000000000000040A8
:10165000000000000000C03F00000000000010403B
:101660000000000000003240000000000100010006
:1016700002000000040004001C002000B40024004C
:1016800014002000100000067374617274207769E2
:10169000636831320D000000D6BF0000E0BF0000DB
:1016A0000CC0000046C000004AC0000056C0000048
:1016B00006C00000FABF000024C00000EEBF00001A
:1016C000000102030405060708090A0B0C0D0E0FA2
:1016D0001011000052544320494E49540D0000009F
:1016E0001F1C1F1E1F1E1F1F1E1F1E1F0008000085
:1016F00000001000000010000000100000001000AA
:101700000000100000001000002000000000080091
:10171000002C014000000040000400400008004090
:10172000000C004000100040001400400034014054
:10173000004C01402E2E2F4672656552544F532F98
:10174000706F727461626C652F4D656D4D616E676F
:101750002F686561705F342E63000000657272202F
:101760006174206C696E65202564206F662066694F
:101770006C6520222573222E200D0A200000000017
:101780002E2E2F4672656552544F532F706F727410
:1017900061626C652F4743432F524953432D562FA7
:1017A000706F72742E6300002E2E2F467265655284
:1017B000544F532F6576656E745F67726F757073E3
:1017C0002E6300002E2E2F4672656552544F532F04
:1017D00071756575652E63000E0701000407010031
:1017E000240701003607010030070100BE08010090
:1017F000B4080100D2080100E4080100DE0801007D
:101800002E2E2F4672656552544F532F7461736BA1
:10181000732E630049444C45000000005E0D01003A
:101820005E0D0100A20D0100AE0D0100F20D0100E0
:101830005E0D01005E0D0100A20D0100AE0D010064
:10184000546D7251000000002E2E2F4672656552B5
:10185000544F532F74696D6572732E63000000003E
:10186000546D72205376630073717274000000002F
:10187000001112131415161718191A1B1C1D1E1F00
:10188000E44E01002A4F0100444F0100544F010073
:10189000544F0100404F0100404F0100624F0100D2
:1018A00001020304050607070707070707000000F2
:1018B00062630100706401005C6501006465010001
:1018C0000A6601005C650100506601008C6601003B
:1018D000A871FFFF2C70FFFF3C71FFFF4471FFFFF9
:1018E0003C71FFFF5C70FFFF3C71FFFF4471FFFF25
:1018F0002C70FFFF2C70FFFF5C70FFFF4471FFFF37
:101900009E71FFFF9E71FFFF9E71FFFF5C70FFFFE6
:101910004E78FFFF4077FFFF4077FFFF3E77FFFFE6
:101920004677FFFF4677FFFF0C77FFFF3E77FFFF0D
:101930004677FFFF0C77FFFF4677FFFF3E77FFFFFD
:101940003A78FFFF3A78FFFF3A78FFFF0C77FFFF06
:101950000001020203030303040404040404040456
:101960000505050505050505050505050505050527
:101970000606060606060606060606060606060607
:1019800006060606060606060606060606060606F7
:1019900007070707070707070707070707070707D7
:1019A00007070707070707070707070707070707C7
:1019B00007070707070707070707070707070707B7
:1019C00007070707070707070707070707070707A7
:1019D0000808080808080808080808080808080887
:1019E0000808080808080808080808080808080877
:1019F0000808080808080808080808080808080867
:101A00000808080808080808080808080808080856
:101A10000808080808080808080808080808080846
:101A20000808080808080808080808080808080836
:101A30000808080808080808080808080808080826
:101A40000808080808080808080808080808080816
:101A50002C2066756E6374696F6E3A20000000007A
:101A6000617373657274696F6E202225732220661C
:101A700061696C65643A2066696C65202225732271
:101A80002C206C696E65202564257325730A00007F
:101A9000232D302B20000000686C4C0065666745E4
:101AA0004647000000000000FFFFFFFFFFFFEF7F41
:101AB000494E4600696E66004E414E006E616E00F2
:101AC0003031323334353637383941424344454674
:101AD0000000000030313233343536373839616236
:101AE0006364656600000000000000000000F83F2D
:101AF00061436F63A787D23FB3C8608B288AC63F14
:101B0000FB799F501344D33F000000000000F03FDA
:101B10000000000000001C40000000000000144015
:101B2000000000000000E03F496E66696E6974794C
:101B3000000000004E614E000000000000000000A8
:101B40000000000000000000000000000000000095
:101B50000000000000000000000000000000000085
:101B60000000000000000000000000000000000075
:101B70000000000000000000000000000000000065
:101B80000000000000000000000000000000000055
:101B900000000000000000000080E03779C34143EE
:101BA000176E05B5B5B89346F5F93FE9034F384DC3
:101BB000321D30F94877825A3CBF737FDD4F15756F
:101BC000000000000000F03F000000000000244082
:101BD00000000000000059400000000000408F405D
:101BE000000000000088C34000000000006AF840C8
:101BF0000000000080842E4100000000D0126341EC
:101C00000000000084D797410000000065CDCD4161
:101C1000000000205FA00242000000E87648374242
:101C2000000000A2941A6D42000040E59C30A242E0
:101C30000000901EC4BCD64200003426F56B0C4355
:101C40000080E03779C3414300A0D88557347643FC
:101C500000C84E676DC1AB43003D9160E458E1435D
:101C6000408CB5781DAF154450EFE2D6E41A4B44D2
:101C700092D54D06CFF08044F64AE1C7022DB54417
:101C8000B49DD9794378EA440500000019000000AA
:101C90007D00000043000000504F534958000000F1
:101CA000002020202020202020202828282828202C
:101CB0002020202020202020202020202020202024
:101CC000208810101010101010101010101010108C
:101CD000100404040404040404040410101010107C
:101CE0001010414141414141010101010101010146
:101CF0000101010101010101010101011010101098
:101D00001010424242424242020202020202020217
:101D1000020202020202020202020202101010106B
:101D20002000000000000000000000000000000093
:101D300000000000000000000000000000000000A3
:101D40000000000000000000000000000000000093
:101D50000000000000000000000000000000000083
:101D60000000000000000000000000000000000073
:101D70000000000000000000000000000000000063
:101D80000000000000000000000000000000000053
:101D90000000000000000000000000000000000043
:041DA000000000003F
:101DA400110000009A23000004000000102300002A
:101DB40003000000A4210000100000002A210000FC
:101DC40006000000E82000001700000020220000A8
:101DD40001000000C21E0000050000005C1F00009E
:101DE4000F000000C81F0000020000005020000087
:101DF40000000000000000000000000000000000DF
:101E040000000000000000000000000000000000CE
:101E140000000000000000000000000000000000BE
:101E240004001400280050007800C800900100004D
:101E340000000C000100000098100200690000007E
:101E44000000190001000000C00C0200670000003F
:101E54000000256901000000341602006A00000039
:101E64000000250001000000341602006500000097
:101E74000000320001000000A81002006800000009
:101E840000003E0001000000D00C020066000000CB
:101E940001643E000000000034160200000000004F
:101EA40000000C00010000006C100200690000003A
:101EB40000640C0000000000341602000000000062
:101EC4000000190001000000C00C020067000000BF
:101ED4000064190000000000341602000000000035
:101EE40000003200010000007C10020054000000D9
:101EF40001003E0001000000F80C02005300000045
:101F040001003220010000000C0202006500000004
:101F1400000F0C0001000000B00D02007900000069
:101F24000002190002000000341602004D000000F7
:101F3400000219280100000034160200800000008D
:101F44000002320000000000DC0D0200000000006E
:101F540001023E00020000003416020046000000A8
:101F64000102250002000000040E02003B000000F4
:101F7400000F0C0001000000840C02007600000039
:101F84000002190000000000740D020000000000AF
:101F94000002250000000000900D02000000000077
:101FA4000002320002000000340D02005100000063
:101FB40001023E0002000000440D02005200000035
:101FC400000F0C0001000000B00D020079000000B9
:101FD4000002190002000000C80D020057000000B2
:101FE4000102250002000000D40D02005800000088
:101FF400000F0C00010000000C0F02006F00000035
:102004000002190000000000481002000000000057
:1020140000022500020000003416020048000000FF
:102024000002320001000000200C02004700000002
:1020340001023E00010000003416020056000000B8
:10204400000F0C00010000000C0F020070000000E3
:102054000002190000000000181002000000000037
:102064000002251E020000002810020031000000BA
:10207400006425000100000034160200480000003E
:102084000002321E02000000301002003300000083
:102094000064320001000000341602004800000011
:1020A40000643E00010000003416020048000000F5
:1020B40001023E1E020000003C100200320000003B
:1020C400000F0C00010000000C0F02007100000062
:1020D4000002190000000000E80F020000000000E8
:1020E40000642500010000003416020048000000CE
:1020F4000002251E02000000C00C02003400000093
:1021040000643200010000003416020048000000A0
:102114000002321E02000000D00C02003500000054
:1021240000023E0E020000000C1002004E000000EF
:1021340001783E0001000000341602006B0000002C
:10214400000F0C00010000000C0F020074000000DE
:102154000002190002000000900F02005B00000062
:102164000002250002000000A80F02003600000053
:102174000002320002000000BC0F02005A000000FE
:1021840001023E0002000000D40F020059000000CA
:10219400000F0C00010000000C0F0200750000008D
:1021A4000002190002000000280F02005500000080
:1021B4000002250002000000400F02004A00000057
:1021C40000023200020000005C0F02004B0000001D
:1021D40001023E0002000000740F02000F00000024
:1021E400000F0C0001000000840C020072000000CB
:1021F4000002190000000000F010020000000000BE
:10220400000225000000000014110200000000007C
:1022140001023E0002000000341602001D0000000E
:10222400000F0C0001000000840C02006D0000008F
:102234000002190002000000FC1302000800000064
:102244000002250002000000181402001100000022
:1022540000023200020000003814020007000000EF
:1022640000023E0A020000004C1402000E000000AE
:1022740001783E0000000000681402000000000025
:102284000100000090000020030002001600160068
:1022940000000000020000007407020001000300B7
:1022A400000000000000010003000000B407020069
:1022B400020001000000000004000100040000000E
:1022C40080040020000000001500050000800300C9
:1022D40005000000100902000000000004000600D0
:1022E4000080030006000000200A02000000000035
:1022F40005000700008003000700000084060200B8
:102304000000000006000800008003000800000030
:1023140050020020000000000700090000800300B4
:1023240009000000A00200200000000008000A00CC
:10233400008003000A0000002003002000000000C9
:1023440009000B00008003000B000000A003002024
:10235400000000000A000C00008003000C000000D4
:10236400F0030020000000000B000D0000800300BB
:102374000D000000D0010020000000000C000E0041
:10238400008003000E000000E405020000000000CD
:102394000D000F00008003000F000000340602004F
:1023A400000000000E001000008003001000000078
:1023B40070010020000000000F00110000800300E5
:1023C400110000004404020000000000100012008C
:1023D4000080030012000000A404020000000000BA
:1023E4001100130000800300130000000405020024
:1023F400000000001200140000800300140000001C
:1024040064050200000000001300150000800300B2
:102414001500000040040020000000001400040027
:102424000080030016000000C00802000000000045
:10243400010001000000030001000000D4060200B6
:10244400030002000B000B0000000000020000006B
:102454003407020001000300000000000C810100A9
:1024640003000000B40702000200010000000000A5
:1024740004000100040000008004002000000000AB
:102484000F00050000800300050000001009020091
:1024940000000000040006000080030006000000A5
:1024A400600902000000000005000700008003002E
:1024B40007000000B0090200000000000600080048
:1024C4000080030008000000200A02000000000051
:1024D400070009000080030009000000700A0200E0
:1024E4000000000008000A00008003000A00000049
:1024F400C00A02000000000009000D000080030073
:102504000B000000040802000000000001000100AC
:10251400000003000C00000054080200000000004A
:1025240000840083000002000D000000100B020074
:10253400000000000A000E00008003000E000000EE
:10254400600B0200000000000D000F00008003007B
:102554000F00000040040020000000000E000400F2
:1025640000800300000000000000000000000000E4
:102574000000000000000000000000000000000057
:102584000102030406070809000000000102030415
:102594000102030406070809080002401C00024067
:1025A4003000024044000240580002406C000240E7
:1025B40080000240080402401C040240300402402F
:1025C40044040240580402406C0402408004024067
:1025D4000030014000380040003C00400038014019
:1025E4000044004000480040004C0040000000004F
:1025F400581B0200781B0200381B02000000000078
:1026040000000000000000000000000000000000C6
:1026140000000000000000000000000000000000B6
:1026240000000000000000000000000000000000A6
:102634000000000000000000000000000000000096
:102644000000000000000000000000004300000043
:102654000000000000000000000000000000000076
:102664000000000000000000000000004300000023
:102674000000000000000000000000000000000056
:102684000000000000000000000000004300000003
:102694000000000000000000000000000000000036
:1026A40000000000000000000000000043000000E3
:1026B4000000000000000000000000000000000016
:1026C40000000000000000000000000043000000C3
:1026D40000000000000000000000000000000000F6
:1026E40000000000000000000000000043000000A3
:1026F40000000000000000000000000000000000D6
:102704000000000000000000000000004300000082
:1027140000000000000000000000000000000000B5
:10272400000000000000000000000000A8D4010028
:1027340022D4010000000000A01C0200D8FF010008
:102744003416020034160200341602003416020055
:102754003416020034160200341602003416020045
:1027640034160200FFFFFFFFFFFFFFFFFFFFFFFF25
:10277400FFFF0000010041534349490000000000ED
:102784000000000000000000000000000000000045
:1027940000000000000041534349490000000000CC
:1027A4000000000000000000000000000000000025
:1027B4000000000000000000C0A80101C0A8010A38
:1027C400FFFFFF00FFFF0000020000000100000007
:1027D400020506070E0F08000100000001000000BA
:1027E40000A24A04010000000204060832080000A6
:1027F4000000000010000000AAAAAAAA0E0000000F
:10280400D01B012001000000B4DB00200000CDAB90
:1028140068160200781602006E190000001000000D
:102824004C08002015C0FF00153FFF00153EFF00B7
:102834000002040404040406010204006C006D0098
:102844006A006B0070006E0071006F006400660027
:10285400680000003F0047004F00000043004B00A9
:10286400530000000C000D000F00BFFF6400C800FF
:10287400040302012C00020040000200F8FE0100E3
:1028840010FF01002D2D2D2D00000000100011005F
:10289400120000003F0047004F00000043004B00BF
:1028A4005300000018000200240002002F003F0023
:1028B40047004F00330043004B0053007C008C0062
:1028C4009C000000740084009400000070008000EC
:1028D40090000000030405007800880098000000C0
:1028E40010001100120000000024014000280140E3
:1028F4000054004000580040010204081000000089
:1029040000800120FFFFFFFFFFFF00000000000028
:102914000000000000000000FFFFFFFF03060C188A
:08292400306078004C0800202F
:00000001FF
